Word,splutter,deflate,stream,crimp,floured,punch,devein,select,sterilize,overmix,invert,pressure,thread,scramble,knead,steep,absorbed,rise,smoking,marinate,frost,foam,crockpot,caramelize,refrigerate,grease,evaporated,overcook,massage,charred,evaporate,condensed,griddle,presentation,dredge,barbecue,curdle,dollop,scorching,tilt,muddle,deglaze,freezing,parboil,baste,scrub,defrost,rising,preheat,roux,store,tie,slit,distribute,bubbling,blanch,flavoring,pierce,decorate,insert,broil,unmold,grate,prick,dressing,shred,ice,flatten,sizzle,sear,caramelized,unroll,sweeten,flake,tuck,stop,settle,moisten,rotate,crumble,snap,skim,soak,sieve,stretch,drip,sweat,handle,submerge,spray,flip,immerse,powdered,sift,shake,wilt,scrape,smoke,marinade,dissolve,toast,squeeze,grind,blitz,bubble,slash,blot,style,trim,twist,whip,carve,divide,meld,swirl,thicken,garnish,,thaw,braise,uncover,process,bake,rinse,repeat,scatter,square,char,uncovered,whirl,seal,wipe,assemble,wash,strain,pop,strip,brush,smear,poach,ladle,seasoning,poke,dress,burn,reduce,dust,stack,reheat,dripping,transfer,soften,drizzle,arrange,measure,fold,beat,simmer,saute,mould,shape,stirring,raise,tear,pick,stand,scoop,stuff,smash,sort,clean,prepare,squash,mash,dash,crush,drain,splash,glaze,break,chill,drop,test,dice,lard,unwrap,slather,rub,moist,scald,pat,steam,split,pack,mound,replace,foil,roast,unfold,yield,smooth,press,puree,roll,sprout,serve,skin,whisk,melt,hold,check,wrap,boil,reserve,pull,fill,start,sprinkle,spread,move,minced,cream,combine,dump,peel,coat,dip,throw,fry,season,zest,mince,push,chop,separate,butter,slice,wet,sit,save,wait,wok,open,stew,blend,touch,cool,toss,cut,taste,rest,pre-heat,cover,stir-fry,pan-fry,turn,remove,dry,warm,pour,note,top,heat,cook,place,stir,take,put,mix,set,add
splutter,0.99999994,0.29313934,0.10283471,0.19756821,0.21836385,0.26721925,-0.05701895,0.06782402,0.056128047,0.12358439,0.14881995,0.40590858,0.12820856,0.25625354,0.17658523,0.17041373,0.17943156,0.25115114,0.38066375,0.25293997,0.20022167,0.27944985,0.3453211,0.2745298,0.2549267,0.13286787,0.13548993,0.3987767,0.21106818,0.32046866,0.22244158,0.06561568,0.28352147,0.22195373,0.2693779,0.38930607,0.2901085,0.2374458,0.46726364,0.22509414,0.24881089,0.34186316,0.1802865,0.4749171,0.38523254,0.15434411,0.14246139,0.26367196,0.27631587,0.19766699,0.093348116,0.29010922,0.028546229,0.23880893,0.5881163,0.38347647,0.18724462,0.2653241,0.20143518,0.2475997,0.38529503,0.32925108,0.19342703,0.3275113,0.17389624,0.012264719,0.12179281,0.21810447,0.7394246,0.2885204,0.24423486,0.27957195,0.08564883,0.118976526,0.18476382,0.31441718,0.08725847,0.222131,0.41313422,0.11494426,0.19661191,0.23265532,0.022495719,0.16216779,0.14150283,0.21717697,0.4814821,0.28386092,0.1724636,0.11682989,0.38382113,0.14980544,0.14583394,0.18490115,0.1868093,0.28385833,0.028842214,0.26815706,0.22264963,0.13627324,0.15310726,0.13520326,0.04784009,0.17334646,0.41796154,0.041638356,0.15798195,0.19408707,0.10175127,0.11088738,0.3811285,0.23238483,0.025362615,0.07055596,0.09100602,0.26852033,0.15917937,0.09261287,0.15701646,0.4558884,0.49210593,0.28592187,0.38868648,0.10300034,0.053122208,0.02401687,0.07352861,0.24804872,0.48071927,0.13150375,0.15730484,0.09879905,0.23600027,0.026735459,0.11497839,0.30342847,0.00065740244,0.08100633,0.046958804,0.4341992,0.18944892,0.11520736,0.16594014,0.09547211,0.45935482,0.1828163,0.1639858,0.087939374,0.34384125,0.47940326,0.1656449,0.13540545,0.20879179,0.19194266,0.038080446,0.21284807,0.346107,0.5440903,0.4874499,0.25618783,0.045394175,0.28492504,0.18134192,-0.015419512,0.10860857,0.0034421645,0.13401914,0.11657807,0.1912235,0.11586328,0.023218462,0.25875735,0.22591683,0.21778217,0.02392662,0.1994357,0.26123378,0.26219764,0.12248926,0.1646527,0.13132147,0.24557811,0.2842681,0.045912556,0.32370692,0.17994842,0.063516274,0.2731372,0.0921899,0.2966817,0.13342813,0.3364206,-0.07498262,0.17174515,0.24130839,0.03214889,0.32999846,0.47390574,0.085506365,0.08584644,0.20689407,0.0996746,0.139509,0.18990009,0.17562562,0.1956679,0.2102505,0.33762527,0.326291,0.16712168,0.28735453,0.19091131,0.52887017,0.07438856,0.06132315,0.1148722,0.4416235,0.2570861,0.061559025,0.106211215,0.094391994,0.22889712,0.110959485,0.17253065,0.109715715,0.106548995,0.20444484,0.12762448,0.44264776,0.13794047,0.21628517,0.07950351,0.16076611,0.066082954,0.064322166,0.22674292,0.18285692,0.1934064,0.01826103,0.03120217,0.06601019,0.27538157,0.17729202,0.42749968,0.08994625,0.11242515,0.18283069,0.13146262,0.09892905,0.14849904,0.32555866,0.3098543,0.1712879,0.41775352,0.3933622,-0.008381985,-0.019259572,0.22936657,0.3618573,0.120635554,0.002925504,0.024806328,0.42647156,0.28393266,0.14227255,0.20090622,0.056831665,0.23118383,0.14141342,0.08966397,0.08000121
deflate,0.29313934,1.0,0.21358424,0.37475127,0.1618085,0.5913646,0.046144493,-0.006629673,0.019194188,0.11876649,0.2571801,0.39071584,0.14488584,0.09247432,0.37792084,0.193039,0.23278394,0.5304531,0.16134158,0.09267181,0.12895165,0.3365065,0.09317943,0.07913126,0.41373137,0.037659056,0.24890587,0.11346107,0.16064854,0.186326,0.2898727,0.23510134,0.07501662,0.065818384,0.03950031,0.1669958,0.25895515,0.15365806,0.101455,0.24901599,0.28625885,0.25066912,0.27314728,0.1147344,0.08363585,0.05226437,0.2982179,0.5446832,0.07094376,0.14953466,0.0785972,0.20161623,0.13003425,0.16148369,0.42742842,0.17766564,0.032030575,0.19239447,0.105456606,0.20389764,0.13007453,0.47582978,0.3013026,0.3157857,0.027122982,0.21642458,0.15265775,0.3501196,0.19148287,0.21016887,0.10291794,0.3798926,0.0025765216,0.25936925,0.35036778,0.26734582,0.21909049,0.09760763,0.2765829,0.1909077,0.11095488,0.30116904,0.20612559,0.24537584,0.38144213,0.32665655,0.16535623,0.23468658,0.16109416,0.13311458,0.3133884,0.19027719,0.39121366,0.2388787,0.25743294,0.30309743,0.21258321,0.13087252,0.09346631,0.3135407,0.083197385,0.25122035,0.28382224,0.1864186,0.48168358,0.122247204,0.25172865,0.1998205,0.16210905,0.18270233,0.62693,0.062222876,0.13169932,0.13578507,0.23920932,0.22986242,0.017974019,0.00092781335,0.17956525,0.16334397,0.2992833,0.32970977,0.07434648,0.07431872,0.1936565,0.15991414,0.2422525,0.12765838,0.35434335,0.23710625,0.38277757,0.13524461,0.1909537,0.03348849,0.33022726,0.36369997,0.24053255,0.18302423,0.115730666,0.10002163,0.14348164,0.0074904356,0.17607087,-0.019847993,0.13156798,0.24256055,0.095714584,0.28728747,0.19881898,0.28892058,0.25543895,0.2634436,0.146192,0.12686232,0.04285777,0.42097014,0.6001439,0.2056666,0.1574406,0.38077074,0.30693313,0.26739514,0.31513667,0.22722529,0.24220797,0.16111255,0.30457607,0.23029132,0.5011322,0.1414612,0.10358182,0.14303343,0.40037555,0.30593932,0.07158165,0.40166467,0.3304816,0.17893046,-0.009248169,0.24989529,0.08213013,0.30547762,0.06557756,0.07488134,0.16038862,0.31639862,0.051315963,0.088178515,0.123602435,0.12594557,0.3051954,0.110159405,0.0748918,0.2305655,0.45666587,0.20043604,0.11191207,0.08597406,0.4428103,0.15837006,0.31874597,0.2672901,0.15159908,0.36219484,0.13885862,0.08657826,0.47708198,0.5805382,0.46071696,0.16873492,0.029099159,0.23580731,0.16486725,0.20180282,0.41963482,0.14845714,0.21812233,0.21130462,0.07462456,0.23210329,0.16054302,0.23751755,0.20164213,0.20150796,0.29167956,0.15041736,0.2702104,0.24232796,0.1284934,-0.008472006,0.112584434,0.14761737,0.31200385,0.12959203,0.2181541,0.17937264,0.20528047,0.050785143,0.14502893,0.16683564,0.10228914,0.06704086,0.36244652,0.17336628,0.13424665,0.060267635,0.1862464,0.23091346,0.11416004,0.024820475,0.26846737,0.097898304,0.17056446,0.16981284,0.15287808,0.11008039,0.1474771,0.275234,0.18772253,0.2609238,-0.04935409,0.08711837,0.16029441,0.15206942,0.27373487,0.24136035,0.23258156,0.095820844,0.18802215,0.3305284,0.23132163
stream,0.10283471,0.21358424,1.0000001,0.24254626,0.08567685,0.24212545,0.0930316,0.08162439,0.07536754,0.22388285,0.15985116,0.23785654,0.17911571,0.21289065,0.15786338,0.35445565,0.29431766,0.14257242,0.088756986,0.1497956,0.109324425,0.18239605,0.22537561,0.10920479,0.12650841,0.1979298,0.3275259,0.1432139,0.22287989,0.06584857,0.29045123,0.28052878,0.046807077,0.09414085,0.075360276,0.068440355,0.18513352,0.09989622,-0.054615445,0.4962811,0.27539027,0.3288263,0.23545744,0.20913973,0.28511092,0.055436194,0.119768456,0.15685235,0.025677029,0.13917837,0.052958023,0.1724459,0.13494371,0.14261909,0.21297663,0.18399581,0.08602093,0.12769069,0.074608006,0.22366731,0.09028838,0.08410448,0.064573646,0.13754779,0.23155734,0.09201275,0.36036485,0.16802892,0.08198905,0.10361241,0.11222246,0.19515532,0.14280146,0.078845665,0.13787112,0.34468192,0.34898555,0.3679983,0.29178244,0.03096632,0.012039897,0.25963354,0.32657075,0.19813928,0.21446893,0.45936826,0.14854059,0.24969965,0.40660927,0.45836115,0.17227823,0.30100083,0.052922063,0.16316856,0.4057149,0.14902726,0.11386064,0.15389211,0.337206,0.43610594,0.12546363,0.3953329,0.05534974,0.26845986,0.267619,0.09348701,0.24984252,0.098579474,0.07095357,0.23785657,0.34075713,-0.007999667,0.10567187,0.29787144,0.3991028,0.38879532,0.12675813,0.068208694,0.018500127,0.34405637,0.030061983,0.2355698,0.10312876,0.10067611,0.30262598,0.15592974,0.06845958,0.16880265,0.14383665,0.36790925,0.18596987,0.06540881,0.20265982,0.16279927,0.29803205,0.2705541,0.00393292,0.46855313,0.2381172,0.29856986,0.34895808,0.11823134,0.019859463,0.15469244,-0.03538925,0.36949366,0.23278072,0.13587487,0.06856387,0.24974933,0.2618456,0.12545006,0.50782365,0.17291105,0.11008155,0.32274568,0.35335684,0.21552604,0.12521803,0.09584036,0.13989279,0.40789807,0.31339043,0.06797519,0.095724486,0.24180278,0.1610164,0.33585492,0.12777439,0.09643246,0.054435465,0.16276379,0.14506438,0.28162256,0.19026303,0.16626006,0.39083534,0.4175877,0.19441175,0.0870149,0.09710334,0.2921879,0.15781572,0.08460164,0.16068104,0.0187154,0.20042965,0.1794012,0.36670095,0.21916798,0.22205722,0.18571982,0.034203477,0.14176187,0.14188786,0.1427064,0.025038209,0.07343349,0.07772381,0.19054428,0.099322766,0.26963413,0.37033695,0.24206668,0.1515613,0.1421159,0.08166319,0.2913946,0.4406072,0.24209502,0.15813634,0.18118711,0.33846873,0.2224676,0.18799128,0.21484537,0.2028516,0.24087241,0.20866972,0.26376432,0.054508775,0.3572207,0.29423907,0.5094766,0.018906387,0.08448277,0.43407494,0.3826177,0.19577321,0.14694348,0.18824795,0.044962585,0.42553306,0.088653356,0.09753206,0.19073796,0.0844017,0.35687518,0.23985599,0.21467677,0.25991347,0.107326426,0.16296306,0.37298048,0.33133104,0.25798547,0.14229476,0.36612755,0.08899187,0.1277559,0.3112688,0.0198548,0.04862012,0.29017037,0.14930113,0.13494797,0.15479447,0.3128586,0.17967065,0.5369317,0.06263437,0.14016537,0.12204109,0.18583655,0.3431897,0.3789954,0.15954001,0.20507288,0.26825994,0.31258708,0.27809727
crimp,0.19756821,0.37475127,0.24254626,1.0000004,0.20536327,0.59506977,0.076532945,0.026393898,-0.045464415,0.23558626,0.15519574,0.4185452,0.1755206,0.13379684,0.51747453,0.060543347,0.046790913,0.48917472,0.119156666,0.111973524,0.2886622,0.1181624,0.17828381,0.16442287,0.31838152,0.19896084,0.0365396,0.14880228,0.26614854,0.0766513,0.07865086,0.11933648,0.20680675,0.25737926,0.21639453,0.15873343,0.2008434,0.27968428,0.045986533,0.25642914,0.25194132,0.2366623,0.078183204,0.07655269,0.14172333,0.081782594,0.094656646,0.4365389,0.08387103,0.15442601,0.060502805,0.33679122,0.38516945,0.24885042,0.1380741,0.047110967,0.07497517,0.31434852,0.1494247,0.1580757,0.037983187,0.36220676,0.4430275,0.25740457,0.03737495,0.3904388,0.10513198,0.5242379,0.13842502,0.25618207,0.136841,0.5066895,0.0699172,0.27329195,0.62275517,0.24583113,0.12070365,0.1487847,0.2840868,0.27803683,0.20731464,0.14780237,0.027019171,0.07673096,0.6059986,0.16579516,0.24058159,0.26939848,0.13284509,0.17138273,0.2726766,0.07778695,0.24232025,0.20919459,0.20345485,0.36078113,0.17000839,0.09369056,0.13742831,0.1825227,0.14552304,0.17458612,0.07669934,0.15468158,0.16353197,0.21638134,0.094935045,0.30873686,0.19791317,0.2818852,0.28739655,0.20266525,0.20599325,0.16351832,0.27091116,0.17303096,0.30407983,0.0134674385,0.021991625,0.18741563,0.15531445,0.42758837,0.101366684,0.09743394,0.048618436,0.37238088,0.46594065,0.108195215,0.098697975,0.19562805,0.16712424,0.10656134,0.17123628,-0.0055548176,0.05723688,0.16222298,0.18580331,0.1988303,0.29852533,0.18990445,0.25650367,0.05934851,0.27670622,0.06845318,0.086588144,0.11464388,0.1933262,0.32838988,0.106033094,0.11163095,0.1775857,0.42656398,0.22918698,0.11753195,0.066078834,0.14325021,0.37945247,0.15906698,0.10828771,0.47526956,0.35209322,0.20733881,0.27544308,0.29264167,0.1709398,0.081891954,0.26863584,0.17708266,0.45601332,0.044779785,-0.028879384,0.11324069,0.5398286,0.26713836,0.04373674,0.4447099,0.18281484,0.13128102,0.16455966,0.22654428,0.019632477,0.27618623,0.12760483,0.18289217,0.32270166,0.20834267,0.17084372,0.22737086,0.11704676,0.107761845,0.38583952,0.04022256,0.13263004,0.19028792,0.42630005,0.08620503,0.21840644,0.08254133,0.40215194,0.052960522,0.43733233,0.30215755,0.15921396,0.5314436,0.13223664,0.083357334,0.4881492,0.28855503,0.43536717,0.09986727,0.1386694,0.2909313,0.12400908,0.13393563,0.4747835,0.042930186,0.16615377,0.244394,0.22192663,0.15562347,0.20410353,0.16846222,0.13623083,0.15824623,0.3877285,0.18087849,0.20317672,0.13359159,0.11732952,0.05609777,0.15050514,0.24409716,0.27529994,0.1838256,0.19058256,0.23927286,0.30448383,0.06360766,0.07015033,0.082453325,0.12201823,0.18086225,0.17097555,0.21617395,0.12923476,0.1944722,0.10990097,0.18284553,0.2575057,0.04282613,0.25127232,0.07810386,0.10236701,0.10798451,0.11746861,0.08178193,-0.0049735713,0.14740628,0.21913084,0.11026322,-0.00051516853,0.21356931,0.17904961,0.10426153,0.22198085,0.21558383,0.070747115,0.0993624,0.15074104,0.29590765,0.072313525
floured,0.21836385,0.1618085,0.08567685,0.20536327,0.99999976,0.19819601,-0.034946032,0.14095296,0.1370687,0.34284803,0.027150309,0.026610827,0.14120732,0.19036359,0.2643469,0.037464812,0.22135681,0.16697419,0.1391994,0.047448006,0.4037113,0.15972728,-0.023518402,0.17030358,0.096134275,0.34076494,0.090674326,0.06906902,0.20978609,0.13676126,0.16218978,0.12549455,0.19531533,0.23109856,0.5619107,0.11320433,0.091695234,0.19753048,0.10914519,0.16042069,0.12807192,0.3556766,0.08637346,0.15363996,0.25574964,0.25690916,0.06677079,0.19120051,0.12916674,0.4704556,0.1319712,0.18501844,0.031815145,0.19775146,0.16542552,0.18341443,0.14102161,0.181066,0.18233682,0.23076648,0.0673223,0.1399462,0.14883992,0.24268526,0.12546678,0.093579575,0.06441512,0.030783596,0.12022898,0.21160656,0.2117489,0.092269875,0.07829562,0.12180793,0.081117645,0.1288924,0.11298861,0.29055995,0.13682392,0.22458169,0.17544845,0.19735424,0.16097914,0.3631528,0.17098169,0.14093411,0.19642901,0.2510584,0.21105935,0.29130024,0.09649989,0.25749612,0.41109478,0.25685826,0.24595813,0.061848555,0.24587108,0.06830594,0.10538028,0.18756436,0.08145978,-0.05684302,0.19970071,0.12209575,0.14045444,0.024269093,0.25975856,0.11345763,0.14657739,0.08345323,0.12122976,0.06069743,0.06857572,0.058599576,0.16467674,0.20089985,0.24378797,0.11139845,0.0032798573,0.13784759,0.27634412,0.120065734,0.119880125,0.33037388,-0.01095912,0.26759464,-0.031000884,0.14710444,0.27748284,0.17783958,0.21379784,0.30236062,0.14234063,0.23940215,0.24899638,-0.02930811,0.16977358,0.29299647,0.26635236,0.15105902,0.13343701,0.13028833,0.16725987,0.12956303,0.200162,0.19735476,0.5777254,0.1376717,0.076047756,0.13916595,0.07391816,0.031920027,0.2629224,0.10114597,0.10274482,0.28763226,0.31600899,0.1490642,0.12106436,0.007919304,-0.024899375,0.41005382,0.24392429,0.0902234,0.14525664,-0.023625597,0.11333505,0.1806764,-0.018211266,0.13053626,0.20826112,0.1661134,0.0085505145,0.12956755,0.095462985,0.077220865,0.17243399,0.38153327,0.39439607,0.14223962,0.07523176,0.3167597,0.09531228,0.04318453,0.14370891,0.22622769,0.37423313,0.28334552,0.14200978,0.101930246,0.08947444,0.07972928,-0.0013588192,0.14380391,0.10837986,0.13733882,0.2300744,0.10881135,0.019133644,0.0107800905,0.15059744,0.23660243,0.26506314,0.13500264,0.11981748,0.11491139,0.15833022,0.1455944,0.08099495,0.108954094,0.10660668,0.24334425,0.07402504,0.14524958,0.14067121,0.17475682,0.12515081,0.425904,0.34230727,0.079761244,0.189127,0.22210553,0.27078927,0.15649094,0.095473744,0.35209,0.29641712,0.18914759,0.06537033,0.10160424,0.08647118,0.15279648,0.06402614,0.15450186,0.14383781,0.28846473,0.123616904,0.23646177,-0.022739056,0.108462825,-0.016984701,0.12596254,0.1756819,0.14807245,0.22217816,0.15676305,0.06853013,0.27207178,0.11463116,0.11858052,0.12890159,0.12071205,0.17677954,0.17565164,0.06435678,-0.05892367,0.101829596,0.2712979,0.13758527,0.13557814,-0.01966327,0.23477209,0.028949078,0.11310272,0.19324699,0.37539646,0.17094366,0.16648555,0.2894579,-0.005454735,0.22486505
punch,0.26721925,0.5913646,0.24212545,0.59506977,0.19819601,1.0000001,0.052769564,-0.027738106,0.015030139,0.33896354,0.22234748,0.42195803,0.06487265,0.119815305,0.5948143,0.09494062,0.14198068,0.6099775,0.07748695,0.050317183,0.1774232,0.20759833,0.13124853,0.09858007,0.37945932,0.07890388,0.13041903,0.13291128,0.1966875,0.051041562,0.18933988,0.20512572,0.113120414,0.05048111,0.097578876,0.08884654,0.19311632,0.1804784,0.038838834,0.30044767,0.2410107,0.1740697,0.14614202,0.09003952,0.052754797,0.08505435,0.21638769,0.6166315,0.057325844,0.15970969,0.008438443,0.24144088,0.15326291,0.098142736,0.21015966,0.06470597,-0.0061974246,0.14365096,0.10148659,0.1409921,0.11375828,0.41827095,0.3761531,0.24261168,-0.0660414,0.31240937,0.15642393,0.5001724,0.20588367,0.18022901,0.09012411,0.51187605,0.067336455,0.19431487,0.412852,0.22634193,0.17511258,0.16806446,0.36648387,0.18055913,0.15919618,0.2726873,0.07740007,0.18526761,0.6513238,0.2651425,0.21736942,0.29514527,0.15746292,0.09701786,0.31878728,0.15231125,0.36660254,0.20875353,0.26291323,0.36161923,0.16027227,0.047436055,0.034451887,0.21647936,0.08654392,0.25403678,0.15147571,0.1938667,0.27894977,0.12962599,0.1764507,0.18744782,0.07274378,0.26071206,0.55889034,0.058777556,0.061172582,0.06983778,0.2402035,0.26133895,0.06816556,0.07373801,0.15570721,0.17147857,0.20406312,0.4480436,0.079843454,0.11722896,0.14876607,0.17962927,0.3134443,0.023647806,0.25721255,0.24388812,0.2256198,0.1235355,0.10294513,0.0459109,0.16955487,0.15867132,0.12050263,0.16429803,0.1769251,0.1424139,0.19096333,0.0065250816,0.16677222,-0.04575064,0.0627638,0.19856486,0.088728346,0.31829163,0.1205274,0.20507428,0.23169339,0.38554657,0.14861137,0.12103664,0.059147578,0.27792203,0.56813157,0.17917454,0.14088854,0.41517127,0.3095482,0.20820445,0.51998323,0.18138227,0.21441261,0.17651847,0.27258077,0.15419236,0.5146313,0.01702336,0.12248868,0.12068662,0.5276772,0.29811156,0.037200086,0.45274353,0.23917079,0.15052038,-8.972362e-06,0.13293204,0.0006353976,0.31872514,0.10611358,0.07716011,0.26243168,0.24730545,0.051355366,0.12560555,0.14526382,0.08575601,0.42921817,0.004635862,0.026491147,0.18544543,0.53502977,0.16464779,0.14622006,0.120486885,0.41986752,0.1244377,0.3675882,0.34031695,0.17510587,0.61557686,0.15825087,-0.0016664248,0.4331246,0.53194785,0.4581198,0.11959031,0.08428437,0.16686252,0.17802164,0.12821195,0.4127699,0.031161722,0.21276297,0.20896822,0.04001993,0.21617034,0.1447822,0.23497628,0.1317192,0.21245266,0.29355597,0.06653318,0.21659347,0.20195833,0.13208976,0.014155869,0.011505108,0.19320223,0.35267362,0.080505796,0.11421555,0.1887986,0.20845002,0.076611206,0.14867055,0.045337316,0.13969357,0.13402241,0.23365383,0.18465337,0.11767261,0.16595027,0.11454101,0.22567886,0.115272865,0.05380315,0.2912366,0.063514344,0.061891556,0.13483243,0.10856609,0.17961451,0.07928212,0.24148795,0.16644396,0.19191673,0.007922456,0.083058655,0.14834206,0.14740248,0.25698608,0.21177945,0.1466695,0.10129955,0.12961347,0.34217507,0.10522301
devein,-0.05701895,0.046144493,0.0930316,0.076532945,-0.034946032,0.052769564,0.9999999,0.09821628,0.25058877,-0.00022676587,0.085123755,0.04536297,0.07273031,0.065171555,0.01841088,0.20746124,0.33924657,0.011440843,0.17541364,0.22175182,-0.107543044,0.033209704,0.018670477,-0.01722188,0.039782308,0.040893838,0.21062699,0.06827183,0.13540481,0.09806576,0.1764043,0.27124563,0.059547655,0.08149587,-0.0232572,0.08040881,0.11583622,0.034923077,-0.015483381,0.14584704,0.10787961,0.083316,-0.03742621,0.09390387,0.019080093,0.24549496,0.20886374,0.00039673736,0.016471546,0.041682567,0.08924253,0.086774826,0.15096593,0.0099485535,0.076912194,0.021298075,0.12130806,0.27929264,0.0987225,0.13502708,0.013874771,0.21978647,0.11147457,0.21697888,0.05764754,0.09628179,0.05693362,0.029490639,0.012851903,0.0101789655,0.04075789,0.12030923,0.0920672,0.048681933,0.024242483,0.11206193,0.10664831,0.085402355,0.05613051,0.10085202,0.1325512,0.31005707,0.21786869,0.13389327,0.02178114,0.22491412,0.09964128,0.18545881,0.032271262,-0.00083789043,0.043486618,0.18561718,0.05101738,0.29988146,0.09298739,-0.03971054,0.27578652,0.09073947,0.09391839,0.07943857,0.092074245,0.2656163,0.0676676,0.109019026,0.1314511,0.094232276,0.25767258,0.008249188,0.327854,-0.0004613651,0.02218204,0.20079255,0.077978835,0.08910243,0.002255205,0.13538896,0.038684197,0.020674605,0.16226399,0.0676975,0.09980468,0.12047005,0.013035562,0.2906394,0.07885819,-0.053107288,0.016505556,0.10921256,0.009045122,-0.040657908,0.007218402,0.25844204,0.06536601,0.30478585,0.22497942,-0.12460181,0.22465575,0.027489893,0.0053173713,0.0069869515,0.06909576,0.10320397,0.24383892,0.09380215,0.012141914,0.17204185,0.06062909,-0.025824074,0.113807075,0.20017244,0.12840728,0.09432997,0.14957646,0.004047566,0.061333988,0.03751888,0.002616253,0.06963807,0.017284807,0.07303453,0.0022199778,0.030163417,-0.02258757,0.080436125,0.20955981,0.008532496,0.063262895,0.06716621,0.044057775,0.04399562,0.2765058,0.028264502,0.10380384,0.1709021,-0.04104782,0.093476005,0.3301644,0.04345396,-0.0668898,0.15643282,0.047425088,0.07171218,0.10684973,0.093639605,0.2031098,0.21781287,-0.03765758,0.10774194,0.17404634,0.077385455,0.09840071,-0.051425543,0.10485175,0.0858864,0.096060365,0.15198012,0.037290715,0.052578244,0.007239448,0.041029617,0.008923229,0.08371022,0.12419225,0.00337141,0.066447124,0.113596365,0.103323154,0.051610358,-0.000979282,0.060284622,0.14990604,0.013057902,-0.00078439526,0.11903232,0.2702943,0.079153396,0.09488118,-0.089094795,-0.058228936,0.108680636,0.1635525,0.08523959,0.09910835,0.14839032,0.24107763,-0.0672985,0.06092454,0.054093316,0.044041123,0.11878286,0.17837672,0.17387997,0.082808286,0.09323285,0.1896778,0.039729767,0.13843617,0.062359646,-0.03499988,0.120056,0.0067059537,-0.012572931,0.1037437,0.06488536,0.082560055,0.1184873,0.03520411,0.08426287,0.13046142,0.13393164,0.07913594,0.0084433295,-0.14832632,0.0128849475,0.033126514,-0.019438151,0.34040368,0.20435226,0.08209121,0.16577059,-0.012041205,0.00054705143,0.010613561,0.121605605,0.04903131,0.03948359,0.31000054,0.07145554,0.014525127,0.0015132539,0.078850515
select,0.06782402,-0.006629673,0.08162439,0.026393898,0.14095296,-0.027738106,0.09821628,1.0000001,0.13156736,0.24917492,0.29741916,0.0652382,0.2766167,0.118775204,0.20477392,0.2795662,0.13154791,-0.008385626,0.23994726,0.18009953,0.22046769,0.12035963,0.052569464,0.14553913,0.09254715,0.15133259,0.11484423,0.17755902,0.4358185,0.14963879,0.13804957,0.13602662,0.12120088,0.23772506,0.1590429,0.11887435,0.099810585,0.21765155,0.0889229,0.031695902,0.40370053,0.15936045,0.14457676,0.11802806,0.18308693,0.0760567,0.15521137,-0.02104582,0.16909707,0.2505292,0.17760822,0.28879085,0.116775595,0.24297562,0.06282647,0.21026596,0.3679033,0.22481123,0.23843066,0.36173368,0.09405507,0.15521972,0.10185082,0.079197705,0.28795493,0.20847657,0.13623305,0.0797182,0.01341573,-0.0151856,0.21252733,0.19051461,0.19102645,0.24886677,-0.04463736,0.11326586,0.3718372,0.09953436,0.24722865,0.1904974,0.20441976,0.120687634,0.22283769,0.37712562,0.016381102,0.11426653,0.1521549,0.4300226,0.15229456,0.15862146,0.16685663,0.08666532,0.033924706,0.35975283,0.39911848,-0.022829397,0.116012245,0.22747314,0.2723576,0.050440982,0.23267409,0.16850618,0.23922068,0.23969755,0.062419247,0.13211752,0.06906959,0.25684214,0.41526425,0.22397041,0.08826724,0.28746462,0.3186978,0.32278192,0.08515969,0.19565384,0.13716432,0.001193562,0.08011465,0.14648429,0.16732751,0.30406803,0.070993476,0.092472225,0.1096187,0.10078881,-0.011223973,0.1882549,0.090603486,0.055451393,0.019702246,0.09211658,0.31015414,0.16228043,0.2270786,-0.024179656,0.22104864,0.13950163,0.0973093,0.05615396,0.20286769,0.3378057,0.13367637,0.34591967,0.08988534,0.2064954,0.19485782,0.21494904,0.10737719,0.109478265,0.39486057,0.11103997,0.14463368,0.30923128,0.47237104,0.19385907,0.095733166,0.03293682,0.07287631,0.1596823,0.07669205,0.27560994,0.11133974,0.20804782,0.36825442,-0.016091827,0.116357334,0.33801383,-0.041890703,0.6336458,0.091163166,0.47204334,0.014652438,0.1304552,0.16190632,0.08507936,0.20972803,0.22510016,0.19474828,0.42645252,0.26067916,0.38650823,0.22344509,0.24959056,0.22555472,0.30587074,0.13518418,0.19254166,0.09899281,0.117356434,0.049905445,0.07486989,0.2154151,0.30373052,0.08881774,0.4528184,0.19847596,0.07432112,0.12099065,0.1888803,0.0044160318,0.25844574,0.30750412,0.08066314,0.13887748,0.32506904,0.06412001,0.049558967,0.03848288,0.2067037,0.22766697,0.3235094,0.026674949,0.42352343,0.21602748,0.463879,0.21100338,0.3213952,0.114514664,0.3975736,0.4479277,0.19464889,0.34492877,0.39799923,0.1503853,0.3069077,0.113756545,0.27412692,0.09642271,0.3104569,0.2912441,0.27514994,0.25064713,0.4975024,0.4492507,0.10853362,0.32063597,0.10894975,-0.035981715,0.38033527,0.0850851,0.08766067,0.36508918,0.11149045,0.33954176,0.18653673,0.1517378,0.36258775,0.46212393,0.32627028,0.16801308,0.16761172,0.07993816,0.21190028,0.03790147,0.11017284,0.3808773,0.097747765,0.14161685,0.3303699,0.024365183,0.11402943,0.06964423,0.38169038,0.4092251,0.293234,0.4842796,0.4073329,0.25898683,0.04643829,0.47171515
sterilize,0.056128047,0.019194188,0.07536754,-0.045464415,0.1370687,0.015030139,0.25058877,0.13156736,1.0,0.11106156,0.11771224,0.018044163,0.10286695,0.07875511,0.09431596,0.116939574,0.205843,-0.0007629772,0.11934999,0.06388072,0.026376158,0.09374499,0.006133469,0.103199854,0.18457691,0.048321553,0.20909844,0.0687465,0.12134834,0.16575652,0.24774733,0.21202424,0.055625338,0.014982941,0.13549843,0.07205835,0.17460431,0.066448644,0.17987114,0.014026947,0.1266795,0.19441308,0.2203309,0.04680732,0.06634551,0.46808642,0.14421554,0.0048217243,0.121954605,0.10968557,0.2263409,0.08912824,0.055940486,0.064511396,0.094883084,0.1557567,0.039355572,0.13353407,0.07182673,0.09961185,0.12198689,0.23730671,0.20986426,0.15350358,0.08668628,0.06840963,0.06927804,0.054291043,0.078324914,0.12020616,0.11492546,0.09419063,-0.0073934905,0.09463528,-0.032187954,0.14816424,0.085196115,0.12423321,0.11089441,0.114202015,0.19278456,0.25815228,0.08564173,0.21229601,-0.023730453,0.20431495,0.029868837,0.2205506,0.17512596,0.11966412,0.12698726,0.23814209,0.084007636,0.33564335,0.15316972,-0.057602298,0.37570977,0.046418242,0.06871457,0.057595767,0.059483863,0.14112908,0.123042524,0.19369811,0.13857548,0.024878563,0.25913098,0.022128813,0.2433482,0.06990179,-0.007001506,0.09396444,0.07411724,0.020400245,0.019762494,0.092144966,0.08774176,0.076742694,0.1642642,0.08460453,0.1700809,0.11635774,0.073421,0.4910762,0.07485924,0.01904169,-0.021860737,0.09160902,0.15833902,0.020724613,0.10815467,0.43025273,0.09393129,0.5682205,0.226859,0.014316887,0.16210851,0.15512541,0.0606887,0.05961468,0.19077031,0.044832267,0.1496853,0.11114819,0.1478772,0.19539264,0.14074837,0.013693305,0.107859716,0.08116309,0.088911444,0.0038467273,0.100924,0.094319105,0.122590795,0.12265053,0.06764963,0.14018409,0.057282887,0.08758032,0.013865842,0.1477247,0.055205524,0.07846924,0.16652624,-0.05383153,0.12050082,0.028145228,0.022886673,0.14088675,0.54760635,0.17180492,0.05652956,0.13564846,0.038631517,0.030168837,0.25779837,0.12737083,0.094284564,0.117892966,0.15895571,0.16157651,0.18696995,0.124516025,0.016069937,0.2472598,0.12025415,0.20638213,0.100964166,0.19599593,0.059633322,0.08925235,0.05933,0.15831524,0.050658625,0.14565837,0.13909152,0.08246739,-0.043663353,0.010930285,0.023032894,0.08634332,0.1766752,0.037631486,0.17727694,0.07429055,0.09479935,-0.0057754517,0.021614496,0.20873907,0.2003142,0.22420569,0.086580366,0.18788442,0.121954456,0.07497548,0.14337781,0.0043571163,0.07331596,0.06311772,0.13379495,0.009623017,0.11713243,0.14656317,0.11346966,0.10689309,0.23077954,0.042994488,0.05221524,0.058356334,0.1140384,0.1234414,0.048919108,0.12471486,0.12745108,0.0123154875,0.093736246,0.085161015,-0.011976481,0.18361925,-0.017617118,0.14161979,0.17629904,0.060987726,0.17612556,0.09217027,0.07661036,0.12731487,0.08329213,0.15622187,0.041296646,0.17144617,0.113405496,0.10126278,0.10135943,0.012064988,0.22494051,0.29169518,0.10618205,0.119689375,0.05890543,0.11735346,0.052199215,0.19018903,0.12685658,0.10078905,0.27488148,0.092415795,0.09253559,-0.02053839,0.13113609
overmix,0.12358439,0.11876649,0.22388285,0.23558626,0.34284803,0.33896354,-0.00022676587,0.24917492,0.11106156,0.99999964,0.060491465,0.06744035,0.11912263,0.44143903,0.3980136,0.16349395,0.077649206,0.29163796,0.10943904,0.13155583,0.19668183,0.009855955,0.056003697,0.16848558,0.055817317,0.13137026,0.13144788,0.3937301,0.2695173,0.13647503,0.08272971,0.2193132,0.13124819,0.04340432,0.22500223,0.09113076,0.11683598,0.17665918,0.1065906,0.16564733,0.37555534,0.21280816,0.038090516,0.23517768,0.19345407,0.14748363,0.019407772,0.28810915,0.06028769,0.37476733,-0.010481808,0.18723048,0.094231084,0.23820408,0.02947376,0.14042819,0.21693173,0.13220893,0.19992685,0.25852257,0.18820757,0.12235427,0.2054553,0.0832739,0.18824497,0.15021673,0.21924251,0.19518,0.09487971,0.040738743,0.17760156,0.18857774,0.18800256,0.21502984,0.08322564,0.20921862,0.28666127,0.25122643,0.20406008,0.20314962,0.25443795,0.116706595,0.17855497,0.29882467,0.35401458,0.16678536,0.15454052,0.29831043,0.2655776,0.29411846,0.15766235,0.2552507,0.22461705,0.22853841,0.4282843,0.07738858,0.08975702,0.124667116,0.27122867,0.4690882,0.119209796,0.040034115,0.20489207,0.27559605,0.016415311,0.15941358,0.11668278,0.13002373,0.27231327,0.1836035,0.35536677,0.12433465,0.19641629,0.41094285,0.21811,0.2969665,0.17821833,0.049235284,-0.09347255,0.2205549,0.085808076,0.26746106,0.0977089,0.20878594,0.10538087,0.20318218,0.04929956,0.22130628,0.114522964,0.2889678,0.02422296,0.14043587,0.2766447,0.18601257,0.20019117,0.07882443,0.053512685,0.22142684,0.27247062,0.19656247,0.20316273,0.30195042,0.071783245,0.23159009,0.21140549,0.3097328,0.24480887,0.21206248,0.116404355,0.10032852,0.16214329,0.12275028,0.24559763,0.18706438,0.30150467,0.5162945,0.41227794,0.10589543,0.1757482,0.038995042,-0.00077047944,0.5290146,0.4906866,0.24406901,0.06408256,0.02442623,0.12752321,0.41200098,0.15439466,0.2946975,0.19678034,0.33768097,0.10800977,0.38082635,0.27074027,0.21789747,0.13063234,0.30546612,0.22454405,0.27960986,0.07048665,0.39675367,0.12955639,0.16845104,0.14727196,0.07961501,0.28819853,0.15686166,0.22458473,0.16045393,0.13983059,0.0761548,0.07375707,0.17789197,0.18736535,0.24699312,0.1420955,0.1813299,0.033729136,0.21334615,0.116650835,0.26472774,0.5487045,0.2744497,0.07645408,0.13268219,0.062385023,0.30593312,0.12341968,0.061677463,0.12710783,0.13965715,0.1499436,0.2445052,0.20395839,0.25083244,0.069518045,0.41882437,0.21021271,0.15151887,0.31613824,0.47456867,0.6153388,0.3594844,0.05322982,0.20253678,0.19256283,0.4244569,0.17167833,0.24868882,0.15225267,0.25062302,0.121078074,0.33845657,0.26373678,0.19224255,0.25514725,0.21469703,0.07120375,0.13873646,0.057767324,0.16411081,0.16237715,0.2284642,0.61030304,0.099740155,0.13567328,0.5235712,0.27852392,0.17340457,0.18214335,0.08031024,-0.02440021,0.28388128,0.148763,0.04966078,0.17969118,0.15073264,0.20732334,0.27555662,-0.0010668589,0.13695438,0.17361538,0.18545789,0.21886319,0.57054186,0.14819586,0.21959752,0.6038746,0.10003306,0.4348644
invert,0.14881995,0.2571801,0.15985116,0.15519574,0.027150309,0.22234748,0.085123755,0.29741916,0.11771224,0.060491465,1.0000001,0.2199739,0.30699062,0.12480526,0.2591906,0.17606844,0.24989389,0.119420946,0.21402985,0.11526644,0.16082671,0.13411587,0.12887111,0.09860147,0.29383555,0.031478386,0.097530246,0.11095781,0.25799254,0.053975064,0.22496997,0.047397323,0.23841885,0.34203225,0.106325835,0.24769743,0.0749253,0.27026406,0.15539712,0.34333295,0.33003837,0.078551374,0.29631883,0.13711561,0.21374549,0.14762679,0.3218211,0.10830984,0.14267693,0.10515283,0.2854008,0.23466367,0.10464288,0.24404308,0.18932445,0.21849173,0.13700756,0.1259568,0.29276916,0.36920497,0.14197026,0.43039843,0.17075172,0.14088187,0.17308581,0.063265555,0.19304535,0.14487892,0.033905163,0.011078395,0.13939656,0.41198248,0.14823642,0.08655354,0.13539216,0.31374806,0.37005913,0.12659043,0.59992003,0.057268165,0.049748823,0.14753911,0.10763987,0.1100318,0.1811727,0.21792364,0.115276836,0.4773969,0.23664612,0.05934666,0.64680153,0.11888584,0.027203955,0.10109765,0.40396106,0.039975237,0.04249794,0.13114639,0.124823995,0.05919008,0.10471727,0.21617557,0.07643747,0.07793568,0.15374568,0.057365503,0.11215082,0.36234948,0.12518673,0.38490203,0.14659064,0.21117799,0.16835414,0.14380905,0.21428333,0.18715912,0.11660047,0.0835813,0.2727075,0.15316103,0.3205175,0.3341294,0.10431491,0.053439014,0.20438763,0.1341027,0.16300432,0.071601674,0.2768278,0.23982549,0.19902867,0.06156762,0.255623,0.072212,0.054876663,0.07195977,0.094206765,0.10540079,0.04808485,0.13570324,0.21200275,0.15533412,0.08713389,0.2117691,0.16883382,0.1581244,0.028163418,0.28080755,0.27749726,0.22163573,0.5305633,0.0710289,0.10716079,0.43243587,0.17520277,0.17587985,0.17058392,0.14768767,0.12708172,0.28635216,0.0930041,0.20480008,0.19135797,0.12286465,0.26242137,0.22275952,0.2793281,0.11584886,0.20621498,0.28280962,0.047800727,0.25177157,0.17227182,0.1157406,0.07147634,0.12862927,0.32354495,0.10771356,0.022357842,0.29799122,0.26395848,0.38191533,0.22488077,0.13701674,0.17554122,0.41746995,-0.05808734,0.21732405,0.09021841,0.1288388,0.30322462,0.091081165,0.09710892,0.436834,0.34593898,0.4520278,0.17508455,0.086195245,0.34093952,0.076901,0.047336727,0.23062593,0.09520374,0.18911761,0.18849444,0.34346613,0.13824394,0.13957363,0.14205477,0.39249703,0.15516166,0.3199028,0.14988945,0.32267016,0.1282293,0.35318708,0.42653257,0.2201151,0.046683464,0.4557502,0.17980424,0.108814895,0.10909715,0.23357661,0.15225655,0.102421574,0.20741819,0.25100833,0.100421995,0.16179444,0.147115,0.10098551,0.41076845,0.17248166,0.18122143,0.15501972,0.28614998,0.05816064,0.19832167,0.27351147,0.1507475,0.17161787,0.3958778,0.082728736,0.07351055,0.17868733,0.2124408,0.26261237,0.2157158,0.149355,0.43090463,0.14697969,0.29322156,0.18315253,0.03396374,0.6496327,0.19234943,0.18095276,0.2158223,0.35879144,0.09976222,0.13767561,0.1209205,0.3607906,0.53521866,0.26486692,0.2875287,0.43795168,0.09632933,0.2510064,0.20887569
pressure,0.40590858,0.39071584,0.23785654,0.4185452,0.026610827,0.42195803,0.04536297,0.0652382,0.018044163,0.06744035,0.2199739,0.9999999,0.12506264,0.20648065,0.31870788,0.167283,0.14363942,0.3452202,0.24934864,0.22600625,0.2068677,0.24338199,0.48756284,0.17673631,0.30128482,0.15143529,0.15936941,0.34004807,0.2949636,0.27449048,0.2551929,0.15931912,0.33435822,0.2294531,0.2511912,0.3925724,0.16330977,0.22082606,0.2839609,0.33326045,0.17014495,0.23585795,0.09919013,0.37012044,0.24226364,0.11770477,0.1405002,0.342089,0.24030396,0.15234879,0.030595433,0.36672282,0.12618244,0.19374552,0.43023542,0.24179366,0.07095397,0.23617476,0.15407507,0.18777242,0.35250542,0.3532483,0.27853587,0.3736524,0.07911189,0.19323772,0.19159,0.45997965,0.35440767,0.23194426,0.1976572,0.4535878,0.021267127,0.1582326,0.28575286,0.28287423,0.13843352,0.1279624,0.47712496,0.08576685,0.09787162,0.21909368,0.03648617,0.09357548,0.33983108,0.14644216,0.34134412,0.30855978,0.15110505,0.19158655,0.5028885,0.06539839,0.21237016,0.1553442,0.25348085,0.32602468,0.09338163,0.27979743,0.23442256,0.06600931,0.12885068,0.37636217,0.06780582,0.118987516,0.3554753,0.1372941,0.12168938,0.25295657,0.10285502,0.23518464,0.4181667,0.21748637,0.08137349,0.064637996,0.19568136,0.24677429,0.21083349,0.07123494,0.103475906,0.41050768,0.35711116,0.52386504,0.3923663,0.06619722,0.13705626,0.07140143,0.30407244,0.2572536,0.3170049,0.14105737,0.091339976,0.099289775,0.22952825,0.10400261,0.11752644,0.23487434,0.08282687,0.26938373,0.20134988,0.39096567,0.27679008,0.046805657,0.19036487,0.09125687,0.27554354,0.089882955,0.13010865,0.21456206,0.28196257,0.23690869,0.2651744,0.31527758,0.22433215,0.13002631,0.13960929,0.15441802,0.4686995,0.39363998,0.30625337,0.5330907,0.3407851,0.15792161,0.15637323,0.0758318,0.10046539,0.11168746,0.2398792,0.08477236,0.33427596,0.10887739,0.061314605,0.28392676,0.44710007,0.20791252,0.032530006,0.38251114,0.31827015,0.1853403,0.083994195,0.18465747,0.020323489,0.2077792,0.2914612,0.07364179,0.27317256,0.14585775,0.11790731,0.3099481,0.11248082,0.29130954,0.30512434,0.47743094,0.033404976,0.15812033,0.37451145,0.14722964,0.2558686,0.30460382,0.26677233,0.14737514,0.37495327,0.30076063,0.098049365,0.38583726,0.21402657,0.10130803,0.45825624,0.39297736,0.50032586,0.14181688,0.32549053,0.1823132,0.40688154,0.113454446,0.41266432,0.1153807,0.4585653,0.12508626,0.15238273,0.2464009,0.121050656,0.07807792,0.054329533,0.20284344,0.31293434,0.17973733,0.2125563,0.1311887,0.35974914,0.09930375,0.20359677,0.11254227,0.46204394,0.115579456,0.1627878,0.23340002,0.23669058,0.096934415,0.043242842,0.03448726,0.15065727,0.27144822,0.111532934,0.3934191,0.04331794,0.18063943,0.10555668,0.1580744,0.21074364,0.14367267,0.33068174,0.25206485,0.1242777,0.3750462,0.38758367,0.17402935,0.055867083,0.21895275,0.22792369,0.25327927,0.052354857,0.19298145,0.47663334,0.2730142,0.26030403,0.1670492,0.06573551,0.22263543,0.0802744,0.2369667,0.09741651
thread,0.12820856,0.14488584,0.17911571,0.1755206,0.14120732,0.06487265,0.07273031,0.2766167,0.10286695,0.11912263,0.30699062,0.12506264,0.9999997,0.15855488,0.25511447,0.1652167,0.06391539,0.13221584,0.09715018,0.04851504,0.21122417,0.1121293,0.07046446,0.13391116,0.13035777,0.0707791,0.052030485,0.07647558,0.29014975,0.038166553,0.12735257,0.0094898585,0.20392425,0.3360088,0.037609894,0.067137495,0.19374044,0.19632655,0.057657067,0.2038979,0.37423238,0.22615921,0.1611326,0.09868898,0.1487846,0.09338418,0.11069991,0.11736441,0.0417038,0.23811522,0.06380359,0.4074481,0.19020192,0.3441984,0.13616997,0.21754666,0.16837718,0.22887485,0.24357814,0.33429593,0.05270861,0.19273755,0.26209518,0.14766371,0.27355802,0.41513643,0.17118171,0.16098589,0.13101088,-0.0024366789,0.1344602,0.31403884,0.17902282,0.2836012,0.21059455,0.11018816,0.2914216,0.13192642,0.23338193,0.24510442,0.21254423,0.03148926,0.14954437,0.25532678,0.21132953,0.16382317,0.08578262,0.3213114,0.19503899,0.16695562,0.19090174,0.21433723,0.03320512,0.27865195,0.38081077,0.04102561,0.11066242,0.111312404,0.19688451,0.16835518,0.13151358,0.17010975,0.19188134,0.17789087,0.15515094,0.2694152,0.047051504,0.38615036,0.23730575,0.33151013,0.11812028,0.20743476,0.3364573,0.24037026,0.29143167,0.1909013,0.19060466,0.05627329,0.09355608,0.08716126,0.022990081,0.28983745,0.01671989,0.05054269,0.07005679,0.3297649,0.08263947,0.119906746,0.064983234,0.23695675,0.02488841,0.0876685,0.34863645,-0.0056681484,0.13838875,0.08492868,0.08037537,0.1795384,0.19129583,0.06890965,0.120050415,0.2090388,0.20600682,0.24123196,0.10734,0.1677507,0.22578654,0.30863318,0.11445406,0.13584504,0.35395485,0.11269608,0.28762352,0.4065693,0.23759887,0.18465893,0.13765441,0.13574651,0.08686807,0.21901996,0.16223994,0.34470028,0.14188896,0.31060427,0.21402377,0.048761483,0.15083863,0.28017256,0.21556486,0.395337,0.010505757,0.28439435,0.19250667,0.17057773,0.11761646,0.111407205,0.23041128,0.27200574,0.13418755,0.37549087,0.16718125,0.3330226,0.038293973,0.23568797,0.15351747,0.23117173,0.08061007,0.21261403,0.034999818,0.13789338,0.23899624,0.024485137,0.29394096,0.20564392,0.18471138,0.36596686,0.21850078,0.039892867,0.26391608,0.1012738,0.048905898,0.2964951,0.26112217,0.17483038,0.17028368,0.20478204,0.10338329,0.12784341,0.20283401,0.1377041,0.04160934,0.28989783,0.16490933,0.19440427,0.32253814,0.34126094,0.16424051,0.37143514,0.11227894,0.3474477,0.30929264,0.21107268,0.2784809,0.222151,0.11601476,0.17828701,0.15897284,0.29090425,0.0914823,0.17647709,0.2737043,0.19654043,0.2568671,0.360368,0.32416326,0.20441963,0.31295487,0.04332441,0.031405486,0.13925149,0.11577568,0.12540594,0.19886428,0.10044633,0.26198485,0.16134116,0.17710298,0.34356916,0.34872344,0.087609924,0.20471254,0.01477455,0.050596114,0.20576914,0.052002072,0.15541252,0.13467538,0.09314431,0.11268988,0.29201055,0.09716002,0.18270311,0.096609205,0.2512849,0.44829032,0.38063452,0.185442,0.32749724,0.26138908,0.14053819,0.31012058
scramble,0.25625354,0.09247432,0.21289065,0.13379684,0.19036359,0.119815305,0.065171555,0.118775204,0.07875511,0.44143903,0.12480526,0.20648065,0.15855488,0.9999999,0.13930202,0.081978,0.10959244,0.13951348,0.18407872,0.08389849,0.13824713,0.14479724,0.235131,0.18469323,0.040473577,0.06323096,0.11713587,0.23873112,0.17689458,0.15521502,0.13697314,0.047706854,0.21399765,0.11202289,0.23154104,0.19262254,0.25159204,0.15507792,0.24017502,0.27478313,0.27160656,0.252343,0.03226333,0.3957959,0.26515213,0.18009302,0.03802281,0.14698657,0.30699754,0.29738185,0.008707654,0.17797013,0.028941462,0.29185218,0.32632452,0.27406216,0.109302394,0.11309556,0.104129225,0.23274058,0.3044046,0.087509714,0.096402,0.055010773,0.20058705,-0.04523155,0.34059405,0.06519143,0.20123872,0.08114167,0.15676202,0.17772323,0.033853643,0.0968256,0.029330736,0.17630862,0.1640763,0.19935451,0.2594603,0.0026536528,0.04337403,0.0118838465,0.0869489,0.1376456,0.1814985,0.07279831,0.20870958,0.24828121,0.13858052,0.26044422,0.23388712,0.11181013,0.08860436,0.13791344,0.3506689,0.01315484,0.07550922,0.15725645,0.2075223,0.37842983,0.16333772,0.0035057655,0.08136842,0.17324542,0.23178095,-0.035118993,0.013153918,0.12317374,0.07028031,0.15267077,0.2976876,0.11440798,0.16166332,0.36932215,0.26231486,0.15471725,0.09834882,0.07142462,-0.009679044,0.38670313,0.17907184,0.2633168,0.34385574,0.20378664,0.10311413,0.10054043,0.038109235,0.18837395,0.20658006,0.36611944,-0.033224504,0.105011836,0.27407873,0.15354215,0.14137965,0.060097963,-0.04437184,0.16187012,0.1278832,0.36472282,0.19413961,0.2366905,0.030857258,0.1413888,0.20227678,0.15196674,0.214911,0.14959297,0.28052253,0.07370041,0.19725406,-0.030078994,0.17772466,0.1665326,0.117973745,0.47431147,0.45416263,0.35093552,0.33804828,0.13935712,0.028350042,0.40279603,0.24418199,0.092664585,0.0893583,0.0030873045,0.05897713,0.34577012,0.012811914,0.27485773,0.1097959,0.35672724,0.00075418875,0.24313334,0.14401685,0.07103282,0.15597154,0.2575227,0.113397256,0.24298352,0.08971587,0.23956227,0.16316195,0.093599305,0.16254409,-0.015989253,0.12970154,0.09752191,0.040272288,0.29807597,0.08865167,0.1920309,0.030627636,0.16863492,0.16595829,0.14839302,0.15027848,0.2989092,-0.0041207857,0.116925746,0.04014598,0.08920878,0.43745828,0.19728035,0.1829988,0.17611423,0.033787977,0.28365532,0.17923808,0.08952147,0.26820448,-0.013194995,0.4195314,0.14825378,0.061549127,0.1584919,0.22498785,0.27463594,0.16365574,0.13329187,0.14212722,0.32817942,0.53421485,0.22861055,-0.053320944,0.06667566,0.13447504,0.38515043,0.28531337,0.17776656,0.08635944,0.11389925,0.1607677,0.15310153,0.15530387,0.12094967,0.16458654,0.1367201,-0.0137167685,0.035512842,0.109402195,0.33069378,0.08397493,0.35984212,0.47529054,0.034299307,0.1953345,0.44386572,0.14508387,0.07797678,0.25294665,0.26813993,0.014026071,0.5060425,0.2745515,0.124498144,-0.008795013,0.09033384,0.26722786,0.2116166,0.0052794106,0.061164767,0.33658433,0.25050855,0.1581029,0.47920334,0.02432787,0.18178245,0.5991679,0.028894484,0.3130398
knead,0.17658523,0.37792084,0.15786338,0.51747453,0.2643469,0.5948143,0.01841088,0.20477392,0.09431596,0.3980136,0.2591906,0.31870788,0.25511447,0.13930202,0.99999976,0.054412544,0.1171833,0.5384371,0.058955014,0.041290965,0.21129264,0.16404586,-0.0051462166,0.18086025,0.31234634,0.046281915,0.06339624,0.16934684,0.30470398,0.024057502,0.09786964,0.12960735,0.15481378,0.24464032,0.17642868,0.14249414,0.16612329,0.24681154,0.0558642,0.15777382,0.24965909,0.15786354,0.07156179,0.0811226,0.08426949,0.15157458,0.13228159,0.5172578,0.07807573,0.27660364,0.114458285,0.3299688,0.19775435,0.23600087,0.15323988,0.1128322,0.047743257,0.15993673,0.20990652,0.2697767,0.14083883,0.33582467,0.35296768,0.1344651,0.065825626,0.39910537,0.07817067,0.40313175,0.06431422,0.13118854,0.1507543,0.5764921,0.09063755,0.28634003,0.31904486,0.22766936,0.28573048,0.11718176,0.31601825,0.2674269,0.20327061,0.13505507,0.116748445,0.22776943,0.6162705,0.09360819,0.18020971,0.41089308,0.09993914,0.017893303,0.29556757,0.07848549,0.28607723,0.2198692,0.3816496,0.30831903,0.16166364,0.01538515,0.090635836,0.14360957,0.13639285,0.13371477,0.118579105,0.19413504,0.14666444,0.1934346,0.11761774,0.30769777,0.15068588,0.3032791,0.3342648,0.19124794,0.18592305,0.12124793,0.30056965,0.19843765,0.19082302,0.006377317,0.011307938,0.1275425,0.1777272,0.5399485,0.11141979,0.17667437,0.17086107,0.2281366,0.26813027,0.016601412,0.14887324,0.2670201,0.11227517,0.09253839,0.29125494,0.106621444,0.06708699,0.10123288,0.13991861,0.13800803,0.20136437,0.13425449,0.20533746,0.078868315,0.1199052,0.13838264,0.10034548,0.10740474,0.07577242,0.3122127,0.15952826,0.10911826,0.33249104,0.32301176,0.13678524,0.2924183,0.21813938,0.20434013,0.42218268,0.055421986,0.07874114,0.4398983,0.37013853,0.25463837,0.48132092,0.3035987,0.19112599,0.14662895,0.2308404,0.21551204,0.39028478,0.23858628,0.13018882,0.34399077,0.35138187,0.23363268,0.088844486,0.36622682,0.1895175,0.15407011,0.1165452,0.28898427,0.0040418194,0.37381178,0.18111095,0.19274616,0.2355982,0.30894524,0.06824296,0.18725273,0.12767395,0.06659892,0.39389756,0.04644588,0.1333707,0.27227494,0.4724605,0.27272576,0.24096307,0.090890065,0.4386185,0.13782679,0.28033543,0.4181909,0.20549977,0.6066302,0.2534584,0.13987789,0.35043958,0.37348253,0.32512805,0.20464835,0.16131955,0.3030722,0.10539812,0.25495446,0.4336135,0.20955767,0.22027141,0.27709508,0.109621406,0.29971695,0.2777538,0.2331826,0.23245054,0.28923267,0.30805594,0.15642409,0.20047607,0.23869535,0.106241085,0.06915389,0.11205622,0.21320629,0.29354215,0.28195643,0.24983273,0.15079355,0.3381464,0.07356668,0.15089624,0.17564636,0.10033765,0.109372735,0.27001882,0.15020394,0.20583752,0.25518066,0.0049528405,0.3277257,0.2955116,0.13061269,0.2800833,0.0741146,0.05216761,0.18589187,0.074880175,0.16058074,0.10809927,0.1620798,0.13782,0.23938255,0.039178178,0.16560334,0.13737936,0.2974193,0.33488053,0.28507525,0.2045404,0.23054534,0.22494373,0.28631508,0.27886283
steep,0.17041373,0.193039,0.35445565,0.060543347,0.037464812,0.09494062,0.20746124,0.2795662,0.116939574,0.16349395,0.17606844,0.167283,0.1652167,0.081978,0.054412544,0.99999994,0.34620395,0.07102637,0.47391242,0.48275924,0.09898307,0.23919421,0.071805425,0.30434448,0.27336842,0.09017415,0.33542252,0.27013874,0.4761515,0.36916915,0.31212267,0.28697887,0.032782257,0.109428085,0.080484435,0.05196173,0.27569696,0.1212946,0.08537339,0.15715493,0.45459652,0.34325275,0.35649145,0.29169095,0.4183816,0.050227012,0.25747496,0.0638845,0.09425687,0.17295359,0.15550807,0.18006003,0.09868866,0.064602934,0.29760438,0.30521458,0.5319592,0.33231086,0.16866684,0.3203413,0.14893016,0.2990833,0.08988745,0.23040672,0.35410768,0.117714904,0.3032851,0.10700616,0.19524142,0.16393563,0.3565174,0.14535594,0.37401927,0.1052205,0.01487967,0.1447513,0.32859564,0.2582906,0.1790252,0.071537055,0.19466683,0.28372246,0.35839468,0.3338438,0.017551802,0.3015867,0.18297648,0.29634947,0.3528599,0.2757405,0.1324651,0.3688144,0.13918741,0.3299762,0.33210316,0.1615776,0.060549933,0.3706603,0.5621399,0.3441189,0.41218978,0.41612098,0.15228604,0.28007445,0.26823035,0.09416876,0.22902337,0.091454715,0.2398712,0.09465035,0.23895425,0.15418823,0.10471196,0.4932505,0.046486735,0.3170755,-0.00035950541,-0.011043657,0.17499326,0.24264202,0.22575769,0.26264983,0.0013632239,0.11846043,0.11304093,-0.015407963,0.03181645,0.38656986,0.1805158,0.12285114,0.08892144,0.07570137,0.13260822,0.116280586,0.28335693,0.32493213,0.06870829,0.23859,0.088292465,0.21483222,0.27684847,0.44279948,0.047945343,0.24424994,0.17374055,0.58920634,0.2067736,0.113074124,0.26318964,0.38184214,0.3312286,0.21781692,0.36054382,0.14376199,0.21372455,0.24552074,0.22854552,0.23394494,0.10571666,0.11720401,0.008197828,0.2835546,0.14156078,0.07525062,0.0951642,-0.010744743,0.1452491,0.3061852,0.1496802,0.28475624,0.10691909,0.17758113,0.14810191,0.33528835,0.028101789,0.24048471,0.36386,0.3201751,0.13193381,0.23700415,0.29491344,0.36458808,0.17092125,0.08767076,0.12752184,0.21983725,0.15727583,0.22012514,0.29214954,0.39519793,0.08241081,0.18237627,0.04620769,0.20815773,0.09698379,0.33004355,0.05277489,0.02841427,0.068928756,0.06490619,0.106932685,0.2055206,0.4230752,-0.002814073,0.107118994,0.107569605,0.09735009,0.20686996,0.33973292,0.24796823,0.13951482,0.22612251,0.24953695,0.28918612,0.287653,0.25013387,0.15036443,0.1440014,0.060574956,0.34860647,0.20045611,0.26657996,0.33477318,0.44668546,0.10278127,0.20265353,0.36244196,0.30122864,0.19706288,0.4369285,0.45825142,0.089138925,0.2622366,0.24173558,0.22558352,0.09482597,0.14394358,0.279979,-0.037860535,0.32588178,0.09617941,0.007340667,0.29746053,0.2852448,0.35380715,0.17137283,0.22150181,0.33203086,0.20562916,0.3856621,0.17540263,0.094748706,0.13095506,0.24875428,0.15372378,0.041800093,0.47393745,0.24879497,0.31914064,0.45385993,0.009886291,-0.047537986,0.15360592,0.39625883,0.2259486,0.23374972,0.30556482,0.22746025,0.24907403,0.11442658,0.288289
absorbed,0.17943156,0.23278394,0.29431766,0.046790913,0.22135681,0.14198068,0.33924657,0.13154791,0.205843,0.077649206,0.24989389,0.14363942,0.06391539,0.10959244,0.1171833,0.34620395,1.0,0.037587017,0.18992867,0.28254166,0.086175874,0.1432834,0.09973572,0.20175885,0.24532546,0.12197167,0.4552613,0.18435848,0.21652356,0.14489862,0.4791695,0.48754793,0.086795315,0.18421578,0.20391071,0.1157384,0.26780176,0.30305076,0.10609157,0.25444204,0.24938646,0.3550648,0.29213676,0.3785143,0.4491961,0.34874952,0.44541216,0.053407043,0.120998785,0.20748621,0.27820837,0.1306068,0.06601952,0.17701659,0.2603882,0.32728672,0.10923835,0.18933114,0.24786305,0.3300455,0.1804779,0.4372592,0.14432997,0.26686049,0.20127276,-0.0023008995,0.18909568,0.021829603,0.10340517,0.20249379,0.28625876,0.21768565,0.15445895,0.13118595,-0.03259289,0.26264262,0.27145758,0.4362676,0.22939149,0.17409097,0.1753216,0.50227857,0.51230145,0.36864,0.039693426,0.45081452,0.31537718,0.4333545,0.45986682,0.2461112,0.19110022,0.47306216,0.18211824,0.36821866,0.2680711,0.14743935,0.18769932,0.11520131,0.327362,0.40603268,0.22563624,0.36107734,0.13567,0.20470199,0.2422566,0.0025197628,0.620305,0.08428309,0.20935178,-0.04252,0.13435929,0.24111685,0.13977961,0.14643255,0.055215918,0.34052986,0.050794564,0.08836938,0.32975107,0.31694093,0.42927676,0.1972517,0.20707658,0.3931414,0.116273716,-0.021260772,0.08001745,0.0996877,0.43727398,0.051874354,0.24168175,0.26566768,0.13958071,0.37682563,0.42574024,0.09687413,0.19551963,0.2323595,0.039103925,0.36108536,0.34718186,0.12392621,0.11828083,0.15788808,0.19265157,0.438056,0.21398555,0.029672626,0.33572167,0.514024,0.31284577,0.087625,0.30866283,0.20451361,0.17688668,0.2371584,0.13185537,0.23026387,0.1371829,0.14942291,0.020574298,0.21449949,0.16124503,0.08511054,0.13586704,0.14910562,0.18297628,0.23423195,0.12046448,0.16739935,0.29276568,0.17262065,0.09112311,0.24279696,-0.02002533,0.12218816,0.65488684,0.27722934,0.120517604,0.310702,0.16227083,0.29038915,0.23187959,0.07151789,0.2643406,0.37508303,0.14141989,0.13299638,0.4962744,0.31120446,0.12540326,0.29076564,0.09589899,0.3844815,0.18210119,0.15697658,0.18022695,0.21605536,0.03219249,0.16967365,0.09001088,0.149892,0.28596568,0.0017735437,0.23054373,0.25823486,0.15923816,0.067659356,0.26368076,0.33453584,0.24654618,0.27303585,0.2754009,0.2866145,0.19124424,0.30486706,0.25933424,0.13868475,0.10869931,0.21765691,0.1885224,0.23153898,0.22071175,0.3206841,0.17525396,0.17872623,0.4477215,0.18551195,0.114209205,0.11226755,0.19185941,0.13260084,0.19661815,0.18308705,0.23785248,0.14396429,0.27906257,0.40935493,0.07305244,0.2529363,0.11978526,0.101336986,0.29229617,0.30888566,0.21950303,0.17075226,0.091343716,0.25682563,0.1601817,0.17475867,0.28733018,0.11123849,0.17092949,0.2097274,0.1552148,-0.041647233,0.37215686,0.5393709,0.21834403,0.40147245,0.055536747,0.099466376,0.13889964,0.39233816,0.21537685,0.16248967,0.30408177,0.16409244,0.14684805,0.06957392,0.23055345
rise,0.25115114,0.5304531,0.14257242,0.48917472,0.16697419,0.6099775,0.011440843,-0.008385626,-0.0007629772,0.29163796,0.119420946,0.3452202,0.13221584,0.13951348,0.5384371,0.07102637,0.037587017,1.0,0.14509305,0.07740326,0.15650748,0.26497865,0.06002295,0.10373817,0.3761575,0.09092762,0.07490586,0.2608134,0.14429906,0.15196416,0.079551555,0.16513541,0.10719631,0.14206022,0.06274903,0.12307194,0.2515429,0.30053028,0.14650124,0.2152709,0.138592,0.17518988,0.087728426,0.07571259,0.05232162,-0.0038715815,0.11073377,0.9684402,0.018153012,0.21234453,0.06691311,0.20372961,0.15063322,0.21275379,0.28242007,0.08577025,0.0986363,0.24594226,0.20569728,0.22145692,0.123766765,0.3695649,0.34299183,0.17311251,-0.005094163,0.28627303,0.08996113,0.43642992,0.15232006,0.19025433,0.077662006,0.49228355,0.14342594,0.17005333,0.42368102,0.18036187,0.07446574,0.05951045,0.27824748,0.20864137,0.106258534,0.119871736,0.033754196,0.092331305,0.7503566,0.121790975,0.18934518,0.14841647,0.052386597,0.020749895,0.27117428,0.09609905,0.2960144,0.16398226,0.15569314,0.3622656,0.06956252,0.1062795,0.032625243,0.15935628,0.09235771,0.020155601,0.17117408,0.11311878,0.26646125,0.25235832,0.09035562,0.28081617,0.10377254,0.23246057,0.5061003,0.040868416,0.07243569,0.056869276,0.17242336,0.32279468,0.11482046,0.03407058,0.00600804,0.11705484,0.17433271,0.3896526,0.08350064,0.02104546,0.12850296,0.24050131,0.2961386,0.11219635,0.18393847,0.18947893,0.043180205,0.033904538,0.08101768,-0.036674142,0.0023896322,0.27070487,0.020575773,0.10903613,0.15353262,0.025563926,0.16649957,0.06394972,0.12589516,0.066552356,0.18771851,0.13581076,0.003814108,0.3026957,0.12935731,0.15833412,0.20790887,0.36456585,0.15311317,0.11650349,0.11762914,0.14858899,0.46592408,0.12189767,0.21638453,0.42172974,0.28137398,0.22235066,0.64302385,0.15351206,0.10839058,-0.027164837,0.18713424,0.1827739,0.45857176,0.031786796,0.04439612,0.119186394,0.44271657,0.20511791,0.116932705,0.43996042,0.09439835,0.11278275,0.036785446,0.18076064,0.0045715338,0.19812663,0.1002014,0.096832976,0.24113803,0.14628884,0.084731154,0.116031125,0.13431795,0.045191154,0.21050039,0.025064664,0.07993164,0.1997258,0.52386034,0.11900499,0.13095334,0.12814143,0.3123476,0.16926183,0.38472015,0.17890443,0.07916403,0.59154,0.25766453,0.050352454,0.3601396,0.42903274,0.43544835,0.12125122,0.081124514,0.13773443,0.13135289,0.1190271,0.37731934,0.09568761,0.14909142,0.23731627,0.08272422,0.19958697,0.17293933,0.1742209,0.13248065,0.14769104,0.27739137,0.074156635,0.124391764,0.20875296,0.17829025,0.088528216,0.04673697,0.12575416,0.19386953,0.15301812,0.10668385,0.23384108,0.25140837,0.021335186,-0.036701556,0.099442855,0.03124935,0.14423166,0.11042842,0.11861016,0.047543444,0.035659995,0.07688621,0.1060923,0.1282833,0.023991562,0.1973566,0.0010182452,0.024238262,0.14233562,0.18671182,0.05955102,-0.023408864,0.10717873,0.21103722,0.15735894,-0.024326766,0.06214697,0.19257998,0.14485295,0.19551054,0.21077771,0.05471213,0.08158111,0.10334799,0.21413273,0.12274079
smoking,0.38066375,0.16134158,0.088756986,0.119156666,0.1391994,0.07748695,0.17541364,0.23994726,0.11934999,0.10943904,0.21402985,0.24934864,0.09715018,0.18407872,0.058955014,0.47391242,0.18992867,0.14509305,1.0,0.4038633,0.18170884,0.19941854,0.23594016,0.30850726,0.2451966,0.062271193,0.17453817,0.3631569,0.34105283,0.64003253,0.22637409,0.045397513,0.24485755,0.29745638,0.22357515,0.48436534,0.2435433,0.1685423,0.52212566,0.085237816,0.31345963,0.31712005,0.24950276,0.2880457,0.2929201,0.0671212,0.23472935,0.16882657,0.26316708,0.24670827,0.22543354,0.31776315,0.07118589,0.09665069,0.39883274,0.35538533,0.53671485,0.39975065,0.20509338,0.32284534,0.40511924,0.2665984,0.11424359,0.20508227,0.34253764,0.0009899251,0.23648416,0.07974148,0.4227032,0.25930053,0.33491617,0.19163471,0.2640968,0.028770812,0.00057016686,0.30380875,0.20710576,0.06829575,0.31179932,0.06735876,0.19110101,0.09731929,0.016848434,0.14696774,0.064501256,0.040379055,0.23892245,0.26239634,0.08113963,0.09198794,0.2874588,0.049449466,0.11689078,0.15666674,0.21505809,0.08774302,0.035765793,0.68267643,0.4286248,0.06727211,0.4616414,0.14825334,0.05972072,0.12213302,0.2290984,-0.008773766,-0.004552339,0.23625547,0.1421042,0.19409028,0.16145149,0.28800496,0.061736263,0.37311688,-0.0010286004,0.21190429,0.10073287,0.027144955,0.13045432,0.33963972,0.41685432,0.23559743,0.26294556,0.017727543,0.06501762,-0.012524394,0.047587354,0.60482514,0.35126007,0.06280948,0.07394468,0.051930968,0.12689742,0.0629862,0.13118178,0.24152876,0.015558977,0.03884647,-0.0047214637,0.2549808,0.13692039,0.43176627,0.020001521,0.2583956,0.4903087,0.37667447,0.12542507,0.0723121,0.4201398,0.3614723,0.24880439,0.052853387,0.20676577,0.19326921,0.11840062,0.17177838,0.19773155,0.33943522,0.34630418,0.22235927,0.033179324,0.16541454,0.1503593,-0.030362869,0.057199392,-0.01226091,0.060713004,0.1517703,0.014171205,0.19364494,0.023549912,0.2656564,0.06783668,0.19006285,0.013863482,0.0712636,0.21028288,0.15947926,0.117364086,0.22426385,0.31512854,0.27457556,0.2971885,0.09215719,0.2363959,0.22263993,0.059937898,0.28245103,0.0064818114,0.3613906,0.036519952,0.26467645,0.013015766,0.2048142,0.15052187,0.19846071,0.20819375,0.26445055,0.023179172,0.074265845,0.033982355,0.031458154,0.204528,0.093986504,0.15327092,0.15582177,0.053880144,0.15156846,0.21295977,0.35123596,0.27879524,0.21805921,0.30665827,0.19199452,0.090086706,0.22087958,0.36559486,0.1514439,0.011525128,0.24740498,0.15633518,0.16447553,0.18046346,0.19054201,0.05831386,0.14309467,0.12256173,0.13750926,0.40806693,0.44715595,0.38211137,0.061633103,0.15457737,0.1686227,0.14222711,0.10206127,0.18769757,0.06628242,0.011950813,0.2022675,0.08582762,0.23101579,0.21916047,0.3181594,0.18426515,0.08972335,0.29500413,0.1767799,0.20660041,0.39461917,0.35679674,0.27852917,0.19816771,0.41914418,0.3187992,0.048591834,0.20856073,0.054841958,0.40771914,0.1859335,0.0029936675,0.045698054,0.3667143,0.5019624,0.18587312,0.14758326,0.23682866,0.26346117,0.14191908,0.0053731017,0.20290537
marinate,0.25293997,0.09267181,0.1497956,0.111973524,0.047448006,0.050317183,0.22175182,0.18009953,0.06388072,0.13155583,0.11526644,0.22600625,0.04851504,0.08389849,0.041290965,0.48275924,0.28254166,0.07740326,0.4038633,0.99999964,0.029226411,0.20002015,0.110925734,0.20142157,0.12813005,0.10837783,0.1651516,0.41601598,0.45084533,0.31780663,0.19596623,0.20687856,0.08705139,0.13587856,0.17014346,0.18248142,0.081809714,0.091081105,0.13039881,0.088688076,0.24374384,0.26938385,0.12052101,0.36278766,0.42598212,0.10094896,0.121967055,0.07303885,0.21188177,0.2143471,0.14378682,0.24525128,0.014585126,0.054259423,0.31742167,0.14034975,0.47627532,0.23097576,0.13688087,0.21323286,0.17097515,0.1484053,0.037742317,0.1609018,0.46991736,-0.035664324,0.12868592,0.081181854,0.22568858,0.12277432,0.2881577,0.15622011,0.2566762,-0.06462457,0.027105158,0.21817367,0.2789886,0.232848,0.29403147,0.06634955,0.1094091,0.23702332,0.28116703,0.15802407,0.06403335,0.17218044,0.30464745,0.22984162,0.2018942,0.17135179,0.24762228,0.34093985,0.05992497,0.21303621,0.25514418,0.14605713,0.032640807,0.39909655,0.75237405,0.1967251,0.32131174,0.19291495,-0.09740035,0.10680194,0.18560553,0.010234671,0.19390005,0.06859167,0.121489845,0.08788508,0.15969574,0.26733312,-0.050676968,0.3383208,-0.014334088,0.3088767,0.16255927,0.10467412,0.023751058,0.32135442,0.24991515,0.16883305,0.14041817,0.21443164,0.06856676,0.006106816,-0.026806206,0.3236509,0.20341371,0.041906077,0.041679177,0.09206578,0.1297488,0.16353603,0.03466487,0.17362857,-0.048074603,0.18761304,0.07255314,0.327848,0.16109589,0.49416238,0.015481003,0.29959145,0.25076962,0.39607874,0.13000792,0.008633798,0.25761655,0.3913008,0.19203138,0.20744736,0.27231902,0.10593806,0.06952677,0.20174927,0.16661336,0.30751225,0.19677705,0.090019956,-0.037480738,0.24547286,0.11275511,-0.065877855,0.047347542,0.07594441,0.0917376,0.120310485,0.024340855,0.14039807,0.17755693,0.23172909,0.060839873,0.25135058,0.015585366,0.15130134,0.17340368,0.2446315,0.16087808,0.08558466,0.13646851,0.22211453,0.26292375,-0.049209446,0.21933085,0.09048486,0.091476865,0.34318715,0.27701077,0.2925241,0.06728408,0.28922325,-0.12652536,0.13501099,0.042606354,0.22081332,0.110150635,0.18994854,-0.040521458,0.06424525,0.18370444,0.13985953,0.28724065,0.010871795,0.052514542,0.18354385,0.11912595,0.15252683,0.19798952,0.14882559,0.26393312,0.1711024,0.28977016,0.20424227,0.113108054,0.12846588,0.20489451,0.08128657,0.052269477,0.22671884,0.08628017,0.1857892,0.22474372,0.2243152,0.05138256,0.11857541,0.34111294,0.19674027,0.1961084,0.46997124,0.36947188,-0.010789155,0.144231,0.07236343,0.029009348,0.14857094,0.03798481,0.2822355,0.054818466,0.20866188,0.114641376,0.09811579,0.14484672,0.46100187,0.20643431,0.19410351,0.07863658,0.23222128,0.086221896,0.36406684,0.2399105,0.17440972,0.08429617,0.24914595,0.20053555,0.019971924,0.21227074,0.18780087,0.2736227,0.22192496,0.060873706,0.111959316,0.19082135,0.3138133,0.17112532,0.18147358,0.13941826,0.23347983,0.20183697,0.101497345,0.16859163
frost,0.20022167,0.12895165,0.109324425,0.2886622,0.4037113,0.1774232,-0.107543044,0.22046769,0.026376158,0.19668183,0.16082671,0.2068677,0.21122417,0.13824713,0.21129264,0.09898307,0.086175874,0.15650748,0.18170884,0.029226411,0.9999998,0.1480351,0.11309017,0.2823478,0.3041336,0.35372975,0.07344111,0.1943546,0.2118567,0.16641426,0.18124124,0.064486325,0.33795,0.39707792,0.47047412,0.2660964,0.122810796,0.17733936,0.17451254,0.17243841,0.17380042,0.25636515,0.27124053,0.1372512,0.19154654,0.017593026,0.31932116,0.15145917,0.27400875,0.26585954,0.15688892,0.21403393,0.09335448,0.3142249,0.15811153,0.3167662,0.17766523,0.2186628,0.24555814,0.27512804,0.2167776,0.19316377,0.15231378,0.22488563,0.07811843,0.2173563,0.3099747,0.12776837,0.104776874,0.32015055,0.31470418,0.32398248,0.10231216,0.24465409,0.14551954,0.15226157,0.12435024,0.18816945,0.20999673,0.20238224,0.17286542,0.12155694,0.117255196,0.13045779,0.16807312,0.10643151,0.28131545,0.25109312,0.26633185,0.34586614,0.18737783,0.12589405,0.17600264,0.097448274,0.21691185,0.12841024,-0.022942174,0.11717195,0.106129676,0.04517076,0.20455778,-0.03759226,0.14219247,0.12818262,0.14330804,0.13904053,0.10522519,0.4280225,0.17219889,0.12416915,0.048708957,0.1664439,0.18533646,0.08665495,0.13058092,0.1661217,0.4200269,0.08127031,0.28944987,0.24542005,0.37203804,0.19953059,0.27869606,0.06163501,0.0017521251,0.37619817,0.11224699,0.20529312,0.3353349,0.0683584,0.13642755,0.08497287,0.26129976,-0.0035572834,0.055925485,0.09730661,0.22937919,0.2597926,0.23368898,0.2637827,0.18087296,0.09196794,0.19822851,0.18314523,0.19837311,0.11733437,0.37974945,0.24358937,0.20082664,0.110823385,0.17037633,0.103751846,0.2396375,0.2633947,0.053579457,0.09052629,0.1523295,0.17367095,0.18544117,0.20343237,0.11104706,0.1883867,0.1305037,0.09982601,0.079591595,-0.023174083,0.06753805,0.20773,0.105647996,0.26551247,0.0030969419,0.272062,0.110566065,0.05282464,0.09352529,0.07900197,0.16086906,0.24162313,0.38403332,0.2438293,0.3073659,0.34572884,0.15164477,0.14500253,0.25282738,0.3400271,0.40620396,0.2832605,0.0761842,0.17659827,0.14369982,0.19965345,0.08804318,0.26813406,0.1403828,0.18612722,0.44929183,0.16713983,0.24076585,0.054545276,0.09926388,0.21613397,0.1261007,0.2497305,0.089614674,0.28414118,0.2555299,0.06681469,0.22476059,0.20780098,0.17316441,0.38393062,0.17013782,0.19749969,0.12386641,0.24612185,0.2138238,0.34607995,0.36440653,0.11308429,0.24395722,0.13841043,0.13594672,0.19062169,0.21924019,0.45740008,0.24325252,0.17567132,0.19927484,0.084378086,0.23596825,0.1772244,0.10967566,0.23899928,0.2233477,0.3395337,0.25991833,0.19040579,-0.060356922,0.14771575,0.010283664,0.20162942,0.2598147,0.21727419,0.16562793,0.08818588,0.24755496,0.14993724,0.23758623,0.16357706,0.2312836,0.28298908,0.30485943,0.14377117,0.1946871,0.0034678783,0.09055798,0.16117999,0.21713877,0.20199004,0.0072834287,0.32512906,0.29725575,0.27842292,0.29640386,0.20334303,0.11523841,0.2924763,0.0946538,0.054751948,0.20765206
foam,0.27944985,0.3365065,0.18239605,0.1181624,0.15972728,0.20759833,0.033209704,0.12035963,0.09374499,0.009855955,0.13411587,0.24338199,0.1121293,0.14479724,0.16404586,0.23919421,0.1432834,0.26497865,0.19941854,0.20002015,0.1480351,1.0000004,0.008519173,0.1791601,0.11120741,0.055587687,0.10931928,0.14203541,0.29624885,0.14174052,0.2054733,0.2206188,0.014896905,0.18929935,0.020809337,0.060587287,0.32458818,0.19075088,0.057588123,0.15616499,0.27368516,0.17419961,0.1452007,0.16608924,0.20757243,0.07075193,0.051861808,0.28088447,-0.005543041,0.15802762,0.01472939,0.052105516,0.0038171858,0.14671876,0.5812088,0.114651114,0.1576275,0.16128987,0.1265107,0.14041813,0.06024075,0.2130302,0.11606984,0.19224781,0.1202511,0.10611013,0.11053094,0.19417544,0.22524747,0.12643823,0.15842317,0.1647822,0.10530735,0.11996913,0.16090435,0.052514862,0.00057096407,0.19360027,0.07148746,0.1669643,0.10467093,0.2634802,0.20481199,0.28215188,0.1407184,0.16008008,0.16594902,0.105409086,0.25401357,0.2471923,0.11493486,0.19720909,0.32729006,0.14744428,0.14951807,0.11935051,0.06297233,0.18638329,0.28008667,0.1886206,0.20137678,0.18264958,0.23836893,0.1119426,0.65082383,0.016379397,0.18497992,0.21690948,0.07691734,0.18285662,0.36095488,-0.012860611,0.08446601,0.18169361,0.1495191,0.22363469,0.101334415,0.017670132,0.0018709949,0.14405812,0.0958617,0.18252715,0.057959378,0.09324866,0.01536599,0.22028819,0.112402916,0.17382506,0.17748961,0.18020439,0.08238585,0.12967676,0.064760834,0.10912226,0.1952698,0.23143491,0.0693965,0.25414836,0.098172724,0.18691558,0.17248663,0.1457107,0.07294661,0.039326694,0.053626053,0.2782593,0.21452296,0.19269615,0.0006238278,0.211467,0.0691288,0.16372547,0.26282838,0.10618688,0.0648306,0.2488555,0.3450991,0.40109318,0.08564703,0.21466805,0.15580584,0.12295735,0.19874895,0.019029535,0.12082705,-0.06561039,0.14257005,0.15596876,0.16965032,0.119475916,0.12851587,0.118088275,0.17306706,0.2853129,0.1889984,0.22864707,0.16016522,0.22960207,0.13890916,0.065548465,0.023659185,0.19082522,0.045487992,0.07155112,0.11539721,0.12757176,0.16067371,0.18236448,0.16267098,0.2153584,0.1240035,0.18997449,-0.04268927,0.11871604,0.30021715,0.07591399,0.07536136,0.018990833,0.18133566,0.18794456,0.2619708,0.10325227,0.17177093,0.16102067,0.12749538,0.08643585,0.18588409,0.29478526,0.22557577,-0.016017484,0.032213956,0.12019178,0.30373144,0.022103822,0.1566774,0.10996728,0.11952333,0.29397035,0.12870775,0.044180106,0.085937,0.2375341,0.11085419,0.13730007,0.09394213,0.1425187,0.26551932,0.12738523,0.08464517,0.15613082,0.1886925,0.05601183,0.16734841,0.045685258,0.05941746,0.20155072,0.057227116,0.2002129,-0.054698035,0.042244114,0.005978994,0.0038242843,0.14374608,0.19809294,0.12983735,0.16015236,0.05801501,0.161672,0.04494731,0.15879826,0.026927702,-0.0014024107,0.031962555,0.09778234,0.13873233,-0.0064396188,0.051473163,0.23416552,0.0895485,0.21703236,-0.029140811,0.13256972,0.06841036,0.094227746,0.15616092,0.12530994,0.07985904,0.05728317,0.1019947,0.01646431,0.16646293
crockpot,0.3453211,0.09317943,0.22537561,0.17828381,-0.023518402,0.13124853,0.018670477,0.052569464,0.006133469,0.056003697,0.12887111,0.48756284,0.07046446,0.235131,-0.0051462166,0.071805425,0.09973572,0.06002295,0.23594016,0.110925734,0.11309017,0.008519173,1.0,0.082007945,0.23672123,0.04986982,0.15624328,0.33601624,0.06306954,0.20979223,0.18411918,0.017769404,0.30362618,0.1180804,0.23105317,0.31571567,0.0143714305,0.15925467,0.3775341,0.2842061,0.10013893,0.15432082,0.18605946,0.32796073,0.24795875,0.14428768,0.08282092,0.0885026,0.26350024,0.035133317,0.11628885,0.2929039,0.02842509,0.10447289,0.28319156,0.35834527,0.024527008,0.21189149,0.14185853,0.11499305,0.39746815,0.1500991,0.07241862,0.21330225,0.045119,0.071472324,0.22701305,0.17400262,0.36589354,0.14379992,0.051393792,0.12747572,-0.06911286,0.07405838,0.07817648,0.2585119,0.15692276,0.079533614,0.3077394,-0.011387112,0.067171484,0.0084531605,-0.077154204,-0.023319254,0.033183202,0.17343852,0.29971498,0.19705343,0.14003512,0.105346054,0.27539665,0.03584414,-0.044002213,0.06082838,0.070879206,0.14677218,0.0038352995,0.20278214,0.13000742,-0.0071607474,0.035728835,0.26261026,0.02064193,0.20583963,0.19223514,0.13982053,0.025822835,0.14082044,0.017188009,0.1522521,0.18311447,0.18388024,0.043244887,-0.01598065,0.042382803,0.15565701,0.16712335,0.02673238,0.11639063,0.5401144,0.31728745,0.19539805,0.33574125,-0.017495057,0.04454366,-0.02886822,0.052931942,0.22304586,0.3037374,0.046136107,0.12691337,-0.035143863,0.15149628,0.012774242,0.025243748,0.13026308,0.0051500183,0.07959327,0.045785546,0.37468112,0.24010304,0.07862953,0.15287676,0.03626387,0.3175235,0.071858406,0.045994315,0.02348618,0.30614087,0.20129238,0.14491269,0.02760866,0.117036715,0.14038257,0.05762337,0.0948685,0.20909837,0.43185532,0.45175737,0.17421214,0.017682489,0.08548102,0.021056771,-0.034567136,0.03385495,0.12109898,0.102633536,0.05607996,0.0008085016,0.044133037,-0.02943935,0.22756721,0.12239642,0.085890606,0.14080408,0.1300984,0.18982413,0.099005006,0.034821097,0.13940991,0.14044026,0.13682753,0.24313797,-0.002389831,0.10856004,0.08458026,0.07433622,0.19728856,0.04403013,0.29796147,0.055205587,0.2934835,0.032161154,0.18834949,0.106438994,0.0466182,0.27666754,0.48376063,0.013294727,0.014468007,-0.002444068,0.08795327,0.07212861,0.116207674,0.1259344,0.12024541,0.06670188,0.17157407,0.22874519,0.1408215,0.3104087,0.18661825,0.40809247,0.081814185,0.046705052,0.11690074,0.44789082,0.046219744,0.05087167,0.095593385,0.09508042,-0.015189804,-0.025977368,0.14116675,0.060381524,0.06580988,0.19078125,0.15675822,0.29915863,0.10569054,0.040403806,0.08798432,0.27516896,0.071041174,0.06976314,-0.02111068,0.14671078,0.057902396,0.10597467,0.041008458,0.22252707,0.41286528,0.07428679,0.4793877,0.048570953,0.05882303,0.22267826,0.035269212,0.11632353,0.08890386,0.33167028,0.377707,0.20357403,0.41227627,0.3354829,0.019689146,-0.005772383,0.08790571,0.27064055,0.15425926,0.018620975,0.05077917,0.46771324,0.19721349,0.105117284,0.051653057,0.012714345,0.16849081,0.041081995,0.05424153,-0.019251384
caramelize,0.2745298,0.07913126,0.10920479,0.16442287,0.17030358,0.09858007,-0.01722188,0.14553913,0.103199854,0.16848558,0.09860147,0.17673631,0.13391116,0.18469323,0.18086025,0.30434448,0.20175885,0.10373817,0.30850726,0.20142157,0.2823478,0.1791601,0.082007945,1.0,0.18511027,0.11964667,0.10559743,0.26049316,0.29311365,0.3909133,0.20037976,0.061741173,0.20707843,0.25672626,0.2941621,0.20046239,0.21011476,0.15739432,0.25511658,0.06525837,0.24230897,0.34439602,0.20264587,0.26069432,0.2886448,0.074538246,0.18702006,0.12384473,0.27216855,0.18636908,0.1314855,0.20816599,0.035068013,0.120326035,0.2866323,0.32297117,0.29544532,0.2071782,0.2241917,0.23772508,0.4611113,0.20830384,0.15741152,0.14219148,0.20054808,0.06680043,0.1926394,0.090525806,0.2668547,0.48698914,0.8952997,0.22698568,0.47733566,0.053124823,0.028375499,0.24266961,0.1651544,0.22388996,0.25378567,0.093088575,0.2006622,0.07975316,0.12909816,0.12507242,0.065461814,0.19028398,0.38531917,0.25846106,0.16233149,0.1267724,0.19083637,0.12713107,0.08442186,0.1139044,0.18816918,0.22516045,-0.0022584358,0.29101354,0.30476522,0.10039671,0.6162249,0.07487846,-0.028292116,0.078784116,0.19610275,-0.018763067,0.100063816,0.16295612,0.097132534,0.09989244,0.058498707,0.19428858,0.06951617,0.23620743,0.023492755,0.15717828,0.20829615,0.005985275,0.13590305,0.30710322,0.34942085,0.19174984,0.22786221,0.16835958,0.012559084,0.080577,0.04299322,0.34389657,0.25374413,0.030217208,0.065295056,0.061847158,0.16567944,0.010344513,0.06654517,0.13023773,-0.028779818,0.05424465,0.030481292,0.26349598,0.15719692,0.18120965,0.004753507,0.20080802,0.31639344,0.21880111,0.22522837,0.021941785,0.3162959,0.3192625,0.16265547,0.09687662,0.19421485,0.12558937,0.083375044,0.12193266,0.11186805,0.29901674,0.2431123,0.17315926,-0.0072517246,0.17323631,0.130883,-0.02738525,-0.0063305628,0.009764545,0.06887454,0.15967953,0.07222225,0.15949021,0.034374785,0.2625059,0.056846984,0.120140396,0.031039672,0.05639542,0.21806332,0.1763094,0.37718913,0.17580067,0.19130298,0.29274702,0.21562043,0.08270919,0.1962486,0.10973319,0.12808248,0.16500755,0.107323214,0.27468082,0.08789453,0.23250608,-0.0300598,0.12843105,0.0768947,0.1328212,0.23126492,0.2115417,-0.047124043,0.06300555,0.06764796,0.11428796,0.15636475,0.072698705,0.18106496,0.13521399,0.07382271,0.05466132,0.21846679,0.24163176,0.21826342,0.20617181,0.27298558,0.15012638,0.08036765,0.084272124,0.25267726,0.17070472,0.09666863,0.14476067,0.12453,0.3585545,0.1547027,0.15266943,0.07195603,0.15150207,0.13228428,0.022419529,0.2410746,0.17821246,0.29992086,0.051212944,0.10443735,0.12743278,0.070267215,0.15651076,0.15679549,0.15886644,-0.0077742413,0.1266888,0.038797557,0.13560146,0.10823929,0.29782897,0.1789907,0.0435302,0.11873302,0.1872865,0.117872864,0.19877687,0.22559036,0.23545584,0.12105763,0.23363946,0.41333523,-0.033663254,0.11919227,0.14764214,0.36500674,0.07394269,0.014844697,0.06960413,0.25908375,0.30542782,0.14535676,0.14002448,0.08200879,0.19326198,0.13682956,0.07876624,0.13332255
refrigerate,0.2549267,0.41373137,0.12650841,0.31838152,0.096134275,0.37945932,0.039782308,0.09254715,0.18457691,0.055817317,0.29383555,0.30128482,0.13035777,0.040473577,0.31234634,0.27336842,0.24532546,0.3761575,0.2451966,0.12813005,0.3041336,0.11120741,0.23672123,0.18511027,1.0000001,0.1268165,0.17915761,0.19134378,0.17673774,0.12760825,0.19564256,0.09105544,0.1462521,0.22389062,0.14550996,0.1544061,0.27979153,0.27720952,0.221005,0.16976091,0.1452619,0.13818282,0.61701727,0.077572525,0.1917543,0.10645153,0.5390502,0.38639265,0.21252997,0.122459024,0.535511,0.33382496,0.10954046,0.19855621,0.15724766,0.4348069,0.13549742,0.21212351,0.21704662,0.26190442,0.2104402,0.49416935,0.2919651,0.1712011,0.0876732,0.25180718,0.36662868,0.33216143,0.1699416,0.2655727,0.17744689,0.4994998,0.09387263,0.1710679,0.3276241,0.26179758,0.2737959,0.10576211,0.34078848,0.15121257,0.20952892,0.21089989,0.08355517,0.19026929,0.25791937,0.1804843,0.24835694,0.33057296,0.17052977,0.031010222,0.26058596,0.14520667,0.24033624,0.17405652,0.15980315,0.4678629,0.035237,0.12262131,0.10717301,0.068717465,0.16129723,0.113699004,0.07979384,0.16084512,0.13200721,0.15429449,0.1358962,0.30433452,0.098212264,0.18054906,0.3334714,0.22411735,0.07953124,0.059164733,0.08962807,0.23740464,0.08529896,0.049652673,0.49490142,0.24437115,0.3604203,0.4693209,0.1311422,0.08805852,0.06210559,0.13131031,0.2878093,0.09365789,0.30915028,0.0849514,0.2737521,0.056952912,0.12090263,0.032734886,0.119154625,0.13906434,0.081390925,0.011536788,-0.008154519,0.13576248,0.22834508,0.07477632,0.108218,0.10216685,0.28192344,0.17572357,0.010953357,0.29578236,0.43885797,0.33159187,0.3995974,0.37602264,0.083486415,0.2360239,0.09821424,0.10196359,0.34169,0.19563273,0.19432268,0.48870867,0.20663261,0.24207006,0.19158126,0.08966322,0.088119015,0.12787144,0.14068426,0.11824651,0.3607845,0.17787474,0.042517573,0.1839432,0.32180426,0.12603587,-0.007985257,0.35461056,0.28422967,0.06654006,0.018626045,0.2714074,0.48776054,0.27291662,0.20364621,0.09578784,0.25468507,0.33878908,0.028035572,0.19019873,0.1811035,0.2003215,0.12694693,0.053142767,0.07473974,0.49542493,0.46540436,0.2388805,0.31420678,0.21151824,0.3125614,0.015496764,0.28865921,0.13600957,0.076513976,0.3260661,0.21956062,0.19533397,0.36997634,0.36238262,0.49249095,0.5807039,0.22689164,0.3582489,0.13119064,0.32144624,0.34582818,0.15532596,0.21255204,0.10359728,0.05985343,0.3275546,0.18536298,0.09286283,0.049352027,0.1929978,0.34217632,0.16540018,0.22455248,0.14892551,0.16067262,0.08178693,0.06452006,0.11922598,0.22595124,0.17728195,0.16099365,0.17303473,0.28475404,0.102445915,0.0829814,0.37955475,0.09523177,0.15757295,0.21231318,0.20533401,0.003490787,0.016725548,0.3418071,0.07850972,0.19625294,0.13461709,0.3437372,0.28420773,0.31872636,0.17126034,0.11241838,0.097406305,0.15428953,0.20068644,0.38310868,0.20169869,-0.017032936,0.042592116,0.2704788,0.38501498,0.24444273,0.18249917,0.18028787,0.2054546,0.011970619,0.36737883,0.033649005
grease,0.13286787,0.037659056,0.1979298,0.19896084,0.34076494,0.07890388,0.040893838,0.15133259,0.048321553,0.13137026,0.031478386,0.15143529,0.0707791,0.06323096,0.046281915,0.09017415,0.12197167,0.09092762,0.062271193,0.10837783,0.35372975,0.055587687,0.04986982,0.11964667,0.1268165,1.0000002,0.06833661,0.15636644,0.31375265,0.11017041,0.109192625,0.13857338,0.22712684,0.15958828,0.52208406,0.14074993,0.17889303,0.02578377,0.09959243,0.17333195,0.121348634,0.23777965,0.09029008,0.092099525,0.16478643,0.22835697,0.07523254,0.08447532,0.20056248,0.25685665,0.13681571,0.21441483,0.057240397,0.15016858,0.03191766,0.19250184,0.07836657,0.15312971,0.21598768,0.20220649,0.1257095,0.07588638,0.18995805,0.1737667,0.070972346,0.10978669,0.13866568,0.20698941,0.015089875,0.28485367,0.19713335,0.11372085,0.032315105,0.16524379,0.24800304,0.1065215,0.19505447,0.32665202,0.20558046,0.19654803,0.118220344,0.33828062,0.11424624,0.15433128,0.13975756,0.16316059,0.38639548,0.27245322,0.19804871,0.43551266,0.10238014,0.23111668,0.17956656,0.20600504,0.24461873,0.17022735,0.1314048,0.10065108,0.07228671,0.051585153,0.16857927,0.08047007,0.084041364,0.06611409,0.0700302,0.07882069,0.22393605,0.16109197,0.1923868,0.058156997,0.08226678,0.09415934,0.0108668655,0.017081065,0.10391206,0.26715213,0.2873451,0.10351528,0.046106882,0.22423926,0.18030477,0.07919289,0.20818135,0.22517861,0.07836428,0.24766919,0.07015295,0.16500466,0.19521624,0.016088678,0.15040958,0.22387998,0.082315035,0.14739636,0.030826923,-0.038597543,0.283917,0.48649657,0.52721626,0.16610004,0.13013078,0.037102982,0.117514074,0.298554,0.15978952,0.09412816,0.49787587,0.22378588,0.098511435,0.20141053,0.0680149,0.17638132,0.28565288,0.10082145,0.0071388017,0.07493205,0.15407205,0.14569417,0.28669232,0.09147212,0.091246925,0.37183186,0.09814352,0.059532218,0.15348533,0.077251226,0.051809795,0.07403439,0.078110196,0.11889814,0.19789581,0.16492593,0.2166311,0.20762728,0.0068291277,0.18335298,0.13441303,0.3322292,0.52608025,0.07833251,0.093668446,0.19660127,0.06906932,0.005040621,0.39823782,0.18600479,0.60966206,0.43401557,0.21821547,0.16399026,0.18482184,0.110481605,0.0020825686,0.10029441,0.090156965,0.09146106,0.25630653,0.14771295,0.07508998,0.026185755,0.26987517,0.26074478,0.18744442,0.10989056,0.089698605,0.12922522,0.32156578,0.131999,0.1763128,0.21635029,0.16902578,0.2529468,0.05160216,0.1631644,0.17961362,0.11652388,0.0780417,0.20475705,0.50366247,0.12794475,0.10589759,0.19373786,0.12085946,0.23168682,0.31623018,0.4332978,0.34173536,0.15103056,0.37889788,0.08461764,0.24266014,0.0874218,0.1899184,0.08798242,0.16799386,0.6337102,0.10231839,0.35365853,0.027296063,0.16517994,0.072958484,0.15898703,0.13091545,0.21857962,0.16414,0.19047582,0.0802683,0.19937132,0.10517805,0.068392,0.16762283,0.16287929,0.14097583,0.23290944,0.273039,0.028026674,0.20018917,0.27333415,0.17039305,0.11947083,0.03275079,0.37277344,0.18470263,0.12958793,0.28707966,0.32155687,0.19041872,0.13925833,0.08078941,0.16277617,0.1439547
evaporated,0.13548993,0.24890587,0.3275259,0.0365396,0.090674326,0.13041903,0.21062699,0.11484423,0.20909844,0.13144788,0.097530246,0.15936941,0.052030485,0.11713587,0.06339624,0.33542252,0.4552613,0.07490586,0.17453817,0.1651516,0.07344111,0.10931928,0.15624328,0.10559743,0.17915761,0.06833661,1.0,0.14828481,0.20884606,0.2716115,0.7613493,0.74244934,0.05238162,0.014997482,0.06258926,0.13333598,0.21253715,0.15706775,0.21358114,0.23840609,0.19604222,0.34605354,0.3493523,0.3682618,0.3213037,0.20858218,0.4046852,0.057156704,0.15791515,0.12628648,0.05336977,0.005776327,0.139683,0.10632414,0.23448175,0.34466922,0.10339056,0.32385337,0.1360564,0.16353033,0.19355091,0.24405324,0.22492875,0.32539964,0.14859739,0.21710782,0.41762584,0.20594145,0.1407732,0.19538516,0.14494613,0.07461451,0.14153317,0.19011968,0.039137922,0.15673606,0.1772142,0.4269347,0.14268729,0.19634992,0.1737915,0.55157137,0.43743104,0.31728935,0.08203738,0.5596465,0.28025502,0.24383382,0.47762534,0.34359837,0.12229255,0.4585485,0.11866042,0.32313082,0.22063218,0.23150228,0.26128852,0.16252454,0.24038094,0.38619983,0.23750722,0.3654005,0.2937796,0.3113804,0.29190314,0.16366282,0.584902,-0.019050337,0.35152805,0.013538603,0.19939473,0.21855512,0.24918395,0.1381138,0.09755005,0.45383525,-0.010169186,0.03539702,0.32334036,0.4278864,0.33534694,0.18177705,0.2649316,0.35482207,0.11704542,0.0188599,0.08780411,0.27766892,0.28532875,0.05794925,0.13023095,0.2772524,0.1412395,0.35069996,0.48740295,0.16077979,0.24307239,0.27905804,0.08386168,0.44271708,0.28114024,0.082775176,0.26031893,0.086163685,0.2001653,0.54905206,0.16690567,0.014525412,0.4081945,0.2990737,0.19955954,0.2728967,0.37051743,0.096683845,0.18322745,0.3157048,0.16268972,0.402658,0.23014376,0.06243854,0.080064654,0.1753335,0.10344303,0.18348771,0.2817911,0.11070259,0.27850986,0.16905832,0.11460395,0.19193557,0.25010985,0.09308562,0.23397174,0.2309425,0.25047123,0.24774602,0.5688659,0.35649973,0.041542552,0.25646296,0.3205499,0.2716485,0.06341386,0.19491282,0.113045774,0.2557612,0.1542747,0.08454031,0.5056051,0.48471272,0.20791091,0.36638618,0.220216,0.15083873,0.06358263,0.2031005,0.11435017,0.2630239,0.013580453,0.20746018,0.104642406,0.26118255,0.28660652,0.08684644,0.08834716,0.09318142,0.23135845,0.093879275,0.4382285,0.23871909,0.03284571,0.14982936,0.35790378,0.26417255,0.25200096,0.21917464,0.11530118,0.18419531,0.10765695,0.18850297,0.3539466,0.20370996,0.1753968,0.3131615,0.23671544,0.09244014,0.34952196,0.22076117,0.24746281,0.112459466,0.116238646,0.31413382,0.17018881,0.22899103,0.30011544,0.15113556,0.26882964,0.41211396,0.046975657,0.17508194,0.10496791,0.19589452,0.23935184,0.4179388,0.27753127,0.1367774,0.32600647,0.22876278,0.19016086,0.10318785,0.14882682,0.26570976,0.20059016,0.27281708,0.24183933,0.038572744,0.34993964,0.5881773,0.45909348,0.3141764,-9.547919e-05,0.06533443,0.33722147,0.31307238,0.2252403,0.16388181,0.27227065,0.15287311,0.15178742,0.13375038,0.2085403
overcook,0.3987767,0.11346107,0.1432139,0.14880228,0.06906902,0.13291128,0.06827183,0.17755902,0.0687465,0.3937301,0.11095781,0.34004807,0.07647558,0.23873112,0.16934684,0.27013874,0.18435848,0.2608134,0.3631569,0.41601598,0.1943546,0.14203541,0.33601624,0.26049316,0.19134378,0.15636644,0.14828481,1.0000001,0.27952954,0.39872324,0.10357494,0.16701764,0.3135103,0.1812324,0.31256598,0.3637929,0.097590074,0.163594,0.44118887,0.117313854,0.244779,0.33894077,0.05966356,0.43626127,0.32782137,0.046866678,0.12901774,0.23442441,0.27283776,0.26761428,0.12002647,0.35239297,0.061958726,0.19323611,0.32576692,0.27148888,0.30707693,0.2944017,0.32267523,0.310269,0.5130659,0.21864152,0.19811803,0.18862431,0.33324826,0.089280814,0.19771013,0.17178561,0.33653384,0.26761055,0.31728402,0.23556083,0.16380627,0.15810174,0.06656048,0.47194806,0.28918856,0.19285792,0.38930005,0.21630132,0.24660876,0.13899419,0.1046819,0.1231392,0.21687779,0.14847815,0.39856339,0.24453339,0.22177592,0.14854449,0.37181523,0.20438644,0.11720666,0.14226511,0.23002872,0.1454976,-0.00784965,0.36577076,0.4024918,0.2048628,0.2932783,0.08495642,0.08914255,0.23706546,0.17570007,0.23747696,0.09973195,0.24081704,0.2596245,0.13021865,0.23871402,0.34136465,0.06913395,0.2760206,0.043952636,0.35917878,0.34027916,0.09623282,0.07166635,0.4584304,0.39998746,0.23666272,0.32119,0.09909365,0.21758105,0.0416973,0.020412914,0.42523378,0.36802834,0.13114522,0.005425418,0.08844406,0.30188328,0.07208417,-0.022003436,0.2330162,0.06297094,0.1200861,0.15166108,0.37042803,0.21200192,0.3219725,0.1103193,0.3590423,0.4982419,0.22995585,0.1670166,0.06421494,0.39778167,0.3316383,0.19325086,0.1849623,0.24655272,0.1988441,0.08086016,0.20750394,0.20117326,0.3899064,0.4751302,0.16396503,0.010476065,0.24141195,0.20741495,0.046785586,0.08772098,0.07274038,0.105163425,0.2212235,0.20272325,0.1845494,0.07262796,0.36469424,0.19683689,0.39508095,0.19786471,0.2828228,0.17344385,0.24508147,0.22738409,0.23318192,0.11524008,0.22674492,0.35871384,0.07077042,0.27279562,0.20635408,0.24910638,0.2536797,0.23667377,0.31677252,0.108947724,0.30528304,0.05247195,0.14971186,0.12140788,0.22970086,0.3112846,0.41626647,0.06902945,0.12199122,0.16448835,0.11647042,0.28880727,0.1225203,0.037874397,0.2412541,0.22780314,0.1910579,0.17286041,0.17504194,0.36111015,0.21440747,0.37732422,0.29435492,0.12031914,0.27649137,0.30723417,0.22871527,0.12782808,0.18057093,0.22518624,0.22752115,0.25001138,0.32273299,0.1396381,0.22329706,0.24047232,0.2711544,0.42418998,0.34530297,0.32725254,0.13396609,0.12730916,0.1894584,0.18677226,0.21542794,0.23969787,0.20226815,0.08091159,0.20826524,0.18798369,0.30715826,0.19588286,0.44596362,0.2599605,0.1389522,0.11905932,0.2043486,0.19220932,0.25284618,0.3708453,0.26633972,0.08838708,0.4570232,0.46293306,-0.0481671,0.20892711,0.13167511,0.3045512,0.19913793,0.012384804,0.23465016,0.4124962,0.32694995,0.19258185,0.20293655,0.17534265,0.30208814,0.26041508,0.14823768,0.20170489
massage,0.21106818,0.16064854,0.22287989,0.26614854,0.20978609,0.1966875,0.13540481,0.4358185,0.12134834,0.2695173,0.25799254,0.2949636,0.29014975,0.17689458,0.30470398,0.4761515,0.21652356,0.14429906,0.34105283,0.45084533,0.2118567,0.29624885,0.06306954,0.29311365,0.17673774,0.31375265,0.20884606,0.27952954,1.0000001,0.3093168,0.301448,0.27940965,0.07634468,0.28347623,0.15627506,0.14870235,0.20937039,0.26685777,0.04892459,0.15108395,0.564359,0.35891384,0.18260555,0.16059873,0.37859553,0.34304106,0.21590519,0.12216714,0.070851974,0.24997331,0.08680796,0.2695459,0.15503089,0.17932856,0.24879897,0.23589244,0.46116143,0.27033675,0.30866498,0.39569932,0.104988225,0.24511589,0.327505,0.22883433,0.33649957,0.27017075,0.30523062,0.26668277,0.18687874,0.09152925,0.35712793,0.26565087,0.39463985,0.21793479,0.23649353,0.15139246,0.40689933,0.41669065,0.38535902,0.33509177,0.23133889,0.31268024,0.27106524,0.4383759,0.28234494,0.26766625,0.39793217,0.6753157,0.2800724,0.33532494,0.29438615,0.26808465,0.32908756,0.38862893,0.59695166,0.27819324,0.2321172,0.31434688,0.4975201,0.18904376,0.42948565,0.37335137,0.21541421,0.2702711,0.3004766,0.0879336,0.26487496,0.25578302,0.35382712,0.27637297,0.24923843,0.23008974,0.12814,0.45879382,0.29411805,0.3571872,0.3077904,0.09111688,0.099060975,0.3065241,0.23927356,0.41673028,0.17184287,0.3037778,0.11757481,0.22839513,0.052691985,0.37053168,0.1594297,0.2683501,0.057741515,0.3331891,0.19767635,0.2412997,0.20332688,0.06388464,0.24330297,0.4004231,0.37760842,0.27594087,0.25074393,0.4716083,0.12864819,0.31964752,0.15368341,0.43174118,0.43465742,0.24161777,0.20630941,0.2304759,0.414716,0.41441047,0.38578868,0.30482152,0.29738575,0.33166698,0.33069202,0.29334167,0.08225021,0.16524352,0.11014841,0.46193686,0.21452513,0.24899027,0.3591481,0.12764332,0.22042166,0.21481907,0.15812077,0.3554633,0.23509617,0.31312096,0.29214266,0.37699026,0.13867494,0.35496148,0.337822,0.4708516,0.37697697,0.30810684,0.22411382,0.5235297,0.18581548,0.13711032,0.22752193,0.31238663,0.270398,0.5675318,0.23830345,0.26464605,0.40501708,0.16353917,0.03515787,0.18123196,0.19695973,0.4255442,0.14179128,0.11737743,0.16928412,0.1348731,0.34918964,0.4909332,0.43144044,0.18128219,0.14458053,0.22026975,0.26518968,0.25113767,0.32378095,0.21096063,0.19028574,0.31131122,0.16769186,0.28653008,0.4408769,0.30386794,0.27339798,0.29561725,0.19460547,0.45510328,0.35226738,0.35925275,0.3698755,0.388696,0.3299953,0.27614295,0.36217666,0.3294879,0.18579477,0.47135577,0.49767846,0.26515585,0.433347,0.3317385,0.31061324,0.33958507,0.24538016,0.33703429,0.05060676,0.25371924,0.09008165,0.049856562,0.41113475,0.33343032,0.40385002,0.47658202,0.25490135,0.59580326,0.3132965,0.35536915,0.25322482,0.108046755,0.06738435,0.3196773,0.14783394,0.19741401,0.3864156,0.35966104,0.36427653,0.3423587,0.12510152,0.22368848,0.25569624,0.42394412,0.4706601,0.46146286,0.3915966,0.3749478,0.33923236,0.18335433,0.367248
charred,0.32046866,0.186326,0.06584857,0.0766513,0.13676126,0.051041562,0.09806576,0.14963879,0.16575652,0.13647503,0.053975064,0.27449048,0.038166553,0.15521502,0.024057502,0.36916915,0.14489862,0.15196416,0.64003253,0.31780663,0.16641426,0.14174052,0.20979223,0.3909133,0.12760825,0.11017041,0.2716115,0.39872324,0.3093168,1.0000001,0.30659047,0.05715669,0.32266852,0.12418719,0.2981068,0.41023433,0.18836859,0.027190682,0.6380328,0.045032572,0.18930098,0.40537483,0.2027582,0.34970438,0.2711496,0.10072973,0.10753089,0.16400722,0.27643567,0.13927187,0.07253919,0.19618766,-0.029206987,-0.0045214333,0.36819422,0.39207095,0.38398546,0.39456517,0.1809943,0.20549451,0.42490283,0.15825829,0.13460836,0.2577928,0.2335658,0.04728755,0.16492757,0.054652613,0.34449732,0.46378446,0.41820693,0.084880605,0.21117485,0.08835943,-0.026659464,0.2331451,0.1092315,0.19763406,0.2743274,0.13842945,0.22071144,0.17634737,0.03416902,0.1401144,0.033443034,0.14832291,0.23540577,0.17539968,0.11049203,0.15585409,0.3281024,0.15422079,0.23530824,0.1815823,0.14436069,0.17977223,0.18567556,0.65622807,0.34659797,0.13266732,0.48458725,0.15366784,0.060727976,0.1289494,0.22549337,0.045723125,0.15785155,0.076421306,0.21554449,0.12603793,0.18544784,0.23456246,0.040649917,0.25238577,-0.0339142,0.18240944,0.13315089,0.01684999,0.056628972,0.3704273,0.41931772,0.1401233,0.30783528,0.13070214,0.09842411,0.01303288,0.011986082,0.8329583,0.4054352,0.022611631,0.031528264,0.24864036,0.09348181,0.15765676,0.11199664,0.2072092,0.11704774,0.15950437,0.09478548,0.2441614,0.10044907,0.28337383,0.11952272,0.17994389,0.56515133,0.29377446,0.23155177,0.04583936,0.40214568,0.33451495,0.09278095,0.04419059,0.16367045,0.071455136,0.10115665,0.16668403,0.20582128,0.36856452,0.34661162,0.12610537,0.02827214,0.1982122,0.13272072,-0.004629709,0.09361892,-0.06819214,0.037182055,0.07526461,0.025837341,0.11697802,0.1493229,0.17835498,0.052853107,0.1559222,-0.0029325467,0.12880743,0.15029459,0.16919973,0.19659549,0.11621626,0.23863527,0.20154475,0.18605758,0.06354725,0.08662757,0.11224044,0.13152315,0.27344665,0.057869926,0.3967551,0.05769199,0.35993984,-0.0065476317,-0.011684207,-0.006095744,0.21360213,0.18244469,0.28892386,0.008918168,0.094251424,0.2032817,0.050681785,0.14970778,0.05987596,0.04756803,0.014437811,0.19374359,0.15452385,0.25145426,0.17334339,0.17741573,0.12878981,0.30067164,0.14053383,0.08950083,0.12909126,0.29186174,0.14936736,0.14840883,0.1777226,0.1412929,0.13734917,0.15421355,0.1464129,0.13776137,0.20530272,0.21592645,0.0845092,0.3365972,0.29268217,0.36494735,0.07250244,0.07348922,0.12250106,0.17219338,0.16740327,0.09015687,0.14649138,-0.061630145,0.08918675,0.010363927,0.22298044,0.16599543,0.32377267,0.14103347,0.1396728,0.2741421,0.11857565,0.13356346,0.31167328,0.14922363,0.31080645,0.20314537,0.35143548,0.47723144,0.008116219,0.18201047,0.2474946,0.40868425,0.12375289,-0.044631597,0.2091189,0.37402737,0.3824017,0.21073246,0.13339336,0.1703636,0.14499578,0.1254285,-0.03653183,0.14949891
evaporate,0.22244158,0.2898727,0.29045123,0.07865086,0.16218978,0.18933988,0.1764043,0.13804957,0.24774733,0.08272971,0.22496997,0.2551929,0.12735257,0.13697314,0.09786964,0.31212267,0.4791695,0.079551555,0.22637409,0.19596623,0.18124124,0.2054733,0.18411918,0.20037976,0.19564256,0.109192625,0.7613493,0.10357494,0.301448,0.30659047,1.0000002,0.5650568,0.12040799,0.069500186,0.14914882,0.21291144,0.23647884,0.11604186,0.16940114,0.24231097,0.18733379,0.39888313,0.37719703,0.37055308,0.39810914,0.2996174,0.42201358,0.092379004,0.19765182,0.10406472,0.049289573,0.03342189,0.072900265,0.054189317,0.28908956,0.3419053,0.13957557,0.25518316,0.14933908,0.15588647,0.21382584,0.31725436,0.1469844,0.3992545,0.113999,0.19130443,0.3920279,0.16585714,0.1922768,0.26761752,0.23704039,0.13921493,0.15086319,0.1895468,0.03848887,0.16053939,0.18370348,0.5432906,0.21778211,0.15496331,0.14539948,0.62793434,0.45600006,0.36633778,0.11250204,0.63358516,0.365552,0.29848284,0.49660218,0.4282093,0.24760526,0.433771,0.18704095,0.37173718,0.24739492,0.18799824,0.28722578,0.2025074,0.25149924,0.30288908,0.27311334,0.3548549,0.19344848,0.21380737,0.3563916,0.06830437,0.7622272,0.029643517,0.30647415,0.13324009,0.20323151,0.120703205,0.17703636,0.06776363,0.12559433,0.38264948,0.0032341338,0.08772978,0.35836977,0.49939084,0.46166354,0.1819542,0.3592501,0.40362728,0.07473858,0.055136487,0.03651566,0.29988676,0.39863163,0.04412338,0.29642254,0.36564946,0.06496663,0.3707434,0.43418318,0.17698067,0.3110943,0.31385723,0.061034434,0.5034577,0.2504596,0.073745385,0.25703216,0.05805289,0.18937561,0.5414807,0.27683115,0.039835528,0.3527459,0.3207573,0.23192856,0.20361531,0.3568861,0.10772933,0.16733627,0.30850008,0.20920874,0.42837846,0.2065579,0.10129478,0.098391265,0.15502125,0.10562976,0.09299135,0.2669355,0.092301324,0.2611424,0.10234611,0.06330372,0.16674274,0.30594015,0.11875799,0.17655073,0.13007501,0.17389187,0.15213162,0.61561906,0.36252797,0.093824536,0.20766218,0.2756201,0.30979013,0.09530399,0.10549706,0.11398935,0.27165937,0.1537976,0.17443694,0.4511014,0.43450624,0.20603552,0.5915641,0.12230624,0.15585038,0.06440661,0.1829252,0.12559253,0.31712914,0.08080836,0.1899853,0.15961328,0.23901471,0.24233285,0.1353631,0.17963095,0.056905255,0.26715812,0.1418288,0.41929454,0.20439222,0.097190976,0.19113158,0.42265856,0.17531136,0.25905365,0.17929581,0.25103912,0.16120356,0.13981399,0.23377788,0.24982932,0.15354234,0.12015706,0.26792574,0.2918911,0.13209565,0.38959983,0.13057587,0.19124758,0.08495999,0.21096332,0.21545088,0.18926778,0.13952169,0.25430557,0.13623258,0.2004532,0.5286081,0.008126315,0.098346755,0.10435018,0.1458206,0.31479758,0.44778925,0.204703,0.15552184,0.34530884,0.24608949,0.10561058,0.1176663,0.14338689,0.26733783,0.25520816,0.26276165,0.24936831,0.11211792,0.27678323,0.7660954,0.43824467,0.29628754,-0.007443333,0.092759416,0.35424957,0.2966361,0.24047722,0.15245143,0.26170704,0.13240409,0.075617716,0.067397,0.16445382
condensed,0.06561568,0.23510134,0.28052878,0.11933648,0.12549455,0.20512572,0.27124563,0.13602662,0.21202424,0.2193132,0.047397323,0.15931912,0.0094898585,0.047706854,0.12960735,0.28697887,0.48754793,0.16513541,0.045397513,0.20687856,0.064486325,0.2206188,0.017769404,0.061741173,0.09105544,0.13857338,0.74244934,0.16701764,0.27940965,0.05715669,0.5650568,1.0000001,0.017829683,0.05071306,0.04011383,-0.003592519,0.19746819,0.21365093,-0.028424073,0.20888916,0.27200806,0.25803027,0.10161768,0.2811191,0.3072669,0.26171213,0.31399316,0.13377464,-0.044678822,0.23100306,0.01116237,-0.037576288,0.23934446,0.16192669,0.16525114,0.11652085,0.14677829,0.2532122,0.18747026,0.17415278,0.07585662,0.29570907,0.26525807,0.30391055,0.090596914,0.2544273,0.27493918,0.4158895,0.06289869,0.077844374,0.15819335,0.09843482,0.19911349,0.2577971,0.12844652,0.112999976,0.14964433,0.41458523,0.080186024,0.26391554,0.21476316,0.60072255,0.4986437,0.3623634,0.18747976,0.5078283,0.30812743,0.25735492,0.45709342,0.3687687,0.07268036,0.49501884,0.22952422,0.3746012,0.27101222,0.18166086,0.31501862,0.051780954,0.24608953,0.36546603,0.16633463,0.3952002,0.34386995,0.3576456,0.29942906,0.23825526,0.59956986,0.011209775,0.43272966,0.024952015,0.25342315,0.15180367,0.28496414,0.1631296,0.1313521,0.4474029,0.0972698,0.07192848,0.20006585,0.22875494,0.24363011,0.21316564,0.099156335,0.39623708,0.14242148,0.12300833,0.18073806,0.108889505,0.17352064,0.06225808,0.084631324,0.3137726,0.11402531,0.4234556,0.45401603,0.12275088,0.29412282,0.32086405,0.27022183,0.3343525,0.28386462,0.12998284,0.28684005,0.08218582,0.029372443,0.59511375,0.2605108,0.049420573,0.117802694,0.23911497,0.1431461,0.39628565,0.3948332,0.056551307,0.20697016,0.28393865,0.16829266,0.24206905,0.12899365,0.11820376,0.18116689,0.16535446,0.24855046,0.2845107,0.2446798,0.0717946,0.33784598,0.19786403,0.2345289,0.17028081,0.30605978,0.07464108,0.43711334,0.35364297,0.21697246,0.32635832,0.53575134,0.35785985,0.12823796,0.27404115,0.056191985,0.2872015,0.030323012,0.21540472,0.16373312,0.25367463,0.30051225,0.068689,0.5736119,0.22788113,0.3263712,0.2514231,0.23442703,0.16120738,0.15390268,0.1385429,0.037985243,0.07917595,0.06620599,0.25643367,0.19325191,0.3322537,0.30929786,0.116786435,0.14658661,0.05403537,0.2965983,0.13158798,0.28283873,0.08244092,-0.004042917,0.14283277,0.17362995,0.23548475,0.37218314,0.22898027,0.046737365,0.2402067,0.19519715,0.14323089,0.352595,0.2679512,0.20829454,0.3209753,0.29619306,0.15000844,0.37934402,0.26610428,0.16126165,0.15453492,0.18828703,0.32663074,0.2110628,0.2819011,0.36240244,0.2292996,0.35541317,0.40345722,0.027555745,0.18117133,0.07732437,0.12526716,0.2611333,0.25875634,0.33073598,0.16835062,0.06682719,0.28234926,0.23483384,0.10567017,0.0728572,-0.002203377,0.038935218,0.09142442,0.14673382,-0.027657552,0.39853498,0.5513848,0.19965398,0.30609375,0.036779545,0.13606855,0.13527703,0.15438652,0.2172859,0.15449367,0.30005562,0.11397736,0.12765378,0.1308302,0.27576953
griddle,0.28352147,0.07501662,0.046807077,0.20680675,0.19531533,0.113120414,0.059547655,0.12120088,0.055625338,0.13124819,0.23841885,0.33435822,0.20392425,0.21399765,0.15481378,0.032782257,0.086795315,0.10719631,0.24485755,0.08705139,0.33795,0.014896905,0.30362618,0.20707843,0.1462521,0.22712684,0.05238162,0.3135103,0.07634468,0.32266852,0.12040799,0.017829683,1.0,0.3100059,0.4994051,0.3505689,0.112678826,0.2855899,0.39823595,0.3129348,0.10525563,0.38712883,0.14091776,0.26192006,0.20970555,0.04769896,0.089292,0.10640933,0.20502257,0.36392796,0.09396487,0.31915075,0.11233078,0.21657471,0.18684027,0.2408582,0.13816223,0.35156423,0.19874153,0.17657587,0.42848405,0.14602558,0.2363891,0.2470865,0.24495491,0.19531655,0.106155515,0.23679668,0.19162275,0.354572,0.24497163,0.32624972,-0.020606142,0.23385423,0.113096714,0.17985392,0.047762223,0.07053809,0.28301877,0.1595276,0.18075642,0.17699818,-0.06143152,0.006079484,0.16367617,0.10885102,0.26205993,0.17207539,0.074717484,0.08542973,0.3747368,0.04705368,0.100960895,0.06990601,0.09153898,0.046575338,0.18577752,0.21432598,0.18617252,-0.030148145,0.19720197,0.044699643,0.10502973,0.12218878,0.09180929,0.23008728,0.061345156,0.27395326,0.17230403,0.23646522,0.04745508,0.34504104,0.24186268,0.033785596,0.06784944,0.17814746,0.2636292,0.14698444,0.10660118,0.36122575,0.29932463,0.30937335,0.3446636,0.097717784,-0.05170602,0.13771448,0.14615235,0.28577456,0.27684963,0.07855252,-0.038966376,0.19184063,0.22294018,0.11972153,0.04906103,0.019064229,0.15082964,0.16106097,0.15761985,0.31959197,0.22508465,0.09413493,0.32519478,0.22266528,0.30503768,0.024851553,0.2319096,0.16965607,0.34222206,0.21734142,0.094857976,0.07369346,0.1969615,0.15956965,0.12998362,0.0048176944,0.15987742,0.27026966,0.46022183,0.2824003,0.16352636,0.10203229,0.05449273,0.15218635,0.065902196,-0.023877341,0.220643,0.050488763,0.16948913,0.16662085,-0.023829514,0.24692518,0.24128014,0.094579935,0.043426834,0.09596935,0.21663219,0.15501645,0.2444897,0.26231444,0.14449729,0.24611063,0.17340255,0.17086591,0.27001712,0.14853841,0.24471828,0.22727908,-0.039823666,0.2665782,0.19637606,0.28448611,0.17337689,0.12508522,0.20683643,0.15037137,0.43336436,0.25692517,0.24241638,0.03597181,0.21025282,0.21218872,0.0891192,0.31420356,0.027454872,0.22165489,0.30586502,0.055931192,0.20123464,0.08714734,0.2323339,0.16713965,0.27084994,0.124093115,0.1196609,0.15224901,0.31866023,0.27776802,0.30382627,0.083563015,0.23876329,0.012367355,0.008101935,0.061207455,0.20763779,0.29616106,0.16371858,0.022748657,0.35437024,0.116062224,0.23132287,0.22178951,0.08504449,0.2144472,0.26227123,0.25160882,0.36688355,0.038890444,-0.025956862,0.060479112,-0.018161973,0.55385303,0.10621911,0.2731579,0.07388093,0.08458339,0.10096964,0.036979057,0.30517024,0.09734839,0.2501308,0.21855637,0.11719104,0.33688954,0.45839584,0.1181619,0.008133557,0.15286025,0.19480497,0.07527522,-0.017274883,0.2908929,0.34452072,0.24758577,0.2604379,0.14363267,0.10060567,0.22841322,0.03750842,0.04714527,0.04995154
presentation,0.22195373,0.065818384,0.09414085,0.25737926,0.23109856,0.05048111,0.08149587,0.23772506,0.014982941,0.04340432,0.34203225,0.2294531,0.3360088,0.11202289,0.24464032,0.109428085,0.18421578,0.14206022,0.29745638,0.13587856,0.39707792,0.18929935,0.1180804,0.25672626,0.22389062,0.15958828,0.014997482,0.1812324,0.28347623,0.12418719,0.069500186,0.05071306,0.3100059,1.0,0.22448781,0.28880745,0.14789382,0.41029838,0.24459155,0.18453917,0.25161952,0.22177598,0.10744192,0.09544395,0.21475086,0.077864096,0.2275651,0.13324806,0.10392548,0.25090665,0.33441824,0.22906654,0.19094709,0.47484705,0.18578508,0.22956423,0.30857375,0.26589334,0.52662235,0.3251413,0.22542226,0.2856447,0.26310375,0.15823102,0.23068464,0.24415335,0.11026035,0.21590152,0.13631701,0.14360796,0.28050637,0.3784423,0.22917315,0.22613734,0.22568637,0.17452183,0.13325472,0.08502191,0.31296837,0.27428383,0.17360917,0.05712141,0.0027764891,0.1905101,0.1476652,0.02285936,0.16714974,0.32391256,0.09335101,0.17401542,0.30329797,0.004371646,0.11830622,0.07288381,0.22883144,0.13838674,0.029426279,0.16958946,0.2024629,0.018742824,0.21264553,0.012762111,0.04206044,0.1432881,0.1281167,0.22468895,0.030073898,0.74377584,0.207899,0.14502758,0.09759299,0.38768888,0.27358615,0.2234855,0.20876592,0.2388462,0.53572404,0.021848312,0.15771326,0.18195158,0.2768616,0.3663926,0.1749514,0.030618731,-0.004347438,0.473682,0.24842447,0.14451477,0.18299538,0.098462865,-0.028636843,0.039379578,0.34113014,0.00023607304,0.06650935,0.093593165,0.11553666,0.079021096,0.116553865,0.15078191,0.296863,0.25622997,0.1275239,0.34913865,0.21015045,0.099060595,0.19928533,0.33406192,0.2548681,0.2309089,0.2913729,0.17527497,0.33132863,0.5473471,0.15306187,0.04090824,0.14457467,0.11082058,0.11514273,0.3942293,0.21392323,0.17828813,0.110427156,0.18121216,0.0517136,0.0462329,0.13446116,0.1651071,0.14105639,0.31321678,-0.06150935,0.282642,0.16634138,0.1083848,0.1086594,0.19089739,0.27791354,0.20458364,0.30956978,0.37136006,0.16292988,0.25752735,0.18543345,0.21447538,0.28224418,0.35114634,0.15678626,0.27307418,0.015485028,0.07903399,0.11370625,0.08612498,0.19855237,0.37742436,0.33071318,0.19827113,0.3293252,0.13865757,0.21053308,0.10538581,0.1452021,0.10895377,0.102223665,0.167694,0.15984315,0.448463,0.20046437,0.12355635,0.19083005,0.2686224,0.20323607,0.27778345,0.11768292,0.16394514,0.192294,0.23785393,0.3030612,0.3675775,0.20046306,0.19847141,0.28911728,0.1998434,0.14108925,0.10102199,0.25525028,0.189303,0.14147182,0.10956739,0.14730889,0.25043625,0.27979514,0.17104405,0.13568336,0.317743,0.24416816,0.19106612,0.45625898,0.039235637,0.019787993,0.12254139,-0.027262328,0.16916424,0.13012843,0.1616885,0.11223103,0.15404361,0.103084534,0.1365852,0.35122082,0.1449143,0.3520341,0.09232451,0.10818039,0.14387135,0.10341723,0.10766068,-0.025828272,0.07804678,0.2046085,0.16012394,0.13336186,0.37067366,0.17058465,0.34986168,0.34864783,0.20566244,0.07087585,0.34291697,0.12009761,0.08757067,0.15420614
dredge,0.2693779,0.03950031,0.075360276,0.21639453,0.5619107,0.097578876,-0.0232572,0.1590429,0.13549843,0.22500223,0.106325835,0.2511912,0.037609894,0.23154104,0.17642868,0.080484435,0.20391071,0.06274903,0.22357515,0.17014346,0.47047412,0.020809337,0.23105317,0.2941621,0.14550996,0.52208406,0.06258926,0.31256598,0.15627506,0.2981068,0.14914882,0.04011383,0.4994051,0.22448781,1.0000001,0.3557611,0.03201473,0.08190439,0.3257951,0.14690392,0.067574285,0.27249312,0.08845896,0.34625435,0.27777088,0.22753331,0.070153035,0.06787638,0.49742687,0.39735723,0.1557203,0.31155723,0.0509656,0.14438745,0.2078808,0.33652017,0.13788304,0.20468357,0.24709207,0.18081033,0.36959004,0.09971065,0.0765326,0.20225976,0.20273823,0.0041187312,0.10147573,0.07676782,0.1599412,0.4566465,0.36166137,0.18749611,-0.028376333,0.1239409,0.05527804,0.21866351,0.12097606,0.26395735,0.29364395,0.08974079,0.14343977,0.17464767,0.020841904,0.13626364,0.07645858,0.084423795,0.33826068,0.2501436,0.26541784,0.30957767,0.2970026,0.17435274,0.11436543,0.08063169,0.15708621,0.050829947,0.083422795,0.18211767,0.17772284,0.03991301,0.22984701,-0.033045396,-0.035182323,0.0728747,0.09146741,0.00094949873,0.15998957,0.16505706,0.097884566,0.047572978,0.012479566,0.25515062,0.016793277,0.0041052364,0.032563318,0.13864401,0.31378168,0.10201268,0.04794862,0.35917997,0.47189468,0.16533963,0.37805295,0.2434899,-0.07139535,0.12699607,-0.010132689,0.27974534,0.43512207,0.027182646,0.18375322,0.20052448,0.16983457,0.1674071,0.02601914,-0.014228151,0.19311634,0.29279146,0.26784006,0.35685402,0.14214227,0.13279682,0.12178675,0.29848093,0.37823313,0.12163138,0.4807016,0.10565514,0.3306141,0.18499926,0.047104992,-0.023186028,0.21851492,0.10866691,0.022773148,0.13148995,0.1741931,0.29467317,0.41807005,0.12112836,0.014466669,0.2135672,0.099345215,-0.03676565,0.021962594,-0.03668686,0.05938896,0.1477043,-0.04713938,0.1761845,0.14241058,0.3565367,0.05379636,0.093923196,-0.036405616,0.030300576,0.13759339,0.22072199,0.5010748,0.12688613,0.15424457,0.22656308,0.27850792,-0.02488049,0.3074823,0.24942955,0.52160156,0.2895527,0.09385307,0.2922964,0.07606931,0.2925142,-0.031662248,0.18908891,-0.0161505,0.059934463,0.49814528,0.30528086,0.06365886,-0.024088219,0.09783376,0.15742183,0.17909077,0.093227826,0.1414666,0.19494174,0.32612625,0.043728758,0.07425744,0.16047369,0.4067304,0.33730936,0.22037035,0.12796167,0.03228937,0.10024628,0.31061548,0.21386015,0.4628017,0.038937118,0.100892805,0.05938753,0.14018114,0.14143962,0.16989194,0.56647164,0.34854162,0.05931261,0.35388738,0.12330047,0.23368773,0.03505107,0.09394357,0.093305394,0.16536044,0.30126107,0.1333174,0.21201141,-0.053783245,0.0661308,0.009441843,0.34921795,0.15661423,0.3480107,0.16424158,0.14534691,0.079367146,0.13297705,0.13278763,0.14159608,0.24783817,0.43162543,0.251175,0.34466833,0.4073174,0.0029818527,0.076518506,0.20385969,0.25545025,0.044815578,-0.03928807,0.3670204,0.3339305,0.24845646,0.17312855,0.1898843,0.07145563,0.16544974,0.14892815,0.0131219085,0.10657959
barbecue,0.38930607,0.1669958,0.068440355,0.15873343,0.11320433,0.08884654,0.08040881,0.11887435,0.07205835,0.09113076,0.24769743,0.3925724,0.067137495,0.19262254,0.14249414,0.05196173,0.1157384,0.12307194,0.48436534,0.18248142,0.2660964,0.060587287,0.31571567,0.20046239,0.1544061,0.14074993,0.13333598,0.3637929,0.14870235,0.41023433,0.21291144,-0.003592519,0.3505689,0.28880745,0.3557611,1.0,0.053827893,0.09046618,0.51389337,0.10235763,0.10033354,0.16938433,0.085392654,0.33492634,0.20770442,0.11656803,0.12869489,0.12263878,0.40315998,0.16739109,0.16690852,0.31531322,0.25299132,0.20695737,0.38261566,0.32980484,0.1582246,0.31846482,0.16366632,0.300818,0.4601739,0.20210923,0.049960464,0.2939015,0.15888482,-0.007766906,0.18740085,0.10028466,0.2666365,0.29810318,0.19436815,0.2800007,0.05082786,0.12512963,0.065397404,0.40408716,0.122057185,0.09209658,0.39863196,-0.039761174,0.04050696,0.10861799,-0.026878327,0.011110181,0.12058022,0.036507417,0.31445608,0.25282326,0.14566216,0.07844158,0.44085258,-0.013258655,-0.07172213,0.02297566,0.18062994,0.08743792,0.035136245,0.46395022,0.15494107,-0.029133754,0.18745282,0.10851553,-0.050319545,0.024390947,0.23998922,0.09062615,0.0900717,0.2745642,0.08483653,0.1480442,0.06033907,0.3147015,0.041932225,0.105120614,0.0532275,0.091062635,0.19399169,0.04019696,0.15242776,0.44113392,0.5341443,0.19421433,0.5053045,0.020428088,0.12418993,0.09714295,0.056637798,0.4131812,0.5107711,0.048182018,0.21975371,0.094381414,0.27268502,0.07767025,0.03901261,0.22132993,0.18268423,0.09603119,0.07251951,0.4153156,0.063897975,0.11644405,0.15779376,0.198651,0.44081602,0.086791486,0.10608989,0.07455182,0.3804161,0.2107977,0.18679005,-0.026338592,0.15538077,0.2545413,0.02193682,0.1475279,0.17508206,0.35274237,0.39205825,0.20762853,0.08579781,0.1210661,0.066712074,-0.0071060015,0.07099388,0.04567355,0.062337723,0.115753055,-0.0074401256,0.18774065,-0.0019240803,0.3543859,0.06160412,-0.0048086587,0.044266045,0.0007507494,0.19843224,0.1092398,0.14478844,0.18603683,0.20949575,0.21202707,0.34897268,0.061773457,0.29032937,0.28532696,0.11132154,0.27396753,-0.049693346,0.22950701,0.14940652,0.39544964,0.026606329,0.19331777,0.08453345,0.08120057,0.41413668,0.39895958,0.19699523,0.033133734,-0.021383112,0.09615617,0.03761282,0.12212707,0.17898159,0.22487217,0.244039,0.12819543,0.17730324,0.28525436,0.3695659,0.25918728,0.35629326,0.10039535,0.037994858,0.11749591,0.49797204,0.09237691,0.13833648,0.11727282,0.10171564,0.07920864,0.09164815,0.12721884,0.15831876,0.2860234,0.16151834,0.07521487,0.4028937,0.17412797,0.26201677,0.038896795,0.19921866,0.10085073,0.12651041,0.24691835,0.18006575,0.09546299,0.049689315,0.037040304,0.093439564,0.29244792,0.25870007,0.3409717,0.05441443,0.040006913,0.18777508,0.14589229,0.16839275,0.18436842,0.38600916,0.42096916,0.3221758,0.3551954,0.38228142,0.16677618,0.029978622,0.1503235,0.31505126,0.09910426,0.03623922,0.23717786,0.46793398,0.41317332,0.2175372,0.10536256,0.10151683,0.26849625,0.10031595,0.037404932,0.14318317
curdle,0.2901085,0.25895515,0.18513352,0.2008434,0.091695234,0.19311632,0.11583622,0.099810585,0.17460431,0.11683598,0.0749253,0.16330977,0.19374044,0.25159204,0.16612329,0.27569696,0.26780176,0.2515429,0.2435433,0.081809714,0.122810796,0.32458818,0.0143714305,0.21011476,0.27979153,0.17889303,0.21253715,0.097590074,0.20937039,0.18836859,0.23647884,0.19746819,0.112678826,0.14789382,0.03201473,0.053827893,1.0,0.21036422,0.11889449,0.10994412,0.2873549,0.24999517,0.19126888,0.19664507,0.15347183,0.16568321,0.1891859,0.24460045,0.045010097,0.2174863,0.112034455,0.222186,0.1477094,0.18729451,0.34999335,0.28337583,0.1465932,0.35901862,0.13552128,0.2929141,0.086406015,0.3319922,0.3923357,0.30045226,0.07986243,0.23136972,0.22283712,0.2365263,0.29786384,0.16912355,0.19849147,0.24307758,0.08068699,0.25535426,0.227715,0.12600856,0.10244677,0.2164879,0.07875469,0.3056336,0.15449521,0.31567585,0.2742893,0.31012508,0.14203608,0.21176586,0.23953943,0.18288442,0.20126794,0.1647442,0.087621965,0.2438982,0.31260943,0.30819133,0.1890518,0.2269978,0.11336124,0.17301816,0.24514367,0.30462554,0.2599749,0.15359399,0.25494546,0.1659541,0.37848186,0.09720902,0.17843813,0.15930153,0.191071,0.13419436,0.30487478,0.1655069,0.24186337,0.29853588,0.10298024,0.23781654,-0.03032951,0.07917743,0.16043895,0.1758959,0.1293634,0.2776167,0.09955756,0.19305104,0.024884516,0.10416043,0.18946415,0.18917839,0.13121626,0.15217745,-0.014784915,0.1455404,0.14410064,0.13460708,0.27524397,0.19342764,0.110897124,0.10480333,0.06815003,0.11749455,0.18840393,0.06241819,0.21109778,0.043934446,0.2072134,0.23273371,0.1793195,0.24038368,0.20925322,0.34159896,0.1644589,0.23274538,0.22640923,0.10410677,0.06700032,0.26188973,0.31364724,0.2889092,0.11789656,0.30184853,0.2205711,0.2842926,0.14990562,0.16557392,0.09000486,-0.004825432,0.13918048,0.2925908,0.30537257,0.20906033,0.16251467,0.21752003,0.25460467,0.35389435,0.011848094,0.28908378,0.27602193,0.18414354,0.05399774,0.2899158,0.14544705,0.257372,0.0056941807,0.13967955,0.30681837,0.14441955,0.12733427,0.17186327,0.1768351,0.3500712,0.119677395,0.09792274,0.14052916,0.24714811,0.36806208,0.08839926,0.15171382,0.05953662,0.12776592,0.15994889,0.25710475,0.17069416,0.3063534,0.20169523,0.24681619,0.034035534,0.2165034,0.23701364,0.37138247,0.13431355,0.09800969,0.14430022,0.250467,0.12713107,0.31411457,0.19330534,0.09099236,0.23148933,0.08925922,0.09105624,0.17980357,0.29407948,0.29124013,0.21070352,0.23003504,0.1464825,0.13246086,0.17834052,0.19474068,0.071096614,0.24201147,0.14016503,0.0922016,0.23319983,0.26690152,0.25280255,0.28017196,0.19269267,-0.040840607,0.13114262,0.010212675,0.045827944,0.14042848,0.2003287,0.26708847,0.017327188,0.1354589,0.2217094,0.1869824,0.0589213,0.09804104,0.042729016,0.04702599,0.16078955,0.142651,-0.064147085,0.14020558,0.22778848,0.24011537,0.23160729,-0.08756095,0.053608432,0.15915848,0.2373707,0.13964592,0.27425748,0.16035262,0.0351092,0.28110206,0.12723492,0.22807677
dollop,0.2374458,0.15365806,0.09989622,0.27968428,0.19753048,0.1804784,0.034923077,0.21765155,0.066448644,0.17665918,0.27026406,0.22082606,0.19632655,0.15507792,0.24681154,0.1212946,0.30305076,0.30053028,0.1685423,0.091081105,0.17733936,0.19075088,0.15925467,0.15739432,0.27720952,0.02578377,0.15706775,0.163594,0.26685777,0.027190682,0.11604186,0.21365093,0.2855899,0.41029838,0.08190439,0.09046618,0.21036422,1.0000005,0.10276279,0.22262338,0.3176526,0.28206092,0.15442778,0.023777768,0.37956238,0.114853546,0.25113055,0.2818728,-0.0027686153,0.32451373,0.24796392,0.2181303,0.22803235,0.43705115,0.07804438,0.14790532,0.19541177,0.30286133,0.35483307,0.34162074,0.13012159,0.37101996,0.3691857,0.176561,0.24803314,0.22901225,0.1274139,0.29743755,0.1453187,0.07734698,0.19246835,0.41622904,0.19225042,0.22700275,0.15573458,0.12704518,0.12541854,0.15584055,0.20162207,0.3168012,0.27030596,0.10829721,0.110054344,0.24976404,0.30690384,0.18042034,0.32953668,0.3392838,0.18950944,0.13076064,0.16065615,0.13675791,0.18950108,0.3148518,0.15843599,0.22509566,0.08872177,0.084751025,0.26061836,0.085021086,0.1991408,0.115407825,0.28429317,0.1782515,0.08384253,0.22390212,0.12345868,0.31783384,0.21993582,0.08995056,0.22195864,0.36390957,0.36224997,0.19101712,0.065653704,0.29580015,0.1812979,0.050849788,0.18842085,0.21533236,0.2200168,0.41734815,0.14324723,0.096514896,-0.058078796,0.15201446,0.20951588,0.0672795,0.08979187,0.065471396,-0.061000742,0.058036722,0.2427511,0.063226745,0.17949039,0.033893712,0.02843573,0.11423202,0.07988953,0.19141139,0.48830414,0.1728766,0.21788758,0.2178925,0.09409475,0.18429667,0.1282549,0.19613773,0.27240488,0.23604381,0.25222337,0.2729345,0.27600622,0.30782264,0.6266425,0.19648433,0.17391011,0.08061914,0.14575282,0.37934366,0.10345584,0.16958013,0.23430008,0.30872315,0.12451483,-0.017339915,0.5301844,0.2397361,0.22343105,0.22707778,0.01844162,0.21297178,0.2998714,0.14003019,0.32976967,0.26416573,0.35266882,0.25810367,0.07402347,0.50172025,0.20405483,0.32437646,0.25299573,0.29983103,0.31037444,0.26071292,0.10129869,0.20368056,0.16305448,0.08440149,0.16160354,0.11042498,0.2956153,0.4169861,0.51492465,0.098599695,0.22120939,0.09407428,0.16395806,0.33731297,0.130771,0.24520087,0.18096738,0.27745068,0.20669061,0.39373246,0.109149165,0.09181534,0.30353987,0.21723032,0.23707075,0.23966071,0.05983888,0.28568625,0.25417736,0.34839004,0.19260466,0.45239025,0.07980959,0.1531232,0.44767147,0.26106137,0.17361659,0.16479447,0.16945665,0.12718499,0.10124047,0.19599977,0.10796167,0.189422,0.16104649,0.37729394,0.11636353,0.45193896,0.3159197,0.21287563,0.60273874,0.12658754,-0.006873776,0.22430772,0.0030678972,0.35464746,0.14319052,0.17999259,0.20665646,0.19065204,0.12338798,0.21769255,0.4367132,0.21742952,0.28894067,0.081006326,0.107433416,0.1377216,0.11971988,-0.047918852,0.07923019,0.124308154,0.24297462,0.22748303,0.082375124,0.026473802,0.11850761,0.31755352,0.20999023,0.20262781,0.15300456,0.30912143,0.18885703,0.10987737,0.1633228
scorching,0.46726364,0.101455,-0.054615445,0.045986533,0.10914519,0.038838834,-0.015483381,0.0889229,0.17987114,0.1065906,0.15539712,0.2839609,0.057657067,0.24017502,0.0558642,0.08537339,0.10609157,0.14650124,0.52212566,0.13039881,0.17451254,0.057588123,0.3775341,0.25511658,0.221005,0.09959243,0.21358114,0.44118887,0.04892459,0.6380328,0.16940114,-0.028424073,0.39823595,0.24459155,0.3257951,0.51389337,0.11889449,0.10276279,1.0000001,0.114322014,0.096031554,0.28690195,0.22583833,0.4292432,0.22518398,0.088170506,0.10917588,0.17223114,0.44847846,0.18205032,0.17217441,0.27005702,0.010851972,0.13478842,0.40316498,0.46471858,0.11938083,0.324177,0.20261748,0.18329467,0.60239947,0.18167233,0.13591816,0.19909342,0.1213661,0.03884262,0.15812883,0.06224493,0.42522728,0.35939103,0.22888009,0.18724221,-0.0020391932,0.12931763,-0.0044296645,0.25719476,0.033264246,0.058672763,0.3336569,0.1005872,0.20311701,0.04541924,-0.1296142,0.010692815,0.04677139,0.022701634,0.2805311,0.15316212,0.05696375,0.012020961,0.37954864,-0.0060682213,0.010598933,0.06314348,0.010039626,0.1714054,0.03742753,0.390468,0.08981245,-0.047721855,0.20251949,-0.017116455,0.060317583,0.1455049,0.18494847,0.094383635,0.04078653,0.22272184,0.11189172,0.057135936,0.09095177,0.3470767,0.07490739,-0.030388974,-0.08088473,0.15993291,0.1602049,0.03190145,0.17722918,0.44818288,0.47136414,0.14823969,0.47422773,0.04969544,0.026472306,0.019500323,0.05568276,0.4858076,0.49418825,-0.036720227,0.047730938,0.099155836,0.15370771,0.02421855,-0.013700917,0.20148021,0.04563086,0.02040122,0.010828121,0.34744477,0.1444176,0.07421366,0.12337154,0.12683338,0.71015716,0.031691957,0.044914555,0.050610054,0.5274985,0.30622768,0.11568291,-0.002580504,0.063242316,0.18767639,0.007306019,0.05282718,0.1507363,0.42586908,0.60685503,0.20253916,0.0366852,0.12424532,0.10494056,0.0013142079,0.06539449,-0.050261416,-0.01426664,-0.0043355096,0.08091503,0.12538481,0.024058308,0.24332055,0.07162146,0.11761995,0.012917752,0.06778158,0.13017908,0.05667229,0.072751954,0.20022151,0.23935482,0.076462895,0.23380172,0.15642604,0.20979041,0.19846448,0.07513415,0.2334108,-0.044789962,0.43762526,-0.0020975184,0.3275532,0.058050677,0.13471027,0.0761272,0.07292884,0.39535666,0.5601588,0.029060483,0.017370936,0.026204329,-0.032626655,0.048297554,0.099363744,0.09446482,0.1393112,0.15956369,0.08941519,0.2247431,0.3041544,0.2437988,0.16447231,0.45625424,0.090589054,-0.027172977,0.10966758,0.37552577,0.13270926,0.089413494,0.099309266,0.14217135,0.016179485,0.009304283,0.06808196,0.10126784,0.1322898,0.11275798,0.03994187,0.5922075,0.096715674,0.13160919,0.080779836,0.032491464,0.12393663,0.10671811,0.16349444,0.20016967,0.031476356,-0.004788842,0.0115111545,0.0063787457,0.42746234,0.10462786,0.34464234,0.036685526,0.028403293,0.25597447,-0.05927271,0.15282442,0.11182025,0.25916374,0.48526806,0.30838388,0.5268028,0.5364778,0.026750725,0.009175098,0.10508032,0.42352253,0.030039182,-0.029134313,0.16749078,0.54965377,0.4531356,0.15822548,0.05180391,0.04555569,0.17418122,0.053322773,-0.062426545,0.024511326
tilt,0.22509414,0.24901599,0.4962811,0.25642914,0.16042069,0.30044767,0.14584704,0.031695902,0.014026947,0.16564733,0.34333295,0.33326045,0.2038979,0.27478313,0.15777382,0.15715493,0.25444204,0.2152709,0.085237816,0.088688076,0.17243841,0.15616499,0.2842061,0.06525837,0.16976091,0.17333195,0.23840609,0.117313854,0.15108395,0.045032572,0.24231097,0.20888916,0.3129348,0.18453917,0.14690392,0.10235763,0.10994412,0.22262338,0.114322014,1.0,0.16556564,0.38376936,0.27640104,0.28584296,0.2355828,0.08781068,0.07861564,0.20935382,0.045526005,0.18235148,0.041226387,0.13679188,0.110909946,0.26429677,0.27664042,0.17258434,-0.01581125,0.09570652,0.17169285,0.13856104,0.20184612,0.2260072,0.09786124,0.16416338,0.11582109,0.104366384,0.16365606,0.22530878,0.12563145,0.08142622,0.055554766,0.3169549,0.017517991,0.08685498,0.2125918,0.19023067,0.15713084,0.23506102,0.37724167,0.04741449,0.057779048,0.26324454,0.18220246,0.24465042,0.25733897,0.36538634,0.25859633,0.25644645,0.31098458,0.35123095,0.3422768,0.23096195,0.13817179,0.14752121,0.29390067,0.17014182,0.118095726,0.04675299,0.13243203,0.32712394,-0.008960146,0.25841886,0.09046388,0.22645721,0.27080694,0.06497459,0.20459157,0.16040045,0.07603035,0.258987,0.2340534,0.08917327,0.1161235,0.08533162,0.31552488,0.35139948,0.09593376,0.108706824,0.035071433,0.3692637,0.19835964,0.27571356,0.19211838,0.077017605,0.064300045,0.22920538,0.1541731,0.05446767,0.19614214,0.32932633,0.1254228,0.072205134,0.10122668,0.03674246,0.28037485,0.12071991,0.02006932,0.39732802,0.2156619,0.38116074,0.30529934,-0.0033576656,0.07381517,0.053714376,0.06232225,0.23224299,0.14254037,0.23113954,0.13238224,0.31623918,0.2901915,0.16812782,0.36341733,0.16796649,0.13408545,0.22643095,0.3346318,0.28864565,0.36434412,0.122821614,0.09276636,0.34275353,0.22598842,0.19983816,0.12093803,0.13258432,0.22789454,0.13254629,0.21820715,0.100144275,-0.0023980737,0.106088884,0.2702381,0.20263053,0.08870498,0.14868595,0.35714215,0.307352,0.07626812,0.15576637,0.054494023,0.23777553,0.12539163,0.10203153,0.15246856,0.098578945,0.17946059,0.13695443,0.22030434,0.25411993,0.2669142,0.20239154,0.06952659,0.18594135,0.30274725,0.11488182,0.093684494,0.2487414,0.19424236,0.052493744,0.17306784,0.27850744,0.2543302,0.31432873,0.1396671,0.10912289,0.120326154,0.2430277,0.36515418,0.12804964,0.13486369,0.0750063,0.37148622,0.072563976,0.18135986,0.110910594,0.23434556,0.24358678,0.24235448,0.2466375,0.085371435,0.1625584,0.17835875,0.2609923,0.061564345,0.031232651,0.3289224,0.25034508,0.2549557,-0.0048745456,0.065881565,0.0931235,0.36407363,0.09687349,0.10239743,0.2309994,0.19841465,0.14619493,0.09184805,0.0624195,0.052333318,0.37287787,0.14947502,0.32633847,0.16361076,0.17819512,0.18549916,0.18558802,0.10250273,-0.024029467,0.29022858,0.06532463,0.10383487,0.3968874,0.27407646,0.2784574,0.06498556,0.24062276,0.21654299,0.44951534,-0.03097619,0.06023647,0.18457311,0.07225469,0.30874842,0.3699275,0.09579407,0.1586948,0.17819403,0.18394774,0.09089817
muddle,0.24881089,0.28625885,0.27539027,0.25194132,0.12807192,0.2410107,0.10787961,0.40370053,0.1266795,0.37555534,0.33003837,0.17014495,0.37423238,0.27160656,0.24965909,0.45459652,0.24938646,0.138592,0.31345963,0.24374384,0.17380042,0.27368516,0.10013893,0.24230897,0.1452619,0.121348634,0.19604222,0.244779,0.564359,0.18930098,0.18733379,0.27200806,0.10525563,0.25161952,0.067574285,0.10033354,0.2873549,0.3176526,0.096031554,0.16556564,0.9999998,0.36642548,0.21367538,0.1874421,0.31567442,0.20436953,0.27799365,0.13601658,0.05397149,0.34207585,0.08227659,0.33580625,0.2436535,0.27760524,0.28312597,0.28216487,0.38341418,0.3541348,0.28163102,0.45909104,0.13360342,0.31747743,0.2674998,0.2974672,0.35848892,0.27047956,0.3071643,0.24585587,0.24364367,0.04343225,0.2991963,0.2101309,0.2880866,0.40729874,0.20741022,0.25941193,0.44554678,0.26399124,0.27028832,0.3853059,0.36972874,0.1998414,0.24858429,0.3921541,0.24351972,0.2861233,0.29634702,0.59201485,0.29909673,0.27099502,0.16978765,0.28072512,0.19281583,0.41591147,0.5683523,0.06617677,0.21514416,0.27043802,0.41574478,0.38561988,0.30903393,0.43466997,0.4933393,0.48096502,0.31871954,0.2595535,0.14335278,0.28033108,0.3955899,0.17460778,0.33534187,0.37187564,0.31190863,0.5485059,0.25086084,0.33330786,0.12427514,0.031078609,0.1894134,0.20698284,0.18780422,0.40822843,0.029601865,0.20237228,0.18880086,0.19581422,0.040029086,0.28364718,0.13704887,0.27866027,0.13836832,0.15423536,0.3115495,0.134996,0.31458402,0.2770722,0.18436816,0.2900998,0.2947414,0.20097925,0.3785243,0.4162952,0.19686174,0.3281222,0.11844111,0.44910902,0.30545247,0.2931015,0.19246075,0.2685267,0.42367017,0.19214737,0.3610165,0.3319975,0.3189919,0.47771385,0.35383603,0.22719994,0.115382254,0.11882934,0.005708552,0.49801317,0.29387385,0.39986914,0.40374938,0.13947645,0.3344655,0.40416116,0.35253668,0.45894057,0.15431124,0.3540648,0.36971632,0.6272487,0.18744701,0.36078763,0.36565584,0.4128754,0.20360568,0.513063,0.24079557,0.57979536,0.16099033,0.32553256,0.27819622,0.35939592,0.18641132,0.3396824,0.17002153,0.29608887,0.35258174,0.068864025,0.20918491,0.326534,0.23160867,0.370188,0.15739584,0.054746084,0.2072232,0.17800161,0.105677955,0.4318477,0.52878076,0.08894197,0.18224351,0.35766125,0.112204194,0.28564376,0.19194588,0.20330293,0.15495121,0.2680974,0.17570256,0.35023555,0.32724017,0.4352885,0.24584404,0.45405507,0.08649935,0.34095126,0.4699229,0.4974208,0.53538924,0.487692,0.12338343,0.1728169,0.27138335,0.47776705,0.14559892,0.39822692,0.4280461,0.39881414,0.4582103,0.46609285,0.42992663,0.2496402,0.4132533,0.17502856,0.14753708,0.27918327,0.15339729,0.08630137,0.4241981,0.260707,0.5626306,0.27680513,0.2571228,0.6311155,0.4687862,0.28370136,0.32732034,0.09526067,0.11212167,0.28012463,0.08475585,0.064646624,0.4340368,0.17706856,0.27643764,0.4530067,0.063644804,0.088907436,0.13261797,0.41643405,0.41044566,0.4874115,0.44091332,0.34733203,0.50908536,0.18782754,0.48450255
deglaze,0.34186316,0.25066912,0.3288263,0.2366623,0.3556766,0.1740697,0.083316,0.15936045,0.19441308,0.21280816,0.078551374,0.23585795,0.22615921,0.252343,0.15786354,0.34325275,0.3550648,0.17518988,0.31712005,0.26938385,0.25636515,0.17419961,0.15432082,0.34439602,0.13818282,0.23777965,0.34605354,0.33894077,0.35891384,0.40537483,0.39888313,0.25803027,0.38712883,0.22177598,0.27249312,0.16938433,0.24999517,0.28206092,0.28690195,0.38376936,0.36642548,1.0,0.26841646,0.34701973,0.5363088,0.20538768,0.21110393,0.18192002,0.1564493,0.52425045,0.077795304,0.25935778,0.09887238,0.25247315,0.329112,0.30762058,0.24164644,0.37582532,0.3043555,0.30052084,0.31685656,0.20575391,0.30774456,0.35790336,0.5020189,0.20191541,0.236653,0.14995027,0.27808142,0.30499703,0.40950638,0.19702661,0.17364846,0.26987773,0.13100559,0.24681444,0.2058118,0.35245,0.24785075,0.29842436,0.2707175,0.35078886,0.2750672,0.31917858,0.16887352,0.40452448,0.36151254,0.33539695,0.27106822,0.31425095,0.22613004,0.32125667,0.25548983,0.42686647,0.29661155,0.10097336,0.3237387,0.24092534,0.36010325,0.37980998,0.34978616,0.23725356,0.2627864,0.31583953,0.2569175,0.13189223,0.33465594,0.14294738,0.32948408,0.1688621,0.1626735,0.2721188,0.20838937,0.25532922,0.15135153,0.5935712,0.24606173,0.14947346,0.17078234,0.43734944,0.3640005,0.30237606,0.23732358,0.36211178,0.07223773,0.11638138,0.030503374,0.39119685,0.2845869,0.18795982,0.0528743,0.36312327,0.24623403,0.27834338,0.31246114,0.25672436,0.12910888,0.32448328,0.22732456,0.38667366,0.4297331,0.2348318,0.24521938,0.32945102,0.31795278,0.3958161,0.426864,0.12190299,0.2713387,0.42654458,0.21017344,0.18192023,0.59758997,0.16688627,0.20667487,0.2725576,0.306433,0.28979492,0.36810064,0.09341412,0.02818338,0.40969616,0.1692538,0.20476224,0.21219313,-0.012257975,0.30087835,0.24175873,0.20790629,0.20230894,0.14853919,0.2774407,0.21369861,0.38735113,0.15925254,0.25615567,0.45083815,0.6110692,0.42445657,0.32838216,0.18015057,0.36626863,0.17628491,0.1687856,0.26845878,0.2023975,0.2752933,0.3452294,0.21439488,0.38045466,0.19927898,0.32553935,0.11959429,0.12959926,0.15449779,0.23034707,0.19216205,0.23889051,0.060825102,0.1050155,0.24538113,0.2630794,0.40918323,0.18652447,0.12241981,0.25076014,0.21324643,0.13966233,0.35656187,0.14135109,0.179253,0.1790237,0.3519054,0.29391852,0.25588554,0.24314356,0.24960227,0.38313556,0.20360017,0.23427919,0.33887893,0.32751757,0.334199,0.36383134,0.16596113,0.20457327,0.32278946,0.22571892,0.28740478,0.23556069,0.35907495,0.3312488,0.21093082,0.28656307,0.32813534,0.2500689,0.3024163,0.32490295,0.0024769977,0.21126205,0.07310463,0.40045923,0.29063675,0.37962514,0.35965955,0.16176352,0.18307781,0.3348056,0.27263412,0.19303858,0.23857409,0.16108392,0.12878007,0.45374504,0.37476262,-0.053251438,0.24487224,0.38555545,0.29461488,0.31799322,0.034824066,0.16539216,0.21716437,0.3326252,0.26695788,0.37726986,0.3078755,0.30428657,0.34206817,0.050615348,0.26013827
freezing,0.1802865,0.27314728,0.23545744,0.078183204,0.08637346,0.14614202,-0.03742621,0.14457676,0.2203309,0.038090516,0.29631883,0.09919013,0.1611326,0.03226333,0.07156179,0.35649145,0.29213676,0.087728426,0.24950276,0.12052101,0.27124053,0.1452007,0.18605946,0.20264587,0.61701727,0.09029008,0.3493523,0.05966356,0.18260555,0.2027582,0.37719703,0.10161768,0.14091776,0.10744192,0.08845896,0.085392654,0.19126888,0.15442778,0.22583833,0.27640104,0.21367538,0.26841646,0.99999994,0.16378541,0.21326151,0.09069898,0.44714975,0.10795199,0.2166492,0.032743044,0.45360187,0.19081417,0.027195355,0.14891557,0.20651922,0.46727878,0.057842597,0.1779064,0.117760055,0.17266464,0.20054221,0.2932598,0.122631505,0.23470505,0.06833047,0.1439519,0.42304105,0.07357645,0.1486344,0.28693652,0.20712706,0.21629894,0.036033057,0.19038433,0.08303656,0.1737864,0.21512905,0.23089176,0.23515901,0.15016347,0.24581149,0.23008086,0.1616664,0.22444424,0.016489241,0.31139493,0.16222465,0.2432121,0.2833439,0.23250158,0.18551186,0.27073592,0.12959705,0.1762302,0.16427158,0.2798341,0.14163831,0.12690413,0.17759138,0.23504484,0.1849489,0.18315926,0.16485217,0.26095757,0.21454455,0.07599931,0.22898486,0.11413978,0.10591197,0.12992698,0.16163719,0.15996282,0.12745893,0.037648097,0.03968826,0.24903305,0.014648812,0.036285292,0.4135908,0.3093499,0.26263252,0.15909025,0.15206046,0.121109635,0.028045282,0.14250547,0.06675014,0.12675123,0.31119913,0.07449837,0.31327146,0.15568447,0.09457123,0.0895484,0.23702523,0.21846819,0.09560095,0.22028658,0.04264167,0.26866224,0.2747927,0.0011265911,0.12319223,0.0041387156,0.24434653,0.28539538,0.124190554,0.20278436,0.39863393,0.3378032,0.27163094,0.12858784,0.17766999,0.1854159,0.13030943,0.23178948,0.19247392,0.29149106,0.19868588,0.101919144,0.003284314,0.27099448,0.08876887,0.16915229,0.18101034,0.07028404,0.13069361,0.12675695,0.13204993,0.22353992,0.07947348,0.118218996,0.086662725,0.15073012,0.06773214,0.14444244,0.32938522,0.15531197,0.081176184,0.22011575,0.66529715,0.2553009,0.1595057,0.16743028,0.08447765,0.24271202,0.097717546,0.11137732,0.20765209,0.45758432,0.10361694,0.18157908,0.10328157,0.37282157,0.16178036,0.22824384,0.19885468,0.19732246,0.15148808,0.05528364,0.15747896,0.1549043,0.18215337,0.1124662,0.12159094,0.15352206,0.11857195,0.1442878,0.42117503,0.50176036,0.1434574,0.2545563,0.24059731,0.27073008,0.08355163,0.17120305,0.15622945,0.13935646,0.09551343,0.25318548,0.20559458,0.072264224,0.110747546,0.22356334,0.043315552,0.12473658,0.2833813,0.16419162,0.1871477,-0.00071281195,0.08414283,0.19560921,0.15412055,0.17009869,0.14775093,0.07781531,0.15076777,0.18474987,0.06394142,0.33621508,0.017950132,0.1666462,0.17623593,0.28405565,0.11738451,0.1117928,0.60586417,0.11599034,0.13919659,0.11291729,0.20924544,0.32817236,0.35411042,0.24921878,0.19562915,0.1066593,0.21370214,0.3134689,0.4780359,0.2941737,-0.00228215,0.06314581,0.2661676,0.30676985,0.2562393,0.21024849,0.20549875,0.16366065,0.0647151,0.16652767,0.06338291
parboil,0.4749171,0.1147344,0.20913973,0.07655269,0.15363996,0.09003952,0.09390387,0.11802806,0.04680732,0.23517768,0.13711561,0.37012044,0.09868898,0.3957959,0.0811226,0.29169095,0.3785143,0.07571259,0.2880457,0.36278766,0.1372512,0.16608924,0.32796073,0.26069432,0.077572525,0.092099525,0.3682618,0.43626127,0.16059873,0.34970438,0.37055308,0.2811191,0.26192006,0.09544395,0.34625435,0.33492634,0.19664507,0.023777768,0.4292432,0.28584296,0.1874421,0.34701973,0.16378541,1.0000001,0.4359496,0.11625941,0.06820913,0.07747254,0.42761114,0.23005699,0.0066596474,0.2805762,0.018734494,0.15992397,0.5395585,0.45217893,0.17884827,0.23511112,0.114817,0.24028619,0.43263668,0.17605698,0.018567348,0.2776868,0.19916621,-0.05433784,0.22500926,0.057406686,0.39670694,0.23194994,0.28470242,0.129731,0.05417528,0.06373176,0.023469718,0.30390248,0.1800589,0.30451483,0.36349365,0.0029024077,0.095571324,0.2667696,0.24829242,0.13266566,0.029382676,0.250367,0.36942562,0.19095466,0.38140127,0.22084627,0.36340895,0.30011225,-0.009264152,0.16926408,0.18876964,0.075632304,-0.026309147,0.22826448,0.34601197,0.38957077,0.19878158,0.091308095,-0.003375236,0.17899105,0.35352284,0.0043572895,0.27975845,0.038733244,0.1452702,0.087227985,0.17470498,0.2314407,0.059422325,0.11294289,0.047242213,0.26911113,0.09420929,0.10894616,0.03611697,0.56198514,0.44040206,0.16888207,0.43868783,0.22715607,0.04320003,0.004772898,0.03351424,0.2812037,0.46194413,0.107522324,0.09497209,0.08347365,0.17922918,0.15715563,0.14766988,0.25012183,-0.022766873,0.12146428,0.031692762,0.6538609,0.18814023,0.17411003,0.0889359,0.11414829,0.42237657,0.2844627,0.1743215,0.01253716,0.39649665,0.41344053,0.12302354,0.04765927,0.28473353,0.07311314,0.06755129,0.2195602,0.2365632,0.6114037,0.50017506,0.10674371,0.0075272974,0.2861703,0.13915007,-0.023762008,0.001878133,0.023324534,0.050144535,0.17524046,0.07543891,0.19783306,0.05571796,0.40323484,0.03408242,0.20035335,0.06941781,0.09934206,0.280436,0.2501214,0.10955851,0.1724378,0.09723997,0.20320684,0.25608128,0.032568548,0.18075705,0.06261117,0.1473915,0.1144309,0.2997044,0.5295079,0.020349557,0.55824304,-0.0116335,0.10795138,0.015154542,0.08232349,0.25121564,0.49374038,-0.034488887,0.11741756,0.100584075,0.046030086,0.2767096,0.060388464,0.18994057,0.08731756,0.11818668,0.14959729,0.22867544,0.10162932,0.29394454,0.09379931,0.7332499,0.12968409,0.03395947,0.14891511,0.39715487,0.18851095,0.11920151,0.12239349,0.14106266,0.17870104,0.25020936,0.19713438,0.0018342994,0.16900726,0.288212,0.17589882,0.42922342,0.13476354,0.17609206,0.08029041,0.13565534,0.1212289,0.12969464,0.0953432,0.11490421,0.28583413,0.007892389,0.035574697,0.14462596,0.28648582,0.16252778,0.5437677,0.26719284,0.020703457,0.18184617,0.16387191,0.11090593,0.046545744,0.29698995,0.36781335,0.15801871,0.5342848,0.43236727,0.011250805,0.096167,0.30069256,0.3789317,0.21794066,-0.025570065,0.110993385,0.48490265,0.28739604,0.15091956,0.24143657,0.026373094,0.18398358,0.26323923,0.006317755,0.17177474
baste,0.38523254,0.08363585,0.28511092,0.14172333,0.25574964,0.052754797,0.019080093,0.18308693,0.06634551,0.19345407,0.21374549,0.24226364,0.1487846,0.26515213,0.08426949,0.4183816,0.4491961,0.05232162,0.2929201,0.42598212,0.19154654,0.20757243,0.24795875,0.2886448,0.1917543,0.16478643,0.3213037,0.32782137,0.37859553,0.2711496,0.39810914,0.3072669,0.20970555,0.21475086,0.27777088,0.20770442,0.15347183,0.37956238,0.22518398,0.2355828,0.31567442,0.5363088,0.21326151,0.4359496,1.0000005,0.17712738,0.19501953,0.06695005,0.23342201,0.38322705,0.17683622,0.28011507,0.030644499,0.19942269,0.32558846,0.31179053,0.41526744,0.23900044,0.31729412,0.37141708,0.21535534,0.23469168,0.11345797,0.25103778,0.5019489,-0.05042918,0.2783127,0.105635144,0.24609774,0.18758485,0.34629843,0.17318243,0.38046187,0.037030667,0.026205823,0.20611113,0.22904629,0.5627456,0.2639062,0.09018368,0.13536327,0.3135757,0.41779804,0.2719062,0.07677878,0.35994703,0.38949925,0.35042053,0.50204486,0.34703463,0.21988532,0.40672037,0.13003609,0.27084672,0.25623256,0.1428692,0.03918019,0.24024874,0.55841297,0.32251292,0.32067686,0.23907083,0.034817964,0.12485507,0.20748629,0.03242619,0.42856932,0.12789139,0.16883942,0.07648177,0.12776637,0.19814198,0.039530456,0.25922307,0.024206718,0.48468924,0.21064188,0.069616735,0.13264309,0.47605002,0.42670155,0.25695744,0.30340496,0.23222688,-0.015695393,0.0029440066,-7.677823e-05,0.33257592,0.36330998,0.06803998,0.14318109,0.15622126,0.21948454,0.17783743,0.17857166,0.12574242,-0.03381787,0.2691461,0.08540878,0.5460281,0.49432838,0.47943956,0.08697416,0.3258194,0.32975775,0.451624,0.3306879,0.05925293,0.33445564,0.41644177,0.25013387,0.17216453,0.45237756,0.22380742,0.20237248,0.26459026,0.18772575,0.34518543,0.24566233,0.14101277,0.01367175,0.31595573,0.18365824,-0.024623787,0.065360546,0.026607992,0.3052377,0.25904244,-0.028665114,0.22747216,0.10287802,0.2695857,0.085303724,0.19724272,0.1607598,0.124584585,0.41333878,0.5026287,0.2974668,0.2042067,0.25727415,0.29010883,0.21189469,0.015537599,0.25412256,0.17225587,0.15321824,0.3524114,0.47750795,0.33388814,0.13449219,0.4727184,-0.064104795,0.28477618,0.071703576,0.18843493,0.2439853,0.26972872,0.0030623972,0.1168395,0.08246244,0.23723552,0.36817098,0.056203697,0.13559416,0.2984423,0.06540242,0.035078097,0.28512627,0.21550208,0.23687993,0.2428772,0.3488782,0.24509594,0.10443157,0.29026747,0.2759951,0.2973305,0.12384558,0.22514221,0.18618824,0.2774501,0.28990865,0.28646928,0.017162403,0.20784938,0.35373044,0.23277709,0.25689748,0.4853236,0.32661903,0.10232334,0.20124312,0.13471651,0.11642326,0.28676337,0.20264536,0.65616435,-0.00018060952,0.18199563,0.087720245,0.26887974,0.24159724,0.43335629,0.30218273,0.18716466,0.17436656,0.3402483,0.16973625,0.23923162,0.2698462,0.2496958,0.3181669,0.36348397,0.2643258,0.0031255707,0.15375474,0.45811915,0.34787583,0.33965194,-0.013935295,0.122608475,0.275047,0.39676046,0.28470585,0.2671515,0.13020518,0.37743077,0.29941258,0.038285963,0.23486814
scrub,0.15434411,0.05226437,0.055436194,0.081782594,0.25690916,0.08505435,0.24549496,0.0760567,0.46808642,0.14748363,0.14762679,0.11770477,0.09338418,0.18009302,0.15157458,0.050227012,0.34874952,-0.0038715815,0.0671212,0.10094896,0.017593026,0.07075193,0.14428768,0.074538246,0.10645153,0.22835697,0.20858218,0.046866678,0.34304106,0.10072973,0.2996174,0.26171213,0.04769896,0.077864096,0.22753331,0.11656803,0.16568321,0.114853546,0.088170506,0.08781068,0.20436953,0.20538768,0.09069898,0.11625941,0.17712738,0.99999994,0.15335703,-0.014425223,0.11223979,0.06711028,0.18273053,0.08624923,0.02160991,0.123421185,0.09942506,0.33861738,0.020709058,0.07767154,0.14830136,0.18629968,0.060835395,0.22950475,0.23595524,0.20741376,0.089263394,0.06846064,0.09706847,0.124714404,0.1145915,0.10965307,0.115291625,0.13952106,0.032501362,0.12429731,0.09118956,0.10412477,0.16115819,0.33934772,0.24941047,0.18479678,0.2090148,0.35759127,0.10309309,0.2662089,0.072398946,0.25076985,0.22672117,0.41971135,0.18161252,0.21317005,0.20222327,0.29885632,0.23145056,0.3661099,0.29225266,0.13775405,0.48525208,0.030504994,0.08684813,0.10480502,0.07161851,0.28075573,0.1327047,0.22619408,0.14024404,-0.02174657,0.41018867,0.02031857,0.28004017,0.05359438,0.107247554,0.08402467,0.026975114,0.026052915,0.23156694,0.12756538,0.141786,0.054701317,0.116594225,0.18762037,0.24290738,0.18826824,0.16879293,0.6085068,0.16744635,0.1139626,0.028072055,0.084026664,0.21229874,0.18566586,0.16452658,0.5761373,0.09132303,0.6557636,0.2736953,-0.07730861,0.3315589,0.26002616,0.25788063,0.2047678,0.18699941,0.038958326,0.16772342,0.15619265,0.15803045,0.21880908,0.3168801,0.17956287,0.13216995,0.13393219,0.14117776,0.120213225,0.12661538,0.13525312,0.09764611,0.20179302,0.15892175,0.2207853,0.1104202,0.052489795,-0.041866336,0.29658496,0.11937985,0.11294632,0.33780783,0.11341296,0.14512476,0.04420021,0.048368394,0.122327834,0.64272344,0.15166928,0.14457458,0.20964366,0.01589374,0.13278042,0.35005075,0.20621434,0.21593848,0.11354688,0.03542966,0.2459619,0.22954006,0.11883261,0.12013604,0.31666106,0.2276745,0.33114326,0.19523747,0.14729275,0.261378,0.09192079,0.0031791457,0.21340337,0.1528686,0.17904152,0.12937097,0.29433003,0.020648181,-0.011837866,0.15068462,0.21945602,0.23801517,0.0764077,0.35777003,0.084858924,0.23787993,0.13458137,0.052075263,0.14443111,0.28075123,0.1768531,0.13738415,0.13928065,0.18672585,0.1085994,0.2744353,0.12142058,0.19833502,0.11584074,0.13173911,0.14956212,0.17911842,0.18506943,0.33096254,0.1766414,0.28792343,0.14913592,0.058854647,0.059513435,0.16393664,0.17568322,0.17111751,0.054729525,0.16472216,0.17221749,0.08855487,0.22807857,0.05577182,0.076137014,0.06573104,0.115887776,0.23275717,0.20478609,0.23102778,0.24194019,0.05095753,0.28057593,0.053681597,0.20391658,0.13698089,0.17946579,0.07928842,0.15372443,0.09448442,0.07576232,0.22501719,0.43645445,0.11845771,0.09475157,0.13400653,0.2057165,0.121095866,0.18123838,0.23503608,0.25992802,0.24456567,0.12409843,0.17269972,0.082809776,0.11944574
defrost,0.14246139,0.2982179,0.119768456,0.094656646,0.06677079,0.21638769,0.20886374,0.15521137,0.14421554,0.019407772,0.3218211,0.1405002,0.11069991,0.03802281,0.13228159,0.25747496,0.44541216,0.11073377,0.23472935,0.121967055,0.31932116,0.051861808,0.08282092,0.18702006,0.5390502,0.07523254,0.4046852,0.12901774,0.21590519,0.10753089,0.42201358,0.31399316,0.089292,0.2275651,0.070153035,0.12869489,0.1891859,0.25113055,0.10917588,0.07861564,0.27799365,0.21110393,0.44714975,0.06820913,0.19501953,0.15335703,1.0000001,0.10952858,0.09636936,0.081988044,0.27792364,0.12494977,0.08708304,0.110131904,0.11613414,0.38907835,0.14604938,0.16572565,0.23263793,0.30151534,0.17314032,0.4717297,0.22074236,0.21857478,0.10813665,0.14115694,0.5039609,0.12465753,0.089198686,0.17141181,0.24686751,0.32130536,0.17431393,0.19716032,0.047127508,0.29740316,0.36421517,0.14017445,0.27475488,0.15507475,0.22461708,0.37302923,0.19417255,0.20361899,0.10316676,0.30051687,0.2225623,0.41941565,0.20481238,0.10306676,0.19709918,0.20278747,0.117258,0.2811279,0.25607532,0.16348183,0.20338856,0.105288304,0.106423035,0.15446448,0.22324494,0.28809372,0.1864059,0.20152956,0.14174056,0.102204844,0.33782542,0.21386802,0.2865758,0.065383226,0.12891138,0.27493763,0.15914352,0.115646146,0.08993693,0.25725347,0.037998818,0.09887988,0.85706115,0.18498881,0.41128564,0.284641,0.11081214,0.18053794,0.21860003,-0.01478274,0.11167474,0.102922976,0.26972723,0.050639555,0.17956781,0.17454076,0.14345948,0.14607343,0.2791736,0.13499095,0.22940806,0.044426598,-0.016408235,0.17056224,0.21290287,0.11294427,0.16387135,0.1304677,0.17488514,0.3407959,0.08685095,0.11278485,0.48811245,0.29500833,0.39363876,0.18368214,0.12879887,0.24647495,0.13736328,0.12758583,0.09345055,0.13409097,0.06718234,0.21326998,0.012677206,0.1216601,0.08510558,0.1485545,0.31171986,0.2319529,0.22177134,0.09037945,0.22605528,0.20226006,0.14276777,0.13027503,0.19377889,0.16064751,0.015506648,0.21481198,0.54899776,0.13596758,0.06325737,0.3487721,0.43363917,0.3092314,0.16799858,0.13942209,0.19849414,0.4423267,0.0015045404,0.15618794,0.1842202,0.17173053,0.19826083,0.11734656,0.12447999,0.33633775,0.23389761,0.30356613,0.16112275,0.093018465,0.14752187,0.07438419,0.1322984,0.14013083,0.12401067,0.13451563,0.12560666,0.21385103,0.2369732,0.10055418,0.32576194,0.45393378,0.13082637,0.22835484,0.12924743,0.30218595,0.24347793,0.2425099,0.23631713,0.14572017,0.028343458,0.28264445,0.27607837,0.13874668,0.08877344,0.23348168,0.26871455,0.083707295,0.21232657,0.13182774,0.08248562,0.114819795,0.14214975,0.21629696,0.20245653,0.1999349,0.27245557,0.106243744,0.2969597,0.12929776,0.1431846,0.26058868,0.13690023,0.03542779,0.38023564,0.21494286,0.111111686,0.074335694,0.30065316,0.18820466,0.2171714,0.17881463,0.353709,0.15757096,0.22524065,0.101986304,0.07586441,0.09046002,0.37045708,0.33526173,0.2971898,0.22716466,0.098175436,0.016739104,0.19398257,0.40031797,0.22811693,0.11496848,0.3251076,0.22614138,0.025437765,0.23955145,0.13518058
rising,0.26367196,0.5446832,0.15685235,0.4365389,0.19120051,0.6166315,0.00039673736,-0.02104582,0.0048217243,0.28810915,0.10830984,0.342089,0.11736441,0.14698657,0.5172578,0.0638845,0.053407043,0.9684402,0.16882657,0.07303885,0.15145917,0.28088447,0.0885026,0.12384473,0.38639265,0.08447532,0.057156704,0.23442441,0.12216714,0.16400722,0.092379004,0.13377464,0.10640933,0.13324806,0.06787638,0.12263878,0.24460045,0.2818728,0.17223114,0.20935382,0.13601658,0.18192002,0.10795199,0.07747254,0.06695005,-0.014425223,0.10952858,1.0000002,0.041480873,0.21312617,0.08554911,0.20862418,0.109659545,0.1852025,0.29695478,0.1049934,0.11216988,0.23160534,0.17002237,0.2226584,0.13098851,0.36206537,0.31391162,0.17139518,-0.0056233658,0.2459983,0.092929296,0.38318068,0.17673838,0.20083794,0.08696294,0.45435676,0.15213321,0.14022806,0.35445568,0.18245068,0.07140976,0.055705056,0.25846767,0.18232593,0.08890876,0.09719736,0.038552634,0.0976766,0.7106608,0.11579031,0.16409932,0.12749326,0.04764708,0.02369804,0.24584806,0.08469608,0.29802886,0.13970491,0.13087136,0.33619794,0.060852792,0.12986018,0.034428,0.14503404,0.07966375,0.0032378808,0.15947719,0.10761432,0.27038184,0.23131925,0.08143035,0.2617401,0.06039281,0.21334022,0.5186522,0.029215576,0.044432573,0.042996254,0.15403053,0.30670092,0.09778035,0.038388405,0.0153452605,0.12346755,0.17323005,0.37303844,0.08680185,0.009697503,0.10917934,0.20711541,0.2446094,0.11757935,0.20130444,0.1783574,0.061176974,0.0212656,0.07568069,-0.027758304,0.026592325,0.25507867,-0.023156758,0.105517015,0.10854063,0.022453254,0.16914438,0.076656416,0.10664143,0.056210607,0.2012564,0.11869583,0.012603853,0.28202593,0.13408461,0.16378649,0.19923322,0.30796376,0.13564934,0.09718414,0.11173131,0.17190237,0.47923392,0.11327779,0.2027573,0.40776548,0.25137466,0.23369774,0.6465778,0.10113126,0.06623663,-0.03448272,0.16575518,0.1976588,0.42057866,0.020834327,0.03900555,0.13354918,0.38175824,0.19254643,0.13963436,0.38980347,0.1027911,0.10712764,0.039993264,0.16327702,0.009598879,0.18572626,0.09619209,0.07671614,0.25209254,0.12076916,0.06312266,0.113042474,0.13441697,0.038838558,0.15519878,0.03780822,0.046104938,0.20928189,0.5150137,0.11783326,0.11681178,0.14266649,0.25741732,0.20035487,0.35382217,0.1535216,0.05606244,0.5750858,0.27787822,0.06664169,0.3105728,0.43764612,0.42172652,0.13539697,0.07938254,0.12563045,0.124971025,0.10272044,0.32398748,0.09112461,0.16688125,0.24471474,0.07990609,0.19376345,0.14162555,0.18982708,0.12388087,0.14015058,0.2131235,0.06448566,0.10323655,0.20290047,0.17988722,0.10320379,0.025825411,0.100576885,0.19950752,0.1257323,0.07480931,0.21841118,0.22553661,0.024349572,-0.030980539,0.09187055,0.012461746,0.13198477,0.079732254,0.11448955,0.03360433,0.006707063,0.08028646,0.083450496,0.10910137,0.01887459,0.19580162,0.023436258,0.027800925,0.14540759,0.17351067,0.034091175,-0.03934645,0.102034,0.21637356,0.16389072,-0.04713168,0.04288023,0.20646638,0.15452819,0.1762917,0.21502155,0.04201151,0.08376203,0.097610064,0.17412028,0.12437402
preheat,0.27631587,0.07094376,0.025677029,0.08387103,0.12916674,0.057325844,0.016471546,0.16909707,0.121954605,0.06028769,0.14267693,0.24030396,0.0417038,0.30699754,0.07807573,0.09425687,0.120998785,0.018153012,0.26316708,0.21188177,0.27400875,-0.005543041,0.26350024,0.27216855,0.21252997,0.20056248,0.15791515,0.27283776,0.070851974,0.27643567,0.19765182,-0.044678822,0.20502257,0.10392548,0.49742687,0.40315998,0.045010097,-0.0027686153,0.44847846,0.045526005,0.05397149,0.1564493,0.2166492,0.42761114,0.23342201,0.11223979,0.09636936,0.041480873,1.0000001,0.14205314,0.14064598,0.21063706,0.02804693,0.11699757,0.28418487,0.42029607,0.061841458,0.17887104,0.1332984,0.165663,0.40866435,0.05696427,0.027963165,0.12474242,0.11192486,-0.030331446,0.27581966,0.013050115,0.24905968,0.31313077,0.28241903,0.20149937,0.038392074,0.017181255,0.0015392229,0.23490298,0.161633,0.16264555,0.34081364,-0.052056283,0.08043359,0.009751632,0.012045767,-0.025042003,-0.009459581,0.022873458,0.27746603,0.15663865,0.1326717,0.10898678,0.2852226,0.04327009,-0.04701929,0.026873227,0.10408269,0.080446236,-0.06820083,0.22608286,0.16525164,-0.029259285,0.24182993,-0.0007213913,-0.04753959,0.055339083,0.12629227,-0.072571754,0.033724975,0.137505,0.006816294,0.022940021,0.04957337,0.26836905,-0.014203284,0.01007656,-0.0046897554,0.081257924,0.12889239,0.05446228,0.12021184,0.4162228,0.36744475,0.1463126,0.5635429,0.13248323,0.059735276,-0.0076394556,0.028985893,0.26957405,0.3659435,-0.021201955,0.098411694,0.03823131,0.23341392,0.036885686,-0.034184407,0.07305678,-0.0016185578,0.10049191,0.032827403,0.32310757,0.08226904,0.06834614,0.051624164,0.1244728,0.4445991,-0.010053761,0.1563768,0.046427045,0.47321236,0.15360464,0.09866558,-0.03376075,0.054404166,0.1733283,0.0050448636,0.09505732,0.13295394,0.36606306,0.40697792,0.18479432,0.03065553,0.07333848,0.028200133,-0.1390003,0.046560675,0.006658526,-0.025422093,0.15772545,-0.037037756,0.22699441,0.06742336,0.47430304,-0.025235921,0.021959322,0.0053757895,-0.036693558,0.07113283,0.06499224,0.19434884,0.057740793,0.3170483,0.12230143,0.35156497,0.08916621,0.32787478,0.14680931,0.13494024,0.13724396,0.051738814,0.39692032,0.024221158,0.27950746,-0.061341606,0.20008214,-0.035724834,0.08767094,0.38880414,0.49677798,-0.0031831963,-0.036254905,-0.04832501,0.048602737,0.11906183,0.033227254,0.22751069,0.24847299,0.18729731,0.08347818,0.21434647,0.26115757,0.42787427,0.17882998,0.3434038,0.16843648,-0.058915675,0.058521256,0.40191144,0.02208335,0.11302991,0.09469796,0.025812525,0.08952682,0.09898684,0.12480399,0.047585323,0.24944416,0.12712558,0.08368834,0.3906098,0.068371706,0.097481035,0.01774011,0.10383441,-0.0074282167,-0.003311864,0.18008289,0.03216267,0.16236794,0.00015958771,0.060127947,0.2022914,0.27201945,0.08779256,0.38049078,0.12218556,0.035627205,0.24377048,0.08570868,0.02874307,0.1428626,0.31080216,0.8779828,0.27279058,0.4115938,0.3277198,0.07414969,0.024089957,0.0819519,0.3975339,0.05287474,0.064216346,0.22790071,0.48202276,0.38912797,0.13943091,0.04008508,0.006200036,0.20879743,0.12726277,0.061216015,0.10542604
roux,0.19766699,0.14953466,0.13917837,0.15442601,0.4704556,0.15970969,0.041682567,0.2505292,0.10968557,0.37476733,0.10515283,0.15234879,0.23811522,0.29738185,0.27660364,0.17295359,0.20748621,0.21234453,0.24670827,0.2143471,0.26585954,0.15802762,0.035133317,0.18636908,0.122459024,0.25685665,0.12628648,0.26761428,0.24997331,0.13927187,0.10406472,0.23100306,0.36392796,0.25090665,0.39735723,0.16739109,0.2174863,0.32451373,0.18205032,0.18235148,0.34207585,0.52425045,0.032743044,0.23005699,0.38322705,0.06711028,0.081988044,0.21312617,0.14205314,1.0,0.09780829,0.30260062,0.09897554,0.36414918,0.19651663,0.16977824,0.31173736,0.24171214,0.2705719,0.3641447,0.223089,0.105881914,0.21331945,0.1200258,0.5536102,0.14060712,0.12758507,0.21797793,0.17757326,0.10077395,0.268458,0.2135677,0.15941688,0.20249128,0.043527573,0.14329864,0.16990998,0.1745039,0.1443918,0.19558957,0.17317535,0.15365434,0.21501641,0.30418146,0.2139003,0.07119791,0.31795523,0.26534447,0.22215798,0.16673431,0.11583473,0.19401556,0.18362613,0.26577184,0.34271106,0.006290703,0.08206025,0.19889009,0.3643033,0.30998993,0.24548063,0.045027778,0.20454094,0.20175308,0.12990211,0.11289342,0.08387889,0.24178058,0.21577355,0.11048356,0.21926028,0.268527,0.25008214,0.36093438,0.12373422,0.53996336,0.19980985,0.094212115,0.031452015,0.24886426,0.20280088,0.40194815,0.16581711,0.15117857,-0.031347383,0.1387242,0.0094299745,0.20332527,0.16409871,0.19146168,-0.07181031,0.11544371,0.3452869,0.11829061,0.2450571,0.008622272,0.02895421,0.21011707,0.19379018,0.26326746,0.31745583,0.35178453,0.08660032,0.4168985,0.23917764,0.29461724,0.26107404,0.1292345,0.25271863,0.2810775,0.24816453,0.13578983,0.45679355,0.20317101,0.2919676,0.35638714,0.29067555,0.15169494,0.31474644,0.17847614,0.100215025,0.396234,0.28141508,0.152814,-0.012114007,-0.059889738,0.24781439,0.42373228,0.13259822,0.35003662,0.02073445,0.39838856,0.18642552,0.3839427,0.13629167,0.17296316,0.24956611,0.43535462,0.3854663,0.38423344,0.120145455,0.2987079,0.13986126,0.16433218,0.4343679,0.16823383,0.2931834,0.30478084,0.14179507,0.31208083,0.14109649,0.13803898,0.13901724,0.2255162,0.20852098,0.22529766,0.20909846,0.12479266,0.08654856,0.174454,0.0657023,0.29358113,0.53475374,0.23397948,0.1103178,0.2538581,0.10558987,0.159792,0.1407417,0.123384714,0.15386409,0.22463748,0.13348562,0.28940818,0.21746069,0.36232078,0.1448662,0.39175966,0.19482088,0.22834644,0.34830275,0.40664995,0.467825,0.31065196,0.05871486,0.3194327,0.15744875,0.25912172,0.31800872,0.3043625,0.23830256,0.21652581,0.17799677,0.36778265,0.35170597,0.33565265,0.38999164,0.21634951,-0.05542045,0.21405157,-0.030935012,0.35207835,0.18942238,0.24753171,0.45836234,0.07274079,0.01448198,0.39939326,0.33635122,0.17361872,0.186245,0.10712133,0.0009088479,0.32847124,0.21882999,-0.059453644,0.15668441,0.11926538,0.17087565,0.279478,-0.013371538,0.15276213,0.1696409,0.3355165,0.21931726,0.4321324,0.18986061,0.3148631,0.47330415,0.019209757,0.44713956
store,0.093348116,0.0785972,0.052958023,0.060502805,0.1319712,0.008438443,0.08924253,0.17760822,0.2263409,-0.010481808,0.2854008,0.030595433,0.06380359,0.008707654,0.114458285,0.15550807,0.27820837,0.06691311,0.22543354,0.14378682,0.15688892,0.01472939,0.11628885,0.1314855,0.535511,0.13681571,0.05336977,0.12002647,0.08680796,0.07253919,0.049289573,0.01116237,0.09396487,0.33441824,0.1557203,0.16690852,0.112034455,0.24796392,0.17217441,0.041226387,0.08227659,0.077795304,0.45360187,0.0066596474,0.17683622,0.18273053,0.27792364,0.08554911,0.14064598,0.09780829,1.0000001,0.25126523,0.043603793,0.21541323,0.056378067,0.24398613,0.12362685,0.14876749,0.23128617,0.30160987,0.1355837,0.28106356,0.09334625,0.12046513,0.118611515,0.008585613,0.0623663,-0.0053274166,-0.0052891225,0.17846812,0.1525554,0.23389137,0.06820506,0.06944183,0.017411146,0.22013587,0.22852698,0.059962723,0.2514783,0.074895486,0.10949065,0.06508854,-0.00083959755,0.110176995,-0.016891133,0.07765479,0.12306736,0.25910383,0.15660289,-0.009257742,0.09521389,0.096423596,-0.0013077739,0.1231494,0.09291077,0.14329758,0.050015084,0.22992316,0.12671079,0.001485236,0.15031369,-0.006885685,-0.053208686,0.024973176,0.0037200938,0.042354006,0.07210642,0.21781749,0.0555301,-0.04653775,0.0029572072,0.22189043,0.059859585,0.03672892,-0.00446322,0.12298156,0.13055724,0.04457588,0.2548591,0.08208151,0.30489236,0.11072297,0.0865407,0.103543,0.07814653,0.076488815,0.033875935,0.040684562,0.26072463,-0.07608185,0.21640107,0.09731808,0.16191775,0.17495665,0.039058216,0.009592907,0.08461097,-0.058817953,-0.12886985,0.03710202,0.18685979,0.120860964,0.050426424,0.18197006,0.14473611,0.11158085,-0.016715713,0.22501494,0.26144212,0.2620284,0.3632769,0.053517204,0.06723408,0.35895276,0.11594901,0.080042906,0.002665001,0.04564327,0.07070993,0.19145527,-0.05288242,0.21124095,0.060734443,0.014882846,0.056086883,0.15786679,0.0027628825,0.12972224,-0.0032852273,0.23647124,0.118922696,0.19319788,-0.05200128,-0.007855514,0.0033510607,0.015926208,0.21027592,0.023392849,0.047741834,0.22999653,0.30833578,0.21748166,0.20404339,-0.018566564,0.2211482,0.3340698,-0.038669325,0.13472521,0.19738756,0.06324915,-0.08810165,0.052396834,0.0153808165,0.66429055,0.23065448,0.24334869,0.302136,0.054074816,0.02342346,0.050609447,-0.022338666,-0.009992281,0.02484098,0.027059939,0.16999266,0.35506088,0.047065288,0.006600392,0.05421461,0.5882113,0.2449761,0.3402374,-0.039547373,0.43367958,0.01986735,0.20491382,0.1262997,0.07935855,0.019094164,0.26154748,0.12534094,0.046704806,0.08143771,0.12790321,0.06965019,0.13852462,0.13673742,0.117020585,0.019712634,0.1366691,0.08597532,0.036888108,0.05104273,0.13695666,0.11953142,0.054138172,0.20251988,0.09210408,0.1084315,0.55400884,0.013022676,0.07869041,0.12942667,0.04839542,0.014974214,-0.017173575,0.12493283,0.01963114,0.13315715,0.10954719,0.31191579,0.17014574,0.4200557,0.045393556,0.019769214,0.05264555,0.21083683,0.1338907,0.21394253,0.13049355,0.0043336046,0.16705388,0.03385479,0.27231717,0.2545988,0.15198939,0.22717573,0.34476775,0.02433896,0.19287938,0.048407737
tie,0.29010922,0.20161623,0.1724459,0.33679122,0.18501844,0.24144088,0.086774826,0.28879085,0.08912824,0.18723048,0.23466367,0.36672282,0.4074481,0.17797013,0.3299688,0.18006003,0.1306068,0.20372961,0.31776315,0.24525128,0.21403393,0.052105516,0.2929039,0.20816599,0.33382496,0.21441483,0.005776327,0.35239297,0.2695459,0.19618766,0.03342189,-0.037576288,0.31915075,0.22906654,0.31155723,0.31531322,0.222186,0.2181303,0.27005702,0.13679188,0.33580625,0.25935778,0.19081417,0.2805762,0.28011507,0.08624923,0.12494977,0.20862418,0.21063706,0.30260062,0.25126523,1.0,0.0961084,0.20169812,0.28618017,0.25671652,0.17657456,0.33338428,0.1562433,0.3994906,0.25918755,0.3191299,0.25244895,0.20274463,0.23642471,0.1797456,0.08363651,0.21798445,0.25540513,0.22638988,0.22385807,0.34126514,0.0064237383,0.20697129,0.20361514,0.34030223,0.33782363,0.09034591,0.38070816,0.15831003,0.14333664,0.06898771,0.05938514,0.14891285,0.20556244,0.05027409,0.27241752,0.39113057,0.186352,0.0549649,0.26849338,0.13149294,0.06305198,0.26965427,0.31178665,0.1674165,0.03885517,0.2876827,0.28687933,0.13920334,0.1990349,0.11986574,0.052537672,0.081646666,0.16473852,0.12736799,-0.02795739,0.2817986,0.08810051,0.19506377,0.18483762,0.25111046,0.08541397,0.19501823,0.11078493,0.18155923,0.19172104,0.05849776,0.11135425,0.30904597,0.2724276,0.38069338,0.23858728,0.044684127,0.017333496,0.07761406,0.07700707,0.19689855,0.28738162,0.12758484,0.15359849,0.015169539,0.3284484,0.04483558,0.019213095,0.051347435,0.017936366,0.10636802,0.15141425,0.25620866,0.2265336,0.19486532,0.1596348,0.20309755,0.308639,0.10579633,0.16643888,0.25658622,0.28981084,0.263273,0.3098119,0.17517537,0.185729,0.2416265,0.17376173,0.20754021,0.24960393,0.25733852,0.31341586,0.38130274,0.14757673,0.4133469,0.1520097,0.1290224,0.13425262,0.090253964,0.10045904,0.2859207,0.1859678,0.33570233,0.035909273,0.37845343,0.20122412,0.27889854,-0.02265068,0.23725048,0.17079434,0.15974015,0.11814805,0.29988497,0.17482325,0.31612957,0.24817762,0.08838025,0.37612975,0.23061231,0.15593356,0.30029422,0.11546008,0.30727828,0.18130624,0.18994126,0.031934977,0.32737452,0.25949812,0.26526052,0.3541814,0.23230663,0.25300297,0.102876484,0.101148576,0.31395307,0.26848158,0.2343177,0.11258448,0.21237642,0.18411067,0.19622932,0.27183554,0.3201294,0.32308868,0.39247012,0.2608558,0.25318724,0.2761976,0.3138175,0.28908378,0.19978277,0.11791118,0.27888748,0.23142831,0.20014846,0.27981326,0.23561926,0.089643165,0.2928859,0.23027198,0.25329387,0.2899281,0.18721206,0.20207587,0.14613102,0.2929367,0.26312938,0.22308347,0.22469042,0.23364756,0.09376706,0.08286239,0.23529333,0.06505431,0.2881221,0.25222856,0.30949202,0.19719642,0.2151063,0.116380975,0.2905525,0.30948317,0.084434494,0.38648567,0.2121754,0.18746595,0.3658239,0.2576779,-0.019025348,0.13174345,0.05683722,0.19870098,0.23286708,-0.05254072,0.12750587,0.25758174,0.39526987,0.3348735,0.35914597,0.25245053,0.351649,0.27009764,0.25359035,0.2263166
slit,0.028546229,0.13003425,0.13494371,0.38516945,0.031815145,0.15326291,0.15096593,0.116775595,0.055940486,0.094231084,0.10464288,0.12618244,0.19020192,0.028941462,0.19775435,0.09868866,0.06601952,0.15063322,0.07118589,0.014585126,0.09335448,0.0038171858,0.02842509,0.035068013,0.10954046,0.057240397,0.139683,0.061958726,0.15503089,-0.029206987,0.072900265,0.23934446,0.11233078,0.19094709,0.0509656,0.25299132,0.1477094,0.22803235,0.010851972,0.110909946,0.2436535,0.09887238,0.027195355,0.018734494,0.030644499,0.02160991,0.08708304,0.109659545,0.02804693,0.09897554,0.043603793,0.0961084,1.0,0.2569987,0.044700723,0.023969106,0.11880842,0.50658643,0.1430494,0.17616062,0.018040732,0.20582753,0.29911822,0.3682487,0.09034248,0.43778026,0.16144748,0.3731662,0.090565406,0.02895194,0.05062499,0.26243925,0.17954326,0.47805446,0.3671292,0.14113456,0.061888035,0.112003624,0.11958949,0.3697611,0.3528898,0.064470224,0.089448094,0.14816529,0.2759183,0.13946451,0.17566766,0.15968862,0.12331821,0.12494573,0.10018745,0.09509532,0.0592166,0.14811625,0.122646846,0.119584605,0.09975296,0.09670881,0.050642602,0.08332772,0.10905783,0.16029152,0.28551996,0.28125662,0.10421075,0.4975559,0.05208634,0.2059725,0.34488887,0.061959334,0.0741339,0.44257453,0.48095584,0.19807944,0.17031631,0.119931,0.16794755,0.14047837,0.056620486,0.09199845,0.09778917,0.20559682,0.06334707,0.024720691,0.042395268,0.22101218,0.40887982,0.07399441,0.0297954,0.04486101,0.18014044,0.040449597,0.18506856,-0.005692892,0.15459771,0.19110231,0.22120745,0.08404887,0.18879549,0.13491121,0.11621731,0.08914791,0.47391856,0.13836306,-0.047363922,0.14326364,0.12150723,0.151236,0.090181835,0.00940956,0.15249938,0.21676841,0.24455339,0.14516181,0.09708098,0.08773349,0.08742046,0.06415335,0.08026058,0.26026732,0.29644585,0.06571832,0.04879705,0.47565037,0.22817987,0.042879775,0.22532335,0.17388889,0.33201784,0.19050077,-0.04376006,0.1546146,0.42588222,0.1556837,0.11137302,0.23639968,0.21699828,0.119184986,0.08054229,0.45076513,0.08472571,0.2540884,0.05141417,0.4454218,0.2069292,0.18304336,0.13092414,0.019992948,0.11724663,0.043876883,0.2955107,-0.024677075,0.4911921,0.18238895,0.20748913,0.012826478,0.18553464,0.026803493,0.29719704,0.08633895,0.10387215,0.22449455,0.1501689,0.13241103,0.18846522,0.115290165,0.28324738,0.09615515,0.17915028,0.038278334,0.049673066,0.12852415,-0.043071643,0.10969143,0.33418915,0.086128645,0.07929311,0.13688417,0.11194539,0.07440679,0.46921313,0.116160095,0.1547603,0.0777248,0.23754126,0.13710293,0.0574183,0.12364544,0.07871345,0.11678776,0.19202857,0.49526954,0.1347964,0.45590377,0.40061986,0.13022994,0.54197395,0.014798103,0.0009086472,0.03636114,0.106637925,0.12935661,0.13921294,0.07191221,0.16576873,0.014518272,0.1379168,0.12845738,0.45707035,0.018602204,0.14759642,0.03066084,0.048740346,0.016833816,0.035586122,0.023732057,0.10023625,0.049661443,0.15010706,0.03928108,0.03965818,0.16071102,0.13017088,0.08927154,0.13522016,0.069686666,0.05628749,0.1132157,0.100385085,0.12070397,0.10429646
distribute,0.23880893,0.16148369,0.14261909,0.24885042,0.19775146,0.098142736,0.0099485535,0.24297562,0.064511396,0.23820408,0.24404308,0.19374552,0.3441984,0.29185218,0.23600087,0.064602934,0.17701659,0.21275379,0.09665069,0.054259423,0.3142249,0.14671876,0.10447289,0.120326035,0.19855621,0.15016858,0.10632414,0.19323611,0.17932856,-0.0045214333,0.054189317,0.16192669,0.21657471,0.47484705,0.14438745,0.20695737,0.18729451,0.43705115,0.13478842,0.26429677,0.27760524,0.25247315,0.14891557,0.15992397,0.19942269,0.123421185,0.110131904,0.1852025,0.11699757,0.36414918,0.21541323,0.20169812,0.2569987,0.99999976,0.17688571,0.19835663,0.1264114,0.16071567,0.26661626,0.32010078,0.17806028,0.25570792,0.26903594,0.11167543,0.2283479,0.23600195,0.16784398,0.27376658,0.12863135,0.10720221,0.12091819,0.33344167,0.052766226,0.37364548,0.23203906,0.20090361,0.14333263,0.10862817,0.31552947,0.2400414,0.19978125,0.01602681,0.10006731,0.2582264,0.19593646,0.075007915,0.19323622,0.29204774,0.1598219,0.36583003,0.27955702,0.16511282,0.086103976,0.17591289,0.34013608,0.117207535,-0.010187928,0.055406764,0.14954759,0.23837882,0.06911173,0.015955001,0.23477842,0.2610857,0.14268745,0.26008946,0.04174182,0.4787015,0.3158489,0.1319432,0.2526661,0.38492304,0.56328773,0.299254,0.27209902,0.2946911,0.38128245,0.07160924,0.07236356,0.20562994,0.17859519,0.35617226,0.14891684,0.06381987,0.059941545,0.5852927,0.31345725,0.03937269,0.16749579,0.15282765,-0.004034508,0.023928054,0.5536338,0.013346598,0.22674444,0.14397408,0.13820374,0.25120756,0.27931497,0.20158064,0.3291623,0.12849686,0.10018216,0.2700881,0.12212057,0.11024749,0.21095799,0.44056088,0.1876769,0.20799512,0.38839337,0.12974414,0.3112027,0.436889,0.28017142,0.33168587,0.24628651,0.12773608,0.18908408,0.30037558,0.13079768,0.39541394,0.19034883,0.41947985,0.12451415,-0.026385024,0.2459417,0.36568856,0.25146306,0.48663098,0.018148666,0.38022777,0.19361451,0.23911054,0.21925867,0.25484353,0.267973,0.27804866,0.19220537,0.55054724,0.16611832,0.27199838,0.177571,0.40155345,0.28681755,0.27190223,0.35366762,0.16408,0.08598982,0.16380526,0.16751267,0.065620914,0.42431766,0.46360487,0.34971267,0.23475939,0.25796747,0.15628372,0.22598526,0.18813726,0.110298805,0.23833838,0.30727184,0.18957832,0.17761001,0.49362046,0.19435138,0.19547823,0.24425963,0.2023923,0.21432672,0.18998057,0.13542357,0.27251396,0.20465553,0.3026306,0.21003196,0.55323505,0.42103353,0.27673578,0.40478998,0.2657896,0.3888085,0.30718768,0.13380381,0.26045948,0.112060964,0.29802746,0.16178241,0.09153554,0.09416172,0.3139458,0.24321735,0.48878014,0.44967785,0.3385967,0.5193996,0.053123035,-0.009261128,0.1450952,0.012455329,0.23653732,0.13015631,0.21631312,0.3585962,-0.002537556,0.14233144,0.27326813,0.4262034,0.077145346,0.28985193,0.09942322,0.11036064,0.25463948,0.12181682,0.07662071,0.040699724,0.07012403,0.18743703,0.23186481,0.06977964,0.22584745,0.15729159,0.2504801,0.34812418,0.41539234,0.07761312,0.39994353,0.3618272,0.109071985,0.33855507
bubbling,0.5881163,0.42742842,0.21297663,0.1380741,0.16542552,0.21015966,0.076912194,0.06282647,0.094883084,0.02947376,0.18932445,0.43023542,0.13616997,0.32632452,0.15323988,0.29760438,0.2603882,0.28242007,0.39883274,0.31742167,0.15811153,0.5812088,0.28319156,0.2866323,0.15724766,0.03191766,0.23448175,0.32576692,0.24879897,0.36819422,0.28908956,0.16525114,0.18684027,0.18578508,0.2078808,0.38261566,0.34999335,0.07804438,0.40316498,0.27664042,0.28312597,0.329112,0.20651922,0.5395585,0.32558846,0.09942506,0.11613414,0.29695478,0.28418487,0.19651663,0.056378067,0.28618017,0.044700723,0.17688571,0.9999999,0.38236308,0.14129269,0.3154713,0.14970002,0.27361822,0.33464906,0.29406032,0.097764134,0.37836367,0.17578608,-0.013510771,0.17279786,0.11777636,0.50063777,0.25491834,0.26071587,0.22139347,0.06349179,0.124122836,0.118355356,0.325423,0.14160874,0.18868166,0.33415008,0.065647915,0.08118917,0.24036554,0.17547946,0.13717955,0.071939886,0.21063077,0.3462033,0.23063463,0.24640673,0.16135658,0.35920325,0.18152207,0.13150807,0.1314687,0.21737242,0.1267779,0.012129381,0.33326513,0.3271259,0.22428471,0.21569435,0.2650844,0.11048852,0.12280026,0.86002195,0.0017233894,0.15335795,0.21732774,0.034910336,0.13637266,0.290848,0.18645611,0.025183206,0.12990299,0.1360518,0.25362113,0.06861585,0.024597876,0.11515097,0.41604808,0.42294925,0.20232596,0.34854966,0.054601695,0.074862406,0.05251639,0.08077923,0.29827505,0.485717,0.1809035,0.15625463,0.070479065,0.20991808,0.059371807,0.16043404,0.35949498,-0.018754918,0.18791854,0.032547835,0.44484323,0.18244204,0.1595201,0.13500148,0.053236224,0.36981106,0.28043383,0.16801727,0.12969354,0.3055395,0.43373173,0.1699925,0.048855316,0.2721835,0.21622011,-0.08008784,0.26513886,0.35708386,0.7317272,0.35670114,0.21313736,0.14788532,0.22461335,0.14823952,-0.022431275,0.1018858,0.04137959,0.060789745,0.19859192,0.1678859,0.21621788,0.049519755,0.32545996,0.13495378,0.25444818,0.007990494,0.15461212,0.28674474,0.2544409,0.07481018,0.15117553,0.098821364,0.27875167,0.2512237,-0.017383417,0.22454098,0.16611594,0.08068788,0.19438204,0.11721739,0.49923784,0.14303595,0.3834942,-0.063446015,0.20752603,0.21265599,0.09322405,0.21952963,0.33208215,0.08832407,0.12020952,0.108177975,0.10932535,0.17613593,0.13785934,0.21774608,0.18612355,0.2042881,0.26734817,0.31911206,0.13623321,0.26500708,0.14558412,0.6440779,0.092186525,0.1120993,0.11526963,0.41238916,0.19138506,0.049221225,0.10570477,0.06153421,0.14590175,0.16074514,0.16745725,0.02628468,0.13632123,0.27025998,0.15149617,0.3370531,0.16960761,0.23435664,0.0033090282,0.25369552,0.047162034,0.058599915,0.14324221,0.08111772,0.14643678,0.009783458,0.052103024,0.09518691,0.18467838,0.22141904,0.4738134,0.13356006,0.038746256,0.1626724,0.17958185,0.0821293,0.112128735,0.29411566,0.2588787,0.14088175,0.3973008,0.3605305,0.027029749,0.0748326,0.24553768,0.30648217,0.26711926,-0.053535216,0.064941406,0.3715108,0.3002801,0.19792567,0.1714914,0.08933455,0.18562254,0.17839141,0.076723486,0.17376049
blanch,0.38347647,0.17766564,0.18399581,0.047110967,0.18341443,0.06470597,0.021298075,0.21026596,0.1557567,0.14042819,0.21849173,0.24179366,0.21754666,0.27406216,0.1128322,0.30521458,0.32728672,0.08577025,0.35538533,0.14034975,0.3167662,0.114651114,0.35834527,0.32297117,0.4348069,0.19250184,0.34466922,0.27148888,0.23589244,0.39207095,0.3419053,0.11652085,0.2408582,0.22956423,0.33652017,0.32980484,0.28337583,0.14790532,0.46471858,0.17258434,0.28216487,0.30762058,0.46727878,0.45217893,0.31179053,0.33861738,0.38907835,0.1049934,0.42029607,0.16977824,0.24398613,0.25671652,0.023969106,0.19835663,0.38236308,1.0,0.21425459,0.35143715,0.29394132,0.29762983,0.40643698,0.23974423,0.1492438,0.33497155,0.21217328,0.08613114,0.5242582,0.06680585,0.35497588,0.2965724,0.3223671,0.21088243,0.18523754,0.17748675,0.056518648,0.28096524,0.324951,0.30591244,0.341842,0.119693145,0.22784439,0.19033942,0.108371094,0.23269156,0.0002900248,0.18825525,0.3497606,0.3581709,0.25279057,0.21382976,0.24645516,0.19818397,0.067198895,0.22490674,0.24024433,0.292135,0.0038148847,0.25389397,0.21275891,0.14328016,0.322457,0.16664645,0.13914597,0.24555404,0.31330585,0.08585999,0.19612122,0.19274992,0.14990866,0.11462067,0.1912677,0.29991323,0.12649086,0.14403708,0.09282723,0.2780981,0.090992495,0.0065722317,0.3835822,0.47357422,0.45211035,0.28225833,0.35240406,0.15225238,0.12518002,0.04599805,0.049040314,0.359054,0.4329855,0.12418404,0.21378878,0.07576216,0.25482386,0.08897179,0.15985079,0.2635979,0.117713585,0.119933054,0.04723893,0.37489852,0.2162508,0.1765657,0.18530247,0.24428548,0.53018725,0.23649596,0.23380794,0.12857147,0.58783984,0.31578618,0.24232838,0.077780545,0.26148313,0.26488823,0.11202818,0.20062238,0.23753372,0.46894842,0.3785898,0.1798719,-0.010201175,0.2770977,0.10967996,0.01335378,0.12764896,0.111521885,0.03730367,0.15876094,0.07020322,0.30568862,0.07614163,0.3989533,0.04357738,0.14224756,0.119775064,0.1314624,0.29385367,0.28826642,0.19392249,0.27170473,0.5283402,0.3075408,0.29566437,0.15395133,0.19618225,0.2248975,0.1620979,0.23956656,0.20028597,0.46739456,0.058503106,0.27679202,0.07383309,0.29519022,0.117916115,0.17341007,0.31837958,0.4728177,0.0056546917,0.080990255,0.056305155,0.12950823,0.17589936,0.081159785,0.39748538,0.19060664,0.14143229,0.18145728,0.30083486,0.4182909,0.3574751,0.25782776,0.4369908,0.2431542,0.024230026,0.22249521,0.40189186,0.28698865,0.111265145,0.17874253,0.22953714,0.21552968,0.18314832,0.26358703,0.17406043,0.25819498,0.25985193,0.19408825,0.3595495,0.19538212,0.24295884,0.17386252,0.17912003,0.20607755,0.1996318,0.18870002,0.21281087,0.2773754,0.04788598,0.18375525,0.17208743,0.21884248,0.2004272,0.43400055,0.2100565,0.042799253,0.4815568,0.19695267,0.18001865,0.19588035,0.36998117,0.48201293,0.29720843,0.41144854,0.31007493,0.04844907,0.15721041,0.28562292,0.5509349,0.21910532,0.023093823,0.13797303,0.5222254,0.513865,0.22349048,0.22350952,0.088304915,0.19994777,0.18423468,0.14070919,0.18664542
flavoring,0.18724462,0.032030575,0.08602093,0.07497517,0.14102161,-0.0061974246,0.12130806,0.3679033,0.039355572,0.21693173,0.13700756,0.07095397,0.16837718,0.109302394,0.047743257,0.5319592,0.10923835,0.0986363,0.53671485,0.47627532,0.17766523,0.1576275,0.024527008,0.29544532,0.13549742,0.07836657,0.10339056,0.30707693,0.46116143,0.38398546,0.13957557,0.14677829,0.13816223,0.30857375,0.13788304,0.1582246,0.1465932,0.19541177,0.11938083,-0.01581125,0.38341418,0.24164644,0.057842597,0.17884827,0.41526744,0.020709058,0.14604938,0.11216988,0.061841458,0.31173736,0.12362685,0.17657456,0.11880842,0.1264114,0.14129269,0.21425459,1.0000002,0.3464407,0.28238755,0.3980949,0.1375354,0.13759819,0.1004571,0.11982079,0.52147233,0.06864576,0.20035078,0.14761195,0.18756485,0.09695779,0.36796248,0.10783317,0.5721898,0.027653784,-0.014476962,0.16782488,0.3028843,0.19781637,0.23168586,0.12799211,0.14690898,0.07120839,0.2808764,0.25603697,0.09321663,0.05846072,0.18522874,0.26332623,0.17019226,0.15549487,0.1677663,0.1750231,0.14861885,0.19315848,0.317429,0.091284655,0.0035242252,0.45758575,0.59502083,0.12676021,0.43022332,0.14251606,0.074931696,0.14275974,0.07000415,0.14261113,0.07010995,0.24168655,0.29842317,0.26434112,0.17530403,0.2260745,0.12897456,0.54276705,0.070734724,0.29741576,0.24039939,0.021799823,0.0413334,0.17672917,0.23863631,0.2689493,0.035221554,0.04617502,0.094334155,0.0526546,0.027734188,0.45179892,0.15099189,0.115574844,0.04020134,0.020446794,0.23762634,0.051359747,0.11648861,0.13561547,0.030665796,0.08091165,0.05189926,0.13728304,0.15586087,0.737002,0.031377714,0.51093686,0.2065221,0.42611977,0.20463887,0.05358086,0.24149984,0.2102212,0.24847399,0.17911765,0.2875362,0.22380018,0.23746338,0.18647867,0.13247621,0.111631766,0.059497107,0.12602563,-0.00094282953,0.21081275,0.25167808,-0.0077723423,0.0042507146,0.0039912798,0.16861816,0.28167102,-0.011259664,0.27349803,0.010537076,0.26936513,0.079867594,0.16915168,0.14627223,0.12310939,0.11052114,0.26606423,0.28840744,0.24315229,0.22541498,0.34735978,0.1944541,0.07507613,0.20270017,0.1352444,0.09445374,0.37914354,0.167963,0.14035037,0.03393117,0.12743235,0.053988688,0.14049374,0.050876707,0.3690958,0.09859127,0.038750205,-0.018773818,0.12853628,0.024405189,0.15254152,0.3163923,0.013372259,0.113355294,0.18280905,0.028467704,0.12327307,0.06049824,0.18885005,0.16796446,0.22318806,0.03889516,0.33186144,0.15879448,0.35218358,0.2037462,0.24427223,0.045134217,0.32131502,0.27287474,0.27386153,0.31163752,0.27313372,0.069284536,0.23127002,0.13032556,0.21917313,0.14397444,0.71678686,0.5102689,0.111341804,0.18516272,0.27428767,0.24659851,0.13579606,0.22075316,0.23597488,-0.011208225,0.31382844,0.06141419,0.03225102,0.2228452,0.18911636,0.28287828,0.12954247,0.16966175,0.3177933,0.2566241,0.51835775,0.22299242,0.078894876,0.1050818,0.16590661,0.06781019,0.028290093,0.3062376,0.07617271,0.31126925,0.2736839,0.060139373,0.120132454,0.18744548,0.3862896,0.26152956,0.21919566,0.24339357,0.36174113,0.25481033,0.06258536,0.39017725
pierce,0.2653241,0.19239447,0.12769069,0.31434852,0.181066,0.14365096,0.27929264,0.22481123,0.13353407,0.13220893,0.1259568,0.23617476,0.22887485,0.11309556,0.15993673,0.33231086,0.18933114,0.24594226,0.39975065,0.23097576,0.2186628,0.16128987,0.21189149,0.2071782,0.21212351,0.15312971,0.32385337,0.2944017,0.27033675,0.39456517,0.25518316,0.2532122,0.35156423,0.26589334,0.20468357,0.31846482,0.35901862,0.30286133,0.324177,0.09570652,0.3541348,0.37582532,0.1779064,0.23511112,0.23900044,0.07767154,0.16572565,0.23160534,0.17887104,0.24171214,0.14876749,0.33338428,0.50658643,0.16071567,0.3154713,0.35143715,0.3464407,1.0000001,0.2427142,0.40705723,0.22084364,0.2654139,0.41230428,0.73929024,0.23262575,0.3839928,0.27331212,0.28146446,0.34110552,0.26405114,0.23207271,0.16880824,0.19497076,0.44167185,0.33084762,0.19394487,0.16497415,0.25130987,0.19759424,0.42818445,0.3309715,0.24740818,0.20331597,0.20672646,0.21419913,0.23233998,0.2896246,0.2763371,0.2638501,0.10166049,0.19429478,0.25004104,0.20247507,0.35698336,0.15677343,0.20683481,0.15118404,0.35307652,0.33424705,0.10812073,0.312574,0.22597702,0.38341767,0.27578464,0.32151884,0.446194,0.17488343,0.24659243,0.3616137,0.1657758,0.15298668,0.47622263,0.31694672,0.24150008,0.032973282,0.29644206,0.15879723,0.03816733,0.13405088,0.32228673,0.31263682,0.27241513,0.21276674,0.120571695,-0.0010478441,0.13372034,0.23466381,0.4228565,0.2805667,0.041364957,0.15615694,0.16294387,0.24796271,0.09804982,0.16532874,0.21392754,0.23868808,0.16179824,0.16136864,0.21079716,0.21724819,0.21990864,0.76643145,0.23623928,0.25734222,0.27353638,0.27451146,0.13219917,0.31605357,0.20770192,0.14997515,0.2507019,0.35230783,0.19235703,0.14663751,0.11564699,0.20750374,0.3507811,0.28233445,0.28172782,0.18181953,0.18276927,0.08894978,0.23942599,0.23138684,0.037730142,0.21004298,0.23769909,0.30567116,0.2345255,0.03953054,0.25483838,0.35796198,0.26086077,0.14389923,0.336341,0.253854,0.31700563,0.15270348,0.43516302,0.2326191,0.43771,0.12959659,0.3219794,0.32641453,0.25024697,0.17643669,0.26357737,0.19463694,0.36761653,0.19420785,0.19107985,0.29482356,0.22142595,0.23604982,0.19107243,0.30524513,0.17914271,0.11929814,0.09963992,0.19373342,0.257889,0.22020984,0.15785122,0.1625315,0.17394623,0.3045299,0.13132195,0.28697273,0.20593181,0.16237049,0.30572733,0.16326326,0.25501037,0.3045603,0.25471005,0.18287863,0.2514543,0.090083435,0.1533868,0.5113145,0.14954048,0.17180106,0.18640007,0.32878104,0.24993333,0.27743924,0.17548609,0.2485961,0.28336862,0.35087162,0.4957587,0.16330527,0.4189009,0.3979618,0.22589307,0.46171954,0.19253191,-0.011651146,0.20803092,0.12671533,0.3031215,0.19605204,0.27943373,0.18023574,0.06841873,0.2831062,0.15184522,0.4196934,0.18379027,0.23538622,0.20671524,0.21209225,0.18870075,0.2552356,-0.06931893,0.22357965,0.23020804,0.3704146,0.21870077,-0.05725728,0.23756279,0.280863,0.37053615,0.28295496,0.14288251,0.21521147,0.25939643,0.14177868,0.14727464,0.20931432
decorate,0.20143518,0.105456606,0.074608006,0.1494247,0.18233682,0.10148659,0.0987225,0.23843066,0.07182673,0.19992685,0.29276916,0.15407507,0.24357814,0.104129225,0.20990652,0.16866684,0.24786305,0.20569728,0.20509338,0.13688087,0.24555814,0.1265107,0.14185853,0.2241917,0.21704662,0.21598768,0.1360564,0.32267523,0.30866498,0.1809943,0.14933908,0.18747026,0.19874153,0.52662235,0.24709207,0.16366632,0.13552128,0.35483307,0.20261748,0.17169285,0.28163102,0.3043555,0.117760055,0.114817,0.31729412,0.14830136,0.23263793,0.17002237,0.1332984,0.2705719,0.23128617,0.1562433,0.1430494,0.26661626,0.14970002,0.29394132,0.28238755,0.2427142,1.0000002,0.38002712,0.2672842,0.28402016,0.26056808,0.1321888,0.27676186,0.17378116,0.20981617,0.21787873,0.118685685,0.13145633,0.30406016,0.2519659,0.33708268,0.21739528,0.20825675,0.17128465,0.23094516,0.23647994,0.32795006,0.25300115,0.20476826,0.14341359,0.15670589,0.25216165,0.19493419,0.10329784,0.26056808,0.39030832,0.23986614,0.18145922,0.264499,0.16635698,0.2202371,0.18214172,0.29223308,0.10344372,0.029736277,0.17051217,0.18128303,0.13533768,0.26743996,0.1502972,0.15146776,0.18357912,0.11687397,0.21893224,0.1650429,0.5991588,0.25847661,0.080594845,0.19000334,0.30657366,0.16476896,0.19513756,0.12038718,0.41866767,0.45897144,0.03913732,0.14872578,0.21481234,0.38199794,0.3585648,0.17244726,0.098944515,0.0633882,0.23845349,0.13419369,0.23946242,0.240424,0.115695536,-0.006801325,0.09735751,0.2833949,0.05604627,0.058376852,0.100531414,0.1467056,0.16475451,0.21399361,0.15610628,0.25471333,0.32628605,0.13463196,0.4370273,0.26612005,0.25020158,0.24491659,0.20293795,0.29760864,0.22402386,0.28552476,0.22005287,0.34580922,0.61897576,0.1844041,0.12557743,0.18979669,0.13528329,0.19305345,0.25229302,0.15408757,0.17785558,0.21230099,0.11706613,0.14538729,0.006553067,0.18413395,0.18893942,0.13014656,0.26959553,0.05119819,0.321478,0.22248623,0.23147544,0.22792804,0.28458247,0.23952247,0.34210527,0.37451726,0.3207174,0.23747021,0.26934564,0.21117899,0.14065734,0.25731117,0.38549107,0.20922954,0.22121212,0.18084624,0.12101923,0.19045165,0.1092455,0.081704885,0.33038136,0.24433444,0.23105031,0.25279486,0.18923658,0.18085942,0.1280403,0.18476722,0.14410925,0.27170643,0.05292808,0.24069558,0.4044916,0.20172563,0.15519106,0.13021243,0.23909745,0.24099034,0.34549713,0.036200374,0.31979832,0.21338227,0.353812,0.25297278,0.3285976,0.12682301,0.24272601,0.33680654,0.27471727,0.2476722,0.25006974,0.2830906,0.20756072,0.26972288,0.2910884,0.16246101,0.3630856,0.32517028,0.19957289,0.18511821,0.28056946,0.23547748,0.2428784,0.38288802,0.22626545,0.025833119,0.24897927,0.0760494,0.18617158,0.34008822,0.16033816,0.19874865,0.1551783,0.16675568,0.26552397,0.25926816,0.20670569,0.3360328,0.14147055,0.122890085,0.22593956,0.20849162,0.091083325,0.20320414,0.18109864,0.22862323,0.2675221,0.20726961,0.29593512,0.21265316,0.37192485,0.33107972,0.19031405,0.2078402,0.35598618,0.19896722,0.06342384,0.27874404
insert,0.2475997,0.20389764,0.22366731,0.1580757,0.23076648,0.1409921,0.13502708,0.36173368,0.09961185,0.25852257,0.36920497,0.18777242,0.33429593,0.23274058,0.2697767,0.3203413,0.3300455,0.22145692,0.32284534,0.21323286,0.27512804,0.14041813,0.11499305,0.23772508,0.26190442,0.20220649,0.16353033,0.310269,0.39569932,0.20549451,0.15588647,0.17415278,0.17657587,0.3251413,0.18081033,0.300818,0.2929141,0.34162074,0.18329467,0.13856104,0.45909104,0.30052084,0.17266464,0.24028619,0.37141708,0.18629968,0.30151534,0.2226584,0.165663,0.3641447,0.30160987,0.3994906,0.17616062,0.32010078,0.27361822,0.29762983,0.3980949,0.40705723,0.38002712,1.0,0.19412917,0.38898373,0.22894382,0.2741636,0.3557406,0.12873963,0.2890331,0.1194574,0.17877653,0.16659938,0.3219451,0.30017614,0.31357324,0.30623,0.18433145,0.37108037,0.48118925,0.26677933,0.4704971,0.19506812,0.13605924,0.20366754,0.3465436,0.24366316,0.22553699,0.15739852,0.26429704,0.63750374,0.43155771,0.1697569,0.33454776,0.26927048,0.1646216,0.4006564,0.6156101,0.121917546,0.120957166,0.28658742,0.3679122,0.28184474,0.29014033,0.31490225,0.20668194,0.22561912,0.20920852,0.17760687,0.12456985,0.3635804,0.36447877,0.31484485,0.2830437,0.30267048,0.1848909,0.32268822,0.29731894,0.39016128,0.2728532,0.035931572,0.2049042,0.20737809,0.41084826,0.3676955,0.14184904,0.1525785,0.2747174,0.11581014,0.082012415,0.3047542,0.3983407,0.26552945,0.205331,0.118647724,0.528321,0.12904166,0.19356057,0.15677537,0.23168203,0.26042366,0.24349877,0.16715127,0.2664316,0.38088554,0.20429571,0.40534592,0.22117081,0.2902453,0.2843281,0.25297293,0.29101604,0.35606772,0.59264934,0.11500158,0.3653171,0.5227418,0.26268476,0.29509613,0.30113873,0.15489595,0.16770756,0.2882305,0.14626193,0.45043764,0.3573173,0.13078253,0.26248842,0.20095634,0.1958715,0.5443151,0.15185416,0.4143864,0.088687554,0.4622841,0.12680861,0.24035832,0.28624174,0.20467958,0.3753397,0.4418884,0.26459774,0.50158376,0.22206533,0.63159907,0.2784788,0.15158007,0.47916102,0.48550516,0.16649681,0.35640162,0.25350723,0.2038326,0.2567417,0.096789286,0.12994696,0.48606467,0.3008479,0.5860379,0.30103564,0.119675264,0.18022361,0.13570884,0.049325965,0.30165347,0.37953252,0.09750052,0.2704982,0.38348117,0.1979516,0.22682315,0.22777654,0.4248246,0.23021935,0.50900257,0.09870809,0.5831242,0.30596167,0.69270897,0.3961144,0.354332,0.084808476,0.54418296,0.4375421,0.3564672,0.44005623,0.5395938,0.22416347,0.410492,0.33744034,0.6031198,0.17143157,0.4182659,0.4458695,0.26818264,0.5137788,0.39912468,0.42735928,0.34363616,0.37807155,0.2774695,0.13808392,0.4908501,0.1822695,0.11383484,0.48183662,0.20623821,0.36444277,0.2278029,0.19620605,0.5498732,0.36763066,0.267812,0.42001116,0.16655593,0.30524066,0.28017113,0.10555406,0.1139342,0.46579164,0.1793271,0.2299211,0.63429284,0.15360242,0.25857472,0.20004985,0.58233607,0.6046911,0.46155852,0.50328076,0.7051913,0.39234146,0.24228466,0.6821134
broil,0.38529503,0.13007453,0.09028838,0.037983187,0.0673223,0.11375828,0.013874771,0.09405507,0.12198689,0.18820757,0.14197026,0.35250542,0.05270861,0.3044046,0.14083883,0.14893016,0.1804779,0.123766765,0.40511924,0.17097515,0.2167776,0.06024075,0.39746815,0.4611113,0.2104402,0.1257095,0.19355091,0.5130659,0.104988225,0.42490283,0.21382584,0.07585662,0.42848405,0.22542226,0.36959004,0.4601739,0.086406015,0.13012159,0.60239947,0.20184612,0.13360342,0.31685656,0.20054221,0.43263668,0.21535534,0.060835395,0.17314032,0.13098851,0.40866435,0.223089,0.1355837,0.25918755,0.018040732,0.17806028,0.33464906,0.40643698,0.1375354,0.22084364,0.2672842,0.19412917,1.0000001,0.1775626,0.118946806,0.19653714,0.1414889,0.025150094,0.2895677,0.14612819,0.3631591,0.52997035,0.47149503,0.231502,0.021455364,0.14016461,-0.0024174564,0.29746976,0.15427542,0.07272593,0.35527557,0.07764758,0.18419456,0.12447819,-0.04515732,-0.031519502,0.08767533,0.15074606,0.43329808,0.22282586,0.12549114,0.09499663,0.3233398,0.044478387,0.0029746331,0.07921168,0.11745262,0.16803965,0.036577016,0.32147187,0.14969382,0.02443009,0.49727875,0.027878169,0.044518325,0.26604116,0.17966051,0.09144196,0.063125834,0.20209286,0.122094825,0.09406069,0.16426063,0.37769032,0.0795477,0.07881822,0.022204751,0.19024874,0.20375288,0.066040985,0.17771298,0.5640259,0.47965312,0.21850406,0.45337272,0.10364093,0.051263914,-0.0042910576,-0.0049062893,0.38322866,0.3934263,0.09648985,0.081504665,0.056624115,0.18613026,0.020901626,-0.0016050667,0.24288422,0.077157125,0.048472643,0.06921482,0.46047407,0.21742246,0.09761898,0.08158372,0.20574002,0.5422983,0.13932419,0.083242685,0.103007086,0.5076619,0.295088,0.17905514,0.009251026,0.13368745,0.18521738,0.001233425,0.13086668,0.2144256,0.43992203,0.662058,0.17519964,0.045626864,0.11606744,0.136084,0.04377178,0.0728917,0.111472055,0.12147176,0.044779055,0.11313372,0.15975872,0.009054334,0.29198718,0.14617729,0.19672894,0.06705251,0.059687097,0.22947703,0.13149315,0.10550499,0.22668801,0.21912827,0.13369371,0.23407498,0.1792043,0.23070991,0.15257823,0.1630755,0.15671372,-0.039802987,0.3579375,0.09878805,0.4118623,0.06985244,0.16750732,0.115563154,0.05604196,0.35668606,0.57124436,0.074396804,0.026465716,0.021704884,0.07022731,0.1618633,0.14461106,0.112187676,0.18792799,0.14567435,0.20559093,0.22476742,0.25132376,0.28043228,0.11803451,0.50413513,0.10362612,-0.0017499328,0.10203766,0.3727305,0.14460458,0.10129464,0.14379793,0.15692745,0.109221146,0.059686422,0.1671197,0.06494338,0.15879232,0.19653422,0.120515496,0.5819117,0.13297413,0.22976816,0.10296637,0.13582148,0.14152093,0.12818241,0.12498371,0.24033996,0.037669085,0.10381708,0.023850895,0.12630196,0.46290314,0.116272554,0.4852686,0.15958083,0.031247452,0.2336297,0.08589636,0.18922234,0.0937415,0.3816515,0.40368712,0.21217522,0.59875464,0.76161313,0.01090171,0.03836162,0.08991375,0.4187907,0.076178566,0.07231824,0.18305442,0.55171573,0.3449573,0.16174568,0.095221385,0.09945282,0.18572189,0.10980746,0.07658937,0.050021198
unmold,0.32925108,0.47582978,0.08410448,0.36220676,0.1399462,0.41827095,0.21978647,0.15521972,0.23730671,0.12235427,0.43039843,0.3532483,0.19273755,0.087509714,0.33582467,0.2990833,0.4372592,0.3695649,0.2665984,0.1484053,0.19316377,0.2130302,0.1500991,0.20830384,0.49416935,0.07588638,0.24405324,0.21864152,0.24511589,0.15825829,0.31725436,0.29570907,0.14602558,0.2856447,0.09971065,0.20210923,0.3319922,0.37101996,0.18167233,0.2260072,0.31747743,0.20575391,0.2932598,0.17605698,0.23469168,0.22950475,0.4717297,0.36206537,0.05696427,0.105881914,0.28106356,0.3191299,0.20582753,0.25570792,0.29406032,0.23974423,0.13759819,0.2654139,0.28402016,0.38898373,0.1775626,1.0000002,0.3952856,0.34801728,0.033763662,0.2127063,0.09732969,0.316934,0.23759845,0.22657901,0.24822015,0.5037422,0.12203805,0.28957114,0.3198896,0.29844195,0.23932421,0.123619206,0.35646445,0.22573844,0.23211242,0.41575372,0.14547174,0.24526438,0.3262573,0.2878943,0.23969634,0.46234825,0.2691047,0.08930953,0.3659687,0.23625219,0.2513316,0.3875327,0.23117164,0.25533792,0.24998751,0.13959327,0.120011866,0.19085194,0.15121028,0.25818634,0.19259198,0.16010076,0.26819855,0.15722597,0.32124186,0.33375,0.36340326,0.1792385,0.30999994,0.24144948,0.20709926,0.07999602,0.08203942,0.20932722,0.101052195,0.027532006,0.374705,0.15429267,0.47610107,0.4239002,0.10221313,0.21893556,0.06482195,0.123151526,0.31957042,0.10393737,0.31721562,0.041437306,0.17528167,0.22939536,0.20447673,0.17145632,0.2729445,0.21589638,0.24978986,0.041662134,0.034954123,0.12623179,0.2818492,0.06348131,0.22421747,0.043113064,0.27193815,0.29566008,0.14142223,0.2631871,0.33685216,0.35834306,0.45299914,0.2857347,0.1389081,0.2614577,0.1990936,0.14056586,0.26412618,0.19244055,0.1388699,0.56878996,0.20369382,0.24480385,0.24490476,0.22941615,0.30114532,0.0816444,0.30444032,0.1938738,0.38781577,0.23728213,0.22131404,0.17803596,0.3723413,0.2089172,0.011147857,0.3756965,0.53871304,0.10630739,-0.0059850663,0.42353463,0.1575679,0.35831192,0.18358772,0.17841889,0.2357543,0.5706829,0.06566754,0.11770033,0.1764946,0.16312751,0.2230648,0.10839905,0.17285901,0.476965,0.48868763,0.25444967,0.23633301,0.16760403,0.35274553,0.16310278,0.27903777,0.16885357,0.11725122,0.27833116,0.23903763,0.24168059,0.4117174,0.21710584,0.35316294,0.2799605,0.16188422,0.3020961,0.16174412,0.23802328,0.43974352,0.29168668,0.33029947,0.16582075,0.09085697,0.29618415,0.29851657,0.104778856,0.14754292,0.21393058,0.3831377,0.18877745,0.21396746,0.19752626,0.12002921,0.078380905,0.20240194,0.21979561,0.23246638,0.29796323,0.350291,0.17600545,0.4066503,0.057232898,0.036716543,0.2176966,0.024883538,0.115325816,0.41430098,0.1275593,0.0788023,0.06147458,0.133266,0.16349107,0.28768814,0.080898814,0.32156143,0.081117935,0.2332412,0.15129574,0.13640495,0.06263423,0.32724738,0.3464759,0.23099008,0.3180005,-0.044782672,0.028628599,0.17966491,0.361265,0.29087597,0.20883068,0.34084713,0.25828075,0.08737062,0.21513966,0.15327609
grate,0.19342703,0.3013026,0.064573646,0.4430275,0.14883992,0.3761531,0.11147457,0.10185082,0.20986426,0.2054553,0.17075172,0.27853587,0.26209518,0.096402,0.35296768,0.08988745,0.14432997,0.34299183,0.11424359,0.037742317,0.15231378,0.11606984,0.07241862,0.15741152,0.2919651,0.18995805,0.22492875,0.19811803,0.327505,0.13460836,0.1469844,0.26525807,0.2363891,0.26310375,0.0765326,0.049960464,0.3923357,0.3691857,0.13591816,0.09786124,0.2674998,0.30774456,0.122631505,0.018567348,0.11345797,0.23595524,0.22074236,0.31391162,0.027963165,0.21331945,0.09334625,0.25244895,0.29911822,0.26903594,0.097764134,0.1492438,0.1004571,0.41230428,0.26056808,0.22894382,0.118946806,0.3952856,0.9999999,0.28883478,0.07794199,0.49829736,0.19081022,0.47669604,0.17669886,0.17630161,0.16598032,0.32778913,0.08827228,0.38559118,0.41988274,0.14664412,0.1340209,0.17819701,0.21299759,0.4978442,0.30250835,0.21563591,0.067478746,0.26523045,0.39455926,0.21868849,0.2250399,0.31287676,0.112299904,0.08008965,0.2513646,0.17271969,0.4023332,0.3488733,0.25045204,0.30859852,0.25995883,0.10599634,0.13038881,0.12205138,0.19388647,0.15201072,0.4141388,0.28784397,0.14244713,0.3123242,0.13446677,0.29626322,0.36474067,0.23704243,0.2904994,0.34912327,0.3258705,0.14932835,0.22045553,0.2969395,0.26429224,0.102472045,0.16226232,0.16563727,0.10502523,0.43596464,0.12934324,0.23919459,0.08966632,0.20753592,0.43118516,0.156203,0.08566298,0.25011516,-0.060671143,0.2822526,0.24331066,0.18974712,0.21194857,0.031062286,0.18177797,0.17092353,0.2760554,0.09049538,0.22594099,0.023728035,0.39846075,0.13851549,0.18240577,0.15810333,0.2396583,0.29825705,0.22463632,0.15256181,0.17599246,0.44266364,0.26377153,0.17899382,0.1687026,0.13534026,0.30326957,0.14668167,0.122585386,0.4321635,0.2537222,0.21896066,0.21060318,0.35642385,0.27124938,0.047060713,0.27202883,0.12151426,0.49101794,0.13947895,0.16259919,0.1715511,0.51871645,0.30773464,0.120493464,0.49123913,0.2854661,0.2751844,0.12787569,0.40371034,0.04688493,0.33648476,0.047212727,0.38824308,0.269768,0.23059918,0.1964468,0.25558656,0.09288902,0.13826546,0.32711858,-0.06586979,0.2931713,0.16708653,0.49983412,0.23679672,0.15802217,0.121763274,0.23113741,0.10425584,0.40545082,0.33315173,0.23604336,0.34879243,0.12308675,0.14356466,0.39806753,0.259667,0.40983868,0.12837759,0.045587532,0.24631345,0.04286039,0.26801345,0.5058682,0.21681392,0.10002653,0.29194558,0.13426767,0.19849922,0.49168035,0.1806615,0.15815035,0.21456316,0.39810377,0.19149432,0.19286594,0.17044252,0.15686071,0.055971015,0.23579234,0.5378979,0.19006234,0.41495425,0.39117768,0.27234125,0.4880458,0.0708403,0.010713555,0.16742592,0.038438056,0.20631836,0.12811296,0.13819627,0.22012705,0.15880184,0.09587487,0.24509516,0.43422586,0.09933971,0.18133107,0.05372972,-0.035420705,0.139166,0.18353277,0.08528527,0.21090668,0.20845297,0.19774175,0.14761679,0.05319214,0.18549426,0.2066013,0.22686735,0.29409724,0.25265428,0.25956064,0.25055403,0.16810858,0.24133724,0.17399777
prick,0.3275113,0.3157857,0.13754779,0.25740457,0.24268526,0.24261168,0.21697888,0.079197705,0.15350358,0.0832739,0.14088187,0.3736524,0.14766371,0.055010773,0.1344651,0.23040672,0.26686049,0.17311251,0.20508227,0.1609018,0.22488563,0.19224781,0.21330225,0.14219148,0.1712011,0.1737667,0.32539964,0.18862431,0.22883433,0.2577928,0.3992545,0.30391055,0.2470865,0.15823102,0.20225976,0.2939015,0.30045226,0.176561,0.19909342,0.16416338,0.2974672,0.35790336,0.23470505,0.2776868,0.25103778,0.20741376,0.21857478,0.17139518,0.12474242,0.1200258,0.12046513,0.20274463,0.3682487,0.11167543,0.37836367,0.33497155,0.11982079,0.73929024,0.1321888,0.2741636,0.19653714,0.34801728,0.28883478,1.0000002,0.04028202,0.28143167,0.28016302,0.22698346,0.37649864,0.25305602,0.19414786,0.1353021,0.072454944,0.42700368,0.2719942,0.19284372,0.13554011,0.38262466,0.20643702,0.35021162,0.29394096,0.4236763,0.20100383,0.21022081,0.1425707,0.34630555,0.32878056,0.29488486,0.33098882,0.22695875,0.19966093,0.34883717,0.2314628,0.36545545,0.122321144,0.18645829,0.23442471,0.18554735,0.21140003,0.11904949,0.19633906,0.28438836,0.32213104,0.22117898,0.44628274,0.32281977,0.37853777,0.087752506,0.33907616,0.09978475,0.16986558,0.31249243,0.20579919,0.031510774,-0.013123505,0.23273823,0.049945433,0.063748285,0.20934694,0.2978453,0.39842927,0.14714238,0.20280714,0.24886979,0.0043757604,0.09934485,0.16242349,0.24741393,0.35547838,-0.047843777,0.36112294,0.3242789,0.18693429,0.1975596,0.17704636,0.3430406,0.29006177,0.20131153,0.17834708,0.28108618,0.21790034,0.012085913,0.7570486,0.056132894,0.21597351,0.28116134,0.38249603,0.1251997,0.21720412,0.20099537,0.09706321,0.19614077,0.32914522,0.10669682,0.052225187,0.1566034,0.21854621,0.39740145,0.19720614,0.15755144,0.116055325,0.17979866,0.053306837,0.21161085,0.3343953,0.12142797,0.2257385,0.10884039,0.28917596,0.14244461,0.19851717,0.1826132,0.33574873,0.22784692,0.08569116,0.29203004,0.31988212,0.34606546,0.06860061,0.2838995,0.14606161,0.38128507,0.1032501,0.20609866,0.19815692,0.26685408,0.186365,0.22337931,0.28281683,0.32371432,0.32589418,0.38001326,0.19034916,0.2429538,0.14711238,0.121595845,0.24162807,0.1857971,0.13694355,0.0871534,0.18453929,0.29910368,0.12971908,0.115357846,0.16126972,0.06359376,0.30449495,0.14630915,0.2223053,0.122054644,0.14875358,0.21238685,0.2186808,0.14299709,0.22820231,0.13679057,0.20960355,0.19956714,0.093358144,0.060575902,0.36016238,0.020544238,0.070632406,0.14624837,0.26463377,0.18178765,0.3242332,0.12371141,0.15970396,0.087038346,0.24352854,0.4375759,0.17578374,0.24801943,0.29873955,0.16069922,0.31777608,0.29723692,0.04582356,0.10897981,0.09745007,0.18775204,0.2212263,0.2775995,0.083014295,0.02650125,0.26349628,0.12751059,0.23936044,0.056316394,0.19933927,0.16959569,0.27260303,0.13552192,0.23388502,-0.04000907,0.20710053,0.45216358,0.30205008,0.18387076,-0.08597477,0.19801626,0.22098833,0.16985008,0.2365143,0.10418805,0.18118873,0.16962518,0.057532772,0.15001175,0.081883006
dressing,0.17389624,0.027122982,0.23155734,0.03737495,0.12546678,-0.0660414,0.05764754,0.28795493,0.08668628,0.18824497,0.17308581,0.07911189,0.27355802,0.20058705,0.065825626,0.35410768,0.20127276,-0.005094163,0.34253764,0.46991736,0.07811843,0.1202511,0.045119,0.20054808,0.0876732,0.070972346,0.14859739,0.33324826,0.33649957,0.2335658,0.113999,0.090596914,0.24495491,0.23068464,0.20273823,0.15888482,0.07986243,0.24803314,0.1213661,0.11582109,0.35848892,0.5020189,0.06833047,0.19916621,0.5019489,0.089263394,0.10813665,-0.0056233658,0.11192486,0.5536102,0.118611515,0.23642471,0.09034248,0.2283479,0.17578608,0.21217328,0.52147233,0.23262575,0.27676186,0.3557406,0.1414889,0.033763662,0.07794199,0.04028202,0.9999999,0.01949807,0.18799068,-0.0028839372,0.16629593,0.061821193,0.27503327,0.17526639,0.3340177,0.05168692,-0.07530654,0.19465184,0.2852269,0.21785323,0.1987141,0.10964078,0.07913746,0.05299861,0.2699784,0.25925285,0.031564932,0.13729659,0.18705718,0.25613958,0.2365435,0.18921964,0.17852554,0.20919845,0.0021313466,0.16378078,0.33369526,-0.07269002,0.0013089143,0.3562668,0.6303965,0.28464186,0.3279105,0.16918519,0.076940715,0.15275422,0.06636372,0.045800004,0.047685947,0.22954822,0.22348784,0.15144838,0.12080887,0.29335275,0.17011322,0.5021137,0.14624031,0.5156076,0.18392053,0.048193976,0.06399505,0.24847777,0.18891357,0.2931145,0.062482268,0.102736056,0.064003244,0.023163004,-0.04866704,0.3479363,0.14054361,0.23713301,-0.0522559,0.059954435,0.2981513,0.12138732,0.198845,0.046561107,-0.070804335,0.18511668,0.049276467,0.2498065,0.23970297,0.6198578,0.01607167,0.7599747,0.19012964,0.3447801,0.19377404,0.014048856,0.27841932,0.2950632,0.27231127,0.020523328,0.49763656,0.25657773,0.20665166,0.29796827,0.1342948,0.12862644,0.14766791,0.084061295,-0.014603352,0.2729296,0.14637612,0.0048719887,0.007130578,0.028665148,0.18490914,0.3715218,-0.014728062,0.3345398,0.037938047,0.34682822,-0.017454498,0.23584726,0.10723618,0.017693315,0.23491469,0.4606099,0.38909253,0.2928688,0.2587279,0.2728514,0.18004785,0.068862066,0.22041869,0.10934433,0.11628983,0.30074632,0.15898386,0.22131735,0.04200727,0.16964313,0.086983874,0.18676887,0.065233655,0.28933764,0.18789056,0.053548582,-0.017993249,0.07582781,-0.010224896,0.12053958,0.4362858,0.066611044,0.1154316,0.36570138,-0.015702238,0.03269627,0.09771181,0.15244818,0.18723103,0.2382491,0.19035098,0.33826178,0.05265721,0.36621135,0.20149764,0.33791566,0.06525752,0.24389693,0.28244466,0.31561294,0.4069087,0.30042207,-0.010120837,0.23218942,0.17001864,0.23941422,0.17768791,0.5928567,0.40664646,0.111079015,0.16466889,0.2778815,0.24629813,0.17931011,0.2513703,0.26380304,0.03186154,0.27224293,0.10805172,0.20887902,0.20184462,0.2410537,0.39954245,0.11342429,0.07209848,0.39404142,0.28700998,0.32894516,0.23712626,0.09619437,0.09052147,0.30051807,0.15207432,0.04792697,0.19699913,0.09240066,0.17666832,0.30705437,0.032530874,0.13469447,0.116193995,0.40341866,0.23180893,0.33600998,0.18154359,0.37993842,0.40437472,0.008910209,0.40107465
shred,0.012264719,0.21642458,0.09201275,0.3904388,0.093579575,0.31240937,0.09628179,0.20847657,0.06840963,0.15021673,0.063265555,0.19323772,0.41513643,-0.04523155,0.39910537,0.117714904,-0.0023008995,0.28627303,0.0009899251,-0.035664324,0.2173563,0.10611013,0.071472324,0.06680043,0.25180718,0.10978669,0.21710782,0.089280814,0.27017075,0.04728755,0.19130443,0.2544273,0.19531655,0.24415335,0.0041187312,-0.007766906,0.23136972,0.22901225,0.03884262,0.104366384,0.27047956,0.20191541,0.1439519,-0.05433784,-0.05042918,0.06846064,0.14115694,0.2459983,-0.030331446,0.14060712,0.008585613,0.1797456,0.43778026,0.23600195,-0.013510771,0.08613114,0.06864576,0.3839928,0.17378116,0.12873963,0.025150094,0.2127063,0.49829736,0.28143167,0.01949807,1.0000001,0.13401106,0.53501165,0.08295831,0.07470216,0.060073253,0.3781656,0.11153924,0.6417502,0.41768396,0.07529917,0.15204208,0.11815993,0.076132245,0.57887745,0.48010167,0.16717833,0.05275571,0.33210754,0.4022146,0.20829082,0.17589957,0.2015492,0.06288755,0.115725264,0.11128574,0.07905956,0.24235341,0.3092844,0.1816122,0.3307925,0.2165063,0.026290445,0.07460115,0.07056356,0.12807156,0.14515443,0.43918443,0.42099696,0.092604086,0.540306,0.112432525,0.28977573,0.42370844,0.31813115,0.24958847,0.37267953,0.52954733,0.11155169,0.2680872,0.20881902,0.20058896,0.07044866,0.07510986,0.09366601,-0.02470719,0.4047648,0.045739688,0.10708158,0.1075511,0.36140814,0.43842253,0.0917717,-0.030094024,0.17579669,0.0073970407,0.15796131,0.20711586,0.02892216,0.18192923,0.07476627,0.29660827,0.157667,0.27266192,0.027858334,0.15327784,-0.0105791,0.4356367,0.07610094,0.020035949,0.12569462,0.17741488,0.35298824,0.09865808,0.059031427,0.1837739,0.48080286,0.23428813,0.14384484,0.22029665,0.060518805,0.21039817,0.08102368,0.057515696,0.37373686,0.36450022,0.14503112,0.1240914,0.52500737,0.3023548,0.0013213018,0.23819944,0.14416629,0.5270638,0.20093939,0.037247077,0.1379529,0.5575227,0.236138,0.20012558,0.4732872,0.1904312,0.16483475,0.07602838,0.44609198,0.063843496,0.30092442,0.0010186359,0.45552656,0.1597036,0.22877872,0.1755224,0.13442594,0.10961303,0.094806746,0.31417093,-0.04187769,0.5402792,0.09818814,0.33879107,0.24530905,0.25517586,0.07409076,0.4437245,0.09345972,0.30276382,0.34202302,0.14179265,0.41882676,0.066544965,0.062134404,0.4220084,0.28961486,0.3865943,0.0522452,-0.015042886,0.22513852,0.006968135,0.21446905,0.5516106,0.20164303,0.06461514,0.2751025,0.13877371,0.19086081,0.5605695,0.14552927,0.08274531,0.19373041,0.47712398,0.13952719,0.09718478,0.16234812,0.058200885,0.0034233201,0.15760016,0.5737361,0.12667112,0.51900893,0.5127418,0.16036388,0.56544274,0.029972237,0.0032086421,0.1296863,0.08737232,0.100173905,0.097461164,0.100090824,0.15512073,0.13859883,0.09586424,0.15575618,0.5229682,0.08527386,0.017319977,0.044867117,-0.07584013,0.015378455,0.046459734,0.052818723,0.16909878,0.1497001,0.12296015,0.16667703,0.06788226,0.17253809,0.09762001,0.15632278,0.22022092,0.16109794,0.17251855,0.09965958,0.023842413,0.21283436,0.12779635
ice,0.12179281,0.15265775,0.36036485,0.10513198,0.06441512,0.15642393,0.05693362,0.13623305,0.06927804,0.21924251,0.19304535,0.19159,0.17118171,0.34059405,0.07817067,0.3032851,0.18909568,0.08996113,0.23648416,0.12868592,0.3099747,0.11053094,0.22701305,0.1926394,0.36662868,0.13866568,0.41762584,0.19771013,0.30523062,0.16492757,0.3920279,0.27493918,0.106155515,0.11026035,0.10147573,0.18740085,0.22283712,0.1274139,0.15812883,0.16365606,0.3071643,0.236653,0.42304105,0.22500926,0.2783127,0.09706847,0.5039609,0.092929296,0.27581966,0.12758507,0.0623663,0.08363651,0.16144748,0.16784398,0.17279786,0.5242582,0.20035078,0.27331212,0.20981617,0.2890331,0.2895677,0.09732969,0.19081022,0.28016302,0.18799068,0.13401106,1.0,0.17476681,0.16360605,0.16479072,0.21112794,0.16036311,0.32158583,0.15719664,0.07596171,0.13327783,0.31664485,0.39631903,0.23647675,0.10420571,0.11033205,0.19850725,0.2934547,0.13041374,0.15775946,0.3052543,0.27565387,0.29195654,0.35634884,0.3571785,0.15770376,0.2900471,0.107254,0.10121635,0.33524585,0.18628421,0.04195318,0.18706016,0.24158338,0.20399648,0.28452826,0.23191012,0.18583336,0.31121534,0.22456715,0.1547567,0.19850498,0.14407054,0.14684623,0.1651813,0.2954528,0.19826162,0.18496579,0.29882237,0.18099283,0.35891348,0.123762876,0.10138701,0.4638034,0.42673153,0.20187905,0.26964867,0.21482807,0.15415631,0.18419288,0.0980642,0.13342166,0.31602782,0.17684585,0.20986924,0.15243647,0.09374945,0.19988823,0.099265076,0.12808184,0.24763256,0.055746898,0.2310093,0.12481132,0.36602342,0.15845555,0.2871384,0.18256655,0.21753317,0.23760408,0.34795558,0.25804096,0.1183319,0.42291087,0.14340529,0.23938146,0.18910617,0.3544733,0.18310848,0.09507576,0.32514566,0.29702073,0.34455353,0.2144649,0.10043299,0.054719403,0.2362062,0.16324516,0.059514385,0.15312956,0.14951503,0.10205379,0.25080436,0.104773395,0.18958768,0.062246557,0.253701,0.16224028,0.2414481,0.29830307,0.16009751,0.2903015,0.4239835,0.20938991,0.2220574,0.55780876,0.33975604,0.12296129,0.21093929,0.19083208,0.07071589,0.1780918,0.19603612,0.31324506,0.3567418,0.20303619,0.22288588,0.099495165,0.17770827,0.09555581,0.18375523,0.12728062,0.2197881,0.028578471,0.105863206,0.09694214,0.1856165,0.3269571,0.14880952,0.18415792,0.13261569,0.112245746,0.30645305,0.38808128,0.33083943,0.17890932,0.10869235,0.31300002,0.21855181,0.11223674,0.20757197,0.16989194,0.2501069,0.118226,0.2234406,0.26000416,0.30007154,0.25730282,0.3624648,0.113968745,0.10679899,0.28403932,0.3636766,0.23837051,0.3390773,0.20935228,0.24834158,0.28368777,0.18109958,0.17266566,0.22371952,0.20083898,0.383412,0.047634184,0.13648674,0.22528955,0.12466229,0.15393814,0.41331753,0.3523299,0.06347986,0.59655,0.3597507,0.18728112,0.13626097,0.29899818,0.3138191,0.16923743,0.34523457,0.18171366,0.16227181,0.16881056,0.2722243,0.49137875,0.28961894,0.108337,0.15643924,0.42574248,0.3672538,0.2598861,0.25989467,0.12057922,0.26240078,0.24974512,0.16650328,0.25328258
flatten,0.21810447,0.3501196,0.16802892,0.5242379,0.030783596,0.5001724,0.029490639,0.0797182,0.054291043,0.19518,0.14487892,0.45997965,0.16098589,0.06519143,0.40313175,0.10700616,0.021829603,0.43642992,0.07974148,0.081181854,0.12776837,0.19417544,0.17400262,0.090525806,0.33216143,0.20698941,0.20594145,0.17178561,0.26668277,0.054652613,0.16585714,0.4158895,0.23679668,0.21590152,0.07676782,0.10028466,0.2365263,0.29743755,0.06224493,0.22530878,0.24585587,0.14995027,0.07357645,0.057406686,0.105635144,0.124714404,0.12465753,0.38318068,0.013050115,0.21797793,-0.0053274166,0.21798445,0.3731662,0.27376658,0.11777636,0.06680585,0.14761195,0.28146446,0.21787873,0.1194574,0.14612819,0.316934,0.47669604,0.22698346,-0.0028839372,0.53501165,0.17476681,1.0,0.21251173,0.13401231,0.06722921,0.43885285,0.15431646,0.36931124,0.57679707,0.08546283,0.100433834,0.18176048,0.28880438,0.30212423,0.26797152,0.34083444,0.06827367,0.18290563,0.51784265,0.2171981,0.29724008,0.25302207,0.17454803,0.22609413,0.25269276,0.16909504,0.35466468,0.2329055,0.2296407,0.41527033,0.20123792,0.06074332,0.09626126,0.09943576,0.13632105,0.28714135,0.2578838,0.26922014,0.22176807,0.39348048,0.16896114,0.30506265,0.28424194,0.25162894,0.45605314,0.20725322,0.32815367,0.16658363,0.24563187,0.33338472,0.24564876,0.074205056,0.04277596,0.18333854,0.1047365,0.48900208,0.11157547,0.096199855,0.12681678,0.36847842,0.5288864,0.1274853,0.044507615,0.17803954,0.03956147,0.15040663,0.1878791,0.06667095,0.1508327,0.07787381,0.20097554,0.1983051,0.37940842,0.19473174,0.22629298,0.0617051,0.2922398,0.061071042,0.0719032,0.23495504,0.15238014,0.42302036,0.14085773,0.097973526,0.13244659,0.65456325,0.2797416,0.13452765,0.1683271,0.13716239,0.4017861,0.2675144,0.19821468,0.5526118,0.48085338,0.1642786,0.34774092,0.398961,0.19828176,0.021899287,0.42127442,0.108179525,0.5488119,0.10644378,0.064756766,0.1597911,0.8524797,0.33074877,0.12193798,0.5826111,0.21581137,0.17624065,0.113753274,0.26492968,0.03168779,0.2546309,0.06105789,0.3154059,0.28007755,0.18678002,0.2578544,0.17268556,0.19184706,0.14095491,0.5321372,0.045266904,0.29563987,0.17206919,0.50809026,0.0897311,0.16145699,0.11685926,0.44496506,0.12913138,0.5047937,0.42455268,0.18284836,0.46747744,0.13957386,0.05913764,0.5824479,0.4325363,0.48847824,0.10102448,0.1025465,0.15656666,0.10778023,0.15943766,0.57775044,0.10227144,0.11609605,0.2796488,0.2843899,0.15480702,0.3049014,0.21720102,0.0903958,0.2084091,0.48318917,0.14546189,0.2070143,0.18975854,0.22869165,0.1106437,0.1578263,0.3354472,0.29847187,0.27859932,0.3249656,0.3033718,0.49149853,0.09612513,-0.005192464,0.061559062,0.108654894,0.25961423,0.13388845,0.17620412,0.15701614,0.17155531,0.12861782,0.22118962,0.3419414,0.08685768,0.15414152,0.074266985,0.03961895,0.086692944,0.20423752,0.08445475,0.054465786,0.22042249,0.25139105,0.09751086,0.041979376,0.25422734,0.25848877,0.104293354,0.3156963,0.16457193,0.07600222,0.13395523,0.06299811,0.3718,0.07861036
sizzle,0.7394246,0.19148287,0.08198905,0.13842502,0.12022898,0.20588367,0.012851903,0.01341573,0.078324914,0.09487971,0.033905163,0.35440767,0.13101088,0.20123872,0.06431422,0.19524142,0.10340517,0.15232006,0.4227032,0.22568858,0.104776874,0.22524747,0.36589354,0.2668547,0.1699416,0.015089875,0.1407732,0.33653384,0.18687874,0.34449732,0.1922768,0.06289869,0.19162275,0.13631701,0.1599412,0.2666365,0.29786384,0.1453187,0.42522728,0.12563145,0.24364367,0.27808142,0.1486344,0.39670694,0.24609774,0.1145915,0.089198686,0.17673838,0.24905968,0.17757326,-0.0052891225,0.25540513,0.090565406,0.12863135,0.50063777,0.35497588,0.18756485,0.34110552,0.118685685,0.17877653,0.3631591,0.23759845,0.17669886,0.37649864,0.16629593,0.08295831,0.16360605,0.21251173,0.99999994,0.21770337,0.24293299,0.13342793,0.14066283,0.12771343,0.13130447,0.2165956,0.05951062,0.16272561,0.24298105,0.15162864,0.21609366,0.15701315,0.007927207,0.13578725,0.10020892,0.14566155,0.4054348,0.15578836,0.1253206,0.09344412,0.21086577,0.14961685,0.16430013,0.13190079,0.09628774,0.17969292,0.0012381803,0.3049755,0.24369979,0.057781816,0.21668756,0.1375555,0.16603842,0.1370835,0.3977852,0.103158206,0.06288368,0.14184661,0.066281475,0.10693446,0.30107886,0.22478913,0.04843784,0.13974838,0.010758126,0.2354005,0.081612535,0.065080926,0.08033982,0.37587696,0.33486396,0.18930638,0.29750663,0.05608979,-0.014949077,-0.0319803,0.055812493,0.3360322,0.2795437,0.029853106,0.07429851,0.061671354,0.20417064,0.01095776,0.11626795,0.2745282,-0.07807899,0.01917475,0.0017604227,0.35232753,0.15173754,0.16327927,0.219652,0.059982456,0.37502772,0.14875099,0.1803625,0.06164563,0.3196238,0.27986288,0.10036068,0.14965875,0.21125689,0.121818304,-0.02655014,0.18017387,0.25212935,0.5185524,0.45494533,0.20846096,0.08873074,0.12809975,0.09433974,-0.0063948072,0.08563704,0.02230108,0.11075282,0.0779898,0.14402455,0.08408929,0.00022546499,0.22730562,0.22317722,0.24134198,0.047438804,0.18618342,0.15836702,0.20888233,0.07973817,0.1350014,0.13713974,0.18143873,0.21164417,0.111428455,0.23745324,0.081148356,0.050691668,0.15580645,0.059853036,0.3402611,0.11441785,0.28469065,-0.013558203,0.10637453,0.18124351,0.021909619,0.1948807,0.3928026,0.013146924,0.11274779,0.15816736,0.08646306,0.15586203,0.12818787,0.15659839,0.09964045,0.10070598,0.23829105,0.24733691,0.07589767,0.19733936,0.0986155,0.4685562,0.008558717,0.022712864,0.08474539,0.33070993,0.182264,-0.012614055,0.060318664,0.13560781,0.17611319,0.06464217,0.13104995,-0.0045739226,0.038358092,0.11806402,0.124591105,0.42215934,0.18809628,0.13643327,0.13573799,0.13603707,0.071184605,0.05609744,0.05754556,0.15770552,0.10554238,0.039253805,-0.012941199,0.0864834,0.24420482,0.06487901,0.34760016,0.09934674,0.07398268,0.19662097,0.11460333,0.09154117,0.14163715,0.2500043,0.2912399,0.098169744,0.38494474,0.33319855,-0.10264775,-0.017722435,0.12474254,0.3301702,0.07959169,-0.029876715,0.0012993775,0.41072875,0.20570584,0.061282463,0.075035945,0.030574575,0.15099537,0.10040593,0.08714093,0.05112033
sear,0.2885204,0.21016887,0.10361241,0.25618207,0.21160656,0.18022901,0.0101789655,-0.0151856,0.12020616,0.040738743,0.011078395,0.23194426,-0.0024366789,0.08114167,0.13118854,0.16393563,0.20249379,0.19025433,0.25930053,0.12277432,0.32015055,0.12643823,0.14379992,0.48698914,0.2655727,0.28485367,0.19538516,0.26761055,0.09152925,0.46378446,0.26761752,0.077844374,0.354572,0.14360796,0.4566465,0.29810318,0.16912355,0.07734698,0.35939103,0.08142622,0.04343225,0.30499703,0.28693652,0.23194994,0.18758485,0.10965307,0.17141181,0.20083794,0.31313077,0.10077395,0.17846812,0.22638988,0.02895194,0.10720221,0.25491834,0.2965724,0.09695779,0.26405114,0.13145633,0.16659938,0.52997035,0.22657901,0.17630161,0.25305602,0.061821193,0.07470216,0.16479072,0.13401231,0.21770337,1.0000006,0.47047046,0.21306056,-0.028724495,0.20933485,0.14702494,0.1998217,0.03816721,0.2172234,0.189753,0.22134243,0.2223235,0.21744466,0.016455226,0.065496996,0.13559227,0.19760941,0.29734695,0.10247829,0.20510176,0.20568606,0.25564873,0.19208091,0.2704656,0.09257089,0.0301819,0.27572936,0.13036254,0.25206575,0.10822728,0.10575884,0.49707508,0.017169543,-0.008455861,0.12039589,0.18767224,0.11038805,0.25774515,0.094521716,0.11443198,0.048581854,0.12654316,0.21142265,0.063989684,-0.040355757,0.046040744,0.081661284,0.21322355,0.019400477,0.18735613,0.34827787,0.39454913,0.07545212,0.33273703,0.13806945,-0.0039816857,0.16187721,0.07691006,0.34979606,0.39394543,0.03595581,0.24313655,0.20895296,0.11518206,0.08132166,0.08025928,0.16268724,0.20176482,0.22629066,0.20242529,0.26611966,0.14660856,-0.027932985,0.1789369,0.16577628,0.3625661,0.103416696,0.29418728,0.11189178,0.30860454,0.2328786,0.028582148,0.12785575,0.09526694,0.048743322,-0.07023126,0.091141984,0.13054644,0.3093468,0.3115282,0.19488251,0.09494653,0.122445844,0.14830503,0.00975223,0.05271839,0.037713435,0.031628188,0.098493345,0.16298106,0.007046446,0.086582884,0.07681174,0.14859557,0.17826256,-0.07006143,0.1742618,0.18315618,0.072559215,0.2552873,0.107165106,0.18416555,0.12569241,0.12932327,0.08716846,0.17449614,0.18905132,0.33818254,0.13039446,0.095735975,0.30587712,0.11581722,0.30108297,0.071630016,0.11363757,0.08975695,0.014089439,0.3537764,0.31142712,0.11623173,-0.011498928,0.3043633,0.0668286,0.047630124,0.15966207,0.058890484,0.080640554,0.3711152,0.10687108,0.3432056,0.24539557,0.17132622,0.3023556,0.25974953,0.087814584,0.041069858,0.06947469,0.20064238,0.12282155,0.35971206,0.051782954,0.0745381,-0.0043503344,0.005285118,0.067857414,0.15237325,0.3856492,0.35008705,0.050365105,0.25561404,-0.013714362,0.20586427,0.08096637,0.07068712,0.051548958,0.14055243,0.23459318,0.12555219,0.14229655,0.012413353,0.074706435,0.0477003,0.22233424,0.06001998,0.314255,0.018287592,0.12023844,0.2068252,0.010468025,0.10534173,0.0812237,0.14736898,0.3041259,0.279966,0.22560135,0.61884505,-0.04250284,0.062175192,0.3055297,0.34454763,0.02096175,-0.03060747,0.3175854,0.30153078,0.20594233,0.18689689,0.06577563,0.055754114,0.09431647,-0.039917838,0.11073831,0.0316415
caramelized,0.24423486,0.10291794,0.11222246,0.136841,0.2117489,0.09012411,0.04075789,0.21252733,0.11492546,0.17760156,0.13939656,0.1976572,0.1344602,0.15676202,0.1507543,0.3565174,0.28625876,0.077662006,0.33491617,0.2881577,0.31470418,0.15842317,0.051393792,0.8952997,0.17744689,0.19713335,0.14494613,0.31728402,0.35712793,0.41820693,0.23704039,0.15819335,0.24497163,0.28050637,0.36166137,0.19436815,0.19849147,0.19246835,0.22888009,0.055554766,0.2991963,0.40950638,0.20712706,0.28470242,0.34629843,0.115291625,0.24686751,0.08696294,0.28241903,0.268458,0.1525554,0.22385807,0.05062499,0.12091819,0.26071587,0.3223671,0.36796248,0.23207271,0.30406016,0.3219451,0.47149503,0.24822015,0.16598032,0.19414786,0.27503327,0.060073253,0.21112794,0.06722921,0.24293299,0.47047046,1.0,0.23726174,0.47938076,0.099529,-0.010611857,0.2733494,0.23684634,0.25779334,0.27920693,0.14055735,0.25063896,0.14676051,0.19514135,0.13748673,0.049219057,0.19565335,0.4535696,0.31866747,0.1884674,0.17501743,0.22214815,0.20828092,0.13082987,0.1849668,0.2567472,0.19369134,0.054542854,0.337025,0.38449466,0.14929235,0.6881674,0.10490456,0.016375277,0.13563612,0.17044553,0.011281846,0.15222551,0.18135427,0.18542233,0.08712749,0.092529476,0.25807646,0.09354531,0.29627034,0.01934926,0.22668138,0.2387752,0.023822375,0.17357397,0.29744732,0.4309687,0.21407661,0.21277715,0.24372217,0.05354569,0.050298627,0.032802813,0.39842108,0.27456668,0.019521408,0.071227506,0.1303193,0.21735679,0.08961503,0.087865844,0.15130828,0.06174148,0.1221409,0.1134176,0.26918685,0.2207443,0.2462999,0.038061555,0.30034068,0.33026257,0.2835445,0.31922203,0.033904165,0.33740753,0.3516931,0.20598349,0.08860496,0.23715958,0.17612013,0.12064511,0.18935812,0.12961665,0.24478845,0.2520467,0.17209849,-0.016531195,0.19994697,0.13341644,0.013632494,0.034566317,0.050534934,0.10892457,0.19326934,0.062081654,0.22431315,0.084373765,0.29947367,0.071631074,0.19903362,0.06202032,0.056028076,0.28556243,0.23401827,0.43585658,0.23492141,0.2026053,0.33272585,0.2566949,0.110163145,0.25700724,0.18906844,0.20192572,0.1847556,0.15656336,0.2810982,0.13594425,0.26916653,0.00815415,0.1694757,0.059038855,0.21914724,0.2505224,0.19266777,0.003972711,0.10125913,0.06662038,0.15737909,0.23674342,0.05156906,0.18849537,0.16586563,0.11484063,0.07450791,0.19899881,0.24327013,0.23757559,0.245944,0.22087018,0.2547041,0.104233705,0.17985763,0.26827392,0.21901679,0.13225056,0.2130475,0.19905668,0.40995356,0.22271886,0.24091923,0.11868504,0.2303803,0.20891565,0.11150206,0.26735005,0.23815458,0.3985306,0.103351615,0.14660253,0.18806985,0.17084628,0.22770104,0.2122034,0.22279587,0.029495344,0.21270269,0.066053696,0.15686676,0.18996078,0.3070141,0.27022073,0.11474893,0.09927537,0.2719426,0.18188804,0.27123007,0.27580196,0.23347142,0.12466535,0.2538076,0.42113242,-0.004158778,0.24682686,0.1923652,0.3158327,0.163791,0.08428157,0.16270784,0.21969205,0.38345033,0.20132612,0.18023105,0.20142765,0.24817024,0.18679893,0.09916738,0.23086601
unroll,0.27957195,0.3798926,0.19515532,0.5066895,0.092269875,0.51187605,0.12030923,0.19051461,0.09419063,0.18857774,0.41198248,0.4535878,0.31403884,0.17772323,0.5764921,0.14535594,0.21768565,0.49228355,0.19163471,0.15622011,0.32398248,0.1647822,0.12747572,0.22698568,0.4994998,0.11372085,0.07461451,0.23556083,0.26565087,0.084880605,0.13921493,0.09843482,0.32624972,0.3784423,0.18749611,0.2800007,0.24307758,0.41622904,0.18724221,0.3169549,0.2101309,0.19702661,0.21629894,0.129731,0.17318243,0.13952106,0.32130536,0.45435676,0.20149937,0.2135677,0.23389137,0.34126514,0.26243925,0.33344167,0.22139347,0.21088243,0.10783317,0.16880824,0.2519659,0.30017614,0.231502,0.5037422,0.32778913,0.1353021,0.17526639,0.3781656,0.16036311,0.43885285,0.13342793,0.21306056,0.23726174,0.99999964,0.1452564,0.2113775,0.3789202,0.2720194,0.22309679,0.12547289,0.45340663,0.19346139,0.23484898,0.21201529,0.007918106,0.1412243,0.5307832,0.18153568,0.2780738,0.37250763,0.12794845,0.10436632,0.47677165,0.036580596,0.1838862,0.28982535,0.2769418,0.38784942,0.138769,0.13156196,0.18654414,0.088476874,0.22049649,0.14573684,0.022382265,0.12749863,0.19609646,0.21625477,0.12863067,0.44553038,0.17758353,0.3452183,0.3644645,0.30417684,0.20277047,0.14153391,0.2554881,0.2571706,0.21868852,0.07058038,0.2510069,0.2320875,0.32410872,0.58892953,0.23754662,0.09348394,0.110466614,0.3005402,0.3849186,0.100159094,0.23466042,0.21525815,0.041116215,0.11726136,0.26303107,0.05472509,0.09931615,0.11945392,0.14041197,0.1507653,0.1466709,0.16865756,0.32174468,0.11067426,0.12822105,0.21000385,0.1919893,0.09036746,0.049597923,0.378914,0.3391354,0.2682103,0.39123946,0.35892442,0.20089146,0.31253347,0.20670903,0.14835109,0.3753739,0.17029971,0.20343053,0.613868,0.36968133,0.2363972,0.33969176,0.19506411,0.20201981,0.077677235,0.27758983,0.28783298,0.44779137,0.2665973,0.093885385,0.30899858,0.4584347,0.1385725,-0.029971842,0.27673894,0.36132526,0.11292911,0.11075753,0.32361716,0.16796702,0.31854194,0.2804023,0.19050924,0.3969332,0.4388448,0.07525699,0.20154689,0.09917307,0.1492863,0.3780391,0.08482297,0.17718357,0.39023054,0.61177814,0.24489796,0.48138136,0.20867875,0.5646536,0.11465208,0.32380342,0.3323154,0.14803763,0.714972,0.27631623,0.23100549,0.505589,0.36339277,0.49563634,0.27024034,0.26768482,0.3315203,0.29468495,0.22777626,0.4287132,0.22550596,0.36026967,0.28460002,0.1397059,0.31639758,0.2139222,0.21842465,0.1461298,0.22717737,0.42908317,0.19842708,0.13112935,0.17669153,0.2295183,0.10720946,0.209474,0.13574651,0.2331726,0.2195709,0.21960044,0.2951978,0.43018687,0.05378358,0.021152252,0.13576965,0.080296546,0.26662484,0.2795455,0.21657813,0.15471804,0.16524324,0.105231255,0.20087463,0.29975075,0.17024031,0.379528,0.22274992,0.14574304,0.19529009,0.22103539,0.22336763,0.12606451,0.19855744,0.22742984,0.25236654,0.029803293,0.19539359,0.24574071,0.41487145,0.3545177,0.30558324,0.15387647,0.2710203,0.12975626,0.28702158,0.14602122
sweeten,0.08564883,0.0025765216,0.14280146,0.0699172,0.07829562,0.067336455,0.0920672,0.19102645,-0.0073934905,0.18800256,0.14823642,0.021267127,0.17902282,0.033853643,0.09063755,0.37401927,0.15445895,0.14342594,0.2640968,0.2566762,0.10231216,0.10530735,-0.06911286,0.47733566,0.09387263,0.032315105,0.14153317,0.16380627,0.39463985,0.21117485,0.15086319,0.19911349,-0.020606142,0.22917315,-0.028376333,0.05082786,0.08068699,0.19225042,-0.0020391932,0.017517991,0.2880866,0.17364846,0.036033057,0.05417528,0.38046187,0.032501362,0.17431393,0.15213321,0.038392074,0.15941688,0.06820506,0.0064237383,0.17954326,0.052766226,0.06349179,0.18523754,0.5721898,0.19497076,0.33708268,0.31357324,0.021455364,0.12203805,0.08827228,0.072454944,0.3340177,0.11153924,0.32158583,0.15431646,0.14066283,-0.028724495,0.47938076,0.1452564,1.0000002,-0.038719848,0.024145558,0.08883387,0.23707142,0.31327325,0.18625388,0.081794366,0.13961194,0.10661164,0.31060067,0.1759598,0.20689116,0.19510832,0.18539283,0.2505964,0.20941883,0.097467855,0.08347176,0.20095144,0.10146892,0.079619795,0.23569682,0.13213271,-0.046691388,0.29314458,0.37963554,0.071602926,0.35621768,0.18745838,0.031989194,0.042672217,0.060697082,0.09652231,0.11656652,0.16304341,0.17176399,0.13006285,0.15427977,0.069230326,0.06592203,0.41426396,0.050758626,0.36816436,0.18929985,0.10801004,0.06816837,0.076408505,0.1557723,0.21365625,-0.0067779417,0.058823384,0.17445387,0.022045808,0.091875434,0.34373885,0.010015092,0.029904539,0.011889571,0.0061178617,0.12466895,0.014236398,0.08789786,0.058973752,-0.041872986,-0.0069377013,-0.023502331,0.043460585,0.11248253,0.57999575,-0.0024031214,0.31889933,0.12393525,0.31466326,0.13526341,0.039621986,0.18053448,0.15511477,0.21866539,0.24350998,0.29129905,0.1931718,0.14164302,0.0996938,0.03231097,0.081109226,-0.006934449,0.11842895,0.0575196,0.1034679,0.26582864,-0.03691496,0.023030015,0.018161064,0.1426177,0.20878662,0.035984483,0.13467059,0.011482507,0.13474199,0.12592566,0.076666586,0.20768575,0.101973206,0.1885594,0.2967202,0.35743135,0.12622318,0.16980001,0.27289143,0.11556725,0.07740182,0.18392706,0.07582721,-0.065774895,0.17078559,0.3300702,0.039277364,0.106150135,-0.00879829,-0.0010063946,0.11168045,0.0871206,0.24950129,0.017178038,-0.003070088,-0.024230376,0.13253993,0.0336719,0.12928434,0.17238939,0.031544946,0.12768531,0.14720786,-0.019928329,0.078816414,0.12962528,0.17261495,0.049470153,0.11118119,-0.0058440585,0.22563896,0.1317312,0.20438601,0.117539614,0.19925164,-0.09324699,0.22080275,0.15090674,0.44660708,0.1828835,0.21009117,0.09527574,0.025555875,0.07522623,0.17695764,0.0558618,0.62359273,0.3093097,0.07047768,0.1392748,0.1229417,0.07477743,0.20553035,0.1778998,0.3443769,-0.023998007,0.176895,0.10305807,-0.07092142,0.14563328,0.065454915,0.17997195,0.06996471,0.12558183,0.26537415,0.11876823,0.2530071,0.17091088,0.013507453,0.07787997,0.050590813,-0.046022743,0.095281646,0.18614459,0.1411028,0.26405215,0.1976642,0.076792724,0.052311204,0.123239875,0.2583248,0.19724691,0.106180355,0.11760534,0.2815801,0.113072604,0.07657863,0.2306131
flake,0.118976526,0.25936925,0.078845665,0.27329195,0.12180793,0.19431487,0.048681933,0.24886677,0.09463528,0.21502984,0.08655354,0.1582326,0.2836012,0.0968256,0.28634003,0.1052205,0.13118595,0.17005333,0.028770812,-0.06462457,0.24465409,0.11996913,0.07405838,0.053124823,0.1710679,0.16524379,0.19011968,0.15810174,0.21793479,0.08835943,0.1895468,0.2577971,0.23385423,0.22613734,0.1239409,0.12512963,0.25535426,0.22700275,0.12931763,0.08685498,0.40729874,0.26987773,0.19038433,0.06373176,0.037030667,0.12429731,0.19716032,0.14022806,0.017181255,0.20249128,0.06944183,0.20697129,0.47805446,0.37364548,0.124122836,0.17748675,0.027653784,0.44167185,0.21739528,0.30623,0.14016461,0.28957114,0.38559118,0.42700368,0.05168692,0.6417502,0.15719664,0.36931124,0.12771343,0.20933485,0.099529,0.2113775,-0.038719848,1.0000001,0.33103508,0.15784585,0.18055311,0.11778645,0.123220846,0.68898714,0.5328212,0.2287884,0.06544977,0.36878708,0.23897356,0.17690694,0.1881873,0.32107958,0.16373827,0.18189687,0.13985986,0.15379384,0.23509912,0.33823496,0.27423206,0.16416189,0.26259902,0.078219935,0.053722687,0.2072252,0.08186416,0.19445398,0.58499897,0.51415884,0.18124661,0.59431046,0.16849494,0.30358276,0.52868533,0.1097294,0.21111369,0.5390667,0.67513037,0.15457949,0.20553657,0.16790533,0.17832392,0.019671233,0.13536644,0.13359027,0.15275258,0.29674983,0.10676974,0.14928061,0.124833316,0.32466456,0.32031202,0.111568086,0.1032751,0.11584277,0.13158655,0.20102122,0.40068167,0.082965165,0.3536883,0.18718675,0.5134603,0.2057037,0.2700485,0.09336043,0.23232228,-0.0060595907,0.5177072,0.13047257,0.077251434,0.123549774,0.27808666,0.434248,0.09281237,0.1261693,0.26911816,0.2192015,0.22110541,0.29490092,0.19185099,0.20060593,0.20884107,0.08307235,0.15902226,0.28493792,0.3466646,0.245569,0.10482638,0.6928711,0.41491234,0.039134987,0.22647904,0.22096306,0.5051817,0.40572834,0.02874422,0.2919187,0.43074542,0.3728065,0.13372567,0.48691973,0.34749675,0.22123113,0.13127252,0.731103,0.09435023,0.3750561,0.01620214,0.58490324,0.18989515,0.34666783,0.27132195,0.10028598,0.060680147,0.13789007,0.2949847,0.05806444,0.6727431,0.25700647,0.2767442,0.1926603,0.29746318,0.13911432,0.40738004,0.089093804,0.2211071,0.26918313,0.24767631,0.17942566,0.061398525,0.20558304,0.43203998,0.22383672,0.26908612,0.108649135,0.034050893,0.24371584,0.022673447,0.30730438,0.42353624,0.34677058,0.12113355,0.3566773,0.23000404,0.20758955,0.7117726,0.1281667,0.26059908,0.29294777,0.36409712,0.28561935,0.22737221,0.32149687,0.10353701,-0.0056203967,0.24699548,0.7011693,0.21431229,0.7079163,0.78625625,0.16307618,0.6904248,0.038180497,0.05121908,0.1676946,0.09671807,0.13655949,0.25243464,0.10622896,0.29631406,0.057902403,0.11799927,0.29124033,0.6841352,0.011068582,0.10464196,0.04585814,0.09764527,0.17472348,0.13149083,-0.034165803,0.2501334,0.20174637,0.089177765,0.23694482,0.070734024,0.2731526,0.10028972,0.2105267,0.30210602,0.2244928,0.2973066,0.18682222,0.19206077,0.14247225,0.27621242
tuck,0.18476382,0.35036778,0.13787112,0.62275517,0.081117645,0.412852,0.024242483,-0.04463736,-0.032187954,0.08322564,0.13539216,0.28575286,0.21059455,0.029330736,0.31904486,0.01487967,-0.03259289,0.42368102,0.00057016686,0.027105158,0.14551954,0.16090435,0.07817648,0.028375499,0.3276241,0.24800304,0.039137922,0.06656048,0.23649353,-0.026659464,0.03848887,0.12844652,0.113096714,0.22568637,0.05527804,0.065397404,0.227715,0.15573458,-0.0044296645,0.2125918,0.20741022,0.13100559,0.08303656,0.023469718,0.026205823,0.09118956,0.047127508,0.35445568,0.0015392229,0.043527573,0.017411146,0.20361514,0.3671292,0.23203906,0.118355356,0.056518648,-0.014476962,0.33084762,0.20825675,0.18433145,-0.0024174564,0.3198896,0.41988274,0.2719942,-0.07530654,0.41768396,0.07596171,0.57679707,0.13130447,0.14702494,-0.010611857,0.3789202,0.024145558,0.33103508,0.99999976,0.043428894,0.029531864,0.16383694,0.28811178,0.2947972,0.2004784,0.22913,0.022341676,0.051177293,0.49668697,0.17602049,0.22332853,0.22259338,0.14901508,0.15664464,0.25617322,0.1269466,0.2781336,0.22173725,0.15994802,0.38275307,0.17955016,-0.05642081,0.0018535629,0.1269122,0.059052676,0.1218196,0.14683288,0.1268389,0.20820953,0.3007608,0.11021117,0.33174473,0.26426357,0.26427126,0.29867774,0.123355515,0.13989353,0.016332094,0.2975942,0.17058273,0.20756696,0.028776476,-0.016421879,0.086626396,0.09973881,0.30048436,0.029015206,0.04235422,0.0014239773,0.48966917,0.5243212,0.03873128,0.057003558,0.16283076,0.15167958,0.1317922,0.06818437,-0.0696813,0.004617896,0.15486264,0.27390552,0.18922901,0.39169544,0.059468716,0.0983439,-0.055258915,0.34376082,-0.02161659,0.02015123,0.088658236,0.16675211,0.43697125,0.034891807,0.08701198,0.11069609,0.5287957,0.22600989,0.14835344,-0.053351052,0.023214506,0.36405328,0.21321246,0.15039535,0.38546216,0.38484108,0.21039343,0.17786312,0.3170268,0.29860547,0.04046333,0.19968335,0.04812557,0.55968654,-0.008608142,-0.04671344,-0.0024204925,0.63767844,0.1892102,0.09083901,0.47881263,0.08300826,0.14191961,0.062468037,0.16081998,-0.031337585,0.25300434,-0.023959406,0.20605168,0.20130013,0.27183488,0.2114643,0.13392799,0.08081674,0.034473952,0.42618418,-0.06539173,0.13921091,0.15475127,0.45629755,0.017389378,0.1828179,0.07665259,0.4948485,-0.033425376,0.51086706,0.29561204,0.043497212,0.34268892,0.09746523,0.035901375,0.59819126,0.34142143,0.4457487,0.07885678,0.012871167,0.22334665,0.09178414,0.027930956,0.5168611,-0.009604875,0.02732912,0.20309544,0.22100069,0.08834016,0.16945514,0.08800767,0.028046198,0.06781387,0.50756717,0.13096403,0.20965785,0.17898332,0.07233369,-0.012711081,0.10996214,0.25587398,0.20408463,0.108938225,0.15778688,0.31792638,0.24797204,0.04320706,-0.00016744714,0.033974096,0.034908563,0.11780547,0.19787914,0.11491553,0.02719892,0.1281598,0.15482342,0.12485458,0.15217358,-0.069025144,0.114905894,-0.0033085463,0.1278327,0.015902828,0.06502101,0.08767857,-0.009826209,0.13747558,0.19202483,0.05915641,0.014131357,0.22707221,0.12797461,0.019202895,0.25217232,0.18992108,0.077966355,0.040465474,0.016072039,0.39576623,0.0016620718
stop,0.31441718,0.26734582,0.34468192,0.24583113,0.1288924,0.22634193,0.11206193,0.11326586,0.14816424,0.20921862,0.31374806,0.28287423,0.11018816,0.17630862,0.22766936,0.1447513,0.26264262,0.18036187,0.30380875,0.21817367,0.15226157,0.052514862,0.2585119,0.24266961,0.26179758,0.1065215,0.15673606,0.47194806,0.15139246,0.2331451,0.16053939,0.112999976,0.17985392,0.17452183,0.21866351,0.40408716,0.12600856,0.12704518,0.25719476,0.19023067,0.25941193,0.24681444,0.1737864,0.30390248,0.20611113,0.10412477,0.29740316,0.18245068,0.23490298,0.14329864,0.22013587,0.34030223,0.14113456,0.20090361,0.325423,0.28096524,0.16782488,0.19394487,0.17128465,0.37108037,0.29746976,0.29844195,0.14664412,0.19284372,0.19465184,0.07529917,0.13327783,0.08546283,0.2165956,0.1998217,0.2733494,0.2720194,0.08883387,0.15784585,0.043428894,1.0000001,0.5575731,0.08534466,0.5487673,0.07614157,0.13409929,0.105079494,0.10239521,0.06711891,0.16436088,0.17783183,0.2426673,0.36811203,0.13842678,0.07339524,0.48389375,0.10164345,-0.0091940425,0.1830812,0.41476187,0.12592654,0.04735691,0.2606044,0.22652613,0.22688359,0.19750217,0.23150735,0.036621615,0.13902558,0.18533643,0.13941246,0.103235394,0.19470017,0.15011916,0.3545717,0.16955957,0.27071065,0.09321679,0.20966342,0.25254852,0.20895535,0.1900987,0.11689417,0.18322052,0.29139936,0.43176484,0.24299604,0.28775692,0.11410381,0.4749963,0.03875605,0.09651864,0.21700186,0.47537637,0.23248723,0.34126753,0.020802252,0.38118917,0.0791582,0.10385989,0.30683917,0.09641587,0.15681504,0.12132399,0.22965507,0.19143401,0.1199848,0.05238237,0.21940069,0.33237958,0.17039877,0.101061165,0.034656405,0.32474038,0.35630596,0.33382282,-0.028785257,0.15395474,0.24994767,0.06669396,0.25375086,0.23365104,0.21897556,0.2045373,0.15216619,0.015423406,0.2930925,0.25019464,0.080079995,0.1549209,0.42317307,0.18456692,0.13842787,0.1977726,0.14480871,0.063339874,0.3363996,0.079484716,0.20179719,0.060431845,0.17005897,0.30575484,0.123813264,0.11816509,0.26295507,0.12444858,0.35943523,0.5108596,0.06529578,0.20690876,0.28234875,0.050674707,0.23595056,0.15634203,0.15410054,0.19931789,0.18788944,0.06335369,0.19539401,0.16810149,0.31646827,0.26244563,0.23947933,0.11408443,0.11718486,0.010312256,0.15294214,0.1410906,0.1243238,0.23343551,0.24456096,0.16470316,0.15862541,0.21008986,0.46800244,0.39578488,0.31313092,0.25623375,0.42527035,0.121754035,0.27878425,0.5617844,0.16328973,0.04751475,0.2510645,0.15711665,0.21362682,0.21268523,0.30712956,0.11050893,0.13374427,0.23394069,0.19260877,0.24448843,0.1235608,0.2098415,0.09255138,0.34036618,0.15772493,0.1705106,0.123497196,0.20584077,0.08410559,0.5128913,0.3826648,0.3937977,0.13706711,0.3229848,0.30304396,0.15173694,0.1423631,0.07332309,0.28599873,0.17602587,0.2814573,0.646355,0.23701447,0.19433977,0.27758133,0.19913113,0.16540328,0.28648365,0.14996174,0.25193194,0.30206013,0.17346627,0.14889266,0.24146897,0.37420952,0.30201033,0.24745396,0.2851654,0.3261622,0.2192531,0.36117354,0.32847553
settle,0.08725847,0.21909049,0.34898555,0.12070365,0.11298861,0.17511258,0.10664831,0.3718372,0.085196115,0.28666127,0.37005913,0.13843352,0.2914216,0.1640763,0.28573048,0.32859564,0.27145758,0.07446574,0.20710576,0.2789886,0.12435024,0.00057096407,0.15692276,0.1651544,0.2737959,0.19505447,0.1772142,0.28918856,0.40689933,0.1092315,0.18370348,0.14964433,0.047762223,0.13325472,0.12097606,0.122057185,0.10244677,0.12541854,0.033264246,0.15713084,0.44554678,0.2058118,0.21512905,0.1800589,0.22904629,0.16115819,0.36421517,0.07140976,0.161633,0.16990998,0.22852698,0.33782363,0.061888035,0.14333263,0.14160874,0.324951,0.3028843,0.16497415,0.23094516,0.48118925,0.15427542,0.23932421,0.1340209,0.13554011,0.2852269,0.15204208,0.31664485,0.100433834,0.05951062,0.03816721,0.23684634,0.22309679,0.23707142,0.18055311,0.029531864,0.5575731,1.0,0.21531117,0.5125711,0.13738644,0.21255681,0.1722699,0.30820042,0.27900654,0.13724424,0.26065445,0.20236036,0.5504634,0.27209198,0.1615377,0.32180023,0.21416506,0.08387539,0.31550837,0.6326027,0.120155424,0.042879872,0.20738837,0.2973937,0.23672083,0.21355666,0.3622529,0.15473375,0.31317025,0.13786116,0.14523876,0.15322828,0.16800492,0.2611414,0.3395223,0.24767748,0.20679395,0.13804595,0.31714994,0.27149996,0.31657702,0.13383168,0.023487091,0.21668911,0.22465071,0.24486697,0.31756532,0.061173487,0.1669441,0.48725614,0.02799441,0.0057281405,0.20286144,0.2592183,0.29887122,0.32477036,0.040094938,0.35813972,0.103836775,0.166619,0.1572975,0.12420157,0.22710443,0.16947407,0.09720615,0.14658116,0.30602914,0.04338261,0.29732606,0.11973517,0.26541758,0.16355455,0.14391682,0.2729017,0.23642308,0.48895627,0.13375649,0.19221753,0.3749122,0.24432015,0.30029416,0.27565572,0.1576088,0.042047143,0.12898774,0.022918733,0.455477,0.29344577,0.12412004,0.24736732,0.6699489,0.17654452,0.26830548,0.12224512,0.36586913,0.11726535,0.4278496,0.075995535,0.28435647,0.15650505,0.20803949,0.27636912,0.30546373,0.18474564,0.3365824,0.20605734,0.51488066,0.40287954,0.099273585,0.1403988,0.31754363,0.08720892,0.29493043,0.23860802,0.15745127,0.23447469,0.07125726,0.082456544,0.2834848,0.100930244,0.53512263,0.19461814,0.1230098,0.14910193,0.098085165,0.029944688,0.34380028,0.3764226,0.085864276,0.16722253,0.24210781,0.10601748,0.26005653,0.19601795,0.44037676,0.3600546,0.40936783,0.12610124,0.6249761,0.25195256,0.48710942,0.3667674,0.19511805,0.06963438,0.51163995,0.29785427,0.34819263,0.3812209,0.5096531,0.1395093,0.23551619,0.36253512,0.46213257,0.090344414,0.2769934,0.32194006,0.14216512,0.48200172,0.32865486,0.31350118,0.12697919,0.20435116,0.21572907,0.6377275,0.55644214,0.6054597,-0.01135895,0.49008623,0.2564525,0.34351104,0.2457144,0.18864006,0.5214905,0.28846002,0.3548639,0.6548847,0.1650692,0.21002237,0.2869747,0.008047836,0.21556625,0.5096705,0.18850611,0.23648183,0.471816,0.23136872,0.1440545,0.14716591,0.41967958,0.5400727,0.4348456,0.4148938,0.4858852,0.34325895,0.5611952,0.47879782
moisten,0.222131,0.09760763,0.3679983,0.1487847,0.29055995,0.16806446,0.085402355,0.09953436,0.12423321,0.25122643,0.12659043,0.1279624,0.13192642,0.19935451,0.11718176,0.2582906,0.4362676,0.05951045,0.06829575,0.232848,0.18816945,0.19360027,0.079533614,0.22388996,0.10576211,0.32665202,0.4269347,0.19285792,0.41669065,0.19763406,0.5432906,0.41458523,0.07053809,0.08502191,0.26395735,0.09209658,0.2164879,0.15584055,0.058672763,0.23506102,0.26399124,0.35245,0.23089176,0.30451483,0.5627456,0.33934772,0.14017445,0.055705056,0.16264555,0.1745039,0.059962723,0.09034591,0.112003624,0.10862817,0.18868166,0.30591244,0.19781637,0.25130987,0.23647994,0.26677933,0.07272593,0.123619206,0.17819701,0.38262466,0.21785323,0.11815993,0.39631903,0.18176048,0.16272561,0.2172234,0.25779334,0.12547289,0.31327325,0.11778645,0.16383694,0.08534466,0.21531117,0.9999999,0.22047734,0.21659988,0.18107295,0.5016128,0.53127223,0.3812784,0.16386843,0.5240992,0.40326577,0.35536525,0.6240443,0.5913979,0.13670138,0.5869435,0.2735982,0.30774605,0.28399664,0.26821297,0.16221686,0.1411744,0.38241237,0.3666016,0.3089851,0.2656045,0.07250349,0.18587255,0.27756965,0.09231387,0.6590965,0.028741222,0.1992664,0.0657347,0.23512161,0.063009664,0.07360567,0.17365557,0.1704341,0.4354239,0.17772064,0.10559552,0.08440031,0.40032354,0.27798226,0.0987646,0.3059085,0.46168494,0.030323308,0.18332785,0.06271854,0.28438058,0.3220836,0.14008981,0.30613196,0.4161554,0.105670035,0.33067402,0.22506715,0.047580123,0.1345365,0.45365852,0.32679296,0.45334804,0.2431291,0.21680078,0.26526287,0.23048094,0.12135452,0.49952596,0.53282046,0.0965315,0.19890337,0.26338804,0.07085687,0.24718711,0.5223414,0.13232991,0.075014666,0.3615979,0.23406872,0.36876202,0.11646542,0.026447011,0.05813115,0.33678326,0.22288013,0.04013472,0.20712581,0.09867727,0.13298291,0.24364585,0.049650773,0.106834844,0.33295646,0.14475237,0.19658065,0.21121672,0.20396265,0.112887904,0.349143,0.61879504,0.3223827,0.07149167,0.20646538,0.35664612,0.109731026,0.05614749,0.19349721,0.12156105,0.33740535,0.2732595,0.72134024,0.285684,0.35463566,0.34192508,0.0025058803,0.14618099,0.034033235,0.11722906,0.18475819,0.25224364,0.050558124,0.13375896,0.21704751,0.35413378,0.34663096,0.083648905,0.1541579,0.09266797,0.18712577,0.13330987,0.32269156,0.13949628,0.16422628,0.20996216,0.2503128,0.14853837,0.14318253,0.18608123,0.14519724,0.29966658,0.2420395,0.112220556,0.14646111,0.29271266,0.26218036,0.27524978,0.17856361,0.22059473,0.4522501,0.28727776,0.124522015,0.27207172,0.26906964,0.17202398,0.15378624,0.04140425,0.09425152,0.382161,0.14383468,0.8785642,0.0296629,0.09311836,0.08692446,0.108646944,0.15538737,0.39368272,0.32064837,0.26488167,0.3147326,0.40573007,0.040363096,0.14345667,0.12924987,0.19141485,0.20887148,0.17786992,0.18391813,0.031771928,0.13377936,0.74762213,0.38777265,0.270784,-0.036833607,0.27461064,0.20716822,0.18011037,0.3124473,0.3050269,0.11137102,0.21246158,0.23834077,0.1481632,0.1998147
rotate,0.41313422,0.2765829,0.29178244,0.2840868,0.13682392,0.36648387,0.05613051,0.24722865,0.11089441,0.20406008,0.59992003,0.47712496,0.23338193,0.2594603,0.31601825,0.1790252,0.22939149,0.27824748,0.31179932,0.29403147,0.20999673,0.07148746,0.3077394,0.25378567,0.34078848,0.20558046,0.14268729,0.38930005,0.38535902,0.2743274,0.21778211,0.080186024,0.28301877,0.31296837,0.29364395,0.39863196,0.07875469,0.20162207,0.3336569,0.37724167,0.27028832,0.24785075,0.23515901,0.36349365,0.2639062,0.24941047,0.27475488,0.25846767,0.34081364,0.1443918,0.2514783,0.38070816,0.11958949,0.31552947,0.33415008,0.341842,0.23168586,0.19759424,0.32795006,0.4704971,0.35527557,0.35646445,0.21299759,0.20643702,0.1987141,0.076132245,0.23647675,0.28880438,0.24298105,0.189753,0.27920693,0.45340663,0.18625388,0.123220846,0.28811178,0.5487673,0.5125711,0.22047734,1.0000002,0.053910293,0.1439879,0.18154112,0.05553107,0.06541516,0.30186796,0.20645952,0.3310473,0.6047733,0.21223329,0.17462954,0.7966291,0.14607178,0.11491818,0.19459853,0.55509984,0.2925989,0.09833671,0.27290943,0.22891054,0.12613201,0.18993463,0.27729416,-0.02788476,0.15815713,0.20744035,0.093692414,0.111770324,0.3267959,0.15785213,0.42485464,0.29570603,0.2841757,0.08787617,0.14393216,0.37664935,0.31398773,0.3027653,0.113346554,0.18826836,0.36609918,0.49834085,0.43246326,0.336393,0.13887131,0.40617514,0.18585598,0.18191287,0.24956432,0.50883365,0.31238365,0.2831378,0.123571694,0.38691145,0.1264873,0.01354959,0.15740049,0.119835,0.2371237,0.26702738,0.3088213,0.22969621,0.20142454,0.10801771,0.2233956,0.35131383,0.15738192,0.15146497,0.2857226,0.39502636,0.33588487,0.539565,0.2098302,0.21686643,0.46793205,0.13185897,0.1988487,0.38143975,0.3350556,0.3301502,0.3167724,0.13483699,0.40498522,0.37001628,0.12675272,0.32001555,0.40049422,0.21769029,0.12479288,0.255237,0.26377597,0.13361552,0.41747874,0.2502524,0.13557553,0.09682819,0.26970688,0.29838485,0.21789727,0.14987037,0.2700651,0.19239643,0.4641063,0.518808,0.12533092,0.28912103,0.3627274,0.066024706,0.3676461,0.15843889,0.21427268,0.40684843,0.20836723,0.016856384,0.34216297,0.30384272,0.4820224,0.3162978,0.33846313,0.2543723,0.06396545,0.20737755,0.29628518,0.15351903,0.24620028,0.24436513,0.27452475,0.33170438,0.32135653,0.34576166,0.5074271,0.47738642,0.33887768,0.33884725,0.40716094,0.22861412,0.28560266,0.6657657,0.22400847,0.13471535,0.5680431,0.16581888,0.19086114,0.18763635,0.34174478,0.24077235,0.15088129,0.33272445,0.34127748,0.30260304,0.22198975,0.21835269,0.1280931,0.5525262,0.14512718,0.16929823,0.24823186,0.2384449,0.1170823,0.3470543,0.27655482,0.34713435,0.24614352,0.39052898,0.33337125,0.13436884,0.31793046,0.26249856,0.3558867,0.17945087,0.26997295,0.6736648,0.35604283,0.3145971,0.43825984,0.26432148,0.5189534,0.23338106,0.21650821,0.37456423,0.32543126,0.27208805,0.25334388,0.41496557,0.46028942,0.6271862,0.38885456,0.28331894,0.5309944,0.1824086,0.46710777,0.2645145
crumble,0.11494426,0.1909077,0.03096632,0.27803683,0.22458169,0.18055913,0.10085202,0.1904974,0.114202015,0.20314962,0.057268165,0.08576685,0.24510442,0.0026536528,0.2674269,0.071537055,0.17409097,0.20864137,0.06735876,0.06634955,0.20238224,0.1669643,-0.011387112,0.093088575,0.15121257,0.19654803,0.19634992,0.21630132,0.33509177,0.13842945,0.15496331,0.26391554,0.1595276,0.27428383,0.08974079,-0.039761174,0.3056336,0.3168012,0.1005872,0.04741449,0.3853059,0.29842436,0.15016347,0.0029024077,0.09018368,0.18479678,0.15507475,0.18232593,-0.052056283,0.19558957,0.074895486,0.15831003,0.3697611,0.2400414,0.065647915,0.119693145,0.12799211,0.42818445,0.25300115,0.19506812,0.07764758,0.22573844,0.4978442,0.35021162,0.10964078,0.57887745,0.10420571,0.30212423,0.15162864,0.22134243,0.14055735,0.19346139,0.081794366,0.68898714,0.2947972,0.07614157,0.13738644,0.21659988,0.053910293,0.9999999,0.6152903,0.2323189,0.11417854,0.39295864,0.26757497,0.27115,0.24769579,0.23480819,0.107412115,0.13716345,0.060589954,0.21929014,0.44671625,0.35928255,0.16129702,0.2633437,0.280931,0.090955205,0.1321393,0.17267531,0.18616644,0.08383359,0.5770079,0.46723711,0.10294558,0.50482,0.20753413,0.1981689,0.4413653,0.064321876,0.16425134,0.4694242,0.5258402,0.13445483,0.16958651,0.21536444,0.20916721,0.057287455,0.111154936,0.13325605,0.03309462,0.23938204,0.052027166,0.22321914,0.04289338,0.2629689,0.19069922,0.14540568,-0.017138481,0.10463842,0.064267665,0.23439512,0.17509398,0.1636809,0.2550966,0.08736359,0.34997836,0.18972033,0.2630619,0.041322865,0.23391736,0.08277093,0.45710677,0.1616348,0.13992137,0.097526774,0.26225397,0.30016282,0.062945336,0.15212208,0.15218313,0.39644128,0.19502567,0.15088427,0.17203026,0.1345819,0.11743595,0.09282144,0.11384808,0.20017457,0.19918993,0.23781006,0.18183722,0.5944444,0.34722656,0.039349232,0.24547347,0.12881523,0.4837361,0.22615348,0.15763554,0.13488646,0.40511262,0.48499656,0.13309702,0.56996715,0.26718274,0.22163473,0.14843431,0.55193937,0.10252619,0.262463,-0.032232966,0.4857518,0.19281696,0.22392303,0.20248911,0.21541059,0.12215461,0.13862711,0.21339694,-0.004771251,0.5215434,0.13640407,0.28458953,0.15128796,0.19853286,0.1196428,0.22016627,0.114764094,0.31823727,0.3067843,0.22879335,0.18201189,0.042226695,0.14961073,0.27785093,0.13321857,0.2435328,0.038335547,-0.017765194,0.19253698,-0.010511108,0.21118745,0.37584364,0.26128525,0.032164,0.3634534,0.1361151,0.12705602,0.6046747,0.19149451,0.17843175,0.12631916,0.30606854,0.119368106,0.16697256,0.19993234,0.10095826,0.08116998,0.25975388,0.6355158,0.07472381,0.5670097,0.54251826,0.23359184,0.5911176,0.121357605,0.04261188,0.110204086,0.048409432,0.1181385,0.08580691,0.12613274,0.22476718,0.22570547,0.14378619,0.19007117,0.57044435,0.064500384,0.06733264,0.002782425,-0.0036169589,0.13006036,0.1488275,-0.08646148,0.19701563,0.21778074,0.14572313,0.093906015,0.012840885,0.243001,0.058616422,0.15030721,0.22955094,0.2244362,0.2361934,0.1101711,0.1411726,0.13246092,0.13161568
snap,0.19661191,0.11095488,0.012039897,0.20731464,0.17544845,0.15919618,0.1325512,0.20441976,0.19278456,0.25443795,0.049748823,0.09787162,0.21254423,0.04337403,0.20327061,0.19466683,0.1753216,0.106258534,0.19110101,0.1094091,0.17286542,0.10467093,0.067171484,0.2006622,0.20952892,0.118220344,0.1737915,0.24660876,0.23133889,0.22071144,0.14539948,0.21476316,0.18075642,0.17360917,0.14343977,0.04050696,0.15449521,0.27030596,0.20311701,0.057779048,0.36972874,0.2707175,0.24581149,0.095571324,0.13536327,0.2090148,0.22461708,0.08890876,0.08043359,0.17317535,0.10949065,0.14333664,0.3528898,0.19978125,0.08118917,0.22784439,0.14690898,0.3309715,0.20476826,0.13605924,0.18419456,0.23211242,0.30250835,0.29394096,0.07913746,0.48010167,0.11033205,0.26797152,0.21609366,0.2223235,0.25063896,0.23484898,0.13961194,0.5328212,0.2004784,0.13409929,0.21255681,0.18107295,0.1439879,0.6152903,1.0000002,0.17578153,0.041855272,0.30503413,0.120492704,0.17788407,0.27581,0.23702402,0.08408408,0.086118124,0.07676692,0.16845378,0.25409395,0.33112723,0.11819686,0.2620977,0.2146182,0.12115618,0.14328492,0.138011,0.2821828,0.1463826,0.38709244,0.4907612,0.07997405,0.4511608,0.14566004,0.09295401,0.41155002,0.08246381,0.14749752,0.4684041,0.43954414,0.113932855,0.059838682,0.16903415,0.15668495,0.023981666,0.17312095,0.15047881,0.17360689,0.2369079,0.084308,0.25471303,0.06282681,0.16645718,0.12978747,0.18032247,0.05936017,0.04742262,0.11583832,0.20790857,0.120298475,0.15664226,0.18958879,0.15634015,0.19861192,0.12751907,0.24346048,0.10865712,0.1940521,0.08762414,0.3563279,0.09808363,0.25694877,0.16804592,0.18093982,0.13438466,0.19536673,0.2046125,0.10448411,0.28464162,0.10445805,0.12659256,0.29148343,0.097868286,0.120909065,0.16438037,0.1900604,0.1338361,0.039715737,0.17695293,0.11040871,0.48260057,0.24440694,0.033817925,0.2110488,0.09133498,0.4447177,0.20099643,0.1415155,0.12409084,0.36904892,0.41805828,0.05835056,0.4052798,0.22676292,0.12704068,0.10216226,0.44360626,0.14463568,0.25070095,0.22870535,0.47983152,0.15388235,0.2521674,0.17353119,0.12948848,0.12613042,0.1850625,0.216958,0.025704263,0.4226249,0.13834359,0.10876358,0.12699723,0.27297083,0.20483449,0.18830165,0.039461963,0.23601657,0.27138743,0.21231607,0.10983579,0.029771838,0.09308456,0.19862929,0.16176452,0.19136012,0.102492794,0.21249312,0.19776829,0.056083873,0.18113348,0.2877658,0.1719029,0.08573067,0.25707245,0.102338165,0.09021107,0.44248146,0.18692413,0.16300423,0.12289937,0.19106695,0.12512574,0.1352644,0.16598451,0.18500902,0.078712575,0.17791,0.45741406,0.03187081,0.4598189,0.41859165,0.13262191,0.4681213,0.09411549,0.025491744,0.09291062,0.041990865,0.1161529,0.12684235,0.18133521,0.23890547,0.25070864,0.17663586,0.1638511,0.48526186,0.308592,0.11948167,0.14713839,0.052422136,0.17297536,0.18611692,-0.08974677,0.19443303,0.1687975,0.23288909,0.037076116,0.108176105,0.09465199,0.09837787,0.20550448,0.12699741,0.14390972,0.15071055,0.059983186,0.090392314,0.18118608,0.058109105
skim,0.23265532,0.30116904,0.25963354,0.14780237,0.19735424,0.2726873,0.31005707,0.120687634,0.25815228,0.116706595,0.14753911,0.21909368,0.03148926,0.0118838465,0.13505507,0.28372246,0.50227857,0.119871736,0.09731929,0.23702332,0.12155694,0.2634802,0.0084531605,0.07975316,0.21089989,0.33828062,0.55157137,0.13899419,0.31268024,0.17634737,0.62793434,0.60072255,0.17699818,0.05712141,0.17464767,0.10861799,0.31567585,0.10829721,0.04541924,0.26324454,0.1998414,0.35078886,0.23008086,0.2667696,0.3135757,0.35759127,0.37302923,0.09719736,0.009751632,0.15365434,0.06508854,0.06898771,0.064470224,0.01602681,0.24036554,0.19033942,0.07120839,0.24740818,0.14341359,0.20366754,0.12447819,0.41575372,0.21563591,0.4236763,0.05299861,0.16717833,0.19850725,0.34083444,0.15701315,0.21744466,0.14676051,0.21201529,0.10661164,0.2287884,0.22913,0.105079494,0.1722699,0.5016128,0.18154112,0.2323189,0.17578153,1.0,0.43709886,0.35241196,0.17224005,0.5944383,0.36760163,0.36644673,0.50457346,0.33101404,0.17445493,0.5247278,0.321826,0.47286546,0.2340499,0.1954942,0.46542954,0.043027032,0.21084979,0.325256,0.16316463,0.43063223,0.20175105,0.22457336,0.37091923,0.1265719,0.74198794,0.019406825,0.40765023,0.098627076,0.22925782,0.06852441,0.072698176,0.03476023,0.13099307,0.4074983,0.015450057,0.0990964,0.28977862,0.32396334,0.36624283,0.21275589,0.11322939,0.5106794,0.0675524,0.07635819,0.08541072,0.17169818,0.28019002,0.073714,0.26460683,0.55880946,0.024275213,0.48175785,0.45465285,0.095285356,0.44533083,0.35889012,0.20836355,0.32952115,0.23233236,-0.010102114,0.34514618,0.03171315,0.100628346,0.49708563,0.35222927,0.19566974,0.14723073,0.3640237,0.18483268,0.38994795,0.3672073,0.088721186,0.08102957,0.17557098,0.21300551,0.34842014,0.18668139,0.17492124,0.19379255,0.23661575,0.14841671,0.14251304,0.39267486,0.10429756,0.30791998,0.05764051,0.21560414,0.11657292,0.4434852,0.06515396,0.38968277,0.2839871,0.023347363,0.3125655,0.61477506,0.3694072,0.15275642,0.14076407,0.095917165,0.29752272,0.03418766,0.054842822,0.23941024,0.3917398,0.23048332,0.23053165,0.40794298,0.27277958,0.34629193,0.28059906,0.055439856,0.1762622,0.20223787,0.13899294,0.14659962,0.14730537,0.19933727,0.07411657,0.37279022,0.32198787,0.24541563,0.17780128,0.036795214,0.01285311,0.4828176,0.18663332,0.36437598,0.13989833,0.04552372,0.21419097,0.28435338,0.17266971,0.39915085,0.17321491,0.12527263,0.16441222,0.19766437,0.18477663,0.18555586,0.19837645,0.09299262,0.29620335,0.4716435,0.22452313,0.51189256,0.17871283,0.22001162,0.024749463,0.24245912,0.19573021,0.22033212,0.090811536,0.2842173,0.34735447,0.17667784,0.4671868,0.032447554,0.14165229,0.07417408,0.060245525,0.39285567,0.32467145,0.16096969,0.22655371,0.13776076,0.2486282,0.092473306,0.09067081,0.1099535,0.051717088,0.19580795,0.16330758,0.2347031,0.032268114,0.36092395,0.7629113,0.24359256,0.29669636,-0.030946359,0.22333016,0.1343299,0.13950175,0.33570594,0.19062665,0.3898804,0.101871766,0.03048235,0.20081767,0.12236568
soak,0.022495719,0.20612559,0.32657075,0.027019171,0.16097914,0.07740007,0.21786869,0.22283769,0.08564173,0.17855497,0.10763987,0.03648617,0.14954437,0.0869489,0.116748445,0.35839468,0.51230145,0.033754196,0.016848434,0.28116703,0.117255196,0.20481199,-0.077154204,0.12909816,0.08355517,0.11424624,0.43743104,0.1046819,0.27106524,0.03416902,0.45600006,0.4986437,-0.06143152,0.0027764891,0.020841904,-0.026878327,0.2742893,0.110054344,-0.1296142,0.18220246,0.24858429,0.2750672,0.1616664,0.24829242,0.41779804,0.10309309,0.19417255,0.038552634,0.012045767,0.21501641,-0.00083959755,0.05938514,0.089448094,0.10006731,0.17547946,0.108371094,0.2808764,0.20331597,0.15670589,0.3465436,-0.04515732,0.14547174,0.067478746,0.20100383,0.2699784,0.05275571,0.2934547,0.06827367,0.007927207,0.016455226,0.19514135,0.007918106,0.31060067,0.06544977,0.022341676,0.10239521,0.30820042,0.53127223,0.05553107,0.11417854,0.041855272,0.43709886,0.9999999,0.38865346,0.06608912,0.45820212,0.20468372,0.26491886,0.5308407,0.38696194,0.03814841,0.63441145,0.2106019,0.33676842,0.35032547,0.045667928,0.10062471,0.055602394,0.38483495,0.42490047,0.15101841,0.2939565,0.1871356,0.16130619,0.2708163,0.06148818,0.52768636,0.01682397,0.25403655,0.10709928,0.2230576,0.0060189003,0.11225121,0.27578768,0.1248083,0.4045283,0.06986704,0.041517936,0.1171489,0.19125524,0.16573338,0.14348914,0.03774803,0.30503428,0.11277427,0.03255485,0.013881902,0.13561524,0.20374784,0.10646426,0.2314854,0.1945436,0.20838262,0.27816653,0.38423365,0.098293014,0.100827515,0.34651187,0.1118837,0.2727289,0.223038,0.2739033,0.14827739,0.2262002,-0.044062182,0.49030536,0.28241652,0.018649478,0.077762015,0.2630929,0.21463463,0.16168235,0.4071548,0.1213339,0.1872893,0.3458408,0.19441749,0.18311696,-0.018718362,0.010637321,0.09958608,0.23161943,0.1761798,0.039536357,0.060282342,0.06384394,0.19218089,0.33609778,0.05631193,0.22882295,0.23121326,0.17533877,0.07324327,0.21656866,0.17954834,0.08027088,0.37510473,0.4379391,0.20345046,0.1836465,0.15160528,0.2771671,0.091188475,0.025401361,0.18078703,0.12926006,0.15015596,0.11784379,0.5773721,0.21088892,0.11891599,0.24048582,0.025395472,0.16102418,0.026839511,0.2620054,0.0029587056,-0.0018674079,0.0519045,0.19444221,0.08287871,0.27556226,0.38350624,-0.029936314,0.064663135,0.13059554,0.080245666,0.12629876,0.24912179,0.09511563,0.07807609,0.2446068,0.1564336,0.27536967,0.24357025,0.3156035,0.04434548,0.19174084,0.08798236,0.22558966,0.19682586,0.3278315,0.3391312,0.40185937,0.06470845,0.21712795,0.3859913,0.3091369,0.040844228,0.26054063,0.2612187,0.09336747,0.2330114,0.1692428,0.21856311,0.25108474,0.12250908,0.5683181,0.03160658,0.28546727,0.15890174,-0.034584656,0.30244365,0.24498409,0.3318979,0.13039887,0.14011827,0.41007695,0.0983703,0.16160548,0.08717616,-0.007505075,0.13779223,0.124255106,-0.006701201,-0.04940173,0.31872436,0.47242537,0.17374125,0.47219938,0.03332735,0.15732047,0.05899314,0.18677232,0.24919009,0.22488624,0.28113505,0.23793527,0.27971452,0.09378028,0.44189268
sieve,0.16216779,0.24537584,0.19813928,0.07673096,0.3631528,0.18526761,0.13389327,0.37712562,0.21229601,0.29882467,0.1100318,0.09357548,0.25532678,0.1376456,0.22776943,0.3338438,0.36864,0.092331305,0.14696774,0.15802407,0.13045779,0.28215188,-0.023319254,0.12507242,0.19026929,0.15433128,0.31728935,0.1231392,0.4383759,0.1401144,0.36633778,0.3623634,0.006079484,0.1905101,0.13626364,0.011110181,0.31012508,0.24976404,0.010692815,0.24465042,0.3921541,0.31917858,0.22444424,0.13266566,0.2719062,0.2662089,0.20361899,0.0976766,-0.025042003,0.30418146,0.110176995,0.14891285,0.14816529,0.2582264,0.13717955,0.23269156,0.25603697,0.20672646,0.25216165,0.24366316,-0.031519502,0.24526438,0.26523045,0.21022081,0.25925285,0.33210754,0.13041374,0.18290563,0.13578725,0.065496996,0.13748673,0.1412243,0.1759598,0.36878708,0.051177293,0.06711891,0.27900654,0.3812784,0.06541516,0.39295864,0.30503413,0.35241196,0.38865346,1.0000002,0.104841776,0.32901397,0.1858248,0.35725582,0.3316251,0.36311126,0.06378008,0.39725834,0.42489195,0.4833491,0.38949287,0.14570355,0.24674359,0.14060654,0.27733094,0.3538321,0.1399988,0.27132824,0.44822115,0.37058625,0.20932838,0.17505273,0.4448163,0.11355253,0.39257732,0.099760115,0.29894775,0.17560393,0.31952703,0.32931417,0.20384249,0.36205113,0.07358387,0.006505453,0.1141668,0.17564684,0.20688817,0.3244114,0.040967647,0.32162958,0.016846666,0.19841635,0.02827641,0.15379259,0.2006263,0.21325798,0.16785134,0.27096355,0.18894725,0.27438223,0.6693021,0.05751407,0.27369705,0.3418663,0.20551424,0.13841526,0.23284376,0.23276505,0.14572361,0.23258874,0.04025849,0.42681962,0.36768323,0.20664495,0.0834522,0.25553694,0.27282393,0.26321068,0.3462067,0.19953927,0.3449922,0.43325624,0.3153224,0.1433367,0.002692286,0.13041098,0.0771282,0.3906974,0.19759859,0.2777219,0.22548926,-0.0054387907,0.18201697,0.28839442,0.18758199,0.3961766,0.26795506,0.21824561,0.20538303,0.3864994,0.1098385,0.3196929,0.38983735,0.42224306,0.22047172,0.39024186,0.15993947,0.34349144,0.030749585,0.19184987,0.08608425,0.2980802,0.27610344,0.2327745,0.3092988,0.16085924,0.12128677,0.111015186,0.23948586,0.23071149,0.18655078,0.24913506,0.10751359,0.11174043,0.1461557,0.13374709,0.24603131,0.3455926,0.48130876,0.08223347,0.12851045,0.15337971,0.1718522,0.24622217,0.2272295,0.12925278,0.055624563,0.31964815,0.05897047,0.26289117,0.39938772,0.36434948,0.027130444,0.3560733,0.22486296,0.24841286,0.4011892,0.32593778,0.44505495,0.3572892,0.23272783,0.30467367,0.3686321,0.29359406,0.045281373,0.18550912,0.25547802,0.3051477,0.21432588,0.41508225,0.45575976,0.20839015,0.33847088,0.34649408,-0.004984815,0.25992405,0.038991828,0.01138126,0.31405193,0.15945469,0.42093593,0.2754648,0.15926681,0.4284973,0.3321634,0.21129891,0.049708392,0.0045073517,0.078848474,0.17753676,0.051139373,-0.028110197,0.34564012,0.4146228,0.16045243,0.3927021,0.006483197,0.07394698,-0.0012962986,0.22770217,0.26147717,0.38065314,0.31116945,0.17018053,0.3720836,0.07703177,0.40107754
stretch,0.14150283,0.38144213,0.21446893,0.6059986,0.17098169,0.6513238,0.02178114,0.016381102,-0.023730453,0.35401458,0.1811727,0.33983108,0.21132953,0.1814985,0.6162705,0.017551802,0.039693426,0.7503566,0.064501256,0.06403335,0.16807312,0.1407184,0.033183202,0.065461814,0.25791937,0.13975756,0.08203738,0.21687779,0.28234494,0.033443034,0.11250204,0.18747976,0.16367617,0.1476652,0.07645858,0.12058022,0.14203608,0.30690384,0.04677139,0.25733897,0.24351972,0.16887352,0.016489241,0.029382676,0.07677878,0.072398946,0.10316676,0.7106608,-0.009459581,0.2139003,-0.016891133,0.20556244,0.2759183,0.19593646,0.071939886,0.0002900248,0.09321663,0.21419913,0.19493419,0.22553699,0.08767533,0.3262573,0.39455926,0.1425707,0.031564932,0.4022146,0.15775946,0.51784265,0.10020892,0.13559227,0.049219057,0.5307832,0.20689116,0.23897356,0.49668697,0.16436088,0.13724424,0.16386843,0.30186796,0.26757497,0.120492704,0.17224005,0.06608912,0.104841776,1.0000002,0.19169506,0.17840466,0.30270928,0.1391938,0.11065875,0.3098265,0.13488454,0.23458105,0.18260694,0.26334023,0.31730098,0.2049087,0.048865177,0.10203871,0.14212084,0.08626874,0.13151243,0.17419034,0.12358892,0.10829626,0.33025566,0.1795437,0.27369767,0.1687044,0.29902905,0.4302975,0.101652466,0.13090198,0.09718767,0.28394532,0.28990245,0.21301296,0.06658295,-0.020515636,0.106027886,0.10129702,0.42025506,0.1226664,0.08541279,0.14686829,0.31522745,0.32381594,0.11476462,0.08118222,0.23758972,0.065144904,0.11038349,0.12228477,0.003732372,0.043709584,0.18602735,0.17430663,0.23448682,0.29599333,0.08984569,0.22738779,0.11805743,0.17771678,0.1302116,0.07810366,0.10430646,0.095421776,0.31471968,0.13756755,0.052666787,0.24891002,0.43499005,0.1815029,0.1483751,0.15978861,0.16724691,0.42750126,0.07397955,0.1580993,0.39091718,0.29316598,0.21022566,0.62276053,0.31306857,0.23459072,0.089652754,0.3640143,0.15899122,0.45394957,0.00911538,0.06481193,0.08572957,0.5428712,0.23566258,0.18551111,0.42644274,0.16910017,0.18254614,0.1341472,0.21247433,-0.040408667,0.3015228,0.048801366,0.1427716,0.24872386,0.21269295,0.14826354,0.22590092,0.18954377,0.032320336,0.38316453,-0.0078039556,0.15912566,0.13034709,0.48325908,0.1832788,0.15785387,0.089308456,0.4362296,0.16736874,0.3851271,0.34129894,0.14705953,0.63694,0.18036506,0.08017742,0.43560046,0.377239,0.43417597,0.10167658,0.026660122,0.12548284,0.11721212,0.1371856,0.46574402,0.13493177,0.14678724,0.28925425,0.15627776,0.26252106,0.22168851,0.19338134,0.1250346,0.21399501,0.35536677,0.100003466,0.21183975,0.25964224,0.1452257,0.16568694,0.11316893,0.22506075,0.28027222,0.1733635,0.17888816,0.3362631,0.2952384,0.10257658,0.041603103,0.07557712,0.08114962,0.18078688,0.17304768,0.11643344,0.113187484,0.16176675,0.119087726,0.26718313,0.20344806,0.026758015,0.24515536,-0.007230781,-0.0031000003,0.16247034,0.15066117,0.16717589,0.024038665,0.16997197,0.21250722,0.20167759,0.044288687,0.20940891,0.24752334,0.1716834,0.30684263,0.2517179,0.14232314,0.15489542,0.12526926,0.29683286,0.15503529
drip,0.21717697,0.32665655,0.45936826,0.16579516,0.14093411,0.2651425,0.22491412,0.11426653,0.20431495,0.16678536,0.21792364,0.14644216,0.16382317,0.07279831,0.09360819,0.3015867,0.45081452,0.121790975,0.040379055,0.17218044,0.10643151,0.16008008,0.17343852,0.19028398,0.1804843,0.16316059,0.5596465,0.14847815,0.26766625,0.14832291,0.63358516,0.5078283,0.10885102,0.02285936,0.084423795,0.036507417,0.21176586,0.18042034,0.022701634,0.36538634,0.2861233,0.40452448,0.31139493,0.250367,0.35994703,0.25076985,0.30051687,0.11579031,0.022873458,0.07119791,0.07765479,0.05027409,0.13946451,0.075007915,0.21063077,0.18825525,0.05846072,0.23233998,0.10329784,0.15739852,0.15074606,0.2878943,0.21868849,0.34630555,0.13729659,0.20829082,0.3052543,0.2171981,0.14566155,0.19760941,0.19565335,0.18153568,0.19510832,0.17690694,0.17602049,0.17783183,0.26065445,0.5240992,0.20645952,0.27115,0.17788407,0.5944383,0.45820212,0.32901397,0.19169506,1.0000001,0.37720764,0.29119837,0.48722744,0.40453196,0.18227443,0.4584793,0.19348592,0.38389355,0.23924217,0.15654962,0.34820348,0.0753636,0.24738517,0.37845665,0.17942998,0.39262792,0.21015579,0.33241278,0.3503546,0.14797926,0.64177096,-0.00680911,0.2712475,0.095812574,0.22094285,0.08246777,0.11215398,0.097004704,0.14748605,0.41856727,0.00765277,0.15289012,0.25597155,0.44564968,0.28271988,0.11532959,0.092996284,0.3897134,0.13975817,0.12460901,0.008869868,0.19617772,0.24626322,0.10957751,0.2876205,0.36559814,0.017742926,0.32525066,0.4185282,0.16758367,0.2421422,0.3720681,0.13397445,0.35139,0.321137,0.05653493,0.29204157,0.039596435,0.048596185,0.48103094,0.25700903,0.09814133,0.12863415,0.45677584,0.19167593,0.23822024,0.44589883,0.06568837,0.12251833,0.27266112,0.19487396,0.36601633,0.24199638,0.052999727,0.08603251,0.27946955,0.1976773,0.17274627,0.33854678,0.17263553,0.34289283,0.17558944,0.16194901,0.10301057,0.28350344,0.03545451,0.2610466,0.2616586,0.17934349,0.22029123,0.618048,0.4743489,0.075857386,0.18613586,0.13207941,0.373433,0.056246497,0.046153303,0.18602948,0.2247454,0.15354992,0.15107283,0.4385972,0.2723389,0.26849446,0.2494506,0.069987655,0.17924255,0.17860177,0.18171379,0.12520227,0.19671266,0.13341479,0.15842733,0.1809431,0.28934816,0.29726315,0.16456482,0.07340881,0.08895507,0.2521275,0.15010454,0.37949598,0.09520359,0.06637514,0.13633826,0.34012443,0.17983992,0.26920372,0.12976407,0.15780355,0.2080749,0.11337121,0.17407906,0.20710704,0.24323872,0.16554385,0.33395803,0.23049167,0.061614186,0.4164726,0.23375183,0.14061321,0.08191705,0.22800025,0.22687542,0.20112845,0.10383241,0.18407114,0.2527233,0.17602718,0.45929712,0.10998561,0.1325137,0.22960143,0.15767552,0.27198163,0.38835138,0.24088016,0.20481183,0.18970439,0.26328558,0.09176663,0.08432073,0.1880827,0.08732333,0.16042967,0.18104655,0.25372738,0.047456462,0.2721172,0.6462208,0.28516024,0.32340974,-0.07128989,0.09946826,0.119279005,0.09287314,0.29831275,0.2567905,0.27740133,0.1557908,0.11884348,0.21407467,0.11340397
sweat,0.4814821,0.16535623,0.14854059,0.24058159,0.19642901,0.21736942,0.09964128,0.1521549,0.029868837,0.15454052,0.115276836,0.34134412,0.08578262,0.20870958,0.18020971,0.18297648,0.31537718,0.18934518,0.23892245,0.30464745,0.28131545,0.16594902,0.29971498,0.38531917,0.24835694,0.38639548,0.28025502,0.39856339,0.39793217,0.23540577,0.365552,0.30812743,0.26205993,0.16714974,0.33826068,0.31445608,0.23953943,0.32953668,0.2805311,0.25859633,0.29634702,0.36151254,0.16222465,0.36942562,0.38949925,0.22672117,0.2225623,0.16409932,0.27746603,0.31795523,0.12306736,0.27241752,0.17566766,0.19323622,0.3462033,0.3497606,0.18522874,0.2896246,0.26056808,0.26429704,0.43329808,0.23969634,0.2250399,0.32878056,0.18705718,0.17589957,0.27565387,0.29724008,0.4054348,0.29734695,0.4535696,0.2780738,0.18539283,0.1881873,0.22332853,0.2426673,0.20236036,0.40326577,0.3310473,0.24769579,0.27581,0.36760163,0.20468372,0.1858248,0.17840466,0.37720764,0.9999998,0.37955794,0.28093493,0.22448799,0.22434738,0.25024992,0.13047756,0.29494846,0.2428231,0.430182,0.04220176,0.23409559,0.29952285,0.12633872,0.4358129,0.16457473,0.12526403,0.2876186,0.32905936,0.09120614,0.33146116,0.16679859,0.16553105,0.079791225,0.1789469,0.30834723,0.08464419,0.1435758,0.07737501,0.36301827,0.17820168,0.0986332,0.21104988,0.6556549,0.50511074,0.27038944,0.4533009,0.25406474,0.023791552,0.07584403,0.062221657,0.2680383,0.37683243,0.06457636,0.2033283,0.16108373,0.15368152,0.07386464,0.06018229,0.13175106,0.112190984,0.23182854,0.2062265,0.60058665,0.23514777,0.10581897,0.2014763,0.19481772,0.31620076,0.30762732,0.2400985,0.08564149,0.39217985,0.4433078,0.19005749,0.3572306,0.34117812,0.15460435,0.10139813,0.20700969,0.23366389,0.5120405,0.56191075,0.21198612,0.08162001,0.21199876,0.111513615,0.04681303,0.16914894,0.111765556,0.16174626,0.06159891,0.19553062,0.15469375,0.10251713,0.28914127,0.33754703,0.21065697,0.16177435,0.19934648,0.31301987,0.34581006,0.1738041,0.23818237,0.19632089,0.36532995,0.25398466,0.1106762,0.4933169,0.17709112,0.24926329,0.34780142,0.288051,0.34360063,0.33208662,0.415935,0.043467756,0.21363679,0.20279299,0.055126466,0.27438802,0.5049114,0.1369497,0.10382241,0.1709626,0.3597909,0.23784328,0.20710023,0.21813515,0.17971869,0.22352758,0.2241742,0.36943132,0.21939392,0.2994389,0.2473991,0.37377965,0.15962952,0.21588808,0.12008214,0.3022877,0.19333194,0.11713396,0.15006158,0.25023428,0.35309538,0.12480476,0.27547163,0.24366218,0.15984905,0.288407,0.1829351,0.52121603,0.13835548,0.2566891,0.22889629,0.17885584,0.15347713,0.1582616,0.4170671,0.30912232,0.39287436,-0.0110666305,0.13205956,0.11063275,0.33522123,0.21821634,0.6283126,0.21760996,0.19811717,0.1893233,0.24445285,0.1548256,0.15359497,0.31395006,0.3174916,0.1461541,0.39953566,0.4558134,-0.044498898,0.15438566,0.36485288,0.4558189,0.11434212,0.036381427,0.09704626,0.43814307,0.3170571,0.19742544,0.16710484,0.15049255,0.2134721,0.14275308,0.2305879,0.10914664
handle,0.28386092,0.23468658,0.24969965,0.26939848,0.2510584,0.29514527,0.18545881,0.4300226,0.2205506,0.29831043,0.4773969,0.30855978,0.3213114,0.24828121,0.41089308,0.29634947,0.4333545,0.14841647,0.26239634,0.22984162,0.25109312,0.105409086,0.19705343,0.25846106,0.33057296,0.27245322,0.24383382,0.24453339,0.6753157,0.17539968,0.29848284,0.25735492,0.17207539,0.32391256,0.2501436,0.25282326,0.18288442,0.3392838,0.15316212,0.25644645,0.59201485,0.33539695,0.2432121,0.19095466,0.35042053,0.41971135,0.41941565,0.12749326,0.15663865,0.26534447,0.25910383,0.39113057,0.15968862,0.29204774,0.23063463,0.3581709,0.26332623,0.2763371,0.39030832,0.63750374,0.22282586,0.46234825,0.31287676,0.29488486,0.25613958,0.2015492,0.29195654,0.25302207,0.15578836,0.10247829,0.31866747,0.37250763,0.2505964,0.32107958,0.22259338,0.36811203,0.5504634,0.35536525,0.6047733,0.23480819,0.23702402,0.36644673,0.26491886,0.35725582,0.30270928,0.29119837,0.37955794,1.0,0.3539988,0.2377763,0.4249144,0.25590825,0.2189829,0.4686177,0.72883725,0.22988233,0.3067742,0.17412248,0.27374643,0.22804987,0.26496446,0.49577487,0.2411364,0.30295762,0.23499781,0.13745996,0.29404098,0.33815885,0.37181932,0.3029732,0.22516358,0.33734092,0.1681688,0.2923826,0.3531869,0.37728214,0.33320707,0.07369394,0.28824896,0.29974464,0.4855937,0.47769082,0.22384968,0.36229783,0.24790487,0.14674115,0.07435695,0.21633504,0.39173684,0.28521788,0.27526,0.34412545,0.43782192,0.26844433,0.26394993,0.068906546,0.34665287,0.3399197,0.35338068,0.2659014,0.35104752,0.28546217,0.22130236,0.31407434,0.22402412,0.37426975,0.373689,0.25596118,0.34910274,0.3167771,0.6808758,0.24808605,0.3270774,0.5198771,0.31015024,0.31305248,0.34410176,0.23447095,0.15475932,0.2682426,0.09557109,0.5056976,0.3149717,0.2921033,0.5115245,0.2977201,0.28503194,0.23935023,0.20901668,0.4257675,0.27031007,0.4124776,0.2962759,0.30107093,0.107780054,0.31613117,0.53606516,0.4563288,0.26611012,0.49023718,0.2338692,0.6921755,0.32828754,0.15797383,0.31963038,0.5985142,0.1885674,0.49581695,0.21653463,0.25069582,0.50447845,0.11775953,0.08778936,0.43840578,0.30611616,0.5451368,0.33278227,0.19791834,0.23767295,0.06569079,0.18472469,0.5106225,0.36620158,0.16445564,0.24476363,0.41377115,0.29802388,0.24014378,0.27676582,0.48562944,0.31252682,0.4923525,0.15656495,0.49943766,0.4363991,0.48322606,0.4596454,0.30847687,0.14131609,0.6010261,0.42549732,0.29577333,0.37408507,0.5535126,0.3682167,0.29900312,0.4465893,0.45204085,0.18531434,0.29996538,0.3688693,0.32035774,0.635854,0.37337536,0.4100888,0.30480874,0.3849544,0.24782537,0.21116686,0.42467767,0.22840011,0.119907595,0.5918421,0.3032908,0.3452587,0.4632163,0.22855821,0.662175,0.36799726,0.30873537,0.5163921,0.19005862,0.27467746,0.38277966,0.11627891,0.25403672,0.5110292,0.38665706,0.33193886,0.53108454,0.2083868,0.2050241,0.2652825,0.6036547,0.64265287,0.48378715,0.59390163,0.5803411,0.34853038,0.3268375,0.50621593
submerge,0.1724636,0.16109416,0.40660927,0.13284509,0.21105935,0.15746292,0.032271262,0.15229456,0.17512596,0.2655776,0.23664612,0.15110505,0.19503899,0.13858052,0.09993914,0.3528599,0.45986682,0.052386597,0.08113963,0.2018942,0.26633185,0.25401357,0.14003512,0.16233149,0.17052977,0.19804871,0.47762534,0.22177592,0.2800724,0.11049203,0.49660218,0.45709342,0.074717484,0.09335101,0.26541784,0.14566216,0.20126794,0.18950944,0.05696375,0.31098458,0.29909673,0.27106822,0.2833439,0.38140127,0.50204486,0.18161252,0.20481238,0.04764708,0.1326717,0.22215798,0.15660289,0.186352,0.12331821,0.1598219,0.24640673,0.25279057,0.17019226,0.2638501,0.23986614,0.43155771,0.12549114,0.2691047,0.112299904,0.33098882,0.2365435,0.06288755,0.35634884,0.17454803,0.1253206,0.20510176,0.1884674,0.12794845,0.20941883,0.16373827,0.14901508,0.13842678,0.27209198,0.6240443,0.21223329,0.107412115,0.08408408,0.50457346,0.5308407,0.3316251,0.1391938,0.48722744,0.28093493,0.3539988,1.0,0.510532,0.15258843,0.60672647,0.11162976,0.27633017,0.32468843,0.08732391,0.041223615,0.15754265,0.39055887,0.47307378,0.19218878,0.28608984,0.10284993,0.22049811,0.32320225,0.0974639,0.5139702,0.12738827,0.22168799,0.10869911,0.2197556,0.06127769,0.106365964,0.22611988,0.1217946,0.44117546,0.09750123,0.0590445,0.16966134,0.3263489,0.33157027,0.1667118,0.14034599,0.24015456,-0.02955612,0.1662169,0.052251637,0.25708762,0.3746022,0.12965101,0.27820572,0.19935596,0.18205214,0.23614487,0.30646634,0.14858654,0.15240918,0.41308433,0.17866653,0.46896246,0.27758485,0.20528772,0.22348374,0.18519142,0.08670093,0.5734648,0.30602962,0.14650498,0.17227128,0.2999779,0.25525337,0.13012972,0.51259744,0.22938746,0.13559523,0.36765993,0.2208834,0.37809587,0.13389306,0.09573953,0.08194631,0.3343426,0.18994391,0.018622216,0.085640974,0.12203724,0.16090591,0.40012407,0.062010452,0.22332768,0.18748243,0.23315412,0.1578851,0.24118981,0.23350787,0.08973001,0.43454704,0.51644063,0.24000676,0.20332089,0.21444237,0.38500947,0.065534554,0.05803618,0.23801062,0.28074634,0.3160233,0.15638264,0.5655184,0.33563042,0.21003947,0.37201563,0.044379935,0.35418457,0.07364869,0.21218619,0.2913441,0.10703386,0.17256822,0.07778889,0.09851022,0.29126447,0.44060218,0.07983741,0.10672565,0.14913985,0.20015183,0.122042306,0.33012798,0.17011902,0.117292374,0.42266324,0.3275246,0.25661469,0.18122864,0.3766219,0.13326316,0.26348975,0.23699164,0.22747421,0.21622124,0.28151557,0.32395527,0.38420236,0.13818058,0.39513198,0.6194353,0.36525583,0.12696373,0.23775172,0.24061328,0.10979995,0.25445962,0.16337846,0.20968527,0.3283738,0.16356143,0.60469675,0.08349253,0.19973001,0.10821508,0.13806018,0.35688332,0.35728756,0.3701725,0.16188723,0.2778083,0.36671704,0.13301745,0.080154255,0.20793653,0.14733401,0.3977778,0.1534274,0.1802072,0.015689677,0.25222182,0.54023063,0.26359147,0.48691612,-0.059233338,0.25368208,0.17228925,0.24750704,0.40039748,0.32285106,0.17583607,0.34306812,0.29567015,0.15811402,0.31963336
spray,0.11682989,0.13311458,0.45836115,0.17138273,0.29130024,0.09701786,-0.00083789043,0.15862146,0.11966412,0.29411846,0.05934666,0.19158655,0.16695562,0.26044422,0.017893303,0.2757405,0.2461112,0.020749895,0.09198794,0.17135179,0.34586614,0.2471923,0.105346054,0.1267724,0.031010222,0.43551266,0.34359837,0.14854449,0.33532494,0.15585409,0.4282093,0.3687687,0.08542973,0.17401542,0.30957767,0.07844158,0.1647442,0.13076064,0.012020961,0.35123095,0.27099502,0.31425095,0.23250158,0.22084627,0.34703463,0.21317005,0.10306676,0.02369804,0.10898678,0.16673431,-0.009257742,0.0549649,0.12494573,0.36583003,0.16135658,0.21382976,0.15549487,0.10166049,0.18145922,0.1697569,0.09499663,0.08930953,0.08008965,0.22695875,0.18921964,0.115725264,0.3571785,0.22609413,0.09344412,0.20568606,0.17501743,0.10436632,0.097467855,0.18189687,0.15664464,0.07339524,0.1615377,0.5913979,0.17462954,0.13716345,0.086118124,0.33101404,0.38696194,0.36311126,0.11065875,0.40453196,0.22448799,0.2377763,0.510532,1.0000005,0.13173567,0.4769779,0.28071296,0.24383894,0.3513837,0.09731727,0.17080496,0.14559156,0.28835657,0.40575945,0.15997496,0.21623813,0.18075038,0.2361333,0.27454305,0.09744589,0.40956306,0.17404631,0.21822396,0.060962133,0.2812629,0.025767833,0.22330411,0.2603012,0.26070556,0.36159107,0.29775771,0.09137817,0.039696958,0.29038498,0.14086595,0.09641929,0.1483388,0.27759603,0.065979235,0.48745278,0.13162592,0.28648806,0.20831835,0.15573418,0.1920864,0.30624616,0.1710247,0.23666075,0.3175298,0.11451191,0.18030736,0.6696441,0.51073325,0.37621495,0.32727307,0.19679672,0.12692575,0.2259857,0.026795564,0.45842665,0.6082101,0.27150008,0.07811005,0.18026444,0.11313054,0.11756791,0.54667795,0.14705673,0.13875557,0.4534188,0.31258613,0.28160715,0.11113143,0.037781984,0.10569589,0.40371388,0.16233414,0.17651656,0.16525058,-0.022805646,0.16838333,0.34864223,0.013635583,0.2346174,0.24495384,0.17955509,0.16779277,0.2783646,0.25793713,0.10483119,0.2785681,0.5896348,0.40744588,0.14958748,0.1784589,0.2588336,0.074284635,0.15099812,0.14772409,0.10669932,0.6527829,0.23062164,0.43609875,0.30945498,0.24980429,0.31444365,0.10523386,0.1976301,0.085595444,0.12980019,0.16291206,0.09302653,0.099807106,0.17960857,0.24616283,0.30333644,0.4384985,0.0722838,0.12824927,0.16068605,0.22772378,0.18955338,0.31696206,0.046401825,0.14923315,0.13833813,0.2599526,0.10023566,0.13181134,0.18899143,0.0767038,0.4551196,0.63063735,0.16150129,0.17291808,0.24883284,0.38192227,0.40219557,0.1191648,0.37141642,0.40545964,0.35935867,0.16047624,0.19648056,0.30016974,0.14107642,0.20856054,0.158137,0.18293022,0.43375686,0.13521296,0.5040454,-0.020722182,0.032908976,0.06969756,0.12183964,0.11221067,0.35134393,0.44852033,0.19607437,0.28367725,0.38567686,0.11851157,0.14435503,0.09472057,0.1401086,0.1750091,0.19429809,0.22256708,0.03674143,0.13133582,0.45864654,0.23796956,0.35542786,-0.046648342,0.37526453,0.18326703,0.07509187,0.3172261,0.41384473,0.08656146,0.18205597,0.3393739,0.04096948,0.2605052
flip,0.38382113,0.3133884,0.17227823,0.2726766,0.09649989,0.31878728,0.043486618,0.16685663,0.12698726,0.15766235,0.64680153,0.5028885,0.19090174,0.23388712,0.29556757,0.1324651,0.19110022,0.27117428,0.2874588,0.24762228,0.18737783,0.11493486,0.27539665,0.19083637,0.26058596,0.10238014,0.12229255,0.37181523,0.29438615,0.3281024,0.24760526,0.07268036,0.3747368,0.30329797,0.2970026,0.44085258,0.087621965,0.16065615,0.37954864,0.3422768,0.16978765,0.22613004,0.18551186,0.36340895,0.21988532,0.20222327,0.19709918,0.24584806,0.2852226,0.11583473,0.09521389,0.26849338,0.10018745,0.27955702,0.35920325,0.24645516,0.1677663,0.19429478,0.264499,0.33454776,0.3233398,0.3659687,0.2513646,0.19966093,0.17852554,0.11128574,0.15770376,0.25269276,0.21086577,0.25564873,0.22214815,0.47677165,0.08347176,0.13985986,0.25617322,0.48389375,0.32180023,0.13670138,0.7966291,0.060589954,0.07676692,0.17445493,0.03814841,0.06378008,0.3098265,0.18227443,0.22434738,0.4249144,0.15258843,0.13173567,1.0000001,0.091593586,0.16176835,0.11464727,0.43505287,0.22448823,0.15596002,0.23164222,0.19988082,0.10428657,0.0894919,0.20396428,-0.024619687,0.09896426,0.20786151,0.08893293,0.1549985,0.3340289,0.1564503,0.48826748,0.29705602,0.26569992,0.09758693,0.096040495,0.28744268,0.21842134,0.2896569,0.06425055,0.13261358,0.34077552,0.48729724,0.39216334,0.35326797,0.11289692,0.29462436,0.22321692,0.31278574,0.26750818,0.51519644,0.2891928,0.18421073,0.17558911,0.3380323,0.14573115,0.038864985,0.15285482,0.1582846,0.25499558,0.25896323,0.25282243,0.18298292,0.1411486,0.13664272,0.21027432,0.37591726,0.08782015,0.1240689,0.22126827,0.3496989,0.3205031,0.3861634,0.14678128,0.14625072,0.35545042,0.09059067,0.18933907,0.39408433,0.29941958,0.32272452,0.34481162,0.19531423,0.24528772,0.28153467,0.10019728,0.19779226,0.18544991,0.22266084,0.06262294,0.2776144,0.18853723,0.12048171,0.34203482,0.23558347,0.09000979,0.037198372,0.23474634,0.26305586,0.14171258,0.1432312,0.22504407,0.09577639,0.33458623,0.40888387,0.09292857,0.18222052,0.35050625,0.11249071,0.31888938,0.06256993,0.19739424,0.33650404,0.22943525,0.04544178,0.19178532,0.32086566,0.40342718,0.32943872,0.32015276,0.34472024,0.02381428,0.2788613,0.20996605,0.09740177,0.28750727,0.17010704,0.20177673,0.4226003,0.32399416,0.34600514,0.29540938,0.34182808,0.31962517,0.35612097,0.26451334,0.2284365,0.20101896,0.6358293,0.1660142,0.20095287,0.40903163,0.13667911,0.065578505,0.14109275,0.24533036,0.27708155,0.22312829,0.3210651,0.22508386,0.27567938,0.1379089,0.20907865,0.0883462,0.42123055,0.13470246,0.18435563,0.239542,0.22676507,0.036271993,0.19111201,0.13255848,0.21034075,0.3001527,0.35830233,0.2771815,0.06385459,0.21957272,0.17585775,0.2543112,0.17329788,0.21719265,0.488459,0.29268464,0.23128162,0.38163793,0.30819556,0.5724461,0.14920199,0.24427047,0.25996327,0.27770942,0.14738521,0.28370613,0.37694815,0.3824143,0.4946338,0.28264546,0.20450217,0.40822804,0.1365943,0.26115188,0.21302296
immerse,0.14980544,0.19027719,0.30100083,0.07778695,0.25749612,0.15231125,0.18561718,0.08666532,0.23814209,0.2552507,0.11888584,0.06539839,0.21433723,0.11181013,0.07848549,0.3688144,0.47306216,0.09609905,0.049449466,0.34093985,0.12589405,0.19720909,0.03584414,0.12713107,0.14520667,0.23111668,0.4585485,0.20438644,0.26808465,0.15422079,0.433771,0.49501884,0.04705368,0.004371646,0.17435274,-0.013258655,0.2438982,0.13675791,-0.0060682213,0.23096195,0.28072512,0.32125667,0.27073592,0.30011225,0.40672037,0.29885632,0.20278747,0.08469608,0.04327009,0.19401556,0.096423596,0.13149294,0.09509532,0.16511282,0.18152207,0.19818397,0.1750231,0.25004104,0.16635698,0.26927048,0.044478387,0.23625219,0.17271969,0.34883717,0.20919845,0.07905956,0.2900471,0.16909504,0.14961685,0.19208091,0.20828092,0.036580596,0.20095144,0.15379384,0.1269466,0.10164345,0.21416506,0.5869435,0.14607178,0.21929014,0.16845378,0.5247278,0.63441145,0.39725834,0.13488454,0.4584793,0.25024992,0.25590825,0.60672647,0.4769779,0.091593586,1.0,0.2975317,0.36097887,0.27764678,0.11939664,0.2118031,0.11203123,0.3784055,0.45590562,0.17083964,0.24837844,0.19776091,0.21992075,0.26829365,0.13234419,0.5643806,-0.03999059,0.31791517,-0.00507126,0.2303524,0.030309476,0.11846142,0.22072211,0.09583072,0.39117503,0.07215309,0.01310948,0.16479254,0.22505957,0.2108433,0.09598867,0.028029926,0.45810124,0.013467401,0.15867263,0.04675501,0.2402603,0.23154241,0.06965374,0.20059556,0.38195014,0.1584177,0.37352318,0.36139914,0.06188273,0.14925273,0.4143278,0.27427036,0.3350188,0.24743573,0.21413971,0.25311553,0.19298083,0.11579044,0.5731363,0.44283408,0.17264014,0.098539606,0.24113323,0.16252473,0.21641439,0.39718527,0.107540734,0.12103222,0.37522596,0.19714895,0.2946017,0.09989341,0.021320209,0.017001763,0.3580112,0.21952662,0.12129159,0.20280798,0.06560078,0.18594089,0.25840724,0.16056204,0.12693445,0.4015516,0.13215227,0.19257322,0.34046212,0.13567962,0.18468606,0.3693997,0.45213073,0.20136704,0.14243767,0.16031522,0.27180052,0.073207915,0.083454564,0.13100839,0.17134883,0.32464594,0.15656349,0.5825486,0.29300416,0.23029739,0.23475108,0.10483326,0.25516617,0.04626345,0.22302736,0.050174657,0.08471333,0.050832942,0.09561215,0.23671418,0.29186428,0.39945158,-0.013317876,0.08852636,0.056233697,0.19169301,0.1287075,0.27406183,0.09592079,0.10612417,0.20642374,0.22612843,0.18093342,0.20648512,0.25503486,0.014353054,0.29269627,0.24859191,0.16567747,0.18399158,0.26020673,0.30673942,0.3237576,0.13247854,0.21656862,0.56125295,0.35473076,0.059561253,0.21259163,0.20965281,0.19431168,0.15026519,0.13640572,0.22520396,0.31851387,0.13778056,0.53793746,0.049979463,0.1848192,0.07362446,0.11416507,0.19160226,0.32315174,0.3582015,0.16080886,0.20990384,0.34956527,0.073645785,0.15361235,0.12436412,0.060547728,0.24806984,0.13464874,0.1665025,-0.027613435,0.25639117,0.55169415,0.20438471,0.351941,-0.023864575,0.28967205,0.056081407,0.10054541,0.29620057,0.29541075,0.19424152,0.19233648,0.25143376,0.14659148,0.23663215
powdered,0.14583394,0.39121366,0.052922063,0.24232025,0.41109478,0.36660254,0.05101738,0.033924706,0.084007636,0.22461705,0.027203955,0.21237016,0.03320512,0.08860436,0.28607723,0.13918741,0.18211824,0.2960144,0.11689078,0.05992497,0.17600264,0.32729006,-0.044002213,0.08442186,0.24033624,0.17956656,0.11866042,0.11720666,0.32908756,0.23530824,0.18704095,0.22952422,0.100960895,0.11830622,0.11436543,-0.07172213,0.31260943,0.18950108,0.010598933,0.13817179,0.19281583,0.25548983,0.12959705,-0.009264152,0.13003609,0.23145056,0.117258,0.29802886,-0.04701929,0.18362613,-0.0013077739,0.06305198,0.0592166,0.086103976,0.13150807,0.067198895,0.14861885,0.20247507,0.2202371,0.1646216,0.0029746331,0.2513316,0.4023332,0.2314628,0.0021313466,0.24235341,0.107254,0.35466468,0.16430013,0.2704656,0.13082987,0.1838862,0.10146892,0.23509912,0.2781336,-0.0091940425,0.08387539,0.2735982,0.11491818,0.44671625,0.25409395,0.321826,0.2106019,0.42489195,0.23458105,0.19348592,0.13047756,0.2189829,0.11162976,0.28071296,0.16176835,0.2975317,0.9999999,0.29613727,0.2555962,0.31274688,0.29687655,0.07299949,0.09135013,0.2593038,0.16092217,0.15668869,0.40258092,0.20487736,0.2225903,0.12013212,0.2652922,0.106534876,0.22269173,0.16709492,0.41644496,0.04463322,0.08665565,0.152397,0.23126563,0.23693836,0.15447009,0.07825613,0.032081336,0.082889855,0.10535161,0.32197762,0.010513965,0.2619701,0.06805182,0.2267201,0.2446385,0.19653887,0.11159594,0.2425814,0.12803769,0.37996733,0.10635121,0.3021109,0.31729415,-0.008112897,0.23676829,0.3134291,0.35357678,0.011185203,0.1503766,0.11186186,0.22583303,0.040495146,0.06152944,0.19108556,0.4539657,0.29509038,0.023441857,0.12586723,0.09844909,0.44330975,0.18253404,0.08416747,0.051245674,0.26412103,0.4479772,0.11459527,0.0059687756,0.29232994,0.31038737,0.24168973,0.28897655,0.19080165,0.19630334,-0.00017701834,0.16434088,0.13894057,0.35466528,0.067215785,0.31232864,0.057794433,0.36800724,0.35903656,0.0056792405,0.4973037,0.18524659,0.27795416,0.1982013,0.13759838,-0.008006174,0.24345621,0.018063437,0.10261573,0.112440184,0.19170502,0.27081183,0.17430642,0.14810544,0.0940224,0.31120482,-0.0006526401,0.020514585,0.09362563,0.435234,0.17532933,0.008097168,0.018747924,0.24276459,0.020085342,0.597473,0.29342872,0.2803579,0.22874337,0.10667774,-0.026853126,0.38725048,0.36760467,0.32562423,-0.005936697,0.00030634087,0.18294984,-0.048660256,0.13436748,0.40692878,0.17691872,0.017399792,0.25198433,0.20944268,0.16425334,0.22410372,0.19982618,0.24538705,0.17817041,0.3235368,0.22994882,0.27703673,0.24161148,0.004872171,0.092829704,0.17503488,0.2598825,0.1641996,0.14277565,0.20847136,0.2638997,0.19052479,0.19037107,0.026374076,0.08836173,0.03929805,0.034708545,0.12875406,0.05766549,0.22666526,0.30310452,0.11599108,0.31378585,0.14232498,0.16366762,0.021360118,-0.007227242,0.042065587,0.09890363,0.12101552,0.035360124,0.19277635,0.3409738,0.11132228,0.19092256,-0.048268087,0.23957121,0.024643056,0.10149392,0.27480346,0.25010496,0.22272596,0.11882217,0.20417866,0.16678864,0.20221466
sift,0.18490115,0.2388787,0.16316856,0.20919459,0.25685826,0.20875353,0.29988146,0.35975283,0.33564335,0.22853841,0.10109765,0.1553442,0.27865195,0.13791344,0.2198692,0.3299762,0.36821866,0.16398226,0.15666674,0.21303621,0.097448274,0.14744428,0.06082838,0.1139044,0.17405652,0.20600504,0.32313082,0.14226511,0.38862893,0.1815823,0.37173718,0.3746012,0.06990601,0.07288381,0.08063169,0.02297566,0.30819133,0.3148518,0.06314348,0.14752121,0.41591147,0.42686647,0.1762302,0.16926408,0.27084672,0.3661099,0.2811279,0.13970491,0.026873227,0.26577184,0.1231494,0.26965427,0.14811625,0.17591289,0.1314687,0.22490674,0.19315848,0.35698336,0.18214172,0.4006564,0.07921168,0.3875327,0.3488733,0.36545545,0.16378078,0.3092844,0.10121635,0.2329055,0.13190079,0.09257089,0.1849668,0.28982535,0.079619795,0.33823496,0.22173725,0.1830812,0.31550837,0.30774605,0.19459853,0.35928255,0.33112723,0.47286546,0.33676842,0.4833491,0.18260694,0.38389355,0.29494846,0.4686177,0.27633017,0.24383894,0.11464727,0.36097887,0.29613727,0.99999964,0.39292902,0.14933217,0.5073869,0.096114464,0.23312947,0.32337943,0.18074763,0.35335642,0.39177957,0.39537418,0.20836732,0.21664959,0.44250587,0.027584258,0.52945507,0.1771766,0.22380984,0.2192379,0.22293212,0.16492966,0.15851048,0.3369712,0.049949624,0.011631994,0.2184368,0.21380082,0.30371404,0.3383987,0.13560666,0.44737282,0.124763384,0.06355514,0.091932386,0.14888087,0.2287933,0.09504983,0.17391539,0.4075429,0.20427667,0.38021618,0.4355244,0.12553664,0.35589117,0.3022071,0.28996813,0.12133824,0.33200955,0.12102535,0.36027664,0.15886278,0.08147623,0.40912765,0.32520986,0.17194718,0.093910314,0.28030005,0.31058678,0.2640137,0.32139856,0.12286424,0.39980906,0.29924625,0.26979423,0.14793369,0.08727564,0.19873327,0.06369446,0.42601687,0.20696606,0.26645482,0.44066155,0.019443735,0.2852644,0.2841435,0.24021646,0.32464784,0.38104343,0.242455,0.3090155,0.33367902,0.077979565,0.31405795,0.44775814,0.39460635,0.081926614,0.4017012,0.08133738,0.37803528,0.15639573,0.2503987,0.26188454,0.42068917,0.18411466,0.25495836,0.25514886,0.18238136,0.2588439,0.13118304,0.21432585,0.20860718,0.27269208,0.34239918,0.20741779,0.16862702,0.18322855,0.12260063,0.263534,0.37961194,0.39321482,0.1749587,0.20908874,0.10719602,0.27862445,0.19664726,0.23781613,0.14789544,0.1555107,0.35572577,0.13432273,0.37143272,0.45618257,0.3676081,0.119439825,0.30242708,0.080275886,0.31596923,0.44584718,0.2764307,0.34778684,0.43920422,0.3589929,0.23951566,0.31585842,0.32834885,0.10463662,0.10689868,0.32618976,0.4219321,0.2886235,0.3815505,0.44365463,0.24247748,0.33828062,0.27163237,0.0056091845,0.3178087,0.11356223,0.124203235,0.44680488,0.22482674,0.3718229,0.2620252,0.14028439,0.38992947,0.34292024,0.25476757,0.13862051,0.064505324,0.1463957,0.1816951,0.10742284,-0.10875775,0.5079624,0.43955418,0.14045094,0.38599616,0.0535086,0.07044649,0.02146523,0.28703755,0.31177974,0.37503994,0.514203,0.26882568,0.30937237,0.10563359,0.3905864
shake,0.1868093,0.25743294,0.4057149,0.20345485,0.24595813,0.26291323,0.09298739,0.39911848,0.15316972,0.4282843,0.40396106,0.25348085,0.38081077,0.3506689,0.3816496,0.33210316,0.2680711,0.15569314,0.21505809,0.25514418,0.21691185,0.14951807,0.070879206,0.18816918,0.15980315,0.24461873,0.22063218,0.23002872,0.59695166,0.14436069,0.24739492,0.27101222,0.09153898,0.22883144,0.15708621,0.18062994,0.1890518,0.15843599,0.010039626,0.29390067,0.5683523,0.29661155,0.16427158,0.18876964,0.25623256,0.29225266,0.25607532,0.13087136,0.10408269,0.34271106,0.09291077,0.31178665,0.122646846,0.34013608,0.21737242,0.24024433,0.317429,0.15677343,0.29223308,0.6156101,0.11745262,0.23117164,0.25045204,0.122321144,0.33369526,0.1816122,0.33524585,0.2296407,0.09628774,0.0301819,0.2567472,0.2769418,0.23569682,0.27423206,0.15994802,0.41476187,0.6326027,0.28399664,0.55509984,0.16129702,0.11819686,0.2340499,0.35032547,0.38949287,0.26334023,0.23924217,0.2428231,0.72883725,0.32468843,0.3513837,0.43505287,0.27764678,0.2555962,0.39292902,1.0,0.15394928,0.195768,0.22230434,0.35144097,0.42304873,0.25740272,0.43603355,0.2338042,0.31745654,0.22390497,0.09321076,0.17975284,0.3186931,0.29152977,0.45934457,0.39895883,0.1837739,0.21137439,0.5029948,0.58370423,0.3807097,0.27113134,0.07839352,0.11501824,0.2534982,0.25419015,0.44896656,0.14393383,0.24998346,0.46860376,0.2520218,0.091492355,0.25026202,0.32797343,0.5535006,0.22792433,0.19232106,0.5263332,0.23584783,0.31170174,0.12209784,0.21546796,0.49105784,0.4524984,0.23763123,0.23981683,0.36911336,0.03648092,0.34275347,0.07911142,0.39404058,0.34351802,0.28958488,0.1875564,0.23061366,0.62467515,0.19413574,0.37439054,0.5066124,0.25747567,0.5182614,0.5225772,0.17210212,0.10239217,0.19797897,0.13557768,0.622584,0.43915957,0.24362507,0.36706015,0.31583115,0.18428986,0.40090358,0.1736046,0.45731592,0.1981303,0.4644816,0.19897175,0.37479836,0.15173477,0.2721074,0.35878816,0.47042942,0.28314516,0.40205026,0.15104559,0.68049955,0.28555548,0.18860722,0.25095692,0.34933898,0.24678421,0.42372227,0.22486547,0.21711642,0.4655127,0.11744127,0.06625489,0.26999035,0.23941523,0.63378555,0.16747539,0.09568868,0.20935237,0.08161573,0.16095278,0.5033595,0.56768215,0.18907002,0.23781219,0.26481664,0.2037622,0.4285038,0.28884083,0.411108,0.22593272,0.45093948,0.17314257,0.5417546,0.4048152,0.5280996,0.34413522,0.35204634,0.21488523,0.60634774,0.36799073,0.47949362,0.61055374,0.65602726,0.20130399,0.2986808,0.4819321,0.6324486,0.15625033,0.32623252,0.40399915,0.2412132,0.70770407,0.3754019,0.38484412,0.30857828,0.2679862,0.2293954,0.27726465,0.44922677,0.33062348,0.08326161,0.5038693,0.2745408,0.5490389,0.42941105,0.19156265,0.8390944,0.33856598,0.36851162,0.4653902,0.09857611,0.1383641,0.36965072,0.07483204,0.38173103,0.50900316,0.25615895,0.21754691,0.6533879,0.26093453,0.22488889,0.18784262,0.5260352,0.6653756,0.6794282,0.5235496,0.56877273,0.5750267,0.35627726,0.7414082
wilt,0.28385833,0.30309743,0.14902726,0.36078113,0.061848555,0.36161923,-0.03971054,-0.022829397,-0.057602298,0.07738858,0.039975237,0.32602468,0.04102561,0.01315484,0.30831903,0.1615776,0.14743935,0.3622656,0.08774302,0.14605713,0.12841024,0.11935051,0.14677218,0.22516045,0.4678629,0.17022735,0.23150228,0.1454976,0.27819324,0.17977223,0.18799824,0.18166086,0.046575338,0.13838674,0.050829947,0.08743792,0.2269978,0.22509566,0.1714054,0.17014182,0.06617677,0.10097336,0.2798341,0.075632304,0.1428692,0.13775405,0.16348183,0.33619794,0.080446236,0.006290703,0.14329758,0.1674165,0.119584605,0.117207535,0.1267779,0.292135,0.091284655,0.20683481,0.10344372,0.121917546,0.16803965,0.25533792,0.30859852,0.18645829,-0.07269002,0.3307925,0.18628421,0.41527033,0.17969292,0.27572936,0.19369134,0.38784942,0.13213271,0.16416189,0.38275307,0.12592654,0.120155424,0.26821297,0.2925989,0.2633437,0.2620977,0.1954942,0.045667928,0.14570355,0.31730098,0.15654962,0.430182,0.22988233,0.08732391,0.09731727,0.22448823,0.11939664,0.31274688,0.14933217,0.15394928,0.99999964,0.037066065,0.08677462,0.11101653,0.090840444,0.23714711,0.11459458,0.042642575,0.17218448,0.12278582,0.13274866,0.19548014,0.13646081,0.077262826,0.18321201,0.31423986,0.08664567,0.059859827,0.03257376,0.12380594,0.20268574,0.11775817,0.032325238,0.14826933,0.26371258,0.1771254,0.32963538,0.23947637,0.07107882,0.057944134,0.19983307,0.31968608,0.12380829,0.2089268,0.14995323,0.17566414,0.054096602,0.08563155,-0.038472153,-0.01188062,0.1558019,0.19091198,0.10365483,0.20516938,0.15949863,0.17627579,-0.03334106,0.08258098,-0.009329038,0.23981285,0.100717224,0.05935339,0.19533616,0.28880095,0.1800835,0.16848688,0.6030066,0.111325294,0.059583876,-0.00017149001,0.07670214,0.34248286,0.21169913,0.1619941,0.34721473,0.21972355,0.16801786,0.23442656,0.13546726,0.09075928,0.15456852,0.1172698,-0.010376614,0.44134608,-0.0045151403,0.029748227,0.019709975,0.41803518,0.13716114,0.009978227,0.41518927,0.11392532,0.05226408,0.031346954,0.1014164,0.17588192,0.19688416,0.1138103,0.09977651,0.16144916,0.10700131,0.09413421,0.2292386,0.2750323,0.18724138,0.28851902,0.094158456,0.043535404,0.12197429,0.3178361,0.111001916,0.1867292,0.26110566,0.24723315,0.009192982,0.4088684,0.31862038,0.023907313,0.33960086,0.2039037,-0.044240367,0.38012493,0.33595547,0.59832084,0.30553728,0.114612825,0.23025826,0.13323262,0.07967588,0.36948368,0.008278452,0.11628301,0.03313753,0.07890107,0.18539873,0.086256415,0.1394108,-0.0068988306,0.1278688,0.3793869,0.092817776,0.17992987,0.0777773,0.21154368,-0.0007624058,0.15731883,0.098602176,0.16178307,0.06305504,0.0895096,0.20930111,0.19572394,0.22958606,0.057927843,0.0919876,-0.01747356,0.11767219,0.0068762125,0.27036947,0.004398184,0.2025862,0.25772944,0.08403574,0.07951291,0.0711862,0.17568809,0.16355196,0.11945287,0.14032283,0.20653379,0.11166735,0.0710292,0.25016063,0.38679475,0.076912284,-0.037110213,0.08260091,0.31465012,0.28894377,0.18445334,0.11308655,0.015504301,0.03687317,0.0038772258,0.44579694,-0.013973745
scrape,0.028842214,0.21258321,0.11386064,0.17000839,0.24587108,0.16027227,0.27578652,0.116012245,0.37570977,0.08975702,0.04249794,0.09338163,0.11066242,0.07550922,0.16166364,0.060549933,0.18769932,0.06956252,0.035765793,0.032640807,-0.022942174,0.06297233,0.0038352995,-0.0022584358,0.035237,0.1314048,0.26128852,-0.00784965,0.2321172,0.18567556,0.28722578,0.31501862,0.18577752,0.029426279,0.083422795,0.035136245,0.11336124,0.08872177,0.03742753,0.118095726,0.21514416,0.3237387,0.14163831,-0.026309147,0.03918019,0.48525208,0.20338856,0.060852792,-0.06820083,0.08206025,0.050015084,0.03885517,0.09975296,-0.010187928,0.012129381,0.0038148847,0.0035242252,0.15118404,0.029736277,0.120957166,0.036577016,0.24998751,0.25995883,0.23442471,0.0013089143,0.2165063,0.04195318,0.20123792,0.0012381803,0.13036254,0.054542854,0.138769,-0.046691388,0.26259902,0.17955016,0.04735691,0.042879872,0.16221686,0.09833671,0.280931,0.2146182,0.46542954,0.10062471,0.24674359,0.2049087,0.34820348,0.04220176,0.3067742,0.041223615,0.17080496,0.15596002,0.2118031,0.29687655,0.5073869,0.195768,0.037066065,0.99999994,0.018981403,0.022784974,0.12503651,0.015098663,0.3491955,0.30347252,0.28326824,0.09850837,0.23220092,0.403341,-0.04112237,0.4354611,0.107540905,0.08077501,0.106593356,0.11964255,-0.025300667,0.19378856,0.072909854,0.1150139,0.07398288,0.119864315,0.045223426,0.1468161,0.14771189,-0.0012710206,0.5344476,0.18319878,0.1473574,0.053360082,0.13676535,0.07646892,0.09961268,0.119973056,0.71805274,0.053744584,0.6089948,0.3722158,-0.0085411705,0.5025434,0.29179406,0.3397727,-0.010243084,0.18633704,-0.027127467,0.32963565,0.012033864,0.043902922,0.21877374,0.35919565,0.1899228,-0.030086627,0.11216333,0.110512555,0.15021951,0.09683378,0.017059572,0.20021114,0.11951067,0.14032166,0.02184559,0.047736365,0.037971634,0.10764915,0.20117003,0.1318461,0.3715909,0.5520197,-0.0028913785,0.35747367,0.042256124,0.15340343,0.07077305,0.46010298,-0.0056605996,0.29763332,0.2237753,0.051474266,0.18489036,0.37263954,0.18087569,0.15767747,0.15444468,-0.024879001,0.21535031,0.03543323,0.16198705,0.058530595,0.37783518,0.15308575,0.2056258,0.07138371,0.06111925,0.3205473,0.029006397,0.16606925,0.025928512,0.17873374,0.23647177,0.045009635,0.0047560493,0.18188469,0.045273207,0.30236208,0.25479406,0.15446721,0.14015758,0.035208672,-0.028379738,0.39617917,0.09322162,0.1237314,0.012813937,-0.00048679998,0.08001308,0.016722953,0.14256059,0.38153112,0.11929478,0.039781194,0.14241482,0.2167201,0.15987974,0.21339777,0.03232657,0.09604691,0.21565238,0.35151666,0.10902898,0.21997789,0.18668245,0.03556259,-0.014835352,0.18041205,0.2737934,0.18143015,0.14412536,0.30598843,0.13899449,0.13101685,0.053200986,-0.0070872307,0.12822837,0.00799383,0.116353616,0.29920417,0.050912593,0.12695074,0.30800748,0.055803366,0.22597465,0.16917007,0.13856618,-0.008657359,-0.045660608,0.039425857,0.1272498,0.10776576,0.05204744,0.36453837,0.4129266,-0.02217491,0.16910537,0.072083734,0.24169604,-0.04372454,0.06917849,0.26449838,0.18548125,0.53559124,0.044286218,0.08600899,0.053376406,0.120560855
smoke,0.26815706,0.13087252,0.15389211,0.09369056,0.06830594,0.047436055,0.09073947,0.22747314,0.046418242,0.124667116,0.13114639,0.27979743,0.111312404,0.15725645,0.01538515,0.3706603,0.11520131,0.1062795,0.68267643,0.39909655,0.11717195,0.18638329,0.20278214,0.29101354,0.12262131,0.10065108,0.16252454,0.36577076,0.31434688,0.65622807,0.2025074,0.051780954,0.21432598,0.16958946,0.18211767,0.46395022,0.17301816,0.084751025,0.390468,0.04675299,0.27043802,0.24092534,0.12690413,0.22826448,0.24024874,0.030504994,0.105288304,0.12986018,0.22608286,0.19889009,0.22992316,0.2876827,0.09670881,0.055406764,0.33326513,0.25389397,0.45758575,0.35307652,0.17051217,0.28658742,0.32147187,0.13959327,0.10599634,0.18554735,0.3562668,0.026290445,0.18706016,0.06074332,0.3049755,0.25206575,0.337025,0.13156196,0.29314458,0.078219935,-0.05642081,0.2606044,0.20738837,0.1411744,0.27290943,0.090955205,0.12115618,0.043027032,0.055602394,0.14060654,0.048865177,0.0753636,0.23409559,0.17412248,0.15754265,0.14559156,0.23164222,0.11203123,0.07299949,0.096114464,0.22230434,0.08677462,0.018981403,1.0000001,0.4868939,0.09595041,0.44407207,0.182726,0.062209234,0.08366213,0.21154803,0.05590059,-0.020992232,0.16832963,0.13518175,0.11903064,0.17605144,0.26566324,0.122022584,0.43244064,0.051288955,0.19003032,0.10170351,0.03231635,0.030466165,0.28447825,0.27950057,0.18672127,0.2223859,-0.02862636,0.13028467,-0.019731358,0.054532886,0.7066459,0.25674888,0.0931518,0.0018069223,0.050800465,0.20377553,0.08569638,0.14918014,0.10824791,-0.007065054,0.0953674,-0.012227893,0.21352223,0.0710601,0.4355756,0.06280024,0.29462105,0.30921304,0.32468903,0.09889725,0.07102421,0.2823338,0.30577832,0.21164225,-0.004844552,0.20317161,0.1650586,0.11600168,0.25179142,0.1595729,0.27872932,0.27213404,0.20091206,0.07671602,0.20565608,0.12153158,-0.01979571,0.035344005,0.060055014,0.01871272,0.25387612,-0.007395912,0.2172899,0.016161077,0.28559673,0.043782882,0.15479216,0.058778632,0.028541688,0.15945491,0.172581,0.12903047,0.19046368,0.1804236,0.2776346,0.21791363,0.11609094,0.26026663,0.08537809,0.014635938,0.21805826,0.09990229,0.25304613,0.03487345,0.30434173,0.056471467,0.14954871,0.08922845,0.24543354,0.17198263,0.17204854,-0.005789155,0.11926904,-0.009042939,0.056477383,0.2392669,0.075694285,0.115683146,0.13979948,0.036624707,0.14500093,0.15711176,0.20905858,0.2259499,0.1917224,0.23817526,0.24455407,0.08160345,0.24007142,0.28346854,0.14301454,0.026128944,0.22896816,0.1743797,0.2262594,0.23394032,0.2174234,-0.00023412332,0.13586093,0.15340349,0.19821122,0.2871279,0.47449124,0.39143646,0.08468154,0.1483106,0.1785123,0.17257123,0.20411706,0.17166007,0.13134669,0.04264594,0.23312767,0.13982414,0.17769274,0.15049534,0.27336705,0.23989639,0.09253026,0.10308518,0.22491108,0.23318584,0.31981325,0.28006864,0.20100152,0.17388368,0.3002702,0.30163106,0.043813653,0.2287499,0.061169494,0.23405379,0.21362308,0.012002865,0.16171749,0.25543112,0.39528194,0.20232482,0.22344139,0.17134586,0.26985756,0.21061093,0.041636523,0.24388212
marinade,0.22264963,0.09346631,0.337206,0.13742831,0.10538028,0.034451887,0.09391839,0.2723576,0.06871457,0.27122867,0.124823995,0.23442256,0.19688451,0.2075223,0.090635836,0.5621399,0.327362,0.032625243,0.4286248,0.75237405,0.106129676,0.28008667,0.13000742,0.30476522,0.10717301,0.07228671,0.24038094,0.4024918,0.4975201,0.34659797,0.25149924,0.24608953,0.18617252,0.2024629,0.17772284,0.15494107,0.24514367,0.26061836,0.08981245,0.13243203,0.41574478,0.36010325,0.17759138,0.34601197,0.55841297,0.08684813,0.106423035,0.034428,0.16525164,0.3643033,0.12671079,0.28687933,0.050642602,0.14954759,0.3271259,0.21275891,0.59502083,0.33424705,0.18128303,0.3679122,0.14969382,0.120011866,0.13038881,0.21140003,0.6303965,0.07460115,0.24158338,0.09626126,0.24369979,0.10822728,0.38449466,0.18654414,0.37963554,0.053722687,0.0018535629,0.22652613,0.2973937,0.38241237,0.22891054,0.1321393,0.14328492,0.21084979,0.38483495,0.27733094,0.10203871,0.24738517,0.29952285,0.27374643,0.39055887,0.28835657,0.19988082,0.3784055,0.09135013,0.23312947,0.35144097,0.11101653,0.022784974,0.4868939,0.9999998,0.35442036,0.4177664,0.28249082,0.04871449,0.16524531,0.24403724,0.051143646,0.19529298,0.14865685,0.18432494,0.17243277,0.24644005,0.29325813,0.13872841,0.5615035,0.07876329,0.394658,0.14574212,0.043058027,-0.026933717,0.34294358,0.18798687,0.27376908,0.1545212,0.18574774,0.06474601,0.040851012,0.00033488497,0.44803447,0.1823456,0.16819595,0.010273945,0.08633783,0.26572725,0.17521423,0.22069222,0.1770099,-0.06255069,0.309492,0.104372494,0.3778582,0.30535915,0.59781533,0.08171129,0.4171005,0.19293554,0.50093913,0.25125375,0.06358104,0.28145304,0.40487236,0.22067367,0.18942139,0.41864622,0.18934602,0.23343647,0.3757565,0.2386916,0.30240157,0.14649849,0.14020413,0.010001724,0.30596143,0.17373785,0.013023328,0.025906682,0.056700073,0.20132227,0.42216247,0.02555446,0.27393293,0.14166225,0.33253366,0.066282265,0.29679155,0.155747,0.124544784,0.28715038,0.38711175,0.25314957,0.2256832,0.20031637,0.39898872,0.2582328,0.043825433,0.290115,0.08115505,0.14729789,0.3502829,0.36564156,0.37463653,0.11148769,0.31751794,0.016892578,0.2177498,0.09951894,0.29146704,0.14402677,0.11117569,-0.013543761,0.15488316,0.08984497,0.23153487,0.48420274,0.096683495,0.1043816,0.22838992,0.05962351,0.14275838,0.2854541,0.15234192,0.26497912,0.23762761,0.33451957,0.31483334,0.14973399,0.3455689,0.24040237,0.27921286,0.07054932,0.24007607,0.21897826,0.36680433,0.39535266,0.35421664,0.032384045,0.19217302,0.33521584,0.30849954,0.21086696,0.58623075,0.44019133,0.11938906,0.17008585,0.22372115,0.18702537,0.22077268,0.19164738,0.43224835,0.016591258,0.29533976,0.092003986,0.15118104,0.16127512,0.4567306,0.43040055,0.20989668,0.10911943,0.43011418,0.23230016,0.44024646,0.23215903,0.17417856,0.08144135,0.28350496,0.19887197,-0.011447309,0.24601981,0.241379,0.2687799,0.41407257,0.037520763,0.16560534,0.18321705,0.4174487,0.24415922,0.31681216,0.18180907,0.32648152,0.38318557,0.122921966,0.37563556
dissolve,0.13627324,0.3135407,0.43610594,0.1825227,0.18756436,0.21647936,0.07943857,0.050440982,0.057595767,0.4690882,0.05919008,0.06600931,0.16835518,0.37842983,0.14360957,0.3441189,0.40603268,0.15935628,0.06727211,0.1967251,0.04517076,0.1886206,-0.0071607474,0.10039671,0.068717465,0.051585153,0.38619983,0.2048628,0.18904376,0.13266732,0.30288908,0.36546603,-0.030148145,0.018742824,0.03991301,-0.029133754,0.30462554,0.085021086,-0.047721855,0.32712394,0.38561988,0.37980998,0.23504484,0.38957077,0.32251292,0.10480502,0.15446448,0.14503404,-0.029259285,0.30998993,0.001485236,0.13920334,0.08332772,0.23837882,0.22428471,0.14328016,0.12676021,0.10812073,0.13533768,0.28184474,0.02443009,0.19085194,0.12205138,0.11904949,0.28464186,0.07056356,0.20399648,0.09943576,0.057781816,0.10575884,0.14929235,0.088476874,0.071602926,0.2072252,0.1269122,0.22688359,0.23672083,0.3666016,0.12613201,0.17267531,0.138011,0.325256,0.42490047,0.3538321,0.14212084,0.37845665,0.12633872,0.22804987,0.47307378,0.40575945,0.10428657,0.45590562,0.2593038,0.32337943,0.42304873,0.090840444,0.12503651,0.09595041,0.35442036,1.0000004,0.14793837,0.21488097,0.189103,0.36235952,0.2293301,0.08762441,0.3256643,0.03886284,0.2134646,0.059235692,0.37736607,0.045779318,0.18670335,0.5223228,0.2731135,0.41656035,0.021873951,0.07201494,0.029629622,0.24526152,0.11789341,0.23156069,0.034423146,0.2466406,0.12721573,0.20905906,0.083220184,0.1350431,0.21527374,0.41494167,0.119664446,0.1799634,0.24437653,0.21222442,0.48422766,0.23366138,0.051363394,0.38755906,0.20104599,0.30240262,0.2614225,0.19825068,0.027402665,0.1705713,0.022654496,0.4978992,0.20853561,0.12382099,0.09227954,0.3425628,0.2272725,0.1113538,0.40528154,0.11997802,0.14780119,0.6701279,0.45003045,0.21308461,0.07751561,0.01328457,0.033238914,0.5753429,0.28422698,0.22038642,0.105982415,0.061543904,0.10738112,0.49284256,0.21175477,0.25807244,0.15458614,0.21975014,0.1111093,0.489666,0.1423331,0.24737246,0.38130563,0.39116505,0.11066,0.28958768,0.04070419,0.26921818,0.027881777,0.09314838,0.13425228,0.06922546,0.1877751,0.029061478,0.37150127,0.32683122,0.17973706,0.17380431,0.09567976,0.16411869,0.11391905,0.20662417,0.016568186,0.06430096,0.09553482,0.17232725,0.24452671,0.2376851,0.66764665,0.09010572,0.105335936,0.08874069,0.09952265,0.30553627,0.32066566,0.044279702,0.047798075,0.140992,0.27721584,0.23406509,0.21366301,0.28668654,0.061806906,0.3023826,0.16622484,0.17452154,0.23730701,0.49958956,0.7324873,0.39858454,0.0140324915,0.12623358,0.38411593,0.46491227,0.05223857,0.10969889,0.15236804,0.17956218,0.18467526,0.24051926,0.25643697,0.2111026,0.18540117,0.3256489,0.08211613,0.16132204,0.09454192,0.0307837,0.2133685,0.29853418,0.6545197,0.08627122,0.14343736,0.5357644,0.17546067,0.055966325,0.15522607,-0.029622292,0.02617539,0.2152547,0.1404807,-0.027497377,0.23739807,0.36359596,0.14718473,0.44762665,-0.11636437,0.07625283,0.029243214,0.14531034,0.19976345,0.5946015,0.13676724,0.12650555,0.6940187,0.11450517,0.46907884
toast,0.15310726,0.083197385,0.12546363,0.14552304,0.08145978,0.08654392,0.092074245,0.23267409,0.059483863,0.119209796,0.10471727,0.12885068,0.13151358,0.16333772,0.13639285,0.41218978,0.22563624,0.09235771,0.4616414,0.32131174,0.20455778,0.20137678,0.035728835,0.6162249,0.16129723,0.16857927,0.23750722,0.2932783,0.42948565,0.48458725,0.27311334,0.16633463,0.19720197,0.21264553,0.22984701,0.18745282,0.2599749,0.1991408,0.20251949,-0.008960146,0.30903393,0.34978616,0.1849489,0.19878158,0.32067686,0.07161851,0.22324494,0.07966375,0.24182993,0.24548063,0.15031369,0.1990349,0.10905783,0.06911173,0.21569435,0.322457,0.43022332,0.312574,0.26743996,0.29014033,0.49727875,0.15121028,0.19388647,0.19633906,0.3279105,0.12807156,0.28452826,0.13632105,0.21668756,0.49707508,0.6881674,0.22049649,0.35621768,0.08186416,0.059052676,0.19750217,0.21355666,0.3089851,0.18993463,0.18616644,0.2821828,0.16316463,0.15101841,0.1399988,0.08626874,0.17942998,0.4358129,0.26496446,0.19218878,0.15997496,0.0894919,0.17083964,0.16092217,0.18074763,0.25740272,0.23714711,0.015098663,0.44407207,0.4177664,0.14793837,1.0,0.10818843,0.05982646,0.124346465,0.1860331,0.02742336,0.13788864,0.16392985,0.16335246,0.15651897,0.13324782,0.28449252,0.11977879,0.42530948,0.09304438,0.23868223,0.15665454,0.09448644,0.1542706,0.340397,0.32088065,0.17809229,0.23184913,0.14584014,0.053937122,0.044904694,0.00783257,0.51029915,0.21228859,0.124878556,0.06287694,0.10492367,0.15486893,0.06803183,0.03138425,0.18415254,0.032041185,0.10550843,0.1362336,0.29651454,0.1703033,0.35865664,0.0646124,0.33900768,0.27447286,0.36833394,0.25524428,0.051291015,0.40055472,0.24470824,0.16707358,0.18562594,0.2675448,0.18275006,0.09309272,0.21342751,0.1510022,0.29147467,0.24040082,0.1632925,0.03272612,0.11717349,0.13495995,0.035917513,0.12756751,0.09857555,0.09079802,0.17348176,0.06740613,0.19571736,0.043643165,0.22134523,0.14192241,0.20978558,0.061856262,0.08192761,0.1919954,0.24768221,0.21147457,0.18969628,0.29565275,0.33803695,0.16678798,0.14286444,0.23287989,0.13232012,0.14640777,0.2003516,0.19410871,0.31831428,0.23347068,0.2815591,0.048381984,0.1603333,0.075607695,0.20272711,0.14751855,0.17799157,0.056797754,0.07876144,0.09498058,0.23785983,0.25146157,0.1258951,0.17126276,0.119875506,0.060491182,0.10339282,0.23754436,0.2679074,0.16881058,0.20727456,0.20275933,0.2060914,0.12359415,0.18369031,0.16941041,0.21346049,0.045080744,0.15093565,0.20670642,0.298372,0.19341092,0.17452133,0.09949509,0.15775521,0.19594629,0.16544756,0.264717,0.385126,0.38321948,0.1418344,0.106350355,0.15675071,0.13509427,0.20207252,0.22216338,0.27559066,0.015251497,0.18406206,0.07259605,0.20055224,0.14657936,0.34047922,0.29109028,0.17843658,0.25770968,0.31128955,0.18707918,0.31962013,0.22345011,0.23135482,0.09461231,0.24306166,0.4942221,0.012039544,0.21837729,0.19277897,0.44605488,0.11330584,0.085884035,0.1307477,0.27206433,0.41530383,0.18804637,0.15549055,0.18170983,0.19347641,0.18495107,0.16797508,0.22367716
squeeze,0.13520326,0.25122035,0.3953329,0.17458612,-0.05684302,0.25403678,0.2656163,0.16850618,0.14112908,0.040034115,0.21617557,0.37636217,0.17010975,0.0035057655,0.13371477,0.41612098,0.36107734,0.020155601,0.14825334,0.19291495,-0.03759226,0.18264958,0.26261026,0.07487846,0.113699004,0.08047007,0.3654005,0.08495642,0.37335137,0.15366784,0.3548549,0.3952002,0.044699643,0.012762111,-0.033045396,0.10851553,0.15359399,0.115407825,-0.017116455,0.25841886,0.43466997,0.23725356,0.18315926,0.091308095,0.23907083,0.28075573,0.28809372,0.0032378808,-0.0007213913,0.045027778,-0.006885685,0.11986574,0.16029152,0.015955001,0.2650844,0.16664645,0.14251606,0.22597702,0.1502972,0.31490225,0.027878169,0.25818634,0.15201072,0.28438836,0.16918519,0.14515443,0.23191012,0.28714135,0.1375555,0.017169543,0.10490456,0.14573684,0.18745838,0.19445398,0.1218196,0.23150735,0.3622529,0.2656045,0.27729416,0.08383359,0.1463826,0.43063223,0.2939565,0.27132824,0.13151243,0.39262792,0.16457473,0.49577487,0.28608984,0.21623813,0.20396428,0.24837844,0.15668869,0.35335642,0.43603355,0.11459458,0.3491955,0.182726,0.28249082,0.21488097,0.10818843,1.0000002,0.29354882,0.2673506,0.33636603,0.17132014,0.35215288,0.05170356,0.27348167,0.18925694,0.24225754,0.15400395,0.12724426,0.16027464,0.24117136,0.3280528,0.02845265,-0.007881178,0.21794607,0.19368854,0.23502693,0.3000151,0.03782905,0.18903571,0.3136018,-0.035606883,0.06994024,0.18643263,0.22598526,0.19355965,0.24037768,0.20906201,0.20623076,0.22874328,0.43205062,0.16606514,0.30958822,0.38786703,0.28257418,0.18302937,0.25093043,0.15662709,0.22218531,0.13081042,-0.030434249,0.4120478,0.21089692,0.051992297,0.10920359,0.33917573,0.35262635,0.21819651,0.30514568,0.24757819,0.21071446,0.16797312,0.20577052,0.21289548,0.046948537,0.114184916,0.12327171,0.13584484,0.195882,0.20862156,0.3913181,0.2725898,0.37244338,0.17592347,0.17608571,0.15947777,0.21444082,0.096984684,0.3728423,0.35705918,0.07089213,0.3270451,0.53925145,0.33112538,0.10089496,0.21913026,0.088094376,0.4517296,0.20981681,0.10451769,0.17077743,0.38244322,0.07674368,0.3309058,0.25483552,0.24543437,0.4755565,0.099751525,0.07292267,0.14769344,0.1216981,0.30134478,0.04494711,0.040651344,0.08142677,0.12608959,0.1340785,0.40040553,0.27352118,0.014237068,0.19030675,0.10680609,0.24246107,0.1898672,0.289168,0.20138818,0.12485825,0.27714413,0.15265298,0.3236341,0.44287366,0.3002206,0.3051924,0.11783506,0.032716744,0.34161997,0.19325778,0.20331985,0.1336841,0.4849087,0.29677305,0.08455028,0.3758123,0.32237193,0.08910765,0.21083274,0.3708681,0.17634365,0.62142634,0.16892877,0.26895308,0.15837881,0.170919,0.22162002,0.23485154,0.28095293,0.28276455,0.0016684402,0.40565187,0.21392192,0.16506165,0.36051512,0.09541564,0.41892666,0.20152181,0.3466078,0.22995698,0.051189892,0.14043628,0.16671762,0.052296437,0.16854596,0.53147864,0.37641007,0.14781079,0.50431246,0.2172643,0.06118667,0.15265551,0.28364414,0.39780825,0.11885899,0.46715012,0.28574753,0.0912122,0.25728747,0.33299696
grind,0.04784009,0.28382224,0.05534974,0.07669934,0.19970071,0.15147571,0.0676676,0.23922068,0.123042524,0.20489207,0.07643747,0.06780582,0.19188134,0.08136842,0.118579105,0.15228604,0.13567,0.17117408,0.05972072,-0.09740035,0.14219247,0.23836893,0.02064193,-0.028292116,0.07979384,0.084041364,0.2937796,0.08914255,0.21541421,0.060727976,0.19344848,0.34386995,0.10502973,0.04206044,-0.035182323,-0.050319545,0.25494546,0.28429317,0.060317583,0.09046388,0.4933393,0.2627864,0.16485217,-0.003375236,0.034817964,0.1327047,0.1864059,0.15947719,-0.04753959,0.20454094,-0.053208686,0.052537672,0.28551996,0.23477842,0.11048852,0.13914597,0.074931696,0.38341767,0.15146776,0.20668194,0.044518325,0.19259198,0.4141388,0.32213104,0.076940715,0.43918443,0.18583336,0.2578838,0.16603842,-0.008455861,0.016375277,0.022382265,0.031989194,0.58499897,0.14683288,0.036621615,0.15473375,0.07250349,-0.02788476,0.5770079,0.38709244,0.20175105,0.1871356,0.44822115,0.17419034,0.21015579,0.12526403,0.2411364,0.10284993,0.18075038,-0.024619687,0.19776091,0.40258092,0.39177957,0.2338042,0.042642575,0.30347252,0.062209234,0.04871449,0.189103,0.05982646,0.29354882,1.0000001,0.47633344,0.20279521,0.41075653,0.14019376,0.13503733,0.4320356,0.05935266,0.22030312,0.31945544,0.4855706,0.18156795,0.1141098,0.2380763,0.028512225,0.02525909,0.13688248,0.037975475,0.029580835,0.26509282,-0.02459932,0.15598243,0.1528521,0.13912794,0.10522293,0.12446456,-0.0016401913,0.16293447,0.049190354,0.20627132,0.2254071,0.1503715,0.46707723,0.16444074,0.3076523,0.24604827,0.24077708,0.0013152137,0.18017934,0.06145527,0.43555313,0.10242758,0.012545578,0.23000506,0.3198275,0.24287127,0.038379353,0.06555548,0.16447932,0.21338755,0.19343913,0.14443372,0.2676888,0.22056691,0.21344438,0.0757118,0.10865764,0.083075434,0.10691197,0.18449113,0.172539,0.50829864,0.4384402,-0.013796006,0.3135112,0.17240146,0.41536018,0.324704,0.10595879,0.18309659,0.4136669,0.4373391,0.179937,0.44931728,0.28597492,0.30199543,0.041510735,0.54675794,0.14149594,0.3492083,-0.0261207,0.49543017,0.10889798,0.28078842,0.2139566,0.13761955,0.054690536,0.15412949,0.23464292,-0.03384431,0.44374472,0.17766756,0.27320606,0.18931714,0.06814958,0.033060435,0.16475303,0.12488186,0.1466559,0.3305022,0.30633098,0.072077006,0.12584352,0.16438812,0.14597194,0.13556251,0.15486792,0.0019301847,-0.06541198,0.1462433,-0.002349197,0.26823527,0.36259812,0.34326673,0.047396608,0.37125412,0.088180006,0.13369343,0.6656405,0.17708679,0.23444216,0.2911638,0.20934951,0.12988788,0.12787868,0.29245192,0.0819711,0.07573901,0.1814146,0.65356416,0.20277476,0.56670046,0.5291435,0.16585317,0.50595134,0.025562242,0.057158828,0.1817172,0.11592097,0.08413993,0.22148153,0.018827152,0.29339308,0.08427007,0.14037277,0.2993471,0.49990624,0.11097625,0.06778565,0.021826478,0.042571805,0.15248823,0.04397503,-0.0977495,0.36347288,0.13052768,0.0609823,0.25892934,0.029356513,0.046798684,0.05951482,0.13930339,0.23307708,0.18645206,0.38343775,0.14985004,0.2240707,0.04600899,0.2908194
blitz,0.17334646,0.1864186,0.26845986,0.15468158,0.12209575,0.1938667,0.109019026,0.23969755,0.19369811,0.27559605,0.07793568,0.118987516,0.17789087,0.17324542,0.19413504,0.28007445,0.20470199,0.11311878,0.12213302,0.10680194,0.12818262,0.1119426,0.20583963,0.078784116,0.16084512,0.06611409,0.3113804,0.23706546,0.2702711,0.1289494,0.21380737,0.3576456,0.12218878,0.1432881,0.0728747,0.024390947,0.1659541,0.1782515,0.1455049,0.22645721,0.48096502,0.31583953,0.26095757,0.17899105,0.12485507,0.22619408,0.20152956,0.10761432,0.055339083,0.20175308,0.024973176,0.081646666,0.28125662,0.2610857,0.12280026,0.24555404,0.14275974,0.27578464,0.18357912,0.22561912,0.26604116,0.16010076,0.28784397,0.22117898,0.15275422,0.42099696,0.31121534,0.26922014,0.1370835,0.12039589,0.13563612,0.12749863,0.042672217,0.51415884,0.1268389,0.13902558,0.31317025,0.18587255,0.15815713,0.46723711,0.4907612,0.22457336,0.16130619,0.37058625,0.12358892,0.33241278,0.2876186,0.30295762,0.22049811,0.2361333,0.09896426,0.21992075,0.20487736,0.39537418,0.31745654,0.17218448,0.28326824,0.08366213,0.16524531,0.36235952,0.124346465,0.2673506,0.47633344,1.0000002,0.17498282,0.36163583,0.17618829,0.12584923,0.43951225,0.07481182,0.3252139,0.4402249,0.4167124,0.25134924,0.20567364,0.34360713,0.15228695,-0.0020203255,0.16551358,0.31465513,0.12364398,0.42676678,0.053909816,0.27196282,0.18991357,0.17770378,0.12153164,0.15320541,0.109481424,0.33334035,0.10534626,0.17799753,0.18505263,0.21082321,0.362835,0.21036017,0.25444767,0.27586746,0.24301627,0.20693311,0.2354767,0.10342212,0.27139473,0.16089612,0.0894179,0.35885733,0.15328276,0.21721745,0.10251887,0.22004345,0.25975397,0.2274885,0.2690354,0.15470076,0.21418461,0.33660403,0.3302189,0.20565742,0.22294575,0.103364244,0.07375974,0.3667343,0.17450628,0.42868638,0.28569373,0.11348194,0.2035897,0.26257133,0.3480177,0.2977299,0.14125219,0.25358793,0.33883223,0.5169668,0.24393663,0.371965,0.33874303,0.31057143,0.13863137,0.48354524,0.18464896,0.26072726,0.10506721,0.47999412,0.19232163,0.20698391,0.22022688,0.15666164,0.123848766,0.23841742,0.18235436,0.045896303,0.39498642,0.18852879,0.15032619,0.20351171,0.15976891,0.30544087,0.17477328,0.095970854,0.18442112,0.26655805,0.48059392,0.12030212,0.09383527,0.13055407,0.2097837,0.36582267,0.2464523,0.08629879,0.12060441,0.14032748,0.13824353,0.26687884,0.25623277,0.27059,0.17246325,0.30880108,0.14344907,0.24654354,0.5416608,0.32391295,0.37164062,0.47089112,0.20408136,0.12038998,0.31191245,0.4367438,0.18231124,0.10091552,0.2742994,0.52849543,0.27810588,0.51392627,0.48342216,0.13097139,0.46037647,0.1202773,0.14559932,0.15799275,0.208321,0.12268612,0.23449996,0.34428656,0.48677742,0.16858883,0.19841337,0.2780152,0.49285638,0.15500192,0.18028167,0.10866147,0.016881501,0.2972381,0.18198165,-0.03984443,0.2794813,0.18006006,0.20276111,0.31596476,0.06801887,0.114559405,0.13063644,0.2198368,0.24673454,0.31367436,0.26294705,0.16506812,0.33065027,0.10411106,0.2581663
bubble,0.41796154,0.48168358,0.267619,0.16353197,0.14045444,0.27894977,0.1314511,0.062419247,0.13857548,0.016415311,0.15374568,0.3554753,0.15515094,0.23178095,0.14666444,0.26823035,0.2422566,0.26646125,0.2290984,0.18560553,0.14330804,0.65082383,0.19223514,0.19610275,0.13200721,0.0700302,0.29190314,0.17570007,0.3004766,0.22549337,0.3563916,0.29942906,0.09180929,0.1281167,0.09146741,0.23998922,0.37848186,0.08384253,0.18494847,0.27080694,0.31871954,0.2569175,0.21454455,0.35352284,0.20748629,0.14024404,0.14174056,0.27038184,0.12629227,0.12990211,0.0037200938,0.16473852,0.10421075,0.14268745,0.86002195,0.31330585,0.07000415,0.32151884,0.11687397,0.20920852,0.17966051,0.26819855,0.14244713,0.44628274,0.06636372,0.092604086,0.22456715,0.22176807,0.3977852,0.18767224,0.17044553,0.19609646,0.060697082,0.18124661,0.20820953,0.18533643,0.13786116,0.27756965,0.20744035,0.10294558,0.07997405,0.37091923,0.2708163,0.20932838,0.10829626,0.3503546,0.32905936,0.23499781,0.32320225,0.27454305,0.20786151,0.26829365,0.2225903,0.20836732,0.22390497,0.12278582,0.09850837,0.21154803,0.24403724,0.2293301,0.1860331,0.33636603,0.20279521,0.17498282,1.0000002,0.07449944,0.26873472,0.19829476,0.09779301,0.15495574,0.3309023,0.0626576,0.056049455,0.12954797,0.16661981,0.24729097,0.05004373,0.03848393,0.13820061,0.33265424,0.26340204,0.16529554,0.19898686,0.12362703,0.043419436,0.15070601,0.111402184,0.22956243,0.33642405,0.17464282,0.2011694,0.18575624,0.14974798,0.13108347,0.24176463,0.31647223,0.09080528,0.2812454,0.103133276,0.35810798,0.18925932,0.08155155,0.2507501,-0.024323579,0.13902253,0.34303415,0.26094028,0.16639018,0.15174775,0.28462523,0.12107937,0.12605844,0.34119505,0.16705036,-0.06515886,0.31272948,0.3795511,0.6891051,0.20207244,0.18874544,0.24772227,0.19194683,0.11222141,0.044847514,0.19213504,0.070134096,0.1412909,0.21407975,0.2256497,0.17040256,0.1401487,0.22393265,0.25328255,0.28609315,0.08069918,0.18656598,0.32247397,0.33553916,0.07629699,0.11177443,0.08099914,0.30311614,0.14300372,0.006650584,0.18452689,0.17131051,0.15549946,0.1623944,0.17632425,0.43670875,0.261456,0.29425675,-0.020158306,0.20434102,0.25526977,0.07355759,0.12992993,0.15576461,0.151692,0.11627841,0.17037526,0.21128502,0.2029596,0.17569152,0.18370348,0.09396952,0.27825576,0.29354408,0.34673166,0.05501104,0.17708363,0.13180003,0.5177528,0.064000666,0.2050887,0.09686265,0.24450684,0.22719695,0.080914885,0.06603913,0.08556256,0.17780909,0.13753253,0.18509096,0.091425575,0.14428484,0.31342462,0.17812029,0.20665096,0.111911856,0.21887079,0.071644075,0.28391635,0.038615853,0.08618835,0.18917403,0.071607895,0.2064026,-0.014009601,0.048499662,0.10191592,0.094220586,0.23334557,0.40519935,0.18206081,0.08541812,0.18629253,0.22427173,0.032573093,0.07082755,0.18558785,0.13178691,0.09663833,0.2264279,0.24603349,-0.0045304634,0.11974404,0.3602155,0.2428673,0.2809186,-0.07891646,0.12507892,0.23925698,0.16735613,0.21020058,0.16087425,0.13146117,0.10180754,0.14192219,0.1354309,0.1681253
slash,0.041638356,0.122247204,0.09348701,0.21638134,0.024269093,0.12962599,0.094232276,0.13211752,0.024878563,0.15941358,0.057365503,0.1372941,0.2694152,-0.035118993,0.1934346,0.09416876,0.0025197628,0.25235832,-0.008773766,0.010234671,0.13904053,0.016379397,0.13982053,-0.018763067,0.15429449,0.07882069,0.16366282,0.23747696,0.0879336,0.045723125,0.06830437,0.23825526,0.23008728,0.22468895,0.00094949873,0.09062615,0.09720902,0.22390212,0.094383635,0.06497459,0.2595535,0.13189223,0.07599931,0.0043572895,0.03242619,-0.02174657,0.102204844,0.23131925,-0.072571754,0.11289342,0.042354006,0.12736799,0.4975559,0.26008946,0.0017233894,0.08585999,0.14261113,0.446194,0.21893224,0.17760687,0.09144196,0.15722597,0.3123242,0.32281977,0.045800004,0.540306,0.1547567,0.39348048,0.103158206,0.11038805,0.011281846,0.21625477,0.09652231,0.59431046,0.3007608,0.13941246,0.14523876,0.09231387,0.093692414,0.50482,0.4511608,0.1265719,0.06148818,0.17505273,0.33025566,0.14797926,0.09120614,0.13745996,0.0974639,0.09744589,0.08893293,0.13234419,0.12013212,0.21664959,0.09321076,0.13274866,0.23220092,0.05590059,0.051143646,0.08762441,0.02742336,0.17132014,0.41075653,0.36163583,0.07449944,0.99999994,0.13350686,0.24481553,0.37584633,0.1003137,0.14654991,0.4249466,0.4951055,0.1097135,0.14698985,0.15539767,0.24126546,0.032090172,0.061058402,0.05292399,0.051926933,0.21884863,-0.005028004,0.011077682,0.099843785,0.3276608,0.28596395,0.105339736,-0.006353939,0.0017242357,0.079453975,0.118278325,0.26146635,0.011866866,0.15195344,0.21989456,0.2873287,0.14950508,0.24078023,-0.020091336,0.1592148,0.07384595,0.50272447,0.14719118,0.02272674,0.07654925,0.12407108,0.269762,0.061407655,0.022453966,0.14355451,0.2609505,0.15045851,0.1775825,0.18737856,0.048796277,0.06605775,0.04118162,0.09274544,0.20190653,0.2852338,0.120160915,0.15898445,0.53321326,0.2732894,0.06643608,0.31561,0.11099064,0.41850603,0.17660587,-0.06681132,0.113630384,0.44942385,0.2548418,0.23269156,0.35495389,0.18083848,0.12452988,0.07271001,0.46677357,0.05066557,0.22173059,0.06918205,0.45175427,0.10753317,0.19503748,0.19127731,0.0996403,0.1244895,0.021807795,0.23206621,-0.014563182,0.5888881,0.11082733,0.20336902,0.12423287,0.22175379,0.02769073,0.31380054,0.13489157,0.2148126,0.2669759,0.11063031,0.16316617,0.06271578,0.14560519,0.3218109,0.15700269,0.2031964,0.06610859,0.031813778,0.110721976,-0.02630988,0.220659,0.33292842,0.24590598,0.021629535,0.28656527,0.22080885,0.12881647,0.4939856,0.077220544,0.08036103,0.16259542,0.26401153,0.11236439,0.13793087,0.25051552,0.07183819,0.10760011,0.1830229,0.4743544,0.14836183,0.49384683,0.46429744,0.19384211,0.54203236,0.037141815,0.070778035,0.16352788,0.12385969,0.11284156,0.059636667,0.020042118,0.13161306,0.07168966,0.1438359,0.10723859,0.51748896,0.1234965,0.16175476,-0.02309839,0.024101717,0.05257699,0.088871896,-0.06658587,0.16052023,0.1326183,0.090709746,0.11156058,0.08876709,0.26518893,0.08196133,0.0810202,0.2734177,0.0910158,0.15784365,0.1242803,0.026933208,0.21589863,0.12216745
blot,0.15798195,0.25172865,0.24984252,0.094935045,0.25975856,0.1764507,0.25767258,0.06906959,0.25913098,0.11668278,0.11215082,0.12168938,0.047051504,0.013153918,0.11761774,0.22902337,0.620305,0.09035562,-0.004552339,0.19390005,0.10522519,0.18497992,0.025822835,0.100063816,0.1358962,0.22393605,0.584902,0.09973195,0.26487496,0.15785155,0.7622272,0.59956986,0.061345156,0.030073898,0.15998957,0.0900717,0.17843813,0.12345868,0.04078653,0.20459157,0.14335278,0.33465594,0.22898486,0.27975845,0.42856932,0.41018867,0.33782542,0.08143035,0.033724975,0.08387889,0.07210642,-0.02795739,0.05208634,0.04174182,0.15335795,0.19612122,0.07010995,0.17488343,0.1650429,0.12456985,0.063125834,0.32124186,0.13446677,0.37853777,0.047685947,0.112432525,0.19850498,0.16896114,0.06288368,0.25774515,0.15222551,0.12863067,0.11656652,0.16849494,0.11021117,0.103235394,0.15322828,0.6590965,0.111770324,0.20753413,0.14566004,0.74198794,0.52768636,0.4448163,0.1795437,0.64177096,0.33146116,0.29404098,0.5139702,0.40956306,0.1549985,0.5643806,0.2652922,0.44250587,0.17975284,0.19548014,0.403341,-0.020992232,0.19529298,0.3256643,0.13788864,0.35215288,0.14019376,0.17618829,0.26873472,0.13350686,0.9999995,-0.0010233466,0.35758853,-0.0033502204,0.14213446,0.022407608,0.07801306,-0.015716374,0.08531582,0.32079065,0.045226414,0.05780599,0.2597125,0.3405109,0.4043452,0.0813628,0.25014716,0.52396005,0.05300013,0.14603506,0.036569774,0.14540158,0.37027097,-0.008329842,0.36973888,0.529593,0.001458561,0.47245896,0.4261975,0.10632085,0.40648496,0.38243854,0.186908,0.37884787,0.22709405,0.021749001,0.279461,0.053936742,0.096370585,0.49244353,0.33428594,0.034098066,0.15379685,0.29520175,0.108763024,0.25500783,0.29255635,0.08179347,0.11563644,0.23479483,0.15020254,0.2773375,0.088932075,0.03638336,0.07261439,0.17804553,0.17547321,0.10879154,0.26186568,0.07518469,0.2475841,0.030063171,0.10633505,0.062235042,0.45061642,-0.0055155326,0.213216,0.17028874,0.07534778,0.16023478,0.56533915,0.33943453,0.15047066,0.10630655,0.10416065,0.23323025,0.025774939,0.02890114,0.06777937,0.3183183,0.25880226,0.2006121,0.5851842,0.2011804,0.23367609,0.4092456,0.056867857,0.13034211,0.034331698,0.08913479,0.10717851,0.23512378,0.102729395,0.12321941,0.26267844,0.25747317,0.22518814,0.080449186,0.093144715,0.039012924,0.35667998,0.09461191,0.30720115,0.12701723,0.04216394,0.19307177,0.23864505,0.12805296,0.29382938,0.12865177,0.09009776,0.13824424,0.2639682,0.124203496,0.13551207,0.1283223,0.10939503,0.22174299,0.35260105,0.17865276,0.50714624,0.11070949,0.0647481,0.026467618,0.1950428,0.13534188,0.108936444,0.05380809,0.20877767,0.23512849,0.12964737,0.6510644,0.010764085,0.103181005,0.054423716,0.050879527,0.3147353,0.30642003,0.15172176,0.2106874,0.18290342,0.2185291,0.018770773,0.098406255,0.05797417,0.08761144,0.22306538,0.107711494,0.18937984,-0.010928776,0.28832775,0.90557593,0.2452133,0.23764569,-0.042023994,0.23370421,0.12803225,0.13601655,0.24546872,0.116691165,0.2619802,0.03824055,0.041482188,0.072560325,0.1242221
style,0.19408707,0.1998205,0.098579474,0.30873686,0.11345763,0.18744782,0.008249188,0.25684214,0.022128813,0.13002373,0.36234948,0.25295657,0.38615036,0.12317374,0.30769777,0.091454715,0.08428309,0.28081617,0.23625547,0.06859167,0.4280225,0.21690948,0.14082044,0.16295612,0.30433452,0.16109197,-0.019050337,0.24081704,0.25578302,0.076421306,0.029643517,0.011209775,0.27395326,0.74377584,0.16505706,0.2745642,0.15930153,0.31783384,0.22272184,0.16040045,0.28033108,0.14294738,0.11413978,0.038733244,0.12789139,0.02031857,0.21386802,0.2617401,0.137505,0.24178058,0.21781749,0.2817986,0.2059725,0.4787015,0.21732774,0.19274992,0.24168655,0.24659243,0.5991588,0.3635804,0.20209286,0.33375,0.29626322,0.087752506,0.22954822,0.28977573,0.14407054,0.30506265,0.14184661,0.094521716,0.18135427,0.44553038,0.16304341,0.30358276,0.33174473,0.19470017,0.16800492,0.028741222,0.3267959,0.1981689,0.09295401,0.019406825,0.01682397,0.11355253,0.27369767,-0.00680911,0.16679859,0.33815885,0.12738827,0.17404631,0.3340289,-0.03999059,0.106534876,0.027584258,0.3186931,0.13646081,-0.04112237,0.16832963,0.14865685,0.03886284,0.16392985,0.05170356,0.13503733,0.12584923,0.19829476,0.24481553,-0.0010233466,1.0,0.19988692,0.25566426,0.22009239,0.33941668,0.27001074,0.27007988,0.26947358,0.24989626,0.5582699,-0.0038355384,0.14749724,0.168703,0.23019394,0.4328435,0.16138524,-0.06496593,0.059800975,0.5591241,0.34530693,0.14613236,0.20816144,0.21032654,-0.030501515,0.014240591,0.43048212,-0.06780191,0.026634656,0.11418272,0.12048757,0.14490432,0.15242672,0.12815066,0.20696907,0.23715703,0.12975699,0.36438823,0.17455667,0.09175814,0.12325376,0.4615342,0.24047211,0.14133683,0.3323949,0.18039933,0.27967605,0.7229953,0.082267016,0.10296822,0.2898437,0.12947784,0.1597611,0.49186873,0.3802465,0.16751346,0.16593331,0.17809737,0.096308045,0.015148761,0.09577354,0.21115905,0.25633568,0.4296999,-0.097078055,0.3870844,0.25986108,0.1131342,0.13764866,0.22430785,0.20189549,0.17616782,0.2651049,0.38585424,0.20487782,0.29561204,0.14845015,0.23830143,0.2916016,0.3852356,0.1839511,0.28327858,-0.018011756,0.089428626,0.20328672,0.045596972,0.2012412,0.41243434,0.43510693,0.24826494,0.33255798,0.14493465,0.37199473,0.08906487,0.15820324,0.14090453,0.17290959,0.27617633,0.18873104,0.48699313,0.31252939,0.25782663,0.2646565,0.24026164,0.16695152,0.32587254,0.11486538,0.18627915,0.28078657,0.2822358,0.29118967,0.3508948,0.23139457,0.23329091,0.32332957,0.18995696,0.19013128,0.18262994,0.30197573,0.24570979,0.16698274,0.2352621,0.16713993,0.24397743,0.2636232,0.1553486,0.20258899,0.3335793,0.26139802,0.24178521,0.41750932,0.012320903,0.00957256,0.12731777,0.05152434,0.18507124,0.24890079,0.15312451,0.1401447,0.08442408,0.13563575,0.20485553,0.36121488,0.12365859,0.3463651,0.12751716,0.0892358,0.15837595,0.1086141,0.1770469,0.009904627,0.047704935,0.14753431,0.22450653,0.0996489,0.40741315,0.22196017,0.3971622,0.40054625,0.23108226,0.11191261,0.35070732,0.177641,0.13961676,0.27914345
trim,0.10175127,0.16210905,0.07095357,0.19791317,0.14657739,0.07274378,0.327854,0.41526425,0.2433482,0.27231327,0.12518673,0.10285502,0.23730575,0.07028031,0.15068588,0.2398712,0.20935178,0.10377254,0.1421042,0.121489845,0.17219889,0.07691734,0.017188009,0.097132534,0.098212264,0.1923868,0.35152805,0.2596245,0.35382712,0.21554449,0.30647415,0.43272966,0.17230403,0.207899,0.097884566,0.08483653,0.191071,0.21993582,0.11189172,0.07603035,0.3955899,0.32948408,0.10591197,0.1452702,0.16883942,0.28004017,0.2865758,0.06039281,0.006816294,0.21577355,0.0555301,0.08810051,0.34488887,0.3158489,0.034910336,0.14990866,0.29842317,0.3616137,0.25847661,0.36447877,0.122094825,0.36340326,0.36474067,0.33907616,0.22348784,0.42370844,0.14684623,0.28424194,0.066281475,0.11443198,0.18542233,0.17758353,0.17176399,0.52868533,0.26426357,0.15011916,0.2611414,0.1992664,0.15785213,0.4413653,0.41155002,0.40765023,0.25403655,0.39257732,0.1687044,0.2712475,0.16553105,0.37181932,0.22168799,0.21822396,0.1564503,0.31791517,0.22269173,0.52945507,0.29152977,0.077262826,0.4354611,0.13518175,0.18432494,0.2134646,0.16335246,0.27348167,0.4320356,0.43951225,0.09779301,0.37584633,0.35758853,0.19988692,1.0,0.1619845,0.17617387,0.3915003,0.524745,0.20954593,0.12866071,0.32047313,0.21684706,0.054618377,0.1890905,0.12750298,0.24643958,0.29006737,0.030808672,0.35890272,0.123471454,0.21242502,0.26858753,0.23700634,0.08869576,0.02534341,0.018530622,0.42113686,0.28175753,0.30016497,0.38459337,0.08655746,0.5457438,0.15519069,0.25296623,0.073474295,0.2023551,0.18458822,0.41764706,0.31176436,0.15633677,0.36303192,0.31538028,0.24992973,0.15547857,0.15485746,0.2680394,0.28260985,0.262928,0.16316912,0.33684278,0.17622958,0.11297674,0.0933273,0.07891744,0.17695202,0.13617018,0.28871647,0.123706825,0.4940312,0.46746933,0.015292482,0.3195367,0.22501162,0.29049376,0.39853632,0.3017774,0.24472,0.34441537,0.30944556,0.19337629,0.33318794,0.43298644,0.24995951,0.20762566,0.5636238,0.1781539,0.32414174,0.022364886,0.42393336,0.12507911,0.44501215,0.2394248,0.21078452,0.17406988,0.0924696,0.22719578,0.053163048,0.4908834,0.20451166,0.15668617,0.38929027,0.18840964,0.110882744,0.18251264,0.15228018,0.2081821,0.2557763,0.30142218,0.07934712,0.070578985,0.1922794,0.38063577,0.10648043,0.1312659,0.030163072,0.01581632,0.2383455,0.0074096695,0.3924225,0.5111216,0.42392665,0.10307174,0.34063435,0.17781644,0.25873283,0.6511932,0.17924011,0.28742582,0.32245487,0.46223113,0.3216784,0.12753522,0.23508632,0.09497084,0.18990698,0.37203917,0.5683182,0.15781167,0.60280025,0.74413466,0.18151781,0.517541,0.16210076,0.015632974,0.28922644,0.048007593,0.06811497,0.4062431,0.13891701,0.35012302,0.088765725,0.20017675,0.28608555,0.5474653,0.14912891,0.07845954,0.031269554,0.04897245,0.17794159,0.1207266,-0.042294823,0.51558083,0.35161138,0.19940376,0.25607094,0.02055233,0.239861,0.08091955,0.22437242,0.33399403,0.2690869,0.48940828,0.29051644,0.21105438,0.0908306,0.3596664
twist,0.11088738,0.18270233,0.23785657,0.2818852,0.08345323,0.26071206,-0.0004613651,0.22397041,0.06990179,0.1836035,0.38490203,0.23518464,0.33151013,0.15267077,0.3032791,0.09465035,-0.04252,0.23246057,0.19409028,0.08788508,0.12416915,0.18285662,0.1522521,0.09989244,0.18054906,0.058156997,0.013538603,0.13021865,0.27637297,0.12603793,0.13324009,0.024952015,0.23646522,0.14502758,0.047572978,0.1480442,0.13419436,0.08995056,0.057135936,0.258987,0.17460778,0.1688621,0.12992698,0.087227985,0.07648177,0.05359438,0.065383226,0.21334022,0.022940021,0.11048356,-0.04653775,0.19506377,0.061959334,0.1319432,0.13637266,0.11462067,0.26434112,0.1657758,0.080594845,0.31484485,0.09406069,0.1792385,0.23704243,0.09978475,0.15144838,0.31813115,0.1651813,0.25162894,0.10693446,0.048581854,0.08712749,0.3452183,0.13006285,0.1097294,0.26427126,0.3545717,0.3395223,0.0657347,0.42485464,0.064321876,0.08246381,0.098627076,0.10709928,0.099760115,0.29902905,0.095812574,0.079791225,0.3029732,0.10869911,0.060962133,0.48826748,-0.00507126,0.16709492,0.1771766,0.45934457,0.18321201,0.107540905,0.11903064,0.17243277,0.059235692,0.15651897,0.18925694,0.05935266,0.07481182,0.15495574,0.1003137,-0.0033502204,0.25566426,0.1619845,1.0000001,0.2440678,0.061154686,0.13306957,0.17381108,0.40564138,0.18388239,0.15717597,0.07701591,-0.0073978156,0.14108336,0.09255248,0.37299424,0.119019605,0.046623457,0.23675779,0.21230637,0.23682058,0.1440311,0.17632405,0.46758556,0.1336906,0.043941002,0.2521825,0.07134314,-0.024141466,0.17159012,0.09687607,0.21919361,0.26874828,0.06775062,0.109835744,0.23058736,0.08657643,0.12435617,0.06276325,0.11247276,0.10904403,0.15245575,0.036302857,0.08400735,0.28070232,0.19655219,0.20726666,0.20010263,0.16716227,0.13415986,0.36301962,0.08784515,0.09206954,0.24858989,0.238311,0.20545195,0.2715093,0.09249224,0.14722663,0.18808308,0.23475188,0.12250904,0.2551602,0.14504674,-0.0005020525,0.21560094,0.22618888,0.04497601,0.11726415,0.21231192,0.08265968,0.17068742,0.11649351,0.13175856,0.04635288,0.39973325,0.20375049,0.10968158,0.11193156,0.1329959,0.054650955,0.33540174,0.025045324,0.01895666,0.35581762,0.07443288,0.09232158,0.017403599,0.27122012,0.40764594,0.12506224,0.04485259,0.29422665,0.06018839,0.1993693,0.35526633,0.10111907,0.4209039,0.19793436,-0.032968678,0.2004979,0.29425737,0.227798,0.19903034,0.095685385,0.32235172,0.17989928,0.28871167,0.32832283,0.25854653,0.34396577,0.13999206,0.052609842,0.34691995,0.15600435,0.115329124,0.11490849,0.26363316,0.21982789,0.16877441,0.1954338,0.2029926,0.13555528,0.23135063,0.23179933,0.09353209,0.41259813,0.17110015,0.1990283,0.14002468,0.1422699,0.043533217,0.19786033,0.27044773,0.18230172,0.15811205,0.28128958,0.12902531,0.102438375,0.27896363,0.11797359,0.33370084,0.23100251,0.25673085,0.24646993,0.051833514,0.05617644,0.19422886,0.076661415,0.48217005,0.22661886,0.06830591,0.12132571,0.34372714,0.131983,0.1255812,0.11966947,0.28509519,0.40119642,0.32454845,0.28776532,0.28596646,0.15660727,0.346369,0.3877504
whip,0.3811285,0.62693,0.34075713,0.28739655,0.12122976,0.55889034,0.02218204,0.08826724,-0.007001506,0.35536677,0.14659064,0.4181667,0.11812028,0.2976876,0.3342648,0.23895425,0.13435929,0.5061003,0.16145149,0.15969574,0.048708957,0.36095488,0.18311447,0.058498707,0.3334714,0.08226678,0.19939473,0.23871402,0.24923843,0.18544784,0.20323151,0.25342315,0.04745508,0.09759299,0.012479566,0.06033907,0.30487478,0.22195864,0.09095177,0.2340534,0.33534187,0.1626735,0.16163719,0.17470498,0.12776637,0.107247554,0.12891138,0.5186522,0.04957337,0.21926028,0.0029572072,0.18483762,0.0741339,0.2526661,0.290848,0.1912677,0.17530403,0.15298668,0.19000334,0.2830437,0.16426063,0.30999994,0.2904994,0.16986558,0.12080887,0.24958847,0.2954528,0.45605314,0.30107886,0.12654316,0.092529476,0.3644645,0.15427977,0.21111369,0.29867774,0.16955957,0.24767748,0.23512161,0.29570603,0.16425134,0.14749752,0.22925782,0.2230576,0.29894775,0.4302975,0.22094285,0.1789469,0.22516358,0.2197556,0.2812629,0.29705602,0.2303524,0.41644496,0.22380984,0.39895883,0.31423986,0.08077501,0.17605144,0.24644005,0.37736607,0.13324782,0.24225754,0.22030312,0.3252139,0.3309023,0.14654991,0.14213446,0.22009239,0.17617387,0.2440678,1.0000002,0.069692604,0.18624198,0.31300473,0.3283377,0.3768229,0.14459136,0.032012656,0.002342064,0.23304412,0.119000725,0.4681045,0.11182718,0.094995946,0.25013426,0.19042316,0.30196315,0.22023168,0.22505957,0.38652024,0.17192647,0.07870114,0.24035351,0.09063599,0.31232038,0.22642618,0.060611404,0.24465808,0.1785459,0.12373163,0.19138327,0.1892778,0.08799535,0.11780173,0.1045381,0.26988903,0.11993801,0.3468365,0.16892114,0.26505786,0.2292974,0.33166578,0.24715663,0.15098545,0.1773323,0.57320666,0.7662285,0.2177011,0.19609481,0.41992828,0.2800661,0.41877246,0.47509217,0.14494881,0.12027153,0.09959342,0.21769658,0.41598737,0.38484284,0.1690875,0.14191741,0.19548367,0.40180406,0.40651178,0.23279898,0.4343561,0.2149319,0.29160544,0.070320226,0.22056904,0.060865685,0.28090397,0.1020015,0.13277361,0.25333366,0.09483894,0.10770034,0.11973647,0.24059871,0.121404484,0.22447252,0.07067092,0.08703174,0.17641205,0.48488104,0.21179779,0.05873819,0.18796727,0.29663825,0.28357875,0.36796904,0.20878746,0.35956,0.40486243,0.14388804,0.06954798,0.35470286,0.86455935,0.48012847,0.09535563,0.09590402,0.13827276,0.21773681,0.21166168,0.35717982,0.25766447,0.19039914,0.3584436,0.09132396,0.25845054,0.21368194,0.5257052,0.38467723,0.35332388,0.24197334,0.118208826,0.2875033,0.47160783,0.18124664,0.18545318,0.1370115,0.18455386,0.33172822,0.21214664,0.22378296,0.24663419,0.23292905,0.19122806,0.08908098,0.122496486,0.13451007,0.07729907,0.17219189,0.2631487,0.33332038,0.12825625,0.22119363,0.37810612,0.18804196,0.11842484,0.21271554,0.080152296,-0.0124634225,0.22300664,0.16022214,0.10111717,0.05478751,0.20383635,0.20349002,0.3662195,0.01590811,0.120992064,0.21771371,0.1804755,0.24863547,0.42136008,0.11839147,0.17549686,0.3571193,0.27397582,0.34711373
carve,0.23238483,0.062222876,-0.007999667,0.20266525,0.06069743,0.058777556,0.20079255,0.28746462,0.09396444,0.12433465,0.21117799,0.21748637,0.20743476,0.11440798,0.19124794,0.15418823,0.24111685,0.040868416,0.28800496,0.26733312,0.1664439,-0.012860611,0.18388024,0.19428858,0.22411735,0.09415934,0.21855512,0.34136465,0.23008974,0.23456246,0.120703205,0.15180367,0.34504104,0.38768888,0.25515062,0.3147015,0.1655069,0.36390957,0.3470767,0.08917327,0.37187564,0.2721188,0.15996282,0.2314407,0.19814198,0.08402467,0.27493763,0.029215576,0.26836905,0.268527,0.22189043,0.25111046,0.44257453,0.38492304,0.18645611,0.29991323,0.2260745,0.47622263,0.30657366,0.30267048,0.37769032,0.24144948,0.34912327,0.31249243,0.29335275,0.37267953,0.19826162,0.20725322,0.22478913,0.21142265,0.25807646,0.30417684,0.069230326,0.5390667,0.123355515,0.27071065,0.20679395,0.063009664,0.2841757,0.4694242,0.4684041,0.06852441,0.0060189003,0.17560393,0.101652466,0.08246777,0.30834723,0.33734092,0.06127769,0.025767833,0.26569992,0.030309476,0.04463322,0.2192379,0.1837739,0.08664567,0.106593356,0.26566324,0.29325813,0.045779318,0.28449252,0.15400395,0.31945544,0.4402249,0.0626576,0.4249466,0.022407608,0.33941668,0.3915003,0.061154686,0.069692604,0.9999999,0.5209935,0.20184806,0.04823843,0.21808848,0.20037979,0.016053578,0.2353135,0.34195,0.33422756,0.39440817,0.29339272,0.070596606,0.06261705,0.11636034,0.23849061,0.21426105,0.18477392,0.025790561,-0.029618192,0.04471089,0.36246583,0.03892507,0.15918818,0.08717476,0.20572242,0.06361811,0.09673382,0.29857534,0.29358417,0.20290533,0.35112357,0.3463311,0.29387218,0.12930651,0.10058342,0.20597726,0.47227517,0.3684994,0.30268645,0.09682105,0.19102976,0.34913975,0.24664862,0.10808769,0.07371999,0.20243618,0.32808304,0.27797154,0.13844389,0.14764816,-0.008168011,0.44295266,0.2347243,0.08134569,0.23877199,0.16133486,0.27083004,0.43156743,-0.037166666,0.4084803,0.2783273,0.25858453,0.090112686,0.27743948,0.3461269,0.13682653,0.10920752,0.6623707,0.31754258,0.3189158,0.24592263,0.5087765,0.44138837,0.325289,0.12390693,0.21359923,0.03920918,0.26957688,0.1628593,0.17362201,0.52781194,0.31667075,0.22647029,0.17563288,0.37973827,0.36060753,0.14316492,0.12668115,0.04934842,0.16368866,0.23543207,0.08091522,0.13490097,0.44658673,0.240819,0.07712625,0.16146553,0.24210078,0.2680465,0.19749758,0.16182473,0.33669788,0.1855898,0.26106787,0.32287684,0.2928065,0.096523836,0.213663,0.6362747,0.119527794,0.19047669,0.18560557,0.21702017,0.17767778,0.07736969,0.14840816,0.2814403,0.20937462,0.25201073,0.53699,0.15666127,0.62134695,0.5342967,0.12061224,0.6867701,0.006041605,0.06614878,0.19282995,0.10274146,0.30637437,0.155644,0.35787407,0.23268935,0.03459207,0.16937111,0.16439417,0.70117617,0.17278796,0.32640713,0.2814052,0.07192823,0.31962436,0.27620637,0.009172916,0.21929777,0.046175517,0.35844404,0.10858767,0.11373673,0.16858768,0.29346862,0.4311583,0.22896394,0.1266033,0.23809545,0.29491886,0.1845904,0.06966649,0.16724946
divide,0.025362615,0.13169932,0.10567187,0.20599325,0.06857572,0.061172582,0.077978835,0.3186978,0.07411724,0.19641629,0.16835414,0.08137349,0.3364573,0.16166332,0.18592305,0.10471196,0.13977961,0.07243569,0.061736263,-0.050676968,0.18533646,0.08446601,0.043244887,0.06951617,0.07953124,0.0108668655,0.24918395,0.06913395,0.12814,0.040649917,0.17703636,0.28496414,0.24186268,0.27358615,0.016793277,0.041932225,0.24186337,0.36224997,0.07490739,0.1161235,0.31190863,0.20838937,0.12745893,0.059422325,0.039530456,0.026975114,0.15914352,0.044432573,-0.014203284,0.25008214,0.059859585,0.08541397,0.48095584,0.56328773,0.025183206,0.12649086,0.12897456,0.31694672,0.16476896,0.1848909,0.0795477,0.20709926,0.3258705,0.20579919,0.17011322,0.52954733,0.18496579,0.32815367,0.04843784,0.063989684,0.09354531,0.20277047,0.06592203,0.67513037,0.13989353,0.09321679,0.13804595,0.07360567,0.08787617,0.5258402,0.43954414,0.072698176,0.11225121,0.31952703,0.13090198,0.11215398,0.08464419,0.1681688,0.106365964,0.22330411,0.09758693,0.11846142,0.08665565,0.22293212,0.21137439,0.059859827,0.11964255,0.122022584,0.13872841,0.18670335,0.11977879,0.12724426,0.4855706,0.4167124,0.056049455,0.4951055,0.07801306,0.27001074,0.524745,0.13306957,0.18624198,0.5209935,1.0,0.28976518,0.19261384,0.17840046,0.12826788,0.08437938,0.08152391,0.052311435,0.012700584,0.30688888,0.06342015,0.070147716,0.13301028,0.3129357,0.38680282,0.08428099,-0.054358184,0.1015152,-0.029429235,0.048805296,0.37345216,0.04891008,0.3490597,0.0817966,0.26581,0.051332746,0.10775354,0.06427135,0.23335315,0.08524102,0.36391082,0.15866944,0.019377485,0.1730837,0.12553634,0.28690588,0.11751169,0.097182825,0.2604754,0.15455018,0.20771007,0.21429825,0.39201885,0.21751091,0.10377068,-0.0010156388,0.08073594,0.28065342,0.22890154,0.19781435,0.07508741,0.7065972,0.21707655,0.015212075,0.29634467,0.30271548,0.34703583,0.44584534,-0.011425845,0.27875215,0.2861464,0.23509979,0.21332745,0.30450994,0.3266142,0.14030999,0.032314435,0.7742629,0.17098927,0.3037368,0.016953098,0.68294,0.15851296,0.15908538,0.15679643,0.014161449,0.101700604,0.07906171,0.16349927,0.010003998,0.81009674,0.27321863,0.25020462,0.21070707,0.18362238,0.03442626,0.18801194,0.30865824,0.055535704,0.19529146,0.24520905,0.14843452,0.075997576,0.2729309,0.16113172,0.09772332,0.18891123,0.079672195,0.02869426,0.12224732,0.024367131,0.3388872,0.32311207,0.37604362,0.0982085,0.4324148,0.2383309,0.16891596,0.6875181,0.21833496,0.29850662,0.20984083,0.18891783,0.10791798,0.01217709,0.21675105,0.08735299,0.053571135,0.13356464,0.6358363,0.10173615,0.7761049,0.7366887,0.09201138,0.7738446,0.0007822644,0.027396718,0.1895234,0.046522222,0.1574097,0.065634824,0.06815054,0.3283376,-0.01992143,0.13988927,0.19819391,0.72906667,0.07367051,0.09471257,-0.00025486387,-0.019949667,0.14584255,0.049221795,0.031100247,0.15294103,0.078202635,0.10239962,0.16616616,0.08039069,0.10165209,0.05426399,0.18689612,0.21025893,0.2320293,0.15881509,0.16693561,0.22904328,0.08802052,0.29524446
meld,0.07055596,0.13578507,0.29787144,0.16351832,0.058599576,0.06983778,0.08910243,0.32278192,0.020400245,0.41094285,0.14380905,0.064637996,0.24037026,0.36932215,0.12124793,0.4932505,0.14643255,0.056869276,0.37311688,0.3383208,0.08665495,0.18169361,-0.01598065,0.23620743,0.059164733,0.017081065,0.1381138,0.2760206,0.45879382,0.25238577,0.06776363,0.1631296,0.033785596,0.2234855,0.0041052364,0.105120614,0.29853588,0.19101712,-0.030388974,0.08533162,0.5485059,0.25532922,0.037648097,0.11294289,0.25922307,0.026052915,0.115646146,0.042996254,0.01007656,0.36093438,0.03672892,0.19501823,0.19807944,0.299254,0.12990299,0.14403708,0.54276705,0.24150008,0.19513756,0.32268822,0.07881822,0.07999602,0.14932835,0.031510774,0.5021137,0.11155169,0.29882237,0.16658363,0.13974838,-0.040355757,0.29627034,0.14153391,0.41426396,0.15457949,0.016332094,0.20966342,0.31714994,0.17365557,0.14393216,0.13445483,0.113932855,0.03476023,0.27578768,0.32931417,0.09718767,0.097004704,0.1435758,0.2923826,0.22611988,0.2603012,0.096040495,0.22072211,0.152397,0.16492966,0.5029948,0.03257376,-0.025300667,0.43244064,0.5615035,0.5223228,0.42530948,0.16027464,0.18156795,0.25134924,0.12954797,0.1097135,-0.015716374,0.27007988,0.20954593,0.17381108,0.31300473,0.20184806,0.28976518,1.0,0.24612257,0.30795473,0.12138735,0.046869628,-0.011966735,0.16634373,0.026615635,0.3370804,-0.020045124,0.04643224,0.1700106,0.17346716,0.092975095,0.40716437,-0.0066486592,0.3846204,-0.05636762,0.0027720463,0.3875211,0.092830196,0.30510974,0.17074454,-0.010301627,0.1743227,0.116852745,0.13183932,0.20619425,0.62589085,-0.036863804,0.3968502,0.04755429,0.43904787,0.15120126,0.22879821,0.13533871,0.1426045,0.3065326,0.11556175,0.3308638,0.27964777,0.20991963,0.608214,0.36432558,0.10514788,0.026430212,0.1612229,0.06698452,0.43944076,0.1810817,0.19992074,0.04687745,0.027983882,0.10343237,0.4955989,0.112574264,0.44923472,0.047669124,0.35184518,0.09858772,0.41301212,0.13890684,0.13707797,0.20091596,0.3241171,0.19674751,0.3590997,0.1780118,0.36104333,0.103042856,0.17083272,0.19325867,0.04169777,0.11389191,0.17827962,0.15095863,0.1926654,0.13400078,0.041771263,0.12954292,0.21183701,0.16056818,0.32738602,0.015429879,-0.047683787,0.091805905,0.12635317,0.06485307,0.23570159,0.6441381,0.09947776,0.043724086,0.2388969,-0.011552956,0.2995021,0.18945053,0.107881404,0.10341042,0.14885688,0.10542952,0.28312755,0.217955,0.31613708,0.0780592,0.32483742,0.11405168,0.2517584,0.28352857,0.5737437,0.7355666,0.40911794,0.016515894,0.14105025,0.17962103,0.4144191,0.086532995,0.553337,0.3668487,0.15693498,0.20481062,0.3541479,0.3063646,0.16006678,0.2853455,0.16266835,0.05968246,0.22099185,0.123249106,0.07525906,0.17951214,0.20071769,0.7047111,0.12642989,0.13900553,0.62173486,0.31719056,0.33270133,0.23394927,-0.007886719,-0.026935227,0.21445069,0.03874723,0.0672335,0.23067304,0.032226656,0.14939553,0.35422415,-0.013154448,0.08552903,0.048552006,0.35576877,0.22080866,0.5214202,0.17098856,0.24833804,0.7076069,0.11758756,0.53748196
swirl,0.09100602,0.23920932,0.3991028,0.27091116,0.16467674,0.2402035,0.002255205,0.08515969,0.019762494,0.21811,0.21428333,0.19568136,0.29143167,0.26231486,0.30056965,0.046486735,0.055215918,0.17242336,-0.0010286004,-0.014334088,0.13058092,0.1495191,0.042382803,0.023492755,0.08962807,0.10391206,0.09755005,0.043952636,0.29411805,-0.0339142,0.12559433,0.1313521,0.06784944,0.20876592,0.032563318,0.0532275,0.10298024,0.065653704,-0.08088473,0.31552488,0.25086084,0.15135153,0.03968826,0.047242213,0.024206718,0.23156694,0.08993693,0.15403053,-0.0046897554,0.12373422,-0.00446322,0.11078493,0.17031631,0.27209902,0.1360518,0.09282723,0.070734724,0.032973282,0.12038718,0.29731894,0.022204751,0.08203942,0.22045553,-0.013123505,0.14624031,0.2680872,0.18099283,0.24563187,0.010758126,0.046040744,0.01934926,0.2554881,0.050758626,0.20553657,0.2975942,0.25254852,0.27149996,0.1704341,0.37664935,0.16958651,0.059838682,0.13099307,0.1248083,0.20384249,0.28394532,0.14748605,0.07737501,0.3531869,0.1217946,0.26070556,0.28744268,0.09583072,0.23126563,0.15851048,0.58370423,0.12380594,0.19378856,0.051288955,0.07876329,0.2731135,0.09304438,0.24117136,0.1141098,0.20567364,0.16661981,0.14698985,0.08531582,0.26947358,0.12866071,0.40564138,0.3283377,0.04823843,0.19261384,0.24612257,1.0000002,0.16024646,0.25236422,0.053837225,0.015577871,0.16010025,0.03607203,0.28731388,0.07281103,0.12538508,0.38845676,0.34493315,0.19682574,0.030743336,0.15992388,0.7065653,0.18882143,0.14196496,0.31266174,0.15670961,0.21732968,0.026174394,0.15437466,0.35687172,0.380858,0.15384513,0.104753084,0.11205503,0.03671652,0.12975612,-0.09258801,0.16841781,0.1781969,0.27821928,0.0147600435,-0.0030888775,0.33529377,0.18195003,0.2514915,0.32251668,0.033652056,0.29089698,0.4001583,0.11967121,0.04607481,0.22025934,0.22722393,0.39593998,0.31435692,0.23359612,0.23162064,0.27944633,0.13616878,0.22322115,0.24338967,0.17200115,0.06647731,0.18625022,0.22280584,0.21255603,0.16852213,0.21550208,0.19037408,0.24439572,0.09041992,0.1697981,-0.04301866,0.37481433,0.09045787,0.17317829,0.089198224,0.15864931,0.13423379,0.212713,0.071901225,0.028927855,0.34071517,0.02640549,0.13173924,0.084761985,0.3012747,0.2650618,0.0482973,0.06421068,0.20601323,0.05990402,0.2358804,0.2761652,0.24412072,0.30709112,0.19737113,0.14946522,0.233978,0.4143012,0.24932313,0.19250631,0.03541599,0.2270178,0.16819203,0.20916049,0.28930855,0.19219995,0.18553576,0.2659582,0.18920249,0.32926592,0.13722646,0.30062577,0.27950445,0.29942194,0.20767978,0.09092763,0.30361018,0.41390038,0.028729789,0.08520712,0.1366846,0.16550133,0.47979093,0.139613,0.14752327,0.18841805,0.17902729,0.0615189,0.25041318,0.14619935,0.2762226,0.06324574,0.16815262,0.20564151,0.25658187,0.36307865,0.071675725,0.47490466,0.13703299,0.14556965,0.23397517,-0.0048650317,-0.03217532,0.18497407,0.03809959,0.35238826,0.15097749,0.13542554,0.07733534,0.3430414,0.3109302,0.18886152,0.09750633,0.17104593,0.39948732,0.4991255,0.19551322,0.22679178,0.2601567,0.29867917,0.39221376
thicken,0.26852033,0.22986242,0.38879532,0.17303096,0.20089985,0.26133895,0.13538896,0.19565384,0.092144966,0.2969665,0.18715912,0.24677429,0.1909013,0.15471725,0.19843765,0.3170755,0.34052986,0.32279468,0.21190429,0.3088767,0.1661217,0.22363469,0.15565701,0.15717828,0.23740464,0.26715213,0.45383525,0.35917878,0.3571872,0.18240944,0.38264948,0.4474029,0.17814746,0.2388462,0.13864401,0.091062635,0.23781654,0.29580015,0.15993291,0.35139948,0.33330786,0.5935712,0.24903305,0.26911113,0.48468924,0.12756538,0.25725347,0.30670092,0.081257924,0.53996336,0.12298156,0.18155923,0.119931,0.2946911,0.25362113,0.2780981,0.29741576,0.29644206,0.41866767,0.39016128,0.19024874,0.20932722,0.2969395,0.23273823,0.5156076,0.20881902,0.35891348,0.33338472,0.2354005,0.081661284,0.22668138,0.2571706,0.36816436,0.16790533,0.17058273,0.20895535,0.31657702,0.4354239,0.31398773,0.21536444,0.16903415,0.4074983,0.4045283,0.36205113,0.28990245,0.41856727,0.36301827,0.37728214,0.44117546,0.36159107,0.21842134,0.39117503,0.23693836,0.3369712,0.3807097,0.20268574,0.072909854,0.19003032,0.394658,0.41656035,0.23868223,0.3280528,0.2380763,0.34360713,0.24729097,0.15539767,0.32079065,0.24989626,0.32047313,0.18388239,0.3768229,0.21808848,0.17840046,0.30795473,0.16024646,1.0,0.26738063,0.098699585,0.1598719,0.3847968,0.3054003,0.41071925,0.1430079,0.19041604,0.12343779,0.14451554,0.104087636,0.2864383,0.25101715,0.19022992,0.034052398,0.12893955,0.2802,0.13627899,0.32313585,0.1606623,0.06411325,0.301471,0.1929054,0.3483976,0.41470927,0.33607382,0.17848083,0.43930793,0.22297348,0.48300487,0.24696152,0.17535591,0.29206398,0.4551446,0.35057193,0.3616085,0.71036804,0.27190635,0.20683104,0.33791834,0.348742,0.29684836,0.2539387,0.1772346,0.114273936,0.40115565,0.344729,0.087763555,0.15015207,0.11307284,0.2719108,0.33537164,0.18939686,0.26250312,0.09901136,0.28137,0.3161292,0.40487564,0.25138807,0.3543862,0.44634527,0.6658951,0.40392303,0.29775417,0.25823146,0.33629322,0.16290322,0.14592214,0.3998063,0.22611564,0.22178295,0.33299303,0.43235475,0.33068955,0.24174882,0.1784108,0.08020866,0.29167312,0.26352882,0.28905654,0.20688757,0.21434906,0.057303183,0.22850826,0.24667375,0.3043591,0.46936598,0.23476867,0.18477648,0.2792773,0.1918958,0.25245458,0.39251637,0.22890422,0.14573386,0.2389546,0.26154503,0.33989805,0.25917763,0.3782286,0.19396585,0.4075078,0.11056779,0.3400256,0.37270147,0.43006712,0.37226927,0.48608738,0.2472469,0.19709061,0.32012132,0.35955495,0.29111433,0.37778717,0.30971825,0.27667028,0.307366,0.25939268,0.2815219,0.35874474,0.3251027,0.47121358,0.08703545,0.24321783,0.13767178,0.21174747,0.24737233,0.3808721,0.40129632,0.157889,0.22691408,0.37640455,0.22580329,0.18156508,0.29947883,0.09714608,0.14214393,0.29601777,0.21132356,0.040680654,0.2565723,0.38914552,0.35981745,0.45343524,0.015370771,0.19182044,0.27931958,0.35744882,0.36242175,0.40237582,0.22169858,0.40878153,0.34562773,0.21491164,0.35947642
garnish,0.15917937,0.017974019,0.12675813,0.30407983,0.24378797,0.06816556,0.038684197,0.13716432,0.08774176,0.17821833,0.11660047,0.21083349,0.19060466,0.09834882,0.19082302,-0.00035950541,0.050794564,0.11482046,0.10073287,0.16255927,0.4200269,0.101334415,0.16712335,0.20829615,0.08529896,0.2873451,-0.010169186,0.34027916,0.3077904,0.13315089,0.0032341338,0.0972698,0.2636292,0.53572404,0.31378168,0.19399169,-0.03032951,0.1812979,0.1602049,0.09593376,0.12427514,0.24606173,0.014648812,0.09420929,0.21064188,0.141786,0.037998818,0.09778035,0.12889239,0.19980985,0.13055724,0.19172104,0.16794755,0.38128245,0.06861585,0.090992495,0.24039939,0.15879723,0.45897144,0.2728532,0.20375288,0.101052195,0.26429224,0.049945433,0.18392053,0.20058896,0.123762876,0.24564876,0.081612535,0.21322355,0.2387752,0.21868852,0.18929985,0.17832392,0.20756696,0.1900987,0.13383168,0.17772064,0.3027653,0.20916721,0.15668495,0.015450057,0.06986704,0.07358387,0.21301296,0.00765277,0.17820168,0.33320707,0.09750123,0.29775771,0.2896569,0.07215309,0.15447009,0.049949624,0.27113134,0.11775817,0.1150139,0.10170351,0.14574212,0.021873951,0.15665454,0.02845265,0.028512225,0.15228695,0.05004373,0.24126546,0.045226414,0.5582699,0.21684706,0.15717597,0.14459136,0.20037979,0.12826788,0.12138735,0.25236422,0.26738063,1.0000002,0.038585447,-0.03939552,0.18781541,0.20932657,0.21907786,0.15579957,0.18360019,0.07007017,0.45874205,0.17237198,0.21570465,0.19960782,0.12077442,0.014660494,0.21541566,0.4419638,0.12108004,-0.0076239584,0.0129655115,0.2167379,0.2430397,0.33130988,0.14438742,0.16578662,0.23293434,0.12643951,0.40025553,0.18384942,0.029918926,0.37985843,0.24101615,0.14136176,0.05390629,0.13646169,0.17398417,0.31384298,0.37663656,0.044944458,0.09048725,0.16898596,0.12855521,0.12177405,0.22354555,0.21529186,0.18612617,0.12081876,0.103717506,0.083937466,0.030130163,0.111315385,0.14247596,0.07678711,0.13947496,0.051803365,0.26188284,0.18800947,0.14331886,0.22481507,0.16417104,0.08912874,0.28491122,0.50966823,0.1432744,0.062423613,0.19093315,0.23463011,0.11597717,0.20074482,0.25174445,0.33325264,0.35612625,0.07642789,0.085354775,0.21782142,0.055219464,0.043438464,0.13359173,0.14679572,0.23355997,0.29455298,0.12618028,0.13804944,0.052220896,0.23976219,0.16706781,0.14014912,0.100343555,0.03630909,0.34589034,0.31583637,0.17876035,0.12249285,0.122408226,0.23286399,0.28332454,0.05449628,0.16123286,0.19232208,0.21781754,0.23742503,0.32954663,0.32026756,0.15923178,0.20331424,0.17708722,0.120898396,0.19934426,0.2624298,0.33641607,0.21279365,0.24326384,0.1334357,0.27107418,0.29141635,0.14033999,0.17517135,0.14632303,0.1622347,0.2871346,0.20583406,0.12251116,0.0058988035,0.09139589,0.06378598,0.147731,0.15801848,0.18343127,0.13269535,0.2614467,0.10713529,0.18593235,0.1797984,0.17420168,0.22509688,0.112680495,0.07690206,0.14323173,0.14204875,0.06336784,0.0014669485,0.10638547,0.15496354,0.12782753,0.20747373,0.6238884,0.25340256,0.18060187,0.31522554,0.19188762,0.08895111,0.4119011,0.12978578,0.05009768,0.19941805
,0.09261287,0.00092781335,0.068208694,0.0134674385,0.11139845,0.07373801,0.020674605,0.001193562,0.076742694,0.049235284,0.0835813,0.07123494,0.05627329,0.07142462,0.006377317,-0.011043657,0.08836938,0.03407058,0.027144955,0.10467412,0.08127031,0.017670132,0.02673238,0.005985275,0.049652673,0.10351528,0.03539702,0.09623282,0.09111688,0.01684999,0.08772978,0.07192848,0.14698444,0.021848312,0.10201268,0.04019696,0.07917743,0.050849788,0.03190145,0.108706824,0.031078609,0.14947346,0.036285292,0.10894616,0.069616735,0.054701317,0.09887988,0.038388405,0.05446228,0.094212115,0.04457588,0.05849776,0.14047837,0.07160924,0.024597876,0.0065722317,0.021799823,0.03816733,0.03913732,0.035931572,0.066040985,0.027532006,0.102472045,0.063748285,0.048193976,0.07044866,0.10138701,0.074205056,0.065080926,0.019400477,0.023822375,0.07058038,0.10801004,0.019671233,0.028776476,0.11689417,0.023487091,0.10559552,0.113346554,0.057287455,0.023981666,0.0990964,0.041517936,0.006505453,0.06658295,0.15289012,0.0986332,0.07369394,0.0590445,0.09137817,0.06425055,0.01310948,0.07825613,0.011631994,0.07839352,0.032325238,0.07398288,0.03231635,0.043058027,0.07201494,0.09448644,-0.007881178,0.02525909,-0.0020203255,0.03848393,0.032090172,0.05780599,-0.0038355384,0.054618377,0.07701591,0.032012656,0.016053578,0.08437938,0.046869628,0.053837225,0.098699585,0.038585447,1.0000002,0.0346925,0.13034113,0.021519903,0.019619385,0.09260309,0.07378499,0.16435373,-0.007532185,0.066135146,0.011802059,0.051767044,0.049135454,-0.0008490402,0.12213686,0.053809624,0.1537566,0.04815165,0.055131786,0.005921525,-0.000116942625,0.0070501557,0.091717705,0.04655387,0.07653344,0.05419624,0.01949763,0.012344405,0.032825936,0.1288831,0.020325841,0.04317866,0.040389497,0.03937287,0.054245807,0.14445828,-0.0106910765,-0.01601084,0.03177142,0.007650792,0.093807414,0.13083707,0.007912458,0.06554899,0.06532199,0.07100935,0.055720408,0.041712373,0.063959084,0.08662878,0.021774612,0.055871174,0.005394363,0.102767915,0.07032692,0.080061294,0.056084227,0.0041082203,0.025676366,0.1414503,0.13246617,0.105713874,0.07091184,0.017618679,0.120118156,0.0914215,-0.010879018,0.0739434,-0.013389958,0.0531844,0.03929896,0.054504666,0.017675823,0.0895136,0.06834537,0.028711438,0.057940453,0.09421912,0.056545876,0.060580596,0.03711216,0.013278409,0.13312167,0.08749089,0.057618547,0.0133769205,0.08086851,0.039272487,0.060880855,0.06511869,0.0045008063,0.10505735,0.039903376,0.06368784,-0.001010254,0.054680467,0.03410022,0.039101087,0.028746707,0.10267836,0.06970393,0.06530646,-0.0009363815,0.047649957,0.04203355,0.058937557,0.020912593,0.0032693353,0.050658952,0.025027914,0.017754037,0.1023449,0.08150717,-0.009020379,0.059261184,0.03928886,0.041104972,0.066616714,0.10723682,0.090464205,0.07814245,0.017374126,0.031311035,0.057644837,0.09725717,-0.0012604948,0.09775386,0.07035579,0.025974207,0.042501073,0.09322536,0.061855502,-0.047046196,0.11165562,0.0069790147,-0.01172845,0.124518685,0.11665769,0.07136288,0.053708002,0.092779234,0.03617896,0.018386541,-0.005802512,0.033280358,0.103908546,0.03570259,0.0634589,0.0652637,0.041457392,0.088688225,0.03061609,0.028357726,0.04341898
thaw,0.15701646,0.17956525,0.018500127,0.021991625,0.0032798573,0.15570721,0.16226399,0.08011465,0.1642642,-0.09347255,0.2727075,0.103475906,0.09355608,-0.009679044,0.011307938,0.17499326,0.32975107,0.00600804,0.13045432,0.023751058,0.28944987,0.0018709949,0.11639063,0.13590305,0.49490142,0.046106882,0.32334036,0.07166635,0.099060975,0.056628972,0.35836977,0.20006585,0.10660118,0.15771326,0.04794862,0.15242776,0.16043895,0.18842085,0.17722918,0.035071433,0.1894134,0.17078234,0.4135908,0.03611697,0.13264309,0.116594225,0.85706115,0.0153452605,0.12021184,0.031452015,0.2548591,0.11135425,0.056620486,0.07236356,0.11515097,0.3835822,0.0413334,0.13405088,0.14872578,0.2049042,0.17771298,0.374705,0.16226232,0.20934694,0.06399505,0.07510986,0.4638034,0.04277596,0.08033982,0.18735613,0.17357397,0.2510069,0.06816837,0.13536644,-0.016421879,0.18322052,0.21668911,0.08440031,0.18826836,0.111154936,0.17312095,0.28977862,0.1171489,0.1141668,-0.020515636,0.25597155,0.21104988,0.28824896,0.16966134,0.039696958,0.13261358,0.16479254,0.032081336,0.2184368,0.11501824,0.14826933,0.119864315,0.030466165,-0.026933717,0.029629622,0.1542706,0.21794607,0.13688248,0.16551358,0.13820061,0.061058402,0.2597125,0.14749724,0.1890905,-0.0073978156,0.002342064,0.2353135,0.08152391,-0.011966735,0.015577871,0.1598719,-0.03939552,0.0346925,1.0,0.17345336,0.3698719,0.1958249,0.090349786,0.11302695,0.10607886,-0.046422496,0.05335804,0.021210067,0.26792288,-0.035179038,0.18736532,0.10428842,0.05709043,0.07186513,0.17057146,0.07478377,0.17646366,0.006729156,-0.04916366,0.14875564,0.12776393,0.02088498,0.15377502,0.06674455,0.17673771,0.21482219,0.032969095,0.052757956,0.42294663,0.22553752,0.29010117,0.12188681,0.04654283,0.18642572,0.037404615,0.05866162,0.001759544,0.13354036,0.07597766,0.15098256,-0.06370858,0.03147336,-0.0404672,0.061694138,0.22237419,0.12974079,0.13606595,0.023994861,0.16637588,0.15165573,0.08029918,0.06472138,0.13223888,0.100933716,-0.05625111,0.107006475,0.44860527,0.06832206,-0.022522932,0.25344914,0.45006788,0.17415223,0.087102346,0.11390919,0.17599615,0.38241065,-0.0206535,0.12626457,0.07968766,0.1618046,0.12000252,0.11836305,0.10216263,0.2825294,0.12557441,0.19389966,0.19612363,0.10888526,0.098216735,-0.047196932,0.034519527,0.10881963,0.03600681,0.060730703,0.097023144,0.15036663,0.16134687,0.012120662,0.2461951,0.36483282,0.087359585,0.20015563,0.14951198,0.17569853,0.14386737,0.12715316,0.16217138,0.07108395,-0.010470506,0.18458852,0.17894505,0.01985126,-0.02544399,0.13515234,0.19115725,0.08273406,0.12766266,0.032075405,0.074962586,0.015879855,0.121425785,0.13867655,0.15064985,0.12439873,0.17990838,0.09619116,0.20840046,0.07786347,0.05227749,0.1422952,0.095270775,0.069722384,0.28356278,0.1616735,0.023213262,0.007827332,0.3226245,0.05296181,0.14716089,0.090169325,0.24813882,0.17664996,0.26262927,0.05053279,0.08565694,0.08505713,0.2940933,0.25867188,0.25905567,0.10601357,0.016326014,-0.04164552,0.15368825,0.33905596,0.14304562,0.026175458,0.23815928,0.1526851,-0.051054694,0.14038542,-0.0011267513
braise,0.4558884,0.16334397,0.34405637,0.18741563,0.13784759,0.17147857,0.0676975,0.14648429,0.08460453,0.2205549,0.15316103,0.41050768,0.08716126,0.38670313,0.1275425,0.24264202,0.31694093,0.11705484,0.33963972,0.32135442,0.24542005,0.14405812,0.5401144,0.30710322,0.24437115,0.22423926,0.4278864,0.4584304,0.3065241,0.3704273,0.49939084,0.22875494,0.36122575,0.18195158,0.35917997,0.44113392,0.1758959,0.21533236,0.44818288,0.3692637,0.20698284,0.43734944,0.3093499,0.56198514,0.47605002,0.18762037,0.18498881,0.12346755,0.4162228,0.24886426,0.08208151,0.30904597,0.09199845,0.20562994,0.41604808,0.47357422,0.17672917,0.32228673,0.21481234,0.20737809,0.5640259,0.15429267,0.16563727,0.2978453,0.24847777,0.09366601,0.42673153,0.18333854,0.37587696,0.34827787,0.29744732,0.2320875,0.076408505,0.13359027,0.086626396,0.29139936,0.22465071,0.40032354,0.36609918,0.13325605,0.15047881,0.32396334,0.19125524,0.17564684,0.106027886,0.44564968,0.6556549,0.29974464,0.3263489,0.29038498,0.34077552,0.22505957,0.082889855,0.21380082,0.2534982,0.26371258,0.045223426,0.28447825,0.34294358,0.24526152,0.340397,0.19368854,0.037975475,0.31465513,0.33265424,0.05292399,0.3405109,0.168703,0.12750298,0.14108336,0.23304412,0.34195,0.052311435,0.16634373,0.16010025,0.3847968,0.18781541,0.13034113,0.17345336,0.99999994,0.4691999,0.2706053,0.6033037,0.22204375,0.045025587,0.07252286,-0.0044442248,0.3242162,0.47143742,0.18782227,0.18662359,0.14960739,0.20625137,0.13990845,0.16314541,0.1809347,0.051370084,0.2868484,0.13298112,0.7836153,0.2802978,0.15882057,0.17778474,0.18822491,0.39631778,0.2912791,0.19667858,0.06811864,0.52906245,0.41504282,0.1989776,0.17904614,0.37654892,0.19528642,0.084860064,0.28872007,0.32010326,0.6601697,0.65755105,0.17781925,0.08200601,0.27685222,0.13550764,-0.017513743,0.11518097,0.09208393,0.1293902,0.14016157,0.05429985,0.20638603,0.08650667,0.36369798,0.14307572,0.19890338,0.17578015,0.16484062,0.378852,0.3654232,0.18764058,0.2138933,0.30984288,0.2931624,0.2763612,0.10034397,0.31757176,0.11248429,0.23190966,0.30285108,0.23207983,0.56998444,0.1717922,0.5732807,0.02330675,0.16685368,0.14053276,0.070339836,0.30609554,0.71254134,0.046667717,0.09984853,0.13643219,0.23491612,0.3431087,0.21651295,0.17264144,0.19545567,0.19271484,0.2605354,0.4375202,0.22698417,0.34361807,0.21360026,0.6098658,0.12658976,0.0892354,0.11516506,0.3757555,0.18803637,0.14320257,0.17452252,0.23176928,0.24284804,0.20745535,0.28249636,0.11338508,0.18479323,0.38029972,0.20947126,0.54789865,0.16520636,0.18238309,0.19264509,0.22662303,0.14695802,0.13645563,0.21474326,0.23352176,0.41313517,0.023380518,0.043234825,0.21952823,0.4435223,0.1853965,0.8587663,0.27738854,0.13886762,0.33962795,0.23749219,0.16481657,0.12634727,0.3355267,0.49777263,0.17674786,0.6399733,0.55010235,0.061924547,0.05168935,0.41447103,0.582567,0.20215735,-0.013006259,0.13681516,0.6401519,0.37676615,0.22560507,0.24763115,0.06440984,0.22788222,0.2467744,0.10234564,0.13049841
uncover,0.49210593,0.2992833,0.030061983,0.15531445,0.27634412,0.20406312,0.09980468,0.16732751,0.1700809,0.085808076,0.3205175,0.35711116,0.022990081,0.17907184,0.1777272,0.22575769,0.42927676,0.17433271,0.41685432,0.24991515,0.37203804,0.0958617,0.31728745,0.34942085,0.3604203,0.18030477,0.33534694,0.39998746,0.23927356,0.41931772,0.46166354,0.24363011,0.29932463,0.2768616,0.47189468,0.5341443,0.1293634,0.2200168,0.47136414,0.19835964,0.18780422,0.3640005,0.26263252,0.44040206,0.42670155,0.24290738,0.41128564,0.17323005,0.36744475,0.20280088,0.30489236,0.2724276,0.09778917,0.17859519,0.42294925,0.45211035,0.23863631,0.31263682,0.38199794,0.41084826,0.47965312,0.47610107,0.10502523,0.39842927,0.18891357,-0.02470719,0.20187905,0.1047365,0.33486396,0.39454913,0.4309687,0.32410872,0.1557723,0.15275258,0.09973881,0.43176484,0.24486697,0.27798226,0.49834085,0.03309462,0.17360689,0.36624283,0.16573338,0.20688817,0.10129702,0.28271988,0.50511074,0.4855937,0.33157027,0.14086595,0.48729724,0.2108433,0.10535161,0.30371404,0.25419015,0.1771254,0.1468161,0.27950057,0.18798687,0.11789341,0.32088065,0.23502693,0.029580835,0.12364398,0.26340204,0.051926933,0.4043452,0.23019394,0.24643958,0.09255248,0.119000725,0.33422756,0.012700584,0.026615635,0.03607203,0.3054003,0.20932657,0.021519903,0.3698719,0.4691999,1.0000001,0.24618413,0.45843318,0.24192034,0.13148588,0.0046059825,0.028713785,0.34780458,0.7718998,-0.003110004,0.3889343,0.21124938,0.23983067,0.14637482,0.18830547,0.22391018,0.3378312,0.1306932,0.102256045,0.46037674,0.21153638,0.15751809,0.22488463,0.2414991,0.48637533,0.34002805,0.2513624,0.045896977,0.51386416,0.4216408,0.3584675,0.092589155,0.20083863,0.33061022,0.08945403,0.1631411,0.21956375,0.39998788,0.38933015,0.22217163,0.022296434,0.16597044,0.1725109,-0.014560038,0.24500334,0.10659763,0.2082962,0.0705044,0.06758704,0.22648528,0.13570435,0.28704455,0.14404282,0.044180743,0.032939143,0.12437674,0.4411537,0.2369287,0.18391608,0.27572018,0.25437185,0.38110197,0.39128622,-0.009183969,0.27234554,0.5890907,0.15591069,0.26748875,0.18350062,0.27935976,0.22538269,0.4341147,-0.0128675215,0.34931552,0.1207543,0.24758573,0.5018556,0.4324319,0.19349039,0.037959374,0.09827961,0.15611695,0.06257205,0.091782756,0.21770045,0.2754495,0.34195685,0.11442274,0.21411382,0.4307958,0.3723549,0.4709689,0.34065035,0.29091355,0.15433206,0.24385269,0.5109234,0.16452384,0.12843232,0.2651559,0.18328394,0.09090616,0.118828945,0.22809605,0.32293692,0.35316527,0.37675428,0.1599344,0.32365748,0.18184054,0.27340758,0.09156996,0.26198414,0.11698898,0.22405049,0.18202731,0.24431768,0.2599896,0.056530915,0.24549788,0.12410158,0.28711915,0.581771,0.38137805,0.056804687,0.12986419,0.24076992,0.1950979,0.13633198,0.2539107,0.45549992,0.40065098,0.5434888,0.3542716,0.38185436,0.0800261,0.30748332,0.43233103,0.42863968,0.2111511,0.07971505,0.14709589,0.44228157,0.4570499,0.3061826,0.099838756,0.32299453,0.35485378,0.08724842,0.10088446,0.20563452
process,0.28592187,0.32970977,0.2355698,0.42758837,0.120065734,0.4480436,0.12047005,0.30406803,0.11635774,0.26746106,0.3341294,0.52386504,0.28983745,0.2633168,0.5399485,0.26264983,0.1972517,0.3896526,0.23559743,0.16883305,0.19953059,0.18252715,0.19539805,0.19174984,0.4693209,0.07919289,0.18177705,0.23666272,0.41673028,0.1401233,0.1819542,0.21316564,0.30937335,0.3663926,0.16533963,0.19421433,0.2776167,0.41734815,0.14823969,0.27571356,0.40822843,0.30237606,0.15909025,0.16888207,0.25695744,0.18826824,0.284641,0.37303844,0.1463126,0.40194815,0.11072297,0.38069338,0.20559682,0.35617226,0.20232596,0.28225833,0.2689493,0.27241513,0.3585648,0.3676955,0.21850406,0.4239002,0.43596464,0.14714238,0.2931145,0.4047648,0.26964867,0.48900208,0.18930638,0.07545212,0.21407661,0.58892953,0.21365625,0.29674983,0.30048436,0.24299604,0.31756532,0.0987646,0.43246326,0.23938204,0.2369079,0.21275589,0.14348914,0.3244114,0.42025506,0.11532959,0.27038944,0.47769082,0.1667118,0.09641929,0.39216334,0.09598867,0.32197762,0.3383987,0.44896656,0.32963538,0.14771189,0.18672127,0.27376908,0.23156069,0.17809229,0.3000151,0.26509282,0.42676678,0.16529554,0.21884863,0.0813628,0.4328435,0.29006737,0.37299424,0.4681045,0.39440817,0.30688888,0.3370804,0.28731388,0.41071925,0.21907786,0.019619385,0.1958249,0.2706053,0.24618413,0.99999994,0.18798468,0.14298671,0.1440588,0.14793026,0.37057418,0.15041602,0.16464818,0.36480594,-0.04378936,0.10513607,0.36621094,0.19615936,0.2689482,0.07292428,0.10443092,0.19872592,0.15346423,0.24040076,0.37089908,0.24981883,0.15017861,0.2867396,0.1600376,0.23559782,0.081135675,0.33290035,0.3213557,0.2758466,0.5158495,0.41706648,0.27383488,0.34114873,0.3870923,0.25862378,0.52837265,0.16747701,0.20109533,0.6135312,0.36499524,0.34456393,0.30083162,0.22054958,0.13029292,0.049038712,0.33572376,0.32550418,0.43371263,0.39361727,0.08545902,0.46698418,0.47587284,0.33876157,0.09963021,0.5103177,0.37917113,0.25163114,0.1935401,0.45262182,0.19335708,0.37198183,0.312389,0.3282424,0.46147704,0.28626943,0.07386598,0.33077544,0.098748796,0.20629898,0.28859845,0.104800835,0.20174524,0.33155695,0.523335,0.3547556,0.25148875,0.19539995,0.3669979,0.22934099,0.3590951,0.36337262,0.4258244,0.5037348,0.28818405,0.2782953,0.43698665,0.48132277,0.4661569,0.24448493,0.33420557,0.28932214,0.18942182,0.33268744,0.5298961,0.34751946,0.39706278,0.29249102,0.103317976,0.46594226,0.44330704,0.37017894,0.37297058,0.41184646,0.42979908,0.22990273,0.20284575,0.26707006,0.2525761,0.24546106,0.28899384,0.34540647,0.43995607,0.43858963,0.40485483,0.26229742,0.49729556,0.10067658,0.05121564,0.23693387,0.09644663,0.2417016,0.2832837,0.2707628,0.34979177,0.18967858,0.10501342,0.39228377,0.4943263,0.25305828,0.33480525,0.18372303,0.0068092644,0.32997996,0.15545794,0.19384912,0.20572543,0.16063643,0.22341862,0.39546782,0.0678219,0.14368959,0.28395307,0.5148636,0.36455643,0.39641145,0.22955965,0.33964372,0.36222148,0.24852768,0.35676378
bake,0.38868648,0.07434648,0.10312876,0.101366684,0.119880125,0.079843454,0.013035562,0.070993476,0.073421,0.0977089,0.10431491,0.3923663,0.01671989,0.34385574,0.11141979,0.0013632239,0.20707658,0.08350064,0.26294556,0.14041817,0.27869606,0.057959378,0.33574125,0.22786221,0.1311422,0.20818135,0.2649316,0.32119,0.17184287,0.30783528,0.3592501,0.099156335,0.3446636,0.1749514,0.37805295,0.5053045,0.09955756,0.14324723,0.47422773,0.19211838,0.029601865,0.23732358,0.15206046,0.43868783,0.30340496,0.16879293,0.11081214,0.08680185,0.5635429,0.16581711,0.0865407,0.23858728,0.06334707,0.14891684,0.34854966,0.35240406,0.035221554,0.21276674,0.17244726,0.14184904,0.45337272,0.10221313,0.12934324,0.20280714,0.062482268,0.045739688,0.21482807,0.11157547,0.29750663,0.33273703,0.21277715,0.23754662,-0.0067779417,0.10676974,0.029015206,0.28775692,0.061173487,0.3059085,0.336393,0.052027166,0.084308,0.11322939,0.03774803,0.040967647,0.1226664,0.092996284,0.4533009,0.22384968,0.14034599,0.1483388,0.35326797,0.028029926,0.010513965,0.13560666,0.14393383,0.23947637,-0.0012710206,0.2223859,0.1545212,0.034423146,0.23184913,0.03782905,-0.02459932,0.053909816,0.19898686,-0.005028004,0.25014716,0.16138524,0.030808672,0.119019605,0.11182718,0.29339272,0.06342015,-0.020045124,0.07281103,0.1430079,0.15579957,0.09260309,0.090349786,0.6033037,0.45843318,0.18798468,1.0,0.1427174,0.093155995,0.02371003,0.099616975,0.20526811,0.46543393,0.04703641,0.090439476,0.12844154,0.1967127,0.10739128,0.009596249,0.109578,0.05908483,0.16550446,0.10994381,0.5511698,0.20162764,0.02322503,0.12139174,0.08898467,0.39725047,0.04006514,0.14114515,-0.028892113,0.49730545,0.19374713,0.09823507,0.05547023,0.13025849,0.12873286,0.07076967,0.1350493,0.18924701,0.42212337,0.4642452,0.19819432,0.08673017,0.10488392,0.05385319,-0.037414763,0.05159547,0.040101916,0.06717034,0.047017895,0.07013072,0.1216863,0.07558067,0.2768738,0.09468538,-0.012367959,0.04336376,0.04441243,0.20061582,0.11016017,0.1475813,0.15230311,0.19569074,0.17350279,0.26751626,0.07799998,0.26810184,0.093511075,0.187679,0.23817974,0.21586326,0.36069354,0.17580476,0.52271426,0.036183663,0.06691174,0.06851287,0.038868688,0.34366673,0.69434845,0.06746205,0.14695814,0.080238424,0.1460654,0.08239867,0.19966932,0.19900821,0.18905637,0.17949802,0.10307725,0.33330625,0.2401002,0.29804826,0.14951092,0.44056994,0.086822495,0.034971237,0.066835836,0.431383,0.03555016,0.1380746,0.07361498,0.10893961,0.07705146,0.07179781,0.083177336,0.1257411,0.18506517,0.14423923,0.02473828,0.4686426,0.05042511,0.09306273,0.09962113,0.11769473,0.062010914,0.08111254,0.20715785,0.20650214,0.31193858,-0.037098434,0.0062756743,0.025966613,0.3992734,0.108399004,0.5003222,0.09906218,0.05456578,0.21840973,0.12064852,0.1272183,0.06428052,0.25482744,0.6069755,0.17653057,0.4810096,0.44364274,0.08470512,-0.007866967,0.31210223,0.41767448,0.0637855,-0.00020462833,0.14833426,0.6169072,0.37002534,0.11795126,0.07395828,0.007002528,0.15248102,0.11238451,0.040574983,0.098120004
rinse,0.10300034,0.07431872,0.10067611,0.09743394,0.33037388,0.11722896,0.2906394,0.092472225,0.4910762,0.20878594,0.053439014,0.06619722,0.05054269,0.20378664,0.17667437,0.11846043,0.3931414,0.02104546,0.017727543,0.21443164,0.06163501,0.09324866,-0.017495057,0.16835958,0.08805852,0.22517861,0.35482207,0.09909365,0.3037778,0.13070214,0.40362728,0.39623708,0.097717784,0.030618731,0.2434899,0.020428088,0.19305104,0.096514896,0.04969544,0.077017605,0.20237228,0.36211178,0.121109635,0.22715607,0.23222688,0.6085068,0.18053794,0.009697503,0.13248323,0.15117857,0.103543,0.044684127,0.024720691,0.06381987,0.054601695,0.15225238,0.04617502,0.120571695,0.098944515,0.1525785,0.10364093,0.21893556,0.23919459,0.24886979,0.102736056,0.10708158,0.15415631,0.096199855,0.05608979,0.13806945,0.24372217,0.09348394,0.058823384,0.14928061,0.04235422,0.11410381,0.1669441,0.46168494,0.13887131,0.22321914,0.25471303,0.5106794,0.30503428,0.32162958,0.08541279,0.3897134,0.25406474,0.36229783,0.24015456,0.27759603,0.11289692,0.45810124,0.2619701,0.44737282,0.24998346,0.07107882,0.5344476,-0.02862636,0.18574774,0.2466406,0.14584014,0.18903571,0.15598243,0.27196282,0.12362703,0.011077682,0.52396005,-0.06496593,0.35890272,0.046623457,0.094995946,0.070596606,0.070147716,0.04643224,0.12538508,0.19041604,0.18360019,0.07378499,0.11302695,0.22204375,0.24192034,0.14298671,0.1427174,1.0000002,0.10410206,0.07168863,-0.046656568,0.09701275,0.14899066,0.10741898,0.14715122,0.72190005,0.056156516,0.7453803,0.31891865,-0.026251676,0.31061018,0.2910609,0.24419281,0.21861452,0.17424285,0.045430623,0.23632327,0.11999096,0.14846322,0.3160669,0.4217428,0.0886858,0.09969343,0.17710666,0.08742042,0.13194141,0.2608282,0.0051469468,0.10599092,0.2302756,0.19383156,0.18853791,0.09117593,0.024163663,-0.0016131392,0.27979082,0.10555093,0.12661222,0.34843692,0.058693875,0.16459748,0.039786767,0.06201516,0.099016316,0.68781275,0.12976071,0.12628415,0.25578585,0.040995482,0.16985258,0.38864532,0.34227544,0.25550002,0.12533908,0.032846585,0.26460043,0.1473133,0.07450169,0.09939541,0.2571417,0.23485193,0.25236386,0.30901986,0.18832025,0.25498742,0.14670196,0.045939226,0.099798165,0.097016096,0.20528889,0.111708924,0.14269497,0.020511469,0.0017353874,0.26767045,0.22029772,0.26697242,0.059463516,0.09067738,0.06054303,0.25085744,0.10643119,0.120991424,0.08342144,0.18887705,0.122774936,0.15316653,0.2014578,0.2527418,0.10685299,0.12038462,0.14007053,0.15567902,0.10632102,0.18940702,0.20160082,0.21383476,0.23587145,0.28590918,0.14999774,0.32864463,0.15891641,0.064342886,0.054553557,0.14226648,0.22371787,0.11401045,0.086090066,0.20551117,0.16286016,0.1007975,0.3557634,0.04905887,0.1582345,0.094819,0.094136186,0.2399177,0.23422308,0.27726793,0.26539436,0.04055111,0.31708494,0.06570037,0.21238363,0.047257975,0.162007,0.08427179,0.18257931,0.10650007,0.02777879,0.26467413,0.55520874,0.15121964,0.12714991,0.16592744,0.22439145,0.028788375,0.10859114,0.16063808,0.24414214,0.3324979,0.08948908,0.21138492,0.045846365,0.15311857
repeat,0.053122208,0.1936565,0.30262598,0.048618436,-0.01095912,0.14876607,0.07885819,0.1096187,0.07485924,0.10538087,0.20438763,0.13705626,0.07005679,0.10311413,0.17086107,0.11304093,0.116273716,0.12850296,0.06501762,0.06856676,0.0017521251,0.01536599,0.04454366,0.012559084,0.06210559,0.07836428,0.11704542,0.21758105,0.11757481,0.09842411,0.07473858,0.14242148,-0.05170602,-0.004347438,-0.07139535,0.12418993,0.024884516,-0.058078796,0.026472306,0.064300045,0.18880086,0.07223773,0.028045282,0.04320003,-0.015695393,0.16744635,0.21860003,0.10917934,0.059735276,-0.031347383,0.07814653,0.017333496,0.042395268,0.059941545,0.074862406,0.12518002,0.094334155,-0.0010478441,0.0633882,0.2747174,0.051263914,0.06482195,0.08966632,0.0043757604,0.064003244,0.1075511,0.18419288,0.12681678,-0.014949077,-0.0039816857,0.05354569,0.110466614,0.17445387,0.124833316,0.0014239773,0.4749963,0.48725614,0.030323308,0.40617514,0.04289338,0.06282681,0.0675524,0.11277427,0.016846666,0.14686829,0.13975817,0.023791552,0.24790487,-0.02955612,0.065979235,0.29462436,0.013467401,0.06805182,0.124763384,0.46860376,0.057944134,0.18319878,0.13028467,0.06474601,0.12721573,0.053937122,0.3136018,0.1528521,0.18991357,0.043419436,0.099843785,0.05300013,0.059800975,0.123471454,0.23675779,0.25013426,0.06261705,0.13301028,0.1700106,0.38845676,0.12343779,0.07007017,0.16435373,0.10607886,0.045025587,0.13148588,0.1440588,0.093155995,0.10410206,0.9999999,0.024690975,0.05871416,0.095337786,0.17911746,0.32414573,0.21402505,0.097833246,0.30091518,0.17060491,0.08181834,0.17553288,0.14251803,0.16383739,0.19291812,-0.030419476,0.0028088028,0.08245154,0.0019822028,0.105234176,0.04167328,0.09336248,0.049431883,0.09719108,0.12258357,0.07504587,0.31217653,0.031074148,0.056198023,0.2182355,0.030504793,0.13943148,0.20436354,-0.024197396,0.047875628,0.08189245,0.11429437,0.18409355,0.29045358,0.11341262,0.2947822,0.37253118,0.106576025,0.12475724,0.16781664,0.07357858,0.11402172,0.18845037,0.103346854,0.11626557,0.14353172,0.17075045,0.16520438,0.11227993,0.04242057,0.15423986,-0.033064276,0.28652444,0.2681242,0.110795304,0.07978536,0.15726505,-0.023096656,0.14351407,0.12945771,-0.074513905,0.2639765,-0.014732673,0.0843953,0.030714475,0.097466476,0.42244214,-0.039017726,0.058077563,0.09183575,0.12859468,0.0396118,0.12196113,0.07101676,0.07293692,0.12061745,0.1029362,0.115870304,0.24849543,0.11715857,0.31137177,0.14711843,0.14109226,0.0570518,0.43741202,0.12721159,0.2887435,0.29930758,0.114239335,0.037326466,0.33004117,0.09161778,0.23502474,0.18369755,0.40314478,0.0937027,-0.010580961,0.1820472,0.37575847,0.055876493,0.100807235,0.11306559,0.05758351,0.41012222,0.10127145,0.15084442,0.075883105,0.089564376,0.03852876,0.37980235,0.35784954,0.5300362,-0.07463123,0.26573333,0.06830547,0.12420067,0.14679329,-0.028247807,0.31318527,0.08360855,0.27228698,0.31401613,0.052260026,0.058988173,0.1430775,-0.01407218,0.2775305,0.32572937,0.08673461,0.01860313,0.2914607,0.35389113,0.105847284,0.07006528,0.18472701,0.3290499,0.16373417,0.31920278,0.22925222,0.14757138,0.2966119,0.34352282
scatter,0.02401687,0.15991414,0.15592974,0.37238088,0.26759464,0.17962927,-0.053107288,0.10078881,0.01904169,0.20318218,0.1341027,0.07140143,0.3297649,0.10054043,0.2281366,-0.015407963,-0.021260772,0.24050131,-0.012524394,0.006106816,0.37619817,0.22028819,-0.02886822,0.080577,0.13131031,0.24766919,0.0188599,0.0416973,0.22839513,0.01303288,0.055136487,0.12300833,0.13771448,0.473682,0.12699607,0.09714295,0.10416043,0.15201446,0.019500323,0.22920538,0.19581422,0.11638138,0.14250547,0.004772898,0.0029440066,0.1139626,-0.01478274,0.20711541,-0.0076394556,0.1387242,0.076488815,0.07761406,0.22101218,0.5852927,0.05251639,0.04599805,0.0526546,0.13372034,0.23845349,0.11581014,-0.0042910576,0.123151526,0.20753592,0.09934485,0.023163004,0.36140814,0.0980642,0.36847842,-0.0319803,0.16187721,0.050298627,0.3005402,0.022045808,0.32466456,0.48966917,0.03875605,0.02799441,0.18332785,0.18585598,0.2629689,0.16645718,0.07635819,0.03255485,0.19841635,0.31522745,0.12460901,0.07584403,0.14674115,0.1662169,0.48745278,0.22321692,0.15867263,0.2267201,0.06355514,0.2520218,0.19983307,0.1473574,-0.019731358,0.040851012,0.20905906,0.044904694,-0.035606883,0.13912794,0.17770378,0.15070601,0.3276608,0.14603506,0.5591241,0.21242502,0.21230637,0.19042316,0.11636034,0.3129357,0.17346716,0.34493315,0.14451554,0.45874205,-0.007532185,-0.046422496,0.07252286,0.0046059825,0.14793026,0.02371003,0.07168863,0.024690975,0.99999994,0.3390688,0.07017774,0.072744586,0.19610645,0.085270956,0.2025125,0.19736622,0.005993033,0.07772675,0.0885861,0.25011718,0.41241747,0.49959224,0.07396968,0.09771754,0.04722632,0.15899098,0.13262913,-0.009525292,0.11124185,0.3201559,0.4827839,-0.03096653,0.03924907,0.093925714,0.2581338,0.27942374,0.33062994,0.056635022,0.22563517,0.27696112,0.114498004,0.039601274,0.16479853,0.20676465,0.32221097,0.22357461,0.37740317,0.16727397,-0.038828094,0.12166661,0.19491434,0.2752881,0.23729604,0.037872065,0.09783186,0.29509032,0.18233436,0.18171406,0.21409288,0.044867028,0.20500392,0.27121127,0.21615976,0.055793688,0.21524557,-0.034022797,0.28353414,0.0925127,0.2328383,0.48891723,0.21008095,0.09442964,0.06915355,0.3171358,-0.029021775,0.2649771,0.21781579,0.26262963,0.107570544,0.21112181,0.03696752,0.3856496,0.04212127,0.3479927,0.30078858,0.18462895,0.2517016,0.08121873,0.17783257,0.36478055,0.22925615,0.23840931,0.057357784,-0.009838252,0.1626486,0.060655884,0.024137573,0.27796745,0.084570736,0.010756996,0.47951296,0.6108411,0.08464835,0.19251701,0.1716073,0.22923493,0.13661209,0.26499704,0.24126717,0.23896188,0.25583315,0.0014025979,0.020309616,0.10264522,0.14748225,0.100437954,0.2322247,0.202318,0.38886964,0.25240442,0.06535111,-0.025037665,-0.036791436,-0.020681316,0.07372719,0.081031926,0.1149376,0.21900444,0.11014034,0.1798026,0.19047019,0.19498864,0.009115517,0.08257006,0.0024736412,0.06269298,-0.0048045367,0.05362548,0.11801233,-0.06967906,0.17237025,0.14959389,0.08133027,-0.025794886,0.48067862,0.04850976,0.03536423,0.37115943,0.34214312,-0.02662356,0.09553002,0.1891982,0.14108385,0.13542715
square,0.07352861,0.2422525,0.06845958,0.46594065,-0.031000884,0.3134443,0.016505556,-0.011223973,-0.021860737,0.04929956,0.16300432,0.30407244,0.08263947,0.038109235,0.26813027,0.03181645,0.08001745,0.2961386,0.047587354,-0.026806206,0.11224699,0.112402916,0.052931942,0.04299322,0.2878093,0.07015295,0.08780411,0.020412914,0.052691985,0.011986082,0.03651566,0.18073806,0.14615235,0.24842447,-0.010132689,0.056637798,0.18946415,0.20951588,0.05568276,0.1541731,0.040029086,0.030503374,0.06675014,0.03351424,-7.677823e-05,0.028072055,0.11167474,0.2446094,0.028985893,0.0094299745,0.033875935,0.07700707,0.40887982,0.31345725,0.08077923,0.049040314,0.027734188,0.23466381,0.13419369,0.082012415,-0.0049062893,0.31957042,0.43118516,0.16242349,-0.04866704,0.43842253,0.13342166,0.5288864,0.055812493,0.07691006,0.032802813,0.3849186,0.091875434,0.32031202,0.5243212,0.09651864,0.0057281405,0.06271854,0.18191287,0.19069922,0.12978747,0.08541072,0.013881902,0.02827641,0.32381594,0.008869868,0.062221657,0.07435695,0.052251637,0.13162592,0.31278574,0.04675501,0.2446385,0.091932386,0.091492355,0.31968608,0.053360082,0.054532886,0.00033488497,0.083220184,0.00783257,0.06994024,0.10522293,0.12153164,0.111402184,0.28596395,0.036569774,0.34530693,0.26858753,0.23682058,0.30196315,0.23849061,0.38680282,0.092975095,0.19682574,0.104087636,0.17237198,0.066135146,0.05335804,-0.0044442248,0.028713785,0.37057418,0.099616975,-0.046656568,0.05871416,0.3390688,0.9999998,0.028024444,0.043213658,0.080741085,-0.041375566,0.035168897,0.16345187,-0.007375043,0.09584453,0.033894014,0.086276874,0.076964885,0.18553849,0.030578043,0.114611454,-0.033969864,0.22462332,0.024305824,0.021436527,0.057479654,0.020058133,0.35999605,0.093842074,0.077071846,0.09544585,0.36887366,0.09221469,0.10395573,0.065115765,0.037068103,0.27289933,0.04455553,0.035176076,0.57265234,0.46906838,0.04906446,0.06783218,0.28659722,0.010926947,0.0044936105,0.14270014,0.097944185,0.46758002,0.05063863,-0.0643202,0.09101166,0.47598943,0.06817585,0.060709566,0.3387816,0.11672132,0.03249433,0.014325205,0.24657643,0.0016680807,0.13674736,0.048859365,0.34465918,0.17253985,0.084281676,0.112694256,-0.007839041,0.10731945,-0.005646944,0.23185632,-0.014876926,0.33994305,0.15061477,0.48236567,0.05273442,0.13987531,0.0346628,0.34403935,0.08572701,0.3954392,0.07139828,0.049691565,0.36703533,0.1307438,0.05453279,0.45230487,0.30957118,0.42443717,0.026091205,0.036048774,0.09357925,0.024312373,0.11083554,0.4124778,0.055729408,0.086478524,0.13751966,0.23733506,0.060950227,0.28228372,0.07277151,0.055547386,0.084292054,0.3982582,0.13654357,0.059641764,0.078257814,0.05204693,-0.025177607,0.040022478,0.3054417,0.10566859,0.30310157,0.26760906,0.18122458,0.4088989,-0.00083687156,-0.014678162,0.039950226,0.045862157,0.15544374,-0.006126522,0.039978255,0.05512674,-0.032642514,0.042518683,0.02601474,0.34820914,-0.017647684,0.09954844,0.00014227536,-0.0017148089,-0.013420611,0.025295379,0.18010889,0.00696365,0.081736505,0.029380089,0.08289388,0.002808608,0.19053908,0.059262663,0.10252876,0.16093561,0.07655098,-0.010276918,0.09022252,0.0066056214,0.23531204,0.054250367
char,0.24804872,0.12765838,0.16880265,0.108195215,0.14710444,0.023647806,0.10921256,0.1882549,0.09160902,0.22130628,0.071601674,0.2572536,0.119906746,0.18837395,0.016601412,0.38656986,0.0996877,0.11219635,0.60482514,0.3236509,0.20529312,0.17382506,0.22304586,0.34389657,0.09365789,0.16500466,0.27766892,0.42523378,0.37053168,0.8329583,0.29988676,0.108889505,0.28577456,0.14451477,0.27974534,0.4131812,0.18917839,0.0672795,0.4858076,0.05446767,0.28364718,0.39119685,0.12675123,0.2812037,0.33257592,0.084026664,0.102922976,0.11757935,0.26957405,0.20332527,0.040684562,0.19689855,0.07399441,0.03937269,0.29827505,0.359054,0.45179892,0.4228565,0.23946242,0.3047542,0.38322866,0.10393737,0.156203,0.24741393,0.3479363,0.0917717,0.31602782,0.1274853,0.3360322,0.34979606,0.39842108,0.100159094,0.34373885,0.111568086,0.03873128,0.21700186,0.20286144,0.28438058,0.24956432,0.14540568,0.18032247,0.17169818,0.13561524,0.15379259,0.11476462,0.19617772,0.2680383,0.21633504,0.25708762,0.28648806,0.26750818,0.2402603,0.19653887,0.14888087,0.25026202,0.12380829,0.13676535,0.7066459,0.44803447,0.1350431,0.51029915,0.18643263,0.12446456,0.15320541,0.22956243,0.105339736,0.14540158,0.14613236,0.23700634,0.1440311,0.22023168,0.21426105,0.08428099,0.40716437,0.030743336,0.2864383,0.21570465,0.011802059,0.021210067,0.3242162,0.34780458,0.15041602,0.20526811,0.09701275,0.095337786,0.07017774,0.028024444,1.0000002,0.2771837,0.07646752,0.0293838,0.18847805,0.16994077,0.1170477,0.13956562,0.18307798,0.12714058,0.21579863,0.16177951,0.24433489,0.12319314,0.42972946,0.14898556,0.3146544,0.5194567,0.3655554,0.30818218,0.089554,0.33806717,0.24544469,0.14967157,0.0832521,0.29409713,0.14615694,0.09806259,0.247741,0.23948592,0.3619534,0.27860734,0.12699553,0.049777277,0.23623362,0.16402973,0.011054419,0.09488154,-0.008807007,0.090313934,0.22194219,-0.0142619135,0.14837565,0.09701188,0.22483903,0.09415033,0.20897329,0.1571149,0.09579507,0.16619441,0.3382672,0.283307,0.14260142,0.23587121,0.27818224,0.16410822,0.103792265,0.16407833,0.108516574,0.20096305,0.30744863,0.15410757,0.36915952,0.087172076,0.30976626,0.015352827,0.06745432,-0.0071344855,0.25858247,0.22095922,0.17524722,0.039634403,0.029796515,0.1458784,0.11609678,0.2819302,0.065239176,0.03671512,0.08342782,0.17421578,0.18472677,0.26377642,0.15828052,0.17143248,0.16239995,0.2913564,0.19841814,0.13472712,0.2401364,0.22887616,0.25519234,0.18762854,0.21318734,0.18944438,0.25671983,0.24202609,0.27617976,0.15526861,0.23127258,0.2663827,0.25984263,0.30670863,0.4792266,0.4680342,0.12266034,0.13909507,0.15004694,0.19703303,0.27126735,0.11961088,0.26142278,-0.017540816,0.12709728,0.10633634,0.21135779,0.20703766,0.3071568,0.28831005,0.15692554,0.28279644,0.28195786,0.17709765,0.33855766,0.21533903,0.27356413,0.24057192,0.3343624,0.40863413,0.0146146715,0.21354759,0.2048405,0.34915036,0.24293198,0.004467995,0.29632086,0.35581976,0.39480266,0.27070367,0.23395604,0.20338903,0.28034005,0.21983612,0.020466091,0.25344294
uncovered,0.48071927,0.35434335,0.14383665,0.098697975,0.27748284,0.25721255,0.009045122,0.090603486,0.15833902,0.114522964,0.2768278,0.3170049,0.064983234,0.20658006,0.14887324,0.1805158,0.43727398,0.18393847,0.35126007,0.20341371,0.3353349,0.17748961,0.3037374,0.25374413,0.30915028,0.19521624,0.28532875,0.36802834,0.1594297,0.4054352,0.39863163,0.17352064,0.27684963,0.18299538,0.43512207,0.5107711,0.13121626,0.08979187,0.49418825,0.19614214,0.13704887,0.2845869,0.31119913,0.46194413,0.36330998,0.21229874,0.26972723,0.20130444,0.3659435,0.16409871,0.26072463,0.28738162,0.0297954,0.16749579,0.485717,0.4329855,0.15099189,0.2805667,0.240424,0.3983407,0.3934263,0.31721562,0.08566298,0.35547838,0.14054361,-0.030094024,0.17684585,0.044507615,0.2795437,0.39394543,0.27456668,0.23466042,0.010015092,0.1032751,0.057003558,0.47537637,0.2592183,0.3220836,0.50883365,-0.017138481,0.05936017,0.28019002,0.20374784,0.2006263,0.08118222,0.24626322,0.37683243,0.39173684,0.3746022,0.20831835,0.51519644,0.23154241,0.11159594,0.2287933,0.32797343,0.2089268,0.07646892,0.25674888,0.1823456,0.21527374,0.21228859,0.22598526,-0.0016401913,0.109481424,0.33642405,-0.006353939,0.37027097,0.20816144,0.08869576,0.17632405,0.22505957,0.18477392,-0.054358184,-0.0066486592,0.15992388,0.25101715,0.19960782,0.051767044,0.26792288,0.47143742,0.7718998,0.16464818,0.46543393,0.14899066,0.17911746,0.072744586,0.043213658,0.2771837,1.0000004,0.14758639,0.51460886,0.155987,0.28840756,0.1337032,0.16066343,0.21106076,0.22164817,0.2583901,0.17738175,0.4519136,0.14359234,0.080894426,0.15331489,0.14798936,0.4028857,0.29260927,0.24031231,0.053441856,0.4232586,0.41624588,0.2585199,0.009078475,0.20110095,0.3157299,-0.0068796715,0.27832228,0.33753604,0.43604377,0.37204176,0.15904406,0.008408407,0.23731643,0.27069747,-0.088938266,0.15360469,0.15827456,0.06691641,0.11407612,0.028445479,0.16379339,0.12836608,0.28436512,0.036426373,0.045737237,0.015847404,0.056776494,0.29692802,0.22493623,0.15261984,0.16173095,0.23225889,0.36969724,0.38719028,-0.039005846,0.22779727,0.45095992,0.1900802,0.30262703,0.21950102,0.35937706,0.17513786,0.43757734,-0.07129732,0.25327337,0.097915165,0.2532218,0.47029054,0.42824563,0.16547504,0.0401129,0.060403164,0.14208582,0.10829755,0.070786834,0.2232752,0.18859728,0.2921664,0.23756604,0.23330711,0.44532338,0.3466365,0.48868394,0.36917984,0.2637733,0.057420306,0.21499538,0.50036347,0.15173057,0.16520388,0.23290941,0.10080281,0.09878989,0.14275339,0.23366535,0.18472876,0.40106893,0.44836843,0.18907487,0.32855624,0.07594261,0.22425605,0.033213582,0.30307177,0.032581735,0.12060424,0.21835633,0.10335558,0.29097092,0.12546906,0.2258918,0.1824838,0.25272194,0.45469943,0.39133316,0.062185228,0.16606548,0.26881522,0.21020928,0.037236415,0.23161319,0.4255055,0.4006452,0.47980168,0.33109432,0.3787884,0.14256905,0.2448276,0.42364714,0.3756999,0.28151354,0.062431946,0.22250926,0.4477542,0.45540255,0.3602913,0.17722963,0.21647984,0.3391725,0.12924844,0.14798991,0.2819885
whirl,0.13150375,0.23710625,0.36790925,0.19562805,0.17783958,0.24388812,-0.040657908,0.055451393,0.020724613,0.2889678,0.23982549,0.14105737,0.23695675,0.36611944,0.2670201,0.12285114,0.051874354,0.18947893,0.06280948,0.041906077,0.0683584,0.18020439,0.046136107,0.030217208,0.0849514,0.016088678,0.05794925,0.13114522,0.2683501,0.022611631,0.04412338,0.06225808,0.07855252,0.098462865,0.027182646,0.048182018,0.15217745,0.065471396,-0.036720227,0.32932633,0.27866027,0.18795982,0.07449837,0.107522324,0.06803998,0.18566586,0.050639555,0.1783574,-0.021201955,0.19146168,-0.07608185,0.12758484,0.04486101,0.15282765,0.1809035,0.12418404,0.115574844,0.041364957,0.115695536,0.26552945,0.09648985,0.041437306,0.25011516,-0.047843777,0.23713301,0.17579669,0.20986924,0.17803954,0.029853106,0.03595581,0.019521408,0.21525815,0.029904539,0.11584277,0.16283076,0.23248723,0.29887122,0.14008981,0.31238365,0.10463842,0.04742262,0.073714,0.10646426,0.21325798,0.23758972,0.10957751,0.06457636,0.28521788,0.12965101,0.15573418,0.2891928,0.06965374,0.2425814,0.09504983,0.5535006,0.14995323,0.09961268,0.0931518,0.16819595,0.41494167,0.124878556,0.19355965,0.16293447,0.33334035,0.17464282,0.0017242357,-0.008329842,0.21032654,0.02534341,0.46758556,0.38652024,0.025790561,0.1015152,0.3846204,0.7065653,0.19022992,0.12077442,0.049135454,-0.035179038,0.18782227,-0.003110004,0.36480594,0.04703641,0.10741898,0.32414573,0.19610645,0.080741085,0.07646752,0.14758639,1.0,0.1101549,0.090241365,0.24810681,0.13172974,0.2018461,0.07770472,0.008386352,0.31324422,0.26869166,0.161783,0.10477696,0.18127379,-0.015194232,0.16541299,-0.032471567,0.20113869,0.11491495,0.18491614,0.026554454,0.021496229,0.25456664,0.16199982,0.22285423,0.24972117,0.03470613,0.41445726,0.5397823,0.16046982,0.080396995,0.13152492,0.07467478,0.42104357,0.3243961,0.13158038,0.1481041,0.24450809,0.14626981,0.27550608,0.23476179,0.15768345,0.05378134,0.21761361,0.17758223,0.32520446,0.1079242,0.2201499,0.117760025,0.23403786,0.078896746,0.123485364,-0.014748162,0.3326154,0.11510602,0.14477725,0.082858875,0.05440122,0.09079124,0.23742661,0.027635027,0.12431367,0.30210018,-0.040036708,-0.0031851158,0.037765067,0.26543313,0.27000982,0.021371372,0.09393431,0.18337055,0.015266275,0.21116847,0.29187423,0.42379287,0.31713188,0.1495826,0.10898897,0.124144964,0.46177542,0.22431886,0.14264819,0.069158405,0.2078524,0.23072742,0.18756144,0.20730737,0.19046985,0.21870199,0.21710366,0.106014416,0.2598981,0.13509934,0.34703445,0.42884946,0.32658482,0.06363263,0.068858795,0.32602465,0.41575462,0.080233306,0.14227517,0.16299453,0.14434472,0.39492232,0.13688172,0.08882208,0.14730784,0.12482551,0.049140774,0.21871457,0.13334242,0.24465564,0.090473644,0.19360721,0.21247435,0.34695977,0.28691489,0.060639508,0.51458275,0.14601347,0.16490847,0.2263844,-0.0027779005,-0.056295864,0.26509213,0.11026705,0.35433555,0.12290301,0.05407229,0.070302874,0.37251055,0.12253496,0.0760116,0.1161204,0.21006005,0.3011217,0.5691482,0.13998973,0.16510871,0.4725312,0.2638013,0.4125321
seal,0.15730484,0.38277757,0.18596987,0.16712424,0.21379784,0.2256198,0.007218402,0.019702246,0.10815467,0.02422296,0.19902867,0.091339976,0.02488841,-0.033224504,0.11227517,0.08892144,0.24168175,0.043180205,0.07394468,0.041679177,0.13642755,0.08238585,0.12691337,0.065295056,0.2737521,0.15040958,0.13023095,0.005425418,0.057741515,0.031528264,0.29642254,0.084631324,-0.038966376,-0.028636843,0.18375322,0.21975371,-0.014784915,-0.061000742,0.047730938,0.1254228,0.13836832,0.0528743,0.31327146,0.09497209,0.14318109,0.16452658,0.17956781,0.061176974,0.098411694,-0.07181031,0.21640107,0.15359849,0.18014044,-0.004034508,0.15625463,0.21378878,0.04020134,0.15615694,-0.006801325,0.205331,0.081504665,0.17528167,-0.060671143,0.36112294,-0.0522559,0.0073970407,0.15243647,0.03956147,0.07429851,0.24313655,0.071227506,0.041116215,0.011889571,0.13158655,0.15167958,0.34126753,0.32477036,0.30613196,0.2831378,0.064267665,0.11583832,0.26460683,0.2314854,0.16785134,0.065144904,0.2876205,0.2033283,0.27526,0.27820572,0.1920864,0.18421073,0.20059556,0.12803769,0.17391539,0.22792433,0.17566414,0.119973056,0.0018069223,0.010273945,0.119664446,0.06287694,0.24037768,0.049190354,0.10534626,0.2011694,0.079453975,0.36973888,-0.030501515,0.018530622,0.1336906,0.17192647,-0.029618192,-0.029429235,-0.05636762,0.18882143,0.034052398,0.014660494,-0.0008490402,0.18736532,0.18662359,0.3889343,-0.04378936,0.090439476,0.14715122,0.21402505,0.085270956,-0.041375566,0.0293838,0.51460886,0.1101549,1.0000001,0.09395987,0.08670078,0.08538998,0.11011632,0.26422286,0.28897047,0.21101183,0.1738028,0.16396281,0.005952876,-0.027271817,0.1961995,-0.022592833,0.064710304,0.15990913,0.19116619,0.03971678,0.088092886,0.14499624,0.16403937,0.045619383,0.059216302,0.12930332,-0.076067306,0.24421409,0.22445698,0.15154633,0.04392333,-0.029130094,-0.02517147,0.16182446,0.16985996,0.05942093,0.2136823,0.35788375,0.10192184,0.053522453,0.06349602,0.034757126,0.16024688,-0.0037248544,0.062246073,0.043182675,0.027990934,0.052747853,0.15789211,0.114844486,0.03789357,0.050173484,0.13171665,0.28659618,0.20250706,-0.027664118,0.045914497,0.28610444,0.11315865,0.1359447,0.26880902,0.06989542,0.21169823,0.1839983,-0.033324923,0.21520817,-0.023531223,0.11076797,0.23142162,0.13790056,0.19082962,-0.072589464,-0.015476324,0.19325586,0.009282529,-0.060693033,0.104830414,0.005082365,0.15683386,0.2303835,0.10127469,0.406933,0.14849186,0.40529552,0.07461306,0.17619407,0.05283048,0.03155542,0.1900886,0.038661193,0.10461885,0.15128978,-0.00590574,0.027227096,0.037736025,0.15855788,0.072538,0.19956775,0.41696686,0.16686726,0.03776807,-0.03839628,0.063623935,0.040748905,0.29360932,-0.044241406,0.02351749,0.055862844,-0.031882938,0.2678995,0.3363596,0.24861225,0.28812587,-0.09030601,0.30039367,0.14779669,-0.03803463,0.16721745,0.28372067,0.16032322,-0.07997859,0.08303261,0.2881288,0.15529127,0.46149656,0.054291446,0.0064912923,0.1339177,0.16150738,0.34462225,0.2189675,0.17764668,0.039426118,0.105412945,0.115569234,0.0881163,0.24988061,0.08150352,0.21177971,0.08585732,-0.005721722,0.29072505,0.1313602
wipe,0.09879905,0.13524461,0.06540881,0.10656134,0.30236062,0.1235355,0.25844204,0.09211658,0.43025273,0.14043587,0.06156762,0.099289775,0.0876685,0.105011836,0.09253839,0.07570137,0.26566768,0.033904538,0.051930968,0.09206578,0.08497287,0.12967676,-0.035143863,0.061847158,0.056952912,0.22387998,0.2772524,0.08844406,0.3331891,0.24864036,0.36564946,0.3137726,0.19184063,0.039379578,0.20052448,0.094381414,0.1455404,0.058036722,0.099155836,0.072205134,0.15423536,0.36312327,0.15568447,0.08347365,0.15622126,0.5761373,0.17454076,0.0212656,0.03823131,0.11544371,0.09731808,0.015169539,0.040449597,0.023928054,0.070479065,0.07576216,0.020446794,0.16294387,0.09735751,0.118647724,0.056624115,0.22939536,0.2822526,0.3242789,0.059954435,0.15796131,0.09374945,0.15040663,0.061671354,0.20895296,0.1303193,0.11726136,0.0061178617,0.20102122,0.1317922,0.020802252,0.040094938,0.4161554,0.123571694,0.23439512,0.20790857,0.55880946,0.1945436,0.27096355,0.11038349,0.36559814,0.16108373,0.34412545,0.19935596,0.30624616,0.17558911,0.38195014,0.37996733,0.4075429,0.19232106,0.054096602,0.71805274,0.050800465,0.08633783,0.1799634,0.10492367,0.20906201,0.20627132,0.17799753,0.18575624,0.118278325,0.529593,0.014240591,0.42113686,0.043941002,0.07870114,0.04471089,0.048805296,0.0027720463,0.14196496,0.12893955,0.21541566,0.12213686,0.10428842,0.14960739,0.21124938,0.10513607,0.12844154,0.72190005,0.097833246,0.2025125,0.035168897,0.18847805,0.155987,0.090241365,0.09395987,1.0,0.049344227,0.7358185,0.3186206,-0.08133492,0.3870707,0.3536688,0.29421902,0.14389442,0.1231451,-0.021523148,0.38348472,0.08381206,0.11483865,0.30872077,0.5133064,0.15169063,0.06310342,0.12592407,0.045131065,0.16439965,0.20857124,0.047876894,0.08825979,0.16441344,0.1305803,0.18925285,0.068277486,0.035400502,0.11731692,0.2474226,0.07294498,0.15920615,0.4704417,-0.045754425,0.15263769,0.024721742,0.10730806,0.07213955,0.6011758,0.07194579,0.22374135,0.18252747,0.01779699,0.12663165,0.35517415,0.29731297,0.23787314,0.08156461,0.04080699,0.24921936,0.059794556,0.0592812,0.06631598,0.31437618,0.2697984,0.24278592,0.17967412,0.15748718,0.36182973,0.1250716,0.06000954,0.0707805,0.12226741,0.20838049,0.10994336,0.0923094,0.13455084,0.008114449,0.39170572,0.24069849,0.21576616,0.09594364,0.01789288,0.04541383,0.403276,0.055590235,0.13612896,-0.014248522,0.0834596,0.106646776,0.08089552,0.13276705,0.29281837,0.10492319,0.10040672,0.14565633,0.2772263,0.104364455,0.18378389,0.041507922,0.14146984,0.16903065,0.3441999,0.21006164,0.2849779,0.115400024,0.056815423,0.0036690775,0.1677566,0.23505256,0.051130045,0.05935426,0.21936828,0.250518,0.07814875,0.26141098,-0.05365888,0.1068127,-0.0076943985,0.08232267,0.26958126,0.14816359,0.18139102,0.2271589,0.07336625,0.2575786,0.07202511,0.13271672,-0.014599113,0.0808443,0.07507257,0.13261393,0.182073,0.03367929,0.27862418,0.6281584,0.08939782,0.08552758,0.04857738,0.37569892,0.034977145,0.06420952,0.2790913,0.20139778,0.3681547,0.111591205,0.1134457,-0.0075418064,0.08862765
assemble,0.23600027,0.1909537,0.20265982,0.17123628,0.14234063,0.10294513,0.06536601,0.31015414,0.09393129,0.2766447,0.255623,0.22952825,0.34863645,0.27407873,0.29125494,0.13260822,0.13958071,0.08101768,0.12689742,0.1297488,0.26129976,0.064760834,0.15149628,0.16567944,0.12090263,0.082315035,0.1412395,0.30188328,0.19767635,0.09348181,0.06496663,0.11402531,0.22294018,0.34113014,0.16983457,0.27268502,0.14410064,0.2427511,0.15370771,0.10122668,0.3115495,0.24623403,0.09457123,0.17922918,0.21948454,0.09132303,0.14345948,0.07568069,0.23341392,0.3452869,0.16191775,0.3284484,0.18506856,0.5536338,0.20991808,0.25482386,0.23762634,0.24796271,0.2833949,0.528321,0.18613026,0.20447673,0.24331066,0.18693429,0.2981513,0.20711586,0.19988823,0.1878791,0.20417064,0.11518206,0.21735679,0.26303107,0.12466895,0.40068167,0.06818437,0.38118917,0.35813972,0.105670035,0.38691145,0.17509398,0.120298475,0.024275213,0.20838262,0.18894725,0.12228477,0.017742926,0.15368152,0.43782192,0.18205214,0.1710247,0.3380323,0.1584177,0.10635121,0.20427667,0.5263332,0.08563155,0.053744584,0.20377553,0.26572725,0.24437653,0.15486893,0.20623076,0.2254071,0.18505263,0.14974798,0.26146635,0.001458561,0.43048212,0.28175753,0.2521825,0.24035351,0.36246583,0.37345216,0.3875211,0.31266174,0.2802,0.4419638,0.053809624,0.05709043,0.20625137,0.23983067,0.36621094,0.1967127,0.056156516,0.30091518,0.19736622,0.16345187,0.16994077,0.28840756,0.24810681,0.08670078,0.049344227,1.0000004,0.10992433,0.22613919,0.11701166,0.16592798,0.16912532,0.18055566,0.16361743,0.2883277,0.24204293,0.1793743,0.34991515,0.1345108,0.09728856,0.229803,0.30153817,0.24260189,0.12605307,0.46616253,0.057872295,0.29179457,0.5668934,0.22298233,0.37638962,0.2810505,0.11499331,0.15728527,0.32630202,0.26090446,0.33033708,0.19324024,0.25570336,0.19678214,0.106362455,0.19993836,0.42313945,0.16529146,0.52383924,0.032419972,0.61670613,0.107506715,0.22402808,0.2504109,0.22083585,0.2720677,0.29024464,0.22345334,0.49513975,0.15132128,0.4058413,0.39002234,0.28405556,0.34137502,0.32449356,0.12691964,0.2076143,0.11139701,0.19527388,0.24070065,0.09592878,0.23816669,0.3869294,0.23595652,0.4783243,0.27327138,0.13087305,0.1732825,0.14477193,0.0037409412,0.29219377,0.3416016,0.10952031,0.14489141,0.46787727,0.20476964,0.22197774,0.1934,0.27287698,0.33442324,0.3887733,0.11543015,0.49949393,0.2059511,0.52928936,0.34548607,0.34833866,0.1306577,0.36454627,0.43370807,0.32492438,0.4491448,0.5049472,0.07735834,0.30273315,0.19413224,0.48186994,0.18098843,0.21727368,0.26244676,0.31582588,0.39161962,0.41831124,0.4646455,0.21005222,0.41654706,0.107833736,0.13118851,0.37553167,0.18008986,0.19547525,0.2999177,0.17927685,0.39519203,0.16564122,0.073568545,0.5115273,0.38738698,0.2732519,0.36886385,0.22639538,0.17055652,0.27603137,0.09639743,0.14145368,0.25494382,0.09972459,0.1302007,0.4467417,0.20480043,0.35689998,0.20937069,0.44393325,0.47486478,0.37708384,0.2760985,0.62068725,0.46941,0.24952248,0.6134953
wash,0.026735459,0.03348849,0.16279927,-0.0055548176,0.23940215,0.0459109,0.30478585,0.16228043,0.5682205,0.18601257,0.072212,0.10400261,-0.0056681484,0.15354215,0.106621444,0.116280586,0.37682563,-0.036674142,0.0629862,0.16353603,-0.0035572834,0.10912226,0.012774242,0.010344513,0.032734886,0.14739636,0.35069996,0.07208417,0.2412997,0.15765676,0.3707434,0.4234556,0.11972153,0.00023607304,0.1674071,0.07767025,0.13460708,0.063226745,0.02421855,0.03674246,0.134996,0.27834338,0.0895484,0.15715563,0.17783743,0.6557636,0.14607343,-0.027758304,0.036885686,0.11829061,0.17495665,0.04483558,-0.005692892,0.013346598,0.059371807,0.08897179,0.051359747,0.09804982,0.05604627,0.12904166,0.020901626,0.17145632,0.18974712,0.1975596,0.12138732,0.02892216,0.099265076,0.06667095,0.01095776,0.08132166,0.08961503,0.05472509,0.014236398,0.082965165,-0.0696813,0.0791582,0.103836775,0.33067402,0.1264873,0.1636809,0.15664226,0.48175785,0.27816653,0.27438223,0.003732372,0.32525066,0.07386464,0.26844433,0.23614487,0.23666075,0.14573115,0.37352318,0.3021109,0.38021618,0.23584783,-0.038472153,0.6089948,0.08569638,0.17521423,0.21222442,0.06803183,0.22874328,0.1503715,0.21082321,0.13108347,0.011866866,0.47245896,-0.06780191,0.30016497,0.07134314,0.09063599,0.03892507,0.04891008,0.092830196,0.15670961,0.13627899,0.12108004,0.1537566,0.07186513,0.13990845,0.14637482,0.19615936,0.10739128,0.7453803,0.17060491,0.005993033,-0.007375043,0.1170477,0.1337032,0.13172974,0.08538998,0.7358185,0.10992433,1.0000001,0.37116212,-0.08033689,0.28321093,0.2833807,0.16321395,0.17745742,0.18677485,0.07984325,0.20464054,0.13577288,0.031527743,0.3014194,0.33405963,0.085200615,0.0047549233,0.10876869,0.07258268,0.0775623,0.19421875,0.061165277,0.16180754,0.22311951,0.13664663,0.12575053,0.022176791,0.04888618,0.09780739,0.2219046,0.10149234,0.07897732,0.2717491,-0.0009825677,0.1341935,0.114270106,-0.017890392,0.16762555,0.7497697,0.19581878,0.05505733,0.20139658,0.04212487,0.09315365,0.3768435,0.24856201,0.20165133,0.06673688,0.005402322,0.19080448,0.23147151,0.061457377,0.10523322,0.21175906,0.16011654,0.2030141,0.2865388,0.12451273,0.1509591,0.20528296,0.012786612,0.14866313,0.10966294,0.20814952,0.04470052,0.046835817,-0.019478522,0.11471729,0.21865109,0.14393932,0.28262278,0.09213959,0.10923429,0.06856712,0.21620297,0.07746169,0.05409643,0.0551619,0.2522261,0.13127762,0.12838818,0.21562329,0.1894723,0.14306375,0.15739772,0.100495294,0.15367518,0.08494224,0.14396672,0.14743751,0.23301774,0.22492859,0.19704485,0.16167659,0.30379128,0.15932634,0.0393297,0.10154149,0.112944886,0.16062118,0.09256649,0.08280694,0.18157211,0.105506346,0.052317824,0.28189212,0.0025710687,0.18982475,0.033902388,0.11218905,0.20758599,0.13282797,0.29670236,0.24043384,-0.028279297,0.2835477,0.10297002,0.2453126,0.009001117,0.097431436,0.031877883,0.13792291,0.093712956,0.086534254,0.29607558,0.52705675,-0.024646096,0.19274026,0.13646951,0.2568748,0.009863214,0.14527506,0.18826377,0.21987739,0.36217195,0.11862507,0.18879431,-0.005739525,0.21282229
strain,0.11497839,0.33022726,0.29803205,0.05723688,0.24899638,0.16955487,0.22497942,0.2270786,0.226859,0.20019117,0.054876663,0.11752644,0.13838875,0.14137965,0.06708699,0.28335693,0.42574024,0.0023896322,0.13118178,0.03466487,0.055925485,0.1952698,0.025243748,0.06654517,0.119154625,0.030826923,0.48740295,-0.022003436,0.20332688,0.11199664,0.43418318,0.45401603,0.04906103,0.06650935,0.02601914,0.03901261,0.27524397,0.17949039,-0.013700917,0.28037485,0.31458402,0.31246114,0.23702523,0.14766988,0.17857166,0.2736953,0.2791736,0.026592325,-0.034184407,0.2450571,0.039058216,0.019213095,0.15459771,0.22674444,0.16043404,0.15985079,0.11648861,0.16532874,0.058376852,0.19356057,-0.0016050667,0.2729445,0.21194857,0.17704636,0.198845,0.18192923,0.12808184,0.1508327,0.11626795,0.08025928,0.087865844,0.09931615,0.08789786,0.3536883,0.004617896,0.10385989,0.166619,0.22506715,0.01354959,0.2550966,0.18958879,0.45465285,0.38423365,0.6693021,0.043709584,0.4185282,0.06018229,0.26394993,0.30646634,0.3175298,0.038864985,0.36139914,0.31729415,0.4355244,0.31170174,-0.01188062,0.3722158,0.14918014,0.22069222,0.48422766,0.03138425,0.43205062,0.46707723,0.362835,0.24176463,0.15195344,0.4261975,0.026634656,0.38459337,-0.024141466,0.31232038,0.15918818,0.3490597,0.30510974,0.21732968,0.32313585,-0.0076239584,0.04815165,0.17057146,0.16314541,0.18830547,0.2689482,0.009596249,0.31891865,0.08181834,0.07772675,0.09584453,0.13956562,0.16066343,0.2018461,0.11011632,0.3186206,0.22613919,0.37116212,0.9999999,0.03899165,0.32758063,0.34086353,0.06383221,0.13990644,0.2359337,0.093175516,0.18568876,0.1122039,-0.05915537,0.3928141,0.25902706,0.1780146,0.053252194,0.2784394,0.24744517,0.13351044,0.26283905,0.10858364,0.27526337,0.45332602,0.27076688,0.13073146,0.006454289,0.12932211,0.11520684,0.32200655,0.11616029,0.28534007,0.27450234,0.029275298,0.2505415,0.3546511,0.16101757,0.33387795,0.24314561,0.14705092,0.19940253,0.33722758,0.08643027,0.22810668,0.65350986,0.3343174,0.11288904,0.39986396,0.08227462,0.2545533,0.05459635,0.22113337,0.10147801,0.31217676,0.13185431,0.039966043,0.16801564,0.21081005,0.107552364,0.047396656,0.27667397,0.18560863,0.184456,0.19052647,0.073801965,0.06591635,0.08501095,0.15389803,0.18039842,0.20413563,0.44654,0.091132686,0.06516419,0.12712137,0.22478303,0.20695837,0.32908916,0.0732231,0.021548335,0.1858851,0.12954316,0.2341895,0.36583996,0.3185006,0.11005731,0.28850052,0.15866989,0.20382234,0.3564034,0.31571954,0.40570503,0.36411804,0.22033024,0.20396109,0.27064496,0.2766075,0.03266712,0.0488699,0.15001461,0.31847847,0.22915842,0.35281622,0.4688967,0.14062083,0.30692083,0.1772976,0.026256245,0.18195194,0.08696966,0.019255694,0.31808722,0.1376757,0.42207462,0.12172932,0.07688168,0.37124273,0.3174029,0.1584957,0.03935561,0.0021473449,0.09464349,0.14787638,0.045693085,-0.052202523,0.34522516,0.42053986,0.04822813,0.411377,0.005374046,0.05278068,0.0067370255,0.13157953,0.21357839,0.33527064,0.350141,0.16071741,0.3275298,0.034027822,0.3722673
pop,0.30342847,0.36369997,0.2705541,0.16222298,-0.02930811,0.15867132,-0.12460181,-0.024179656,0.014316887,0.07882443,0.07195977,0.23487434,0.08492868,0.060097963,0.10123288,0.32493213,0.09687413,0.27070487,0.24152876,0.17362857,0.09730661,0.23143491,0.13026308,0.13023773,0.13906434,-0.038597543,0.16077979,0.2330162,0.06388464,0.2072092,0.17698067,0.12275088,0.019064229,0.093593165,-0.014228151,0.22132993,0.19342764,0.033893712,0.20148021,0.12071991,0.2770722,0.25672436,0.21846819,0.25012183,0.12574242,-0.07730861,0.13499095,0.25507867,0.07305678,0.008622272,0.009592907,0.051347435,0.19110231,0.14397408,0.35949498,0.2635979,0.13561547,0.21392754,0.100531414,0.15677537,0.24288422,0.21589638,0.031062286,0.3430406,0.046561107,0.07476627,0.24763256,0.07787381,0.2745282,0.16268724,0.15130828,0.11945392,0.058973752,0.18718675,0.15486264,0.30683917,0.1572975,0.047580123,0.15740049,0.08736359,0.15634015,0.095285356,0.098293014,0.05751407,0.18602735,0.16758367,0.13175106,0.068906546,0.14858654,0.11451191,0.15285482,0.06188273,-0.008112897,0.12553664,0.12209784,0.1558019,-0.0085411705,0.10824791,0.1770099,0.23366138,0.18415254,0.16606514,0.16444074,0.21036017,0.31647223,0.21989456,0.10632085,0.11418272,0.08655746,0.17159012,0.22642618,0.08717476,0.0817966,0.17074454,0.026174394,0.1606623,0.0129655115,0.055131786,0.07478377,0.1809347,0.22391018,0.07292428,0.109578,-0.026251676,0.17553288,0.0885861,0.033894014,0.18307798,0.21106076,0.07770472,0.26422286,-0.08133492,0.11701166,-0.08033689,0.03899165,1.0,0.089062706,0.10077715,0.094210565,0.14226043,0.13965608,0.062252916,0.08166591,0.06005391,0.25890046,0.22933342,0.049661797,0.044154897,0.16818234,0.19420558,0.109891996,0.037391476,0.21226098,0.13808534,-0.02071603,0.12497776,0.21871452,0.21666235,0.1746665,0.018269554,0.015807886,0.094708435,0.18344983,0.11238447,0.10203904,0.10040451,0.16117796,0.07782008,0.2914849,0.06519121,-0.048984807,0.07494336,0.16843796,0.25920984,0.12426245,0.21956646,0.14210628,0.16207585,0.01088457,0.13367367,0.108523205,0.19293171,0.14844361,0.06491872,-0.0014264025,0.09331681,0.11706883,0.0881432,0.08338514,0.18397272,0.10594334,0.24796471,0.039539214,0.13882715,0.05956017,0.033170085,0.051541027,0.15307353,0.19678897,0.058185138,0.07875347,0.08856967,0.09635719,0.048185766,0.20922667,0.042340882,0.08634333,0.20943137,0.25817317,0.11760988,0.09159651,0.07047824,0.29595047,0.07329886,0.08477715,0.08444896,0.25060883,0.14857058,0.006097083,0.056701828,0.056283876,0.061031524,0.09796021,0.20992188,-0.0066313446,0.041654795,0.23688763,0.19583836,0.15356892,0.10423356,0.18211073,0.036758944,0.15291253,0.07719903,0.08302617,0.026139822,0.07847605,0.07494934,0.1267938,0.10063678,0.10017044,0.018491682,0.19767824,0.22362062,0.1038162,-0.03681376,0.25069115,0.09064104,0.045030005,0.10122359,0.2296424,0.09692157,0.108898416,0.21292454,0.17752546,-0.040809143,0.09170678,0.08175501,0.24995963,0.18368778,0.07087323,-0.01913375,0.22601113,0.14716625,0.06836739,0.009328317,0.07469362,0.053134754,0.094280586,0.124807455,0.15758516
strip,0.00065740244,0.24053255,0.00393292,0.18580331,0.16977358,0.12050263,0.22465575,0.22104864,0.16210851,0.053512685,0.094206765,0.08282687,0.08037537,-0.04437184,0.13991861,0.06870829,0.19551963,0.020575773,0.015558977,-0.048074603,0.22937919,0.0693965,0.0051500183,-0.028779818,0.081390925,0.283917,0.24307239,0.06297094,0.24330297,0.11704774,0.3110943,0.29412282,0.15082964,0.11553666,0.19311634,0.18268423,0.110897124,0.02843573,0.04563086,0.02006932,0.18436816,0.12910888,0.09560095,-0.022766873,-0.03381787,0.3315589,0.22940806,-0.023156758,-0.0016185578,0.02895421,0.08461097,0.017936366,0.22120745,0.13820374,-0.018754918,0.117713585,0.030665796,0.23868808,0.1467056,0.23168203,0.077157125,0.24978986,0.18177797,0.29006177,-0.070804335,0.29660827,0.055746898,0.20097554,-0.07807899,0.20176482,0.06174148,0.14041197,-0.041872986,0.5134603,0.27390552,0.09641587,0.12420157,0.1345365,0.119835,0.34997836,0.19861192,0.44533083,0.100827515,0.27369705,0.17430663,0.2421422,0.112190984,0.34665287,0.15240918,0.18030736,0.1582846,0.14925273,0.23676829,0.35589117,0.21546796,0.19091198,0.5025434,-0.007065054,-0.06255069,0.051363394,0.032041185,0.30958822,0.3076523,0.25444767,0.09080528,0.2873287,0.40648496,0.12048757,0.5457438,0.09687607,0.060611404,0.20572242,0.26581,-0.010301627,0.15437466,0.06411325,0.2167379,0.005921525,0.17646366,0.051370084,0.3378312,0.10443092,0.05908483,0.31061018,0.14251803,0.25011718,0.086276874,0.12714058,0.22164817,0.008386352,0.28897047,0.3870707,0.16592798,0.28321093,0.32758063,0.089062706,1.0,0.24744165,0.33413762,-0.023676407,0.074230835,-0.041269384,0.35728735,0.12074256,0.047513776,0.123171985,0.33216846,0.3010847,0.017311761,0.048965655,0.18939012,0.2060489,0.08739773,0.14765492,0.06983882,0.08244564,0.066748895,0.011993058,-0.00077911094,0.068027936,0.16187891,0.11676735,0.051864322,0.43222442,0.5018354,0.10014629,0.27798706,0.04495737,0.21227531,0.22196437,0.2760297,0.011646457,0.29085922,0.17166126,0.05550766,0.25848,0.3737536,0.09777411,0.20720679,0.32260412,0.04052043,0.26652467,-0.0068441555,0.15903299,0.060890306,0.59844303,0.29376137,0.22862321,0.03998798,0.030107621,0.27780697,0.03452213,0.30050552,0.10322954,0.10002552,0.25193036,0.27016032,0.03290315,0.36499873,0.002861172,0.23065041,0.21065503,0.046612818,0.06964343,0.023733275,0.048275538,0.5924836,0.092224464,0.100384936,0.1517237,-0.020015692,0.3250768,-0.060243044,0.25076827,0.41277137,0.21753755,0.09743256,0.18180685,0.28405958,0.2156356,0.29970813,0.012723492,0.06323796,0.23243026,0.6480223,0.42171544,0.26931196,0.16242352,0.00774587,-0.016565073,0.3341974,0.29510394,0.20672655,0.2653714,0.5559361,0.15589048,0.25772852,0.09999636,0.07666391,0.20809582,0.03936606,-0.024529828,0.47356123,0.013852025,0.100874625,0.21771279,0.1556379,0.19309658,0.27929223,0.08422603,0.058180686,0.0323786,0.23928834,0.025153026,0.0466974,0.07735833,0.4277978,0.3622092,0.08098544,0.1690273,0.08939553,0.3363372,0.08497324,0.13304739,0.3115158,0.08627818,0.5252417,0.11188863,-0.012714675,0.09405418,0.22273538
brush,0.08100633,0.18302423,0.46855313,0.1988303,0.29299647,0.16429803,0.027489893,0.13950163,0.15512541,0.22142684,0.10540079,0.26938373,0.1795384,0.16187012,0.13800803,0.23859,0.2323595,0.10903613,0.03884647,0.18761304,0.2597926,0.25414836,0.07959327,0.05424465,0.011536788,0.48649657,0.27905804,0.1200861,0.4004231,0.15950437,0.31385723,0.32086405,0.16106097,0.079021096,0.29279146,0.09603119,0.10480333,0.11423202,0.02040122,0.39732802,0.2900998,0.32448328,0.22028658,0.12146428,0.2691461,0.26002616,0.044426598,0.105517015,0.10049191,0.21011707,-0.058817953,0.10636802,0.08404887,0.25120756,0.18791854,0.119933054,0.08091165,0.16179824,0.16475451,0.26042366,0.048472643,0.041662134,0.17092353,0.20131153,0.18511668,0.157667,0.2310093,0.1983051,0.01917475,0.22629066,0.1221409,0.1507653,-0.0069377013,0.2057037,0.18922901,0.15681504,0.22710443,0.45365852,0.2371237,0.18972033,0.12751907,0.35889012,0.34651187,0.3418663,0.23448682,0.3720681,0.23182854,0.3399197,0.41308433,0.6696441,0.25499558,0.4143278,0.3134291,0.3022071,0.49105784,0.10365483,0.29179406,0.0953674,0.309492,0.38755906,0.10550843,0.38786703,0.24604827,0.27586746,0.2812454,0.14950508,0.38243854,0.14490432,0.15519069,0.21919361,0.24465808,0.06361811,0.051332746,0.1743227,0.35687172,0.301471,0.2430397,-0.000116942625,0.006729156,0.2868484,0.1306932,0.19872592,0.16550446,0.2910609,0.16383739,0.41241747,0.076964885,0.21579863,0.2583901,0.31324422,0.21101183,0.3536688,0.16912532,0.2833807,0.34086353,0.10077715,0.24744165,1.0,0.7013639,0.31806237,0.2587177,0.09573118,0.16092257,0.22420219,0.005306948,0.3403635,0.53948486,0.195221,0.0075731277,0.218749,0.18479161,0.1558377,0.3934998,0.20485337,0.16325712,0.40345266,0.3735948,0.20838097,0.13164723,0.046111453,0.13139303,0.4139456,0.26004958,0.13640307,0.26629493,0.04466342,0.21528012,0.26831535,0.12143314,0.13744476,0.2654,0.120600976,0.24812685,0.34900826,0.15643944,0.2023441,0.2998851,0.5161245,0.3971864,0.09818031,0.08411002,0.35521603,0.10592687,0.096270986,0.19611925,0.21038066,0.6268318,0.36711106,0.2977305,0.2921387,0.39226744,0.2415444,0.034761515,0.039090283,0.08619328,0.23377267,0.121921666,0.09191739,0.20266262,0.043201707,0.35119104,0.4581104,0.44138587,0.1785447,0.13056058,0.106442966,0.31826943,0.22993001,0.3654685,0.103102416,0.10620441,0.28946283,0.18695138,0.20450144,0.2611589,0.2428304,0.15553808,0.32620502,0.5805011,0.29222864,0.15693593,0.21797977,0.32558498,0.45167387,0.21595313,0.4077586,0.5763402,0.40584666,0.19485787,0.102125406,0.2743615,0.14519164,0.4395433,0.13058853,0.1733374,0.5532365,0.06743546,0.40007043,0.044598255,0.15550731,0.16448265,0.11671876,0.2429148,0.3539858,0.36581928,0.40050998,0.16468108,0.4737255,0.14636248,0.22822785,0.15198602,0.13309532,0.13731553,0.23184595,0.25168744,0.16190109,0.2779908,0.42809135,0.14490533,0.47771394,0.091642536,0.4011938,0.14137635,0.17607683,0.45946115,0.43929103,0.26916093,0.22698906,0.28810343,0.11395896,0.3826773
smear,0.046958804,0.115730666,0.2381172,0.29852533,0.26635236,0.1769251,0.0053173713,0.0973093,0.0606887,0.27247062,0.04808485,0.20134988,0.19129583,0.1278832,0.20136437,0.088292465,0.039103925,0.15353262,-0.0047214637,0.07255314,0.23368898,0.098172724,0.045785546,0.030481292,-0.008154519,0.52721626,0.08386168,0.15166108,0.37760842,0.09478548,0.061034434,0.27022183,0.15761985,0.116553865,0.26784006,0.07251951,0.06815003,0.07988953,0.010828121,0.2156619,0.2947414,0.22732456,0.04264167,0.031692762,0.08540878,0.25788063,-0.016408235,0.10854063,0.032827403,0.19379018,-0.12886985,0.15141425,0.18879549,0.27931497,0.032547835,0.04723893,0.05189926,0.16136864,0.21399361,0.24349877,0.06921482,0.034954123,0.2760554,0.17834708,0.049276467,0.27266192,0.12481132,0.37940842,0.0017604227,0.20242529,0.1134176,0.1466709,-0.023502331,0.2700485,0.39169544,0.12132399,0.16947407,0.32679296,0.26702738,0.2630619,0.24346048,0.20836355,0.1118837,0.20551424,0.29599333,0.13397445,0.2062265,0.35338068,0.17866653,0.51073325,0.25896323,0.27427036,0.35357678,0.28996813,0.4524984,0.20516938,0.3397727,-0.012227893,0.104372494,0.20104599,0.1362336,0.28257418,0.24077708,0.24301627,0.103133276,0.24078023,0.186908,0.15242672,0.25296623,0.26874828,0.1785459,0.09673382,0.10775354,0.116852745,0.380858,0.1929054,0.33130988,0.0070501557,-0.04916366,0.13298112,0.102256045,0.15346423,0.10994381,0.24419281,0.19291812,0.49959224,0.18553849,0.16177951,0.17738175,0.26869166,0.1738028,0.29421902,0.18055566,0.16321395,0.06383221,0.094210565,0.33413762,0.7013639,1.0000001,0.114708334,0.15787056,0.050565287,0.18863606,0.20808387,0.06255189,0.18475197,0.56968254,0.22640812,-0.005345742,0.0042061973,0.09006378,0.27896294,0.2880854,0.18946286,0.118841976,0.23144004,0.2965096,0.09132423,0.12934133,0.0231537,0.091255784,0.33908135,0.31441075,0.35390225,0.32891026,0.054541387,0.24513158,0.15703306,0.2389223,0.07995728,0.208363,0.054938708,0.4175529,0.37102646,0.103667535,0.3011237,0.06381572,0.3665982,0.40051264,0.102433965,-0.028995886,0.32478762,0.091502525,0.1879846,0.15076376,0.2590009,0.69922316,0.36145765,0.17357752,0.14857952,0.57900286,0.03436183,0.105356075,-0.0024472028,0.10209551,0.2178074,0.15796578,0.061944664,0.25794637,-0.03278417,0.39019,0.55320704,0.30009037,0.13612427,0.10068324,0.030724343,0.35275948,0.20944451,0.21968561,0.09304948,0.06717454,0.29723582,0.0181331,0.15111886,0.33749714,0.17009877,0.07844429,0.33360785,0.5750005,0.19636236,0.1721774,0.14659773,0.24380654,0.34902182,0.2991144,0.3740383,0.42862484,0.39746714,0.17707811,0.07164834,0.23587307,0.21910259,0.41108388,0.15559918,0.20884424,0.48587525,0.15181103,0.22020732,0.08743909,0.09211763,0.11108261,0.17464863,0.21149024,0.17354426,0.2935707,0.4684381,0.1325216,0.4510821,0.17239453,0.21848115,0.10691838,0.065133825,0.0904472,0.17107219,0.21443015,0.1768745,0.27586284,0.21735609,0.13489604,0.24890658,0.17324644,0.3793825,0.115407586,0.12172816,0.41987237,0.35296485,0.2781601,0.18004541,0.21166182,0.22461903,0.31687823
poach,0.4341992,0.10002163,0.29856986,0.18990445,0.15105902,0.1424139,0.0069869515,0.05615396,0.05961468,0.19656247,0.13570324,0.39096567,0.06890965,0.36472282,0.13425449,0.21483222,0.36108536,0.025563926,0.2549808,0.327848,0.2637827,0.18691558,0.37468112,0.26349598,0.13576248,0.16610004,0.44271708,0.37042803,0.27594087,0.2441614,0.5034577,0.3343525,0.31959197,0.15078191,0.35685402,0.4153156,0.11749455,0.19141139,0.34744477,0.38116074,0.20097925,0.38667366,0.26866224,0.6538609,0.5460281,0.2047678,0.17056224,0.022453254,0.32310757,0.26326746,0.03710202,0.25620866,0.13491121,0.20158064,0.44484323,0.37489852,0.13728304,0.21079716,0.15610628,0.16715127,0.46047407,0.12623179,0.09049538,0.28108618,0.2498065,0.027858334,0.36602342,0.19473174,0.35232753,0.26611966,0.26918685,0.16865756,0.043460585,0.09336043,0.059468716,0.22965507,0.09720615,0.45334804,0.3088213,0.041322865,0.10865712,0.32952115,0.2727289,0.13841526,0.08984569,0.35139,0.60058665,0.2659014,0.46896246,0.37621495,0.25282243,0.3350188,0.011185203,0.12133824,0.23763123,0.15949863,-0.010243084,0.21352223,0.3778582,0.30240262,0.29651454,0.18302937,0.0013152137,0.20693311,0.35810798,-0.020091336,0.37884787,0.12815066,0.073474295,0.06775062,0.12373163,0.29857534,0.06427135,0.13183932,0.15384513,0.3483976,0.14438742,0.091717705,0.14875564,0.7836153,0.46037674,0.24040076,0.5511698,0.21861452,-0.030419476,0.07396968,0.030578043,0.24433489,0.4519136,0.161783,0.16396281,0.14389442,0.16361743,0.17745742,0.13990644,0.14226043,-0.023676407,0.31806237,0.114708334,1.0,0.31534138,0.1470211,0.13607743,0.13318554,0.30766296,0.41213298,0.21281111,0.030883478,0.45438132,0.3786971,0.15366402,0.1507672,0.41977355,0.15161835,0.055985533,0.2722899,0.24634528,0.64635694,0.5373611,0.13526212,0.076862976,0.21845725,0.09133171,-0.0004889453,0.064235754,0.028224993,0.12921156,0.1060123,0.018014358,0.16735262,0.05982749,0.30879068,0.14570887,0.16666186,0.13551188,0.0844481,0.37209988,0.3825856,0.17731744,0.1587264,0.26192093,0.2915241,0.21377596,0.13261001,0.29038638,0.04456862,0.26010722,0.22632286,0.3542664,0.54519665,0.2188797,0.6901412,-0.016584761,0.16690144,0.052946657,0.0025918782,0.25982696,0.5417851,0.043624975,0.114938885,0.09390309,0.20598122,0.34273815,0.18044826,0.19292554,0.169403,0.1432001,0.13286273,0.339494,0.15749872,0.28297535,0.1419239,0.6679767,0.06587735,0.034443103,0.07522197,0.32502586,0.19959408,0.20653042,0.1072995,0.19965696,0.18329582,0.1889175,0.20869589,0.031479053,0.17369641,0.39037502,0.14654066,0.4808653,0.15735991,0.16965516,0.17595446,0.16483402,0.09825737,0.06520876,0.20345138,0.19747862,0.46352696,-0.036707778,-0.018585788,0.06417273,0.4324742,0.15685102,0.7563007,0.27994162,0.11228363,0.2770856,0.2504205,0.13326497,0.072180085,0.2597932,0.39319235,0.200016,0.5226928,0.504474,0.03491249,-0.006759611,0.4299804,0.4827203,0.20158093,0.008030724,0.13455574,0.57266426,0.3007273,0.18838154,0.21029943,-0.025276933,0.2048276,0.2344377,0.041793402,0.09346072
ladle,0.18944892,0.14348164,0.34895808,0.25650367,0.13343701,0.19096333,0.06909576,0.20286769,0.19077031,0.20316273,0.21200275,0.27679008,0.120050415,0.19413961,0.20533746,0.27684847,0.34718186,0.16649957,0.13692039,0.16109589,0.18087296,0.17248663,0.24010304,0.15719692,0.22834508,0.13013078,0.28114024,0.21200192,0.25074393,0.10044907,0.2504596,0.28386462,0.22508465,0.296863,0.14214227,0.063897975,0.18840393,0.48830414,0.1444176,0.30529934,0.3785243,0.4297331,0.2747927,0.18814023,0.49432838,0.18699941,0.21290287,0.16914438,0.08226904,0.31745583,0.18685979,0.2265336,0.11621731,0.3291623,0.18244204,0.2162508,0.15586087,0.21724819,0.25471333,0.2664316,0.21742246,0.2818492,0.22594099,0.21790034,0.23970297,0.15327784,0.15845555,0.22629298,0.15173754,0.14660856,0.2207443,0.32174468,0.11248253,0.23232228,0.0983439,0.19143401,0.14658116,0.2431291,0.22969621,0.23391736,0.1940521,0.23233236,0.223038,0.23284376,0.22738779,0.321137,0.23514777,0.35104752,0.27758485,0.32727307,0.18298292,0.24743573,0.1503766,0.33200955,0.23981683,0.17627579,0.18633704,0.0710601,0.30535915,0.2614225,0.1703033,0.25093043,0.18017934,0.2354767,0.18925932,0.1592148,0.22709405,0.20696907,0.2023551,0.109835744,0.19138327,0.29358417,0.23335315,0.20619425,0.104753084,0.41470927,0.16578662,0.04655387,0.12776393,0.2802978,0.21153638,0.37089908,0.20162764,0.17424285,0.0028088028,0.09771754,0.114611454,0.12319314,0.14359234,0.10477696,0.005952876,0.1231451,0.2883277,0.18677485,0.2359337,0.13965608,0.074230835,0.2587177,0.15787056,0.31534138,1.0000004,0.20127851,0.12581508,0.18924284,0.13472311,0.28906748,0.2111083,0.20227794,0.2558476,0.3024487,0.34658134,0.17328551,0.42790294,0.22858757,0.2871035,0.24692675,0.23852308,0.18162453,0.21267295,0.23379838,0.09006761,0.28580394,0.19845414,0.22948858,0.18021032,0.039933793,0.4898997,0.28032225,0.16008973,0.25581297,0.14521249,0.19196007,0.23543504,0.32095748,0.17929623,0.30515987,0.44116077,0.37003082,0.15993428,0.34094554,0.21375099,0.27315894,0.1653986,0.19239134,0.34470463,0.2152206,0.18743637,0.2741655,0.2624592,0.3380975,0.19389641,0.23434122,0.15244815,0.354954,0.30244523,0.26087135,0.20345892,0.16725752,0.14020737,0.2060149,0.12483415,0.29435697,0.32257876,0.23923776,0.16181421,0.37093145,0.1337337,0.09012512,0.33229238,0.18608457,0.16624284,0.16599691,0.23323306,0.2794816,0.19924271,0.27550316,0.21022132,0.3211279,0.13248114,0.28405845,0.2862344,0.20182908,0.25032443,0.39461207,0.11977389,0.14328519,0.22639534,0.20605895,0.2340846,0.21218657,0.23845975,0.28042176,0.2807653,0.26285785,0.2455625,0.20139961,0.36499596,0.24652219,0.029533498,0.20824242,-0.010284962,0.4828946,0.1253092,0.30409056,0.31833526,0.20614792,0.10841017,0.29269612,0.2919039,0.1571517,0.24905235,0.15780936,0.13088393,0.30740148,0.24974114,-0.0155381,0.17467958,0.24769816,0.24028134,0.39366376,0.005220808,0.116031826,0.18764967,0.35249388,0.26081026,0.27773893,0.24571145,0.29353765,0.27897298,0.11564658,0.21068013
seasoning,0.11520736,0.0074904356,0.11823134,0.05934851,0.13028833,0.0065250816,0.10320397,0.3378057,0.044832267,0.30195042,0.15533412,0.046805657,0.2090388,0.2366905,0.078868315,0.44279948,0.12392621,0.06394972,0.43176627,0.49416238,0.09196794,0.1457107,0.07862953,0.18120965,0.07477632,0.037102982,0.082775176,0.3219725,0.4716083,0.28337383,0.073745385,0.12998284,0.09413493,0.25622997,0.13279682,0.11644405,0.06241819,0.1728766,0.07421366,-0.0033576656,0.4162952,0.2348318,0.0011265911,0.17411003,0.47943956,0.038958326,0.11294427,0.076656416,0.06834614,0.35178453,0.120860964,0.19486532,0.08914791,0.12849686,0.1595201,0.1765657,0.737002,0.21990864,0.32628605,0.38088554,0.09761898,0.06348131,0.023728035,0.012085913,0.6198578,-0.0105791,0.2871384,0.0617051,0.16327927,-0.027932985,0.2462999,0.11067426,0.57999575,-0.0060595907,-0.055258915,0.1199848,0.30602914,0.21680078,0.20142454,0.08277093,0.08762414,-0.010102114,0.2739033,0.23276505,0.11805743,0.05653493,0.10581897,0.28546217,0.20528772,0.19679672,0.1411486,0.21413971,0.11186186,0.12102535,0.36911336,-0.03334106,-0.027127467,0.4355756,0.59781533,0.19825068,0.35865664,0.15662709,0.06145527,0.10342212,0.08155155,0.07384595,0.021749001,0.23715703,0.18458822,0.23058736,0.1892778,0.20290533,0.08524102,0.62589085,0.11205503,0.33607382,0.23293434,0.07653344,0.02088498,0.15882057,0.15751809,0.24981883,0.02322503,0.045430623,0.08245154,0.04722632,-0.033969864,0.42972946,0.080894426,0.18127379,-0.027271817,-0.021523148,0.24204293,0.07984325,0.093175516,0.062252916,-0.041269384,0.09573118,0.050565287,0.1470211,0.20127851,1.0000002,-0.055809956,0.530076,0.16941962,0.38511837,0.19546574,0.062992886,0.1955409,0.1488156,0.27315325,0.09442252,0.31347787,0.27042693,0.17686483,0.30359846,0.17162302,0.11816941,0.06510145,0.064589605,-0.027598456,0.24496654,0.25545838,0.011312938,0.008436654,0.015208878,0.1429076,0.35349992,-0.06432534,0.32157606,0.025802182,0.29329598,0.010459099,0.21201125,0.17533845,0.0838779,0.10227688,0.3426356,0.3042879,0.21707924,0.19467884,0.30608407,0.13146308,-0.011683156,0.1774576,0.10434477,0.076131076,0.33737642,0.22761896,0.14432625,0.06453615,0.08577444,0.005252431,0.1852201,0.046548016,0.3591128,0.11161904,0.023352906,-0.0010890309,0.10459442,-0.011405271,0.15627044,0.3965804,0.04193051,0.07306682,0.25352576,-0.0657831,0.11399915,0.011383359,0.12574606,0.12616076,0.1773029,0.083772376,0.29632568,0.11206873,0.33866706,0.15013427,0.26022783,0.024482049,0.28492194,0.22172257,0.298096,0.42182004,0.25694454,-0.029193712,0.1608738,0.15954596,0.32657453,0.09912207,0.9474292,0.45781028,0.07116218,0.21231656,0.23781651,0.18252848,0.10528942,0.19589548,0.27048004,0.012843853,0.23599738,0.11431875,0.11542444,0.19309759,0.17144369,0.40473938,0.1514574,0.14905551,0.45091528,0.25213975,0.36166832,0.2286484,0.051730216,0.059112355,0.24734601,0.04356015,0.08901936,0.25994846,0.035546687,0.20109184,0.2826075,0.03479472,0.11979427,0.14241192,0.39986306,0.2248022,0.31233084,0.21476224,0.36064363,0.40560716,0.0033027902,0.40161708
poke,0.16594014,0.17607087,0.019859463,0.27670622,0.16725987,0.16677222,0.24383892,0.13367637,0.1496853,0.071783245,0.08713389,0.19036487,0.20600682,0.030857258,0.1199052,0.047945343,0.11828083,0.12589516,0.020001521,0.015481003,0.19822851,0.07294661,0.15287676,0.004753507,0.108218,0.117514074,0.26031893,0.1103193,0.12864819,0.11952272,0.25703216,0.28684005,0.32519478,0.1275239,0.12178675,0.15779376,0.21109778,0.21788758,0.12337154,0.07381517,0.19686174,0.24521938,0.12319223,0.0889359,0.08697416,0.16772342,0.16387135,0.10664143,0.051624164,0.08660032,0.050426424,0.1596348,0.47391856,0.10018216,0.13500148,0.18530247,0.031377714,0.76643145,0.13463196,0.20429571,0.08158372,0.22421747,0.39846075,0.7570486,0.01607167,0.4356367,0.18256655,0.2922398,0.219652,0.1789369,0.038061555,0.12822105,-0.0024031214,0.5177072,0.34376082,0.05238237,0.04338261,0.26526287,0.10801771,0.45710677,0.3563279,0.34514618,0.14827739,0.14572361,0.17771678,0.29204157,0.2014763,0.22130236,0.22348374,0.12692575,0.13664272,0.25311553,0.22583303,0.36027664,0.03648092,0.08258098,0.32963565,0.06280024,0.08171129,0.027402665,0.0646124,0.22218531,0.43555313,0.27139473,0.2507501,0.50272447,0.279461,0.12975699,0.41764706,0.08657643,0.08799535,0.35112357,0.36391082,-0.036863804,0.03671652,0.17848083,0.12643951,0.05419624,0.15377502,0.17778474,0.22488463,0.15017861,0.12139174,0.23632327,0.0019822028,0.15899098,0.22462332,0.14898556,0.15331489,-0.015194232,0.1961995,0.38348472,0.1793743,0.20464054,0.18568876,0.08166591,0.35728735,0.16092257,0.18863606,0.13607743,0.12581508,-0.055809956,1.0000002,0.030307055,0.07542808,0.1622184,0.32452512,0.14882992,0.10244412,0.066655755,0.045407634,0.2216295,0.21441975,0.09132216,0.115915775,0.006741973,0.08947572,0.21514598,0.12696494,0.21153258,0.22566804,0.0785771,-0.012288256,0.3385783,0.38666797,0.03340515,0.19869927,0.08349268,0.32684243,0.14030679,0.13672227,0.10740126,0.39734137,0.14908531,0.11350858,0.2772772,0.27952155,0.26551646,0.048979416,0.3717103,0.08315897,0.3119998,0.025868546,0.32589203,0.19681986,0.2715186,0.15194668,0.13272086,0.14643562,0.14043534,0.3146118,0.09729126,0.35799295,0.15587397,0.20534717,0.11893914,0.26590925,0.10488528,0.19575746,0.053458434,0.23693848,0.26051024,0.0754507,0.14542535,0.06953883,0.072950296,0.38677394,0.038168255,0.18244562,0.0109489905,0.059119724,0.19795173,0.041171886,0.13495128,0.28766727,0.15147187,0.09628424,0.22195467,0.120735176,0.048242234,0.47969052,-0.02449163,0.0068086777,0.06945771,0.3524289,0.17575562,0.20941716,0.09231998,0.07086161,0.010595929,0.16211705,0.5698546,0.068133675,0.34890115,0.39394173,0.18449323,0.41601026,0.16848543,-0.0078026988,0.08268409,0.11114386,0.1912008,0.16642207,0.13717717,0.046670936,0.037264183,0.17651458,0.04088185,0.36309844,0.038313545,0.07420752,0.09118175,0.17151323,0.013941817,0.13824718,-0.062401548,0.15246734,0.34856707,0.13038006,0.06732055,-0.016535012,0.26547146,0.11122873,0.07777877,0.24079663,0.04781037,0.18260175,0.14359374,-0.017837606,0.1058508,0.05313604
dress,0.09547211,-0.019847993,0.15469244,0.06845318,0.12956303,-0.04575064,0.09380215,0.34591967,0.11114819,0.23159009,0.2117691,0.09125687,0.24123196,0.1413888,0.13838264,0.24424994,0.15788808,0.066552356,0.2583956,0.29959145,0.18314523,0.039326694,0.03626387,0.20080802,0.10216685,0.298554,0.086163685,0.3590423,0.31964752,0.17994389,0.05805289,0.08218582,0.22266528,0.34913865,0.29848093,0.198651,0.043934446,0.2178925,0.12683338,0.053714376,0.3281222,0.32945102,0.0041387156,0.11414829,0.3258194,0.15619265,0.1304677,0.056210607,0.1244728,0.4168985,0.18197006,0.20309755,0.13836306,0.2700881,0.053236224,0.24428548,0.51093686,0.23623928,0.4370273,0.40534592,0.20574002,0.043113064,0.13851549,0.056132894,0.7599747,0.07610094,0.21753317,0.061071042,0.059982456,0.16577628,0.30034068,0.21000385,0.31889933,0.13047257,-0.02161659,0.21940069,0.29732606,0.23048094,0.2233956,0.1616348,0.09808363,0.03171315,0.2262002,0.23258874,0.1302116,0.039596435,0.19481772,0.31407434,0.18519142,0.2259857,0.21027432,0.19298083,0.040495146,0.15886278,0.34275347,-0.009329038,0.012033864,0.29462105,0.4171005,0.1705713,0.33900768,0.13081042,0.10242758,0.16089612,-0.024323579,0.14719118,0.053936742,0.36438823,0.31176436,0.12435617,0.11780173,0.3463311,0.15866944,0.3968502,0.12975612,0.43930793,0.40025553,0.01949763,0.06674455,0.18822491,0.2414991,0.2867396,0.08898467,0.11999096,0.105234176,0.13262913,0.024305824,0.3146544,0.14798936,0.16541299,-0.022592833,0.08381206,0.34991515,0.13577288,0.1122039,0.06005391,0.12074256,0.22420219,0.20808387,0.13318554,0.18924284,0.530076,0.030307055,1.0,0.19438426,0.21209472,0.29298177,0.1152989,0.27774835,0.1845517,0.29312912,0.037446123,0.397496,0.3726428,0.20245592,0.22939655,0.090262145,0.046425276,0.12739268,0.102751076,0.0187946,0.22617856,0.1983,0.03947019,0.047530364,0.056061756,0.149525,0.34029925,0.01123544,0.36405796,0.12515242,0.41516656,0.048211556,0.22216788,0.16195893,0.045100108,0.16655922,0.399704,0.50543797,0.3031796,0.23353434,0.2533121,0.22109303,0.087354794,0.27403915,0.22340024,0.27116695,0.34663355,0.16843037,0.1337521,0.06821091,0.1013961,0.13136801,0.23573199,0.093190074,0.33301112,0.24792942,0.09128628,0.027627282,0.09857916,0.02990219,0.12326513,0.3561989,0.069369175,0.19526622,0.437024,0.08556023,0.059301443,0.012894646,0.22408192,0.24796034,0.33278733,0.06673087,0.3778079,0.07899538,0.43117672,0.2185286,0.38702464,0.16709399,0.256548,0.3189828,0.26813504,0.35019702,0.31664908,0.156852,0.34020257,0.19004205,0.29786062,0.1817195,0.5580415,0.42667693,0.1355225,0.20783044,0.31518236,0.31244886,0.27006942,0.30224812,0.24959207,0.037279367,0.30871448,0.08646785,0.15523855,0.24060303,0.16511913,0.37716892,0.09238774,0.08839758,0.3898067,0.33075148,0.32991445,0.27197236,0.089320645,0.0983894,0.25350034,0.17313413,0.083570145,0.24284427,0.09404157,0.21162497,0.28064767,0.09791654,0.35371685,0.17961675,0.396088,0.2975981,0.27631164,0.24772611,0.44280103,0.3172363,0.003584616,0.43610585
burn,0.45935482,0.13156798,-0.03538925,0.086588144,0.200162,0.0627638,0.012141914,0.08988534,0.1478772,0.21140549,0.16883382,0.27554354,0.10734,0.20227678,0.10034548,0.17374055,0.19265157,0.18771851,0.4903087,0.25076962,0.19837311,0.053626053,0.3175235,0.31639344,0.28192344,0.15978952,0.2001653,0.4982419,0.15368341,0.56515133,0.18937561,0.029372443,0.30503768,0.21015045,0.37823313,0.44081602,0.2072134,0.09409475,0.71015716,0.06232225,0.11844111,0.31795278,0.24434653,0.42237657,0.32975775,0.15803045,0.17488514,0.2012564,0.4445991,0.23917764,0.14473611,0.308639,-0.047363922,0.12212057,0.36981106,0.53018725,0.2065221,0.25734222,0.26612005,0.22117081,0.5422983,0.27193815,0.18240577,0.21597351,0.19012964,0.020035949,0.23760408,0.0719032,0.37502772,0.3625661,0.33026257,0.1919893,0.12393525,0.077251434,0.02015123,0.33237958,0.11973517,0.12135452,0.35131383,0.13992137,0.25694877,0.100628346,-0.044062182,0.04025849,0.07810366,0.048596185,0.31620076,0.22402412,0.08670093,0.026795564,0.37591726,0.11579044,0.06152944,0.08147623,0.07911142,0.23981285,0.043902922,0.30921304,0.19293554,0.022654496,0.27447286,-0.030434249,0.012545578,0.0894179,0.13902253,0.02272674,0.096370585,0.17455667,0.15633677,0.06276325,0.1045381,0.29387218,0.019377485,0.04755429,-0.09258801,0.22297348,0.18384942,0.012344405,0.17673771,0.39631778,0.48637533,0.1600376,0.39725047,0.14846322,0.04167328,-0.009525292,0.021436527,0.5194567,0.4028857,-0.032471567,0.064710304,0.11483865,0.1345108,0.031527743,-0.05915537,0.25890046,0.047513776,0.005306948,0.06255189,0.30766296,0.13472311,0.16941962,0.07542808,0.19438426,1.0000002,0.13563731,0.12974876,0.053790905,0.5767548,0.34371322,0.1281907,0.061635904,0.06894104,0.1447285,0.015622431,0.043865047,0.12281495,0.40077424,0.4720157,0.16975293,-0.023256198,0.19019762,0.1487261,-0.015020833,0.031796575,-0.019267973,0.014602283,0.012136263,0.117977,0.122776106,0.08806394,0.22906116,0.07424507,0.17318922,-0.0067068995,0.116246134,0.14128897,0.09853282,0.16395709,0.16131341,0.30268484,0.09815572,0.23000234,0.071751185,0.1660938,0.19066416,0.15247627,0.29956344,0.086181805,0.4193367,0.024869103,0.29888588,-0.007219767,0.15558308,0.04337403,0.12740938,0.31379604,0.4779686,0.014821313,-0.0142671205,0.08208729,0.002178737,0.08871362,0.041848842,0.09238808,0.1608932,0.14970468,0.08480398,0.24393953,0.30556557,0.23462543,0.16115434,0.39217043,0.096496254,0.012677417,0.1123549,0.35790303,0.15282072,0.10834029,0.11644781,0.098962545,0.04147665,0.069503285,0.061665073,0.1311775,0.16981205,0.1472661,0.030462105,0.4578783,0.19071868,0.20010933,0.030627396,0.037312552,0.09760699,0.08936201,0.16545805,0.14994846,0.15114929,-0.0069898516,0.03972647,0.033620413,0.29869294,0.116431296,0.38826978,0.056216944,0.030850578,0.3110735,0.026108135,0.10655812,0.1543022,0.28450325,0.44323978,0.24191755,0.45121416,0.44461125,0.026225388,0.06877664,0.14166406,0.4657126,0.032163557,0.051304244,0.14226347,0.52150184,0.42803657,0.12860858,0.100245476,0.08085181,0.17797482,0.08547865,-0.0056804093,0.04250048
reduce,0.1828163,0.24256055,0.36949366,0.11464388,0.19735476,0.19856486,0.17204185,0.2064954,0.19539264,0.3097328,0.1581244,0.089882955,0.1677507,0.15196674,0.10740474,0.58920634,0.438056,0.13581076,0.37667447,0.39607874,0.11733437,0.2782593,0.071858406,0.21880111,0.17572357,0.09412816,0.54905206,0.22995585,0.43174118,0.29377446,0.5414807,0.59511375,0.024851553,0.099060595,0.12163138,0.086791486,0.23273371,0.18429667,0.031691957,0.23224299,0.44910902,0.3958161,0.28539538,0.2844627,0.451624,0.21880908,0.3407959,0.11869583,-0.010053761,0.29461724,0.11158085,0.10579633,0.14326364,0.11024749,0.28043383,0.23649596,0.42611977,0.27353638,0.25020158,0.2902453,0.13932419,0.29566008,0.15810333,0.28116134,0.3447801,0.12569462,0.34795558,0.23495504,0.14875099,0.103416696,0.2835445,0.09036746,0.31466326,0.123549774,0.088658236,0.17039877,0.26541758,0.49952596,0.15738192,0.097526774,0.16804592,0.49708563,0.49030536,0.42681962,0.10430646,0.48103094,0.30762732,0.37426975,0.5734648,0.45842665,0.08782015,0.5731363,0.19108556,0.40912765,0.39404058,0.100717224,0.21877374,0.32468903,0.50093913,0.4978992,0.36833394,0.4120478,0.23000506,0.35885733,0.34303415,0.07654925,0.49244353,0.09175814,0.36303192,0.11247276,0.26988903,0.12930651,0.1730837,0.43904787,0.16841781,0.48300487,0.029918926,0.032825936,0.21482219,0.2912791,0.34002805,0.23559782,0.04006514,0.3160669,0.09336248,0.11124185,0.057479654,0.3655554,0.29260927,0.20113869,0.15990913,0.30872077,0.09728856,0.3014194,0.3928141,0.22933342,0.123171985,0.3403635,0.18475197,0.41213298,0.28906748,0.38511837,0.1622184,0.21209472,0.13563731,1.0000002,0.31851107,0.044046596,0.19572136,0.39062923,0.23165634,0.2041691,0.53230095,0.16766633,0.21712658,0.42137694,0.27950412,0.32502255,0.116676316,0.043847427,5.0486065e-05,0.35321352,0.22742552,0.119476974,0.21236081,0.02079514,0.19111532,0.2723532,0.10952501,0.23037866,0.24371988,0.15544413,0.24449846,0.34552416,0.15568624,0.17251532,0.48643303,0.52980864,0.14851281,0.26001722,0.2701198,0.44065958,0.08950949,0.10134604,0.15084028,0.26573056,0.24282047,0.20537731,0.4575484,0.3074946,0.2726241,0.2952995,0.08308679,0.24506752,0.095673,0.24652204,0.06530489,0.0859506,0.043126196,0.14742544,0.14107594,0.28208923,0.48769867,0.053223386,0.13737427,0.09707214,0.13559112,0.20334208,0.2683145,0.15524277,0.080783725,0.23860863,0.25887895,0.28791907,0.27030957,0.27794576,0.099017926,0.2788068,0.14397317,0.23166382,0.29362285,0.347011,0.3849042,0.43303478,0.15273231,0.18346795,0.4463079,0.3364532,0.12180546,0.39472452,0.37887204,0.19717517,0.21178168,0.22902131,0.2554926,0.18989325,0.23218316,0.45859265,0.013955334,0.2992359,0.085813686,0.0937554,0.35247356,0.43710017,0.42805648,0.18636063,0.23598346,0.41828644,0.18821886,0.33211723,0.16348325,0.017454378,0.13810678,0.16010822,0.15491825,-0.015493214,0.41442996,0.5167669,0.30382037,0.40134186,0.014959937,0.055982426,0.07145322,0.28221405,0.26535004,0.31455338,0.3226503,0.23348609,0.32684648,0.086356476,0.3350675
dust,0.1639858,0.095714584,0.23278072,0.1933262,0.5777254,0.088728346,0.06062909,0.19485782,0.14074837,0.24480887,0.028163418,0.13010865,0.22578654,0.214911,0.07577242,0.2067736,0.21398555,0.003814108,0.12542507,0.13000792,0.37974945,0.21452296,0.045994315,0.22522837,0.010953357,0.49787587,0.16690567,0.1670166,0.43465742,0.23155177,0.27683115,0.2605108,0.2319096,0.19928533,0.4807016,0.10608989,0.1793195,0.1282549,0.044914555,0.14254037,0.30545247,0.426864,0.124190554,0.1743215,0.3306879,0.3168801,0.08685095,0.012603853,0.1563768,0.26107404,-0.016715713,0.16643888,0.12150723,0.21095799,0.16801727,0.23380794,0.20463887,0.27451146,0.24491659,0.2843281,0.083242685,0.14142223,0.2396583,0.38249603,0.19377404,0.17741488,0.25804096,0.15238014,0.1803625,0.29418728,0.31922203,0.049597923,0.13526341,0.27808666,0.16675211,0.101061165,0.16355455,0.53282046,0.15146497,0.26225397,0.18093982,0.35222927,0.28241652,0.36768323,0.095421776,0.25700903,0.2400985,0.373689,0.30602962,0.6082101,0.1240689,0.44283408,0.4539657,0.32520986,0.34351802,0.05935339,0.35919565,0.09889725,0.25125375,0.20853561,0.25524428,0.21089692,0.3198275,0.15328276,0.26094028,0.12407108,0.33428594,0.12325376,0.31538028,0.10904403,0.11993801,0.10058342,0.12553634,0.15120126,0.1781969,0.24696152,0.37985843,0.1288831,0.032969095,0.19667858,0.2513624,0.081135675,0.14114515,0.4217428,0.049431883,0.3201559,0.020058133,0.30818218,0.24031231,0.11491495,0.19116619,0.5133064,0.229803,0.33405963,0.25902706,0.049661797,0.33216846,0.53948486,0.56968254,0.21281111,0.2111083,0.19546574,0.32452512,0.29298177,0.12974876,0.31851107,1.0,0.18856369,0.07803823,0.09329082,0.07598007,0.111412,0.44362596,0.14281644,0.11000994,0.27588093,0.243009,0.21945253,0.084400274,0.0039999373,0.06484487,0.3297627,0.1419695,0.15678486,0.3570793,-0.042060003,0.17489623,0.22969031,0.03330734,0.1681266,0.30260253,0.20865645,0.19456127,0.26269782,0.1580683,0.1421015,0.24326873,0.5828726,0.57147515,0.1611878,0.11279464,0.40562916,0.13198113,0.06543271,0.14893058,0.27764183,0.64555365,0.30348548,0.23656881,0.22598287,0.3546253,0.15265955,0.055435613,0.11121701,0.04743785,0.19290441,0.21581072,0.05969933,0.07341793,0.047362268,0.27734742,0.34776276,0.32190144,0.0027742353,0.16964808,0.15042031,0.30448025,0.071656875,0.17091721,0.05883242,0.17670359,0.25037158,0.11051938,0.17953466,0.21202509,0.26914415,0.14974746,0.51323694,0.5021467,0.13963673,0.24897343,0.16551092,0.27277645,0.31675267,0.22544119,0.48272514,0.37231913,0.31850982,0.10702701,0.21910855,0.33624372,0.260305,0.22717212,0.17194669,0.2806251,0.39439923,0.14531791,0.4001858,-0.045702312,0.1296496,0.058638506,0.1037839,0.23595245,0.19040148,0.32849792,0.26033005,0.18393399,0.43511975,0.16104183,0.19565031,0.08774699,0.14553662,0.16422841,0.19699109,0.16548122,-0.025153406,0.27714932,0.43131307,0.20269063,0.26360524,0.048031777,0.4115433,0.13863195,0.1270119,0.3172651,0.3046407,0.31597364,0.26235747,0.25149548,0.008516414,0.29486096
stack,0.087939374,0.28728747,0.13587487,0.32838988,0.1376717,0.31829163,-0.025824074,0.21494904,0.013693305,0.21206248,0.28080755,0.21456206,0.30863318,0.14959297,0.3122127,0.113074124,0.029672626,0.3026957,0.0723121,0.008633798,0.24358937,0.19269615,0.02348618,0.021941785,0.29578236,0.22378588,0.014525412,0.06421494,0.24161777,0.04583936,0.039835528,0.049420573,0.16965607,0.33406192,0.10565514,0.07455182,0.24038368,0.19613773,0.050610054,0.23113954,0.2931015,0.12190299,0.20278436,0.01253716,0.05925293,0.17956287,0.11278485,0.28202593,0.046427045,0.1292345,0.22501494,0.25658622,0.151236,0.44056088,0.12969354,0.12857147,0.05358086,0.13219917,0.20293795,0.25297293,0.103007086,0.2631871,0.29825705,0.1251997,0.014048856,0.35298824,0.1183319,0.42302036,0.06164563,0.11189178,0.033904165,0.378914,0.039621986,0.434248,0.43697125,0.034656405,0.14391682,0.0965315,0.2857226,0.30016282,0.13438466,0.19566974,0.018649478,0.20664495,0.31471968,0.09814133,0.08564149,0.25596118,0.14650498,0.27150008,0.22126827,0.17264014,0.29509038,0.17194718,0.28958488,0.19533616,0.1899228,0.07102421,0.06358104,0.12382099,0.051291015,0.051992297,0.24287127,0.21721745,0.16639018,0.269762,0.034098066,0.4615342,0.24992973,0.15245575,0.3468365,0.20597726,0.28690588,0.22879821,0.27821928,0.17535591,0.24101615,0.020325841,0.052757956,0.06811864,0.045896977,0.33290035,-0.028892113,0.0886858,0.09719108,0.4827839,0.35999605,0.089554,0.053441856,0.18491614,0.03971678,0.15169063,0.30153817,0.085200615,0.1780146,0.044154897,0.3010847,0.195221,0.22640812,0.030883478,0.20227794,0.062992886,0.14882992,0.1152989,0.053790905,0.044046596,0.18856369,1.0,0.054504324,0.095497645,0.31555265,0.31636488,0.13522343,0.41566557,0.06692889,0.2187274,0.31655324,0.12981352,0.1190454,0.4236444,0.4095663,0.3381046,0.2217764,0.38695902,0.29582924,0.04408291,0.14937842,0.2310682,0.38599637,0.43261066,0.10101408,0.23686393,0.37585893,0.21126796,0.068951584,0.32426476,0.16620834,0.11903852,0.12990096,0.293866,0.13423279,0.23000221,0.026245834,0.29867905,0.23289898,0.27976835,0.19391985,0.1410217,0.04246043,0.07615905,0.23236692,-0.015244711,0.2816202,0.44614732,0.5746549,0.28707454,0.14372128,0.045447234,0.5188774,0.048357718,0.3209222,0.20885861,0.18996242,0.33752072,0.02452011,0.21693318,0.44633725,0.34354985,0.34173882,0.16030161,0.04087456,0.12088402,0.07350399,0.13876778,0.338535,0.20545572,0.08056642,0.43435127,0.33928075,0.27725774,0.2574245,0.19850507,0.22658502,0.23394808,0.32658988,0.26766673,0.17121845,0.31856194,0.08466084,0.051346455,0.1270136,0.24230567,0.21402088,0.2838324,0.3715866,0.25909308,0.3092667,0.016473986,0.009852745,0.07347067,0.04133211,0.14403546,0.16673316,0.07319167,0.2205134,0.08210944,0.18041393,0.23458222,0.3229082,0.0051362775,0.16344374,0.032482322,0.21427205,0.13312347,0.06329079,0.19190994,0.012763694,0.10195914,0.10296039,0.20941928,0.049907513,0.4020931,0.060590886,0.09422025,0.48273963,0.33715123,0.14090449,0.22996172,0.2019321,0.29180282,0.14389147
reheat,0.34384125,0.19881898,0.06856387,0.106033094,0.076047756,0.1205274,0.113807075,0.10737719,0.107859716,0.116404355,0.27749726,0.28196257,0.11445406,0.28052253,0.15952826,0.26318964,0.33572167,0.12935731,0.4201398,0.25761655,0.20082664,0.0006238278,0.30614087,0.3162959,0.43885797,0.098511435,0.4081945,0.39778167,0.20630941,0.40214568,0.3527459,0.117802694,0.34222206,0.2548681,0.3306141,0.3804161,0.20925322,0.27240488,0.5274985,0.13238224,0.19246075,0.2713387,0.39863393,0.39649665,0.33445564,0.13216995,0.48811245,0.13408461,0.47321236,0.25271863,0.26144212,0.28981084,0.090181835,0.1876769,0.3055395,0.58783984,0.24149984,0.31605357,0.29760864,0.29101604,0.5076619,0.33685216,0.22463632,0.21720412,0.27841932,0.09865808,0.42291087,0.14085773,0.3196238,0.30860454,0.33740753,0.3391354,0.18053448,0.09281237,0.034891807,0.32474038,0.2729017,0.19890337,0.39502636,0.062945336,0.19536673,0.14723073,0.077762015,0.0834522,0.13756755,0.12863415,0.39217985,0.34910274,0.17227128,0.07811005,0.3496989,0.098539606,0.023441857,0.093910314,0.1875564,0.28880095,-0.030086627,0.2823338,0.28145304,0.09227954,0.40055472,0.10920359,0.038379353,0.10251887,0.15174775,0.061407655,0.15379685,0.24047211,0.15547857,0.036302857,0.16892114,0.47227517,0.11751169,0.13533871,0.0147600435,0.29206398,0.14136176,0.04317866,0.42294663,0.52906245,0.51386416,0.3213557,0.49730545,0.09969343,0.12258357,-0.03096653,0.093842074,0.33806717,0.4232586,0.026554454,0.088092886,0.06310342,0.24260189,0.0047549233,0.053252194,0.16818234,0.017311761,0.0075731277,-0.005345742,0.45438132,0.2558476,0.1955409,0.10244412,0.27774835,0.5767548,0.19572136,0.07803823,0.054504324,0.9999999,0.33727974,0.31649718,0.14306591,0.1643,0.25213557,0.09852385,0.14900872,0.16310501,0.47581136,0.47470832,0.26043758,0.007348722,0.11582574,0.10309206,0.013158871,0.11057256,0.1423976,0.17235002,0.09472017,0.11264722,0.2169765,0.034050282,0.28571352,0.14265326,0.08612132,0.09628023,0.13255975,0.3215428,0.13569549,0.13695621,0.3000012,0.51811653,0.26391044,0.29075575,0.13723212,0.27031344,0.27465516,0.0956966,0.23913164,0.18650514,0.53931844,0.15900505,0.32846615,0.067558326,0.2909627,0.17246342,0.25200048,0.34231737,0.48424506,0.10997567,0.089447305,0.042011663,0.14644703,0.16637374,0.13404956,0.16450307,0.3230177,0.17177105,0.12613289,0.37342343,0.4809907,0.29880637,0.21384118,0.3939802,0.24752584,0.092598855,0.18896723,0.38382784,0.16604228,0.058626726,0.23235801,0.24221614,0.11500548,0.09791549,0.16653633,0.13074759,0.18483576,0.1510002,0.097872406,0.42754453,0.2233849,0.16718921,0.1440267,0.117585294,0.1573801,0.15450701,0.14840688,0.30886137,0.1909381,0.030434977,0.1727738,0.09427837,0.37428942,0.18460307,0.49648562,0.13163061,0.017566286,0.44129258,0.15065567,0.1722292,0.16178602,0.39802998,0.545934,0.23216751,0.45955947,0.40243524,0.059267316,0.15694475,0.21807903,0.71414936,0.13094541,0.07191238,0.06978143,0.6804406,0.5701632,0.17828189,0.08383451,0.10567078,0.272053,0.13028379,0.18173617,0.09490508
dripping,0.47940326,0.28892058,0.24974933,0.11163095,0.13916595,0.20507428,0.20017244,0.109478265,0.08116309,0.10032852,0.22163573,0.23690869,0.13584504,0.07370041,0.10911826,0.38184214,0.514024,0.15833412,0.3614723,0.3913008,0.110823385,0.211467,0.20129238,0.3192625,0.33159187,0.20141053,0.2990737,0.3316383,0.2304759,0.33451495,0.3207573,0.23911497,0.21734142,0.2309089,0.18499926,0.2107977,0.34159896,0.23604381,0.30622768,0.31623918,0.2685267,0.42654458,0.3378032,0.41344053,0.41644177,0.13393219,0.29500833,0.16378649,0.15360464,0.2810775,0.2620284,0.263273,0.00940956,0.20799512,0.43373173,0.31578618,0.2102212,0.20770192,0.22402386,0.35606772,0.295088,0.35834306,0.15256181,0.20099537,0.2950632,0.059031427,0.14340529,0.097973526,0.27986288,0.2328786,0.3516931,0.2682103,0.15511477,0.1261693,0.08701198,0.35630596,0.23642308,0.26338804,0.33588487,0.15212208,0.2046125,0.3640237,0.2630929,0.25553694,0.052666787,0.45677584,0.4433078,0.3167771,0.2999779,0.18026444,0.3205031,0.24113323,0.12586723,0.28030005,0.23061366,0.1800835,0.11216333,0.30577832,0.40487236,0.3425628,0.24470824,0.33917573,0.06555548,0.22004345,0.28462523,0.022453966,0.29520175,0.14133683,0.15485746,0.08400735,0.26505786,0.3684994,0.097182825,0.1426045,-0.0030888775,0.4551446,0.05390629,0.040389497,0.22553752,0.41504282,0.4216408,0.2758466,0.19374713,0.17710666,0.07504587,0.03924907,0.077071846,0.24544469,0.41624588,0.021496229,0.14499624,0.12592407,0.12605307,0.10876869,0.2784394,0.19420558,0.048965655,0.218749,0.0042061973,0.3786971,0.3024487,0.1488156,0.066655755,0.1845517,0.34371322,0.39062923,0.09329082,0.095497645,0.33727974,1.0,0.29813382,0.09027405,0.35085815,0.1794362,0.15344271,0.19177425,0.2055452,0.3364607,0.3864615,0.18441716,0.050289355,0.3224519,0.1602335,0.049032617,0.05007109,0.06355429,0.118263125,0.21013264,0.15577973,0.17066534,0.08351888,0.19363722,0.12757784,0.26481223,0.0039835293,0.20116918,0.50082403,0.33425626,0.11328776,0.29395834,0.20748284,0.35866836,0.24151778,0.022340503,0.49655414,0.27674755,0.0882474,0.25481623,0.28045368,0.31430835,0.076900415,0.2422742,0.034566313,0.26383603,0.25422767,0.16802928,0.26023299,0.35057518,0.06568706,0.1571526,0.10569325,0.08694073,0.2739488,0.08117476,0.16057393,0.22960827,0.14529108,0.21218587,0.34241036,0.26931405,0.21692511,0.20851848,0.3669514,0.27167654,0.18127641,0.21756265,0.35060662,0.18240646,0.06099076,0.25782508,0.19300771,0.31429055,0.21199608,0.29890507,0.17003775,0.12038358,0.2578546,0.14867955,0.33800393,0.14792283,0.2818573,0.083443835,0.16312724,0.18429947,0.17874202,0.2974597,0.23922858,0.27926302,0.070017934,0.23788449,0.096172586,0.16462249,0.20452943,0.43559188,0.16729291,0.097306035,0.10645263,0.15791756,0.18525301,0.18316743,0.31457615,0.15229432,0.13669339,0.30105495,0.29061654,-0.034823727,0.23342855,0.32455367,0.28733808,0.33822262,0.013702534,0.02641276,0.21395361,0.35003883,0.23427862,0.23709056,0.23598674,0.25514174,0.1587149,0.08767886,0.17776011
transfer,0.1656449,0.25543895,0.2618456,0.1775857,0.07391816,0.23169339,0.12840728,0.39486057,0.088911444,0.16214329,0.5305633,0.2651744,0.35395485,0.19725406,0.33249104,0.3312286,0.31284577,0.20790887,0.24880439,0.19203138,0.17037633,0.0691288,0.14491269,0.16265547,0.3995974,0.0680149,0.19955954,0.19325086,0.414716,0.09278095,0.23192856,0.1431461,0.094857976,0.2913729,0.047104992,0.18679005,0.1644589,0.25222337,0.11568291,0.2901915,0.42367017,0.21017344,0.27163094,0.12302354,0.25013387,0.14117776,0.39363876,0.19923322,0.09866558,0.24816453,0.3632769,0.3098119,0.15249938,0.38839337,0.1699925,0.24232838,0.24847399,0.14997515,0.28552476,0.59264934,0.17905514,0.45299914,0.17599246,0.09706321,0.27231127,0.1837739,0.23938146,0.13244659,0.10036068,0.028582148,0.20598349,0.39123946,0.21866539,0.26911816,0.11069609,0.33382282,0.48895627,0.07085687,0.539565,0.15218313,0.10448411,0.18483268,0.21463463,0.27282393,0.24891002,0.19167593,0.19005749,0.6808758,0.25525337,0.11313054,0.3861634,0.16252473,0.09844909,0.31058678,0.62467515,0.16848688,0.110512555,0.21164225,0.22067367,0.2272725,0.16707358,0.35262635,0.16447932,0.25975397,0.12107937,0.14355451,0.108763024,0.3323949,0.2680394,0.28070232,0.2292974,0.30268645,0.2604754,0.3065326,0.33529377,0.35057193,0.13646169,0.03937287,0.29010117,0.1989776,0.3584675,0.5158495,0.09823507,0.08742042,0.31217653,0.093925714,0.09544585,0.14967157,0.2585199,0.25456664,0.16403937,0.045131065,0.46616253,0.07258268,0.24744517,0.109891996,0.18939012,0.18479161,0.09006378,0.15366402,0.34658134,0.27315325,0.045407634,0.29312912,0.1281907,0.23165634,0.07598007,0.31555265,0.31649718,0.29813382,1.0000002,0.15069005,0.19894767,0.5020666,0.24536248,0.24171612,0.27159655,0.071370944,0.1197847,0.3495459,0.13968717,0.43556607,0.30567634,0.22479004,0.32237834,0.23233956,0.24760607,0.34542027,0.2110029,0.44483912,0.042429455,0.38482398,0.13918209,0.22657552,0.13189198,0.29693156,0.47422576,0.25732872,0.09993198,0.518782,0.20838645,0.4901031,0.2545345,0.20324391,0.3204166,0.49083802,-0.0084457435,0.27121225,0.12657008,0.19893748,0.20184404,0.08028667,0.17357998,0.5311276,0.32633248,0.6615116,0.2147039,0.119635746,0.24606493,0.08641824,0.089749515,0.2689883,0.33657345,0.19742045,0.25460795,0.43540278,0.17946747,0.20475239,0.30933282,0.4977544,0.20702714,0.39208186,0.13558158,0.51048493,0.35006922,0.56072545,0.3582241,0.24683055,0.047302872,0.8465802,0.3722755,0.2379331,0.36818868,0.5730945,0.2009409,0.17296386,0.27102402,0.47802287,0.14346409,0.24973166,0.268493,0.20851427,0.66614926,0.40898764,0.42284268,0.16515493,0.3661941,0.062227026,0.16563323,0.46247867,0.21139339,0.049413525,0.4792112,0.17051724,0.2805872,0.18150748,0.13007435,0.4834842,0.37008488,0.22139034,0.4573691,0.07928621,0.29743454,0.3608908,0.035093855,0.33063388,0.4500628,0.16051036,0.20035242,0.6235768,0.15042123,0.084409684,0.19779244,0.55287826,0.58335006,0.44558382,0.497647,0.5928882,0.30941236,0.25394025,0.50291574
soften,0.13540545,0.2634436,0.12545006,0.42656398,0.031920027,0.38554657,0.09432997,0.11103997,0.0038467273,0.12275028,0.0710289,0.31527758,0.11269608,-0.030078994,0.32301176,0.21781692,0.087625,0.36456585,0.052853387,0.20744736,0.103751846,0.16372547,0.02760866,0.09687662,0.37602264,0.17638132,0.2728967,0.1849623,0.41441047,0.04419059,0.20361531,0.39628565,0.07369346,0.17527497,-0.023186028,-0.026338592,0.23274538,0.2729345,-0.002580504,0.16812782,0.19214737,0.18192023,0.12858784,0.04765927,0.17216453,0.120213225,0.18368214,0.30796376,-0.03376075,0.13578983,0.053517204,0.17517537,0.21676841,0.12974414,0.048855316,0.077780545,0.17911765,0.2507019,0.22005287,0.11500158,0.009251026,0.2857347,0.44266364,0.19614077,0.020523328,0.48080286,0.18910617,0.65456325,0.14965875,0.12785575,0.08860496,0.35892442,0.24350998,0.2192015,0.5287957,-0.028785257,0.13375649,0.24718711,0.2098302,0.39644128,0.28464162,0.38994795,0.16168235,0.26321068,0.43499005,0.23822024,0.3572306,0.24808605,0.13012972,0.11756791,0.14678128,0.21641439,0.44330975,0.2640137,0.19413574,0.6030066,0.15021951,-0.004844552,0.18942139,0.1113538,0.18562594,0.21819651,0.21338755,0.2274885,0.12605844,0.2609505,0.25500783,0.18039933,0.28260985,0.19655219,0.33166578,0.09682105,0.15455018,0.11556175,0.18195003,0.3616085,0.17398417,0.054245807,0.12188681,0.17904614,0.092589155,0.41706648,0.05547023,0.13194141,0.031074148,0.2581338,0.36887366,0.0832521,0.009078475,0.16199982,0.045619383,0.16439965,0.057872295,0.0775623,0.13351044,0.037391476,0.2060489,0.1558377,0.27896294,0.1507672,0.17328551,0.09442252,0.2216295,0.037446123,0.061635904,0.2041691,0.111412,0.31636488,0.14306591,0.09027405,0.15069005,1.0,0.20300981,0.091315866,0.118034266,0.060768425,0.29525942,0.19229856,0.07893678,0.41078636,0.29346305,0.15630808,0.25716522,0.2574453,0.2187153,0.086661935,0.28137648,0.04841481,0.49051714,0.044028822,0.09017593,0.023584595,0.64545786,0.30982143,0.13045324,0.6677468,0.2049157,0.1567646,0.07657287,0.156285,0.085590266,0.22409478,0.03344609,0.18242586,0.18943202,0.20369983,0.135007,0.24242444,0.30965304,0.12505352,0.3675972,0.03116793,0.10955992,0.122905016,0.38012025,0.15213224,0.09177025,0.08366961,0.32708094,0.082908005,0.56613255,0.44223952,0.12287158,0.37232244,0.064343154,-0.0063536814,0.47658777,0.31916565,0.5038177,0.14147545,0.02654348,0.23174247,0.045682576,0.14080866,0.5778463,0.09426623,-0.0016520936,0.14243986,0.13733375,0.1854511,0.22346212,0.19842984,0.028676195,0.15647063,0.49827144,0.08797566,0.22238207,0.1856615,0.13234818,0.12477654,0.15655293,0.29609647,0.19620824,0.16315785,0.20892186,0.26816022,0.30808035,0.2265373,-0.017380424,0.1443755,0.04477474,0.07905047,0.13412133,0.16853862,0.08700389,0.30482435,0.16989473,0.1874314,0.19354773,0.100501746,0.10943384,0.02436107,0.0498198,0.08057159,0.10889118,0.09625646,0.14302123,0.28210866,0.29164463,0.101861194,-0.013234142,0.1267919,0.2072839,0.1472036,0.2824521,0.1556383,0.14110923,0.11748866,-0.0045072064,0.49358872,0.03701771
drizzle,0.20879179,0.146192,0.50782365,0.22918698,0.2629224,0.14861137,0.14957646,0.14463368,0.100924,0.24559763,0.10716079,0.22433215,0.28762352,0.17772466,0.13678524,0.36054382,0.30866283,0.15311317,0.20676577,0.27231902,0.2396375,0.26282838,0.117036715,0.19421485,0.083486415,0.28565288,0.37051743,0.24655272,0.38578868,0.16367045,0.3568861,0.3948332,0.1969615,0.33132863,0.21851492,0.15538077,0.22640923,0.27600622,0.063242316,0.36341733,0.3610165,0.59758997,0.17766999,0.28473353,0.45237756,0.12661538,0.12879887,0.13564934,0.054404166,0.45679355,0.06723408,0.185729,0.24455339,0.3112027,0.2721835,0.26148313,0.2875362,0.35230783,0.34580922,0.3653171,0.13368745,0.1389081,0.26377153,0.32914522,0.49763656,0.23428813,0.3544733,0.2797416,0.21125689,0.09526694,0.23715958,0.20089146,0.29129905,0.22110541,0.22600989,0.15395474,0.19221753,0.5223414,0.21686643,0.19502567,0.10445805,0.3672073,0.4071548,0.3462067,0.1815029,0.44589883,0.34117812,0.3270774,0.51259744,0.54667795,0.14625072,0.39718527,0.18253404,0.32139856,0.37439054,0.111325294,0.09683378,0.20317161,0.41864622,0.40528154,0.2675448,0.30514568,0.19343913,0.2690354,0.34119505,0.15045851,0.29255635,0.27967605,0.262928,0.20726666,0.24715663,0.19102976,0.20771007,0.3308638,0.2514915,0.71036804,0.31384298,0.14445828,0.04654283,0.37654892,0.20083863,0.27383488,0.13025849,0.2608282,0.056198023,0.27942374,0.09221469,0.29409713,0.20110095,0.22285423,0.059216302,0.20857124,0.29179457,0.19421875,0.26283905,0.21226098,0.08739773,0.3934998,0.2880854,0.41977355,0.42790294,0.31347787,0.21441975,0.397496,0.06894104,0.53230095,0.44362596,0.13522343,0.1643,0.35085815,0.19894767,0.20300981,1.0,0.24661219,0.14798811,0.32671285,0.3125562,0.32545,0.21928962,0.11461832,0.15542471,0.36851832,0.20543692,0.12708196,0.13776496,-0.0054217204,0.23221086,0.34065235,0.111152895,0.23297732,0.109804764,0.30263332,0.25266203,0.32094514,0.25258112,0.21021482,0.4073605,0.77241886,0.43409002,0.28416726,0.19774485,0.39588976,0.10208292,0.1577189,0.33816218,0.13403222,0.36198008,0.3182686,0.39931124,0.31842995,0.2930132,0.24896936,0.10654454,0.21750662,0.20635515,0.17830226,0.20939264,0.10069508,0.06418897,0.21382046,0.18074837,0.3047753,0.43735856,0.16932276,0.20184699,0.23307481,0.17469889,0.19210337,0.32559904,0.103609785,0.1417319,0.22110529,0.31216186,0.23253861,0.23842537,0.2754967,0.184446,0.43564737,0.19389026,0.18758237,0.35232255,0.39046055,0.36468422,0.47317755,0.16251822,0.26479304,0.3766574,0.3206141,0.24169764,0.3734206,0.41081536,0.2768293,0.27158615,0.25799614,0.25553846,0.35263658,0.31785387,0.45835057,0.0020977743,0.1601125,0.06805591,0.23530135,0.18087944,0.380582,0.41408604,0.18092453,0.18280783,0.43193537,0.2202779,0.15428185,0.18937287,0.0786255,0.07296284,0.2525701,0.20815904,-0.017385444,0.19793752,0.38274127,0.3036241,0.4385367,0.032287024,0.25641692,0.20957184,0.24836543,0.29915553,0.38542807,0.17082125,0.35545528,0.35377043,0.08276623,0.34220016
arrange,0.19194266,0.12686232,0.17291105,0.11753195,0.10114597,0.12103664,0.004047566,0.30923128,0.094319105,0.18706438,0.43243587,0.13002631,0.4065693,0.1665326,0.2924183,0.14376199,0.20451361,0.11650349,0.19326921,0.10593806,0.2633947,0.10618688,0.14038257,0.12558937,0.2360239,0.10082145,0.096683845,0.1988441,0.30482152,0.071455136,0.10772933,0.056551307,0.15956965,0.5473471,0.10866691,0.2545413,0.10410677,0.30782264,0.18767639,0.16796649,0.3319975,0.16688627,0.1854159,0.07311314,0.22380742,0.13525312,0.24647495,0.09718414,0.1733283,0.20317101,0.35895276,0.2416265,0.14516181,0.436889,0.21622011,0.26488823,0.22380018,0.19235703,0.61897576,0.5227418,0.18521738,0.2614577,0.17899382,0.10669682,0.25657773,0.14384484,0.18310848,0.13452765,0.121818304,0.048743322,0.17612013,0.31253347,0.1931718,0.29490092,0.14835344,0.24994767,0.3749122,0.13232991,0.46793205,0.15088427,0.12659256,0.088721186,0.1213339,0.19953927,0.1483751,0.06568837,0.15460435,0.5198771,0.22938746,0.14705673,0.35545042,0.107540734,0.08416747,0.12286424,0.5066124,0.059583876,0.017059572,0.1650586,0.18934602,0.11997802,0.18275006,0.24757819,0.14443372,0.15470076,0.16705036,0.1775825,0.08179347,0.7229953,0.16316912,0.20010263,0.15098545,0.34913975,0.21429825,0.27964777,0.32251668,0.27190635,0.37663656,-0.0106910765,0.18642572,0.19528642,0.33061022,0.34114873,0.12873286,0.0051469468,0.2182355,0.33062994,0.10395573,0.14615694,0.3157299,0.24972117,0.12930332,0.047876894,0.5668934,0.061165277,0.10858364,0.13808534,0.14765492,0.20485337,0.18946286,0.15161835,0.22858757,0.27042693,0.09132216,0.3726428,0.1447285,0.16766633,0.14281644,0.41566557,0.25213557,0.1794362,0.5020666,0.091315866,0.24661219,0.9999999,0.16544522,0.19515204,0.20526278,0.14835627,0.13907956,0.28859448,0.24034905,0.25571978,0.24582255,0.20585226,0.22817597,0.20331173,0.10692119,0.25486872,0.09003921,0.547431,0.01939225,0.478668,0.084756166,0.14332493,0.17404431,0.17763215,0.26529267,0.25829333,0.1829029,0.39524308,0.2592262,0.41697264,0.2931369,0.18381159,0.24544078,0.46613675,0.06764825,0.28895712,0.08563738,0.14111072,0.25536022,0.06826785,0.13888425,0.5662001,0.29683977,0.40615392,0.29512802,0.15105818,0.24044532,0.045313615,0.006177865,0.20516233,0.26390037,0.07744778,0.17198953,0.5210613,0.14509325,0.17228442,0.15671515,0.3957988,0.25249028,0.4351199,0.10644555,0.4077258,0.16476977,0.4417979,0.35325828,0.34816426,0.10248822,0.42376393,0.32719082,0.24263334,0.29854968,0.35831428,0.14335006,0.20216705,0.3313324,0.45366526,0.124479145,0.26529646,0.23394954,0.16555151,0.36484352,0.32855034,0.28262126,0.16994986,0.3415017,0.1162453,0.20853065,0.32393426,0.24177341,0.13912962,0.41132003,0.15296584,0.23154758,0.2512577,0.18499443,0.43194234,0.30900562,0.28107357,0.48232377,0.19298448,0.2787179,0.2617052,0.0781623,0.27378607,0.2038031,0.14166641,0.1882257,0.40038535,0.3034582,0.348332,0.1843945,0.48043275,0.59875405,0.29143286,0.27806747,0.5777504,0.262505,0.20863219,0.43367392
measure,0.038080446,0.04285777,0.11008155,0.066078834,0.10274482,0.059147578,0.061333988,0.47237104,0.122590795,0.30150467,0.17520277,0.13960929,0.23759887,0.117973745,0.21813938,0.21372455,0.17688668,0.11762914,0.11840062,0.06952677,0.053579457,0.0648306,0.05762337,0.083375044,0.09821424,0.0071388017,0.18322745,0.08086016,0.29738575,0.10115665,0.16733627,0.20697016,0.12998362,0.15306187,0.022773148,0.02193682,0.06700032,0.6266425,0.007306019,0.13408545,0.3189919,0.20667487,0.13030943,0.06755129,0.20237248,0.09764611,0.13736328,0.11173131,0.0050448636,0.2919676,0.11594901,0.17376173,0.09708098,0.28017142,-0.08008784,0.11202818,0.23746338,0.14663751,0.1844041,0.26268476,0.001233425,0.1990936,0.1687026,0.052225187,0.20665166,0.22029665,0.09507576,0.1683271,-0.02655014,-0.07023126,0.12064511,0.20670903,0.14164302,0.19185099,-0.053351052,0.06669396,0.24432015,0.075014666,0.13185897,0.17203026,0.29148343,0.08102957,0.1872893,0.3449922,0.15978861,0.12251833,0.10139813,0.31015024,0.13559523,0.13875557,0.09059067,0.12103222,0.051245674,0.39980906,0.25747567,-0.00017149001,0.20021114,0.11600168,0.23343647,0.14780119,0.09309272,0.21071446,0.2676888,0.21418461,-0.06515886,0.18737856,0.11563644,0.082267016,0.33684278,0.16716227,0.1773323,0.24664862,0.39201885,0.20991963,0.033652056,0.20683104,0.044944458,-0.01601084,0.037404615,0.084860064,0.08945403,0.3870923,0.07076967,0.10599092,0.030504793,0.056635022,0.065115765,0.09806259,-0.0068796715,0.03470613,-0.076067306,0.08825979,0.22298233,0.16180754,0.27526337,-0.02071603,0.06983882,0.16325712,0.118841976,0.055985533,0.2871035,0.17686483,0.115915775,0.20245592,0.015622431,0.21712658,0.11000994,0.06692889,0.09852385,0.15344271,0.24536248,0.118034266,0.14798811,0.16544522,1.0,0.22255567,0.1066211,-0.07958647,0.0181408,0.15028115,-0.015139861,0.24192443,0.2077912,0.35310054,0.09926174,-0.06424429,0.42827705,0.3157066,0.06763334,0.34594205,0.07202561,0.30223364,0.1338981,0.13294348,0.34927016,0.16034214,0.25423142,0.19169417,0.079851545,0.4368806,0.15562922,0.31091252,0.30407667,0.2903952,0.17825824,0.18190452,0.10215506,0.16341336,0.12660682,0.045437194,0.069730476,0.09836303,0.3014971,0.21953975,0.16139229,0.2288337,0.0767757,0.021836061,0.033465758,0.4893539,0.015476378,0.26087013,0.29393598,0.13610616,0.16386274,0.19763827,-0.008016858,0.07238726,0.10435738,0.11589703,0.2546119,0.1976048,-0.014095543,0.35526788,0.28372464,0.41074353,0.14561361,0.36896923,0.109302774,0.25669917,0.45287636,0.265962,0.32985902,0.28450164,0.091786705,0.13675946,0.028144734,0.21790561,0.06796314,0.15001687,0.17813008,0.32975918,0.17047256,0.558949,0.43445578,0.09720807,0.4245482,0.07911403,-0.039256178,0.3139772,-0.010517485,0.123400785,0.22299871,0.067814454,0.316388,0.23242202,0.08643593,0.29636708,0.48102176,0.3287459,0.087384045,0.0748984,-0.0036011748,0.12931952,0.008340392,-0.01994425,0.27751756,0.0975751,0.14045224,0.3151423,0.123722166,-0.010583181,0.020642305,0.27006805,0.21705261,0.272495,0.27564597,0.27192038,0.27432922,0.027408164,0.3547637
fold,0.21284807,0.42097014,0.32274568,0.14325021,0.28763226,0.27792203,0.03751888,0.19385907,0.12265053,0.5162945,0.17587985,0.15441802,0.18465893,0.47431147,0.20434013,0.24552074,0.2371584,0.14858899,0.17177838,0.20174927,0.09052629,0.2488555,0.0948685,0.12193266,0.10196359,0.07493205,0.3157048,0.20750394,0.33166698,0.16668403,0.30850008,0.28393865,0.0048176944,0.04090824,0.13148995,0.1475279,0.26188973,0.19648433,0.05282718,0.22643095,0.47771385,0.2725576,0.23178948,0.2195602,0.26459026,0.20179302,0.12758583,0.17190237,0.09505732,0.35638714,0.080042906,0.20754021,0.08773349,0.33168587,0.26513886,0.20062238,0.18647867,0.11564699,0.12557743,0.29509613,0.13086668,0.14056586,0.13534026,0.1566034,0.29796827,0.060518805,0.32514566,0.13716239,0.18017387,0.091141984,0.18935812,0.14835109,0.0996938,0.20060593,0.023214506,0.25375086,0.30029416,0.3615979,0.1988487,0.1345819,0.097868286,0.17557098,0.3458408,0.43325624,0.16724691,0.27266112,0.20700969,0.31305248,0.36765993,0.4534188,0.18933907,0.37522596,0.26412103,0.29924625,0.5182614,0.07670214,0.11951067,0.25179142,0.3757565,0.6701279,0.21342751,0.16797312,0.22056691,0.33660403,0.31272948,0.048796277,0.23479483,0.10296822,0.17622958,0.13415986,0.57320666,0.10808769,0.21751091,0.608214,0.29089698,0.33791834,0.09048725,0.03177142,0.05866162,0.28872007,0.1631411,0.25862378,0.1350493,0.2302756,0.13943148,0.22563517,0.037068103,0.247741,0.27832228,0.41445726,0.24421409,0.16441344,0.37638962,0.22311951,0.45332602,0.12497776,0.08244564,0.40345266,0.23144004,0.2722899,0.24692675,0.30359846,0.006741973,0.22939655,0.043865047,0.42137694,0.27588093,0.2187274,0.14900872,0.19177425,0.24171612,0.060768425,0.32671285,0.19515204,0.22255567,0.99999976,0.63786674,0.23809192,0.1113441,0.054848853,0.00045360136,0.6117247,0.27971256,0.20653176,0.15871215,0.09090495,0.18928328,0.53972507,0.08540021,0.3706681,0.23569128,0.33222133,0.0850825,0.46704063,0.26749355,0.13549452,0.29781058,0.41967693,0.14304772,0.3150692,0.19974564,0.34662074,0.11037079,0.1164081,0.17745449,0.11467976,0.21944517,0.13992104,0.2914387,0.27073103,0.20441948,0.2036646,0.09744214,0.24899453,0.18630978,0.26110208,0.111690484,0.10685189,0.13704228,0.226616,0.10658422,0.33518556,0.6444367,0.15561539,0.12163581,0.182383,0.08870983,0.5229275,0.24790153,0.13211149,0.13231409,0.20631394,0.22383754,0.27893275,0.16368428,0.31931007,0.12536977,0.42403984,0.20884123,0.2043745,0.26325038,0.5998926,0.7547256,0.43884593,-0.009287152,0.19275877,0.3309176,0.5352671,0.13300413,0.22985303,0.17672175,0.2029758,0.25826702,0.26431018,0.27399513,0.2584266,0.21520749,0.30076838,0.10705712,0.18969409,0.076658346,0.11873629,0.24423668,0.32359576,0.71457696,0.17592004,0.26671305,0.65857476,0.21219072,0.15259868,0.22302926,0.13958767,0.11664468,0.26813385,0.15676413,0.08990968,0.18625072,0.29017764,0.23166336,0.41103694,-0.0888506,0.14970154,0.112795524,0.24014279,0.23906007,0.6668879,0.19301805,0.20902273,0.77284575,0.13051456,0.5471572
beat,0.346107,0.6001439,0.35335684,0.37945247,0.31600899,0.56813157,0.002616253,0.095733166,0.06764963,0.41227794,0.17058392,0.4686995,0.13765441,0.45416263,0.42218268,0.22854552,0.13185537,0.46592408,0.19773155,0.16661336,0.1523295,0.3450991,0.20909837,0.11186805,0.34169,0.15407205,0.16268972,0.20117326,0.33069202,0.20582128,0.20920874,0.16829266,0.15987742,0.14457467,0.1741931,0.17508206,0.31364724,0.17391011,0.1507363,0.3346318,0.35383603,0.306433,0.19247392,0.2365632,0.18772575,0.15892175,0.09345055,0.47923392,0.13295394,0.29067555,0.002665001,0.24960393,0.08742046,0.24628651,0.35708386,0.23753372,0.13247621,0.20750374,0.18979669,0.30113873,0.2144256,0.26412618,0.30326957,0.21854621,0.1342948,0.21039817,0.29702073,0.4017861,0.25212935,0.13054644,0.12961665,0.3753739,0.03231097,0.20884107,0.36405328,0.23365104,0.27565572,0.23406872,0.38143975,0.11743595,0.120909065,0.21300551,0.19441749,0.3153224,0.42750126,0.19487396,0.23366389,0.34410176,0.2208834,0.31258613,0.39408433,0.19714895,0.4479772,0.26979423,0.5225772,0.34248286,0.14032166,0.1595729,0.2386916,0.45003045,0.1510022,0.20577052,0.21344438,0.3302189,0.3795511,0.06605775,0.15020254,0.2898437,0.11297674,0.36301962,0.7662285,0.07371999,0.10377068,0.36432558,0.4001583,0.348742,0.16898596,0.007650792,0.001759544,0.32010326,0.21956375,0.52837265,0.18924701,0.19383156,0.20436354,0.27696112,0.27289933,0.23948592,0.33753604,0.5397823,0.22445698,0.1305803,0.2810505,0.13664663,0.27076688,0.21871452,0.066748895,0.3735948,0.2965096,0.24634528,0.23852308,0.17162302,0.08947572,0.090262145,0.12281495,0.27950412,0.243009,0.31655324,0.16310501,0.2055452,0.27159655,0.29525942,0.3125562,0.20526278,0.1066211,0.63786674,1.0,0.28027442,0.24847311,0.39113536,0.2821045,0.51563406,0.40680507,0.13547416,0.14717746,0.09540951,0.21680379,0.31548136,0.37120903,0.2065033,0.15106232,0.3249998,0.34945637,0.3836252,0.14847845,0.40367883,0.21482626,0.39185375,0.12921824,0.22053558,0.087186925,0.40139538,0.1471215,0.11469207,0.23840651,0.12587526,0.1975085,0.25686872,0.1527133,0.1953297,0.29477882,0.13751256,-0.019047443,0.1644264,0.44561154,0.254016,0.16694494,0.19246075,0.33002296,0.102193296,0.4051953,0.3686054,0.46258995,0.43809742,0.22025761,0.08718254,0.39006734,0.8253272,0.5043393,0.14797574,0.19027242,0.21770678,0.303883,0.2097049,0.4269809,0.17141569,0.25130588,0.32927328,0.18315768,0.27148527,0.20501964,0.4405015,0.50161475,0.39042008,0.26246792,0.18041319,0.3904162,0.46826196,0.22042388,0.15093863,0.17224234,0.17460254,0.4213444,0.18628018,0.17342174,0.29019457,0.1874803,0.18255275,0.08038274,0.13174185,0.11724814,0.21966611,0.25210068,0.3316262,0.4170444,0.18852265,0.22568578,0.52402043,0.18412709,0.13502215,0.30129683,0.16745348,0.06689426,0.35430697,0.2055887,0.18918666,0.07465403,0.22439495,0.2341964,0.38361174,-0.047339547,0.16048431,0.25524288,0.29159367,0.30211234,0.56922877,0.15024245,0.17415681,0.56401545,0.31491745,0.4049698
simmer,0.5440903,0.2056666,0.21552604,0.15906698,0.1490642,0.17917454,0.06963807,0.03293682,0.14018409,0.10589543,0.14768767,0.39363998,0.13574651,0.35093552,0.055421986,0.23394494,0.23026387,0.12189767,0.33943522,0.30751225,0.17367095,0.40109318,0.43185532,0.29901674,0.19563273,0.14569417,0.402658,0.3899064,0.29334167,0.36856452,0.42837846,0.24206905,0.27026966,0.11082058,0.29467317,0.35274237,0.2889092,0.08061914,0.42586908,0.28864565,0.22719994,0.28979492,0.29149106,0.6114037,0.34518543,0.2207853,0.13409097,0.11327779,0.36606306,0.15169494,0.04564327,0.25733852,0.06415335,0.12773608,0.7317272,0.46894842,0.111631766,0.3507811,0.13528329,0.15489595,0.43992203,0.19244055,0.14668167,0.39740145,0.12862644,0.08102368,0.34455353,0.2675144,0.5185524,0.3093468,0.24478845,0.17029971,0.081109226,0.08307235,0.21321246,0.21897556,0.1576088,0.36876202,0.3350556,0.09282144,0.16438037,0.34842014,0.18311696,0.1433367,0.07397955,0.36601633,0.5120405,0.23447095,0.37809587,0.28160715,0.29941958,0.2946017,0.11459527,0.14793369,0.17210212,0.21169913,0.02184559,0.27872932,0.30240157,0.21308461,0.29147467,0.21289548,0.0757118,0.20565742,0.6891051,0.04118162,0.2773375,0.12947784,0.0933273,0.08784515,0.2177011,0.20243618,-0.0010156388,0.10514788,0.11967121,0.29684836,0.12855521,0.093807414,0.13354036,0.6601697,0.39998788,0.16747701,0.42212337,0.18853791,-0.024197396,0.114498004,0.04455553,0.3619534,0.43604377,0.16046982,0.15154633,0.18925285,0.11499331,0.12575053,0.13073146,0.21666235,0.011993058,0.20838097,0.09132423,0.64635694,0.18162453,0.11816941,0.21514598,0.046425276,0.40077424,0.32502255,0.21945253,0.12981352,0.47581136,0.3364607,0.071370944,0.19229856,0.32545,0.14835627,-0.07958647,0.23809192,0.28027442,1.0000002,0.50668705,0.1404232,0.07870953,0.22617601,0.084722236,-0.047444455,0.12850858,0.066352405,0.09475207,0.09747877,0.1138691,0.14208283,0.11240032,0.2756185,0.23652989,0.24985036,0.09087028,0.18754987,0.24296334,0.2835899,0.11010189,0.06707516,0.23805204,0.23690616,0.20906952,0.017002953,0.20196898,0.0909358,0.17989658,0.23049164,0.22552544,0.6711621,0.20510301,0.45732147,-0.0702113,0.17273317,0.12816301,0.021597706,0.2723552,0.51342314,0.06783741,0.029132644,0.20190868,0.16763563,0.24869946,0.12295859,0.13531102,0.10378266,0.22840151,0.22386613,0.3572401,0.14363211,0.29065645,0.13145208,0.7403332,0.025157958,0.086854324,0.041074548,0.3261875,0.18505594,0.13876492,0.036970753,0.094122544,0.14337708,0.10274131,0.1336016,0.09154255,0.14066266,0.3418456,0.12833822,0.41846263,0.15078016,0.17165613,0.09551047,0.15373734,-0.009852469,0.016413432,0.18696079,0.08233379,0.28001618,0.0044425726,-0.03518489,0.1899253,0.33467057,0.15407576,0.6750585,0.1854034,0.084206335,0.3644014,0.16727741,0.030328345,0.0760561,0.27617627,0.42894083,0.18435699,0.45618248,0.47472417,-0.006833289,0.006214358,0.37703246,0.573148,0.11775933,-0.04991874,0.16655128,0.59448564,0.22190861,0.18978913,0.16838129,-0.02956288,0.15208042,0.15020245,0.12301142,0.00629656
saute,0.4874499,0.1574406,0.12521803,0.10828771,0.12106436,0.14088854,0.017284807,0.07287631,0.057282887,0.1757482,0.12708172,0.30625337,0.08686807,0.33804828,0.07874114,0.10571666,0.1371829,0.21638453,0.34630418,0.19677705,0.18544117,0.08564703,0.45175737,0.2431123,0.19432268,0.28669232,0.23014376,0.4751302,0.08225021,0.34661162,0.2065579,0.12899365,0.46022183,0.11514273,0.41807005,0.39205825,0.11789656,0.14575282,0.60685503,0.36434412,0.115382254,0.36810064,0.19868588,0.50017506,0.24566233,0.1104202,0.06718234,0.2027573,0.40697792,0.31474644,0.07070993,0.31341586,0.08026058,0.18908408,0.35670114,0.3785898,0.059497107,0.28233445,0.19305345,0.16770756,0.662058,0.1388699,0.122585386,0.19720614,0.14766791,0.057515696,0.2144649,0.19821468,0.45494533,0.3115282,0.2520467,0.20343053,-0.006934449,0.15902226,0.15039535,0.2045373,0.042047143,0.11646542,0.3301502,0.11384808,0.1900604,0.18668139,-0.018718362,0.002692286,0.1580993,0.24199638,0.56191075,0.15475932,0.13389306,0.11113143,0.32272452,0.09989341,0.0059687756,0.08727564,0.10239217,0.1619941,0.047736365,0.27213404,0.14649849,0.07751561,0.24040082,0.046948537,0.10865764,0.22294575,0.20207244,0.09274544,0.088932075,0.1597611,0.07891744,0.09206954,0.19609481,0.32808304,0.08073594,0.026430212,0.04607481,0.2539387,0.12177405,0.13083707,0.07597766,0.65755105,0.38933015,0.20109533,0.4642452,0.09117593,0.047875628,0.039601274,0.035176076,0.27860734,0.37204176,0.080396995,0.04392333,0.068277486,0.15728527,0.022176791,0.006454289,0.1746665,-0.00077911094,0.13164723,0.12934133,0.5373611,0.21267295,0.06510145,0.12696494,0.12739268,0.4720157,0.116676316,0.084400274,0.1190454,0.47470832,0.3864615,0.1197847,0.07893678,0.21928962,0.13907956,0.0181408,0.1113441,0.24847311,0.50668705,1.0000001,0.17708603,0.07518004,0.15041107,0.1580759,0.06391543,0.113742165,-0.05149797,0.12651743,0.036125932,0.155229,0.14432296,-0.0032517847,0.2979536,0.21871328,0.19119726,0.11072004,0.13678926,0.17852008,0.20885038,0.11235288,0.21510294,0.14508966,0.21287033,0.20466234,0.16624409,0.3868277,0.089195296,0.22026336,0.20743749,0.047815897,0.42373157,0.13874319,0.36201873,0.062490277,0.13370308,0.20205465,0.015394686,0.24406472,0.6513749,0.105555445,0.06556121,0.05284897,0.13937336,0.21764421,0.18340757,0.1322974,0.13944684,0.15852608,0.24653614,0.25938484,0.15332496,0.24252515,0.06392897,0.52381533,0.08423227,0.052942023,0.065894574,0.3202073,0.170169,0.1350026,0.09875789,0.20124449,0.16398709,0.07903914,0.1904092,0.06721525,0.1132748,0.24582428,0.1644772,0.7510128,0.07725522,0.12695767,0.15231477,0.10518577,0.14467025,0.12428223,0.29951605,0.25161564,0.108503856,-0.04950594,0.020294214,0.048054628,0.67051303,0.10203021,0.5547814,0.15243146,0.035081573,0.15032516,0.0745846,0.14418566,0.033957157,0.25700977,0.42025977,0.12938523,0.7030486,0.68344665,0.009589283,-0.0060780044,0.12490014,0.4094952,0.068192124,0.010969807,0.09473942,0.5483588,0.28059417,0.1469003,0.1181542,0.0625002,0.14972946,0.13047439,0.06658002,0.033667803
mould,0.25618783,0.38077074,0.09584036,0.47526956,0.007919304,0.41517127,0.07303453,0.1596823,0.08758032,0.038995042,0.28635216,0.5330907,0.21901996,0.13935712,0.4398983,0.11720401,0.14942291,0.42172974,0.22235927,0.090019956,0.20343237,0.21466805,0.17421214,0.17315926,0.48870867,0.09147212,0.06243854,0.16396503,0.16524352,0.12610537,0.10129478,0.11820376,0.2824003,0.3942293,0.12112836,0.20762853,0.30184853,0.37934366,0.20253916,0.122821614,0.11882934,0.09341412,0.101919144,0.10674371,0.14101277,0.052489795,0.21326998,0.40776548,0.18479432,0.17847614,0.19145527,0.38130274,0.26026732,0.30037558,0.21313736,0.1798719,0.12602563,0.28172782,0.25229302,0.2882305,0.17519964,0.56878996,0.4321635,0.15755144,0.084061295,0.37373686,0.10043299,0.5526118,0.20846096,0.19488251,0.17209849,0.613868,0.11842895,0.28493792,0.38546216,0.15216619,0.12898774,0.026447011,0.3167724,0.20017457,0.1338361,0.17492124,0.010637321,0.13041098,0.39091718,0.052999727,0.21198612,0.2682426,0.09573953,0.037781984,0.34481162,0.021320209,0.29232994,0.19873327,0.19797897,0.34721473,0.037971634,0.20091206,0.14020413,0.01328457,0.1632925,0.114184916,0.083075434,0.103364244,0.18874544,0.20190653,0.03638336,0.49186873,0.17695202,0.24858989,0.41992828,0.27797154,0.28065342,0.1612229,0.22025934,0.1772346,0.22354555,0.007912458,0.15098256,0.17781925,0.22217163,0.6135312,0.19819432,0.024163663,0.08189245,0.16479853,0.57265234,0.12699553,0.15904406,0.13152492,-0.029130094,0.035400502,0.32630202,0.04888618,0.12932211,0.018269554,0.068027936,0.046111453,0.0231537,0.13526212,0.23379838,0.064589605,0.21153258,0.102751076,0.16975293,0.043847427,0.0039999373,0.4236444,0.26043758,0.18441716,0.3495459,0.41078636,0.11461832,0.28859448,0.15028115,0.054848853,0.39113536,0.1404232,0.17708603,0.9999999,0.63997185,0.12733644,0.18793127,0.11335792,0.06207674,0.004899242,0.15789759,0.22193149,0.4313429,0.24808298,0.0067142732,0.3262682,0.46424168,0.095209435,0.036224194,0.39954302,0.28758198,0.07072905,0.038928352,0.3559635,0.07157685,0.23863783,0.1480144,0.237344,0.38676167,0.25281966,0.02584247,0.078774184,0.08809575,0.094898246,0.1907168,0.11960788,0.21493264,0.35569352,0.64430606,0.20159388,0.2463887,0.16852257,0.4361197,0.11530122,0.39860737,0.10238872,0.097028956,0.52475107,0.23945443,0.23797765,0.53773934,0.39171916,0.4837206,0.21317524,0.17730547,0.27322736,0.13717774,0.24711995,0.47262543,0.22849497,0.2711797,0.15019605,0.116290286,0.296754,0.27811188,0.17355841,0.09452312,0.17821893,0.46252602,0.22292176,0.112800986,0.16100286,0.19288874,0.07836023,0.14857769,0.21148132,0.22524631,0.29475966,0.2924145,0.23386401,0.4643486,0.028363256,-0.031608663,0.16700305,0.11426874,0.25348818,0.13050985,0.12630402,0.065476686,0.030961875,0.0034468397,0.111732006,0.3648097,0.09394804,0.25024566,0.15295716,0.088317506,0.15095234,0.1630055,0.10844794,0.01790196,0.12515986,0.09302708,0.20272613,0.017844867,0.2117014,0.2202411,0.3596754,0.32043734,0.162214,0.07102015,0.2928095,0.06758709,0.27777562,0.16122714
shape,0.045394175,0.30693313,0.13989279,0.35209322,-0.024899375,0.3095482,0.0022199778,0.07669205,0.013865842,-0.00077047944,0.0930041,0.3407851,0.16223994,0.028350042,0.37013853,0.008197828,0.020574298,0.28137398,0.033179324,-0.037480738,0.11104706,0.15580584,0.017682489,-0.0072517246,0.20663261,0.091246925,0.080064654,0.010476065,0.11014841,0.02827214,0.098391265,0.18116689,0.16352636,0.21392323,0.014466669,0.08579781,0.2205711,0.10345584,0.0366852,0.09276636,0.005708552,0.02818338,0.003284314,0.0075272974,0.01367175,-0.041866336,0.012677206,0.25137466,0.03065553,0.100215025,-0.05288242,0.14757673,0.29644585,0.13079768,0.14788532,-0.010201175,-0.00094282953,0.18181953,0.15408757,0.14626193,0.045626864,0.20369382,0.2537222,0.116055325,-0.014603352,0.36450022,0.054719403,0.48085338,0.08873074,0.09494653,-0.016531195,0.36968133,0.0575196,0.3466646,0.38484108,0.015423406,0.022918733,0.05813115,0.13483699,0.19918993,0.039715737,0.19379255,0.09958608,0.0771282,0.29316598,0.08603251,0.08162001,0.09557109,0.08194631,0.10569589,0.19531423,0.017001763,0.31038737,0.06369446,0.13557768,0.21972355,0.10764915,0.07671602,0.010001724,0.033238914,0.03272612,0.12327171,0.10691197,0.07375974,0.24772227,0.2852338,0.07261439,0.3802465,0.13617018,0.238311,0.2800661,0.13844389,0.22890154,0.06698452,0.22722393,0.114273936,0.21529186,0.06554899,-0.06370858,0.08200601,0.022296434,0.36499524,0.08673017,-0.0016131392,0.11429437,0.20676465,0.46906838,0.049777277,0.008408407,0.07467478,-0.02517147,0.11731692,0.26090446,0.09780739,0.11520684,0.015807886,0.16187891,0.13139303,0.091255784,0.076862976,0.09006761,-0.027598456,0.22566804,0.0187946,-0.023256198,5.0486065e-05,0.06484487,0.4095663,0.007348722,0.050289355,0.13968717,0.29346305,0.15542471,0.24034905,-0.015139861,0.00045360136,0.2821045,0.07870953,0.07518004,0.63997185,0.99999976,-0.012606858,0.079331994,0.18568775,0.088173896,0.016195215,0.097225904,0.16023958,0.38481435,0.19471803,-0.015627788,0.23693866,0.42591822,0.046273734,0.0247646,0.292034,0.14823522,0.09276417,0.0771257,0.1849829,-0.032628916,0.1317797,0.03311242,0.16283771,0.24737972,0.101525225,0.049392924,0.00068001775,0.07720327,0.0023214999,0.2916884,0.08815837,0.27320486,0.13380483,0.477557,0.068453506,0.074413896,-0.011979009,0.43910772,0.08876042,0.36055535,0.14006619,0.05825919,0.40980262,0.09384319,0.043802127,0.51643217,0.29039675,0.3912715,-0.001952722,0.03473217,0.11621697,0.0641305,0.11504428,0.41848093,0.1510935,0.08733914,0.07407547,0.10345678,0.15940793,0.17388448,0.07740891,0.03620032,0.10021453,0.34707823,0.19937396,0.105299875,0.12849924,0.10887776,-0.0075969133,0.07886285,0.11382635,0.17393075,0.1996824,0.24245049,0.16813469,0.27858862,0.058234476,-0.014881715,0.049508102,0.11250896,0.099205315,0.113645725,0.050666723,0.04745956,0.06968488,-0.033382066,0.090919256,0.2622645,-0.020816732,0.040627185,-0.010493925,-0.008564036,0.044083666,0.075593844,0.11615527,-0.023067592,0.14470902,-0.044183522,0.13911071,0.08823697,0.3286999,0.09425485,0.09170276,0.27924064,0.0126257595,0.046760753,0.108333744,0.011437102,0.21917449,0.16446441
stirring,0.28492504,0.26739514,0.40789807,0.20733881,0.41005382,0.20820445,0.030163417,0.27560994,0.1477247,0.5290146,0.20480008,0.15792161,0.34470028,0.40279603,0.25463837,0.2835546,0.21449949,0.22235066,0.16541454,0.24547286,0.1883867,0.12295735,0.08548102,0.17323631,0.24207006,0.37183186,0.1753335,0.24141195,0.46193686,0.1982122,0.15502125,0.16535446,0.10203229,0.17828813,0.2135672,0.1210661,0.2842926,0.16958013,0.12424532,0.34275353,0.49801317,0.40969616,0.27099448,0.2861703,0.31595573,0.29658496,0.1216601,0.23369774,0.07333848,0.396234,0.21124095,0.4133469,0.06571832,0.39541394,0.22461335,0.2770977,0.21081275,0.18276927,0.17785558,0.45043764,0.11606744,0.24480385,0.21896066,0.17979866,0.2729296,0.14503112,0.2362062,0.1642786,0.12809975,0.122445844,0.19994697,0.2363972,0.1034679,0.245569,0.21039343,0.2930925,0.455477,0.33678326,0.40498522,0.23781006,0.17695293,0.23661575,0.23161943,0.3906974,0.21022566,0.27946955,0.21199876,0.5056976,0.3343426,0.40371388,0.24528772,0.3580112,0.24168973,0.42601687,0.622584,0.16801786,0.20117003,0.20565608,0.30596143,0.5753429,0.11717349,0.13584484,0.18449113,0.3667343,0.19194683,0.120160915,0.17804553,0.16751346,0.28871647,0.20545195,0.41877246,0.14764816,0.19781435,0.43944076,0.39593998,0.40115565,0.18612617,0.06532199,0.03147336,0.27685222,0.16597044,0.34456393,0.10488392,0.27979082,0.18409355,0.32221097,0.04906446,0.23623362,0.23731643,0.42104357,0.16182446,0.2474226,0.33033708,0.2219046,0.32200655,0.094708435,0.11676735,0.4139456,0.33908135,0.21845725,0.28580394,0.24496654,0.0785771,0.22617856,0.19019762,0.35321352,0.3297627,0.3381046,0.11582574,0.3224519,0.43556607,0.15630808,0.36851832,0.25571978,0.24192443,0.6117247,0.51563406,0.22617601,0.15041107,0.12733644,-0.012606858,1.0000002,0.34510761,0.26884812,0.23200157,0.17700522,0.089745425,0.49897456,0.17291915,0.40480146,0.22060692,0.36936453,0.12556063,0.4863341,0.14706886,0.29080927,0.3090316,0.4579875,0.2434178,0.36359817,0.16793802,0.42749584,0.11214085,0.1598054,0.24649195,0.18545537,0.2948604,0.361194,0.2556287,0.29278058,0.18729398,0.09556801,0.08157171,0.3048371,0.21851465,0.3883204,0.21765913,0.16470128,0.0956785,0.12973264,0.24170223,0.329459,0.6089153,0.20908803,0.14043275,0.2257877,0.18067911,0.4150327,0.2861392,0.29918763,0.17475064,0.25974202,0.23716834,0.36225146,0.27620468,0.36068362,0.16823351,0.39323545,0.32538265,0.4334988,0.31035203,0.5366092,0.7117423,0.47240067,0.13534108,0.25949386,0.3778907,0.52622235,0.1607537,0.18521069,0.23316056,0.2396029,0.37333393,0.35259295,0.31108755,0.36281562,0.23122826,0.26167214,0.18062072,0.29055268,0.11484796,0.107203744,0.27350163,0.31335136,0.59395427,0.22021711,0.21491614,0.58645844,0.29596496,0.11197057,0.33495855,0.07990073,0.11321754,0.34603214,0.1441252,0.10423349,0.2658888,0.2727265,0.2303065,0.45842576,-0.009397214,0.16683748,0.1013445,0.29913235,0.47414517,0.9165071,0.26851964,0.35653293,0.67189133,0.21583521,0.48178595
raise,0.18134192,0.31513667,0.31339043,0.27544308,0.24392429,0.51998323,-0.02258757,0.11133974,0.055205524,0.4906866,0.19135797,0.15637323,0.14188896,0.24418199,0.48132092,0.14156078,0.16124503,0.64302385,0.1503593,0.11275511,0.1305037,0.19874895,0.021056771,0.130883,0.19158126,0.09814352,0.10344303,0.20741495,0.21452513,0.13272072,0.10562976,0.24855046,0.05449273,0.110427156,0.099345215,0.066712074,0.14990562,0.23430008,0.10494056,0.22598842,0.29387385,0.1692538,0.08876887,0.13915007,0.18365824,0.11937985,0.08510558,0.6465778,0.028200133,0.28141508,0.060734443,0.1520097,0.04879705,0.19034883,0.14823952,0.10967996,0.25167808,0.08894978,0.21230099,0.3573173,0.136084,0.24490476,0.21060318,0.053306837,0.14637612,0.1240914,0.16324516,0.34774092,0.09433974,0.14830503,0.13341644,0.33969176,0.26582864,0.10482638,0.17786312,0.25019464,0.29344577,0.22288013,0.37001628,0.18183722,0.11040871,0.14841671,0.1761798,0.19759859,0.62276053,0.1976773,0.111513615,0.3149717,0.18994391,0.16233414,0.28153467,0.21952662,0.28897655,0.20696606,0.43915957,0.23442656,0.1318461,0.12153158,0.17373785,0.28422698,0.13495995,0.195882,0.172539,0.17450628,0.11222141,0.15898445,0.17547321,0.16593331,0.123706825,0.2715093,0.47509217,-0.008168011,0.07508741,0.1810817,0.31435692,0.344729,0.12081876,0.07100935,-0.0404672,0.13550764,0.1725109,0.30083162,0.05385319,0.10555093,0.29045358,0.22357461,0.06783218,0.16402973,0.27069747,0.3243961,0.16985996,0.07294498,0.19324024,0.10149234,0.11616029,0.18344983,0.051864322,0.26004958,0.31441075,0.09133171,0.19845414,0.25545838,-0.012288256,0.1983,0.1487261,0.22742552,0.1419695,0.2217764,0.10309206,0.1602335,0.30567634,0.25716522,0.20543692,0.24582255,0.2077912,0.27971256,0.40680507,0.084722236,0.1580759,0.18793127,0.079331994,0.34510761,1.0,0.1726456,0.14187767,0.11799334,0.26068985,0.2966311,0.24935248,0.10551961,0.14329833,0.16742784,0.25491002,0.28542423,0.1711556,0.31767118,0.15442812,0.21489663,0.14676447,0.17845304,-0.0053778826,0.376696,0.16678813,0.12929794,0.17564344,0.1963333,0.14304605,0.2028006,0.23557162,0.074490294,0.27248007,-0.01085182,0.043690726,0.2041057,0.32988238,0.25003743,0.09847504,0.13199258,0.16178143,0.20344013,0.18141828,0.28208524,0.2852453,0.4047035,0.33158803,0.06596489,0.13667488,0.34035137,0.2531398,0.2543817,0.11049336,0.2347524,0.13259032,0.25833818,0.24045783,0.27867776,0.23385984,0.36787012,0.14466348,0.31743687,0.1684803,0.3311664,0.32278055,0.32547587,0.08853649,0.124394745,0.2922013,0.42509842,0.14704505,0.252098,0.15157126,0.13130745,0.3491679,0.17830509,0.15275633,0.20595369,0.22164284,0.18369174,0.16463616,0.21745676,0.15592918,0.11160773,0.21261267,0.09332009,0.28372192,0.22271669,0.11237541,0.4202804,0.14622912,0.2099629,0.31334624,0.035341904,0.14031126,0.21765873,0.15437466,0.1529063,0.1756202,0.197629,0.23022474,0.35128713,0.09348793,0.16273823,0.21582705,0.27810675,0.40957588,0.37101024,0.20495605,0.25365186,0.25234908,0.21750587,0.40419173
tear,-0.015419512,0.22722529,0.06797519,0.29264167,0.0902234,0.18138227,0.080436125,0.20804782,0.07846924,0.24406901,0.12286465,0.0758318,0.31060427,0.092664585,0.3035987,0.07525062,0.08511054,0.15351206,-0.030362869,-0.065877855,0.09982601,0.019029535,-0.034567136,-0.02738525,0.08966322,0.059532218,0.18348771,0.046785586,0.24899027,-0.004629709,0.09299135,0.2845107,0.15218635,0.18121216,-0.03676565,-0.0071060015,0.16557392,0.30872315,0.0013142079,0.19983816,0.39986914,0.20476224,0.16915229,-0.023762008,-0.024623787,0.11294632,0.1485545,0.10113126,-0.1390003,0.152814,0.014882846,0.1290224,0.47565037,0.41947985,-0.022431275,0.01335378,-0.0077723423,0.23942599,0.11706613,0.13078253,0.04377178,0.22941615,0.35642385,0.21161085,0.0048719887,0.52500737,0.059514385,0.398961,-0.0063948072,0.00975223,0.013632494,0.19506411,-0.03691496,0.6928711,0.3170268,0.080079995,0.12412004,0.04013472,0.12675272,0.5944444,0.48260057,0.14251304,0.039536357,0.2777219,0.31306857,0.17274627,0.04681303,0.2921033,0.018622216,0.17651656,0.10019728,0.12129159,0.19080165,0.26645482,0.24362507,0.13546726,0.3715909,-0.01979571,0.013023328,0.22038642,0.035917513,0.20862156,0.50829864,0.42868638,0.044847514,0.53321326,0.10879154,0.17809737,0.4940312,0.09249224,0.14494881,0.44295266,0.7065972,0.19992074,0.23359612,0.087763555,0.103717506,0.055720408,0.061694138,-0.017513743,-0.014560038,0.22054958,-0.037414763,0.12661222,0.11341262,0.37740317,0.28659722,0.011054419,-0.088938266,0.13158038,0.05942093,0.15920615,0.25570336,0.07897732,0.28534007,0.11238447,0.43222442,0.13640307,0.35390225,-0.0004889453,0.22948858,0.011312938,0.3385783,0.03947019,-0.015020833,0.119476974,0.15678486,0.38695902,0.013158871,0.049032617,0.22479004,0.2574453,0.12708196,0.20585226,0.35310054,0.20653176,0.13547416,-0.047444455,0.06391543,0.11335792,0.18568775,0.26884812,0.1726456,0.9999999,0.42863595,0.07399356,0.42138833,0.13067903,0.45197728,0.3564903,0.048841346,0.11861258,0.4442033,0.34899363,0.13279645,0.39470708,0.30058745,0.09550247,-0.0001488626,0.65531045,0.07259611,0.28533936,-0.0074635306,0.5970668,0.028510908,0.2722849,0.17301759,0.081362545,0.035766173,0.06805479,0.35870007,-0.08571297,0.68118834,0.18460324,0.25805587,0.17212903,0.10939425,-0.01842631,0.31426013,0.17110077,0.17277528,0.37038416,0.21390271,0.16668051,-0.005718112,0.15186173,0.25466424,0.12933671,0.19124499,0.07133838,-0.02597544,0.051924452,-0.044946343,0.22145414,0.45268494,0.21352108,0.016045826,0.36301768,0.23563778,0.15772067,0.5845076,0.1361235,0.26628995,0.168584,0.24317086,0.022453915,0.075465,0.25892845,0.0499425,-0.014526656,0.14471518,0.5991729,0.17535147,0.6779922,0.645803,0.09459756,0.6409287,-0.084642425,0.1101048,0.10346241,0.018200943,0.13904844,0.16150776,-0.010726394,0.27912226,0.19889723,0.16569941,0.2851916,0.64311826,0.007911568,0.10526267,-0.07641786,-0.02556353,0.1547043,0.04545602,0.04750648,0.2177887,0.085643895,0.097233884,0.14210072,0.07419825,0.10138294,0.0059624966,0.10073118,0.26056767,0.27523345,0.30500376,0.06257882,0.21553186,0.19021511,0.17505893
pick,0.10860857,0.24220797,0.095724486,0.1709398,0.14525664,0.21441261,0.20955981,0.36825442,0.16652624,0.06408256,0.26242137,0.10046539,0.21402377,0.0893583,0.19112599,0.0951642,0.13586704,0.10839058,0.057199392,0.047347542,0.079591595,0.12082705,0.03385495,-0.0063305628,0.088119015,0.15348533,0.2817911,0.08772098,0.3591481,0.09361892,0.2669355,0.2446798,0.065902196,0.0517136,0.021962594,0.07099388,0.09000486,0.12451483,0.06539449,0.12093803,0.40374938,0.21219313,0.18101034,0.001878133,0.065360546,0.33780783,0.31171986,0.06623663,0.046560675,-0.012114007,0.056086883,0.13425262,0.22817987,0.12451415,0.1018858,0.12764896,0.0042507146,0.23138684,0.14538729,0.26248842,0.0728917,0.30114532,0.27124938,0.3343953,0.007130578,0.3023548,0.15312956,0.19828176,0.08563704,0.05271839,0.034566317,0.20201981,0.023030015,0.41491234,0.29860547,0.1549209,0.24736732,0.20712581,0.32001555,0.34722656,0.24440694,0.39267486,0.060282342,0.22548926,0.23459072,0.33854678,0.16914894,0.5115245,0.085640974,0.16525058,0.19779226,0.20280798,0.19630334,0.44066155,0.36706015,0.09075928,0.5520197,0.035344005,0.025906682,0.105982415,0.12756751,0.3913181,0.4384402,0.28569373,0.19213504,0.2732894,0.26186568,0.096308045,0.46746933,0.14722663,0.12027153,0.2347243,0.21707655,0.04687745,0.23162064,0.15015207,0.083937466,0.041712373,0.22237419,0.11518097,0.24500334,0.13029292,0.05159547,0.34843692,0.2947822,0.16727397,0.010926947,0.09488154,0.15360469,0.1481041,0.2136823,0.4704417,0.19678214,0.2717491,0.27450234,0.10203904,0.5018354,0.26629493,0.32891026,0.064235754,0.18021032,0.008436654,0.38666797,0.047530364,0.031796575,0.21236081,0.3570793,0.29582924,0.11057256,0.05007109,0.32237834,0.2187153,0.13776496,0.22817597,0.09926174,0.15871215,0.14717746,0.12850858,0.113742165,0.06207674,0.088173896,0.23200157,0.14187767,0.42863595,0.9999997,0.1924535,0.32055846,0.016940739,0.22083484,0.26852345,0.31049895,0.09483509,0.34273648,0.2047385,0.11342911,0.28633767,0.37147132,0.25830102,0.012642998,0.34199515,0.124970086,0.42944255,0.05795305,0.2750709,0.069595054,0.5106862,0.10033189,0.20690687,0.08075581,0.12323949,0.5464128,-0.010840706,0.26163462,0.1733549,0.19918841,0.38300422,0.117087945,0.09711707,0.30423585,0.02477753,0.18441366,0.4008808,0.12050809,0.10417106,0.09640195,0.15772775,0.33733344,0.110717855,0.13114959,0.18067676,0.018296128,0.15870368,0.04388377,0.30607742,0.3364402,0.2745333,0.1779885,0.25771722,0.059632286,0.29518402,0.39901412,0.031451955,0.10422027,0.32086113,0.3477208,0.04841994,0.21621132,0.31911606,0.034389753,0.050003093,0.16278172,0.4608679,0.31327313,0.23517525,0.35124692,0.17281282,0.26763463,0.064199515,0.14147148,0.20982862,0.15880278,0.067687206,0.46431702,0.1049169,0.12714875,0.27381414,0.19030818,0.3396855,0.27296227,0.11821952,0.2118938,0.10325079,0.16472828,0.18174754,0.06676562,0.17597505,0.44734183,0.32747054,0.16529727,0.20771584,0.101353034,0.11033179,0.057172596,0.18622133,0.42814073,0.20724258,0.59864223,0.24749772,0.08996248,0.25735527,0.1863112
stand,0.0034421645,0.16111255,0.24180278,0.081891954,-0.023625597,0.17651847,0.008532496,-0.016091827,-0.05383153,0.02442623,0.22275952,0.11168746,0.048761483,0.0030873045,0.14662895,-0.010744743,0.14910562,-0.027164837,-0.01226091,0.07594441,-0.023174083,-0.06561039,0.12109898,0.009764545,0.12787144,0.077251226,0.11070259,0.07274038,0.12764332,-0.06819214,0.092301324,0.0717946,-0.023877341,0.0462329,-0.03668686,0.04567355,-0.004825432,-0.017339915,-0.050261416,0.13258432,0.13947645,-0.012257975,0.07028404,0.023324534,0.026607992,0.11341296,0.2319529,-0.03448272,0.006658526,-0.059889738,0.15786679,0.090253964,0.042879775,-0.026385024,0.04137959,0.111521885,0.0039912798,0.037730142,0.006553067,0.20095634,0.111472055,0.0816444,0.047060713,0.12142797,0.028665148,0.0013213018,0.14951503,0.021899287,0.02230108,0.037713435,0.050534934,0.077677235,0.018161064,0.039134987,0.04046333,0.42317307,0.6699489,0.09867727,0.40049422,0.039349232,0.033817925,0.10429756,0.06384394,-0.0054387907,0.089652754,0.17263553,0.111765556,0.2977201,0.12203724,-0.022805646,0.18544991,0.06560078,-0.00017701834,0.019443735,0.31583115,0.15456852,-0.0028913785,0.060055014,0.056700073,0.061543904,0.09857555,0.2725898,-0.013796006,0.11348194,0.070134096,0.06643608,0.07518469,0.015148761,0.015292482,0.18808308,0.09959342,0.08134569,0.015212075,0.027983882,0.27944633,0.11307284,0.030130163,0.063959084,0.12974079,0.09208393,0.10659763,0.049038712,0.040101916,0.058693875,0.37253118,-0.038828094,0.0044936105,-0.008807007,0.15827456,0.24450809,0.35788375,-0.045754425,0.106362455,-0.0009825677,0.029275298,0.10040451,0.10014629,0.04466342,0.054541387,0.028224993,0.039933793,0.015208878,0.03340515,0.056061756,-0.019267973,0.02079514,-0.042060003,0.04408291,0.1423976,0.06355429,0.23233956,0.086661935,-0.0054217204,0.20331173,-0.06424429,0.09090495,0.09540951,0.066352405,-0.05149797,0.004899242,0.016195215,0.17700522,0.11799334,0.07399356,0.1924535,1.0,0.11219926,-0.0073323473,0.07351165,0.04164797,0.04242666,0.05734451,0.039146975,0.09025405,0.038582843,0.07686511,0.16384116,0.046320513,-0.022521265,0.075649075,0.015827134,0.28024322,0.19908795,-0.018915774,0.022895858,0.15815967,-0.08942562,0.1790601,0.15624577,0.013183363,0.2522928,0.0421981,0.035977654,0.14466238,0.045999195,0.2437306,0.07585949,0.040924028,0.073419705,0.042379536,-0.02110395,0.20983332,0.031342708,0.055468906,0.035220206,0.07723847,0.052595217,0.11983478,0.0839959,0.3363926,0.12828594,0.17091261,0.053631913,0.28220195,0.0740363,0.15130076,0.23417884,-0.028664336,-0.057622395,0.24618465,0.020808186,0.10225063,-0.0016434416,0.13350159,0.05949387,-0.015929248,0.23584202,0.1824567,-0.01610712,0.03064632,0.036105007,0.02525711,0.32916224,0.0026510768,0.030565614,-0.0037531778,0.027302662,0.08701466,0.8308688,0.25912386,0.57103795,-0.06417008,0.1941419,0.14379205,0.016031057,0.21138021,0.09717293,0.18750624,0.021269897,0.0888494,0.570109,0.020386182,0.1564596,0.093993224,-0.037792068,0.26962847,0.23300944,0.09294459,0.11904184,0.16634104,0.24148281,0.096064314,0.07731197,0.14290965,0.3579476,0.16501161,0.17702684,0.21353424,0.02462928,0.64229655,0.12550396
scoop,0.13401914,0.30457607,0.1610164,0.26863584,0.11333505,0.27258077,0.063262895,0.116357334,0.12050082,0.12752321,0.2793281,0.2398792,0.15083863,0.05897713,0.2308404,0.1452491,0.18297628,0.18713424,0.060713004,0.0917376,0.06753805,0.14257005,0.102633536,0.06887454,0.14068426,0.051809795,0.27850986,0.105163425,0.22042166,0.037182055,0.2611424,0.33784598,0.220643,0.13446116,0.05938896,0.062337723,0.13918048,0.5301844,-0.01426664,0.22789454,0.3344655,0.30087835,0.13069361,0.050144535,0.3052377,0.14512476,0.22177134,0.16575518,-0.025422093,0.24781439,0.0027628825,0.10045904,0.22532335,0.2459417,0.060789745,0.03730367,0.16861816,0.21004298,0.18413395,0.1958715,0.12147176,0.30444032,0.27202883,0.2257385,0.18490914,0.23819944,0.10205379,0.42127442,0.11075282,0.031628188,0.10892457,0.27758983,0.1426177,0.22647904,0.19968335,0.18456692,0.17654452,0.13298291,0.21769029,0.24547347,0.2110488,0.30791998,0.19218089,0.18201697,0.3640143,0.34289283,0.16174626,0.28503194,0.16090591,0.16838333,0.22266084,0.18594089,0.16434088,0.2852644,0.18428986,0.1172698,0.35747367,0.01871272,0.20132227,0.10738112,0.09079802,0.37244338,0.3135112,0.2035897,0.1412909,0.31561,0.2475841,0.09577354,0.3195367,0.23475188,0.21769658,0.23877199,0.29634467,0.10343237,0.13616878,0.2719108,0.111315385,0.08662878,0.13606595,0.1293902,0.2082962,0.33572376,0.06717034,0.16459748,0.106576025,0.12166661,0.14270014,0.090313934,0.06691641,0.14626981,0.10192184,0.15263769,0.19993836,0.1341935,0.2505415,0.16117796,0.27798706,0.21528012,0.24513158,0.12921156,0.4898997,0.1429076,0.19869927,0.149525,0.014602283,0.19111532,0.17489623,0.14937842,0.17235002,0.118263125,0.24760607,0.28137648,0.23221086,0.10692119,0.42827705,0.18928328,0.21680379,0.09475207,0.12651743,0.15789759,0.097225904,0.089745425,0.26068985,0.42138833,0.32055846,0.11219926,1.0000002,0.14124537,0.320171,0.12670465,0.128359,0.08435568,0.4579305,0.28021985,0.29325446,0.3550067,0.3876651,0.2119607,0.1464976,0.30635366,0.09962605,0.30095804,0.1307848,0.24200283,0.2011896,0.31765497,0.15948723,0.26785427,0.12523669,0.13074192,0.37267256,0.10133208,0.26267648,0.17557271,0.30177426,0.21885481,0.08981979,-0.015568965,0.27101693,0.32724878,0.17788434,0.4186348,0.17379226,0.22571783,0.124346346,0.2192465,0.27405852,0.12739903,0.23713955,0.06910977,0.059309043,0.11180128,0.085585654,0.25591725,0.37797588,0.24111904,0.20136386,0.35414246,0.1289171,0.19851351,0.30259532,0.15550518,0.09094327,0.23132333,0.25195912,0.10386285,0.15884562,0.17453112,0.13730863,0.1749134,0.22523752,0.2943805,0.30691004,0.29981703,0.32778165,0.22670487,0.39603788,0.09431146,0.094891,0.18335536,0.042438358,0.29044998,0.31226498,0.1020708,0.15319616,0.19899707,0.08704795,0.29190713,0.32681844,0.16518307,0.21208447,0.07160451,0.13655512,0.18661836,0.10987076,0.07267106,0.25266752,0.19253302,0.23262747,0.22234774,0.036108278,0.10314415,0.15916005,0.17358825,0.26433513,0.13536297,0.33496252,0.19961491,0.12736851,0.25326118,0.16648622
stuff,0.11657807,0.23029132,0.33585492,0.17708266,0.1806764,0.15419236,0.06716621,0.33801383,0.028145228,0.41200098,0.11584886,0.08477236,0.28017256,0.34577012,0.21551204,0.3061852,0.23423195,0.1827739,0.1517703,0.120310485,0.20773,0.15596876,0.05607996,0.15967953,0.11824651,0.07403439,0.16905832,0.2212235,0.21481907,0.07526461,0.10234611,0.19786403,0.050488763,0.1651071,0.1477043,0.115753055,0.2925908,0.2397361,-0.0043355096,0.13254629,0.40416116,0.24175873,0.12675695,0.17524046,0.25904244,0.04420021,0.09037945,0.1976588,0.15772545,0.42373228,0.12972224,0.2859207,0.17388889,0.36568856,0.19859192,0.15876094,0.28167102,0.23769909,0.18893942,0.5443151,0.044779055,0.1938738,0.12151426,0.10884039,0.3715218,0.14416629,0.25080436,0.108179525,0.0779898,0.098493345,0.19326934,0.28783298,0.20878662,0.22096306,0.04812557,0.13842787,0.26830548,0.24364585,0.12479288,0.12881523,0.09133498,0.05764051,0.33609778,0.28839442,0.15899122,0.17558944,0.06159891,0.23935023,0.40012407,0.34864223,0.06262294,0.25840724,0.13894057,0.2841435,0.40090358,-0.010376614,0.042256124,0.25387612,0.42216247,0.49284256,0.17348176,0.17592347,0.17240146,0.26257133,0.21407975,0.11099064,0.030063171,0.21115905,0.22501162,0.12250904,0.41598737,0.16133486,0.30271548,0.4955989,0.22322115,0.33537164,0.14247596,0.021774612,0.023994861,0.14016157,0.0705044,0.32550418,0.047017895,0.039786767,0.12475724,0.19491434,0.097944185,0.22194219,0.11407612,0.27550608,0.053522453,0.024721742,0.42313945,0.114270106,0.3546511,0.07782008,0.04495737,0.26831535,0.15703306,0.1060123,0.28032225,0.35349992,0.08349268,0.34029925,0.012136263,0.2723532,0.22969031,0.2310682,0.09472017,0.21013264,0.34542027,0.04841481,0.34065235,0.25486872,0.3157066,0.53972507,0.31548136,0.09747877,0.036125932,0.22193149,0.16023958,0.49897456,0.2966311,0.13067903,0.016940739,-0.0073323473,0.14124537,1.0000001,0.08176025,0.44356206,0.053699814,0.42568305,0.057351515,0.38036683,0.28427303,0.13480367,0.24724731,0.3445378,0.24149454,0.352038,0.1397874,0.34139314,0.15620269,0.16363722,0.4696409,0.19751,0.23865354,0.06366281,0.28136235,0.26899496,0.07550185,0.044386733,0.19146775,0.4521082,0.22078443,0.34398872,0.2285695,0.008440038,0.12516062,0.2532994,0.01133247,0.19729169,0.60666525,0.19922066,0.17403983,0.26410848,0.10524047,0.24659953,0.2033806,0.0828332,0.19162291,0.31675225,0.15491849,0.3861124,0.18942514,0.55602443,0.12689799,0.37255594,0.19800767,0.30980432,0.29231906,0.502294,0.66574585,0.49962384,0.037730996,0.36057103,0.1641929,0.55718637,0.091862194,0.3128386,0.26480642,0.18098265,0.24702877,0.3612231,0.34406072,0.2533437,0.27809048,0.23664221,-0.020868884,0.2801251,0.07647231,0.07545452,0.21282306,0.15514001,0.6193267,0.06793592,0.10941503,0.49244246,0.31005266,0.17791322,0.12836444,0.13279891,0.08712608,0.15721224,0.050130013,-0.026749054,0.22148308,0.06350067,0.087667845,0.5413444,-0.05054725,0.17253128,0.07115266,0.3031753,0.28230926,0.55369794,0.2184567,0.39430404,0.59018236,0.041445307,0.6091995
smash,0.1912235,0.5011322,0.12777439,0.45601332,-0.018211266,0.5146313,0.044057775,-0.041890703,0.022886673,0.15439466,0.20621498,0.33427596,0.21556486,0.012811914,0.39028478,0.1496802,0.12046448,0.45857176,0.014171205,0.024340855,0.105647996,0.16965032,0.0008085016,0.07222225,0.3607845,0.078110196,0.11460395,0.20272325,0.15812077,0.025837341,0.06330372,0.2345289,0.16948913,0.14105639,-0.04713938,-0.0074401256,0.30537257,0.22343105,0.08091503,0.21820715,0.35253668,0.20790629,0.13204993,0.07543891,-0.028665114,0.048368394,0.22605528,0.42057866,-0.037037756,0.13259822,-0.0032852273,0.1859678,0.33201784,0.25146306,0.1678859,0.07020322,-0.011259664,0.30567116,0.13014656,0.15185416,0.11313372,0.38781577,0.49101794,0.28917596,-0.014728062,0.5270638,0.104773395,0.5488119,0.14402455,0.16298106,0.062081654,0.44779137,0.035984483,0.5051817,0.55968654,0.1977726,0.12224512,0.049650773,0.255237,0.4837361,0.4447177,0.21560414,0.05631193,0.18758199,0.45394957,0.16194901,0.19553062,0.20901668,0.062010452,0.013635583,0.2776144,0.16056204,0.35466528,0.24021646,0.1736046,0.44134608,0.15340343,-0.007395912,0.02555446,0.21175477,0.06740613,0.17608571,0.41536018,0.3480177,0.2256497,0.41850603,0.10633505,0.25633568,0.29049376,0.2551602,0.38484284,0.27083004,0.34703583,0.112574264,0.24338967,0.18939686,0.07678711,0.055871174,0.16637588,0.05429985,0.06758704,0.43371263,0.07013072,0.06201516,0.16781664,0.2752881,0.46758002,-0.0142619135,0.028445479,0.23476179,0.06349602,0.10730806,0.16529146,-0.017890392,0.16101757,0.2914849,0.21227531,0.12143314,0.2389223,0.018014358,0.16008973,-0.06432534,0.32684243,0.01123544,0.117977,0.10952501,0.03330734,0.38599637,0.11264722,0.15577973,0.2110029,0.49051714,0.111152895,0.09003921,0.06763334,0.08540021,0.37120903,0.1138691,0.155229,0.4313429,0.38481435,0.17291915,0.24935248,0.45197728,0.22083484,0.07351165,0.320171,0.08176025,1.0,0.053475883,0.025158692,0.07934293,0.75502735,0.4593199,-0.004581427,0.634745,0.23319478,0.072625816,-0.028961536,0.37291315,-0.06558736,0.23529837,0.021696635,0.35535547,0.19822824,0.2222419,0.104099125,0.08352318,0.0915442,0.0798343,0.41394687,-0.0697205,0.3547158,0.15541533,0.51563686,0.10012761,0.07638128,0.08653475,0.47600055,0.020163907,0.46132195,0.3475351,0.124859534,0.43650767,0.1253219,0.038607642,0.5085042,0.3834473,0.5075008,0.09851632,-0.004359506,0.14223461,0.09889416,0.11693565,0.55087215,0.111499734,0.09914703,0.1944027,0.082667895,0.15096474,0.30255646,0.14490417,0.0939669,0.1382598,0.40362108,0.038175818,0.16103956,0.14849772,0.14561106,-0.04688655,0.12755874,0.33307296,0.2317481,0.31705517,0.35543853,0.22405933,0.47039473,-0.033975966,0.06271085,0.0773871,0.010492982,0.13485292,0.17092754,0.098829955,0.12638627,0.04458286,0.024186872,0.12735231,0.3519765,-0.025750972,0.15084186,-0.029169315,0.016977917,0.1048761,0.11718578,0.10635303,0.14433384,0.11543805,0.098266155,0.1049725,0.019997565,0.11240889,0.09276198,0.1386999,0.19974396,0.15750691,0.13708214,0.017887257,0.084619775,0.37939146,0.07320514
sort,0.11586328,0.1414612,0.09643246,0.044779785,0.13053626,0.01702336,0.04399562,0.6336458,0.14088675,0.2946975,0.28280962,0.10887739,0.395337,0.27485773,0.23858628,0.28475624,0.16739935,0.031786796,0.19364494,0.14039807,0.26551247,0.119475916,0.044133037,0.15949021,0.17787474,0.11889814,0.19193557,0.1845494,0.3554633,0.11697802,0.16674274,0.17028081,0.16662085,0.31321678,0.1761845,0.18774065,0.20906033,0.22707778,0.12538481,0.100144275,0.45894057,0.20230894,0.22353992,0.19783306,0.22747216,0.122327834,0.20226006,0.020834327,0.22699441,0.35003662,0.23647124,0.33570233,0.19050077,0.48663098,0.21621788,0.30568862,0.27349803,0.2345255,0.26959553,0.4143864,0.15975872,0.23728213,0.13947895,0.14244461,0.3345398,0.20093939,0.18958768,0.10644378,0.08408929,0.007046446,0.22431315,0.2665973,0.13467059,0.40572834,-0.008608142,0.14480871,0.36586913,0.106834844,0.26377597,0.22615348,0.20099643,0.11657292,0.22882295,0.3961766,0.00911538,0.10301057,0.15469375,0.4257675,0.22332768,0.2346174,0.18853723,0.12693445,0.067215785,0.32464784,0.45731592,-0.0045151403,0.07077305,0.2172899,0.27393293,0.25807244,0.19571736,0.15947777,0.324704,0.2977299,0.17040256,0.17660587,0.062235042,0.4296999,0.39853632,0.14504674,0.1690875,0.43156743,0.44584534,0.44923472,0.17200115,0.26250312,0.13947496,0.005394363,0.15165573,0.20638603,0.22648528,0.39361727,0.1216863,0.099016316,0.07357858,0.23729604,0.05063863,0.14837565,0.16379339,0.15768345,0.034757126,0.07213955,0.52383924,0.16762555,0.33387795,0.06519121,0.22196437,0.13744476,0.07995728,0.16735262,0.25581297,0.32157606,0.14030679,0.36405796,0.122776106,0.23037866,0.1681266,0.43261066,0.2169765,0.17066534,0.44483912,0.044028822,0.23297732,0.547431,0.34594205,0.3706681,0.2065033,0.14208283,0.14432296,0.24808298,0.19471803,0.40480146,0.10551961,0.3564903,0.26852345,0.04164797,0.12670465,0.44356206,0.053475883,1.0000001,0.15123759,0.6607505,0.04020222,0.22612861,0.11432722,0.1263392,0.31712562,0.23215476,0.16464359,0.59133637,0.33170676,0.37776953,0.18457013,0.31888348,0.27759823,0.34115967,0.15614465,0.1907269,0.08426466,0.2442737,0.118562475,0.11126321,0.33587998,0.5229085,0.20554683,0.43617043,0.31994933,0.119589746,0.18778612,0.21705411,-0.022249188,0.30609092,0.46717554,0.09082392,0.15334687,0.46024776,0.13588855,0.13201231,0.10747065,0.21130127,0.22633563,0.31670177,0.13864313,0.41414565,0.21550152,0.43421274,0.23575231,0.39710703,0.15264195,0.35777384,0.5327132,0.31108713,0.54584837,0.38831174,0.10175572,0.34592134,0.13497381,0.3333714,0.16664462,0.2573501,0.28584626,0.31162328,0.2426388,0.58455205,0.5319556,0.15282772,0.43936324,0.1057082,0.03707322,0.31803566,0.078134306,0.14806575,0.3660521,0.17309278,0.49849463,0.061339103,0.20167232,0.45800543,0.540178,0.18413587,0.26444355,0.21168815,0.15338337,0.29879063,0.098741084,0.07790075,0.32394856,0.13414563,0.18744805,0.33269203,-0.0021075476,0.16978376,0.13941586,0.4393513,0.4537657,0.43501216,0.3198552,0.41955882,0.49453336,0.112633355,0.5220414
clean,0.023218462,0.10358182,0.054435465,-0.028879384,0.20826112,0.12248868,0.2765058,0.091163166,0.54760635,0.19678034,0.047800727,0.061314605,0.010505757,0.1097959,0.13018882,0.10691909,0.29276568,0.04439612,0.023549912,0.17755693,0.0030969419,0.12851587,-0.02943935,0.034374785,0.042517573,0.19789581,0.25010985,0.07262796,0.23509617,0.1493229,0.30594015,0.30605978,-0.023829514,-0.06150935,0.14241058,-0.0019240803,0.16251467,0.01844162,0.024058308,-0.0023980737,0.15431124,0.14853919,0.07947348,0.05571796,0.10287802,0.64272344,0.14276777,0.03900555,0.06742336,0.02073445,0.118922696,0.035909273,-0.04376006,0.018148666,0.049519755,0.07614163,0.010537076,0.03953054,0.05119819,0.088687554,0.009054334,0.22131404,0.16259919,0.19851717,0.037938047,0.037247077,0.062246557,0.064756766,0.00022546499,0.086582884,0.084373765,0.093885385,0.011482507,0.02874422,-0.04671344,0.063339874,0.11726535,0.33295646,0.13361552,0.15763554,0.1415155,0.4434852,0.23121326,0.26795506,0.06481193,0.28350344,0.10251713,0.27031007,0.18748243,0.24495384,0.12048171,0.4015516,0.31232864,0.38104343,0.1981303,0.029748227,0.46010298,0.016161077,0.14166225,0.15458614,0.043643165,0.21444082,0.10595879,0.14125219,0.1401487,-0.06681132,0.45061642,-0.097078055,0.3017774,-0.0005020525,0.14191741,-0.037166666,-0.011425845,0.047669124,0.06647731,0.09901136,0.051803365,0.102767915,0.08029918,0.08650667,0.13570435,0.08545902,0.07558067,0.68781275,0.11402172,0.037872065,-0.0643202,0.09701188,0.12836608,0.05378134,0.16024688,0.6011758,0.032419972,0.7497697,0.24314561,-0.048984807,0.2760297,0.2654,0.208363,0.05982749,0.14521249,0.025802182,0.13672227,0.12515242,0.08806394,0.24371988,0.30260253,0.10101408,0.034050282,0.08351888,0.042429455,0.09017593,0.109804764,0.01939225,0.07202561,0.23569128,0.15106232,0.11240032,-0.0032517847,0.0067142732,-0.015627788,0.22060692,0.14329833,0.048841346,0.31049895,0.04242666,0.128359,0.053699814,0.025158692,0.15123759,1.0,0.1260725,0.07425386,0.20866837,-0.024804998,0.09763703,0.26390558,0.17002553,0.12062536,0.008006227,0.020546902,0.151119,0.15598342,-0.015128799,0.031783156,0.24664594,0.19496343,0.2328133,0.2590986,0.101924405,0.18454632,0.0815718,-0.046169,0.13325775,0.10585436,0.18916577,0.04601716,0.05157192,-0.010299206,0.043119073,0.15719576,0.17749152,0.22030811,0.06754742,0.095508456,0.031166643,0.1973274,0.1173306,0.03177736,0.046803936,0.17932275,0.10101371,0.06603775,0.12773862,0.18050693,0.05600637,0.113888904,0.077169344,0.11055951,0.04652569,0.06510004,0.14092167,0.19641237,0.14973232,0.21041623,0.113159195,0.26242495,0.09437136,0.0393567,0.03491389,0.0735219,0.09403036,0.058996614,-0.012159624,0.100947164,0.1581383,-0.026003636,0.2626291,0.006223839,0.100400545,-0.0077264737,0.0060022594,0.18462695,0.12521483,0.23802626,0.19585827,0.024445806,0.2371985,-0.054507032,0.17671177,0.0038867258,0.12627073,0.05279953,0.09232469,0.08422546,0.036582045,0.29339674,0.48013473,0.0660946,0.09333261,0.045902394,0.19082819,0.009871691,0.099087276,0.16135451,0.17847367,0.28370145,0.058346838,0.15679336,0.028422536,0.14904658
prepare,0.25875735,0.14303343,0.16276379,0.11324069,0.1661134,0.12068662,0.028264502,0.47204334,0.17180492,0.33768097,0.25177157,0.28392676,0.28439435,0.35672724,0.34399077,0.17758113,0.17262065,0.119186394,0.2656564,0.23172909,0.272062,0.118088275,0.22756721,0.2625059,0.1839432,0.16492593,0.09308562,0.36469424,0.31312096,0.17835498,0.11875799,0.07464108,0.24692518,0.282642,0.3565367,0.3543859,0.21752003,0.21297178,0.24332055,0.106088884,0.3540648,0.2774407,0.118218996,0.40323484,0.2695857,0.15166928,0.13027503,0.13354918,0.47430304,0.39838856,0.19319788,0.37845343,0.1546146,0.38022777,0.32545996,0.3989533,0.26936513,0.25483838,0.321478,0.4622841,0.29198718,0.17803596,0.1715511,0.1826132,0.34682822,0.1379529,0.253701,0.1597911,0.22730562,0.07681174,0.29947367,0.30899858,0.13474199,0.2919187,-0.0024204925,0.3363996,0.4278496,0.14475237,0.41747874,0.13488646,0.12409084,0.06515396,0.17533877,0.21824561,0.08572957,0.03545451,0.28914127,0.4124776,0.23315412,0.17955509,0.34203482,0.13215227,0.057794433,0.242455,0.4644816,0.019709975,-0.0056605996,0.28559673,0.33253366,0.21975014,0.22134523,0.096984684,0.18309659,0.25358793,0.22393265,0.113630384,-0.0055155326,0.3870844,0.24472,0.21560094,0.19548367,0.4084803,0.27875215,0.35184518,0.18625022,0.28137,0.26188284,0.07032692,0.06472138,0.36369798,0.28704455,0.46698418,0.2768738,0.12976071,0.18845037,0.09783186,0.09101166,0.22483903,0.28436512,0.21761361,-0.0037248544,0.07194579,0.61670613,0.19581878,0.14705092,0.07494336,0.011646457,0.120600976,0.054938708,0.30879068,0.19196007,0.29329598,0.10740126,0.41516656,0.22906116,0.15544413,0.20865645,0.23686393,0.28571352,0.19363722,0.38482398,0.023584595,0.30263332,0.478668,0.30223364,0.33222133,0.3249998,0.2756185,0.2979536,0.3262682,0.23693866,0.36936453,0.16742784,0.11861258,0.09483509,0.05734451,0.08435568,0.42568305,0.07934293,0.6607505,0.1260725,1.0000002,0.041011892,0.2102581,0.19336484,0.12517843,0.20129839,0.2966584,0.25431484,0.44874364,0.23100013,0.38732007,0.45960265,0.23714314,0.39755464,0.21237071,0.14879066,0.22330365,0.08418771,0.29219806,0.110362805,0.22342852,0.14624797,0.4432533,0.205249,0.32685792,0.36525258,0.26017314,0.078555785,0.20469654,0.013855439,0.23941341,0.44842583,0.1804322,0.35484284,0.41360176,0.16636413,0.22144173,0.13801843,0.20519742,0.55589736,0.33360666,0.31350356,0.42945912,0.13185571,0.4248449,0.48416775,0.30938023,0.08923055,0.30331373,0.43680272,0.33996752,0.49772614,0.42313778,0.050200023,0.31461534,0.180841,0.3385979,0.30025846,0.2485101,0.28518993,0.25440806,0.30328834,0.47344768,0.378837,0.18801434,0.37569198,0.14885154,0.07653564,0.28253934,0.20481822,0.238356,0.31269634,0.3250634,0.46580204,0.020731423,0.082847536,0.4452615,0.40330827,0.270723,0.4112121,0.42373514,0.11682436,0.43821108,0.21599907,0.06508593,0.21076816,0.113611385,0.19635421,0.32731023,0.056899063,0.30412644,0.30022025,0.4923116,0.3929717,0.40080214,0.19628316,0.48091012,0.5037455,0.11730923,0.51644135
squash,0.22591683,0.40037555,0.14506438,0.5398286,0.0085505145,0.5276772,0.10380384,0.014652438,0.05652956,0.10800977,0.17227182,0.44710007,0.19250667,0.00075418875,0.35138187,0.14810191,0.09112311,0.44271657,0.06783668,0.060839873,0.110566065,0.17306706,0.12239642,0.056846984,0.32180426,0.2166311,0.23397174,0.19683689,0.29214266,0.052853107,0.17655073,0.43711334,0.24128014,0.16634138,0.05379636,0.06160412,0.25460467,0.2998714,0.07162146,0.2702381,0.36971632,0.21369861,0.086662725,0.03408242,0.085303724,0.14457458,0.19377889,0.38175824,-0.025235921,0.18642552,-0.05200128,0.20122412,0.42588222,0.19361451,0.13495378,0.04357738,0.079867594,0.35796198,0.22248623,0.12680861,0.14617729,0.3723413,0.51871645,0.33574873,-0.017454498,0.5575227,0.16224028,0.8524797,0.22317722,0.14859557,0.071631074,0.4584347,0.12592566,0.43074542,0.63767844,0.079484716,0.075995535,0.19658065,0.2502524,0.40511262,0.36904892,0.38968277,0.07324327,0.20538303,0.5428712,0.2610466,0.33754703,0.2962759,0.1578851,0.16779277,0.23558347,0.19257322,0.36800724,0.3090155,0.19897175,0.41803518,0.29763332,0.043782882,0.066282265,0.1111093,0.14192241,0.3728423,0.4136669,0.33883223,0.25328255,0.44942385,0.213216,0.25986108,0.34441537,0.22618888,0.40180406,0.2783273,0.2861464,0.09858772,0.22280584,0.3161292,0.18800947,0.080061294,0.13223888,0.14307572,0.14404282,0.47587284,0.09468538,0.12628415,0.103346854,0.29509032,0.47598943,0.09415033,0.036426373,0.17758223,0.062246073,0.22374135,0.107506715,0.05505733,0.19940253,0.16843796,0.29085922,0.24812685,0.4175529,0.14570887,0.23543504,0.010459099,0.39734137,0.048211556,0.07424507,0.24449846,0.19456127,0.37585893,0.14265326,0.12757784,0.13918209,0.64545786,0.25266203,0.084756166,0.1338981,0.0850825,0.34945637,0.23652989,0.21871328,0.46424168,0.42591822,0.12556063,0.25491002,0.4442033,0.34273648,0.039146975,0.4579305,0.057351515,0.75502735,0.04020222,0.07425386,0.041011892,1.0000002,0.45432308,0.06775479,0.63340634,0.29343536,0.19342124,0.07631337,0.2875476,-0.0070868386,0.26511675,0.01633618,0.3214404,0.28872702,0.2870686,0.24204943,0.19594297,0.1808373,0.14553007,0.6342014,0.011190598,0.31162143,0.13050044,0.48401457,0.065387994,0.14271116,0.0988298,0.4844425,0.058606483,0.50516045,0.49356288,0.15813121,0.44537896,0.12111025,0.029289056,0.6095298,0.37634376,0.49892604,0.06687706,0.024421154,0.16269884,0.089420125,0.11881332,0.6356412,0.1076676,0.095866926,0.2281412,0.18527679,0.14142641,0.32504976,0.16743058,0.025213875,0.19520508,0.527267,0.10276056,0.21747115,0.17822228,0.24434114,0.07830012,0.20362079,0.37919086,0.32356918,0.26489818,0.33581161,0.33200294,0.49918002,0.08269853,-0.0104136355,0.05486671,0.06966721,0.23931067,0.2212576,0.15518174,0.10136506,0.2007148,0.10647156,0.19390881,0.34486046,0.037721448,0.1379466,0.01952156,0.035403743,0.08929944,0.21023256,0.06968524,0.18367958,0.22790712,0.21665111,0.11719229,0.04165296,0.17947996,0.20472836,0.097100966,0.27533138,0.11377565,0.19875336,0.07506168,0.01576446,0.36063832,0.031730615
mash,0.21778217,0.30593932,0.28162256,0.26713836,0.12956755,0.29811156,0.1709021,0.1304552,0.13564846,0.38082635,0.1157406,0.20791252,0.17057773,0.24313334,0.23363268,0.33528835,0.24279696,0.20511791,0.19006285,0.25135058,0.05282464,0.2853129,0.085890606,0.120140396,0.12603587,0.20762728,0.2309425,0.39508095,0.37699026,0.1559222,0.13007501,0.35364297,0.094579935,0.1083848,0.093923196,-0.0048086587,0.35389435,0.14003019,0.11761995,0.20263053,0.6272487,0.38735113,0.15073012,0.20035335,0.19724272,0.20964366,0.16064751,0.19254643,0.021959322,0.3839427,-0.007855514,0.27889854,0.1556837,0.23911054,0.25444818,0.14224756,0.16915168,0.26086077,0.23147544,0.24035832,0.19672894,0.2089172,0.30773464,0.22784692,0.23584726,0.236138,0.2414481,0.33074877,0.24134198,0.17826256,0.19903362,0.1385725,0.076666586,0.3728065,0.1892102,0.20179719,0.28435647,0.21121672,0.13557553,0.48499656,0.41805828,0.2839871,0.21656866,0.3864994,0.23566258,0.2616586,0.21065697,0.30107093,0.24118981,0.2783646,0.09000979,0.34046212,0.35903656,0.33367902,0.37479836,0.13716114,0.2237753,0.15479216,0.29679155,0.489666,0.20978558,0.35705918,0.4373391,0.5169668,0.28609315,0.2548418,0.17028874,0.1131342,0.30944556,0.04497601,0.40651178,0.25858453,0.23509979,0.41301212,0.21255603,0.40487564,0.14331886,0.056084227,0.100933716,0.19890338,0.044180743,0.33876157,-0.012367959,0.25578585,0.11626557,0.18233436,0.06817585,0.20897329,0.045737237,0.32520446,0.043182675,0.18252747,0.22402808,0.20139658,0.33722758,0.25920984,0.17166126,0.34900826,0.37102646,0.16666186,0.32095748,0.21201125,0.14908531,0.22216788,0.17318922,0.34552416,0.26269782,0.21126796,0.08612132,0.26481223,0.22657552,0.30982143,0.32094514,0.14332493,0.13294348,0.46704063,0.3836252,0.24985036,0.19119726,0.095209435,0.046273734,0.4863341,0.28542423,0.34899363,0.2047385,0.09025405,0.28021985,0.38036683,0.4593199,0.22612861,0.20866837,0.2102581,0.45432308,0.9999999,0.1075823,0.59440935,0.28629482,0.33976573,0.22214663,0.3216517,0.074631535,0.24285223,0.055524897,0.27474132,0.28161758,0.20768356,0.31912965,0.27347192,0.20362926,0.41048962,0.299227,0.044882003,0.13803893,0.18342674,0.2140098,0.19417055,0.09175882,0.11227052,0.0961415,0.1045788,0.3331995,0.34564304,0.63084435,0.12741064,0.07690565,0.15995723,0.2168361,0.3574739,0.24986467,0.062935725,0.09575778,0.16769935,0.20249829,0.22338067,0.31167012,0.2875716,0.06286582,0.33017915,0.19831999,0.21976613,0.3112791,0.48732033,0.49905437,0.41808116,0.13013512,0.1395641,0.33876467,0.42849663,0.25095195,0.19172028,0.28709823,0.3004231,0.3608364,0.30710655,0.32856232,0.28652817,0.28656495,0.15545404,0.13960582,0.14976096,0.108943544,0.1031945,0.20197982,0.26784858,0.5347935,0.27790046,0.112706885,0.455756,0.30068618,0.16790596,0.19200754,0.041142464,-0.02263585,0.303329,0.24221097,-0.03453552,0.31208006,0.17337252,0.16891134,0.3335483,0.01567946,0.18560824,0.101321995,0.20932423,0.2491753,0.46589714,0.26318783,0.15501548,0.47179842,0.15882121,0.32882914
dash,0.02392662,0.07158165,0.19026303,0.04373674,0.095462985,0.037200086,-0.04104782,0.16190632,0.038631517,0.27074027,0.07147634,0.032530006,0.11761646,0.14401685,0.088844486,0.028101789,-0.02002533,0.116932705,0.013863482,0.015585366,0.09352529,0.1889984,0.14080408,0.031039672,-0.007985257,0.0068291277,0.25047123,0.19786471,0.13867494,-0.0029325467,0.17389187,0.21697246,0.043426834,0.1086594,-0.036405616,0.044266045,0.011848094,0.32976967,0.012917752,0.08870498,0.18744701,0.15925254,0.06773214,0.06941781,0.1607598,0.01589374,0.015506648,0.13963436,0.0053757895,0.13629167,0.0033510607,-0.02265068,0.11137302,0.21925867,0.007990494,0.119775064,0.14627223,0.14389923,0.22792804,0.28624174,0.06705251,0.011147857,0.120493464,0.08569116,0.10723618,0.20012558,0.29830307,0.12193798,0.047438804,-0.07006143,0.06202032,-0.029971842,0.20768575,0.13372567,0.09083901,0.060431845,0.15650505,0.20396265,0.09682819,0.13309702,0.05835056,0.023347363,0.17954834,0.1098385,0.18551111,0.17934349,0.16177435,0.107780054,0.23350787,0.25793713,0.037198372,0.13567962,0.0056792405,0.077979565,0.15173477,0.009978227,0.051474266,0.058778632,0.155747,0.1423331,0.061856262,0.07089213,0.179937,0.24393663,0.08069918,0.23269156,0.07534778,0.13764866,0.19337629,0.11726415,0.23279898,0.090112686,0.21332745,0.13890684,0.16852213,0.25138807,0.22481507,0.0041082203,-0.05625111,0.17578015,0.032939143,0.09963021,0.04336376,0.040995482,0.14353172,0.18171406,0.060709566,0.1571149,0.015847404,0.1079242,0.027990934,0.01779699,0.2504109,0.04212487,0.08643027,0.12426245,0.05550766,0.15643944,0.103667535,0.13551188,0.17929623,0.17533845,0.11350858,0.16195893,-0.0067068995,0.15568624,0.1580683,0.068951584,0.09628023,0.0039835293,0.13189198,0.13045324,0.25258112,0.17404431,0.34927016,0.26749355,0.14847845,0.09087028,0.11072004,0.036224194,0.0247646,0.14706886,0.1711556,0.13279645,0.11342911,0.038582843,0.29325446,0.28427303,-0.004581427,0.11432722,-0.024804998,0.19336484,0.06775479,0.1075823,1.0000001,0.1240346,0.07270181,0.3370843,0.09930856,0.20582134,0.113270596,0.23327118,0.078374006,0.17369592,0.099483505,0.029588567,0.14204544,0.078222975,0.26968202,0.08761479,0.0661297,0.08726699,0.16384543,0.121013016,0.07832185,0.203742,-0.027002312,0.08584709,0.02957771,0.3980226,0.021708267,0.12977687,0.17844227,0.016956616,0.16114345,0.22159901,0.0027123904,0.15137222,0.10742302,0.017937858,0.05339208,0.05518424,-0.0023747552,0.26761913,0.06088955,0.3105121,0.09701129,0.4141147,0.09767032,0.15353803,0.30425334,0.34607044,0.18904594,0.32276797,0.034184035,0.042960197,0.075713746,0.41822627,0.0035761865,0.24152127,0.12169559,0.28705224,0.15061054,0.24435434,0.18066692,0.13436556,0.2424828,0.24914217,0.054995067,0.20054278,0.09922773,0.10911905,0.09248263,0.12892269,0.2520375,0.016467568,0.17957613,0.20285892,0.15549436,0.07923764,0.0792642,0.08798439,-0.0071791783,0.08708482,0.012171332,0.0017435327,0.073149934,0.0784512,0.17445397,0.25284892,0.12167385,0.11133366,0.1745428,0.04337918,0.16003188,0.17107692,0.14681861,0.28842732,0.18947417,0.053019635,0.30299965
crush,0.1994357,0.40166467,0.16626006,0.4447099,0.077220865,0.45274353,0.093476005,0.08507936,0.030168837,0.21789747,0.12862927,0.38251114,0.111407205,0.07103282,0.36622682,0.24048471,0.12218816,0.43996042,0.0712636,0.15130134,0.07900197,0.22864707,0.1300984,0.05639542,0.35461056,0.18335298,0.24774602,0.2828228,0.35496148,0.12880743,0.15213162,0.32635832,0.09596935,0.19089739,0.030300576,0.0007507494,0.28908378,0.26416573,0.06778158,0.14868595,0.36078763,0.25615567,0.14444244,0.09934206,0.124584585,0.13278042,0.21481198,0.38980347,-0.036693558,0.17296316,0.015926208,0.23725048,0.23639968,0.25484353,0.15461212,0.1314624,0.12310939,0.336341,0.28458247,0.20467958,0.059687097,0.3756965,0.49123913,0.29203004,0.017693315,0.4732872,0.16009751,0.5826111,0.18618342,0.1742618,0.056028076,0.27673894,0.101973206,0.48691973,0.47881263,0.17005897,0.20803949,0.112887904,0.26970688,0.56996715,0.4052798,0.3125655,0.08027088,0.3196929,0.42644274,0.22029123,0.19934648,0.31613117,0.08973001,0.10483119,0.23474634,0.18468606,0.4973037,0.31405795,0.2721074,0.41518927,0.18489036,0.028541688,0.124544784,0.24737246,0.08192761,0.3270451,0.44931728,0.371965,0.18656598,0.35495389,0.16023478,0.22430785,0.33318794,0.21231192,0.4343561,0.27743948,0.30450994,0.13707797,0.21550208,0.3543862,0.16417104,0.025676366,0.107006475,0.16484062,0.12437674,0.5103177,0.04441243,0.16985258,0.17075045,0.21409288,0.3387816,0.09579507,0.056776494,0.2201499,0.052747853,0.12663165,0.22083585,0.09315365,0.22810668,0.21956646,0.25848,0.2023441,0.3011237,0.0844481,0.30515987,0.0838779,0.2772772,0.045100108,0.116246134,0.17251532,0.1421015,0.32426476,0.13255975,0.20116918,0.29693156,0.6677468,0.21021482,0.17763215,0.16034214,0.13549452,0.40367883,0.18754987,0.13678926,0.39954302,0.292034,0.29080927,0.31767118,0.39470708,0.28633767,0.07686511,0.3550067,0.13480367,0.634745,0.1263392,0.09763703,0.12517843,0.63340634,0.59440935,0.1240346,0.99999976,0.26808572,0.20686261,0.07274151,0.3807196,0.03119244,0.2816588,0.07781543,0.29599267,0.22684054,0.26062846,0.1570098,0.27970487,0.18672824,0.19614618,0.34257275,-0.0036540758,0.25649086,0.16135606,0.44294453,0.22919574,0.08472472,0.11512618,0.2924111,0.091085605,0.5741996,0.3451243,0.2232151,0.29655498,0.11585663,0.109974936,0.46620506,0.3924032,0.43191043,0.12842026,0.081648864,0.2121369,0.061596386,0.26820454,0.5783209,0.22949208,0.11614317,0.21890518,0.11920315,0.28125477,0.41601545,0.23097998,0.1789616,0.28521404,0.43858218,0.09265879,0.2868256,0.28649968,0.13457286,0.101985335,0.15784574,0.462166,0.37423676,0.36042562,0.39456552,0.21345301,0.42457506,0.070324406,0.082184814,0.18524082,0.12633997,0.08877938,0.21116126,0.16174299,0.15544143,0.28475124,0.086348295,0.25072592,0.37699628,0.1267412,0.20303296,0.026893545,0.023466079,0.180635,0.14484166,0.07256317,0.22294219,0.19413377,0.2196947,0.2064057,0.055564076,0.10493125,0.17576462,0.17018878,0.2908216,0.25213954,0.21578342,0.1479965,0.15729424,0.34842175,0.16440757
drain,0.26123378,0.3304816,0.39083534,0.18281484,0.17243399,0.23917079,0.3301644,0.20972803,0.25779837,0.13063234,0.32354495,0.31827015,0.23041128,0.15597154,0.1895175,0.36386,0.65488684,0.09439835,0.21028288,0.17340368,0.16086906,0.16016522,0.18982413,0.21806332,0.28422967,0.13441303,0.5688659,0.17344385,0.337822,0.15029459,0.61561906,0.53575134,0.21663219,0.27791354,0.13759339,0.19843224,0.27602193,0.35266882,0.13017908,0.35714215,0.36565584,0.45083815,0.32938522,0.280436,0.41333878,0.35005075,0.54899776,0.1027911,0.07113283,0.24956611,0.21027592,0.17079434,0.21699828,0.267973,0.28674474,0.29385367,0.11052114,0.253854,0.23952247,0.3753397,0.22947703,0.53871304,0.2854661,0.31988212,0.23491469,0.1904312,0.2903015,0.21581137,0.15836702,0.18315618,0.28556243,0.36132526,0.1885594,0.34749675,0.08300826,0.30575484,0.27636912,0.349143,0.29838485,0.26718274,0.22676292,0.61477506,0.37510473,0.38983735,0.16910017,0.618048,0.31301987,0.53606516,0.43454704,0.2785681,0.26305586,0.3693997,0.18524659,0.44775814,0.35878816,0.11392532,0.37263954,0.15945491,0.28715038,0.38130563,0.1919954,0.53925145,0.28597492,0.33874303,0.32247397,0.18083848,0.56533915,0.20189549,0.43298644,0.08265968,0.2149319,0.3461269,0.3266142,0.20091596,0.19037408,0.44634527,0.08912874,0.1414503,0.44860527,0.378852,0.4411537,0.37917113,0.20061582,0.38864532,0.16520438,0.044867028,0.11672132,0.16619441,0.29692802,0.117760025,0.15789211,0.35517415,0.2720677,0.3768435,0.65350986,0.14210628,0.3737536,0.2998851,0.06381572,0.37209988,0.44116077,0.10227688,0.27952155,0.16655922,0.14128897,0.48643303,0.24326873,0.16620834,0.3215428,0.50082403,0.47422576,0.2049157,0.4073605,0.26529267,0.25423142,0.29781058,0.21482626,0.24296334,0.17852008,0.28758198,0.14823522,0.3090316,0.15442812,0.30058745,0.37147132,0.16384116,0.3876651,0.24724731,0.23319478,0.31712562,0.26390558,0.20129839,0.29343536,0.28629482,0.07270181,0.26808572,1.0000002,0.40405923,0.14446071,0.5378383,0.20910414,0.41282743,0.18316747,0.19076854,0.31534135,0.5006406,0.09485465,0.20037659,0.30285978,0.2928917,0.26321375,0.24841973,0.2604833,0.36572295,0.29355186,0.2803531,0.2320074,0.20139821,0.15569916,0.1918104,0.16190967,0.28256872,0.32209396,0.192857,0.20746846,0.28914797,0.33583534,0.13610968,0.44797495,0.28719947,0.16504185,0.2553208,0.30709457,0.33311778,0.43960607,0.34955537,0.3683033,0.25879815,0.100130215,0.35545707,0.3841611,0.27516273,0.25154328,0.4060641,0.36335927,0.14804186,0.34602344,0.23727924,0.19886261,0.124854445,0.26923695,0.32090002,0.33505,0.3449052,0.4692104,0.23354372,0.46695504,0.3131945,0.097500205,0.24459597,0.12343308,0.15722907,0.41117823,0.3404085,0.3194317,0.1887081,0.13320318,0.35591537,0.37636533,0.1483761,0.32609057,0.101040564,0.17593297,0.2879538,0.20950764,0.06622407,0.42387706,0.59026134,0.25304943,0.4602738,0.04055452,0.097448856,0.19171913,0.3948617,0.3718179,0.3044139,0.45104092,0.318436,0.19897291,0.1562305,0.27454358
splash,0.26219764,0.17893046,0.4175877,0.13128102,0.38153327,0.15052038,0.04345396,0.22510016,0.12737083,0.30546612,0.10771356,0.1853403,0.27200574,0.2575227,0.15407011,0.3201751,0.27722934,0.11278275,0.15947926,0.2446315,0.24162313,0.22960207,0.099005006,0.1763094,0.06654006,0.3322292,0.35649973,0.24508147,0.4708516,0.16919973,0.36252797,0.35785985,0.15501645,0.20458364,0.22072199,0.1092398,0.18414354,0.25810367,0.05667229,0.307352,0.4128754,0.6110692,0.15531197,0.2501214,0.5026287,0.20621434,0.13596758,0.10712764,0.06499224,0.43535462,0.023392849,0.15974015,0.119184986,0.27804866,0.2544409,0.28826642,0.26606423,0.31700563,0.34210527,0.4418884,0.13149315,0.10630739,0.2751844,0.34606546,0.4606099,0.16483475,0.4239835,0.17624065,0.20888233,0.072559215,0.23401827,0.11292911,0.2967202,0.22123113,0.14191961,0.123813264,0.30546373,0.61879504,0.21789727,0.22163473,0.12704068,0.3694072,0.4379391,0.42224306,0.18254614,0.4743489,0.34581006,0.4563288,0.51644063,0.5896348,0.14171258,0.45213073,0.27795416,0.39460635,0.47042942,0.05226408,0.18087569,0.172581,0.38711175,0.39116505,0.24768221,0.33112538,0.30199543,0.31057143,0.33553916,0.12452988,0.33943453,0.17616782,0.24995951,0.17068742,0.29160544,0.13682653,0.14030999,0.3241171,0.24439572,0.6658951,0.28491122,0.13246617,0.06832206,0.3654232,0.2369287,0.25163114,0.11016017,0.34227544,0.11227993,0.20500392,0.03249433,0.3382672,0.22493623,0.23403786,0.114844486,0.29731297,0.29024464,0.24856201,0.3343174,0.16207585,0.09777411,0.5161245,0.3665982,0.3825856,0.37003082,0.3426356,0.26551646,0.399704,0.09853282,0.52980864,0.5828726,0.11903852,0.13569549,0.33425626,0.25732872,0.1567646,0.77241886,0.25829333,0.19169417,0.41967693,0.39185375,0.2835899,0.20885038,0.07072905,0.09276417,0.4579875,0.21489663,0.09550247,0.25830102,0.046320513,0.2119607,0.3445378,0.072625816,0.23215476,0.17002553,0.2966584,0.19342124,0.33976573,0.3370843,0.20686261,0.40405923,0.9999999,0.45003986,0.27671778,0.16807091,0.51881135,0.121299535,0.11051045,0.27957064,0.17713831,0.39735746,0.37320665,0.4051149,0.25447583,0.30795276,0.21082062,0.04909595,0.16001289,0.15515229,0.26897717,0.17024314,0.115192235,0.028857376,0.13280928,0.18417168,0.37499398,0.5017106,0.12098088,0.18204343,0.24815233,0.1378858,0.2477817,0.29411894,0.10588291,0.14163226,0.22955555,0.23542204,0.32592303,0.233185,0.36356014,0.16754712,0.52400553,0.2373907,0.29440236,0.36530375,0.38017285,0.42887658,0.5535184,0.15736258,0.28683352,0.43729094,0.4774748,0.17995955,0.3999092,0.3882455,0.29601336,0.3293939,0.26092207,0.24878871,0.43241417,0.23871878,0.57298636,0.034742214,0.22831553,0.13010004,0.2007179,0.27194172,0.37839907,0.48639166,0.22263548,0.188863,0.5514553,0.217781,0.23054716,0.21511137,0.08364118,0.13689803,0.3109625,0.17891458,0.013504946,0.2606517,0.44611192,0.24330246,0.48762572,0.054380797,0.23342294,0.14669071,0.260098,0.40864298,0.47276184,0.29885656,0.4682708,0.43573993,0.089615,0.44357342
glaze,0.12248926,-0.009248169,0.19441175,0.16455966,0.39439607,-8.972362e-06,-0.0668898,0.19474828,0.094284564,0.22454405,0.022357842,0.083994195,0.13418755,0.113397256,0.1165452,0.13193381,0.120517604,0.036785446,0.117364086,0.16087808,0.38403332,0.13890916,0.034821097,0.37718913,0.018626045,0.52608025,0.041542552,0.22738409,0.37697697,0.19659549,0.093824536,0.12823796,0.2444897,0.30956978,0.5010748,0.14478844,0.05399774,0.07402347,0.072751954,0.07626812,0.20360568,0.42445657,0.081176184,0.10955851,0.2974668,0.21593848,0.06325737,0.039993264,0.19434884,0.3854663,0.047741834,0.11814805,0.08054229,0.19220537,0.07481018,0.19392249,0.28840744,0.15270348,0.37451726,0.26459774,0.10550499,-0.0059850663,0.12787569,0.06860061,0.38909253,0.07602838,0.20938991,0.113753274,0.07973817,0.2552873,0.43585658,0.11075753,0.35743135,0.13127252,0.062468037,0.11816509,0.18474564,0.3223827,0.14987037,0.14843431,0.10216226,0.15275642,0.20345046,0.22047172,0.1341472,0.075857386,0.1738041,0.26611012,0.24000676,0.40744588,0.1432312,0.20136704,0.1982013,0.081926614,0.28314516,0.031346954,0.15767747,0.12903047,0.25314957,0.11066,0.21147457,0.10089496,0.041510735,0.13863137,0.07629699,0.07271001,0.15047066,0.2651049,0.20762566,0.11649351,0.070320226,0.10920752,0.032314435,0.19674751,0.09041992,0.40392303,0.50966823,0.105713874,-0.022522932,0.18764058,0.18391608,0.1935401,0.1475813,0.25550002,0.04242057,0.27121127,0.014325205,0.283307,0.15261984,0.078896746,0.03789357,0.23787314,0.22345334,0.20165133,0.11288904,0.01088457,0.20720679,0.3971864,0.40051264,0.17731744,0.15993428,0.3042879,0.048979416,0.50543797,0.16395709,0.14851281,0.57147515,0.12990096,0.13695621,0.11328776,0.09993198,0.07657287,0.43409002,0.1829029,0.079851545,0.14304772,0.12921824,0.11010189,0.11235288,0.038928352,0.0771257,0.2434178,0.14676447,-0.0001488626,0.012642998,-0.022521265,0.1464976,0.24149454,-0.028961536,0.16464359,0.12062536,0.25431484,0.07631337,0.22214663,0.09930856,0.07274151,0.14446071,0.45003986,1.0,0.101147786,0.13658339,0.21810667,0.14789161,0.029354572,0.26008272,0.1809754,0.5826167,0.34339786,0.16014801,0.18025938,0.10989007,0.10746576,-0.061210718,0.07256208,-0.0008378457,0.16165414,0.2763201,0.062001977,0.025917646,0.08004926,0.24343282,0.1709995,0.3075195,0.079886064,0.08141468,0.242996,0.26408842,0.047452256,0.11962338,0.11631415,0.17057815,0.26229158,0.059334554,0.1752602,0.07039294,0.217227,0.16572393,0.35028172,0.4959304,0.15204173,0.15004385,0.29926088,0.23661384,0.2873332,0.19442938,0.5596694,0.28873914,0.17079613,0.17688966,0.31978464,0.3802759,0.033156253,0.17797264,0.14321549,0.21196705,0.3942955,0.09183627,0.3216554,-0.023884723,0.12732016,0.042104226,0.11352409,0.21462712,0.17281806,0.2968693,0.14975779,0.086459056,0.30571422,0.13554919,0.18067828,0.10917847,0.15037823,0.12981777,0.20826049,0.13487351,0.0005925745,0.14349896,0.19885913,0.16465029,0.19223787,0.060634624,0.50356853,0.18832976,0.21214467,0.2687322,0.24269903,0.13188612,0.27521563,0.21380019,-0.0054817256,0.27653107
break,0.1646527,0.24989529,0.0870149,0.22654428,0.14223962,0.13293204,0.15643282,0.42645252,0.117892966,0.27960986,0.29799122,0.18465747,0.37549087,0.24298352,0.28898427,0.23700415,0.310702,0.18076064,0.22426385,0.08558466,0.2438293,0.065548465,0.13940991,0.17580067,0.2714074,0.07833251,0.25646296,0.23318192,0.30810684,0.11621626,0.20766218,0.27404115,0.26231444,0.37136006,0.12688613,0.18603683,0.2899158,0.50172025,0.20022151,0.15576637,0.513063,0.32838216,0.22011575,0.1724378,0.2042067,0.11354688,0.3487721,0.16327702,0.057740793,0.38423344,0.22999653,0.29988497,0.45076513,0.55054724,0.15117553,0.27170473,0.24315229,0.43516302,0.3207174,0.50158376,0.22668801,0.42353463,0.40371034,0.2838995,0.2928688,0.44609198,0.2220574,0.26492968,0.1350014,0.107165106,0.23492141,0.32361716,0.12622318,0.731103,0.16081998,0.26295507,0.3365824,0.07149167,0.2700651,0.55193937,0.44360626,0.14076407,0.1836465,0.39024186,0.21247433,0.18613586,0.23818237,0.49023718,0.20332089,0.14958748,0.22504407,0.14243767,0.13759838,0.4017012,0.40205026,0.1014164,0.15444468,0.19046368,0.2256832,0.28958768,0.18969628,0.21913026,0.54675794,0.48354524,0.11177443,0.46677357,0.10630655,0.38585424,0.5636238,0.13175856,0.22056904,0.6623707,0.7742629,0.3590997,0.1697981,0.29775417,0.1432744,0.07091184,0.25344914,0.2138933,0.27572018,0.45262182,0.15230311,0.12533908,0.15423986,0.21615976,0.24657643,0.14260142,0.16173095,0.123485364,0.050173484,0.08156461,0.49513975,0.06673688,0.39986396,0.13367367,0.32260412,0.09818031,0.102433965,0.1587264,0.34094554,0.21707924,0.3717103,0.3031796,0.16131341,0.26001722,0.1611878,0.293866,0.3000012,0.29395834,0.518782,0.156285,0.28416726,0.39524308,0.4368806,0.3150692,0.22053558,0.06707516,0.21510294,0.3559635,0.1849829,0.36359817,0.17845304,0.65531045,0.34199515,0.075649075,0.30635366,0.352038,0.37291315,0.59133637,0.008006227,0.44874364,0.2875476,0.3216517,0.20582134,0.3807196,0.5378383,0.27671778,0.101147786,1.0000001,0.24767727,0.48707077,0.14715451,0.5645387,0.30620587,0.41808772,0.14213666,0.16425475,0.08413236,0.18038633,0.17249812,0.07201378,0.6822152,0.44155926,0.37245357,0.35646486,0.31208384,0.17776756,0.24118355,0.2550457,0.06881242,0.270622,0.36767772,0.14948288,0.19414228,0.43754622,0.21266012,0.16479029,0.24664325,0.27808034,0.16089356,0.30882263,0.06658008,0.5190178,0.41608465,0.54009736,0.28222203,0.43593603,0.12757793,0.39407688,0.8243904,0.28194937,0.44263595,0.3775751,0.26177382,0.22838232,0.12504415,0.36256054,0.18055856,0.18202338,0.29403389,0.66512835,0.28348202,0.8682827,0.830162,0.15847069,0.85812294,0.016313542,0.08919675,0.36487532,0.11332952,0.19558732,0.32968432,0.1766101,0.4452579,0.021365369,0.17197296,0.38925827,0.8237151,0.13691127,0.33407295,0.0801993,0.102548435,0.314115,0.13075608,0.007993386,0.37469536,0.13223785,0.21417508,0.35948926,0.061895173,0.06942366,0.17325008,0.4500575,0.37118906,0.37479347,0.40153748,0.40396705,0.3835934,0.13743462,0.45830002
chill,0.13132147,0.08213013,0.09710334,0.019632477,0.07523176,0.0006353976,0.047425088,0.26067916,0.15895571,0.07048665,0.26395848,0.020323489,0.16718125,0.08971587,0.0040418194,0.29491344,0.16227083,0.0045715338,0.31512854,0.13646851,0.3073659,0.023659185,0.14044026,0.19130298,0.48776054,0.093668446,0.3205499,0.11524008,0.22411382,0.23863527,0.2756201,0.056191985,0.14449729,0.16292988,0.15424457,0.20949575,0.14544705,0.20405483,0.23935482,0.054494023,0.24079557,0.18015057,0.66529715,0.09723997,0.25727415,0.03542966,0.43363917,0.009598879,0.3170483,0.120145455,0.30833578,0.17482325,0.08472571,0.16611832,0.098821364,0.5283402,0.22541498,0.2326191,0.23747021,0.22206533,0.21912827,0.1575679,0.04688493,0.14606161,0.2587279,0.063843496,0.55780876,0.03168779,0.13713974,0.18416555,0.2026053,0.16796702,0.16980001,0.09435023,-0.031337585,0.12444858,0.20605734,0.20646538,0.19239643,0.10252619,0.14463568,0.095917165,0.15160528,0.15993947,-0.040408667,0.13207941,0.19632089,0.2338692,0.21444237,0.1784589,0.09577639,0.16031522,-0.008006174,0.08133738,0.15104559,0.17588192,-0.024879001,0.1804236,0.20031637,0.04070419,0.29565275,0.088094376,0.14149594,0.18464896,0.08099914,0.05066557,0.10416065,0.20487782,0.1781539,0.04635288,0.060865685,0.31754258,0.17098927,0.1780118,-0.04301866,0.25823146,0.062423613,0.017618679,0.45006788,0.30984288,0.25437185,0.19335708,0.19569074,0.032846585,-0.033064276,0.055793688,0.0016680807,0.23587121,0.23225889,-0.014748162,0.13171665,0.04080699,0.15132128,0.005402322,0.08227462,0.108523205,0.04052043,0.08411002,-0.028995886,0.26192093,0.21375099,0.19467884,0.08315897,0.23353434,0.30268484,0.2701198,0.11279464,0.13423279,0.51811653,0.20748284,0.20838645,0.085590266,0.19774485,0.2592262,0.15562922,0.19974564,0.087186925,0.23805204,0.14508966,0.07157685,-0.032628916,0.16793802,-0.0053778826,0.07259611,0.124970086,0.015827134,0.09962605,0.1397874,-0.06558736,0.33170676,0.020546902,0.23100013,-0.0070868386,0.074631535,0.113270596,0.03119244,0.20910414,0.16807091,0.13658339,0.24767727,0.9999999,0.23199162,0.15073487,0.20123802,0.15125832,0.21591523,0.07165916,0.2100316,0.1462549,0.37145457,0.036358006,0.16967723,0.11527242,0.32374728,0.04629492,0.19792058,0.2529351,0.1946536,0.037479524,0.07025621,-0.015221309,0.12253048,0.17246847,0.012544364,0.12457388,0.27636057,0.017627427,0.037795637,0.24923745,0.41469377,0.17056301,0.20532441,0.12441972,0.24383086,-0.011498143,0.19943504,0.20329008,0.1810067,0.042492323,0.1744141,0.28497404,0.13422886,0.13513443,0.15045774,0.04689472,0.17310515,0.07990888,0.110917404,0.22066128,0.2222783,0.16243961,0.20185423,0.07447196,0.21735491,0.15560472,0.13873327,0.20399785,0.20729174,-0.029296333,0.22935206,0.014375489,0.14416066,0.1471188,0.2841245,0.14557233,0.04250144,0.7214895,0.15165572,0.21969403,0.14968511,0.2389758,0.44814363,0.2803615,0.2240406,0.16411626,0.062221244,0.14703736,0.15683505,0.6086119,0.13706298,0.011308299,0.07721257,0.34880686,0.42630342,0.20515844,0.13552062,0.13627054,0.22957475,0.12638041,0.06729689,0.11061983
drop,0.24557811,0.30547762,0.2921879,0.27618623,0.3167597,0.31872514,0.07171218,0.38650823,0.16157651,0.39675367,0.38191533,0.2077792,0.3330226,0.23956227,0.37381178,0.36458808,0.29038915,0.19812663,0.27457556,0.22211453,0.34572884,0.19082522,0.13682753,0.29274702,0.27291662,0.19660127,0.2716485,0.22674492,0.5235297,0.20154475,0.30979013,0.2872015,0.24611063,0.25752735,0.22656308,0.21202707,0.257372,0.32437646,0.076462895,0.23777553,0.57979536,0.36626863,0.2553009,0.20320684,0.29010883,0.2459619,0.3092314,0.18572626,0.12230143,0.2987079,0.21748166,0.31612957,0.2540884,0.27199838,0.27875167,0.3075408,0.34735978,0.43771,0.26934564,0.63159907,0.13369371,0.35831192,0.33648476,0.38128507,0.2728514,0.30092442,0.33975604,0.2546309,0.18143873,0.12569241,0.33272585,0.31854194,0.27289143,0.3750561,0.25300434,0.35943523,0.51488066,0.35664612,0.4641063,0.262463,0.25070095,0.29752272,0.2771671,0.34349144,0.3015228,0.373433,0.36532995,0.6921755,0.38500947,0.2588336,0.33458623,0.27180052,0.24345621,0.37803528,0.68049955,0.19688416,0.21535031,0.2776346,0.39898872,0.26921818,0.33803695,0.4517296,0.3492083,0.26072726,0.30311614,0.22173059,0.23323025,0.29561204,0.32414174,0.39973325,0.28090397,0.3189158,0.3037368,0.36104333,0.37481433,0.33629322,0.19093315,0.120118156,0.17415223,0.2931624,0.38110197,0.37198183,0.17350279,0.26460043,0.28652444,0.21524557,0.13674736,0.27818224,0.36969724,0.3326154,0.28659618,0.24921936,0.4058413,0.19080448,0.2545533,0.19293171,0.26652467,0.35521603,0.32478762,0.2915241,0.27315894,0.30608407,0.3119998,0.2533121,0.09815572,0.44065958,0.40562916,0.23000221,0.26391044,0.35866836,0.4901031,0.22409478,0.39588976,0.41697264,0.31091252,0.34662074,0.40139538,0.23690616,0.21287033,0.23863783,0.1317797,0.42749584,0.376696,0.28533936,0.42944255,0.28024322,0.30095804,0.34139314,0.23529837,0.37776953,0.151119,0.38732007,0.26511675,0.24285223,0.23327118,0.2816588,0.41282743,0.51881135,0.21810667,0.48707077,0.23199162,0.9999998,0.29249257,0.21751979,0.32653564,0.461821,0.24473163,0.38085252,0.26278615,0.21404968,0.4568544,0.14088556,0.18527195,0.34787363,0.3184948,0.52728325,0.266472,0.120329656,0.21917398,0.1751157,0.1117437,0.4992829,0.37417334,0.2175489,0.31165826,0.3189221,0.24163742,0.2854205,0.27429312,0.3932262,0.22833264,0.45828784,0.16107619,0.58032155,0.4301554,0.4940295,0.3694321,0.39924097,0.15720698,0.4743365,0.49193048,0.34900588,0.3926363,0.51911527,0.29520684,0.31165892,0.42968154,0.48871228,0.14357391,0.31915087,0.3844614,0.40384656,0.49447608,0.43015897,0.42495304,0.28043762,0.4128752,0.26379713,0.20206311,0.5143338,0.21782771,0.1816178,0.48228905,0.3031866,0.39475787,0.31204298,0.20086786,0.6354819,0.40596187,0.35169202,0.43427628,0.16448641,0.2367822,0.27405298,0.09763381,0.22444987,0.51160264,0.31852198,0.32927915,0.5310193,0.18129407,0.16231704,0.20042533,0.5096195,0.61127704,0.45817325,0.5328635,0.5528166,0.35835403,0.39480552,0.5908407
test,0.2842681,0.06557756,0.15781572,0.12760483,0.09531228,0.10611358,0.10684973,0.22344509,0.18696995,0.12955639,0.22488077,0.2914612,0.038293973,0.16316195,0.18111095,0.17092125,0.23187959,0.1002014,0.2971885,0.26292375,0.15164477,0.045487992,0.24313797,0.21562043,0.20364621,0.06906932,0.06341386,0.35871384,0.18581548,0.18605758,0.09530399,0.030323012,0.17340255,0.18543345,0.27850792,0.34897268,0.0056941807,0.25299573,0.23380172,0.12539163,0.16099033,0.17628491,0.1595057,0.25608128,0.21189469,0.22954006,0.16799858,0.09619209,0.35156497,0.13986126,0.20404339,0.24817762,0.05141417,0.177571,0.2512237,0.29566437,0.1944541,0.12959659,0.21117899,0.2784788,0.23407498,0.18358772,0.047212727,0.1032501,0.18004785,0.0010186359,0.12296129,0.06105789,0.21164417,0.12932327,0.2566949,0.2804023,0.11556725,0.01620214,-0.023959406,0.5108596,0.40287954,0.109731026,0.518808,-0.032232966,0.22870535,0.03418766,0.091188475,0.030749585,0.048801366,0.056246497,0.25398466,0.32828754,0.065534554,0.074284635,0.40888387,0.073207915,0.018063437,0.15639573,0.28555548,0.1138103,0.03543323,0.21791363,0.2582328,0.027881777,0.16678798,0.20981681,-0.0261207,0.10506721,0.14300372,0.06918205,0.025774939,0.14845015,0.022364886,0.20375049,0.1020015,0.24592263,0.016953098,0.103042856,0.09045787,0.16290322,0.23463011,0.0914215,0.087102346,0.2763612,0.39128622,0.312389,0.26751626,0.1473133,0.2681242,-0.034022797,0.048859365,0.16410822,0.38719028,0.11510602,0.20250706,0.059794556,0.39002234,0.23147151,0.05459635,0.14844361,-0.0068441555,0.10592687,0.091502525,0.21377596,0.1653986,0.13146308,0.025868546,0.22109303,0.23000234,0.08950949,0.13198113,0.026245834,0.29075575,0.24151778,0.2545345,0.03344609,0.10208292,0.2931369,0.30407667,0.11037079,0.1471215,0.20906952,0.20466234,0.1480144,0.03311242,0.11214085,0.16678813,-0.0074635306,0.05795305,0.19908795,0.1307848,0.15620269,0.021696635,0.18457013,0.15598342,0.45960265,0.01633618,0.055524897,0.078374006,0.07781543,0.18316747,0.121299535,0.14789161,0.14715451,0.15073487,0.29249257,1.0000001,0.07768901,0.27118802,0.27763325,0.03068339,0.23526943,0.10830265,0.18482298,0.09235452,0.15289444,-0.03304117,0.25842217,0.11158872,0.18746287,0.28203887,0.27443355,0.029422987,0.09975426,-0.009683203,0.11986986,0.10801215,0.08700113,0.27559698,0.26373106,0.1258213,0.11749144,0.15057045,0.36250198,0.8751938,0.30001855,0.2172603,0.30794427,0.033494297,0.23341092,0.5795277,0.12577447,0.035707057,0.20371816,0.09299596,0.13233772,0.14437222,0.2806512,0.04440835,0.14767596,0.15341246,0.17832544,0.20556006,0.1443575,0.17456219,0.037175015,0.23815584,0.10989016,0.0839705,0.07052683,0.1269742,0.08158144,0.2362349,0.29932266,0.2431941,0.1393826,0.24265367,0.2585017,0.11690146,0.30247068,0.07556018,0.22670755,0.10972731,0.6058688,0.4720536,0.38584977,0.18724184,0.25548494,0.13623998,0.12014464,0.18394393,0.09169523,0.21274242,0.25044292,0.3095178,0.13968301,0.2823004,0.36983818,0.21398589,0.097745,0.17514846,0.33277076,0.12295802,0.2306492,0.24607474
dice,0.045912556,0.07488134,0.08460164,0.18289217,0.04318453,0.07716011,0.093639605,0.24959056,0.124516025,0.16845104,0.13701674,0.07364179,0.23568797,0.093599305,0.19274616,0.08767076,0.07151789,0.096832976,0.09215719,-0.049209446,0.14500253,0.07155112,-0.002389831,0.08270919,0.09578784,0.005040621,0.19491282,0.07077042,0.13711032,0.06354725,0.10549706,0.21540472,0.17086591,0.21447538,-0.02488049,0.061773457,0.13967955,0.29983103,0.15642604,0.10203153,0.32553256,0.1687856,0.16743028,0.032568548,0.015537599,0.11883261,0.13942209,0.07671614,0.08916621,0.16433218,-0.018566564,0.08838025,0.4454218,0.40155345,-0.017383417,0.15395133,0.07507613,0.3219794,0.14065734,0.15158007,0.1792043,0.17841889,0.38824308,0.20609866,0.068862066,0.45552656,0.21093929,0.3154059,0.111428455,0.08716846,0.110163145,0.19050924,0.07740182,0.58490324,0.20605168,0.06529578,0.099273585,0.05614749,0.12533092,0.4857518,0.47983152,0.054842822,0.025401361,0.19184987,0.1427716,0.046153303,0.1106762,0.15797383,0.05803618,0.15099812,0.09292857,0.083454564,0.10261573,0.2503987,0.18860722,0.09977651,0.16198705,0.11609094,0.043825433,0.09314838,0.14286444,0.10451769,0.49543017,0.47999412,0.006650584,0.45175427,0.02890114,0.23830143,0.42393336,0.10968158,0.13277361,0.5087765,0.68294,0.17083272,0.17317829,0.14592214,0.11597717,-0.010879018,0.11390919,0.10034397,-0.009183969,0.3282424,0.07799998,0.07450169,0.110795304,0.28353414,0.34465918,0.103792265,-0.039005846,0.14477725,-0.027664118,0.0592812,0.28405556,0.061457377,0.22113337,0.06491872,0.15903299,0.096270986,0.1879846,0.13261001,0.19239134,-0.011683156,0.32589203,0.087354794,0.071751185,0.10134604,0.06543271,0.29867905,0.13723212,0.022340503,0.20324391,0.18242586,0.1577189,0.18381159,0.2903952,0.1164081,0.11469207,0.017002953,0.16624409,0.237344,0.16283771,0.1598054,0.12929794,0.5970668,0.2750709,-0.018915774,0.24200283,0.16363722,0.35535547,0.31888348,-0.015128799,0.23714314,0.3214404,0.27474132,0.17369592,0.29599267,0.19076854,0.11051045,0.029354572,0.5645387,0.20123802,0.21751979,0.07768901,1.0,0.1774215,0.13803712,0.1520954,0.03788905,0.060061134,0.13195002,0.19462146,0.014974166,0.6212903,0.1767605,0.20454133,0.1323016,0.14932905,0.16993187,0.19969021,0.14692914,0.08385262,0.25993788,0.26991034,0.15936449,0.15503068,0.19047524,0.14060561,0.1168419,0.19381197,0.092851266,0.0647464,0.08538549,0.046705224,0.21885663,0.21864295,0.25621617,0.09217802,0.33025998,0.1970587,0.14224753,0.6421882,0.17798069,0.19081196,0.2221241,0.13463157,0.06561049,0.051191308,0.21611245,0.1640328,-0.0069476943,0.14175814,0.6567615,0.11435044,0.64487,0.51748073,0.12908103,0.6263536,-0.009079814,0.0011067204,0.08020021,0.024591923,0.16574791,0.056770608,0.09139973,0.2722091,0.042505547,0.17050943,0.16224572,0.6280886,0.11987436,0.103622064,0.115504146,0.02095851,0.16992421,0.102564484,0.023563003,0.12904356,0.02038414,0.1451886,0.1316942,0.09716151,0.14826836,0.10395962,0.19821365,0.22106402,0.18216771,0.1493507,0.135129,0.15653369,0.082443215,0.18672264
lard,0.32370692,0.16038862,0.16068104,0.32270166,0.14370891,0.26243168,0.2031098,0.22555472,0.016069937,0.14727196,0.17554122,0.27317256,0.15351747,0.16254409,0.2355982,0.12752184,0.2643406,0.24113803,0.2363959,0.21933085,0.25282738,0.11539721,0.10856004,0.1962486,0.25468507,0.39823782,0.113045774,0.27279562,0.22752193,0.08662757,0.11398935,0.16373312,0.27001712,0.28224418,0.3074823,0.29032937,0.30681837,0.31037444,0.20979041,0.15246856,0.27819622,0.26845878,0.08447765,0.18075705,0.25412256,0.12013604,0.19849414,0.25209254,0.32787478,0.4343679,0.2211482,0.37612975,0.2069292,0.28681755,0.22454098,0.19618225,0.20270017,0.32641453,0.25731117,0.47916102,0.23070991,0.2357543,0.269768,0.19815692,0.22041869,0.1597036,0.19083208,0.28007755,0.23745324,0.17449614,0.25700724,0.3969332,0.18392706,0.18989515,0.20130013,0.20690876,0.1403988,0.19349721,0.28912103,0.19281696,0.15388235,0.23941024,0.18078703,0.08608425,0.24872386,0.18602948,0.4933169,0.31963038,0.23801062,0.14772409,0.18222052,0.13100839,0.112440184,0.26188454,0.25095692,0.16144916,0.058530595,0.26026663,0.290115,0.13425228,0.23287989,0.17077743,0.10889798,0.19232163,0.18452689,0.10753317,0.06777937,0.2916016,0.12507911,0.11193156,0.25333366,0.44138837,0.15851296,0.19325867,0.089198224,0.3998063,0.20074482,0.0739434,0.17599615,0.31757176,0.27234554,0.46147704,0.26810184,0.09939541,0.07978536,0.0925127,0.17253985,0.16407833,0.22779727,0.082858875,0.045914497,0.06631598,0.34137502,0.10523322,0.10147801,-0.0014264025,0.060890306,0.19611925,0.15076376,0.29038638,0.34470463,0.1774576,0.19681986,0.27403915,0.1660938,0.15084028,0.14893058,0.23289898,0.27031344,0.49655414,0.3204166,0.18943202,0.33816218,0.24544078,0.17825824,0.17745449,0.23840651,0.20196898,0.3868277,0.38676167,0.24737972,0.24649195,0.17564344,0.028510908,0.069595054,0.022895858,0.2011896,0.4696409,0.19822824,0.27759823,0.031783156,0.39755464,0.28872702,0.28161758,0.099483505,0.22684054,0.31534135,0.27957064,0.26008272,0.30620587,0.15125832,0.32653564,0.27118802,0.1774215,1.0,0.26086017,0.20452774,0.34552807,0.19618899,0.24532461,0.20558864,0.12165293,0.09315495,0.42127678,0.37941512,0.21185777,0.32193488,0.27271822,0.16577454,0.20815158,0.10752464,0.25297877,0.33372635,0.2829644,0.20084436,0.3516968,0.2679285,0.22033755,0.26435852,0.21264988,0.32227886,0.28355497,0.16957444,0.29574907,0.22451618,0.3160013,0.29102296,0.2404536,0.12443434,0.26632023,0.26484644,0.4103851,0.24607122,0.37650818,0.23120156,0.27926913,0.1501438,0.25135005,0.4512549,0.21832833,0.23335269,0.20210499,0.2515775,0.21422341,0.20935652,0.509094,0.3454941,0.23320583,-0.03622803,0.21542159,0.032609556,0.29394746,0.14833231,0.34151268,0.26318103,0.110367835,0.0049840333,0.24541083,0.2749973,0.16779843,0.2572837,0.2878413,0.082779504,0.25063023,0.22952244,-0.019168114,0.14751339,0.11128044,0.22604297,0.27730587,0.020350765,0.23069525,0.26035976,0.4124279,0.27265304,0.25266135,0.20753604,0.36927238,0.2412397,0.15543167,0.28224975
unwrap,0.17994842,0.31639862,0.0187154,0.20834267,0.22622769,0.24730545,0.21781287,0.30587074,0.2472598,0.07961501,0.41746995,0.14585775,0.23117173,-0.015989253,0.30894524,0.21983725,0.37508303,0.14628884,0.22263993,0.09048486,0.3400271,0.12757176,0.08458026,0.10973319,0.33878908,0.18600479,0.2557612,0.20635408,0.31238663,0.11224044,0.27165937,0.25367463,0.14853841,0.35114634,0.24942955,0.28532696,0.14441955,0.26071292,0.19846448,0.098578945,0.35939592,0.2023975,0.24271202,0.06261117,0.17225587,0.31666106,0.4423267,0.12076916,0.14680931,0.16823383,0.3340698,0.23061231,0.18304336,0.27190223,0.16611594,0.2248975,0.1352444,0.25024697,0.38549107,0.48550516,0.15257823,0.5706829,0.23059918,0.26685408,0.10934433,0.22877872,0.07071589,0.18678002,0.081148356,0.18905132,0.18906844,0.4388448,0.07582721,0.34666783,0.27183488,0.28234875,0.31754363,0.12156105,0.3627274,0.22392303,0.2521674,0.3917398,0.12926006,0.2980802,0.21269295,0.2247454,0.17709112,0.5985142,0.28074634,0.10669932,0.35050625,0.17134883,0.19170502,0.42068917,0.34933898,0.10700131,0.37783518,0.08537809,0.08115505,0.06922546,0.13232012,0.38244322,0.28078842,0.20698391,0.17131051,0.19503748,0.3183183,0.3852356,0.44501215,0.1329959,0.09483894,0.325289,0.15908538,0.04169777,0.15864931,0.22611564,0.25174445,-0.013389958,0.38241065,0.11248429,0.5890907,0.28626943,0.093511075,0.2571417,0.15726505,0.2328383,0.084281676,0.108516574,0.45095992,0.05440122,0.28610444,0.31437618,0.32449356,0.21175906,0.31217676,0.09331681,0.59844303,0.21038066,0.2590009,0.04456862,0.2152206,0.10434477,0.2715186,0.22340024,0.19066416,0.26573056,0.27764183,0.27976835,0.27465516,0.27674755,0.49083802,0.20369983,0.13403222,0.46613675,0.18190452,0.11467976,0.12587526,0.0909358,0.089195296,0.25281966,0.101525225,0.18545537,0.1963333,0.2722849,0.5106862,0.15815967,0.31765497,0.19751,0.2222419,0.34115967,0.24664594,0.21237071,0.2870686,0.20768356,0.029588567,0.26062846,0.5006406,0.17713831,0.1809754,0.41808772,0.21591523,0.461821,0.27763325,0.13803712,0.26086017,1.0000002,0.2092255,0.2802212,0.053049628,0.14025052,0.33290532,0.018894626,0.1867798,0.45354864,0.30523598,0.40924117,0.48811704,0.13401473,0.42144063,-0.0049780593,0.11796351,0.31248662,0.12494658,0.13730174,0.1638267,0.3579613,0.4710849,0.08151572,0.15022646,0.37899804,0.20349512,0.5919671,0.03925473,0.40495884,0.39914346,0.42530185,0.3282711,0.25658765,0.16920662,0.3969182,0.33393267,0.0831344,0.11557957,0.35830575,0.50130236,0.40792376,0.29766086,0.29071826,0.114237204,0.112892576,0.2736851,0.21307871,0.3464655,0.28648645,0.42908537,0.24042374,0.34255973,0.06137999,0.12624903,0.3734496,0.12939586,0.039816167,0.70210254,0.09423026,0.10738877,0.28226912,0.14040878,0.28572112,0.29164487,0.2757542,0.36596018,0.16758342,0.43761903,0.12949821,0.054066774,0.11303945,0.55660856,0.3099257,0.18394914,0.35642338,0.14330283,0.2221134,0.13454583,0.45919347,0.4719134,0.17943963,0.6105237,0.41917622,0.057433456,0.20518771,0.32698712
slather,0.063516274,0.051315963,0.20042965,0.17084372,0.37423313,0.051355366,-0.03765758,0.13518418,0.12025415,0.28819853,-0.05808734,0.11790731,0.08061007,0.12970154,0.06824296,0.15727583,0.14141989,0.084731154,0.059937898,0.091476865,0.40620396,0.16067371,0.07433622,0.12808248,0.028035572,0.60966206,0.1542747,0.24910638,0.270398,0.13152315,0.1537976,0.30051225,0.24471828,0.15678626,0.52160156,0.11132154,0.12733427,0.10129869,0.07513415,0.17946059,0.18641132,0.2752933,0.097717546,0.1473915,0.15321824,0.2276745,0.0015045404,0.06312266,0.13494024,0.2931834,-0.038669325,0.15593356,0.13092414,0.35366762,0.08068788,0.1620979,0.09445374,0.17643669,0.20922954,0.16649681,0.1630755,0.06566754,0.1964468,0.186365,0.11628983,0.1755224,0.1780918,0.2578544,0.050691668,0.33818254,0.20192572,0.07525699,-0.065774895,0.27132195,0.2114643,0.050674707,0.08720892,0.33740535,0.066024706,0.20248911,0.17353119,0.23048332,0.15015596,0.27610344,0.14826354,0.15354992,0.24926329,0.1885674,0.3160233,0.6527829,0.11249071,0.32464594,0.27081183,0.18411466,0.24678421,0.09413421,0.15308575,0.014635938,0.14729789,0.1877751,0.14640777,0.07674368,0.2139566,0.22022688,0.15549946,0.19127731,0.25880226,0.1839511,0.2394248,0.054650955,0.10770034,0.12390693,0.15679643,0.11389191,0.13423379,0.22178295,0.33325264,0.0531844,-0.0206535,0.23190966,0.15591069,0.07386598,0.187679,0.23485193,-0.023096656,0.48891723,0.112694256,0.20096305,0.1900802,0.09079124,0.11315865,0.2697984,0.12691964,0.16011654,0.13185431,0.11706883,0.29376137,0.6268318,0.69922316,0.26010722,0.18743637,0.076131076,0.15194668,0.27116695,0.15247627,0.24282047,0.64555365,0.19391985,0.0956966,0.0882474,-0.0084457435,0.135007,0.36198008,0.06764825,0.10215506,0.21944517,0.1975085,0.17989658,0.22026336,0.02584247,0.049392924,0.2948604,0.14304605,0.17301759,0.10033189,-0.08942562,0.15948723,0.23865354,0.104099125,0.15614465,0.19496343,0.14879066,0.24204943,0.31912965,0.14204544,0.1570098,0.09485465,0.39735746,0.5826167,0.14213666,0.07165916,0.24473163,0.03068339,0.1520954,0.20452774,0.2092255,0.99999994,0.26089767,0.22811353,0.27161708,0.24582362,0.17575479,0.10833351,0.11977692,0.034364056,0.054399043,0.29156393,0.14747778,0.15425651,0.0809764,0.2710318,0.3307345,0.36600375,0.07125757,0.09178455,0.16353032,0.3392959,0.08344077,0.16877547,0.019565381,0.10228693,0.24890685,0.12233804,0.0989548,0.13739133,0.14483081,0.01967948,0.38256872,0.785074,0.04822406,0.21989271,0.07981109,0.2569823,0.30909204,0.21207246,0.6149745,0.42681926,0.25187638,0.22387025,0.07708679,0.2606731,0.17818134,0.16663952,0.21474457,0.24800123,0.48306847,0.1704185,0.283032,-0.09872633,0.05475822,-0.033451136,0.2176269,0.12366473,0.2701258,0.35197365,0.13597894,0.11907169,0.271922,0.15412895,0.094372675,0.011271626,0.13111281,0.089155205,0.19573438,0.28495377,-0.091456965,0.16862684,0.2546088,0.15615553,0.17508185,-0.033938877,0.393624,0.19546479,0.08290833,0.22750585,0.27960005,0.11576399,0.104688846,0.2048443,0.023204051,0.22149229
rub,0.2731372,0.088178515,0.1794012,0.22737086,0.28334552,0.12560555,0.10774194,0.19254166,0.20638213,0.15686166,0.21732405,0.3099481,0.21261403,0.09752191,0.18725273,0.22012514,0.13299638,0.116031125,0.28245103,0.34318715,0.2832605,0.18236448,0.19728856,0.16500755,0.19019873,0.43401557,0.08454031,0.2536797,0.5675318,0.27344665,0.17443694,0.068689,0.22727908,0.27307418,0.2895527,0.27396753,0.17186327,0.20368056,0.2334108,0.13695443,0.3396824,0.3452294,0.11137732,0.1144309,0.3524114,0.33114326,0.15618794,0.113042474,0.13724396,0.30478084,0.13472521,0.30029422,0.019992948,0.16408,0.19438204,0.23956656,0.37914354,0.26357737,0.22121212,0.35640162,0.15671372,0.11770033,0.25558656,0.22337931,0.30074632,0.13442594,0.19603612,0.17268556,0.15580645,0.13039446,0.1847556,0.20154689,0.17078559,0.10028598,0.13392799,0.23595056,0.29493043,0.2732595,0.3676461,0.21541059,0.12948848,0.23053165,0.11784379,0.2327745,0.22590092,0.15107283,0.34780142,0.49581695,0.15638264,0.23062164,0.31888938,0.15656349,0.17430642,0.25495836,0.42372227,0.2292386,0.2056258,0.21805826,0.3502829,0.029061478,0.2003516,0.3309058,0.13761955,0.15666164,0.1623944,0.0996403,0.2006121,0.28327858,0.21078452,0.33540174,0.11973647,0.21359923,0.014161449,0.17827962,0.212713,0.33299303,0.35612625,0.03929896,0.12626457,0.30285108,0.26748875,0.33077544,0.23817974,0.25236386,0.14351407,0.21008095,-0.007839041,0.30744863,0.30262703,0.23742661,0.1359447,0.24278592,0.2076143,0.2030141,0.039966043,0.0881432,0.22862321,0.36711106,0.36145765,0.22632286,0.2741655,0.33737642,0.13272086,0.34663355,0.29956344,0.20537731,0.30348548,0.1410217,0.23913164,0.25481623,0.27121225,0.24242444,0.3182686,0.28895712,0.16341336,0.13992104,0.25686872,0.23049164,0.20743749,0.078774184,0.00068001775,0.361194,0.2028006,0.081362545,0.20690687,0.1790601,0.26785427,0.06366281,0.08352318,0.1907269,0.2328133,0.22330365,0.19594297,0.27347192,0.078222975,0.27970487,0.20037659,0.37320665,0.34339786,0.16425475,0.2100316,0.38085252,0.23526943,0.03788905,0.34552807,0.2802212,0.26089767,1.0000002,0.13851088,0.22714792,0.3040598,0.18267316,-0.022857115,0.14298156,0.13254862,0.33636147,0.2507437,0.17967907,0.050554518,0.061258882,0.18324776,0.44100216,0.25944674,0.14861953,0.13655165,0.23207709,0.20259695,0.17624639,0.19593869,0.29353052,0.22535953,0.31384078,0.14465493,0.23983367,0.30945694,0.22866146,0.33936465,0.2232377,0.21495755,0.3050175,0.17184797,0.22323474,0.15272056,0.29311335,0.2797769,0.2651016,0.34660164,0.18565597,0.31152344,0.37961558,0.40575796,0.111846894,0.4013899,0.14735897,0.15242468,0.43337825,0.14131261,0.30215865,0.111603424,0.22370557,0.06973416,0.17035058,0.27499187,0.3396238,0.1658492,0.38424158,0.1619445,0.3547694,0.18345758,0.3847621,0.2676852,0.22294602,0.15218467,0.31288573,0.22875543,0.1820238,0.2703035,0.25617254,0.3279028,0.2440126,0.14517966,0.26588058,0.33281103,0.40801862,0.39690685,0.3366772,0.2923413,0.33951825,0.20262946,0.19060792,0.27540517
moist,0.0921899,0.123602435,0.36670095,0.11704676,0.14200978,0.14526382,0.17404634,0.09899281,0.100964166,0.22458473,0.09021841,0.11248082,0.034999818,0.040272288,0.12767395,0.29214954,0.4962744,0.13431795,0.0064818114,0.27701077,0.0761842,0.16267098,0.04403013,0.107323214,0.1811035,0.21821547,0.5056051,0.23667377,0.23830345,0.057869926,0.4511014,0.5736119,-0.039823666,0.015485028,0.09385307,-0.049693346,0.1768351,0.16305448,-0.044789962,0.22030434,0.17002153,0.21439488,0.20765209,0.2997044,0.47750795,0.19523747,0.1842202,0.13441697,0.051738814,0.14179507,0.19738756,0.11546008,0.11724663,0.08598982,0.11721739,0.20028597,0.167963,0.19463694,0.18084624,0.25350723,-0.039802987,0.1764946,0.09288902,0.28281683,0.15898386,0.10961303,0.31324506,0.19184706,0.059853036,0.095735975,0.15656336,0.09917307,0.3300702,0.060680147,0.08081674,0.15634203,0.23860802,0.72134024,0.15843889,0.12215461,0.12613042,0.40794298,0.5773721,0.3092988,0.18954377,0.4385972,0.288051,0.21653463,0.5655184,0.43609875,0.06256993,0.5825486,0.14810544,0.25514886,0.22486547,0.2750323,0.07138371,0.09990229,0.36564156,0.37150127,0.19410871,0.25483552,0.054690536,0.123848766,0.17632425,0.1244895,0.5851842,-0.018011756,0.17406988,0.025045324,0.24059871,0.03920918,0.101700604,0.15095863,0.071901225,0.43235475,0.07642789,0.054504666,0.07968766,0.23207983,0.18350062,0.098748796,0.21586326,0.30901986,0.12945771,0.09442964,0.10731945,0.15410757,0.21950102,0.027635027,0.26880902,0.17967412,0.11139701,0.2865388,0.16801564,0.08338514,0.03998798,0.2977305,0.17357752,0.3542664,0.2624592,0.22761896,0.14643562,0.16843037,0.086181805,0.4575484,0.23656881,0.04246043,0.18650514,0.28045368,0.12657008,0.30965304,0.39931124,0.08563738,0.12660682,0.2914387,0.1527133,0.22552544,0.047815897,0.08809575,0.07720327,0.2556287,0.23557162,0.035766173,0.08075581,0.15624577,0.12523669,0.28136235,0.0915442,0.08426466,0.2590986,0.08418771,0.1808373,0.20362926,0.26968202,0.18672824,0.30285978,0.4051149,0.16014801,0.08413236,0.1462549,0.26278615,0.10830265,0.060061134,0.19618899,0.053049628,0.22811353,0.13851088,1.0,0.24107164,0.21199009,0.30823773,0.03825253,0.25562376,0.061302137,0.18778719,0.06403654,0.1467753,0.018547656,0.2299318,0.14774728,0.26498646,0.26483062,0.05782323,0.15851921,0.09729977,0.101321146,0.10915026,0.25310743,0.218732,0.10923505,0.17333615,0.15684573,0.25627756,0.15399319,0.21409091,0.01920721,0.17034274,0.16950426,0.12030373,0.13713492,0.26527533,0.20837054,0.29196006,0.10841677,0.102194816,0.41026044,0.29191828,0.020889992,0.28037742,0.13590646,0.13572949,0.12705326,0.067042105,0.08436492,0.26052085,0.17169526,0.7607654,0.082708806,0.26140803,0.09534909,0.06315941,0.07314605,0.25576484,0.22058973,0.14839254,0.17088349,0.2589084,0.037226073,0.09991768,0.14488187,0.082879946,0.13590813,0.05528315,0.04586728,0.0013788929,0.21323976,0.5680065,0.27594876,0.32740825,-0.048153844,0.15651836,0.1354486,0.13801359,0.21306446,0.21207157,0.11413129,0.16448446,0.15275267,0.19616851,0.20940806
scald,0.2966817,0.12594557,0.21916798,0.107761845,0.101930246,0.08575601,0.077385455,0.117356434,0.19599593,0.16045393,0.1288388,0.29130954,0.13789338,0.29807597,0.06659892,0.39519793,0.31120446,0.045191154,0.3613906,0.2925241,0.17659827,0.2153584,0.29796147,0.27468082,0.2003215,0.16399026,0.48471272,0.31677252,0.26464605,0.3967551,0.43450624,0.22788113,0.2665782,0.07903399,0.2922964,0.22950701,0.3500712,0.08440149,0.43762526,0.25411993,0.29608887,0.38045466,0.45758432,0.5295079,0.33388814,0.14729275,0.17173053,0.038838558,0.39692032,0.31208083,0.06324915,0.30727828,0.043876883,0.16380526,0.49923784,0.46739456,0.14035037,0.36761653,0.12101923,0.2038326,0.3579375,0.16312751,0.13826546,0.32371432,0.22131735,0.094806746,0.3567418,0.14095491,0.3402611,0.30587712,0.2810982,0.1492863,0.039277364,0.13789007,0.034473952,0.15410054,0.15745127,0.285684,0.21427268,0.13862711,0.1850625,0.27277958,0.21088892,0.16085924,0.032320336,0.2723389,0.34360063,0.25069582,0.33563042,0.30945498,0.19739424,0.29300416,0.0940224,0.18238136,0.21711642,0.18724138,0.06111925,0.25304613,0.37463653,0.32683122,0.31831428,0.24543437,0.15412949,0.23841742,0.43670875,0.021807795,0.2011804,0.089428626,0.0924696,0.01895666,0.121404484,0.26957688,0.07906171,0.1926654,0.028927855,0.33068955,0.085354775,0.017675823,0.1618046,0.56998444,0.27935976,0.20629898,0.36069354,0.18832025,-0.074513905,0.06915355,-0.005646944,0.36915952,0.35937706,0.12431367,0.06989542,0.15748718,0.19527388,0.12451273,0.21081005,0.18397272,0.030107621,0.2921387,0.14857952,0.54519665,0.3380975,0.14432625,0.14043534,0.1337521,0.4193367,0.3074946,0.22598287,0.07615905,0.53931844,0.31430835,0.19893748,0.12505352,0.31842995,0.14111072,0.045437194,0.27073103,0.1953297,0.6711621,0.42373157,0.094898246,0.0023214999,0.29278058,0.074490294,0.06805479,0.12323949,0.013183363,0.13074192,0.26899496,0.0798343,0.2442737,0.101924405,0.29219806,0.14553007,0.41048962,0.08761479,0.19614618,0.2928917,0.25447583,0.18025938,0.18038633,0.37145457,0.21404968,0.18482298,0.13195002,0.24532461,0.14025052,0.27161708,0.22714792,0.24107164,0.9999999,0.16969748,0.40402845,0.01442963,0.21498868,0.06819547,0.1678301,0.24363235,0.38298094,0.0015178632,0.029961772,0.12828447,0.23827374,0.45477104,0.09601034,0.12515002,0.13665637,0.14861551,0.06855202,0.38974848,0.24584281,0.25117052,0.15437275,0.5645657,0.1363077,0.07013344,0.15864217,0.22792551,0.15405354,0.17559701,0.18119143,0.2077002,0.15775059,0.24940625,0.27968192,0.032632116,0.21132788,0.29885572,0.17137738,0.43720782,0.14462817,0.19954458,0.16803926,0.19837227,0.12996173,0.12373872,0.17649758,0.15133473,0.2488769,-0.040166374,0.063237764,0.06890286,0.34492245,0.1303772,0.5697825,0.30760103,0.10084474,0.38997608,0.23565906,0.12528878,0.11949255,0.19786142,0.4610459,0.16299683,0.49519074,0.4184206,0.002954077,0.17532508,0.2988488,0.55658114,0.28446427,-0.06333197,0.13516681,0.54854536,0.4349067,0.19170913,0.26216304,0.09689577,0.17925346,0.26953173,0.012350831,0.1489121
pat,0.13342813,0.3051954,0.22205722,0.38583952,0.08947444,0.42921817,0.09840071,0.049905445,0.059633322,0.13983059,0.30322462,0.30512434,0.23899624,0.08865167,0.39389756,0.08241081,0.12540326,0.21050039,0.036519952,0.06728408,0.14369982,0.1240035,0.055205587,0.08789453,0.12694693,0.18482184,0.20791091,0.108947724,0.40501708,0.05769199,0.20603552,0.3263712,0.19637606,0.11370625,0.07606931,0.14940652,0.119677395,0.16160354,-0.0020975184,0.2669142,0.35258174,0.19927898,0.10361694,0.020349557,0.13449219,0.261378,0.19826083,0.15519878,0.024221158,0.14109649,-0.08810165,0.18130624,0.2955107,0.16751267,0.14303595,0.058503106,0.03393117,0.19420785,0.19045165,0.2567417,0.09878805,0.2230648,0.32711858,0.32589418,0.04200727,0.31417093,0.20303619,0.5321372,0.11441785,0.11581722,0.13594425,0.3780391,0.106150135,0.2949847,0.42618418,0.19931789,0.23447469,0.35463566,0.40684843,0.21339694,0.216958,0.34629193,0.11891599,0.12128677,0.38316453,0.26849446,0.33208662,0.50447845,0.21003947,0.24980429,0.33650404,0.23029739,0.31120482,0.2588439,0.4655127,0.28851902,0.3205473,0.03487345,0.11148769,0.17973706,0.23347068,0.4755565,0.23464292,0.18235436,0.261456,0.23206621,0.23367609,0.20328672,0.22719578,0.35581762,0.22447252,0.1628593,0.16349927,0.13400078,0.34071517,0.24174882,0.21782142,0.0895136,0.12000252,0.1717922,0.22538269,0.28859845,0.17580476,0.25498742,0.2639765,0.3171358,0.23185632,0.087172076,0.17513786,0.30210018,0.21169823,0.36182973,0.24070065,0.1509591,0.107552364,0.10594334,0.27780697,0.39226744,0.57900286,0.2188797,0.19389641,0.06453615,0.3146118,0.06821091,0.024869103,0.2726241,0.3546253,0.23236692,0.15900505,0.076900415,0.20184404,0.3675972,0.2930132,0.25536022,0.069730476,0.20441948,0.29477882,0.20510301,0.13874319,0.1907168,0.2916884,0.18729398,0.27248007,0.35870007,0.5464128,0.2522928,0.37267256,0.07550185,0.41394687,0.118562475,0.18454632,0.110362805,0.6342014,0.299227,0.0661297,0.34257275,0.26321375,0.30795276,0.10989007,0.17249812,0.036358006,0.4568544,0.09235452,0.19462146,0.20558864,0.33290532,0.24582362,0.3040598,0.21199009,0.16969748,1.0,0.047833376,0.16538195,0.12558378,0.28154045,0.2820347,0.1299315,0.06472263,0.46550146,0.036588173,0.3038593,0.71563137,0.20587972,0.32280597,0.14870824,0.0399493,0.39396125,0.22965203,0.31536555,0.15641305,0.046057988,0.24449638,0.0673092,0.20973837,0.43912667,0.17104419,0.2431969,0.22391489,0.17118561,0.22755326,0.22133443,0.1595329,0.13212241,0.30745572,0.33376795,0.09928937,0.31842828,0.2935255,0.17229557,0.11601472,0.20102276,0.2840867,0.4595193,0.112042576,0.19962104,0.3395695,0.3042013,0.20177373,0.20029244,0.10652964,0.16295803,0.21085021,0.3654133,0.1829852,0.17005664,0.39491463,0.13314551,0.45741183,0.1974132,0.15170228,0.24737573,0.09107801,0.12440486,0.13787657,0.16482057,0.2949886,0.2882048,0.33737528,0.22238986,0.19200706,0.1557177,0.23467323,0.16057838,0.19710849,0.4762683,0.21126938,0.30884707,0.25465947,0.146166,0.40501025,0.21685378
steam,0.3364206,0.110159405,0.18571982,0.04022256,0.07972928,0.004635862,-0.051425543,0.07486989,0.08925235,0.0761548,0.091081165,0.47743094,0.024485137,0.1920309,0.04644588,0.18237627,0.29076564,0.025064664,0.26467645,0.28922325,0.19965345,0.18997449,0.2934835,0.23250608,0.053142767,0.110481605,0.36638618,0.30528304,0.16353917,0.35993984,0.5915641,0.2514231,0.28448611,0.08612498,0.2925142,0.39544964,0.09792274,0.11042498,0.3275532,0.20239154,0.068864025,0.32553935,0.18157908,0.55824304,0.4727184,0.09192079,0.11734656,0.03780822,0.27950746,0.13803898,0.052396834,0.18994126,-0.024677075,0.065620914,0.3834942,0.27679202,0.12743235,0.19107985,0.1092455,0.096789286,0.4118623,0.10839905,-0.06586979,0.38001326,0.16964313,-0.04187769,0.22288588,0.045266904,0.28469065,0.30108297,0.26916653,0.08482297,-0.00879829,0.05806444,-0.06539173,0.18788944,0.07125726,0.34192508,0.20836723,-0.004771251,0.025704263,0.28059906,0.24048582,0.111015186,-0.0078039556,0.2494506,0.415935,0.11775953,0.37201563,0.31444365,0.22943525,0.23475108,-0.0006526401,0.13118304,0.11744127,0.094158456,0.029006397,0.30434173,0.31751794,0.17380431,0.2815591,0.099751525,-0.03384431,0.045896303,0.29425675,-0.014563182,0.4092456,0.045596972,0.053163048,0.07443288,0.07067092,0.17362201,0.010003998,0.041771263,0.02640549,0.1784108,0.055219464,0.06834537,0.11836305,0.5732807,0.4341147,0.104800835,0.52271426,0.14670196,-0.014732673,-0.029021775,-0.014876926,0.30976626,0.43757734,-0.040036708,0.1839983,0.1250716,0.09592878,0.20528296,0.047396656,0.24796471,0.03452213,0.2415444,0.03436183,0.6901412,0.23434122,0.08577444,0.09729126,0.1013961,0.29888588,0.2952995,0.15265955,-0.015244711,0.32846615,0.2422742,0.08028667,0.03116793,0.24896936,0.06826785,0.09836303,0.2036646,0.13751256,0.45732147,0.36201873,0.11960788,0.08815837,0.09556801,-0.01085182,-0.08571297,-0.010840706,0.0421981,0.10133208,0.044386733,-0.0697205,0.11126321,0.0815718,0.22342852,0.011190598,0.044882003,0.08726699,-0.0036540758,0.24841973,0.21082062,0.10746576,0.07201378,0.16967723,0.14088556,0.15289444,0.014974166,0.12165293,0.018894626,0.17575479,0.18267316,0.30823773,0.40402845,0.047833376,1.0000002,-0.024707334,0.101723954,-0.03315649,0.020078115,0.1988313,0.39245626,0.022729037,0.17280409,0.07809156,0.0897899,0.1524965,0.0955538,0.13378617,0.080818444,0.099251844,0.058050066,0.22599187,0.09545147,0.20020767,0.12662292,0.5440333,0.07036638,-0.020964,0.100817665,0.24760476,0.09838931,0.16397819,0.086248755,0.08271124,0.05126512,0.05772569,0.119094245,0.023887524,0.1928097,0.29444212,0.05422557,0.36755255,0.09971424,0.18753377,0.013817961,0.09627515,0.042547647,0.059178658,0.104996815,0.086768046,0.40783322,-0.025795225,0.03353528,0.07245426,0.30064565,0.123519704,0.5406109,0.12901737,0.080365196,0.17912751,0.1010587,0.06896757,0.07681496,0.15741439,0.2851162,0.2622694,0.38293436,0.45854312,0.020770546,0.02914925,0.40757298,0.3039749,0.17660439,-0.010391567,0.12115757,0.4299162,0.24332437,0.11787484,0.077250354,0.016744625,0.12699905,0.07966478,-0.005166456,0.07992427
split,-0.07498262,0.0748918,0.034203477,0.13263004,-0.0013588192,0.026491147,0.10485175,0.2154151,0.05933,0.07375707,0.09710892,0.033404976,0.29394096,0.030627636,0.1333707,0.04620769,0.09589899,0.07993164,0.013015766,-0.12652536,0.08804318,-0.04268927,0.032161154,-0.0300598,0.07473974,0.0020825686,0.220216,0.05247195,0.03515787,-0.0065476317,0.12230624,0.23442703,0.17337689,0.19855237,-0.031662248,0.026606329,0.14052916,0.2956153,0.058050677,0.06952659,0.20918491,0.11959429,0.10328157,-0.0116335,-0.064104795,0.0031791457,0.12447999,0.046104938,-0.061341606,0.13901724,0.0153808165,0.031934977,0.4911921,0.42431766,-0.063446015,0.07383309,0.053988688,0.29482356,0.081704885,0.12994696,0.06985244,0.17285901,0.2931713,0.19034916,0.086983874,0.5402792,0.099495165,0.29563987,-0.013558203,0.071630016,0.00815415,0.17718357,-0.0010063946,0.6727431,0.13921091,0.06335369,0.082456544,0.0025058803,0.016856384,0.5215434,0.4226249,0.055439856,0.025395472,0.23948586,0.15912566,0.069987655,0.043467756,0.08778936,0.044379935,0.10523386,0.04544178,0.10483326,0.020514585,0.21432585,0.06625489,0.043535404,0.16606925,0.056471467,0.016892578,0.09567976,0.048381984,0.07292267,0.44374472,0.39498642,-0.020158306,0.5888881,0.056867857,0.2012412,0.4908834,0.09232158,0.08703174,0.52781194,0.81009674,0.12954292,0.13173924,0.08020866,0.043438464,0.028711438,0.10216263,0.02330675,-0.0128675215,0.20174524,0.036183663,0.045939226,0.0843953,0.2649771,0.33994305,0.015352827,-0.07129732,-0.0031851158,-0.033324923,0.06000954,0.23816669,0.012786612,0.27667397,0.039539214,0.30050552,0.034761515,0.105356075,-0.016584761,0.15244815,0.005252431,0.35799295,0.13136801,-0.007219767,0.08308679,0.055435613,0.2816202,0.067558326,0.034566313,0.17357998,0.10955992,0.10654454,0.13888425,0.3014971,0.09744214,-0.019047443,-0.0702113,0.062490277,0.21493264,0.27320486,0.08157171,0.043690726,0.68118834,0.26163462,0.035977654,0.26267648,0.19146775,0.3547158,0.33587998,-0.046169,0.14624797,0.31162143,0.13803893,0.16384543,0.25649086,0.2604833,0.04909595,-0.061210718,0.6822152,0.11527242,0.18527195,-0.03304117,0.6212903,0.09315495,0.1867798,0.10833351,-0.022857115,0.03825253,0.01442963,0.16538195,-0.024707334,1.0,0.16027245,0.20373544,0.10193987,0.14018804,0.057828993,0.26795274,0.20517346,0.00393679,0.17181066,0.09470265,0.13140544,0.06411827,0.14364144,0.19578132,0.039497335,0.1352006,0.043106366,-0.02080946,0.059961855,-0.0633923,0.2678917,0.3146049,0.3140862,0.014769003,0.2856831,0.1507599,0.14072722,0.6188098,0.0554231,0.12719856,0.108087085,0.23125736,0.09136239,-0.033331797,0.15304124,0.057556145,-0.00585147,0.0732459,0.59577686,0.040214732,0.70936,0.7106731,0.051290266,0.72722554,-0.07351641,0.024872899,0.14192066,0.05431764,0.14141552,0.039826293,0.01759525,0.19776097,-0.035523355,0.11628993,0.07138939,0.7226713,-0.0021171193,0.051340245,-0.038286455,-0.044537008,0.07600735,0.050937742,0.023008712,0.17046624,0.031471424,0.04647518,0.080551066,0.0845007,0.091006875,0.014660219,0.10911366,0.16755642,0.09756583,0.17210484,0.06761217,0.06730285,0.09425147,0.15853839
pack,0.17174515,0.2305655,0.14176187,0.19028792,0.14380391,0.18544543,0.0858864,0.30373052,0.15831524,0.17789197,0.436834,0.15812033,0.20564392,0.16863492,0.27227494,0.20815773,0.3844815,0.1997258,0.2048142,0.13501099,0.26813406,0.11871604,0.18834949,0.12843105,0.49542493,0.10029441,0.15083873,0.14971186,0.18123196,-0.011684207,0.15585038,0.16120738,0.12508522,0.37742436,0.18908891,0.19331777,0.24714811,0.4169861,0.13471027,0.18594135,0.326534,0.12959926,0.37282157,0.10795138,0.28477618,0.21340337,0.33633775,0.20928189,0.20008214,0.2255162,0.66429055,0.32737452,0.18238895,0.46360487,0.20752603,0.29519022,0.14049374,0.22142595,0.33038136,0.48606467,0.16750732,0.476965,0.16708653,0.2429538,0.18676887,0.09818814,0.17770827,0.17206919,0.10637453,0.11363757,0.1694757,0.39023054,0.11168045,0.25700647,0.15475127,0.19539401,0.2834848,0.14618099,0.34216297,0.13640407,0.13834359,0.1762622,0.16102418,0.23071149,0.13034709,0.17924255,0.21363679,0.43840578,0.35418457,0.1976301,0.19178532,0.25516617,0.09362563,0.20860718,0.26999035,0.12197429,0.025928512,0.14954871,0.2177498,0.16411869,0.1603333,0.14769344,0.17766756,0.18852879,0.20434102,0.11082733,0.13034211,0.41243434,0.20451166,0.017403599,0.17641205,0.31667075,0.27321863,0.21183701,0.084761985,0.29167312,0.13359173,0.057940453,0.2825294,0.16685368,0.34931552,0.33155695,0.06691174,0.099798165,0.030714475,0.21781579,0.15061477,0.06745432,0.25327337,0.037765067,0.21520817,0.0707805,0.3869294,0.14866313,0.18560863,0.13882715,0.10322954,0.039090283,-0.0024472028,0.16690144,0.354954,0.1852201,0.15587397,0.23573199,0.15558308,0.24506752,0.11121701,0.44614732,0.2909627,0.26383603,0.5311276,0.122905016,0.21750662,0.5662001,0.21953975,0.24899453,0.1644264,0.17273317,0.13370308,0.35569352,0.13380483,0.3048371,0.2041057,0.18460324,0.1733549,0.14466238,0.17557271,0.4521082,0.15541533,0.5229085,0.13325775,0.4432533,0.13050044,0.18342674,0.121013016,0.16135606,0.36572295,0.16001289,0.07256208,0.44155926,0.32374728,0.34787363,0.25842217,0.1767605,0.42127678,0.45354864,0.11977692,0.14298156,0.25562376,0.21498868,0.12558378,0.101723954,0.16027245,1.0000002,0.42855978,0.29978627,0.361843,0.10598406,0.2121926,0.13572873,0.014221208,0.18987659,0.2727217,0.1495966,0.24757947,0.50583804,0.1496466,0.08771548,0.19429718,0.42218912,0.3180487,0.38354778,0.117458306,0.38891956,0.13875546,0.43747666,0.25481707,0.31468403,0.14149806,0.31200963,0.31839412,0.18075103,0.29376423,0.32968155,0.110017955,0.24761221,0.24957675,0.3858211,0.08021038,0.18975146,0.134769,0.20266733,0.22025993,0.32757887,0.29204103,0.18962735,0.40998465,0.1507122,0.09630517,0.3892977,0.0575458,0.17904736,0.2780652,0.15051703,0.259448,0.0023066476,0.17331353,0.25584042,0.2829163,0.12556338,0.36158413,0.22405842,0.4430945,0.15026061,0.042596307,0.056591325,0.1933414,0.16616605,0.2235525,0.3652519,-0.030253857,0.1958338,0.12794702,0.38829315,0.40241218,0.28677854,0.23249398,0.4496004,0.23725772,0.21874787,0.24332279
mound,0.24130839,0.45666587,0.14188786,0.42630005,0.10837986,0.53502977,0.096060365,0.08881774,0.050658625,0.18736535,0.34593898,0.37451145,0.18471138,0.16595829,0.4724605,0.09698379,0.18210119,0.52386034,0.15052187,0.042606354,0.1403828,0.30021715,0.106438994,0.0768947,0.46540436,0.090156965,0.06358263,0.12140788,0.19695973,-0.006095744,0.06440661,0.15390268,0.20683643,0.33071318,-0.0161505,0.08453345,0.36806208,0.51492465,0.0761272,0.30274725,0.23160867,0.15449779,0.16178036,0.015154542,0.071703576,0.1528686,0.23389761,0.5150137,-0.035724834,0.20852098,0.23065448,0.25949812,0.20748913,0.34971267,0.21265599,0.117916115,0.050876707,0.23604982,0.24433444,0.3008479,0.115563154,0.48868763,0.49983412,0.14711238,0.065233655,0.33879107,0.09555581,0.50809026,0.18124351,0.08975695,0.059038855,0.61177814,0.0871206,0.2767442,0.45629755,0.16810149,0.100930244,0.034033235,0.30384272,0.28458953,0.10876358,0.20223787,0.026839511,0.18655078,0.48325908,0.17860177,0.20279299,0.30611616,0.07364869,0.085595444,0.32086566,0.04626345,0.435234,0.27269208,0.23941523,0.3178361,0.17873374,0.08922845,0.09951894,0.11391905,0.075607695,0.1216981,0.27320606,0.15032619,0.25526977,0.20336902,0.034331698,0.43510693,0.15668617,0.27122012,0.48488104,0.22647029,0.25020462,0.16056818,0.3012747,0.26352882,0.14679572,0.09421912,0.12557441,0.14053276,0.1207543,0.523335,0.06851287,0.097016096,0.097466476,0.26262963,0.48236567,-0.0071344855,0.097915165,0.26543313,-0.023531223,0.12226741,0.23595652,0.10966294,0.184456,0.05956017,0.10002552,0.08619328,0.10209551,0.052946657,0.30244523,0.046548016,0.20534717,0.093190074,0.04337403,0.095673,0.04743785,0.5746549,0.17246342,0.25422767,0.32633248,0.38012025,0.20635515,0.29683977,0.16139229,0.18630978,0.44561154,0.12816301,0.20205465,0.64430606,0.477557,0.21851465,0.32988238,0.25805587,0.19918841,0.045999195,0.30177426,0.22078443,0.51563686,0.20554683,0.10585436,0.205249,0.48401457,0.2140098,0.07832185,0.44294453,0.29355186,0.15515229,-0.0008378457,0.37245357,0.04629492,0.3184948,0.11158872,0.20454133,0.37941512,0.30523598,0.034364056,0.13254862,0.061302137,0.06819547,0.28154045,-0.03315649,0.20373544,0.42855978,1.0000001,0.18707353,0.14373164,0.08366567,0.4510367,0.19021061,0.41533726,0.20699096,0.14213718,0.56655943,0.24326515,0.25040182,0.4284976,0.43753922,0.4451024,0.20677854,0.08942059,0.1726668,0.13473023,0.21568292,0.4296777,0.20571351,0.18379779,0.35086045,0.065867096,0.23105823,0.3119581,0.25469902,0.13720804,0.19628656,0.36894396,0.12009182,0.12048717,0.22562234,0.16409647,0.06682658,0.0721431,0.28559405,0.23612364,0.26455063,0.24782848,0.26922545,0.4664628,-0.04075987,0.040221687,0.17197633,0.050275676,0.262241,0.14155057,0.11396578,0.12700891,0.0791542,0.04914952,0.19000912,0.29757622,0.06847765,0.26396847,-0.009982731,0.014924243,0.14585334,0.099572465,0.14668185,0.06295329,0.10743873,0.12154102,0.23485015,0.007061135,0.1058898,0.10966529,0.23452511,0.29767972,0.27131024,0.18699652,0.23189989,0.13618666,0.28667584,0.16065894
replace,0.03214889,0.20043604,0.1427064,0.08620503,0.13733882,0.16464779,0.15198012,0.4528184,0.14565837,0.24699312,0.4520278,0.14722964,0.36596686,0.14839302,0.27272576,0.33004355,0.15697658,0.11900499,0.19846071,0.22081332,0.18612722,0.07591399,0.0466182,0.1328212,0.2388805,0.09146106,0.2031005,0.22970086,0.4255442,0.21360213,0.1829252,0.1385429,0.15037137,0.19827113,0.059934463,0.08120057,0.08839926,0.098599695,0.07292884,0.11488182,0.370188,0.23034707,0.22824384,0.08232349,0.18843493,0.17904152,0.30356613,0.11783326,0.08767094,0.22529766,0.24334869,0.26526052,0.012826478,0.23475939,0.09322405,0.17341007,0.3690958,0.19107243,0.23105031,0.5860379,0.05604196,0.25444967,0.23679672,0.121595845,0.28933764,0.24530905,0.18375523,0.0897311,0.021909619,0.014089439,0.21914724,0.24489796,0.24950129,0.1926603,0.017389378,0.31646827,0.53512263,0.11722906,0.4820224,0.15128796,0.12699723,0.13899294,0.2620054,0.24913506,0.1832788,0.18171379,0.055126466,0.5451368,0.21218619,0.12980019,0.40342718,0.22302736,0.17532933,0.34239918,0.63378555,0.111001916,0.23647177,0.24543354,0.29146704,0.20662417,0.20272711,0.30134478,0.18931714,0.20351171,0.07355759,0.12423287,0.08913479,0.24826494,0.38929027,0.40764594,0.21179779,0.17563288,0.21070707,0.32738602,0.2650618,0.28905654,0.23355997,0.056545876,0.19389966,0.070339836,0.24758573,0.3547556,0.038868688,0.20528889,0.42244214,0.107570544,0.05273442,0.25858247,0.2532218,0.27000982,0.11076797,0.20838049,0.4783243,0.20814952,0.19052647,0.033170085,0.25193036,0.23377267,0.2178074,0.0025918782,0.26087135,0.3591128,0.11893914,0.33301112,0.12740938,0.24652204,0.19290441,0.28707454,0.25200048,0.16802928,0.6615116,0.15213224,0.17830226,0.40615392,0.2288337,0.26110208,0.254016,0.021597706,0.015394686,0.20159388,0.068453506,0.3883204,0.25003743,0.17212903,0.38300422,0.2437306,0.21885481,0.34398872,0.10012761,0.43617043,0.18916577,0.32685792,0.065387994,0.19417055,0.203742,0.22919574,0.2803531,0.26897717,0.16165414,0.35646486,0.19792058,0.52728325,0.18746287,0.1323016,0.21185777,0.40924117,0.054399043,0.33636147,0.18778719,0.1678301,0.2820347,0.020078115,0.10193987,0.29978627,0.18707353,1.0,0.1619352,-0.0053728297,0.24289358,0.09994022,0.105509154,0.33137077,0.32553086,0.13059138,0.049944974,0.28606445,0.17875598,0.17961133,0.17151344,0.34248614,0.06984873,0.38783073,-0.013174104,0.63656306,0.34406692,0.5788281,0.2793538,0.26141524,0.050266452,0.7229614,0.36882138,0.221639,0.35611168,0.5513698,0.21297456,0.26512703,0.23579207,0.48516452,0.041860692,0.34199992,0.30915794,0.22972932,0.5300607,0.31924924,0.40843055,0.17464328,0.21255319,0.103172205,0.18835819,0.54173017,0.2447125,0.08042109,0.46534982,0.08467272,0.28270632,0.2551036,0.15378946,0.49995503,0.30697137,0.3475358,0.32636726,0.09320568,0.20030479,0.22904682,0.0049307244,0.36580044,0.556967,0.16209942,0.14035925,0.5507238,0.17893095,0.20929706,0.0882475,0.45124543,0.6420454,0.42829302,0.5670057,0.65430224,0.3334885,0.29122686,0.5704972
foil,0.32999846,0.11191207,0.025038209,0.21840644,0.2300744,0.14622006,0.037290715,0.19847596,0.13909152,0.1420955,0.17508455,0.2558686,0.21850078,0.15027848,0.24096307,0.05277489,0.18022695,0.13095334,0.20819375,0.110150635,0.44929183,0.07536136,0.27666754,0.23126492,0.31420678,0.25630653,0.11435017,0.3112846,0.14179128,0.18244469,0.12559253,0.037985243,0.43336436,0.3293252,0.49814528,0.41413668,0.15171382,0.22120939,0.39535666,0.093684494,0.15739584,0.19216205,0.19885468,0.25121564,0.2439853,0.12937097,0.16112275,0.11681178,0.38880414,0.20909846,0.302136,0.3541814,0.18553464,0.25796747,0.21952963,0.31837958,0.09859127,0.30524513,0.25279486,0.30103564,0.35668606,0.23633301,0.15802217,0.24162807,0.18789056,0.25517586,0.12728062,0.16145699,0.1948807,0.3537764,0.2505224,0.48138136,0.017178038,0.29746318,0.1828179,0.26244563,0.19461814,0.18475819,0.3162978,0.19853286,0.27297083,0.14659962,0.0029587056,0.10751359,0.15785387,0.12520227,0.27438802,0.33278227,0.2913441,0.16291206,0.32943872,0.050174657,0.008097168,0.20741779,0.16747539,0.1867292,0.045009635,0.17198263,0.14402677,0.016568186,0.14751855,0.04494711,0.06814958,0.15976891,0.12992993,0.22175379,0.10717851,0.33255798,0.18840964,0.12506224,0.05873819,0.37973827,0.18362238,0.015429879,0.0482973,0.20688757,0.29455298,0.060580596,0.19612363,0.30609554,0.5018556,0.25148875,0.34366673,0.111708924,-0.039017726,0.21112181,0.13987531,0.22095922,0.47029054,0.021371372,0.23142162,0.10994336,0.27327138,0.04470052,0.073801965,0.051541027,0.27016032,0.121921666,0.15796578,0.25982696,0.20345892,0.11161904,0.26590925,0.24792942,0.31379604,0.06530489,0.21581072,0.14372128,0.34231737,0.26023299,0.2147039,0.09177025,0.20939264,0.29512802,0.0767757,0.111690484,0.16694494,0.2723552,0.24406472,0.2463887,0.074413896,0.21765913,0.09847504,0.10939425,0.117087945,0.07585949,0.08981979,0.2285695,0.07638128,0.31994933,0.04601716,0.36525258,0.14271116,0.09175882,-0.027002312,0.08472472,0.2320074,0.17024314,0.2763201,0.31208384,0.2529351,0.266472,0.28203887,0.14932905,0.32193488,0.48811704,0.29156393,0.2507437,0.06403654,0.24363235,0.1299315,0.1988313,0.14018804,0.361843,0.14373164,0.1619352,1.0000002,0.3043025,0.27675468,-0.028049698,0.07723475,0.17682144,0.12599608,0.23686227,0.09666687,0.3256778,0.36378133,0.08576718,0.21556464,0.27418646,0.34529948,0.5761143,0.3006363,0.22075522,0.12532024,0.21995738,0.34114456,0.2184002,0.26179245,0.12833054,0.24535975,0.05923659,0.12291523,0.17785878,0.2691099,0.48207912,0.25253156,0.13463774,0.28908217,0.11810163,0.26501188,0.14902954,0.11984667,0.23811696,0.23727974,0.251812,0.30546468,0.12771206,0.07483022,0.15657102,0.12503162,0.25403112,0.281116,0.2415016,0.120421305,0.1411746,0.15624826,0.13465708,0.2900183,0.14988917,0.35156953,0.41399282,0.45270586,0.22316575,0.27919865,-0.021046393,0.13255672,0.16377454,0.23880804,0.14895329,-0.019980624,0.3026617,0.33223793,0.40155914,0.2839749,0.2091456,0.14993319,0.3045709,0.11885772,0.115715735,0.1431486
roast,0.47390574,0.08597406,0.07343349,0.08254133,0.10881135,0.120486885,0.052578244,0.07432112,0.08246739,0.1813299,0.086195245,0.30460382,0.039892867,0.2989092,0.090890065,0.02841427,0.21605536,0.12814143,0.26445055,0.18994854,0.16713983,0.018990833,0.48376063,0.2115417,0.21151824,0.14771295,0.2630239,0.41626647,0.11737743,0.28892386,0.31712914,0.07917595,0.25692517,0.13865757,0.30528086,0.39895958,0.05953662,0.09407428,0.5601588,0.2487414,0.054746084,0.23889051,0.19732246,0.49374038,0.26972872,0.29433003,0.093018465,0.14266649,0.49677798,0.12479266,0.054074816,0.23230663,0.026803493,0.15628372,0.33208215,0.4728177,0.038750205,0.17914271,0.18923658,0.119675264,0.57124436,0.16760403,0.121763274,0.1857971,0.053548582,0.07409076,0.2197881,0.11685926,0.3928026,0.31142712,0.19266777,0.20867875,-0.003070088,0.13911432,0.07665259,0.23947933,0.1230098,0.25224364,0.33846313,0.1196428,0.20483449,0.14730537,-0.0018674079,0.11174043,0.089308456,0.19671266,0.5049114,0.19791834,0.10703386,0.09302653,0.32015276,0.08471333,0.018747924,0.16862702,0.09568868,0.26110566,0.0047560493,0.17204854,0.11117569,0.06430096,0.17799157,0.040651344,0.033060435,0.30544087,0.15576461,0.02769073,0.23512378,0.14493465,0.110882744,0.04485259,0.18796727,0.36060753,0.03442626,-0.047683787,0.06421068,0.21434906,0.12618028,0.03711216,0.10888526,0.71254134,0.4324319,0.19539995,0.69434845,0.14269497,0.058077563,0.03696752,0.0346628,0.17524722,0.42824563,0.09393431,0.13790056,0.0923094,0.13087305,0.046835817,0.06591635,0.15307353,0.03290315,0.09191739,0.061944664,0.5417851,0.16725752,0.023352906,0.10488528,0.09128628,0.4779686,0.0859506,0.05969933,0.045447234,0.48424506,0.35057518,0.119635746,0.08366961,0.10069508,0.15105818,0.021836061,0.10685189,0.19246075,0.51342314,0.6513749,0.16852257,-0.011979009,0.16470128,0.13199258,-0.01842631,0.09711707,0.040924028,-0.015568965,0.008440038,0.08653475,0.119589746,0.05157192,0.26017314,0.0988298,0.11227052,0.08584709,0.11512618,0.20139821,0.115192235,0.062001977,0.17776756,0.1946536,0.120329656,0.27443355,0.16993187,0.27271822,0.13401473,0.14747778,0.17967907,0.1467753,0.38298094,0.06472263,0.39245626,0.057828993,0.10598406,0.08366567,-0.0053728297,0.3043025,1.0,0.015714016,0.036909986,0.042631153,0.054405965,0.15927753,0.13718845,0.2306422,0.15496774,0.13464426,0.2175825,0.2549041,0.19201046,0.32121652,0.1273597,0.4969349,0.04270869,-0.008096194,0.055321902,0.41540384,0.073322326,0.08040441,0.09134211,0.17746845,0.09096051,0.061841734,0.13114697,0.13290691,0.08798179,0.17876962,0.123024255,0.48697686,0.03297432,0.07183495,0.17541915,0.08249596,0.108139515,0.09596671,0.1147714,0.21136081,0.22892073,0.023147242,-0.050320275,0.13977541,0.40025547,0.062622875,0.6120668,0.1231736,0.0267988,0.25195375,0.042789385,0.1324442,0.04994388,0.29084665,0.5460787,0.12391281,0.570626,0.47694185,-0.02918552,-0.038142513,0.26202565,0.46962416,0.03868684,-0.006135889,0.08412922,0.5971627,0.30583584,0.09841073,0.09025076,-0.016029472,0.12651724,0.095942736,0.007836023,0.011551277
unfold,0.085506365,0.4428103,0.07772381,0.40215194,0.019133644,0.41986752,0.007239448,0.12099065,-0.043663353,0.033729136,0.34093952,0.26677233,0.26391608,-0.0041207857,0.4386185,0.068928756,0.03219249,0.3123476,0.023179172,-0.040521458,0.24076585,0.18133566,0.013294727,-0.047124043,0.3125614,0.07508998,0.013580453,0.06902945,0.16928412,0.008918168,0.08080836,0.06620599,0.24241638,0.21053308,0.06365886,0.19699523,0.12776592,0.16395806,0.029060483,0.19424236,0.2072232,0.060825102,0.15148808,-0.034488887,0.0030623972,0.020648181,0.14752187,0.25741732,-0.0031831963,0.08654856,0.02342346,0.25300297,0.29719704,0.22598526,0.08832407,0.0056546917,-0.018773818,0.11929814,0.18085942,0.18022361,0.074396804,0.35274553,0.23113741,0.13694355,-0.017993249,0.4437245,0.028578471,0.44496506,0.013146924,0.11623173,0.003972711,0.5646536,-0.024230376,0.40738004,0.4948485,0.11408443,0.14910193,0.050558124,0.2543723,0.22016627,0.18830165,0.19933727,0.0519045,0.1461557,0.4362296,0.13341479,0.1369497,0.23767295,0.17256822,0.099807106,0.34472024,0.050832942,0.24276459,0.18322855,0.20935237,0.24723315,0.18188469,-0.005789155,-0.013543761,0.09553482,0.056797754,0.08142677,0.16475303,0.17477328,0.151692,0.31380054,0.102729395,0.37199473,0.18251264,0.29422665,0.29663825,0.14316492,0.18801194,0.091805905,0.20601323,0.057303183,0.13804944,0.013278409,0.098216735,0.046667717,0.19349039,0.3669979,0.06746205,0.020511469,0.09183575,0.3856496,0.34403935,0.039634403,0.16547504,0.18337055,0.19082962,0.13455084,0.1732825,-0.019478522,0.08501095,0.19678897,0.36499873,0.20266262,0.25794637,0.043624975,0.14020737,-0.0010890309,0.19575746,0.027627282,0.014821313,0.043126196,0.07341793,0.5188774,0.10997567,0.06568706,0.24606493,0.32708094,0.06418897,0.24044532,0.033465758,0.13704228,0.33002296,0.06783741,0.105555445,0.4361197,0.43910772,0.0956785,0.16178143,0.31426013,0.30423585,0.073419705,0.27101693,0.12516062,0.47600055,0.18778612,-0.010299206,0.078555785,0.4844425,0.0961415,0.02957771,0.2924111,0.15569916,0.028857376,0.025917646,0.24118355,0.037479524,0.21917398,0.029422987,0.19969021,0.16577454,0.42144063,0.15425651,0.050554518,0.018547656,0.0015178632,0.46550146,0.022729037,0.26795274,0.2121926,0.4510367,0.24289358,0.27675468,0.015714016,1.0000001,-0.02101447,0.334216,0.3739842,0.068000235,0.45149714,0.02021201,0.08321187,0.55042857,0.3437921,0.3620245,0.07773407,-0.008854774,0.25916207,0.03805511,0.1290977,0.43360615,0.17422718,0.14667282,0.20397726,0.21879002,0.25852647,0.1921166,0.03096928,0.07300688,0.18104887,0.42500275,0.26563108,0.22851202,0.21190412,0.06984366,-0.0026633143,0.13102815,0.16612309,0.1973572,0.17763816,0.3156569,0.28137422,0.32471776,-0.009489374,0.06911874,0.07087413,0.062000588,0.17786033,0.4327762,0.023845157,0.0573159,0.15920347,0.11246754,0.18313542,0.26905796,0.02195192,0.15720779,0.027847078,0.1805242,0.050619632,0.07423225,0.20267408,0.07334263,0.13235913,0.049564447,0.17863615,0.04015659,0.23415382,0.093015924,0.13328622,0.36044717,0.12422192,0.20619312,0.13409847,0.04815374,0.3150801,0.1111573
yield,0.08584644,0.15837006,0.19054428,0.052960522,0.0107800905,0.1244377,0.041029617,0.1888803,0.010930285,0.21334615,0.076901,0.14737514,0.1012738,0.116925746,0.13782679,0.06490619,0.16967365,0.16926183,0.074265845,0.06424525,0.054545276,0.18794456,0.014468007,0.06300555,0.015496764,0.026185755,0.20746018,0.12199122,0.1348731,0.094251424,0.1899853,0.25643367,0.03597181,0.10538581,-0.024088219,0.033133734,0.15994889,0.33731297,0.017370936,0.052493744,0.17800161,0.1050155,0.05528364,0.11741756,0.1168395,-0.011837866,0.07438419,0.20035487,-0.036254905,0.174454,0.050609447,0.102876484,0.08633895,0.18813726,0.12020952,0.080990255,0.12853628,0.09963992,0.1280403,0.13570884,0.026465716,0.16310278,0.10425584,0.0871534,0.07582781,0.09345972,0.105863206,0.12913138,0.11274779,-0.011498928,0.10125913,0.11465208,0.13253993,0.089093804,-0.033425376,0.11718486,0.098085165,0.13375896,0.06396545,0.114764094,0.039461963,0.07411657,0.19444221,0.13374709,0.16736874,0.15842733,0.10382241,0.06569079,0.07778889,0.17960857,0.02381428,0.09561215,0.020085342,0.12260063,0.08161573,0.009192982,0.045273207,0.11926904,0.15488316,0.17232725,0.07876144,0.12608959,0.12488186,0.095970854,0.11627841,0.13489157,0.12321941,0.08906487,0.15228018,0.06018839,0.28357875,0.12668115,0.30865824,0.12635317,0.05990402,0.22850826,0.052220896,0.13312167,-0.047196932,0.09984853,0.037959374,0.22934099,0.14695814,0.0017353874,0.12859468,0.04212127,0.08572701,0.029796515,0.0401129,0.015266275,-0.072589464,0.008114449,0.14477193,0.11471729,0.15389803,0.058185138,0.002861172,0.043201707,-0.03278417,0.114938885,0.2060149,0.10459442,0.053458434,0.09857916,-0.0142671205,0.14742544,0.047362268,0.048357718,0.089447305,0.1571526,0.08641824,0.082908005,0.21382046,0.045313615,0.4893539,0.226616,0.102193296,0.029132644,0.06556121,0.11530122,0.08876042,0.12973264,0.20344013,0.17110077,0.02477753,0.042379536,0.32724878,0.2532994,0.020163907,0.21705411,0.043119073,0.20469654,0.058606483,0.1045788,0.3980226,0.091085605,0.1918104,0.13280928,0.08004926,0.2550457,0.07025621,0.1751157,0.09975426,0.14692914,0.20815158,-0.0049780593,0.0809764,0.061258882,0.2299318,0.029961772,0.036588173,0.17280409,0.20517346,0.13572873,0.19021061,0.09994022,-0.028049698,0.036909986,-0.02101447,0.9999999,0.031693537,0.085497126,0.12293723,0.148539,0.19907613,0.20554346,0.017128896,0.128583,0.08246644,0.029443892,0.054661065,-0.05207024,0.070655495,0.17720559,0.057835087,0.2288938,0.114107996,0.34074414,0.060487438,0.07690012,0.25313157,0.29471338,0.2095531,0.17707175,0.0023038406,0.028158737,-0.037210748,0.11666359,0.09616341,0.11259511,0.096198045,0.19809186,0.060083844,0.29667225,0.21387017,0.10733159,0.29342726,0.14128026,0.03805625,0.14658314,-0.03300725,0.03616762,0.006653326,0.11634028,0.17015737,-0.00016847998,0.02829657,0.10588276,0.24249047,0.047100328,0.051628433,-0.009776101,-0.11640373,0.06226585,0.051861845,-0.05617477,0.0797803,0.13666987,0.1242046,0.1855147,0.016985405,0.021022886,0.14698336,0.09988476,0.080168925,0.13901454,0.082922086,0.08481998,0.14439492,0.07803593,0.24663308
smooth,0.20689407,0.31874597,0.099322766,0.43733233,0.15059744,0.3675882,0.008923229,0.0044160318,0.023032894,0.116650835,0.047336727,0.37495327,0.048905898,0.04014598,0.28033543,0.106932685,0.09001088,0.38472015,0.033982355,0.18370444,0.09926388,0.2619708,-0.002444068,0.06764796,0.28865921,0.26987517,0.104642406,0.16448835,0.34918964,0.2032817,0.15961328,0.19325191,0.21025282,0.1452021,0.09783376,-0.021383112,0.25710475,0.130771,0.026204329,0.17306784,0.105677955,0.24538113,0.15747896,0.100584075,0.08246244,0.15068462,0.1322984,0.35382217,-0.04832501,0.0657023,-0.022338666,0.101148576,0.10387215,0.110298805,0.108177975,0.056305155,0.024405189,0.19373342,0.18476722,0.049325965,0.021704884,0.27903777,0.40545082,0.18453929,-0.010224896,0.30276382,0.09694214,0.5047937,0.15816736,0.3043633,0.06662038,0.32380342,0.0336719,0.2211071,0.51086706,0.010312256,0.029944688,0.21704751,0.20737755,0.31823727,0.23601657,0.37279022,0.08287871,0.24603131,0.3851271,0.1809431,0.1709626,0.18472469,0.09851022,0.24616283,0.2788613,0.23671418,0.597473,0.263534,0.16095278,0.4088684,0.30236208,-0.009042939,0.08984497,0.24452671,0.09498058,0.1340785,0.1466559,0.18442112,0.17037526,0.2148126,0.26267844,0.15820324,0.2081821,0.1993693,0.36796904,0.04934842,0.055535704,0.06485307,0.2358804,0.24667375,0.23976219,0.08749089,0.034519527,0.13643219,0.09827961,0.3590951,0.080238424,0.26767045,0.0396118,0.3479927,0.3954392,0.1458784,0.060403164,0.21116847,-0.015476324,0.39170572,0.0037409412,0.21865109,0.18039842,0.07875347,0.23065041,0.35119104,0.39019,0.09390309,0.12483415,-0.011405271,0.23693848,0.02990219,0.08208729,0.14107594,0.27734742,0.3209222,0.042011663,0.10569325,0.089749515,0.56613255,0.18074837,0.006177865,0.015476378,0.10658422,0.4051953,0.20190868,0.05284897,0.39860737,0.36055535,0.24170223,0.18141828,0.17277528,0.18441366,-0.02110395,0.17788434,0.01133247,0.46132195,-0.022249188,0.15719576,0.013855439,0.50516045,0.3331995,0.021708267,0.5741996,0.16190967,0.18417168,0.24343282,0.06881242,-0.015221309,0.1117437,-0.009683203,0.08385262,0.10752464,0.11796351,0.2710318,0.18324776,0.14774728,0.12828447,0.3038593,0.07809156,0.00393679,0.014221208,0.41533726,0.105509154,0.07723475,0.042631153,0.334216,0.031693537,1.0000004,0.23706785,0.13871837,0.38297835,0.04639822,-0.0008387249,0.605548,0.35576057,0.49439394,-0.020373963,0.014649026,0.124400884,0.10984341,0.04460237,0.42841232,0.029118981,0.043093078,0.19010955,0.36341965,0.16205311,0.108599946,0.113470696,0.09491454,0.13430788,0.46465102,0.211081,0.30573496,0.1383557,0.046917163,-0.0019723075,0.12916085,0.15917782,0.1727854,0.061883684,0.13722484,0.32345057,0.15115167,0.13066286,-0.022344248,0.0230802,0.030944768,0.051435627,0.105063155,0.14623415,0.07272859,0.24240422,0.112133466,0.13685238,0.11579757,0.054422796,0.029431682,-0.024811156,0.028416533,0.076274246,0.19805181,0.10374703,0.03486254,0.34250635,0.15596831,0.059214223,-0.014305936,0.32636946,0.11736421,-0.0026318654,0.26079637,0.22102037,0.07293045,0.028489055,0.055354133,0.24107502,0.017944776
press,0.0996746,0.2672901,0.26963413,0.30215755,0.23660243,0.34031695,0.08371022,0.25844574,0.08634332,0.26472774,0.23062593,0.30076063,0.2964951,0.08920878,0.4181909,0.2055206,0.149892,0.17890443,0.031458154,0.13985953,0.21613397,0.10325227,0.08795327,0.11428796,0.13600957,0.26074478,0.26118255,0.11647042,0.4909332,0.050681785,0.23901471,0.3322537,0.21218872,0.10895377,0.15742183,0.09615617,0.17069416,0.24520087,-0.032626655,0.27850744,0.4318477,0.2630794,0.1549043,0.046030086,0.23723552,0.21945602,0.14013083,0.1535216,0.048602737,0.29358113,-0.009992281,0.31395307,0.22449455,0.23833838,0.10932535,0.12950823,0.15254152,0.257889,0.14410925,0.30165347,0.07022731,0.16885357,0.33315173,0.29910368,0.12053958,0.34202302,0.1856165,0.42455268,0.08646306,0.0668286,0.15737909,0.3323154,0.12928434,0.26918313,0.29561204,0.15294214,0.34380028,0.35413378,0.29628518,0.3067843,0.27138743,0.32198787,0.27556226,0.3455926,0.34129894,0.28934816,0.3597909,0.5106225,0.29126447,0.30333644,0.20996605,0.29186428,0.29342872,0.37961194,0.5033595,0.31862038,0.25479406,0.056477383,0.23153487,0.2376851,0.23785983,0.40040553,0.3305022,0.26655805,0.21128502,0.2669759,0.25747317,0.14090453,0.2557763,0.35526633,0.20878746,0.16368866,0.19529146,0.23570159,0.2761652,0.3043591,0.16706781,0.057618547,0.10881963,0.23491612,0.15611695,0.36337262,0.1460654,0.22029772,0.12196113,0.30078858,0.07139828,0.11609678,0.14208582,0.29187423,0.19325586,0.24069849,0.29219377,0.14393932,0.20413563,0.08856967,0.21065503,0.4581104,0.55320704,0.20598122,0.29435697,0.15627044,0.26051024,0.12326513,0.002178737,0.28208923,0.34776276,0.20885861,0.14644703,0.08694073,0.2689883,0.44223952,0.3047753,0.20516233,0.26087013,0.33518556,0.3686054,0.16763563,0.13937336,0.10238872,0.14006619,0.329459,0.28208524,0.37038416,0.4008808,0.20983332,0.4186348,0.19729169,0.3475351,0.30609092,0.17749152,0.23941341,0.49356288,0.34564304,0.12977687,0.3451243,0.28256872,0.37499398,0.1709995,0.270622,0.12253048,0.4992829,0.11986986,0.25993788,0.25297877,0.31248662,0.3307345,0.44100216,0.26498646,0.23827374,0.71563137,0.0897899,0.17181066,0.18987659,0.20699096,0.33137077,0.17682144,0.054405965,0.3739842,0.085497126,0.23706785,1.0,0.37878674,0.3089186,0.16845958,0.11850872,0.25320622,0.22317499,0.34225547,0.16678338,0.1112264,0.33214396,0.059708953,0.26825202,0.5051073,0.27423608,0.17782943,0.2946855,0.2453722,0.26645696,0.32172793,0.24940139,0.28792346,0.39438778,0.23414437,0.21650195,0.34565988,0.31975856,0.19923812,0.17352372,0.25347105,0.29432422,0.44395745,0.27382392,0.27646714,0.43049425,0.33200043,0.29368263,0.13271105,0.2223278,0.06320977,0.22172232,0.3522296,0.25943452,0.33530226,0.4072898,0.16755778,0.5268012,0.3098857,0.19768964,0.24573678,0.12250182,0.1353505,0.20709693,0.15083385,0.15160467,0.36124754,0.31305495,0.26096296,0.29804283,0.001324289,0.1676126,0.16891906,0.28402436,0.46910793,0.37372088,0.35188818,0.28501257,0.32867438,0.45730975,0.36742765
puree,0.139509,0.15159908,0.37033695,0.15921396,0.26506314,0.17510587,0.12419225,0.30750412,0.1766752,0.5487045,0.09520374,0.098049365,0.26112217,0.43745828,0.20549977,0.4230752,0.28596568,0.07916403,0.204528,0.28724065,0.1261007,0.17177093,0.07212861,0.15636475,0.076513976,0.18744442,0.28660652,0.28880727,0.43144044,0.14970778,0.24233285,0.30929786,0.0891192,0.102223665,0.17909077,0.03761282,0.3063534,0.18096738,0.048297554,0.2543302,0.52878076,0.40918323,0.18215337,0.2767096,0.36817098,0.23801517,0.12401067,0.05606244,0.11906183,0.53475374,0.02484098,0.26848158,0.1501689,0.30727184,0.17613593,0.17589936,0.3163923,0.22020984,0.27170643,0.37953252,0.1618633,0.11725122,0.23604336,0.12971908,0.4362858,0.14179265,0.3269571,0.18284836,0.15586203,0.047630124,0.23674342,0.14803763,0.17238939,0.24767631,0.043497212,0.1410906,0.3764226,0.34663096,0.15351903,0.22879335,0.21231607,0.24541563,0.38350624,0.48130876,0.14705953,0.29726315,0.23784328,0.36620158,0.44060218,0.4384985,0.09740177,0.39945158,0.2803579,0.39321482,0.56768215,0.023907313,0.15446721,0.2392669,0.48420274,0.66764665,0.25146157,0.27352118,0.30633098,0.48059392,0.2029596,0.11063031,0.22518814,0.17290959,0.30142218,0.10111907,0.35956,0.23543207,0.24520905,0.6441381,0.24412072,0.46936598,0.14014912,0.0133769205,0.03600681,0.3431087,0.06257205,0.4258244,0.08239867,0.26697242,0.07101676,0.18462895,0.049691565,0.2819302,0.10829755,0.42379287,0.009282529,0.21576616,0.3416016,0.28262278,0.44654,0.09635719,0.046612818,0.44138587,0.30009037,0.34273815,0.32257876,0.3965804,0.0754507,0.3561989,0.08871362,0.48769867,0.32190144,0.18996242,0.16637374,0.2739488,0.33657345,0.12287158,0.43735856,0.26390037,0.29393598,0.6444367,0.46258995,0.24869946,0.21764421,0.097028956,0.05825919,0.6089153,0.2852453,0.21390271,0.12050809,0.031342708,0.17379226,0.60666525,0.124859534,0.46717554,0.22030811,0.44842583,0.15813121,0.63084435,0.17844227,0.2232151,0.32209396,0.5017106,0.3075195,0.36767772,0.17246847,0.37417334,0.10801215,0.26991034,0.33372635,0.12494658,0.36600375,0.25944674,0.26483062,0.45477104,0.20587972,0.1524965,0.09470265,0.2727217,0.14213718,0.32553086,0.12599608,0.15927753,0.068000235,0.12293723,0.13871837,0.37878674,0.99999994,0.13102669,0.14267467,0.20592496,0.09087022,0.32766294,0.2645118,0.053215288,0.17555025,0.23165491,0.26459986,0.34268737,0.2743994,0.40309614,0.09008756,0.36288202,0.247922,0.32038945,0.42507362,0.5493278,0.81531155,0.5581181,0.042204253,0.27834705,0.39297616,0.52538604,0.23139548,0.31996727,0.34384528,0.2796194,0.28886223,0.41626686,0.3479404,0.29426336,0.28362492,0.3486585,0.05798437,0.24171455,0.1189666,0.19270849,0.2738849,0.38013458,0.8365871,0.16076446,0.14230631,0.67884034,0.35649893,0.23195794,0.18389913,0.13289732,0.0011732224,0.4031433,0.2029298,-0.009420583,0.33879206,0.26719826,0.1771545,0.5034228,-0.0028719902,0.18752736,0.12648518,0.34008807,0.30792463,0.66215,0.26063126,0.31920677,0.7933292,0.078337684,0.58144134
roll,0.18990009,0.36219484,0.24206668,0.5314436,0.13500264,0.61557686,0.00337141,0.08066314,0.037631486,0.2744497,0.18911761,0.38583726,0.17483038,0.19728035,0.6066302,-0.002814073,0.0017735437,0.59154,0.093986504,0.010871795,0.2497305,0.16102067,0.116207674,0.072698705,0.3260661,0.10989056,0.08684644,0.1225203,0.18128219,0.05987596,0.1353631,0.116786435,0.31420356,0.167694,0.093227826,0.12212707,0.20169523,0.27745068,0.099363744,0.31432873,0.08894197,0.18652447,0.1124662,0.060388464,0.056203697,0.0764077,0.13451563,0.5750858,0.033227254,0.23397948,0.027059939,0.2343177,0.13241103,0.18957832,0.13785934,0.081159785,0.013372259,0.15785122,0.05292808,0.09750052,0.14461106,0.27833116,0.34879243,0.115357846,0.066611044,0.41882676,0.14880952,0.46747744,0.12818787,0.15966207,0.05156906,0.714972,0.031544946,0.17942566,0.34268892,0.1243238,0.085864276,0.083648905,0.24620028,0.18201189,0.10983579,0.17780128,-0.029936314,0.08223347,0.63694,0.16456482,0.20710023,0.16445564,0.07983741,0.0722838,0.28750727,-0.013317876,0.22874337,0.1749587,0.18907002,0.33960086,0.14015758,0.075694285,0.096683495,0.09010572,0.1258951,0.014237068,0.072077006,0.12030212,0.17569152,0.16316617,0.080449186,0.27617633,0.07934712,0.4209039,0.40486243,0.08091522,0.14843452,0.09947776,0.30709112,0.23476867,0.100343555,0.08086851,0.060730703,0.21651295,0.091782756,0.5037348,0.19966932,0.059463516,0.07293692,0.2517016,0.36703533,0.065239176,0.070786834,0.31713188,-0.060693033,0.09594364,0.10952031,0.09213959,0.091132686,0.048185766,0.06964343,0.1785447,0.13612427,0.18044826,0.23923776,0.04193051,0.14542535,0.069369175,0.041848842,0.053223386,0.0027742353,0.33752072,0.13404956,0.08117476,0.19742045,0.37232244,0.16932276,0.07744778,0.13610616,0.15561539,0.43809742,0.12295859,0.18340757,0.52475107,0.40980262,0.20908803,0.4047035,0.16668051,0.10417106,0.055468906,0.22571783,0.19922066,0.43650767,0.09082392,0.06754742,0.1804322,0.44537896,0.12741064,0.016956616,0.29655498,0.192857,0.12098088,0.079886064,0.14948288,0.012544364,0.2175489,0.08700113,0.15936449,0.2829644,0.13730174,0.07125757,0.14861953,0.05782323,0.09601034,0.32280597,0.0955538,0.13140544,0.1495966,0.56655943,0.13059138,0.23686227,0.13718845,0.45149714,0.148539,0.38297835,0.3089186,0.13102669,1.0,0.15959397,-0.009429175,0.3906983,0.39963478,0.49989763,0.08593931,0.074852,0.16788942,0.27305013,0.09163099,0.36439866,0.092211984,0.19074263,0.22243744,0.13598673,0.18113288,0.16310251,0.19237846,0.09624174,0.16119872,0.3265735,0.10218212,0.10864191,0.11606406,0.22860417,0.04499319,0.006473312,0.15309843,0.15844941,0.1514262,0.13589093,0.22645207,0.3043785,0.052548762,0.00024520978,0.016211977,0.03269183,0.29909694,0.12996587,0.19501647,0.14006369,0.10449767,0.037654214,0.14576478,0.21569195,0.04148962,0.1666049,0.0767571,0.026988853,0.18459544,0.2061171,0.1900011,-0.033030927,0.16924411,0.116253614,0.17260922,-0.054312326,0.1305166,0.1845559,0.21427603,0.24252865,0.29979506,0.04091041,0.092264175,0.11123164,0.23928332,0.097592905
sprout,0.17562562,0.13885862,0.1515613,0.13223664,0.11981748,0.15825087,0.066447124,0.13887748,0.17727694,0.07645408,0.18849444,0.21402657,0.17028368,0.1829988,0.2534584,0.107118994,0.23054373,0.25766453,0.15327092,0.052514542,0.089614674,0.12749538,0.1259344,0.18106496,0.21956062,0.089698605,0.08834716,0.037874397,0.14458053,0.04756803,0.17963095,0.14658661,0.027454872,0.15984315,0.1414666,0.17898159,0.24681619,0.20669061,0.09446482,0.1396671,0.18224351,0.12241981,0.12159094,0.18994057,0.13559416,0.35777003,0.12560666,0.27787822,0.22751069,0.1103178,0.16999266,0.11258448,0.18846522,0.17761001,0.21774608,0.39748538,0.113355294,0.1625315,0.24069558,0.2704982,0.112187676,0.23903763,0.12308675,0.16126972,0.1154316,0.066544965,0.18415792,0.13957386,0.15659839,0.058890484,0.18849537,0.27631623,0.12768531,0.061398525,0.09746523,0.23343551,0.16722253,0.1541579,0.24436513,0.042226695,0.029771838,0.036795214,0.064663135,0.12851045,0.18036506,0.07340881,0.21813515,0.24476363,0.10672565,0.12824927,0.17010704,0.08852636,0.10667774,0.20908874,0.23781219,0.2039037,0.035208672,0.115683146,0.1043816,0.105335936,0.17126276,0.19030675,0.12584352,0.09383527,0.18370348,0.06271578,0.093144715,0.18873104,0.070578985,0.19793436,0.14388804,0.13490097,0.075997576,0.043724086,0.19737113,0.18477648,0.03630909,0.039272487,0.097023144,0.17264144,0.21770045,0.28818405,0.19900821,0.09067738,0.12061745,0.08121873,0.1307438,0.03671512,0.2232752,0.1495826,0.104830414,0.01789288,0.14489141,0.10923429,0.06516419,0.20922667,0.023733275,0.13056058,0.10068324,0.19292554,0.16181421,0.07306682,0.06953883,0.19526622,0.09238808,0.13737427,0.16964808,0.02452011,0.16450307,0.16057393,0.25460795,0.064343154,0.20184699,0.17198953,0.16386274,0.12163581,0.22025761,0.13531102,0.1322974,0.23945443,0.09384319,0.14043275,0.33158803,-0.005718112,0.09640195,0.035220206,0.124346346,0.17403983,0.1253219,0.15334687,0.095508456,0.35484284,0.12111025,0.07690565,0.16114345,0.11585663,0.20746846,0.18204343,0.08141468,0.19414228,0.12457388,0.31165826,0.27559698,0.15503068,0.20084436,0.1638267,0.09178455,0.13655165,0.15851921,0.12515002,0.14870824,0.13378617,0.06411827,0.24757947,0.24326515,0.049944974,0.09666687,0.2306422,0.02021201,0.19907613,0.04639822,0.16845958,0.14267467,0.15959397,0.99999976,0.12698135,0.09316704,0.12614053,0.13071063,0.2440933,0.3345672,0.14596353,0.16666941,0.16100395,0.12564124,0.14796844,0.36766008,0.17464271,0.036814228,0.17761394,0.1679241,0.12935865,0.15381904,0.18880776,0.19847423,0.09400937,0.08204845,0.13011171,0.088061266,0.11921166,0.22913948,0.12270283,0.20887285,0.16311839,0.10525949,0.14032596,0.22591084,0.15120283,0.044886302,0.17677262,0.060473762,0.10063081,0.09559674,0.14417085,0.15857053,-0.037483916,0.074495755,0.1584107,0.1371697,0.15692572,0.27968758,0.2224581,0.0146837495,0.12614977,0.08121671,0.0690486,0.16985695,0.1365976,0.1904115,0.16723838,0.000725735,0.057833154,0.21589291,0.3009754,0.15814131,0.16523214,0.11155827,0.13247797,0.12840912,0.06743103,0.26475626
serve,0.1956679,0.08657826,0.1421159,0.083357334,0.11491139,-0.0016664248,0.113596365,0.32506904,0.07429055,0.13268219,0.34346613,0.10130803,0.20478204,0.17611423,0.13987789,0.107569605,0.25823486,0.050352454,0.15582177,0.18354385,0.28414118,0.08643585,0.12024541,0.13521399,0.19533397,0.12922522,0.09318142,0.2412541,0.22026975,0.014437811,0.056905255,0.05403537,0.22165489,0.448463,0.19494174,0.22487217,0.034035534,0.39373246,0.1393112,0.10912289,0.35766125,0.25076014,0.15352206,0.08731756,0.2984423,0.084858924,0.21385103,0.06664169,0.24847299,0.2538581,0.35506088,0.21237642,0.115290165,0.49362046,0.18612355,0.19060664,0.18280905,0.17394623,0.4044916,0.38348117,0.18792799,0.24168059,0.14356466,0.06359376,0.36570138,0.062134404,0.13261569,0.05913764,0.09964045,0.080640554,0.16586563,0.23100549,0.14720786,0.20558304,0.035901375,0.24456096,0.24210781,0.09266797,0.27452475,0.14961073,0.09308456,0.01285311,0.13059554,0.15337971,0.08017742,0.08895507,0.17971869,0.41377115,0.14913985,0.16068605,0.20177673,0.056233697,-0.026853126,0.10719602,0.26481664,-0.044240367,-0.028379738,0.13979948,0.22838992,0.08874069,0.119875506,0.10680609,0.16438812,0.13055407,0.09396952,0.14560519,0.039012924,0.48699313,0.1922794,-0.032968678,0.06954798,0.44658673,0.2729309,0.2388969,0.14946522,0.2792773,0.34589034,0.060880855,0.15036663,0.19545567,0.2754495,0.2782953,0.18905637,0.06054303,0.1029362,0.17783257,0.05453279,0.08342782,0.18859728,0.10898897,0.005082365,0.04541383,0.46787727,0.06856712,0.12712137,0.042340882,0.048275538,0.106442966,0.030724343,0.169403,0.37093145,0.25352576,0.072950296,0.437024,0.1608932,0.09707214,0.15042031,0.21693318,0.3230177,0.22960827,0.43540278,-0.0063536814,0.23307481,0.5210613,0.19763827,0.182383,0.08718254,0.10378266,0.13944684,0.23797765,0.043802127,0.2257877,0.06596489,0.15186173,0.15772775,0.07723847,0.2192465,0.26410848,0.038607642,0.46024776,0.031166643,0.41360176,0.029289056,0.15995723,0.22159901,0.109974936,0.28914797,0.24815233,0.242996,0.43754622,0.27636057,0.3189221,0.26373106,0.19047524,0.3516968,0.3579613,0.16353032,0.23207709,0.09729977,0.13665637,0.0399493,0.080818444,0.14364144,0.50583804,0.25040182,0.28606445,0.3256778,0.15496774,0.08321187,0.20554346,-0.0008387249,0.11850872,0.20592496,-0.009429175,0.12698135,0.9999999,0.0929383,0.025789447,0.09001015,0.30658826,0.29371047,0.26261145,0.06624727,0.40148962,0.03191252,0.35298494,0.28231508,0.36059573,0.1791718,0.28501868,0.33976692,0.2065767,0.25481206,0.29877067,0.071633756,0.20390704,0.12677583,0.25034302,0.112075865,0.2656929,0.20410207,0.21034122,0.22659463,0.33376098,0.2502654,0.19305715,0.40211338,0.08979222,0.08323794,0.3519614,0.09127781,0.18816708,0.2157176,0.17740545,0.2148862,0.042792443,0.099384435,0.2753415,0.34175134,0.17370963,0.37709254,0.21522544,0.14497696,0.22762808,0.06620841,0.03788133,0.14829633,0.06123402,0.20693228,0.28192925,0.09401892,0.1853776,0.17883886,0.40204442,0.30272868,0.22986576,0.26256055,0.51137114,0.24029624,0.07304092,0.3074338
skin,0.2102505,0.47708198,0.08166319,0.4881492,0.15833022,0.4331246,0.103323154,0.06412001,0.09479935,0.062385023,0.13824394,0.45825624,0.10338329,0.033787977,0.35043958,0.09735009,0.15923816,0.3601396,0.053880144,0.11912595,0.2555299,0.18588409,0.06670188,0.07382271,0.36997634,0.32156578,0.23135845,0.22780314,0.26518968,0.19374359,0.26715812,0.2965983,0.30586502,0.20046437,0.32612625,0.244039,0.2165034,0.109149165,0.15956369,0.120326154,0.112204194,0.21324643,0.11857195,0.11818668,0.06540242,0.23787993,0.2369732,0.3105728,0.18729731,0.10558987,0.047065288,0.18411067,0.28324738,0.19435138,0.2042881,0.14143229,0.028467704,0.3045299,0.20172563,0.1979516,0.14567435,0.4117174,0.39806753,0.30449495,-0.015702238,0.4220084,0.112245746,0.5824479,0.10070598,0.3711152,0.11484063,0.505589,-0.019928329,0.43203998,0.59819126,0.16470316,0.10601748,0.18712577,0.33170438,0.27785093,0.19862929,0.4828176,0.080245666,0.1718522,0.43560046,0.2521275,0.22352758,0.29802388,0.20015183,0.22772378,0.4226003,0.19169301,0.38725048,0.27862445,0.2037622,0.38012493,0.39617917,0.036624707,0.05962351,0.09952265,0.060491182,0.24246107,0.14597194,0.2097837,0.27825576,0.3218109,0.35667998,0.31252939,0.38063577,0.2004979,0.35470286,0.240819,0.16113172,-0.011552956,0.233978,0.1918958,0.31583637,0.06511869,0.16134687,0.19271484,0.34195685,0.43698665,0.17949802,0.25085744,0.115870304,0.36478055,0.45230487,0.17421578,0.2921664,0.124144964,0.15683386,0.403276,0.20476964,0.21620297,0.22478303,0.08634333,0.5924836,0.31826943,0.35275948,0.1432001,0.1337337,-0.0657831,0.38677394,0.08556023,0.14970468,0.13559112,0.30448025,0.44633725,0.17177105,0.14529108,0.17946747,0.47658777,0.17469889,0.14509325,-0.008016858,0.08870983,0.39006734,0.22840151,0.15852608,0.53773934,0.51643217,0.18067911,0.13667488,0.25466424,0.33733344,0.052595217,0.27405852,0.10524047,0.5085042,0.13588855,0.1973274,0.16636413,0.6095298,0.2168361,0.0027123904,0.46620506,0.33583534,0.1378858,0.26408842,0.21266012,0.017627427,0.24163742,0.1258213,0.14060561,0.2679285,0.4710849,0.3392959,0.20259695,0.101321146,0.14861551,0.39396125,0.099251844,0.19578132,0.1496466,0.4284976,0.17875598,0.36378133,0.13464426,0.55042857,0.017128896,0.605548,0.25320622,0.09087022,0.3906983,0.09316704,0.0929383,1.0000005,0.3833822,0.5058452,0.11973311,0.16914628,0.28005308,0.12674995,0.17056762,0.5782063,0.09137891,0.18310192,0.17558312,0.4033614,0.21831372,0.20769578,0.051241864,0.043820426,0.18451369,0.74692416,0.47456002,0.3374156,0.13535106,0.14819336,-0.03501675,0.27311665,0.216569,0.24085194,0.15297368,0.37975344,0.36522126,0.27825126,0.10287993,-0.0053910855,0.101658575,0.082105495,0.13913402,0.33096117,0.19377619,0.055219285,0.16892439,0.09221867,0.13516188,0.23200282,0.08512021,0.14945003,0.17184162,0.16492717,0.091248736,0.20869586,0.12857175,0.18935263,0.3994841,0.15748787,0.11171387,0.007951346,0.49756324,0.2287079,0.18773855,0.35886008,0.15576449,0.23380812,0.12299186,0.0010891516,0.30653745,0.09782878
whisk,0.33762527,0.5805382,0.2913946,0.28855503,0.1455944,0.53194785,0.051610358,0.049558967,-0.0057754517,0.30593312,0.13957363,0.39297736,0.12784341,0.28365532,0.37348253,0.20686996,0.067659356,0.42903274,0.15156846,0.15252683,0.06681469,0.29478526,0.17157407,0.05466132,0.36238262,0.131999,0.093879275,0.1910579,0.25113767,0.15452385,0.1418288,0.13158798,0.055931192,0.12355635,0.043728758,0.12819543,0.23701364,0.09181534,0.08941519,0.2430277,0.28564376,0.13966233,0.1442878,0.14959729,0.035078097,0.13458137,0.10055418,0.43764612,0.08347818,0.159792,0.006600392,0.19622932,0.09615515,0.19547823,0.26734817,0.18145728,0.12327307,0.13132195,0.15519106,0.22682315,0.20559093,0.21710584,0.259667,0.14630915,0.03269627,0.28961486,0.30645305,0.4325363,0.23829105,0.10687108,0.07450791,0.36339277,0.078816414,0.22383672,0.34142143,0.15862541,0.26005653,0.13330987,0.32135653,0.13321857,0.16176452,0.18663332,0.12629876,0.24622217,0.377239,0.15010454,0.2241742,0.24014378,0.122042306,0.18955338,0.32399416,0.1287075,0.36760467,0.19664726,0.4285038,0.33595547,0.09322162,0.14500093,0.14275838,0.30553627,0.10339282,0.1898672,0.13556251,0.36582267,0.29354408,0.15700269,0.09461191,0.25782663,0.10648043,0.29425737,0.86455935,0.07712625,0.09772332,0.2995021,0.4143012,0.25245458,0.17876035,0.0045008063,0.012120662,0.2605354,0.11442274,0.48132277,0.10307725,0.10643119,0.24849543,0.22925615,0.30957118,0.18472677,0.23756604,0.46177542,0.2303835,0.055590235,0.22197774,0.07746169,0.20695837,0.20943137,0.092224464,0.22993001,0.20944451,0.13286273,0.09012512,0.11399915,0.038168255,0.059301443,0.08480398,0.20334208,0.071656875,0.34354985,0.12613289,0.21218587,0.20475239,0.31916565,0.19210337,0.17228442,0.07238726,0.5229275,0.8253272,0.22386613,0.24653614,0.39171916,0.29039675,0.4150327,0.34035137,0.12933671,0.110717855,0.11983478,0.12739903,0.24659953,0.3834473,0.13201231,0.1173306,0.22144173,0.37634376,0.3574739,0.15137222,0.3924032,0.13610968,0.2477817,0.047452256,0.16479029,0.037795637,0.2854205,0.11749144,0.1168419,0.22033755,0.08151572,0.08344077,0.17624639,0.10915026,0.06855202,0.22965203,0.058050066,0.039497335,0.08771548,0.43753922,0.17961133,0.08576718,0.2175825,0.3437921,0.128583,0.35576057,0.22317499,0.32766294,0.39963478,0.12614053,0.025789447,0.3833822,1.0,0.4316957,0.13259609,0.12820706,0.14654264,0.22204575,0.16618729,0.39315414,0.12599301,0.16361877,0.24263525,0.09532228,0.25282526,0.15846738,0.4980492,0.35533017,0.35034996,0.301854,0.082722366,0.3347361,0.4484535,0.18593173,0.09735267,0.13237822,0.14860448,0.34347397,0.15682067,0.1606147,0.23868792,0.16527122,0.093832545,0.100858614,0.090081275,0.16231157,0.081556305,0.17050996,0.28464139,0.29306617,0.17744657,0.2011716,0.3741285,0.16192925,0.12984407,0.23984575,0.11384533,-0.043376304,0.24561974,0.14287266,0.17479542,0.040410258,0.13795298,0.16664955,0.3059266,0.067334145,0.1273698,0.19566846,0.18487291,0.23525639,0.42105198,0.10255845,0.12108339,0.34559864,0.30743113,0.29348716
melt,0.326291,0.46071696,0.4406072,0.43536717,0.08099495,0.4581198,-0.000979282,0.03848288,0.021614496,0.12341968,0.14205477,0.50032586,0.20283401,0.17923808,0.32512805,0.33973292,0.26368076,0.43544835,0.21295977,0.19798952,0.22476059,0.22557577,0.22874519,0.21846679,0.49249095,0.1763128,0.4382285,0.17286041,0.32378095,0.25145426,0.41929454,0.28283873,0.20123464,0.19083005,0.07425744,0.17730324,0.37138247,0.30353987,0.2247431,0.36515418,0.19194588,0.35656187,0.42117503,0.22867544,0.28512627,0.052075263,0.32576194,0.42172652,0.21434647,0.1407417,0.05421461,0.27183554,0.17915028,0.24425963,0.31911206,0.30083486,0.06049824,0.28697273,0.13021243,0.22777654,0.22476742,0.35316294,0.40983868,0.2223053,0.09771181,0.3865943,0.38808128,0.48847824,0.24733691,0.3432056,0.19899881,0.49563634,0.12962528,0.26908612,0.4457487,0.21008986,0.19601795,0.32269156,0.34576166,0.2435328,0.19136012,0.36437598,0.24912179,0.2272295,0.43417597,0.37949598,0.36943132,0.27676582,0.33012798,0.31696206,0.34600514,0.27406183,0.32562423,0.23781613,0.28884083,0.59832084,0.1237314,0.15711176,0.2854541,0.32066566,0.23754436,0.289168,0.15486792,0.2464523,0.34673166,0.2031964,0.30720115,0.2646565,0.1312659,0.227798,0.48012847,0.16146553,0.18891123,0.18945053,0.24932313,0.39251637,0.12249285,0.10505735,0.2461951,0.4375202,0.21411382,0.4661569,0.33330625,0.120991424,0.11715857,0.23840931,0.42443717,0.26377642,0.23330711,0.22431886,0.10127469,0.13612896,0.1934,0.05409643,0.32908916,0.25817317,0.100384936,0.3654685,0.21968561,0.339494,0.33229238,0.011383359,0.18244562,0.012894646,0.24393953,0.2683145,0.17091721,0.34173882,0.37342343,0.34241036,0.30933282,0.5038177,0.32559904,0.15671515,0.10435738,0.24790153,0.5043393,0.3572401,0.25938484,0.4837206,0.3912715,0.2861392,0.2531398,0.19124499,0.13114959,0.0839959,0.23713955,0.2033806,0.5075008,0.10747065,0.03177736,0.13801843,0.49892604,0.24986467,0.10742302,0.43191043,0.44797495,0.29411894,0.11962338,0.24664325,0.24923745,0.27429312,0.15057045,0.19381197,0.26435852,0.15022646,0.16877547,0.19593869,0.25310743,0.38974848,0.31536555,0.22599187,0.1352006,0.19429718,0.4451024,0.17151344,0.21556464,0.2549041,0.3620245,0.08246644,0.49439394,0.34225547,0.2645118,0.49989763,0.13071063,0.09001015,0.5058452,0.4316957,1.0000002,0.2917148,0.14366283,0.21860029,0.3884801,0.14653361,0.5076885,0.14531252,0.23990291,0.19937211,0.21654037,0.29727447,0.18178312,0.2482912,0.17362791,0.30216658,0.35478508,0.17196026,0.35049868,0.24968413,0.32212356,0.03775645,0.1589348,0.1689049,0.31211305,0.18359134,0.2096782,0.33438852,0.29215318,0.28371182,0.017284445,0.1029031,0.12661266,0.24402082,0.1478355,0.45136422,0.18988307,0.17801018,0.32292622,0.24696665,0.21443373,0.08900773,0.24709211,0.2646245,0.19441754,0.32491046,0.30261332,0.14064328,0.07535883,0.39012033,0.39990103,0.34217572,0.038103964,0.16113633,0.40342924,0.36078382,0.30900618,0.26530415,0.115731396,0.17441234,0.15766478,0.37524134,0.14348762
hold,0.16712168,0.16873492,0.24209502,0.09986727,0.108954094,0.11959031,0.060284622,0.2067037,0.20873907,0.061677463,0.39249703,0.14181688,0.1377041,0.08952147,0.20464835,0.24796823,0.33453584,0.12125122,0.35123596,0.14882559,0.20780098,-0.016017484,0.1408215,0.24163176,0.5807039,0.21635029,0.23871909,0.17504194,0.21096063,0.17334339,0.20439222,0.08244092,0.08714734,0.2686224,0.16047369,0.28525436,0.13431355,0.21723032,0.3041544,0.12804964,0.20330293,0.14135109,0.50176036,0.10162932,0.21550208,0.14443111,0.45393378,0.13539697,0.26115757,0.123384714,0.5882113,0.3201294,0.038278334,0.2023923,0.13623321,0.4182909,0.18885005,0.20593181,0.23909745,0.4248246,0.25132376,0.2799605,0.12837759,0.122054644,0.15244818,0.0522452,0.33083943,0.10102448,0.07589767,0.24539557,0.24327013,0.27024034,0.17261495,0.108649135,0.07885678,0.46800244,0.44037676,0.13949628,0.5074271,0.038335547,0.102492794,0.13989833,0.09511563,0.12925278,0.10167658,0.09520359,0.21939392,0.48562944,0.17011902,0.046401825,0.29540938,0.09592079,-0.005936697,0.14789544,0.411108,0.30553728,0.012813937,0.20905858,0.15234192,0.044279702,0.2679074,0.20138818,0.0019301847,0.08629879,0.05501104,0.06610859,0.12701723,0.24026164,0.030163072,0.19903034,0.09535563,0.24210078,0.079672195,0.107881404,0.19250631,0.22890422,0.122408226,0.039903376,0.36483282,0.22698417,0.4307958,0.24448493,0.2401002,0.08342144,0.31137177,0.057357784,0.026091205,0.15828052,0.44532338,0.14264819,0.406933,-0.014248522,0.27287698,0.0551619,0.0732231,0.11760988,0.1517237,0.103102416,0.09304948,0.15749872,0.18608457,0.12574606,0.0109489905,0.22408192,0.30556557,0.15524277,0.05883242,0.16030161,0.4809907,0.26931405,0.4977544,0.14147545,0.103609785,0.3957988,0.11589703,0.13211149,0.14797574,0.14363211,0.15332496,0.21317524,-0.001952722,0.29918763,0.2543817,0.07133838,0.18067676,0.3363926,0.06910977,0.0828332,0.09851632,0.21130127,0.046803936,0.20519742,0.06687706,0.062935725,0.017937858,0.12842026,0.28719947,0.10588291,0.11631415,0.27808034,0.41469377,0.3932262,0.36250198,0.092851266,0.21264988,0.37899804,0.019565381,0.29353052,0.218732,0.24584281,0.15641305,0.09545147,0.043106366,0.42218912,0.20677854,0.34248614,0.27418646,0.19201046,0.07773407,0.029443892,-0.020373963,0.16678338,0.053215288,0.08593931,0.2440933,0.30658826,0.11973311,0.13259609,0.2917148,1.0000002,0.30832937,0.44773743,0.10984955,0.49606097,0.11948855,0.28426757,0.29453433,0.096786305,0.0718316,0.4529421,0.14323905,0.14377762,0.10588105,0.301529,0.16263519,0.14019932,0.3074723,0.22802693,0.21252003,0.1504248,0.13233529,0.07852479,0.39326063,0.13938653,0.1461289,0.12318355,0.23247764,0.16033234,0.3019602,0.5421148,0.21199471,0.104789406,0.27334923,0.18224177,0.044863563,0.1690597,0.338794,0.2363089,0.15022674,0.25730404,0.52844137,0.2914044,0.43239355,0.24568352,0.096873164,0.279971,0.31050175,0.18381569,0.4552133,0.30716407,0.24097338,0.0869323,0.30943766,0.55923957,0.43128502,0.22771434,0.33037964,0.36847752,0.055059798,0.38782567,0.26335105
check,0.28735453,0.029099159,0.15813634,0.1386694,0.10660668,0.08428437,0.14990604,0.22766697,0.2003142,0.12710783,0.15516166,0.32549053,0.04160934,0.26820448,0.16131955,0.13951482,0.24654618,0.081124514,0.27879524,0.26393312,0.17316441,0.032213956,0.3104087,0.21826342,0.22689164,0.16902578,0.03284571,0.36111015,0.19028574,0.17741573,0.097190976,-0.004042917,0.2323339,0.20323607,0.4067304,0.3695659,0.09800969,0.23707075,0.2437988,0.13486369,0.15495121,0.179253,0.1434574,0.29394454,0.23687993,0.28075123,0.13082637,0.07938254,0.42787427,0.15386409,0.2449761,0.32308868,0.049673066,0.21432672,0.26500708,0.3574751,0.16796446,0.16237049,0.24099034,0.23021935,0.28043228,0.16188422,0.045587532,0.14875358,0.18723103,-0.015042886,0.17890932,0.1025465,0.19733936,0.17132622,0.23757559,0.26768482,0.049470153,0.034050893,0.012871167,0.39578488,0.3600546,0.16422628,0.47738642,-0.017765194,0.21249312,0.04552372,0.07807609,0.055624563,0.026660122,0.06637514,0.2994389,0.31252682,0.117292374,0.14923315,0.34182808,0.10612417,0.00030634087,0.1555107,0.22593272,0.114612825,-0.00048679998,0.2259499,0.26497912,0.047798075,0.16881058,0.12485825,-0.06541198,0.12060441,0.17708363,0.031813778,0.04216394,0.16695152,0.01581632,0.095685385,0.09590402,0.2680465,0.02869426,0.10341042,0.03541599,0.14573386,0.23286399,0.06368784,0.087359585,0.34361807,0.3723549,0.33420557,0.29804826,0.18887705,0.14711843,-0.009838252,0.036048774,0.17143248,0.3466365,0.069158405,0.14849186,0.0834596,0.33442324,0.2522261,0.021548335,0.09159651,-0.020015692,0.10620441,0.06717454,0.28297535,0.16624284,0.12616076,0.059119724,0.24796034,0.23462543,0.080783725,0.17670359,0.04087456,0.29880637,0.21692511,0.20702714,0.02654348,0.1417319,0.25249028,0.2546119,0.13231409,0.19027242,0.29065645,0.24252515,0.17730547,0.03473217,0.17475064,0.11049336,-0.02597544,0.018296128,0.12828594,0.059309043,0.19162291,-0.004359506,0.22633563,0.17932275,0.55589736,0.024421154,0.09575778,0.05339208,0.081648864,0.16504185,0.14163226,0.17057815,0.16089356,0.17056301,0.22833264,0.8751938,0.0647464,0.32227886,0.20349512,0.10228693,0.22535953,0.10923505,0.25117052,0.046057988,0.20020767,-0.02080946,0.3180487,0.08942059,0.06984873,0.34529948,0.32121652,-0.008854774,0.054661065,0.014649026,0.1112264,0.17555025,0.074852,0.3345672,0.29371047,0.16914628,0.12820706,0.14366283,0.30832937,1.0000002,0.2433388,0.26928422,0.23849377,0.022578336,0.16060317,0.52190757,0.10807424,0.10045246,0.13250989,0.07689813,0.12756145,0.19078729,0.22117049,0.0670263,0.1869819,0.15642826,0.13511506,0.21654686,0.14627051,0.16672334,0.030279469,0.17903621,0.1149427,0.09452556,0.09245565,0.13736755,0.13378131,0.13942814,0.22331893,0.1849152,0.18421996,0.17248896,0.32497054,0.17775069,0.2167583,0.10829482,0.19323307,0.12900198,0.48287705,0.45483732,0.44485897,0.16456716,0.29420638,0.19698548,0.03138137,0.08393358,0.11483753,0.23082972,0.16132718,0.16231558,0.18298495,0.30385524,0.3437487,0.15130496,0.15447116,0.08406074,0.2538295,0.17168522,0.17190094,0.15575711
wrap,0.19091131,0.23580731,0.18118711,0.2909313,0.24334425,0.16686252,0.013057902,0.3235094,0.22420569,0.13965715,0.3199028,0.1823132,0.28989783,-0.013194995,0.3030722,0.22612251,0.27303585,0.13773443,0.21805921,0.1711024,0.38393062,0.12019178,0.18661825,0.20617181,0.3582489,0.2529468,0.14982936,0.21440747,0.31131122,0.12878981,0.19113158,0.14283277,0.16713965,0.27778345,0.33730936,0.25918728,0.14430022,0.23966071,0.16447231,0.0750063,0.2680974,0.1790237,0.2545563,0.09379931,0.2428772,0.1768531,0.22835484,0.12563045,0.17882998,0.22463748,0.3402374,0.39247012,0.12852415,0.18998057,0.14558412,0.25782776,0.22318806,0.30572733,0.34549713,0.50900257,0.11803451,0.3020961,0.24631345,0.21238685,0.2382491,0.22513852,0.10869235,0.15656666,0.0986155,0.3023556,0.245944,0.3315203,0.11118119,0.24371584,0.22334665,0.31313092,0.40936783,0.20996216,0.33887768,0.19253698,0.19776829,0.21419097,0.2446068,0.31964815,0.12548284,0.13633826,0.2473991,0.4923525,0.42266324,0.13833813,0.31962517,0.20642374,0.18294984,0.35572577,0.45093948,0.23025826,0.08001308,0.1917224,0.23762761,0.140992,0.20727456,0.27714413,0.1462433,0.14032748,0.13180003,0.110721976,0.19307177,0.32587254,0.2383455,0.32235172,0.13827276,0.19749758,0.12224732,0.14885688,0.2270178,0.2389546,0.28332454,-0.001010254,0.20015563,0.21360026,0.4709689,0.28932214,0.14951092,0.122774936,0.14109226,0.1626486,0.09357925,0.16239995,0.48868394,0.2078524,0.40529552,0.106646776,0.3887733,0.13127762,0.1858851,0.07047824,0.3250768,0.28946283,0.29723582,0.1419239,0.16599691,0.1773029,0.19795173,0.33278733,0.16115434,0.23860863,0.25037158,0.12088402,0.21384118,0.20851848,0.39208186,0.23174247,0.22110529,0.4351199,0.1976048,0.20631394,0.21770678,0.13145208,0.06392897,0.27322736,0.11621697,0.25974202,0.2347524,0.051924452,0.15870368,0.17091261,0.11180128,0.31675225,0.14223461,0.31670177,0.10101371,0.33360666,0.16269884,0.16769935,0.05518424,0.2121369,0.2553208,0.22955555,0.26229158,0.30882263,0.20532441,0.45828784,0.30001855,0.08538549,0.28355497,0.5919671,0.24890685,0.31384078,0.17333615,0.15437275,0.24449638,0.12662292,0.059961855,0.38354778,0.1726668,0.38783073,0.5761143,0.1273597,0.25916207,-0.05207024,0.124400884,0.33214396,0.23165491,0.16788942,0.14596353,0.26261145,0.28005308,0.14654264,0.21860029,0.44773743,0.2433388,1.0,0.08985289,0.475134,0.28750682,0.48946154,0.27134,0.18323392,0.15457344,0.35799712,0.28860462,0.1760724,0.22046712,0.37569082,0.2974124,0.5573087,0.5059792,0.34686905,0.1300671,0.16657999,0.30586195,0.14404723,0.41391087,0.28097403,0.30270207,0.20488699,0.2551496,0.20715186,0.19132668,0.5121251,0.24646229,0.099062584,0.53809965,0.18374328,0.19363314,0.34324634,0.1475239,0.37830788,0.25407276,0.30193067,0.3686995,0.19364518,0.51933515,0.11849986,0.08453882,0.1231917,0.40292656,0.23166993,0.17491376,0.42676148,0.13857105,0.24811521,0.17412236,0.47728026,0.46556717,0.25489843,0.4133826,0.4648058,0.17202456,0.26478684,0.47861522
boil,0.52887017,0.16486725,0.33846873,0.12400908,0.07402504,0.17802164,-0.00078439526,0.026674949,0.086580366,0.1499436,0.14988945,0.40688154,0.16490933,0.4195314,0.10539812,0.24953695,0.2754009,0.13135289,0.30665827,0.28977016,0.17013782,0.30373144,0.40809247,0.27298558,0.13119064,0.05160216,0.35790378,0.37732422,0.16769186,0.30067164,0.42265856,0.17362995,0.27084994,0.11768292,0.22037035,0.35629326,0.250467,0.05983888,0.45625424,0.37148622,0.17570256,0.3519054,0.24059731,0.7332499,0.3488782,0.13738415,0.12924743,0.124971025,0.3434038,0.13348562,-0.039547373,0.2608558,-0.043071643,0.13542357,0.6440779,0.4369908,0.03889516,0.16326326,0.036200374,0.09870809,0.50413513,0.16174412,0.04286039,0.2186808,0.19035098,0.006968135,0.31300002,0.10778023,0.4685562,0.25974953,0.22087018,0.29468495,-0.0058440585,0.022673447,0.09178414,0.25623375,0.12610124,0.2503128,0.33884725,-0.010511108,0.056083873,0.28435338,0.1564336,0.05897047,0.11721212,0.34012443,0.37377965,0.15656495,0.3275246,0.2599526,0.35612097,0.22612843,-0.048660256,0.13432273,0.17314257,0.13323262,0.016722953,0.23817526,0.33451957,0.27721584,0.20275933,0.15265298,-0.002349197,0.13824353,0.5177528,-0.02630988,0.23864505,0.11486538,0.0074096695,0.17989928,0.21773681,0.16182473,0.024367131,0.10542952,0.16819203,0.26154503,0.05449628,0.054680467,0.14951198,0.6098658,0.34065035,0.18942182,0.44056994,0.15316653,0.0570518,0.060655884,0.024312373,0.2913564,0.36917984,0.23072742,0.07461306,0.08089552,0.11543015,0.12838818,0.12954316,0.29595047,-0.060243044,0.18695138,0.0181331,0.6679767,0.23323306,0.083772376,0.041171886,0.06673087,0.39217043,0.25887895,0.11051938,0.07350399,0.3939802,0.3669514,0.13558158,0.045682576,0.31216186,0.10644555,-0.014095543,0.22383754,0.303883,0.7403332,0.52381533,0.13717774,0.0641305,0.23716834,0.13259032,-0.044946343,0.04388377,0.053631913,0.085585654,0.15491849,0.09889416,0.13864313,0.06603775,0.31350356,0.089420125,0.20249829,-0.0023747552,0.061596386,0.30709457,0.23542204,0.059334554,0.06658008,0.12441972,0.16107619,0.2172603,0.046705224,0.16957444,0.03925473,0.12233804,0.14465493,0.15684573,0.5645657,0.0673092,0.5440333,-0.0633923,0.117458306,0.13473023,-0.013174104,0.3006363,0.4969349,0.03805511,0.070655495,0.10984341,0.059708953,0.26459986,0.27305013,0.16666941,0.06624727,0.12674995,0.22204575,0.3884801,0.10984955,0.26928422,0.08985289,1.0000002,-0.018834207,0.007122183,0.04260419,0.3752901,0.19315273,0.10968228,0.079627074,0.025110058,0.15092221,0.13447954,0.18708873,-0.006868761,0.05543554,0.30828866,0.14059389,0.4777224,0.07222534,0.13416822,-0.004417857,0.14046387,0.011501887,-0.019812956,0.10705449,0.0415972,0.20908898,0.012428738,-0.087670416,0.17318356,0.3409741,0.13743633,0.62860537,0.21532789,0.05669882,0.217984,0.1579733,0.035581872,0.053976357,0.28918487,0.35087734,0.16771294,0.5505533,0.48395962,0.065282665,-0.03265248,0.29292363,0.3734003,0.21780619,-0.017711604,0.082846746,0.528455,0.28117973,0.12437144,0.23905075,-0.031112628,0.08170814,0.19582029,0.040524483,0.040914413
reserve,0.07438856,0.20180282,0.2224676,0.13393563,0.14524958,0.12821195,0.11903232,0.42352343,0.18788442,0.2445052,0.32267016,0.113454446,0.19440427,0.14825378,0.25495446,0.28918612,0.2866145,0.1190271,0.19199452,0.20424227,0.19749969,0.022103822,0.081814185,0.15012638,0.32144624,0.1631644,0.26417255,0.29435492,0.28653008,0.14053383,0.17531136,0.23548475,0.124093115,0.16394514,0.12796167,0.10039535,0.12713107,0.28568625,0.090589054,0.072563976,0.35023555,0.29391852,0.27073008,0.12968409,0.24509594,0.13928065,0.30218595,0.10272044,0.16843648,0.28940818,0.43367958,0.25318724,0.10969143,0.27251396,0.092186525,0.2431542,0.33186144,0.25501037,0.31979832,0.5831242,0.10362612,0.23802328,0.26801345,0.14299709,0.33826178,0.21446905,0.21855181,0.15943766,0.008558717,0.087814584,0.2547041,0.22777626,0.22563896,0.30730438,0.027930956,0.42527035,0.6249761,0.14853837,0.40716094,0.21118745,0.18113348,0.17266971,0.27536967,0.26289117,0.1371856,0.17983992,0.15962952,0.49943766,0.25661469,0.10023566,0.26451334,0.18093342,0.13436748,0.37143272,0.5417546,0.07967588,0.14256059,0.24455407,0.31483334,0.23406509,0.2060914,0.3236341,0.26823527,0.26687884,0.064000666,0.220659,0.12805296,0.18627915,0.3924225,0.28871167,0.21166168,0.33669788,0.3388872,0.28312755,0.20916049,0.33989805,0.16123286,0.03410022,0.17569853,0.12658976,0.29091355,0.33268744,0.086822495,0.2014578,0.43741202,0.024137573,0.11083554,0.19841814,0.2637733,0.18756144,0.17619407,0.13276705,0.49949393,0.21562329,0.2341895,0.07329886,0.25076827,0.20450144,0.15111886,0.06587735,0.2794816,0.29632568,0.13495128,0.3778079,0.096496254,0.28791907,0.17953466,0.13876778,0.24752584,0.27167654,0.51048493,0.14080866,0.23253861,0.4077258,0.35526788,0.27893275,0.2097049,0.025157958,0.08423227,0.24711995,0.11504428,0.36225146,0.25833818,0.22145414,0.30607742,0.28220195,0.25591725,0.3861124,0.11693565,0.41414565,0.12773862,0.42945912,0.11881332,0.22338067,0.26761913,0.26820454,0.33311778,0.32592303,0.1752602,0.5190178,0.24383086,0.58032155,0.30794427,0.21885663,0.29574907,0.40495884,0.0989548,0.23983367,0.25627756,0.1363077,0.20973837,0.07036638,0.2678917,0.38891956,0.21568292,0.63656306,0.22075522,0.04270869,0.1290977,0.17720559,0.04460237,0.26825202,0.34268737,0.09163099,0.16100395,0.40148962,0.17056762,0.16618729,0.14653361,0.49606097,0.23849377,0.475134,-0.018834207,0.99999976,0.3076215,0.6840472,0.26502818,0.28417408,0.0456359,0.5608242,0.51454675,0.32573146,0.37244022,0.6072551,0.235489,0.26103294,0.26958913,0.48987824,0.11677815,0.28972638,0.28731495,0.36436987,0.43279475,0.48069876,0.5003935,0.15821928,0.4330234,0.18479541,0.31487617,0.8634363,0.33608878,0.10168596,0.4564162,0.10823099,0.34145576,0.18417919,0.0853159,0.48227805,0.4615956,0.39920083,0.44278085,0.17747316,0.24192508,0.23668608,0.025022306,0.17812797,0.6291076,0.17611279,0.18578354,0.53870744,0.28500378,0.15103455,0.060662504,0.4757568,0.54214764,0.35870907,0.60902935,0.65598184,0.31621873,0.37171805,0.6067581
pull,0.06132315,0.41963482,0.18799128,0.4747835,0.14067121,0.4127699,0.2702943,0.21602748,0.121954456,0.20395839,0.1282293,0.41266432,0.32253814,0.061549127,0.4336135,0.287653,0.19124424,0.37731934,0.090086706,0.113108054,0.12386641,0.1566774,0.046705052,0.08036765,0.34582818,0.17961362,0.25200096,0.12031914,0.4408769,0.08950083,0.25905365,0.37218314,0.1196609,0.192294,0.03228937,0.037994858,0.31411457,0.25417736,-0.027172977,0.18135986,0.32724017,0.25588554,0.08355163,0.03395947,0.10443157,0.18672585,0.24347793,0.32398748,-0.058915675,0.21746069,0.01986735,0.2761976,0.33418915,0.20465553,0.1120993,0.024230026,0.15879448,0.3045603,0.21338227,0.30596167,-0.0017499328,0.43974352,0.5058682,0.22820231,0.05265721,0.5516106,0.11223674,0.57775044,0.022712864,0.041069858,0.104233705,0.4287132,0.1317312,0.42353624,0.5168611,0.121754035,0.25195256,0.14318253,0.22861412,0.37584364,0.2877658,0.39915085,0.24357025,0.39938772,0.46574402,0.26920372,0.21588808,0.4363991,0.18122864,0.13181134,0.2284365,0.20648512,0.40692878,0.45618257,0.4048152,0.36948368,0.38153112,0.08160345,0.14973399,0.21366301,0.12359415,0.44287366,0.36259812,0.25623277,0.2050887,0.33292842,0.29382938,0.28078657,0.5111216,0.32832283,0.35717982,0.1855898,0.32311207,0.217955,0.28930855,0.25917763,0.19232208,0.039101087,0.14386737,0.0892354,0.15433206,0.5298961,0.034971237,0.2527418,0.12721159,0.27796745,0.4124778,0.13472712,0.057420306,0.20730737,0.05283048,0.29281837,0.2059511,0.1894723,0.36583996,0.08477715,0.41277137,0.2611589,0.33749714,0.034443103,0.19924271,0.11206873,0.28766727,0.07899538,0.012677417,0.27030957,0.21202509,0.338535,0.092598855,0.18127641,0.35006922,0.5778463,0.23842537,0.16476977,0.28372464,0.16368428,0.4269809,0.086854324,0.052942023,0.47262543,0.41848093,0.27620468,0.24045783,0.45268494,0.3364402,0.0740363,0.37797588,0.18942514,0.55087215,0.21550152,0.18050693,0.13185571,0.6356412,0.31167012,0.06088955,0.5783209,0.43960607,0.233185,0.07039294,0.41608465,-0.011498143,0.4301554,0.033494297,0.21864295,0.22451618,0.39914346,0.13739133,0.30945694,0.15399319,0.07013344,0.43912667,-0.020964,0.3146049,0.13875546,0.4296777,0.34406692,0.12532024,-0.008096194,0.43360615,0.057835087,0.42841232,0.5051073,0.2743994,0.36439866,0.12564124,0.03191252,0.5782063,0.39315414,0.5076885,0.11948855,0.022578336,0.28750682,0.007122183,0.3076215,0.9999999,0.26421613,0.09937732,0.17058808,0.14168027,0.3562715,0.3854422,0.2266158,0.24187252,0.3327244,0.62704116,0.20046222,0.2441069,0.2566173,0.11854588,0.122240305,0.3176028,0.31892434,0.376281,0.4233321,0.5129907,0.28417277,0.41434836,0.087838754,0.012413297,0.2616896,0.06908158,0.092329845,0.3792351,0.09777227,0.23036915,0.28475416,0.05032299,0.3889367,0.45048177,0.12955922,0.13119139,-0.043263223,-0.027504329,0.16610223,0.07037165,0.104399815,0.44364145,0.2920784,0.13906495,0.32381377,0.049372893,0.13436832,0.1277654,0.2666106,0.37625462,0.3035798,0.43880212,0.20906013,0.21497068,0.36380452,0.31166512
fill,0.1148722,0.14845714,0.21484537,0.042930186,0.17475682,0.031161722,0.079153396,0.463879,0.07497548,0.25083244,0.35318708,0.1153807,0.34126094,0.1584919,0.20955767,0.25013387,0.30486706,0.09568761,0.22087958,0.12846588,0.24612185,0.10996728,0.11690074,0.084272124,0.15532596,0.11652388,0.21917464,0.27649137,0.30386794,0.12909126,0.17929581,0.22898027,0.15224901,0.23785393,0.10024628,0.11749591,0.19330534,0.34839004,0.10966758,0.110910594,0.4352885,0.24314356,0.17120305,0.14891511,0.29026747,0.1085994,0.2425099,0.09112461,0.058521256,0.36232078,0.20491382,0.3138175,0.086128645,0.3026306,0.11526963,0.22249521,0.35218358,0.25471005,0.353812,0.69270897,0.10203766,0.29168668,0.21681392,0.13679057,0.36621135,0.20164303,0.20757197,0.10227144,0.08474539,0.06947469,0.17985763,0.22550596,0.20438601,0.34677058,-0.009604875,0.27878425,0.48710942,0.18608123,0.28560266,0.26128525,0.1719029,0.17321491,0.3156035,0.36434948,0.13493177,0.12976407,0.12008214,0.48322606,0.3766219,0.18899143,0.20101896,0.25503486,0.17691872,0.3676081,0.5280996,0.008278452,0.11929478,0.24007142,0.3455689,0.28668654,0.18369031,0.3002206,0.34326673,0.27059,0.09686265,0.24590598,0.12865177,0.2822358,0.42392665,0.25854653,0.25766447,0.26106787,0.37604362,0.31613708,0.19219995,0.3782286,0.21781754,0.028746707,0.12715316,0.11516506,0.24385269,0.34751946,0.066835836,0.10685299,0.2887435,0.084570736,0.055729408,0.2401364,0.21499538,0.19046985,0.03155542,0.10492319,0.52928936,0.14306375,0.3185006,0.08444896,0.21753755,0.2428304,0.17009877,0.07522197,0.27550316,0.33866706,0.15147187,0.43117672,0.1123549,0.27794576,0.26914415,0.20545572,0.18896723,0.21756265,0.56072545,0.09426623,0.2754967,0.4417979,0.41074353,0.31931007,0.17141569,0.041074548,0.065894574,0.22849497,0.1510935,0.36068362,0.27867776,0.21352108,0.2745333,0.15130076,0.24111904,0.55602443,0.111499734,0.43421274,0.05600637,0.4248449,0.1076676,0.2875716,0.3105121,0.22949208,0.34955537,0.36356014,0.217227,0.54009736,0.19943504,0.4940295,0.23341092,0.25621617,0.3160013,0.42530185,0.14483081,0.22866146,0.21409091,0.15864217,0.17104419,0.100817665,0.3140862,0.43747666,0.20571351,0.5788281,0.21995738,0.055321902,0.17422718,0.2288938,0.029118981,0.27423608,0.40309614,0.092211984,0.14796844,0.35298494,0.09137891,0.12599301,0.14531252,0.28426757,0.16060317,0.48946154,0.04260419,0.6840472,0.26421613,1.0000001,0.2517085,0.40054092,0.09014333,0.5322036,0.5213499,0.34926224,0.42682263,0.5828494,0.17125195,0.34393787,0.27270356,0.6448373,0.12298441,0.33232105,0.3350305,0.3369025,0.40190387,0.52757525,0.55664265,0.23552388,0.4468735,0.20984508,0.14442328,0.5543264,0.20106271,0.07688404,0.47146535,0.103740826,0.40810442,0.2405183,0.13870737,0.52577424,0.48213792,0.32919437,0.29713297,0.06408216,0.24326591,0.23348823,0.051372148,0.067092374,0.49549866,0.15249538,0.10599423,0.6812167,0.20434166,0.23225969,0.09203234,0.49788195,0.5338192,0.38573527,0.52075434,0.63066655,0.37346697,0.19197151,0.6926437
start,0.4416235,0.21812233,0.2028516,0.16615377,0.12515081,0.21276297,0.09488118,0.21100338,0.14337781,0.069518045,0.42653257,0.4585653,0.16424051,0.22498785,0.22027141,0.15036443,0.25933424,0.14909142,0.36559486,0.20489451,0.2138238,0.11952333,0.44789082,0.25267726,0.21255204,0.0780417,0.11530118,0.30723417,0.27339798,0.29186174,0.25103912,0.046737365,0.31866023,0.3030612,0.31061548,0.49797204,0.09099236,0.19260466,0.37552577,0.23434556,0.24584404,0.24960227,0.15622945,0.39715487,0.2759951,0.2744353,0.23631713,0.16688125,0.40191144,0.1448662,0.1262997,0.28908378,0.07929311,0.21003196,0.41238916,0.40189186,0.2037462,0.18287863,0.25297278,0.3961144,0.3727305,0.33029947,0.10002653,0.20960355,0.20149764,0.06461514,0.16989194,0.11609605,0.33070993,0.20064238,0.26827392,0.36026967,0.117539614,0.12113355,0.02732912,0.5617844,0.3667674,0.14519724,0.6657657,0.032164,0.08573067,0.12527263,0.04434548,0.027130444,0.14678724,0.15780355,0.3022877,0.4596454,0.13326316,0.0767038,0.6358293,0.014353054,0.017399792,0.119439825,0.34413522,0.11628301,0.039781194,0.28346854,0.24040237,0.061806906,0.16941041,0.3051924,0.047396608,0.17246325,0.24450684,0.021629535,0.09009776,0.29118967,0.10307174,0.34396577,0.19039914,0.32287684,0.0982085,0.0780592,0.18553576,0.19396585,0.23742503,0.10267836,0.16217138,0.3757555,0.5109234,0.39706278,0.431383,0.12038462,0.29930758,0.010756996,0.086478524,0.22887616,0.50036347,0.21870199,0.1900886,0.10040672,0.34548607,0.15739772,0.11005731,0.25060883,0.09743256,0.15553808,0.07844429,0.32502586,0.21022132,0.15013427,0.09628424,0.2185286,0.35790303,0.099017926,0.14974746,0.08056642,0.38382784,0.35060662,0.3582241,-0.0016520936,0.184446,0.35325828,0.14561361,0.12536977,0.25130588,0.3261875,0.3202073,0.2711797,0.08733914,0.16823351,0.23385984,0.016045826,0.1779885,0.23417884,0.20136386,0.12689799,0.09914703,0.23575231,0.113888904,0.48416775,0.095866926,0.06286582,0.09701129,0.11614317,0.3683033,0.16754712,0.16572393,0.28222203,0.20329008,0.3694321,0.5795277,0.09217802,0.29102296,0.3282711,0.01967948,0.33936465,0.01920721,0.22792551,0.2431969,0.24760476,0.014769003,0.25481707,0.18379779,0.2793538,0.34114456,0.41540384,0.14667282,0.114107996,0.043093078,0.17782943,0.09008756,0.19074263,0.36766008,0.28231508,0.18310192,0.16361877,0.23990291,0.29453433,0.52190757,0.27134,0.3752901,0.26502818,0.09937732,0.2517085,0.99999994,0.16346768,0.038644496,0.32086632,0.17643128,0.12109516,0.11427932,0.26355833,0.15929367,0.15048516,0.17870972,0.15546986,0.29934755,0.1814683,0.21488059,0.11430557,0.37341827,0.16928908,0.17476627,0.1543872,0.25638878,0.08247018,0.2642311,0.14639641,0.2552902,0.21060875,0.35379845,0.32528043,0.07989114,0.13590029,0.14662133,0.24527252,0.20420751,0.29614946,0.54730016,0.4912911,0.2224854,0.39476106,0.28527728,0.23658447,0.17184514,0.18618134,0.30790675,0.27628192,0.18744802,0.17107648,0.47508264,0.43665773,0.3756596,0.15926704,0.19497944,0.43415785,0.11378623,0.15072949,0.25075626
sprinkle,0.2570861,0.21130462,0.24087241,0.244394,0.425904,0.20896822,-0.089094795,0.3213952,0.0043571163,0.41882437,0.2201151,0.12508626,0.37143514,0.27463594,0.27709508,0.1440014,0.13868475,0.23731627,0.1514439,0.08128657,0.34607995,0.29397035,0.046219744,0.17070472,0.10359728,0.20475705,0.18419531,0.22871527,0.29561725,0.14936736,0.16120356,0.2402067,0.27776802,0.3675775,0.21386015,0.09237691,0.23148933,0.45239025,0.13270926,0.24358678,0.45405507,0.38313556,0.13935646,0.18851095,0.2973305,0.12142058,0.14572017,0.24471474,0.02208335,0.39175966,0.07935855,0.19978277,0.13688417,0.55323505,0.19138506,0.28698865,0.24427223,0.2514543,0.3285976,0.354332,0.14460458,0.16582075,0.29194558,0.19956714,0.33791566,0.2751025,0.2501069,0.2796488,0.182264,0.12282155,0.21901679,0.28460002,0.19925164,0.3566773,0.20309544,0.16328973,0.19511805,0.29966658,0.22400847,0.3634534,0.25707245,0.16441222,0.19174084,0.3560733,0.28925425,0.2080749,0.19333194,0.30847687,0.26348975,0.4551196,0.1660142,0.29269627,0.25198433,0.30242708,0.35204634,0.03313753,0.14241482,0.14301454,0.27921286,0.3023826,0.21346049,0.11783506,0.37125412,0.30880108,0.22719695,0.28656527,0.13824424,0.3508948,0.34063435,0.13999206,0.3584436,0.2928065,0.4324148,0.32483742,0.2659582,0.4075078,0.32954663,0.06970393,0.07108395,0.18803637,0.16452384,0.29249102,0.03555016,0.14007053,0.114239335,0.47951296,0.13751966,0.25519234,0.15173057,0.21710366,0.038661193,0.14565633,0.34833866,0.100495294,0.28850052,0.14857058,0.18180685,0.32620502,0.33360785,0.19959408,0.3211279,0.26022783,0.22195467,0.38702464,0.15282072,0.2788068,0.51323694,0.43435127,0.16604228,0.18240646,0.24683055,0.14243986,0.43564737,0.34816426,0.36896923,0.42403984,0.32927328,0.18505594,0.170169,0.15019605,0.07407547,0.39323545,0.36787012,0.36301768,0.25771722,-0.028664336,0.35414246,0.37255594,0.1944027,0.39710703,0.077169344,0.30938023,0.2281412,0.33017915,0.4141147,0.21890518,0.25879815,0.52400553,0.35028172,0.43593603,0.1810067,0.39924097,0.12577447,0.33025998,0.2404536,0.25658765,0.38256872,0.2232377,0.17034274,0.15405354,0.22391489,0.09838931,0.2856831,0.31468403,0.35086045,0.26141524,0.2184002,0.073322326,0.20397726,0.34074414,0.19010955,0.2946855,0.36288202,0.22243744,0.17464271,0.36059573,0.17558312,0.24263525,0.19937211,0.096786305,0.10807424,0.18323392,0.19315273,0.28417408,0.17058808,0.40054092,0.16346768,0.99999994,0.3831346,0.20554292,0.4420082,0.42491812,0.3779595,0.3795869,0.12891199,0.2876547,0.2108936,0.43574685,0.14785066,0.2649457,0.24105644,0.35201317,0.2138842,0.43214357,0.40606654,0.39037955,0.43748754,0.22245479,0.011748513,0.17178923,0.037948336,0.17562976,0.22750914,0.19867137,0.44553316,0.10539472,0.18292752,0.3939774,0.3937202,0.20568165,0.20096949,0.04382518,0.1361182,0.21902767,0.14408447,0.013723742,0.1116962,0.19571237,0.24698323,0.32181734,0.06260337,0.29596898,0.13106,0.1954906,0.37453708,0.42980444,0.20471075,0.35889345,0.3727246,0.056246858,0.38900584
spread,0.061559025,0.07462456,0.20866972,0.22192663,0.34230727,0.04001993,-0.058228936,0.114514664,0.07331596,0.21021271,0.046683464,0.15238273,0.11227894,0.16365574,0.109621406,0.060574956,0.10869931,0.08272422,0.011525128,0.052269477,0.36440653,0.12870775,0.05087167,0.09666863,0.05985343,0.50366247,0.10765695,0.12782808,0.19460547,0.14840883,0.13981399,0.19519715,0.30382627,0.20046306,0.4628017,0.13833648,0.08925922,0.07980959,0.089413494,0.24235448,0.08649935,0.20360017,0.09551343,0.11920151,0.12384558,0.19833502,0.028343458,0.07990609,0.11302991,0.19482088,0.019094164,0.11791118,0.11194539,0.42103353,0.049221225,0.111265145,0.045134217,0.090083435,0.12682301,0.084808476,0.10129464,0.09085697,0.13426767,0.093358144,0.06525752,0.13877371,0.118226,0.2843899,-0.012614055,0.35971206,0.13225056,0.1397059,-0.09324699,0.23000404,0.22100069,0.04751475,0.06963438,0.2420395,0.13471535,0.1361151,0.102338165,0.19766437,0.08798236,0.22486296,0.15627776,0.11337121,0.11713396,0.14131609,0.23699164,0.63063735,0.20095287,0.24859191,0.20944268,0.080275886,0.21488523,0.07890107,0.2167201,0.026128944,0.07054932,0.16622484,0.045080744,0.032716744,0.088180006,0.14344907,0.080914885,0.22080885,0.2639682,0.23139457,0.17781644,0.052609842,0.09132396,0.096523836,0.2383309,0.11405168,0.18920249,0.11056779,0.32026756,0.06530646,-0.010470506,0.14320257,0.12843232,0.103317976,0.1380746,0.15567902,0.037326466,0.6108411,0.23733506,0.18762854,0.16520388,0.106014416,0.10461885,0.2772263,0.1306577,0.15367518,0.15866989,0.006097083,0.28405958,0.5805011,0.5750005,0.20653042,0.13248114,0.024482049,0.120735176,0.16709399,0.10834029,0.14397317,0.5021467,0.33928075,0.058626726,0.06099076,0.047302872,0.13733375,0.19389026,0.10248822,0.109302774,0.20884123,0.18315768,0.13876492,0.1350026,0.116290286,0.10345678,0.32538265,0.14466348,0.23563778,0.059632286,-0.057622395,0.1289171,0.19800767,0.082667895,0.15264195,0.11055951,0.08923055,0.18527679,0.19831999,0.09767032,0.11920315,0.100130215,0.2373907,0.4959304,0.12757793,0.042492323,0.15720698,0.035707057,0.1970587,0.12443434,0.16920662,0.785074,0.21495755,0.16950426,0.17559701,0.17118561,0.16397819,0.1507599,0.14149806,0.065867096,0.050266452,0.26179245,0.08040441,0.21879002,0.060487438,0.36341965,0.2453722,0.247922,0.13598673,0.036814228,0.1791718,0.4033614,0.09532228,0.21654037,0.0718316,0.10045246,0.15457344,0.10968228,0.0456359,0.14168027,0.09014333,0.038644496,0.3831346,1.0,0.095267,0.09709408,0.04584126,0.23583443,0.23266907,0.23079056,0.5308422,0.37523395,0.20961782,0.12554365,-0.0129254125,0.18689251,0.062286593,0.13217142,0.17686298,0.23253186,0.43631086,0.1527299,0.18191507,-0.048765566,0.011555741,-0.00220413,0.18096979,0.0746222,0.18782021,0.25085425,0.14691381,0.0930035,0.1768346,0.16506246,0.0808025,0.03981082,0.1037404,0.1530326,0.12555717,0.22214776,0.0699919,0.042667247,0.26556897,0.1018088,0.12638038,-0.04406417,0.472202,0.14214435,0.036085248,0.3121788,0.31395823,0.020909825,0.056920793,0.16582519,0.051457085,0.14608279
move,0.106211215,0.23210329,0.26376432,0.15562347,0.079761244,0.21617034,0.108680636,0.3975736,0.06311772,0.15151887,0.4557502,0.2464009,0.3474477,0.13329187,0.29971695,0.34860647,0.21765691,0.19958697,0.24740498,0.22671884,0.11308429,0.044180106,0.095593385,0.14476067,0.3275546,0.12794475,0.18850297,0.18057093,0.45510328,0.1777226,0.23377788,0.14323089,0.083563015,0.19847141,0.038937118,0.11727282,0.09105624,0.1531232,0.099309266,0.2466375,0.34095126,0.23427919,0.25318548,0.12239349,0.22514221,0.11584074,0.28264445,0.19376345,0.09469796,0.22834644,0.26154748,0.27888748,0.07440679,0.27673578,0.10570477,0.17874253,0.32131502,0.1533868,0.24272601,0.54418296,0.14379793,0.29618415,0.19849922,0.060575902,0.24389693,0.19086081,0.2234406,0.15480702,0.060318664,0.051782954,0.2130475,0.31639758,0.22080275,0.20758955,0.08834016,0.2510645,0.51163995,0.112220556,0.5680431,0.12705602,0.09021107,0.18477663,0.22558966,0.24841286,0.26252106,0.17407906,0.15006158,0.6010261,0.22747421,0.16150129,0.40903163,0.16567747,0.16425334,0.31596923,0.60634774,0.18539873,0.15987974,0.22896816,0.24007607,0.17452154,0.15093565,0.34161997,0.13369343,0.24654354,0.06603913,0.12881647,0.124203496,0.23329091,0.25873283,0.34691995,0.25845054,0.213663,0.16891596,0.2517584,0.32926592,0.3400256,0.15923178,-0.0009363815,0.18458852,0.17452252,0.2651559,0.46594226,0.07361498,0.10632102,0.33004117,0.08464835,0.060950227,0.21318734,0.23290941,0.2598981,0.15128978,0.104364455,0.36454627,0.08494224,0.20382234,0.056701828,0.2156356,0.29222864,0.19636236,0.1072995,0.28405845,0.28492194,0.048242234,0.256548,0.11644781,0.23166382,0.13963673,0.27725774,0.23235801,0.25782508,0.8465802,0.1854511,0.18758237,0.42376393,0.25669917,0.2043745,0.27148527,0.036970753,0.09875789,0.296754,0.15940793,0.4334988,0.31743687,0.15772067,0.29518402,0.24618465,0.19851351,0.30980432,0.15096474,0.35777384,0.04652569,0.30331373,0.14142641,0.21976613,0.15353803,0.28125477,0.35545707,0.29440236,0.15204173,0.39407688,0.1744141,0.4743365,0.20371816,0.14224753,0.26632023,0.3969182,0.04822406,0.3050175,0.12030373,0.18119143,0.22755326,0.086248755,0.14072722,0.31200963,0.23105823,0.7229614,0.12833054,0.09134211,0.25852647,0.07690012,0.16205311,0.26645696,0.32038945,0.18113288,0.17761394,0.28501868,0.21831372,0.25282526,0.29727447,0.4529421,0.13250989,0.35799712,0.079627074,0.5608242,0.3562715,0.5322036,0.32086632,0.20554292,0.095267,1.0,0.3271812,0.22197115,0.31413335,0.5953153,0.24250063,0.22401562,0.27886552,0.4538176,0.16133624,0.25016636,0.30432332,0.18509746,0.669672,0.33713686,0.40211797,0.1781382,0.24572411,0.093842715,0.19775718,0.4794735,0.27006063,0.01326419,0.44762662,0.1602643,0.25150922,0.28385437,0.17324392,0.45091492,0.31088874,0.27422726,0.3918394,0.08111213,0.22935538,0.34394902,0.062209025,0.39708406,0.47857285,0.17413038,0.19663954,0.61043227,0.22633316,0.1471839,0.1886594,0.47513813,0.68408424,0.43358958,0.5309134,0.6264454,0.24324882,0.26563534,0.48658955
minced,0.094391994,0.16054302,0.054508775,0.20410353,0.189127,0.1447822,0.1635525,0.4479277,0.13379495,0.31613824,0.17980424,0.121050656,0.30929264,0.14212722,0.2777538,0.20045611,0.1885224,0.17293933,0.15633518,0.08628017,0.24395722,0.085937,0.09508042,0.12453,0.18536298,0.10589759,0.3539466,0.22518624,0.35226738,0.1412929,0.24982932,0.352595,0.23876329,0.28911728,0.100892805,0.10171564,0.17980357,0.44767147,0.14217135,0.085371435,0.4699229,0.33887893,0.20559458,0.14106266,0.18618824,0.13173911,0.27607837,0.14162555,0.025812525,0.34830275,0.12534094,0.23142831,0.46921313,0.40478998,0.06153421,0.22953714,0.27287474,0.5113145,0.33680654,0.4375421,0.15692745,0.29851657,0.49168035,0.36016238,0.28244466,0.5605695,0.26000416,0.3049014,0.13560781,0.0745381,0.19905668,0.2139222,0.15090674,0.7117726,0.16945514,0.15711665,0.29785427,0.14646111,0.16581888,0.6046747,0.44248146,0.18555586,0.19682586,0.4011892,0.22168851,0.20710704,0.25023428,0.42549732,0.21622124,0.17291808,0.13667911,0.18399158,0.22410372,0.44584718,0.36799073,0.086256415,0.21339777,0.1743797,0.21897826,0.23730701,0.20670642,0.19325778,0.6656405,0.5416608,0.08556256,0.4939856,0.13551207,0.32332957,0.6511932,0.15600435,0.21368194,0.6362747,0.6875181,0.28352857,0.13722646,0.37270147,0.20331424,0.047649957,0.17894505,0.23176928,0.18328394,0.44330704,0.10893961,0.18940702,0.09161778,0.19251701,0.28228372,0.18944438,0.10080281,0.13509934,-0.00590574,0.18378389,0.43370807,0.14396672,0.3564034,0.056283876,0.29970813,0.15693593,0.1721774,0.19965696,0.2862344,0.22172257,0.47969052,0.3189828,0.098962545,0.29362285,0.24897343,0.2574245,0.24221614,0.19300771,0.3722755,0.22346212,0.35232255,0.32719082,0.45287636,0.26325038,0.20501964,0.094122544,0.20124449,0.27811188,0.17388448,0.31035203,0.1684803,0.5845076,0.39901412,0.020808186,0.30259532,0.29231906,0.30255646,0.5327132,0.06510004,0.43680272,0.32504976,0.3112791,0.30425334,0.41601545,0.3841611,0.36530375,0.15004385,0.8243904,0.28497404,0.49193048,0.09299596,0.6421882,0.26484644,0.33393267,0.21989271,0.17184797,0.13713492,0.2077002,0.22133443,0.08271124,0.6188098,0.31839412,0.3119581,0.36882138,0.24535975,0.17746845,0.1921166,0.25313157,0.108599946,0.32172793,0.42507362,0.16310251,0.1679241,0.33976692,0.20769578,0.15846738,0.18178312,0.14323905,0.07689813,0.28860462,0.025110058,0.51454675,0.3854422,0.5213499,0.17643128,0.4420082,0.09709408,0.3271812,1.0000001,0.25465268,0.3944075,0.38520202,0.28793293,0.2500344,0.1442143,0.3451601,0.14642048,0.20951276,0.3055658,0.8680731,0.22048202,0.8754313,0.7789306,0.1595542,0.7956095,0.10219135,0.039630715,0.34028578,0.11388706,0.19905421,0.29181376,0.19808963,0.42906743,0.05477846,0.20490931,0.38543785,0.79948294,0.15207183,0.21691015,0.085554875,0.03126178,0.24706328,0.1273724,-0.051617473,0.40848508,0.18321913,0.21728435,0.32551423,0.06840435,0.13430762,0.15585211,0.3766936,0.3604867,0.33305454,0.40565577,0.4221244,0.34496224,0.08021959,0.43686563
cream,0.22889712,0.23751755,0.3572207,0.16846222,0.22210553,0.23497628,0.08523959,0.19464889,0.009623017,0.47456867,0.108814895,0.07807792,0.21107268,0.32817942,0.2331826,0.26657996,0.23153898,0.1742209,0.16447553,0.1857892,0.13841043,0.2375341,-0.015189804,0.3585545,0.09286283,0.19373786,0.20370996,0.22752115,0.35925275,0.13734917,0.15354234,0.2679512,0.012367355,0.1998434,0.05938753,0.07920864,0.29407948,0.26106137,0.016179485,0.1625584,0.4974208,0.32751757,0.072264224,0.17870104,0.2774501,0.14956212,0.13874668,0.18982708,0.08952682,0.40664995,0.046704806,0.20014846,0.116160095,0.2657896,0.14590175,0.21552968,0.27386153,0.14954048,0.27471727,0.3564672,0.109221146,0.104778856,0.1806615,0.020544238,0.31561294,0.14552927,0.30007154,0.21720102,0.17611319,-0.0043503344,0.40995356,0.21842465,0.44660708,0.1281667,0.08800767,0.21362682,0.34819263,0.29271266,0.19086114,0.19149451,0.18692413,0.19837645,0.3278315,0.32593778,0.19338134,0.24323872,0.35309538,0.29577333,0.28151557,0.24883284,0.065578505,0.26020673,0.19982618,0.2764307,0.47949362,0.1394108,0.03232657,0.2262594,0.36680433,0.49958956,0.298372,0.20331985,0.17708679,0.32391295,0.17780909,0.077220544,0.1283223,0.18995696,0.17924011,0.115329124,0.5257052,0.119527794,0.21833496,0.5737437,0.30062577,0.43006712,0.17708722,0.04203355,0.01985126,0.24284804,0.09090616,0.37017894,0.07705146,0.20160082,0.23502474,0.1716073,0.07277151,0.25671983,0.09878989,0.34703445,0.027227096,0.041507922,0.32492438,0.14743751,0.31571954,0.061031524,0.012723492,0.21797977,0.14659773,0.18329582,0.20182908,0.298096,-0.02449163,0.26813504,0.04147665,0.347011,0.16551092,0.19850507,0.11500548,0.31429055,0.2379331,0.19842984,0.39046055,0.24263334,0.265962,0.5998926,0.4405015,0.14337708,0.16398709,0.17355841,0.07740891,0.5366092,0.3311664,0.1361235,0.031451955,0.10225063,0.15550518,0.502294,0.14490417,0.31108713,0.14092167,0.33996752,0.16743058,0.48732033,0.34607044,0.23097998,0.27516273,0.38017285,0.29926088,0.28194937,0.13422886,0.34900588,0.13233772,0.17798069,0.4103851,0.0831344,0.07981109,0.22323474,0.26527533,0.15775059,0.1595329,0.05126512,0.0554231,0.18075103,0.25469902,0.221639,0.05923659,0.09096051,0.03096928,0.29471338,0.113470696,0.24940139,0.5493278,0.19237846,0.12935865,0.2065767,0.051241864,0.4980492,0.2482912,0.14377762,0.12756145,0.1760724,0.15092221,0.32573146,0.2266158,0.34926224,0.12109516,0.42491812,0.04584126,0.22197115,0.25465268,1.0,0.6091523,0.4476237,0.10095228,0.08193962,0.20380437,0.46612996,0.25620195,0.26359302,0.22927622,0.1757997,0.24168213,0.2721456,0.21935433,0.371446,0.2607852,0.30588287,0.112505004,0.2305191,0.1484414,0.029331967,0.21573249,0.24661776,0.5949012,0.19518518,0.10839926,0.55360484,0.2169114,0.23510459,0.24633402,0.08514114,-0.027741965,0.20997149,0.11290126,0.0034468845,0.18482232,0.15487272,0.18824771,0.3698197,0.115241796,0.11190897,0.09789723,0.29112586,0.23144233,0.54589975,0.15453434,0.26255277,0.5761843,0.1737134,0.49022117
combine,0.110959485,0.20164213,0.29423907,0.13623083,0.27078927,0.1317192,0.09910835,0.34492877,0.11713243,0.6153388,0.10909715,0.054329533,0.2784809,0.53421485,0.23245054,0.33477318,0.22071175,0.13248065,0.18046346,0.22474372,0.13594672,0.11085419,-0.025977368,0.1547027,0.049352027,0.12085946,0.1753968,0.25001138,0.3698755,0.15421355,0.12015706,0.20829454,0.008101935,0.14108925,0.14018114,0.09164815,0.29124013,0.17361659,0.009304283,0.17835875,0.53538924,0.334199,0.110747546,0.25020936,0.28990865,0.17911842,0.08877344,0.12388087,0.09898684,0.467825,0.08143771,0.27981326,0.1547603,0.3888085,0.16074514,0.18314832,0.31163752,0.17180106,0.2476722,0.44005623,0.059686422,0.14754292,0.15815035,0.070632406,0.4069087,0.08274531,0.25730282,0.0903958,0.06464217,0.005285118,0.22271886,0.1461298,0.1828835,0.26059908,0.028046198,0.21268523,0.3812209,0.26218036,0.18763635,0.17843175,0.16300423,0.09299262,0.3391312,0.44505495,0.1250346,0.16554385,0.12480476,0.37408507,0.32395527,0.38192227,0.14109275,0.30673942,0.24538705,0.34778684,0.61055374,-0.0068988306,0.09604691,0.23394032,0.39535266,0.7324873,0.19341092,0.1336841,0.23444216,0.37164062,0.13753253,0.08036103,0.10939503,0.19013128,0.28742582,0.11490849,0.38467723,0.19047669,0.29850662,0.7355666,0.27950445,0.37226927,0.120898396,0.058937557,-0.02544399,0.20745535,0.118828945,0.37297058,0.07179781,0.21383476,0.18369755,0.22923493,0.055547386,0.24202609,0.14275339,0.42884946,0.037736025,0.14146984,0.4491448,0.23301774,0.40570503,0.09796021,0.06323796,0.32558498,0.24380654,0.1889175,0.25032443,0.42182004,0.0068086777,0.35019702,0.069503285,0.3849042,0.27277645,0.22658502,0.09791549,0.21199608,0.36818868,0.028676195,0.36468422,0.29854968,0.32985902,0.7547256,0.50161475,0.10274131,0.07903914,0.09452312,0.03620032,0.7117423,0.32278055,0.26628995,0.10422027,-0.0016434416,0.09094327,0.66574585,0.0939669,0.54584837,0.19641237,0.49772614,0.025213875,0.49905437,0.18904594,0.1789616,0.25154328,0.42887658,0.23661384,0.44263595,0.13513443,0.3926363,0.14437222,0.19081196,0.24607122,0.11557957,0.2569823,0.15272056,0.20837054,0.24940625,0.13212241,0.05772569,0.12719856,0.29376423,0.13720804,0.35611168,0.12291523,0.061841734,0.07300688,0.2095531,0.09491454,0.28792346,0.81531155,0.09624174,0.15381904,0.25481206,0.043820426,0.35533017,0.17362791,0.10588105,0.19078729,0.22046712,0.13447954,0.37244022,0.24187252,0.42682263,0.11427932,0.3779595,0.23583443,0.31413335,0.3944075,0.6091523,0.99999994,0.5132108,-0.0018442925,0.2640795,0.26714277,0.5682572,0.10007699,0.30785596,0.2936892,0.250252,0.25336272,0.455387,0.39355615,0.22368677,0.29642582,0.23447731,0.043687735,0.2544618,0.089053504,0.082070045,0.28672057,0.2245129,0.8353517,0.11892629,0.14552243,0.72936106,0.3683041,0.19716218,0.21384823,0.084405765,0.016312307,0.30607286,0.08898743,0.021565696,0.29962474,0.16687155,0.12541199,0.48305768,-0.037360143,0.124965295,0.052669846,0.33655664,0.3025133,0.75533843,0.22989948,0.31897488,0.924159,0.05310052,0.6894836
dump,0.17253065,0.20150796,0.5094766,0.15824623,0.15649094,0.21245266,0.14839032,0.39799923,0.14656317,0.3594844,0.23357661,0.20284344,0.222151,0.22861055,0.28923267,0.44668546,0.3206841,0.14769104,0.19054201,0.2243152,0.19062169,0.13730007,0.14116675,0.15266943,0.1929978,0.23168682,0.3131615,0.32273299,0.388696,0.1464129,0.26792574,0.3209753,0.061207455,0.10102199,0.14143962,0.12721884,0.21070352,0.16479447,0.06808196,0.2609923,0.487692,0.36383134,0.22356334,0.19713438,0.28646928,0.18506943,0.23348168,0.14015058,0.12480399,0.31065196,0.12790321,0.23561926,0.0777248,0.30718768,0.16745725,0.26358703,0.27313372,0.18640007,0.25006974,0.5395938,0.1671197,0.21393058,0.21456316,0.14624837,0.30042207,0.19373041,0.3624648,0.2084091,0.13104995,0.067857414,0.24091923,0.22717737,0.21009117,0.29294777,0.06781387,0.30712956,0.5096531,0.27524978,0.34174478,0.12631916,0.12289937,0.29620335,0.40185937,0.3572892,0.21399501,0.33395803,0.27547163,0.5535126,0.38420236,0.40219557,0.24533036,0.3237576,0.17817041,0.43920422,0.65602726,0.1278688,0.21565238,0.2174234,0.35421664,0.39858454,0.17452133,0.4849087,0.2911638,0.47089112,0.18509096,0.16259542,0.22174299,0.18262994,0.32245487,0.26363316,0.35332388,0.18560557,0.20984083,0.40911794,0.29942194,0.48608738,0.19934426,0.020912593,0.13515234,0.28249636,0.22809605,0.41184646,0.083177336,0.23587145,0.40314478,0.13661209,0.084292054,0.27617976,0.23366535,0.32658482,0.15855788,0.16903065,0.5049472,0.22492859,0.36411804,0.20992188,0.23243026,0.45167387,0.34902182,0.20869589,0.39461207,0.25694454,0.06945771,0.31664908,0.061665073,0.43303478,0.31675267,0.23394808,0.16653633,0.29890507,0.5730945,0.15647063,0.47317755,0.35831428,0.28450164,0.43884593,0.39042008,0.1336016,0.1904092,0.17821893,0.10021453,0.47240067,0.32547587,0.168584,0.32086113,0.13350159,0.23132333,0.49962384,0.1382598,0.38831174,0.14973232,0.42313778,0.19520508,0.41808116,0.32276797,0.28521404,0.4060641,0.5535184,0.2873332,0.3775751,0.15045774,0.51911527,0.2806512,0.2221241,0.37650818,0.35830575,0.30909204,0.29311335,0.29196006,0.27968192,0.30745572,0.119094245,0.108087085,0.32968155,0.19628656,0.5513698,0.17785878,0.13114697,0.18104887,0.17707175,0.13430788,0.39438778,0.5581181,0.16119872,0.18880776,0.29877067,0.18451369,0.35034996,0.30216658,0.301529,0.22117049,0.37569082,0.18708873,0.6072551,0.3327244,0.5828494,0.26355833,0.3795869,0.23266907,0.5953153,0.38520202,0.4476237,0.5132108,1.0000001,0.20224652,0.3051337,0.43580997,0.66454124,0.25320378,0.26239264,0.3931905,0.24896035,0.5699503,0.37016708,0.41233802,0.33866155,0.26965648,0.28654718,0.15601224,0.5037028,0.25202107,0.0899219,0.45141172,0.304221,0.51549214,0.2898056,0.07598192,0.61851084,0.3083613,0.3839965,0.30356038,0.12622848,0.18035719,0.36791503,0.11598697,0.12522708,0.56300867,0.2530566,0.15782511,0.7478954,0.1644758,0.16538766,0.13953613,0.46394268,0.5181525,0.46633047,0.5514232,0.5492615,0.46269208,0.23884162,0.64624804
peel,0.109715715,0.29167956,0.018906387,0.3877285,0.095473744,0.29355597,0.24107763,0.1503853,0.11346966,0.05322982,0.15225655,0.31293434,0.11601476,-0.053320944,0.30805594,0.10278127,0.17525396,0.27739137,0.05831386,0.05138256,0.21924019,0.09394213,0.060381524,0.07195603,0.34217632,0.31623018,0.23671544,0.1396381,0.3299953,0.13776137,0.2918911,0.29619306,0.20763779,0.25525028,0.16989194,0.15831876,0.23003504,0.16945665,0.10126784,0.061564345,0.12338343,0.16596113,0.043315552,0.0018342994,0.017162403,0.33096254,0.26871455,0.2131235,0.047585323,0.05871486,0.06965019,0.089643165,0.23754126,0.13380381,0.02628468,0.17406043,0.069284536,0.32878104,0.2830906,0.22416347,0.06494338,0.3831377,0.39810377,0.26463377,-0.010120837,0.47712398,0.113968745,0.48318917,-0.0045739226,0.15237325,0.11868504,0.42908317,0.09527574,0.36409712,0.50756717,0.11050893,0.1395093,0.17856361,0.24077235,0.30606854,0.19106695,0.4716435,0.06470845,0.23272783,0.35536677,0.23049167,0.24366218,0.3682167,0.13818058,0.1191648,0.27708155,0.13247854,0.3235368,0.3589929,0.20130399,0.3793869,0.35151666,-0.00023412332,0.032384045,0.0140324915,0.09949509,0.29677305,0.20934951,0.20408136,0.091425575,0.26401153,0.35260105,0.30197573,0.46223113,0.21982789,0.24197334,0.21702017,0.18891783,0.016515894,0.20767978,0.2472469,0.2624298,0.0032693353,0.19115725,0.11338508,0.32293692,0.42979908,0.1257411,0.28590918,0.0937027,0.26499704,0.3982582,0.15526861,0.18472876,0.06363263,0.072538,0.3441999,0.07735834,0.19704485,0.22033024,-0.0066313446,0.6480223,0.21595313,0.2991144,0.031479053,0.11977389,-0.029193712,0.3524289,0.156852,0.1311775,0.15273231,0.22544119,0.32658988,0.13074759,0.17003775,0.2009409,0.49827144,0.16251822,0.14335006,0.091786705,-0.009287152,0.26246792,0.09154255,0.06721525,0.46252602,0.34707823,0.13534108,0.08853649,0.24317086,0.3477208,0.05949387,0.25195912,0.037730996,0.40362108,0.10175572,0.21041623,0.050200023,0.527267,0.13013512,0.034184035,0.43858218,0.36335927,0.15736258,0.19442938,0.26177382,0.04689472,0.29520684,0.04440835,0.13463157,0.23120156,0.50130236,0.21207246,0.2797769,0.10841677,0.032632116,0.33376795,0.023887524,0.23125736,0.110017955,0.36894396,0.21297456,0.2691099,0.13290691,0.42500275,0.0023038406,0.46465102,0.23414437,0.042204253,0.3265735,0.19847423,0.071633756,0.74692416,0.301854,0.35478508,0.16263519,0.0670263,0.2974124,-0.006868761,0.235489,0.62704116,0.17125195,0.15929367,0.12891199,0.23079056,0.24250063,0.28793293,0.10095228,-0.0018442925,0.20224652,0.99999994,0.306117,0.22091317,0.100636065,0.08200723,0.02738706,0.33433884,0.27950644,0.17397547,0.22839814,0.4163898,0.31159407,0.3474363,0.14916608,0.02526199,0.17328233,0.05763027,0.09161116,0.34716195,0.10477011,0.057479415,0.1954194,0.08600599,0.14438546,0.29431006,0.13260347,0.13205117,0.08274168,0.098374665,0.005389916,0.07117742,0.12751956,0.29814386,0.3585508,0.14792833,0.13829991,0.050011497,0.3039013,0.16293795,0.2513144,0.3052258,0.12893721,0.34349447,0.13867202,-0.054198887,0.25009978,0.113757886
coat,0.106548995,0.15041736,0.08448277,0.18087849,0.35209,0.06653318,-0.0672985,0.3069077,0.10689309,0.20253678,0.102421574,0.17973733,0.17828701,0.06667566,0.15642409,0.20265353,0.17872623,0.074156635,0.14309467,0.11857541,0.45740008,0.1425187,0.06580988,0.15150207,0.16540018,0.4332978,0.09244014,0.22329706,0.27614295,0.20530272,0.13209565,0.15000844,0.29616106,0.189303,0.56647164,0.2860234,0.1464825,0.12718499,0.1322898,0.031232651,0.1728169,0.20457327,0.12473658,0.16900726,0.20784938,0.1766414,0.083707295,0.06448566,0.24944416,0.3194327,0.13852462,0.2928859,0.13710293,0.26045948,0.13632123,0.25819498,0.23127002,0.24993333,0.20756072,0.410492,0.15879232,0.18877745,0.19149432,0.18178765,0.23218942,0.13952719,0.10679899,0.14546189,0.038358092,0.3856492,0.2303803,0.19842708,0.025555875,0.28561935,0.13096403,0.13374427,0.23551619,0.22059473,0.15088129,0.119368106,0.12512574,0.22452313,0.21712795,0.30467367,0.100003466,0.061614186,0.15984905,0.29900312,0.39513198,0.37141642,0.22312829,0.21656862,0.22994882,0.23951566,0.2986808,0.092817776,0.10902898,0.13586093,0.19217302,0.12623358,0.15775521,0.08455028,0.12988788,0.12038998,0.14428484,0.11236439,0.17865276,0.24570979,0.3216784,0.16877441,0.118208826,0.17767778,0.10791798,0.14105025,0.09092763,0.19709061,0.33641607,0.050658952,0.08273406,0.18479323,0.35316527,0.22990273,0.18506517,0.14999774,-0.010580961,0.24126717,0.13654357,0.23127258,0.40106893,0.068858795,0.19956775,0.21006164,0.30273315,0.16167659,0.20396109,0.041654795,0.42171544,0.4077586,0.3740383,0.17369641,0.14328519,0.1608738,0.17575562,0.34020257,0.16981205,0.18346795,0.48272514,0.26766673,0.18483576,0.12038358,0.17296386,0.08797566,0.26479304,0.20216705,0.13675946,0.19275877,0.18041319,0.14066266,0.1132748,0.22292176,0.19937396,0.25949386,0.124394745,0.022453915,0.04841994,-0.015929248,0.10386285,0.36057103,0.038175818,0.34592134,0.113159195,0.31461534,0.10276056,0.1395641,0.042960197,0.09265879,0.14804186,0.28683352,0.5596694,0.22838232,0.17310515,0.31165892,0.14767596,0.06561049,0.27926913,0.40792376,0.6149745,0.2651016,0.102194816,0.21132788,0.09928937,0.1928097,0.09136239,0.24761221,0.12009182,0.26512703,0.48207912,0.08798179,0.26563108,0.028158737,0.211081,0.21650195,0.27834705,0.10218212,0.09400937,0.20390704,0.47456002,0.082722366,0.17196026,0.14019932,0.1869819,0.5573087,0.05543554,0.26103294,0.20046222,0.34393787,0.15048516,0.2876547,0.5308422,0.22401562,0.2500344,0.08193962,0.2640795,0.3051337,0.306117,0.9999999,0.38280648,0.22205898,0.15555932,0.13721141,0.40584308,0.091747746,0.21971022,0.2720199,0.40906316,0.353015,0.15609622,0.21241486,-0.05185587,0.2344811,0.0545933,0.13707319,0.3570904,0.18003897,0.27051222,0.14846303,0.13549338,0.27859697,0.2547645,0.18382992,0.11023306,0.20658907,0.33983737,0.13804378,0.181647,0.0017035827,0.26094416,0.22444235,0.12618805,0.27614206,-0.038850036,0.47398707,0.19946447,0.28820086,0.37168598,0.25442296,0.24023232,0.3185376,0.20649391,0.06073027,0.39253992
dip,0.20444484,0.2702104,0.43407494,0.20317672,0.29641712,0.21659347,0.06092454,0.113756545,0.23077954,0.19256283,0.20741819,0.2125563,0.15897284,0.13447504,0.20047607,0.36244196,0.4477215,0.124391764,0.12256173,0.34111294,0.24325252,0.26551932,0.19078125,0.13228428,0.22455248,0.34173536,0.34952196,0.24047232,0.36217666,0.21592645,0.38959983,0.37934402,0.16371858,0.14147182,0.34854162,0.16151834,0.13246086,0.10124047,0.11275798,0.3289224,0.27138335,0.32278946,0.2833813,0.288212,0.35373044,0.28792343,0.21232657,0.10323655,0.12712558,0.15744875,0.13673742,0.23027198,0.0574183,0.112060964,0.27025998,0.25985193,0.13032556,0.27743924,0.26972288,0.33744034,0.19653422,0.21396746,0.19286594,0.3242332,0.17001864,0.09718478,0.28403932,0.2070143,0.11806402,0.35008705,0.20891565,0.13112935,0.07522623,0.22737221,0.20965785,0.23394069,0.36253512,0.4522501,0.33272445,0.16697256,0.1352644,0.51189256,0.3859913,0.3686321,0.21183975,0.4164726,0.288407,0.4465893,0.6194353,0.40545964,0.3210651,0.56125295,0.27703673,0.31585842,0.4819321,0.17992987,0.21997789,0.15340349,0.33521584,0.38411593,0.19594629,0.3758123,0.12787868,0.31191245,0.31342462,0.13793087,0.50714624,0.16698274,0.12753522,0.1954338,0.2875033,0.07736969,0.01217709,0.17962103,0.30361018,0.32012132,0.21279365,0.025027914,0.12766266,0.38029972,0.37675428,0.20284575,0.14423923,0.32864463,0.1820472,0.23896188,0.059641764,0.2663827,0.44836843,0.32602465,0.41696686,0.2849779,0.19413224,0.30379128,0.27064496,0.23688763,0.26931196,0.5763402,0.42862484,0.39037502,0.22639534,0.15954596,0.20941716,0.19004205,0.1472661,0.4463079,0.37231913,0.17121845,0.1510002,0.2578546,0.27102402,0.22238207,0.3766574,0.3313324,0.028144734,0.3309176,0.3904162,0.3418456,0.24582428,0.112800986,0.105299875,0.3778907,0.2922013,0.075465,0.21621132,0.23584202,0.15884562,0.1641929,0.16103956,0.13497381,0.26242495,0.180841,0.21747115,0.33876467,0.075713746,0.2868256,0.34602344,0.43729094,0.28873914,0.12504415,0.07990888,0.42968154,0.15341246,0.051191308,0.1501438,0.29766086,0.42681926,0.34660164,0.41026044,0.29885572,0.31842828,0.29444212,-0.033331797,0.24957675,0.12048717,0.23579207,0.25253156,0.17876962,0.22851202,-0.037210748,0.30573496,0.34565988,0.39297616,0.10864191,0.08204845,0.12677583,0.3374156,0.3347361,0.35049868,0.3074723,0.15642826,0.5059792,0.30828866,0.26958913,0.2441069,0.27270356,0.17870972,0.2108936,0.37523395,0.27886552,0.1442143,0.20380437,0.26714277,0.43580997,0.22091317,0.38280648,0.9999999,0.46057624,0.15626366,0.16095315,0.25789484,0.12566352,0.42962962,0.1112975,0.15893589,0.3213249,0.10044089,0.42045635,0.2186158,0.25325495,0.2598545,0.19700554,0.4051984,0.4191994,0.2627871,0.40451628,0.16000372,0.43160117,0.07984629,0.20931445,0.30637065,0.14173692,0.3361855,0.28953123,0.27132538,0.13329123,0.27147874,0.5050754,0.20503429,0.4660316,0.13944879,0.34969747,0.18127543,0.28988612,0.4808333,0.317159,0.27773857,0.22840953,0.2177195,0.25318962,0.32749033
throw,0.12762448,0.24232796,0.3826177,0.13359159,0.18914759,0.20195833,0.054093316,0.27412692,0.042994488,0.4244569,0.25100833,0.1311887,0.29090425,0.38515043,0.23869535,0.30122864,0.18551195,0.20875296,0.13750926,0.19674027,0.17567132,0.12738523,0.15675822,0.022419529,0.14892551,0.15103056,0.22076117,0.2711544,0.3294879,0.0845092,0.13057587,0.26610428,0.022748657,0.10956739,0.05931261,0.07521487,0.17834052,0.19599977,0.03994187,0.25034508,0.47776705,0.22571892,0.16419162,0.17589882,0.23277709,0.14913592,0.13182774,0.20290047,0.08368834,0.25912172,0.117020585,0.25329387,0.12364544,0.29802746,0.15149617,0.19408825,0.21917313,0.17548609,0.2910884,0.6031198,0.120515496,0.19752626,0.17044252,0.12371141,0.23941422,0.16234812,0.3636766,0.18975854,0.124591105,0.050365105,0.11150206,0.17669153,0.17695764,0.32149687,0.17898332,0.19260877,0.46213257,0.28727776,0.34127748,0.19993234,0.16598451,0.17871283,0.3091369,0.29359406,0.25964224,0.23375183,0.1829351,0.45204085,0.36525583,0.35935867,0.22508386,0.35473076,0.24161148,0.32834885,0.6324486,0.0777773,0.18668245,0.19821122,0.30849954,0.46491227,0.16544756,0.32237193,0.29245192,0.4367438,0.17812029,0.25051552,0.11070949,0.2352621,0.23508632,0.2029926,0.47160783,0.14840816,0.21675105,0.4144191,0.41390038,0.35955495,0.24326384,0.017754037,0.032075405,0.20947126,0.1599344,0.26707006,0.02473828,0.15891641,0.37575847,0.25583315,0.078257814,0.25984263,0.18907487,0.41575462,0.16686726,0.115400024,0.48186994,0.15932634,0.2766075,0.19583836,0.16242352,0.40584666,0.39746714,0.14654066,0.20605895,0.32657453,0.09231998,0.29786062,0.030462105,0.3364532,0.31850982,0.31856194,0.097872406,0.14867955,0.47802287,0.1856615,0.3206141,0.45366526,0.21790561,0.5352671,0.46826196,0.12833822,0.1644772,0.16100286,0.12849924,0.52622235,0.42509842,0.25892845,0.31911606,0.1824567,0.17453112,0.55718637,0.14849772,0.3333714,0.09437136,0.3385979,0.17822228,0.42849663,0.41822627,0.28649968,0.23727924,0.4774748,0.17079613,0.36256054,0.110917404,0.48871228,0.17832544,0.21611245,0.25135005,0.29071826,0.25187638,0.18565597,0.29191828,0.17137738,0.2935255,0.05422557,0.15304124,0.3858211,0.22562234,0.48516452,0.13463774,0.123024255,0.21190412,0.11666359,0.1383557,0.31975856,0.52538604,0.11606406,0.13011171,0.25034302,0.13535106,0.4484535,0.24968413,0.22802693,0.13511506,0.34686905,0.14059389,0.48987824,0.2566173,0.6448373,0.15546986,0.43574685,0.20961782,0.4538176,0.3451601,0.46612996,0.5682572,0.66454124,0.100636065,0.22205898,0.46057624,0.9999998,0.10333403,0.32667023,0.26509446,0.2766875,0.4789939,0.34692657,0.34592894,0.30098683,0.27328494,0.24996275,0.16922158,0.38178426,0.30669957,0.101283185,0.38031363,0.2215054,0.5492122,0.31675944,0.19558403,0.6761179,0.29806006,0.263869,0.30452764,0.08872098,0.22736597,0.31178328,0.06897025,0.14589438,0.35606486,0.1470127,0.15147106,0.66756237,0.16405994,0.23549196,0.1379669,0.3240496,0.521364,0.55758333,0.40635377,0.511487,0.5248517,0.25512487,0.62407434
fry,0.44264776,0.1284934,0.19577321,0.11732952,0.06537033,0.13208976,0.044041123,0.09642271,0.05221524,0.17167833,0.100421995,0.35974914,0.0914823,0.28531337,0.106241085,0.19706288,0.114209205,0.17829025,0.40806693,0.1961084,0.19927484,0.08464517,0.29915863,0.2410746,0.16067262,0.37889788,0.24746281,0.42418998,0.18579477,0.3365972,0.19124758,0.16126165,0.35437024,0.14730889,0.35388738,0.4028937,0.19474068,0.10796167,0.5922075,0.2549557,0.14559892,0.28740478,0.1871477,0.42922342,0.25689748,0.058854647,0.08248562,0.17988722,0.3906098,0.31800872,0.019712634,0.2899281,0.07871345,0.16178241,0.3370531,0.3595495,0.14397444,0.2485961,0.16246101,0.17143157,0.5819117,0.12002921,0.15686071,0.15970396,0.17768791,0.058200885,0.23837051,0.22869165,0.42215934,0.25561404,0.26735005,0.2295183,0.0558618,0.10353701,0.07233369,0.24448843,0.090344414,0.124522015,0.30260304,0.10095826,0.18500902,0.22001162,0.040844228,0.045281373,0.1452257,0.14061321,0.52121603,0.18531434,0.12696373,0.16047624,0.27567938,0.059561253,0.004872171,0.10463662,0.15625033,0.21154368,0.03556259,0.2871279,0.21086696,0.05223857,0.264717,0.08910765,0.0819711,0.18231124,0.20665096,0.07183819,0.0647481,0.16713993,0.09497084,0.13555528,0.18124664,0.2814403,0.08735299,0.086532995,0.028729789,0.29111433,0.1334357,0.1023449,0.074962586,0.54789865,0.32365748,0.2525761,0.4686426,0.064342886,0.055876493,0.0014025979,0.05204693,0.30670863,0.32855624,0.080233306,0.03776807,0.056815423,0.18098843,0.0393297,0.03266712,0.15356892,0.00774587,0.19485787,0.17707811,0.4808653,0.2340846,0.09912207,0.07086161,0.1817195,0.4578783,0.12180546,0.10702701,0.08466084,0.42754453,0.33800393,0.14346409,0.13234818,0.24169764,0.124479145,0.06796314,0.13300413,0.22042388,0.41846263,0.7510128,0.19288874,0.10887776,0.1607537,0.14704505,0.0499425,0.034389753,-0.01610712,0.13730863,0.091862194,0.14561106,0.16664462,0.0393567,0.30025846,0.24434114,0.25095195,0.0035761865,0.13457286,0.19886261,0.17995955,0.17688966,0.18055856,0.22066128,0.14357391,0.20556006,0.1640328,0.4512549,0.114237204,0.22387025,0.31152344,0.020889992,0.43720782,0.17229557,0.36755255,0.057556145,0.08021038,0.16409647,0.041860692,0.28908217,0.48697686,0.06984366,0.09616341,0.046917163,0.19923812,0.23139548,0.22860417,0.088061266,0.112075865,0.14819336,0.18593173,0.32212356,0.21252003,0.21654686,0.1300671,0.4777224,0.11677815,0.11854588,0.12298441,0.29934755,0.14785066,0.12554365,0.16133624,0.14642048,0.25620195,0.10007699,0.25320378,0.08200723,0.15555932,0.15626366,0.10333403,1.0000004,0.12343391,0.20643634,0.07677117,0.17874557,0.1432592,0.1334545,0.4222318,0.21816659,0.14771134,-0.04177764,0.059471197,0.022379793,0.44593185,0.11871775,0.48269218,0.19462481,0.1317147,0.17177281,0.13607761,0.17501155,0.09455635,0.25694335,0.38925987,0.12976913,0.7243141,0.6848693,0.04974707,0.07977952,0.10670604,0.41592985,0.14071068,0.042564746,0.119714834,0.56129885,0.40780008,0.18486908,0.14646168,0.0892949,0.17590305,0.1562643,0.11121122,0.117440075
season,0.13794047,-0.008472006,0.14694348,0.05609777,0.10160424,0.014155869,0.11878286,0.3104569,0.058356334,0.24868882,0.16179444,0.09930375,0.17647709,0.17776656,0.06915389,0.4369285,0.11226755,0.088528216,0.44715595,0.46997124,0.084378086,0.15613082,0.10569054,0.17821246,0.08178693,0.08461764,0.112459466,0.34530297,0.47135577,0.29268217,0.08495999,0.15453492,0.116062224,0.25043625,0.12330047,0.17412797,0.071096614,0.189422,0.096715674,-0.0048745456,0.39822692,0.23556069,-0.00071281195,0.13476354,0.4853236,0.059513435,0.114819795,0.10320379,0.068371706,0.3043625,0.1366691,0.18721206,0.11678776,0.09153554,0.16960761,0.19538212,0.71678686,0.28336862,0.3630856,0.4182659,0.13297413,0.078380905,0.055971015,0.087038346,0.5928567,0.0034233201,0.3390773,0.1106437,0.18809628,-0.013714362,0.23815458,0.10720946,0.62359273,-0.0056203967,-0.012711081,0.1235608,0.2769934,0.27207172,0.22198975,0.08116998,0.078712575,0.024749463,0.26054063,0.18550912,0.16568694,0.08191705,0.13835548,0.29996538,0.23775172,0.19648056,0.1379089,0.21259163,0.092829704,0.10689868,0.32623252,-0.0007624058,-0.014835352,0.47449124,0.58623075,0.10969889,0.385126,0.21083274,0.07573901,0.10091552,0.111911856,0.10760011,0.026467618,0.24397743,0.18990698,0.23135063,0.18545318,0.20937462,0.053571135,0.553337,0.08520712,0.37778717,0.27107418,0.08150717,0.015879855,0.16520636,0.18184054,0.24546106,0.05042511,0.054553557,0.100807235,0.020309616,-0.025177607,0.4792266,0.07594261,0.14227517,-0.03839628,0.0036690775,0.21727368,0.10154149,0.0488699,0.10423356,-0.016565073,0.102125406,0.07164834,0.15735991,0.21218657,0.9474292,0.010595929,0.5580415,0.19071868,0.39472452,0.21910855,0.051346455,0.2233849,0.14792283,0.24973166,0.12477654,0.3734206,0.26529646,0.15001687,0.22985303,0.15093863,0.15078016,0.07725522,0.07836023,-0.0075969133,0.18521069,0.252098,-0.014526656,0.050003093,0.03064632,0.1749134,0.3128386,-0.04688655,0.2573501,0.03491389,0.2485101,0.07830012,0.19172028,0.24152127,0.101985335,0.124854445,0.3999092,0.31978464,0.18202338,0.2222783,0.31915087,0.1443575,-0.0069476943,0.21832833,0.112892576,0.07708679,0.37961558,0.28037742,0.14462817,0.11601472,0.09971424,-0.00585147,0.18975146,0.06682658,0.34199992,0.11810163,0.03297432,-0.0026633143,0.11259511,-0.0019723075,0.17352372,0.31996727,0.04499319,0.11921166,0.2656929,-0.03501675,0.09735267,0.03775645,0.1504248,0.14627051,0.16657999,0.07222534,0.28972638,0.122240305,0.33232105,0.1814683,0.2649457,-0.0129254125,0.25016636,0.20951276,0.26359302,0.30785596,0.26239264,0.02738706,0.13721141,0.16095315,0.32667023,0.12343391,0.9999998,0.4861691,0.0875874,0.228145,0.1858934,0.14731392,0.17004776,0.20068292,0.3311041,0.012480248,0.24061218,0.09934508,0.13743536,0.18621032,0.16990155,0.325418,0.1426316,0.17298254,0.40544826,0.23397234,0.35960507,0.2354474,0.07288244,0.0774042,0.22744536,0.070708394,0.08343673,0.2567597,0.05373627,0.24644317,0.2842327,0.059357535,0.15102261,0.19739814,0.3988477,0.22710067,0.24107546,0.23773015,0.401325,0.30550423,0.0225862,0.3561622
zest,0.21628517,0.112584434,0.18824795,0.15050514,0.08647118,0.011505108,0.17837672,0.2912441,0.1140384,0.15225267,0.147115,0.20359677,0.2737043,0.08635944,0.11205622,0.45825142,0.19185941,0.04673697,0.38211137,0.36947188,0.23596825,0.1886925,0.040403806,0.29992086,0.06452006,0.24266014,0.116238646,0.32725254,0.49767846,0.36494735,0.21096332,0.18828703,0.23132287,0.27979514,0.23368773,0.26201677,0.24201147,0.16104649,0.13160919,0.065881565,0.4280461,0.35907495,0.08414283,0.17609206,0.32661903,0.16393664,0.14214975,0.025825411,0.097481035,0.23830256,0.08597532,0.20207587,0.19202857,0.09416172,0.23435664,0.24295884,0.5102689,0.35087162,0.32517028,0.4458695,0.22976816,0.20240194,0.23579234,0.24352854,0.40664646,0.15760016,0.20935228,0.1578263,0.13643327,0.20586427,0.3985306,0.209474,0.3093097,0.24699548,0.10996214,0.2098415,0.32194006,0.26906964,0.21835269,0.25975388,0.17791,0.24245912,0.2612187,0.25547802,0.11316893,0.22800025,0.2566891,0.3688693,0.24061328,0.30016974,0.20907865,0.20965281,0.17503488,0.32618976,0.40399915,0.15731883,0.18041205,0.39143646,0.44019133,0.15236804,0.38321948,0.3708681,0.1814146,0.2742994,0.21887079,0.1830229,0.1950428,0.2636232,0.37203917,0.23179933,0.1370115,0.25201073,0.13356464,0.3668487,0.1366846,0.30971825,0.29141635,-0.009020379,0.121425785,0.18238309,0.27340758,0.28899384,0.09306273,0.14226648,0.11306559,0.10264522,0.040022478,0.4680342,0.22425605,0.16299453,0.063623935,0.1677566,0.26244676,0.112944886,0.15001461,0.18211073,0.3341974,0.2743615,0.23587307,0.16965516,0.23845975,0.45781028,0.16211705,0.42667693,0.20010933,0.37887204,0.33624372,0.1270136,0.16718921,0.2818573,0.268493,0.15655293,0.41081536,0.23394954,0.17813008,0.17672175,0.17224234,0.17165613,0.12695767,0.14857769,0.07886285,0.23316056,0.15157126,0.14471518,0.16278172,0.036105007,0.22523752,0.26480642,0.12755874,0.28584626,0.0735219,0.28518993,0.20362079,0.28709823,0.12169559,0.15784574,0.26923695,0.3882455,0.3802759,0.29403389,0.16243961,0.3844614,0.17456219,0.14175814,0.23335269,0.2736851,0.2606731,0.40575796,0.13590646,0.19954458,0.20102276,0.18753377,0.0732459,0.134769,0.0721431,0.30915794,0.26501188,0.07183495,0.13102815,0.096198045,0.12916085,0.25347105,0.34384528,0.006473312,0.22913948,0.20410207,0.27311665,0.13237822,0.1589348,0.13233529,0.16672334,0.30586195,0.13416822,0.28731495,0.3176028,0.3350305,0.21488059,0.24105644,0.18689251,0.30432332,0.3055658,0.22927622,0.2936892,0.3931905,0.33433884,0.40584308,0.25789484,0.26509446,0.20643634,0.4861691,1.0000002,0.18271676,0.28338167,0.31024173,0.37281525,0.27415764,0.24908237,0.27150962,0.048521895,0.27130756,0.082096264,0.12746483,0.31215262,0.18519844,0.33903736,0.23205677,0.13658506,0.39453545,0.32136557,0.35188058,0.21306899,0.0788123,0.1047356,0.21966895,0.24127825,0.0253678,0.42285207,0.21264257,0.20386352,0.34801722,0.033637356,0.3174793,0.19022098,0.40189296,0.34211025,0.2524114,0.38088575,0.3417628,0.26157787,0.061968185,0.37643075
mince,0.07950351,0.14761737,0.044962585,0.24409716,0.15279648,0.19320223,0.17387997,0.27514994,0.1234414,0.25062302,0.10098551,0.11254227,0.19654043,0.11389925,0.21320629,0.089138925,0.13260084,0.12575416,0.061633103,-0.010789155,0.1772244,0.05601183,0.08798432,0.051212944,0.11922598,0.0874218,0.31413382,0.13396609,0.26515585,0.07250244,0.21545088,0.32663074,0.22178951,0.17104405,0.03505107,0.038896795,0.14016503,0.37729394,0.080779836,0.0931235,0.39881414,0.3312488,0.19560921,0.08029041,0.10232334,0.17568322,0.21629696,0.100576885,0.01774011,0.21652581,0.036888108,0.14613102,0.49526954,0.3139458,0.0033090282,0.17386252,0.111341804,0.4957587,0.19957289,0.26818264,0.10296637,0.21979561,0.5378979,0.4375759,0.111079015,0.5737361,0.24834158,0.3354472,0.13573799,0.08096637,0.103351615,0.13574651,0.07047768,0.7011693,0.25587398,0.09255138,0.14216512,0.17202398,0.1280931,0.6355158,0.45741406,0.19573021,0.09336747,0.3051477,0.22506075,0.22687542,0.22889629,0.32035774,0.10979995,0.14107642,0.0883462,0.19431168,0.2598825,0.4219321,0.2412132,0.098602176,0.2737934,0.08468154,0.11938906,0.17956218,0.1418344,0.17634365,0.65356416,0.52849543,0.071644075,0.4743544,0.13534188,0.1553486,0.5683182,0.09353209,0.18455386,0.53699,0.6358363,0.15693498,0.16550133,0.27667028,0.14033999,0.059261184,0.13867655,0.19264509,0.09156996,0.34540647,0.09962113,0.22371787,0.05758351,0.14748225,0.3054417,0.12266034,0.033213582,0.14434472,0.040748905,0.23505256,0.31582588,0.16062118,0.31847847,0.036758944,0.29510394,0.14519164,0.21910259,0.17595446,0.28042176,0.07116218,0.5698546,0.1355225,0.030627396,0.19717517,0.260305,0.24230567,0.1440267,0.083443835,0.20851427,0.29609647,0.2768293,0.16555151,0.32975918,0.2029758,0.17460254,0.09551047,0.15231477,0.21148132,0.11382635,0.2396029,0.13130745,0.5991729,0.4608679,0.02525711,0.2943805,0.18098265,0.33307296,0.31162328,0.09403036,0.25440806,0.37919086,0.3004231,0.28705224,0.462166,0.32090002,0.29601336,0.033156253,0.66512835,0.20185423,0.40384656,0.037175015,0.6567615,0.20210499,0.21307871,0.17818134,0.111846894,0.13572949,0.16803926,0.2840867,0.013817961,0.59577686,0.20266733,0.28559405,0.22972932,0.14902954,0.17541915,0.16612309,0.19809186,0.15917782,0.29432422,0.2796194,0.15309843,0.12270283,0.21034122,0.216569,0.14860448,0.1689049,0.07852479,0.030279469,0.14404723,-0.004417857,0.36436987,0.31892434,0.3369025,0.11430557,0.35201317,0.062286593,0.18509746,0.8680731,0.1757997,0.250252,0.24896035,0.27950644,0.091747746,0.12566352,0.2766875,0.07677117,0.0875874,0.18271676,1.0000002,0.16821696,0.6979424,0.64505255,0.11746558,0.7164457,0.08210027,0.03034562,0.1890201,0.096920565,0.21334863,0.12518999,0.14989805,0.31049526,0.10328202,0.23035988,0.28181648,0.66766053,0.06819489,0.15061349,0.098712705,-0.018534996,0.16613317,0.11434844,-0.041734308,0.27379793,0.18507555,0.18755758,0.1887819,0.07037612,0.10505673,0.14390378,0.20093717,0.24485937,0.25443107,0.30600494,0.26283222,0.20588672,0.087065704,0.24846709
push,0.16076611,0.31200385,0.42553306,0.27529994,0.06402614,0.35267362,0.082808286,0.25064713,0.048919108,0.121078074,0.41076845,0.46204394,0.2568671,0.1607677,0.29354215,0.2622366,0.19661815,0.19386953,0.15457737,0.144231,0.10967566,0.16734841,0.27516896,0.10443735,0.22595124,0.1899184,0.17018881,0.12730916,0.433347,0.07348922,0.18926778,0.2110628,0.08504449,0.13568336,0.09394357,0.19921866,0.0922016,0.11636353,0.032491464,0.36407363,0.4582103,0.21093082,0.15412055,0.13565534,0.20124312,0.17111751,0.20245653,0.19950752,0.10383441,0.17799677,0.05104273,0.2929367,0.1347964,0.24321735,0.25369552,0.17912003,0.18516272,0.16330527,0.18511821,0.5137788,0.13582148,0.23246638,0.19006234,0.17578374,0.16466889,0.12667112,0.28368777,0.29847187,0.13603707,0.07068712,0.14660253,0.2331726,0.1392748,0.21431229,0.20408463,0.34036618,0.48200172,0.15378624,0.5525262,0.07472381,0.03187081,0.22033212,0.2330114,0.21432588,0.28027222,0.20112845,0.17885584,0.635854,0.25445962,0.20856054,0.42123055,0.15026519,0.1641996,0.2886235,0.70770407,0.16178307,0.18143015,0.1483106,0.17008585,0.18467526,0.106350355,0.62142634,0.20277476,0.27810588,0.28391635,0.14836183,0.108936444,0.20258899,0.15781167,0.41259813,0.33172822,0.15666127,0.10173615,0.20481062,0.47979093,0.307366,0.17517135,0.03928886,0.15064985,0.22662303,0.26198414,0.43995607,0.11769473,0.11401045,0.41012222,0.100437954,0.10566859,0.13909507,0.30307177,0.39492232,0.29360932,0.051130045,0.39161962,0.09256649,0.22915842,0.15291253,0.20672655,0.4395433,0.41108388,0.16483402,0.2807653,0.21231656,0.068133675,0.20783044,0.037312552,0.21178168,0.22717212,0.21402088,0.117585294,0.16312724,0.66614926,0.19620824,0.27158615,0.36484352,0.17047256,0.25826702,0.4213444,0.15373734,0.10518577,0.22524631,0.17393075,0.37333393,0.3491679,0.17535147,0.31327313,0.32916224,0.30691004,0.24702877,0.2317481,0.2426388,0.058996614,0.30328834,0.32356918,0.3608364,0.15061054,0.37423676,0.33505,0.3293939,0.17797264,0.28348202,0.07447196,0.49447608,0.23815584,0.11435044,0.2515775,0.3464655,0.16663952,0.4013899,0.12705326,0.19837227,0.4595193,0.09627515,0.040214732,0.22025993,0.23612364,0.5300607,0.11984667,0.08249596,0.1973572,0.060083844,0.1727854,0.44395745,0.28886223,0.15844941,0.20887285,0.22659463,0.24085194,0.34347397,0.31211305,0.39326063,0.17903621,0.41391087,0.14046387,0.43279475,0.376281,0.40190387,0.37341827,0.2138842,0.13217142,0.669672,0.22048202,0.24168213,0.25336272,0.5699503,0.17397547,0.21971022,0.42962962,0.4789939,0.17874557,0.228145,0.28338167,0.16821696,1.0000001,0.22356758,0.28902358,0.22950423,0.18577018,0.10166435,0.28194937,0.3647927,0.3812554,0.064025514,0.4349677,0.21819201,0.21916793,0.3979836,0.14537218,0.5537686,0.22963542,0.2536945,0.4294768,0.089786515,0.20827477,0.35352564,0.09374741,0.40672287,0.44036153,0.16358916,0.16366544,0.606491,0.28547114,0.13335735,0.21356659,0.39395124,0.60477996,0.3841779,0.47533128,0.48850828,0.24434283,0.34505376,0.50948817
chop,0.066082954,0.12959203,0.088653356,0.1838256,0.15450186,0.080505796,0.09323285,0.4975024,0.12471486,0.33845657,0.17248166,0.115579456,0.360368,0.15310153,0.28195643,0.24173558,0.18308705,0.15301812,0.1686227,0.07236343,0.23899928,0.045685258,0.071041174,0.12743278,0.17728195,0.08798242,0.22899103,0.1894584,0.3317385,0.12250106,0.13952169,0.2819011,0.2144472,0.317743,0.093305394,0.10085073,0.23319983,0.45193896,0.12393663,0.09687349,0.46609285,0.28656307,0.17009869,0.1212289,0.13471651,0.054729525,0.1999349,0.1257323,-0.0074282167,0.36778265,0.13695666,0.26312938,0.45590377,0.48878014,0.047162034,0.20607755,0.27428767,0.4189009,0.28056946,0.39912468,0.14152093,0.29796323,0.41495425,0.24801943,0.2778815,0.51900893,0.18109958,0.27859932,0.071184605,0.051548958,0.18806985,0.2195709,0.1229417,0.7079163,0.108938225,0.15772493,0.32865486,0.04140425,0.14512718,0.5670097,0.4598189,0.090811536,0.1692428,0.41508225,0.1733635,0.10383241,0.15347713,0.37337536,0.16337846,0.158137,0.13470246,0.13640572,0.14277565,0.3815505,0.3754019,0.06305504,0.14412536,0.1785123,0.22372115,0.24051926,0.15675071,0.16892877,0.56670046,0.51392627,0.038615853,0.49384683,0.05380809,0.3335793,0.60280025,0.17110015,0.21214664,0.62134695,0.7761049,0.3541479,0.139613,0.25939268,0.14632303,0.041104972,0.12439873,0.14695802,0.11698898,0.43858963,0.062010914,0.086090066,0.10127145,0.2322247,0.30310157,0.15004694,0.032581735,0.13688172,-0.044241406,0.05935426,0.41831124,0.08280694,0.35281622,0.07719903,0.2653714,0.13058853,0.15559918,0.09825737,0.26285785,0.23781651,0.34890115,0.31518236,0.09760699,0.22902131,0.17194669,0.2838324,0.1573801,0.18429947,0.40898764,0.16315785,0.25799614,0.32855034,0.558949,0.26431018,0.18628018,-0.009852469,0.14467025,0.29475966,0.1996824,0.35259295,0.17830509,0.6779922,0.23517525,0.0026510768,0.29981703,0.3612231,0.31705517,0.58455205,-0.012159624,0.47344768,0.26489818,0.30710655,0.24435434,0.36042562,0.3449052,0.26092207,0.14321549,0.8682827,0.21735491,0.43015897,0.10989016,0.64487,0.21422341,0.28648645,0.21474457,0.14735897,0.067042105,0.12996173,0.112042576,0.042547647,0.70936,0.32757887,0.26455063,0.31924924,0.23811696,0.108139515,0.17763816,0.29667225,0.061883684,0.27382392,0.41626686,0.1514262,0.16311839,0.33376098,0.15297368,0.15682067,0.18359134,0.13938653,0.1149427,0.28097403,0.011501887,0.48069876,0.4233321,0.52757525,0.16928908,0.43214357,0.17686298,0.33713686,0.8754313,0.2721456,0.455387,0.37016708,0.22839814,0.2720199,0.1112975,0.34692657,0.1432592,0.1858934,0.31024173,0.6979424,0.22356758,0.9999999,0.8413838,0.11994524,0.81185126,0.006923998,0.0286202,0.3382454,0.08991525,0.16534248,0.27110243,0.12706998,0.4501512,0.02595539,0.13264465,0.37494382,0.8963462,0.15343648,0.19315153,0.0148910135,0.003640379,0.26706198,0.09701535,-0.03430715,0.37439156,0.065071195,0.1291153,0.338471,0.04514809,0.096287005,0.100892104,0.37124518,0.33401963,0.37048706,0.3675486,0.34312505,0.3826453,0.068544716,0.46693566
separate,0.064322166,0.2181541,0.09753206,0.19058256,0.14383781,0.11421555,0.1896778,0.4492507,0.12745108,0.26373678,0.18122143,0.1627878,0.32416326,0.15530387,0.24983273,0.22558352,0.23785248,0.10668385,0.14222711,0.029009348,0.2233477,0.05941746,0.06976314,0.070267215,0.16099365,0.16799386,0.30011544,0.18677226,0.31061324,0.17219338,0.25430557,0.36240244,0.26227123,0.24416816,0.16536044,0.12651041,0.26690152,0.3159197,0.10671811,0.10239743,0.42992663,0.32813534,0.14775093,0.12969464,0.11642326,0.16472216,0.27245557,0.07480931,-0.003311864,0.35170597,0.11953142,0.22308347,0.40061986,0.44967785,0.058599915,0.1996318,0.24659851,0.3979618,0.23547748,0.42735928,0.12818241,0.350291,0.39117768,0.29873955,0.24629813,0.5127418,0.17266566,0.3249656,0.05609744,0.14055243,0.17084628,0.21960044,0.07477743,0.78625625,0.15778688,0.1705106,0.31350118,0.09425152,0.16929823,0.54251826,0.41859165,0.2842173,0.21856311,0.45575976,0.17888816,0.18407114,0.1582616,0.4100888,0.20968527,0.18293022,0.18435563,0.22520396,0.20847136,0.44365463,0.38484412,0.0895096,0.30598843,0.17257123,0.18702537,0.25643697,0.13509427,0.26895308,0.5291435,0.48342216,0.08618835,0.46429744,0.20877767,0.26139802,0.74413466,0.1990283,0.22378296,0.5342967,0.7366887,0.3063646,0.14752327,0.2815219,0.1622347,0.066616714,0.17990838,0.13645563,0.22405049,0.40485483,0.08111254,0.20551117,0.15084442,0.202318,0.26760906,0.19703303,0.12060424,0.08882208,0.02351749,0.21936828,0.4646455,0.18157211,0.4688967,0.08302617,0.5559361,0.1733374,0.20884424,0.06520876,0.2455625,0.18252848,0.39394173,0.31244886,0.08936201,0.2554926,0.2806251,0.3715866,0.15450701,0.17874202,0.42284268,0.20892186,0.25553846,0.28262126,0.43445578,0.27399513,0.17342174,0.016413432,0.12428223,0.2924145,0.24245049,0.31108755,0.15275633,0.645803,0.35124692,0.030565614,0.32778165,0.34406072,0.35543853,0.5319556,0.100947164,0.378837,0.33581161,0.32856232,0.18066692,0.39456552,0.4692104,0.24878871,0.21196705,0.830162,0.15560472,0.42495304,0.0839705,0.51748073,0.20935652,0.42908537,0.24800123,0.15242468,0.08436492,0.12373872,0.19962104,0.059178658,0.7106731,0.29204103,0.24782848,0.40843055,0.23727974,0.09596671,0.3156569,0.21387017,0.13722484,0.27646714,0.3479404,0.13589093,0.10525949,0.2502654,0.37975344,0.1606147,0.2096782,0.1461289,0.09452556,0.30270207,-0.019812956,0.5003935,0.5129907,0.55664265,0.17476627,0.40606654,0.23253186,0.40211797,0.7789306,0.21935433,0.39355615,0.41233802,0.4163898,0.40906316,0.15893589,0.34592894,0.1334545,0.14731392,0.37281525,0.64505255,0.28902358,0.8413838,1.0000001,0.16220969,0.7372403,0.05511462,0.03098768,0.36287892,0.09061527,0.127442,0.4036327,0.10231513,0.4331075,0.08521177,0.12978166,0.38811472,0.7938125,0.15778148,0.15545031,0.0063022673,0.090620115,0.24646425,0.103377655,0.019813806,0.4803939,0.22042911,0.11184168,0.36700392,0.058821946,0.2387815,0.096089825,0.3262807,0.40181246,0.32774353,0.4879176,0.362868,0.3076125,0.12027456,0.48630813
butter,0.22674292,0.17937264,0.19073796,0.23927286,0.28846473,0.1887986,0.039729767,0.10853362,0.0123154875,0.19224255,0.15501972,0.23340002,0.20441963,0.12094967,0.15079355,0.09482597,0.14396429,0.23384108,0.10206127,0.14857094,0.3395337,0.20155072,-0.02111068,0.15651076,0.17303473,0.6337102,0.15113556,0.21542794,0.33958507,0.16740327,0.13623258,0.2292996,0.25160882,0.19106612,0.30126107,0.24691835,0.25280255,0.21287563,0.16349444,0.2309994,0.2496402,0.2500689,0.07781531,0.0953432,0.28676337,0.17221749,0.106243744,0.21841118,0.18008289,0.33565265,0.054138172,0.22469042,0.13022994,0.3385967,0.14324221,0.18870002,0.13579606,0.22589307,0.2428784,0.34363616,0.12498371,0.17600545,0.27234125,0.16069922,0.17931011,0.16036388,0.22371952,0.3033718,0.05754556,0.23459318,0.22770104,0.2951978,0.20553035,0.16307618,0.31792638,0.123497196,0.12697919,0.382161,0.24823186,0.23359184,0.13262191,0.34735447,0.25108474,0.20839015,0.3362631,0.2527233,0.4170671,0.30480874,0.3283738,0.43375686,0.239542,0.31851387,0.2638997,0.24247748,0.30857828,0.20930111,0.13899449,0.20411706,0.22077268,0.2111026,0.20207252,0.15837881,0.16585317,0.13097139,0.18917403,0.19384211,0.23512849,0.24178521,0.18151781,0.14002468,0.24663419,0.12061224,0.09201138,0.16006678,0.18841805,0.35874474,0.2871346,0.10723682,0.09619116,0.21474326,0.18202731,0.26229742,0.20715785,0.16286016,0.075883105,0.38886964,0.18122458,0.27126735,0.21835633,0.14730784,0.055862844,0.250518,0.21005222,0.105506346,0.14062083,0.026139822,0.15589048,0.5532365,0.48587525,0.20345138,0.20139961,0.10528942,0.18449323,0.27006942,0.16545805,0.18989325,0.39439923,0.25909308,0.14840688,0.2974597,0.16515493,0.26816022,0.35263658,0.16994986,0.09720807,0.2584266,0.29019457,0.18696079,0.29951605,0.23386401,0.16813469,0.36281562,0.20595369,0.09459756,0.17281282,-0.0037531778,0.22670487,0.2533437,0.22405933,0.15282772,0.1581383,0.18801434,0.33200294,0.28652817,0.13436556,0.21345301,0.23354372,0.43241417,0.3942955,0.15847069,0.13873327,0.28043762,0.07052683,0.12908103,0.509094,0.24042374,0.48306847,0.43337825,0.26052085,0.17649758,0.3395695,0.104996815,0.051290266,0.18962735,0.26922545,0.17464328,0.251812,0.1147714,0.28137422,0.10733159,0.32345057,0.43049425,0.29426336,0.22645207,0.14032596,0.19305715,0.36522126,0.23868792,0.33438852,0.12318355,0.09245565,0.20488699,0.10705449,0.15821928,0.28417277,0.23552388,0.1543872,0.39037955,0.43631086,0.1781382,0.1595542,0.371446,0.22368677,0.33866155,0.31159407,0.353015,0.3213249,0.30098683,0.4222318,0.17004776,0.27415764,0.11746558,0.22950423,0.11994524,0.16220969,1.0000002,0.20271505,0.3892232,-0.069411695,0.10149861,0.013090144,0.18681625,0.19142559,0.23561966,0.26219755,0.17920956,0.08978862,0.32363164,0.15257931,0.10755184,0.17689379,0.1624858,0.15620944,0.22652435,0.32590955,0.078295335,0.15347186,0.29071522,0.20657909,0.24226823,0.0016081962,0.40026528,0.2213576,0.26682484,0.3914374,0.38766953,0.13487296,0.27858862,0.22968775,0.19895774,0.25868744
slice,0.18285692,0.20528047,0.0844017,0.30448383,0.123616904,0.20845002,0.13843617,0.32063597,0.093736246,0.25514725,0.28614998,0.23669058,0.31295487,0.16458654,0.3381464,0.14394358,0.27906257,0.25140837,0.18769757,0.03798481,0.25991833,0.057227116,0.14671078,0.15679549,0.28475404,0.10231839,0.26882964,0.23969787,0.24538016,0.09015687,0.2004532,0.35541317,0.36688355,0.45625898,0.1333174,0.18006575,0.28017196,0.60273874,0.20016967,0.19841465,0.4132533,0.3024163,0.15076777,0.11490421,0.20264536,0.08855487,0.2969597,0.22553661,0.03216267,0.38999164,0.20251988,0.23364756,0.54197395,0.5193996,0.08111772,0.21281087,0.22075316,0.46171954,0.38288802,0.37807155,0.24033996,0.4066503,0.4880458,0.31777608,0.2513703,0.56544274,0.20083898,0.49149853,0.15770552,0.12555219,0.2122034,0.43018687,0.1778998,0.6904248,0.24797204,0.20584077,0.20435116,0.14383468,0.2384449,0.5911176,0.4681213,0.17667784,0.12250908,0.33847088,0.2952384,0.17602718,0.30912232,0.3849544,0.16356143,0.13521296,0.22676507,0.13778056,0.19052479,0.33828062,0.2679862,0.19572394,0.13101685,0.17166007,0.19164738,0.18540117,0.22216338,0.170919,0.50595134,0.46037647,0.071607895,0.54203236,0.12964737,0.41750932,0.517541,0.1422699,0.23292905,0.6867701,0.7738446,0.2853455,0.17902729,0.3251027,0.20583406,0.090464205,0.20840046,0.23352176,0.24431768,0.49729556,0.20650214,0.1007975,0.089564376,0.25240442,0.4088989,0.11961088,0.10335558,0.12482551,-0.031882938,0.07814875,0.41654706,0.052317824,0.30692083,0.07847605,0.25772852,0.06743546,0.15181103,0.19747862,0.36499596,0.19589548,0.41601026,0.30224812,0.14994846,0.23218316,0.14531791,0.3092667,0.30886137,0.23922858,0.3661941,0.30808035,0.31785387,0.3415017,0.4245482,0.21520749,0.1874803,0.08233379,0.25161564,0.4643486,0.27858862,0.23122826,0.22164284,0.6409287,0.26763463,0.027302662,0.39603788,0.27809048,0.47039473,0.43936324,-0.026003636,0.37569198,0.49918002,0.28656495,0.2424828,0.42457506,0.46695504,0.23871878,0.09183627,0.85812294,0.20399785,0.4128752,0.1269742,0.6263536,0.3454941,0.34255973,0.1704185,0.14131261,0.17169526,0.15133473,0.3042013,0.086768046,0.72722554,0.40998465,0.4664628,0.21255319,0.30546468,0.21136081,0.32471776,0.29342726,0.15115167,0.33200043,0.28362492,0.3043785,0.22591084,0.40211338,0.27825126,0.16527122,0.29215318,0.23247764,0.13736755,0.2551496,0.0415972,0.4330234,0.41434836,0.4468735,0.25638878,0.43748754,0.1527299,0.24572411,0.7956095,0.2607852,0.29642582,0.26965648,0.3474363,0.15609622,0.10044089,0.27328494,0.21816659,0.20068292,0.24908237,0.7164457,0.18577018,0.81185126,0.7372403,0.20271505,0.9999999,0.076895304,0.033159986,0.2760256,0.06250528,0.3408361,0.19950238,0.16814663,0.33403894,0.020260027,0.12660544,0.28410757,0.8103505,0.10758565,0.2835923,0.08426587,0.044523433,0.23835349,0.18569319,0.0053166375,0.24107553,0.15790951,0.23941761,0.23697,0.07087055,0.1256354,0.20529544,0.37335354,0.2960126,0.26450232,0.2675224,0.3174084,0.24384387,0.14870432,0.30850777
wet,0.1934064,0.050785143,0.35687518,0.06360766,0.23646177,0.076611206,0.062359646,0.10894975,0.085161015,0.21469703,0.05816064,0.096934415,0.04332441,0.1367201,0.07356668,0.279979,0.40935493,0.021335186,0.06628242,0.2822355,0.19040579,0.2002129,0.057902396,0.15886644,0.102445915,0.35365853,0.41211396,0.20226815,0.33703429,0.14649138,0.5286081,0.40345722,0.038890444,0.039235637,0.21201141,0.09546299,0.19269267,0.12658754,0.031476356,0.14619493,0.17502856,0.32490295,0.18474987,0.28583413,0.65616435,0.22807857,0.12929776,0.024349572,0.16236794,0.21634951,0.09210408,0.09376706,0.014798103,0.053123035,0.14643678,0.2773754,0.23597488,0.19253191,0.22626545,0.2774695,0.037669085,0.057232898,0.0708403,0.29723692,0.26380304,0.029972237,0.383412,0.09612513,0.10554238,0.14229655,0.22279587,0.05378358,0.3443769,0.038180497,0.04320706,0.08410559,0.21572907,0.8785642,0.1170823,0.121357605,0.09411549,0.4671868,0.5683181,0.34649408,0.10257658,0.45929712,0.39287436,0.24782537,0.60469675,0.5040454,0.036271993,0.53793746,0.19037107,0.27163237,0.2293954,0.22958606,0.053200986,0.13134669,0.43224835,0.3256489,0.27559066,0.22162002,0.025562242,0.1202773,0.2064026,0.037141815,0.6510644,0.012320903,0.16210076,0.043533217,0.19122806,0.006041605,0.0007822644,0.16266835,0.0615189,0.47121358,0.12251116,0.07814245,0.07786347,0.41313517,0.2599896,0.10067658,0.31193858,0.3557634,0.03852876,0.06535111,-0.00083687156,0.26142278,0.29097092,0.049140774,0.2678995,0.26141098,0.107833736,0.28189212,0.1772976,0.07494934,0.09999636,0.40007043,0.22020732,0.46352696,0.24652219,0.27048004,0.16848543,0.24959207,0.15114929,0.45859265,0.4001858,0.016473986,0.1909381,0.27926302,0.062227026,0.2265373,0.45835057,0.1162453,0.07911403,0.30076838,0.18255275,0.28001618,0.108503856,0.028363256,0.058234476,0.26167214,0.18369174,-0.084642425,0.064199515,0.08701466,0.09431146,0.23664221,-0.033975966,0.1057082,0.2626291,0.14885154,0.08269853,0.15545404,0.24914217,0.070324406,0.3131945,0.57298636,0.3216554,0.016313542,0.20729174,0.26379713,0.08158144,-0.009079814,0.23320583,0.06137999,0.283032,0.30215865,0.7607654,0.2488769,0.20177373,0.40783322,-0.07351641,0.1507122,-0.04075987,0.103172205,0.12771206,0.22892073,-0.009489374,0.14128026,0.13066286,0.29368263,0.3486585,0.052548762,0.15120283,0.08979222,0.10287993,0.093832545,0.28371182,0.16033234,0.13378131,0.20715186,0.20908898,0.18479541,0.087838754,0.20984508,0.08247018,0.22245479,0.18191507,0.093842715,0.10219135,0.30588287,0.23447731,0.28654718,0.14916608,0.21241486,0.42045635,0.24996275,0.14771134,0.3311041,0.27150962,0.08210027,0.10166435,0.006923998,0.05511462,0.3892232,0.076895304,0.9999999,0.02107643,0.16809401,0.08070201,0.07987415,0.14332625,0.39068386,0.3028682,0.18799189,0.2342397,0.34284574,0.004107284,0.15694264,0.103042305,0.19260877,0.2216295,0.16078483,0.14016873,0.002153184,0.15166628,0.69436914,0.30455607,0.2899487,-0.049215518,0.23377497,0.1904016,0.22153997,0.23894778,0.23661672,0.10080226,0.21398342,0.21090667,0.12119383,0.24820483
sit,0.01826103,0.14502893,0.23985599,0.07015033,-0.022739056,0.14867055,-0.03499988,-0.035981715,-0.011976481,0.07120375,0.19832167,0.043242842,0.031405486,-0.0137167685,0.15089624,-0.037860535,0.07305244,-0.036701556,0.011950813,0.054818466,-0.060356922,-0.054698035,0.10597467,-0.0077742413,0.0829814,0.027296063,0.046975657,0.08091159,0.05060676,-0.061630145,0.008126315,0.027555745,-0.025956862,0.019787993,-0.053783245,0.049689315,-0.040840607,-0.006873776,-0.004788842,0.09184805,0.14753708,0.0024769977,0.06394142,0.007892389,-0.00018060952,0.05577182,0.1431846,-0.030980539,0.00015958771,-0.05542045,0.1084315,0.08286239,0.0009086472,-0.009261128,0.009783458,0.04788598,-0.011208225,-0.011651146,0.025833119,0.13808392,0.10381708,0.036716543,0.010713555,0.04582356,0.03186154,0.0032086421,0.047634184,-0.005192464,0.039253805,0.012413353,0.029495344,0.021152252,-0.023998007,0.05121908,-0.00016744714,0.5128913,0.6377275,0.0296629,0.3470543,0.04261188,0.025491744,0.032447554,0.03160658,-0.004984815,0.041603103,0.10998561,-0.0110666305,0.21116686,0.08349253,-0.020722182,0.19111201,0.049979463,0.026374076,0.0056091845,0.27726465,0.057927843,-0.0070872307,0.04264594,0.016591258,0.08211613,0.015251497,0.23485154,0.057158828,0.14559932,-0.014009601,0.070778035,0.010764085,0.00957256,0.015632974,0.19786033,0.08908098,0.06614878,0.027396718,0.05968246,0.25041318,0.08703545,0.0058988035,0.017374126,0.05227749,0.023380518,0.056530915,0.05121564,-0.037098434,0.04905887,0.37980235,-0.025037665,-0.014678162,-0.017540816,0.12546906,0.21871457,0.3363596,-0.05365888,0.13118851,0.0025710687,0.026256245,0.1267938,0.07666391,0.044598255,0.08743909,-0.036707778,0.029533498,0.012843853,-0.0078026988,0.037279367,-0.0069898516,0.013955334,-0.045702312,0.009852745,0.030434977,0.070017934,0.16563323,-0.017380424,0.0020977743,0.20853065,-0.039256178,0.10705712,0.08038274,0.0044425726,-0.04950594,-0.031608663,-0.014881715,0.18062072,0.16463616,0.1101048,0.14147148,0.8308688,0.094891,-0.020868884,0.06271085,0.03707322,0.006223839,0.07653564,-0.0104136355,0.13960582,0.054995067,0.082184814,0.097500205,0.034742214,-0.023884723,0.08919675,-0.029296333,0.20206311,0.2362349,0.0011067204,-0.03622803,0.12624903,-0.09872633,0.111603424,0.082708806,-0.040166374,0.20029244,-0.025795225,0.024872899,0.09630517,0.040221687,0.18835819,0.07483022,0.023147242,0.06911874,0.03805625,-0.022344248,0.13271105,0.05798437,0.00024520978,0.044886302,0.08323794,-0.0053910855,0.100858614,0.017284445,0.3019602,0.13942814,0.19132668,0.012428738,0.31487617,0.012413297,0.14442328,0.2642311,0.011748513,-0.048765566,0.19775718,0.039630715,0.112505004,0.043687735,0.15601224,0.02526199,-0.05185587,0.2186158,0.16922158,-0.04177764,0.012480248,0.048521895,0.03034562,0.28194937,0.0286202,0.03098768,-0.069411695,0.033159986,0.02107643,0.9999999,0.2836221,0.582274,-0.050542615,0.17257291,0.050879207,0.044847682,0.20239437,0.012349244,0.17957634,0.025384394,0.1646334,0.57441306,0.034427818,0.15017612,0.07663548,-0.061973013,0.23583186,0.20227313,0.028231412,0.043717217,0.16107658,0.2803335,0.07248196,-0.005352631,0.096696004,0.3006851,0.14436796,0.1761886,0.19200356,0.060018517,0.4856766,0.14005968
save,0.03120217,0.16683564,0.21467677,0.082453325,0.108462825,0.045337316,0.120056,0.38033527,0.18361925,0.13873646,0.27351147,0.03448726,0.13925149,0.035512842,0.17564636,0.32588178,0.2529363,0.099442855,0.2022675,0.20866188,0.14771575,0.042244114,0.041008458,0.1266888,0.37955475,0.16517994,0.17508194,0.20826524,0.25371924,0.08918675,0.098346755,0.18117133,0.060479112,0.12254139,0.0661308,0.037040304,0.13114262,0.22430772,0.0115111545,0.0624195,0.27918327,0.21126205,0.33621508,0.035574697,0.18199563,0.076137014,0.26058868,0.09187055,0.060127947,0.21405157,0.55400884,0.23529333,0.03636114,0.1450952,0.052103024,0.18375525,0.31382844,0.20803092,0.24897927,0.4908501,0.023850895,0.2176966,0.16742592,0.10897981,0.27224293,0.1296863,0.13648674,0.061559062,-0.012941199,0.074706435,0.21270269,0.13576965,0.176895,0.1676946,0.033974096,0.3826648,0.55644214,0.09311836,0.27655482,0.110204086,0.09291062,0.14165229,0.28546727,0.25992405,0.07557712,0.1325137,0.13205956,0.42467767,0.19973001,0.032908976,0.13255848,0.1848192,0.08836173,0.3178087,0.44922677,0.0919876,0.12822837,0.23312767,0.29533976,0.16132204,0.18406206,0.28095293,0.1817172,0.15799275,0.048499662,0.16352788,0.103181005,0.12731777,0.28922644,0.27044773,0.122496486,0.19282995,0.1895234,0.22099185,0.14619935,0.24321783,0.09139589,0.031311035,0.1422952,0.043234825,0.24549788,0.23693387,0.0062756743,0.1582345,0.35784954,-0.036791436,0.039950226,0.12709728,0.2258918,0.13334242,0.24861225,0.1068127,0.37553167,0.18982475,0.18195194,0.10063678,0.20809582,0.15550731,0.09211763,-0.018585788,0.20824242,0.23599738,0.08268409,0.30871448,0.03972647,0.2992359,0.1296496,0.07347067,0.1727738,0.23788449,0.46247867,0.1443755,0.1601125,0.32393426,0.3139772,0.18969409,0.13174185,-0.03518489,0.020294214,0.16700305,0.049508102,0.29055268,0.21745676,0.10346241,0.20982862,0.25912386,0.18335536,0.2801251,0.0773871,0.31803566,0.100400545,0.28253934,0.05486671,0.14976096,0.20054278,0.18524082,0.24459597,0.22831553,0.12732016,0.36487532,0.22935206,0.5143338,0.29932266,0.08020021,0.21542159,0.3734496,0.05475822,0.22370557,0.26140803,0.063237764,0.10652964,0.03353528,0.14192066,0.3892977,0.17197633,0.54173017,0.15657102,-0.050320275,0.07087413,0.14658314,0.0230802,0.2223278,0.24171455,0.016211977,0.17677262,0.3519614,0.101658575,0.090081275,0.1029031,0.5421148,0.22331893,0.5121251,-0.087670416,0.8634363,0.2616896,0.5543264,0.14639641,0.17178923,0.011555741,0.4794735,0.34028578,0.2305191,0.2544618,0.5037028,0.17328233,0.2344811,0.25325495,0.38178426,0.059471197,0.24061218,0.27130756,0.1890201,0.3647927,0.3382454,0.36287892,0.10149861,0.2760256,0.16809401,0.2836221,1.0000002,0.24512821,0.019194176,0.411623,0.04453269,0.22192645,0.1826897,0.04888915,0.38550338,0.31408763,0.40444592,0.36653256,0.06448409,0.2646311,0.12977076,-0.048656475,0.13560686,0.6229014,0.13154224,0.14972901,0.4876157,0.22159453,0.087198064,-0.0317783,0.3872115,0.42161232,0.2712269,0.6208832,0.5318018,0.19209523,0.37411427,0.5335182
wait,0.06601019,0.10228914,0.25991347,0.12201823,-0.016984701,0.13969357,0.0067059537,0.0850851,-0.017617118,0.057767324,0.1507475,0.15065727,0.11577568,0.109402195,0.10033765,0.09617941,0.11978526,0.03124935,0.08582762,0.114641376,0.010283664,0.005978994,0.22252707,0.038797557,0.09523177,0.072958484,0.10496791,0.18798369,0.09008165,0.010363927,0.10435018,0.07732437,-0.018161973,-0.027262328,0.009441843,0.093439564,0.010212675,0.0030678972,0.0063787457,0.052333318,0.15339729,0.07310463,0.017950132,0.14462596,0.087720245,0.06573104,0.13690023,0.012461746,0.2022914,-0.030935012,0.013022676,0.06505431,0.106637925,0.012455329,0.09518691,0.17208743,0.06141419,0.12671533,0.0760494,0.1822695,0.12630196,0.024883538,0.038438056,0.09745007,0.10805172,0.08737232,0.22528955,0.108654894,0.0864834,0.0477003,0.066053696,0.080296546,0.10305807,0.09671807,0.034908563,0.3937977,0.6054597,0.08692446,0.34713435,0.048409432,0.041990865,0.07417408,0.15890174,0.038991828,0.08114962,0.22960143,0.11063275,0.22840011,0.10821508,0.06969756,0.21034075,0.07362446,0.03929805,0.11356223,0.33062348,-0.01747356,0.00799383,0.13982414,0.092003986,0.09454192,0.07259605,0.28276455,0.11592097,0.208321,0.10191592,0.12385969,0.054423716,0.05152434,0.048007593,0.18230172,0.13451007,0.10274146,0.046522222,0.123249106,0.2762226,0.13767178,0.06378598,0.057644837,0.095270775,0.21952823,0.12410158,0.09644663,0.025966613,0.094819,0.5300362,-0.020681316,0.045862157,0.10633634,0.1824838,0.24465564,0.28812587,-0.0076943985,0.18008986,0.033902388,0.08696966,0.10017044,0.03936606,0.16448265,0.11108261,0.06417273,-0.010284962,0.11431875,0.11114386,0.08646785,0.033620413,0.085813686,0.058638506,0.04133211,0.09427837,0.096172586,0.21139339,0.04477474,0.06805591,0.24177341,-0.010517485,0.076658346,0.11724814,0.1899253,0.048054628,0.11426874,0.11250896,0.11484796,0.15592918,0.018200943,0.15880278,0.57103795,0.042438358,0.07647231,0.010492982,0.078134306,-0.0077264737,0.20481822,0.06966721,0.108943544,0.09922773,0.12633997,0.12343308,0.13010004,0.042104226,0.11332952,0.014375489,0.21782771,0.2431941,0.024591923,0.032609556,0.12939586,-0.033451136,0.06973416,0.09534909,0.06890286,0.16295803,0.07245426,0.05431764,0.0575458,0.050275676,0.2447125,0.12503162,0.13977541,0.062000588,-0.03300725,0.030944768,0.06320977,0.1189666,0.03269183,0.060473762,0.09127781,0.082105495,0.16231157,0.12661266,0.21199471,0.1849152,0.24646229,0.17318356,0.33608878,0.06908158,0.20106271,0.2552902,0.037948336,-0.00220413,0.27006063,0.11388706,0.1484414,0.089053504,0.25202107,0.05763027,0.0545933,0.2598545,0.30669957,0.022379793,0.09934508,0.082096264,0.096920565,0.3812554,0.08991525,0.09061527,0.013090144,0.06250528,0.08070201,0.582274,0.24512821,0.99999976,-0.043576226,0.23273124,0.21838933,0.078264125,0.16699919,0.077871844,0.22868064,0.083851665,0.18514553,0.5061052,0.15480325,0.14329168,0.17103438,0.0020724256,0.1771881,0.2243379,0.07116154,0.058254495,0.22521192,0.3198681,0.11828086,0.11957798,0.14600924,0.30705595,0.11389678,0.16227493,0.24141634,0.08337773,0.34131593,0.20111632
wok,0.27538157,0.06704086,0.107326426,0.18086225,0.12596254,0.13402241,-0.012572931,0.08766067,0.14161979,0.16411081,0.17161787,0.27144822,0.12540594,0.33069378,0.109372735,0.007340667,0.101336986,0.14423166,0.23101579,0.09811579,0.20162942,0.0038242843,0.41286528,0.13560146,0.15757295,0.15898703,0.19589452,0.30715826,0.049856562,0.22298044,0.1458206,0.12526716,0.55385303,0.16916424,0.34921795,0.29244792,0.045827944,0.35464746,0.42746234,0.37287787,0.08630137,0.40045923,0.1666462,0.28648582,0.26887974,0.115887776,0.03542779,0.13198477,0.27201945,0.35207835,0.07869041,0.2881221,0.12935661,0.23653732,0.18467838,0.21884248,0.03225102,0.3031215,0.18617158,0.11383484,0.46290314,0.115325816,0.20631836,0.18775204,0.20887902,0.100173905,0.12466229,0.25961423,0.24420482,0.22233424,0.15686676,0.26662484,-0.07092142,0.13655949,0.11780547,0.13706711,-0.01135895,0.108646944,0.24614352,0.1181385,0.1161529,0.060245525,-0.034584656,0.01138126,0.18078688,0.15767552,0.33522123,0.119907595,0.13806018,0.12183964,0.3001527,0.11416507,0.034708545,0.124203235,0.08326161,0.11767219,0.116353616,0.17769274,0.15118104,0.0307837,0.20055224,0.0016684402,0.08413993,0.12268612,0.094220586,0.11284156,0.050879527,0.18507124,0.06811497,0.15811205,0.07729907,0.30637437,0.1574097,0.07525906,0.06324574,0.21174747,0.147731,0.09725717,0.069722384,0.4435223,0.28711915,0.2417016,0.3992734,0.094136186,-0.07463123,0.07372719,0.15544374,0.21135779,0.25272194,0.090473644,-0.09030601,0.08232267,0.19547525,0.11218905,0.019255694,0.018491682,-0.024529828,0.11671876,0.17464863,0.4324742,0.4828946,0.11542444,0.1912008,0.15523855,0.29869294,0.0937554,0.1037839,0.14403546,0.37428942,0.16462249,0.049413525,0.07905047,0.23530135,0.13912962,0.123400785,0.11873629,0.21966611,0.33467057,0.67051303,0.25348818,0.099205315,0.107203744,0.11160773,0.13904844,0.067687206,-0.06417008,0.29044998,0.07545452,0.13485292,0.14806575,0.0060022594,0.238356,0.23931067,0.1031945,0.10911905,0.08877938,0.15722907,0.2007179,0.11352409,0.19558732,0.14416066,0.1816178,0.1393826,0.16574791,0.29394746,0.039816167,0.2176269,0.17035058,0.06315941,0.34492245,0.21085021,0.30064565,0.14141552,0.17904736,0.262241,0.08042109,0.25403112,0.40025547,0.17786033,0.03616762,0.051435627,0.22172232,0.19270849,0.29909694,0.10063081,0.18816708,0.13913402,0.081556305,0.24402082,0.104789406,0.18421996,0.099062584,0.3409741,0.10168596,0.092329845,0.07688404,0.21060875,0.17562976,0.18096979,0.01326419,0.19905421,0.029331967,0.082070045,0.0899219,0.09161116,0.13707319,0.19700554,0.101283185,0.44593185,0.13743536,0.12746483,0.21334863,0.064025514,0.16534248,0.127442,0.18681625,0.3408361,0.07987415,-0.050542615,0.019194176,-0.043576226,1.0000001,0.038175292,0.34411985,0.17648584,0.050584987,0.12953003,0.119191095,0.2170324,0.045492668,0.20191595,0.32684165,0.13532522,0.4965926,0.52508783,0.048135296,-0.050933026,0.0970843,0.2622521,0.04121221,-0.019824825,0.13908564,0.36846972,0.27709803,0.1580663,0.14366245,0.040367477,0.18836814,0.18090479,0.05494294,0.02059285
open,0.17729202,0.36244652,0.16296306,0.17097555,0.1756819,0.23365383,0.1037437,0.36508918,0.17629904,0.16237715,0.3958778,0.111532934,0.19886428,0.08397493,0.27001882,0.29746053,0.29229617,0.11042842,0.21916047,0.14484672,0.2598147,0.14374608,0.07428679,0.10823929,0.21231318,0.13091545,0.23935184,0.19588286,0.41113475,0.16599543,0.31479758,0.2611333,0.10621911,0.13012843,0.15661423,0.25870007,0.14042848,0.14319052,0.10462786,0.14947502,0.4241981,0.29063675,0.17623593,0.16252778,0.24159724,0.23275717,0.38023564,0.079732254,0.08779256,0.18942238,0.12942667,0.25222856,0.13921294,0.13015631,0.22141904,0.2004272,0.2228452,0.19605204,0.34008822,0.48183662,0.116272554,0.41430098,0.12811296,0.2212263,0.20184462,0.097461164,0.15393814,0.13388845,0.06487901,0.06001998,0.18996078,0.2795455,0.14563328,0.25243464,0.19787914,0.3229848,0.49008623,0.15538737,0.39052898,0.08580691,0.12684235,0.39285567,0.30244365,0.31405193,0.17304768,0.27198163,0.21821634,0.5918421,0.35688332,0.11221067,0.35830233,0.19160226,0.12875406,0.44680488,0.5038693,0.0068762125,0.29920417,0.15049534,0.16127512,0.2133685,0.14657936,0.40565187,0.22148153,0.23449996,0.23334557,0.059636667,0.3147353,0.24890079,0.4062431,0.28128958,0.17219189,0.155644,0.065634824,0.17951214,0.16815262,0.24737233,0.15801848,-0.0012604948,0.28356278,0.1853965,0.581771,0.2832837,0.108399004,0.2399177,0.26573333,0.081031926,-0.006126522,0.20703766,0.45469943,0.19360721,0.30039367,0.26958126,0.2999177,0.20758599,0.31808722,0.19767824,0.47356123,0.2429148,0.21149024,0.15685102,0.1253092,0.19309759,0.16642207,0.24060303,0.116431296,0.35247356,0.23595245,0.16673316,0.18460307,0.20452943,0.4792112,0.13412133,0.18087944,0.41132003,0.22299871,0.24423668,0.25210068,0.15407576,0.10203021,0.13050985,0.113645725,0.27350163,0.21261267,0.16150776,0.46431702,0.1941419,0.31226498,0.21282306,0.17092754,0.3660521,0.18462695,0.31269634,0.2212576,0.20197982,0.09248263,0.21116126,0.41117823,0.27194172,0.21462712,0.32968432,0.1471188,0.48228905,0.24265367,0.056770608,0.14833231,0.70210254,0.12366473,0.27499187,0.07314605,0.1303772,0.3654133,0.123519704,0.039826293,0.2780652,0.14155057,0.46534982,0.281116,0.062622875,0.4327762,0.006653326,0.105063155,0.3522296,0.2738849,0.12996587,0.09559674,0.2157176,0.33096117,0.17050996,0.1478355,0.27334923,0.17248896,0.53809965,0.13743633,0.4564162,0.3792351,0.47146535,0.35379845,0.22750914,0.0746222,0.44762662,0.29181376,0.21573249,0.28672057,0.45141172,0.34716195,0.3570904,0.4051984,0.38031363,0.11871775,0.18621032,0.31215262,0.12518999,0.4349677,0.27110243,0.4036327,0.19142559,0.19950238,0.14332625,0.17257291,0.411623,0.23273124,0.038175292,1.0000001,0.14852482,0.23659584,0.25046477,0.120520316,0.45865887,0.2556249,0.26911432,0.35115784,0.10975495,0.41237378,0.23479928,0.054997727,0.17297715,0.56862223,0.32503632,0.15578067,0.4378517,0.1892764,0.13395357,0.13603012,0.38114753,0.5011966,0.26121598,0.6078056,0.45355564,0.2553787,0.21238582,0.46579662
stew,0.42749968,0.17336628,0.37298048,0.21617395,0.14807245,0.18465337,0.06488536,0.11149045,0.060987726,0.2284642,0.082728736,0.3934191,0.10044633,0.35984212,0.15020394,0.2852448,0.30888566,0.11861016,0.3181594,0.46100187,0.21727419,0.19809294,0.4793877,0.29782897,0.20533401,0.21857962,0.4179388,0.44596362,0.33343032,0.32377267,0.44778925,0.25875634,0.2731579,0.1616885,0.3480107,0.3409717,0.2003287,0.17999259,0.34464234,0.32633847,0.260707,0.37962514,0.28405565,0.5437677,0.43335629,0.20478609,0.21494286,0.11448955,0.38049078,0.24753171,0.04839542,0.30949202,0.07191221,0.21631312,0.4738134,0.43400055,0.18911636,0.27943373,0.16033816,0.20623821,0.4852686,0.1275593,0.13819627,0.2775995,0.2410537,0.100090824,0.41331753,0.17620412,0.34760016,0.314255,0.3070141,0.21657813,0.065454915,0.10622896,0.11491553,0.30304396,0.2564525,0.39368272,0.33337125,0.12613274,0.18133521,0.32467145,0.24498409,0.15945469,0.11643344,0.38835138,0.6283126,0.3032908,0.35728756,0.35134393,0.2771815,0.32315174,0.05766549,0.22482674,0.2745408,0.27036947,0.050912593,0.27336705,0.4567306,0.29853418,0.34047922,0.21392192,0.018827152,0.34428656,0.40519935,0.020042118,0.30642003,0.15312451,0.13891701,0.12902531,0.2631487,0.35787407,0.06815054,0.20071769,0.20564151,0.3808721,0.18343127,0.09775386,0.1616735,0.8587663,0.38137805,0.2707628,0.5003222,0.23422308,0.06830547,0.1149376,0.039978255,0.3071568,0.39133316,0.21247435,0.14779669,0.14816359,0.17927685,0.13282797,0.1376757,0.22362062,0.013852025,0.3539858,0.17354426,0.7563007,0.30409056,0.17144369,0.13717717,0.16511913,0.38826978,0.43710017,0.19040148,0.07319167,0.49648562,0.43559188,0.17051724,0.16853862,0.380582,0.15296584,0.067814454,0.32359576,0.3316262,0.6750585,0.5547814,0.12630402,0.050666723,0.31335136,0.09332009,-0.010726394,0.1049169,0.14379205,0.1020708,0.15514001,0.098829955,0.17309278,0.12521483,0.3250634,0.15518174,0.26784858,0.12892269,0.16174299,0.3404085,0.37839907,0.17281806,0.1766101,0.2841245,0.3031866,0.2585017,0.09139973,0.34151268,0.09423026,0.2701258,0.3396238,0.25576484,0.5697825,0.1829852,0.5406109,0.01759525,0.15051703,0.11396578,0.08467272,0.2415016,0.6120668,0.023845157,0.11634028,0.14623415,0.25943452,0.38013458,0.19501647,0.14417085,0.17740545,0.19377619,0.28464139,0.45136422,0.18224177,0.32497054,0.18374328,0.62860537,0.10823099,0.09777227,0.103740826,0.32528043,0.19867137,0.18782021,0.1602643,0.19808963,0.24661776,0.2245129,0.304221,0.10477011,0.18003897,0.4191994,0.2215054,0.48269218,0.16990155,0.18519844,0.14989805,0.21819201,0.12706998,0.10231513,0.23561966,0.16814663,0.39068386,0.050879207,0.04453269,0.21838933,0.34411985,0.14852482,0.9999999,0.3004352,0.16243878,0.3171104,0.2376763,0.14091551,0.15001388,0.32378995,0.42222995,0.092122704,0.55440176,0.48695093,0.0030517764,0.07333032,0.36526382,0.5306589,0.22001506,0.030638946,0.13980587,0.54588664,0.34939727,0.18735231,0.25941375,0.051987186,0.18729907,0.2763025,0.15940553,0.14311834
blend,0.08994625,0.13424665,0.33133104,0.12923476,0.22217816,0.11767261,0.082560055,0.33954176,0.17612556,0.61030304,0.07351055,0.04331794,0.26198485,0.47529054,0.20583752,0.35380715,0.21950303,0.047543444,0.18426515,0.20643431,0.16562793,0.12983735,0.048570953,0.1789907,0.003490787,0.16414,0.27753127,0.2599605,0.40385002,0.14103347,0.204703,0.33073598,0.07388093,0.11223103,0.16424158,0.05441443,0.26708847,0.20665646,0.036685526,0.16361076,0.5626306,0.35965955,0.11738451,0.26719284,0.30218273,0.23102778,0.111111686,0.03360433,0.12218556,0.45836234,0.014974214,0.19719642,0.16576873,0.3585962,0.13356006,0.2100565,0.28287828,0.18023574,0.19874865,0.36444277,0.15958083,0.0788023,0.22012705,0.083014295,0.39954245,0.15512073,0.3523299,0.15701614,0.09934674,0.018287592,0.27022073,0.15471804,0.17997195,0.29631406,0.02719892,0.15173694,0.34351104,0.32064837,0.13436884,0.22476718,0.23890547,0.16096969,0.3318979,0.42093593,0.113187484,0.24088016,0.21760996,0.3452587,0.3701725,0.44852033,0.06385459,0.3582015,0.22666526,0.3718229,0.5490389,0.004398184,0.12695074,0.23989639,0.43040055,0.6545197,0.29109028,0.16506165,0.29339308,0.48677742,0.18206081,0.13161306,0.15172176,0.1401447,0.35012302,0.102438375,0.33332038,0.23268935,0.3283376,0.7047111,0.25658187,0.40129632,0.13269535,0.07035579,0.023213262,0.27738854,0.056804687,0.34979177,0.09906218,0.27726793,0.12420067,0.21900444,0.05512674,0.28831005,0.062185228,0.34695977,-0.03803463,0.18139102,0.39519203,0.29670236,0.42207462,0.1038162,0.100874625,0.36581928,0.2935707,0.27994162,0.31833526,0.40473938,0.046670936,0.37716892,0.056216944,0.42805648,0.32849792,0.2205134,0.13163061,0.16729291,0.2805872,0.08700389,0.41408604,0.23154758,0.316388,0.71457696,0.4170444,0.1854034,0.15243146,0.065476686,0.04745956,0.59395427,0.28372192,0.27912226,0.12714875,0.016031057,0.15319616,0.6193267,0.12638627,0.49849463,0.23802626,0.46580204,0.10136506,0.5347935,0.2520375,0.15544143,0.3194317,0.48639166,0.2968693,0.4452579,0.14557233,0.39475787,0.11690146,0.2722091,0.26318103,0.10738877,0.35197365,0.1658492,0.22058973,0.30760103,0.17005664,0.12901737,0.19776097,0.259448,0.12700891,0.28270632,0.120421305,0.1231736,0.0573159,0.17015737,0.07272859,0.33530226,0.8365871,0.14006369,0.15857053,0.2148862,0.055219285,0.29306617,0.18988307,0.044863563,0.17775069,0.19363314,0.21532789,0.34145576,0.23036915,0.40810442,0.07989114,0.44553316,0.25085425,0.25150922,0.42906743,0.5949012,0.8353517,0.51549214,0.057479415,0.27051222,0.2627871,0.5492122,0.19462481,0.325418,0.33903736,0.31049526,0.21916793,0.4501512,0.4331075,0.26219755,0.33403894,0.3028682,0.044847682,0.22192645,0.078264125,0.17648584,0.23659584,0.3004352,1.0,0.14252341,0.14989483,0.71609604,0.39534497,0.22739168,0.17913005,0.12748057,0.0097207185,0.35850465,0.17020692,0.0065972065,0.31516695,0.2165831,0.16880979,0.43000495,-0.0052348636,0.19514868,0.108513094,0.332125,0.2843067,0.6653731,0.24593273,0.30314028,0.80758584,0.07156341,0.61605006
touch,0.11242515,0.060267635,0.25798547,0.1944722,0.15676305,0.16595027,0.1184873,0.18653673,0.09217027,0.099740155,0.17868733,0.18063943,0.16134116,0.034299307,0.25518066,0.17137283,0.17075226,0.035659995,0.08972335,0.19410351,0.08818588,0.16015236,0.05882303,0.0435302,0.016725548,0.19047582,0.1367774,0.1389522,0.47658202,0.1396728,0.15552184,0.16835062,0.08458339,0.15404361,0.14534691,0.040006913,0.017327188,0.19065204,0.028403293,0.17819512,0.27680513,0.16176352,0.1117928,0.020703457,0.18716466,0.24194019,0.074335694,0.006707063,0.035627205,0.07274079,-0.017173575,0.2151063,0.014518272,-0.002537556,0.038746256,0.042799253,0.12954247,0.06841873,0.1551783,0.2278029,0.031247452,0.06147458,0.15880184,0.02650125,0.11342429,0.13859883,0.06347986,0.17155531,0.07398268,0.12023844,0.11474893,0.16524324,0.06996471,0.057902403,0.1281598,0.1423631,0.2457144,0.26488167,0.31793046,0.22570547,0.25070864,0.22655371,0.13039887,0.2754648,0.16176675,0.20481183,0.19811717,0.4632163,0.16188723,0.19607437,0.21957272,0.16080886,0.30310452,0.2620252,0.42941105,0.2025862,0.30800748,0.09253026,0.20989668,0.08627122,0.17843658,0.36051512,0.08427007,0.16858883,0.08541812,0.07168966,0.2106874,0.08442408,0.088765725,0.27896363,0.12825625,0.03459207,-0.01992143,0.12642989,0.36307865,0.157889,0.2614467,0.025974207,0.007827332,0.13886762,0.12986419,0.18967858,0.05456578,0.26539436,0.14679329,0.11014034,-0.032642514,0.15692554,0.16606548,0.28691489,0.16721745,0.2271589,0.16564122,0.24043384,0.12172932,-0.03681376,0.21771279,0.40050998,0.4684381,0.11228363,0.20614792,0.1514574,0.037264183,0.09238774,0.030850578,0.18636063,0.26033005,0.08210944,0.017566286,0.097306035,0.18150748,0.30482435,0.18092453,0.2512577,0.23242202,0.17592004,0.18852265,0.084206335,0.035081573,0.030961875,0.06968488,0.22021711,0.22271669,0.19889723,0.27381414,0.21138021,0.19899707,0.06793592,0.04458286,0.061339103,0.19585827,0.020731423,0.2007148,0.27790046,0.016467568,0.28475124,0.1887081,0.22263548,0.14975779,0.021365369,0.04250144,0.31204298,0.30247068,0.042505547,0.110367835,0.28226912,0.13597894,0.38424158,0.14839254,0.10084474,0.39491463,0.080365196,-0.035523355,0.0023066476,0.0791542,0.2551036,0.1411746,0.0267988,0.15920347,-0.00016847998,0.24240422,0.4072898,0.16076446,0.10449767,-0.037483916,0.042792443,0.16892439,0.17744657,0.17801018,0.1690597,0.2167583,0.34324634,0.05669882,0.18417919,0.28475416,0.2405183,0.13590029,0.10539472,0.14691381,0.28385437,0.05477846,0.19518518,0.11892629,0.2898056,0.1954194,0.14846303,0.40451628,0.31675944,0.1317147,0.1426316,0.23205677,0.10328202,0.3979836,0.02595539,0.08521177,0.17920956,0.020260027,0.18799189,0.20239437,0.1826897,0.16699919,0.050584987,0.25046477,0.16243878,0.14252341,1.0,0.11177191,0.4145261,0.09524551,0.45079786,0.19803312,0.08461481,0.12222457,0.16680002,0.1043047,0.23505573,0.26377195,0.23312196,0.12365758,0.3396509,0.29782593,0.2086839,0.047979854,0.27698272,0.39889556,0.24994518,0.35529327,0.20533243,0.09171737,0.26279825,0.2567204
cool,0.18283069,0.1862464,0.14229476,0.10990097,0.06853013,0.11454101,0.03520411,0.1517378,0.07661036,0.13567328,0.2124408,0.10555668,0.17710298,0.1953345,0.0049528405,0.22150181,0.091343716,0.07688621,0.29500413,0.07863658,0.24755496,0.05801501,0.22267826,0.11873302,0.3418071,0.0802683,0.32600647,0.11905932,0.25490135,0.2741421,0.34530884,0.06682719,0.10096964,0.103084534,0.079367146,0.18777508,0.1354589,0.12338798,0.25597447,0.18549916,0.2571228,0.18307781,0.60586417,0.18184617,0.17436656,0.05095753,0.30065316,0.08028646,0.24377048,0.01448198,0.12493283,0.116380975,0.1379168,0.14233144,0.1626724,0.4815568,0.16966175,0.2831062,0.16675568,0.19620605,0.2336297,0.133266,0.09587487,0.26349628,0.07209848,0.09586424,0.59655,0.12861782,0.19662097,0.2068252,0.09927537,0.105231255,0.12558183,0.11799927,0.15482342,0.07332309,0.18864006,0.3147326,0.26249856,0.14378619,0.17663586,0.13776076,0.14011827,0.15926681,0.119087726,0.18970439,0.1893233,0.22855821,0.2778083,0.28367725,0.17585775,0.20990384,0.11599108,0.14028439,0.19156265,0.25772944,0.055803366,0.10308518,0.10911943,0.14343736,0.25770968,0.09541564,0.14037277,0.19841337,0.18629253,0.1438359,0.18290342,0.13563575,0.20017675,0.11797359,0.22119363,0.16937111,0.13988927,0.13900553,0.071675725,0.22691408,0.10713529,0.042501073,0.3226245,0.33962795,0.24076992,0.10501342,0.21840973,0.04055111,-0.028247807,0.1798026,0.042518683,0.28279644,0.26881522,0.060639508,0.28372067,0.07336625,0.073568545,-0.028279297,0.07688168,0.25069115,0.1556379,0.16468108,0.1325216,0.2770856,0.10841017,0.14905551,0.17651458,0.08839758,0.3110735,0.23598346,0.18393399,0.18041393,0.44129258,0.10645263,0.13007435,0.16989473,0.18280783,0.18499443,0.08643593,0.26671305,0.22568578,0.3644014,0.15032516,0.0034468397,-0.033382066,0.21491614,0.11237541,0.16569941,0.19030818,0.09717293,0.08704795,0.10941503,0.024186872,0.20167232,0.024445806,0.082847536,0.10647156,0.112706885,0.17957613,0.086348295,0.13320318,0.188863,0.086459056,0.17197296,0.7214895,0.20086786,0.07556018,0.17050943,0.0049840333,0.14040878,0.11907169,0.1619445,0.17088349,0.38997608,0.13314551,0.17912751,0.11628993,0.17331353,0.04914952,0.15378946,0.15624826,0.25195375,0.11246754,0.02829657,0.112133466,0.16755778,0.14230631,0.037654214,0.074495755,0.099384435,0.09221867,0.2011716,0.32292622,0.338794,0.10829482,0.1475239,0.217984,0.0853159,0.05032299,0.13870737,0.14662133,0.18292752,0.0930035,0.17324392,0.20490931,0.10839926,0.14552243,0.07598192,0.08600599,0.13549338,0.16000372,0.19558403,0.17177281,0.17298254,0.13658506,0.23035988,0.14537218,0.13264465,0.12978166,0.08978862,0.12660544,0.2342397,0.012349244,0.04888915,0.077871844,0.12953003,0.120520316,0.3171104,0.14989483,0.11177191,1.0000001,0.18041918,0.12483212,0.03641655,0.25296634,0.36340857,0.23616251,0.24630514,0.20335218,0.105192386,0.056121178,0.2264806,0.6604792,0.13479595,-0.019526169,0.08480225,0.46542728,0.26720965,0.24179602,0.18517482,0.089098275,0.16793707,0.13412246,0.13150291,0.09267047
toss,0.13146262,0.23091346,0.36612755,0.18284553,0.27207178,0.22567886,0.08426287,0.36258775,0.12731487,0.5235712,0.26261237,0.1580744,0.34356916,0.44386572,0.3277257,0.33203086,0.25682563,0.1060923,0.1767799,0.23222128,0.14993724,0.161672,0.035269212,0.1872865,0.07850972,0.19937132,0.22876278,0.2043486,0.59580326,0.11857565,0.24608949,0.28234926,0.036979057,0.1365852,0.13297705,0.14589229,0.2217094,0.21769255,-0.05927271,0.18558802,0.6311155,0.3348056,0.11599034,0.16387191,0.3402483,0.28057593,0.18820466,0.083450496,0.08570868,0.39939326,0.01963114,0.2905525,0.12845738,0.27326813,0.17958185,0.19695267,0.3177933,0.15184522,0.26552397,0.5498732,0.08589636,0.16349107,0.24509516,0.12751059,0.39404142,0.15575618,0.3597507,0.22118962,0.11460333,0.010468025,0.2719426,0.20087463,0.26537415,0.29124033,0.12485458,0.28599873,0.5214905,0.40573007,0.3558867,0.19007117,0.1638511,0.2486282,0.41007695,0.4284973,0.26718313,0.26328558,0.24445285,0.662175,0.36671704,0.38567686,0.2543112,0.34956527,0.31378585,0.38992947,0.8390944,0.08403574,0.22597465,0.22491108,0.43011418,0.5357644,0.31128955,0.41892666,0.2993471,0.2780152,0.22427173,0.10723859,0.2185291,0.20485553,0.28608555,0.33370084,0.37810612,0.16439417,0.19819391,0.62173486,0.47490466,0.37640455,0.18593235,0.09322536,0.05296181,0.23749219,0.1950979,0.39228377,0.12064852,0.31708494,0.31318527,0.19047019,0.02601474,0.28195786,0.21020928,0.51458275,0.16032322,0.2575786,0.5115273,0.2835477,0.37124273,0.09064104,0.19309658,0.4737255,0.4510821,0.2504205,0.29269612,0.45091528,0.04088185,0.3898067,0.026108135,0.41828644,0.43511975,0.23458222,0.15065567,0.15791756,0.4834842,0.1874314,0.43193537,0.43194234,0.29636708,0.65857476,0.52402043,0.16727741,0.0745846,0.111732006,0.090919256,0.58645844,0.4202804,0.2851916,0.3396855,0.18750624,0.29190713,0.49244246,0.12735231,0.45800543,0.2371985,0.4452615,0.19390881,0.455756,0.20285892,0.25072592,0.35591537,0.5514553,0.30571422,0.38925827,0.15165572,0.6354819,0.22670755,0.16224572,0.24541083,0.28572112,0.271922,0.3547694,0.2589084,0.23565906,0.45741183,0.1010587,0.07138939,0.25584042,0.19000912,0.49995503,0.13465708,0.042789385,0.18313542,0.10588276,0.13685238,0.5268012,0.67884034,0.14576478,0.1584107,0.2753415,0.13516188,0.3741285,0.24696665,0.2363089,0.19323307,0.37830788,0.1579733,0.48227805,0.3889367,0.52577424,0.24527252,0.3939774,0.1768346,0.45091492,0.38543785,0.55360484,0.72936106,0.61851084,0.14438546,0.27859697,0.43160117,0.6761179,0.13607761,0.40544826,0.39453545,0.28181648,0.5537686,0.37494382,0.38811472,0.32363164,0.28410757,0.34284574,0.17957634,0.38550338,0.22868064,0.119191095,0.45865887,0.2376763,0.71609604,0.4145261,0.18041918,1.0,0.35190633,0.36200225,0.3429592,0.107607365,0.118127614,0.37873566,0.08977254,0.21842621,0.45645404,0.29453182,0.2171835,0.5932198,0.17414512,0.20270848,0.15681657,0.46475202,0.52494293,0.6817813,0.49261293,0.49497008,0.71865773,0.2701133,0.74446815
cut,0.09892905,0.11416004,0.08899187,0.2575057,0.11463116,0.115272865,0.13046142,0.46212393,0.08329213,0.27852392,0.2157158,0.21074364,0.34872344,0.14508387,0.2955116,0.20562916,0.1601817,0.1282833,0.20660041,0.086221896,0.23758623,0.04494731,0.11632353,0.117872864,0.19625294,0.10517805,0.19016086,0.19220932,0.3132965,0.13356346,0.10561058,0.23483384,0.30517024,0.35122082,0.13278763,0.16839275,0.1869824,0.4367132,0.15282442,0.10250273,0.4687862,0.27263412,0.13919659,0.11090593,0.16973625,0.053681597,0.2171714,0.10910137,0.02874307,0.33635122,0.13315715,0.30948317,0.45707035,0.4262034,0.0821293,0.18001865,0.2566241,0.4196934,0.25926816,0.36763066,0.18922234,0.28768814,0.43422586,0.23936044,0.28700998,0.5229682,0.18728112,0.3419414,0.09154117,0.10534173,0.18188804,0.29975075,0.11876823,0.6841352,0.15217358,0.17602587,0.28846002,0.040363096,0.17945087,0.57044435,0.48526186,0.092473306,0.0983703,0.3321634,0.20344806,0.09176663,0.1548256,0.36799726,0.13301745,0.11851157,0.17329788,0.073645785,0.14232498,0.34292024,0.33856598,0.07951291,0.16917007,0.23318584,0.23230016,0.17546067,0.18707918,0.20152181,0.49990624,0.49285638,0.032573093,0.51748896,0.018770773,0.36121488,0.5474653,0.23100251,0.18804196,0.70117617,0.72906667,0.31719056,0.13703299,0.22580329,0.1797984,0.061855502,0.14716089,0.16481657,0.13633198,0.4943263,0.1272183,0.06570037,0.08360855,0.19498864,0.34820914,0.17709765,0.037236415,0.14601347,-0.07997859,0.07202511,0.38738698,0.10297002,0.3174029,0.045030005,0.27929223,0.14636248,0.17239453,0.13326497,0.2919039,0.25213975,0.36309844,0.33075148,0.10655812,0.18821886,0.16104183,0.3229082,0.1722292,0.18525301,0.37008488,0.19354773,0.2202779,0.30900562,0.48102176,0.21219072,0.18412709,0.030328345,0.14418566,0.3648097,0.2622645,0.29596496,0.14622912,0.64311826,0.27296227,0.021269897,0.32681844,0.31005266,0.3519765,0.540178,-0.054507032,0.40330827,0.34486046,0.30068618,0.15549436,0.37699628,0.37636533,0.217781,0.13554919,0.8237151,0.21969403,0.40596187,0.10972731,0.6280886,0.2749973,0.29164487,0.15412895,0.18345758,0.037226073,0.12528878,0.1974132,0.06896757,0.7226713,0.2829163,0.29757622,0.30697137,0.2900183,0.1324442,0.26905796,0.24249047,0.11579757,0.3098857,0.35649893,0.21569195,0.1371697,0.34175134,0.23200282,0.16192925,0.21443373,0.15022674,0.12900198,0.25407276,0.035581872,0.4615956,0.45048177,0.48213792,0.20420751,0.3937202,0.16506246,0.31088874,0.79948294,0.2169114,0.3683041,0.3083613,0.29431006,0.2547645,0.07984629,0.29806006,0.17501155,0.23397234,0.32136557,0.66766053,0.22963542,0.8963462,0.7938125,0.15257931,0.8103505,0.004107284,0.025384394,0.31408763,0.083851665,0.2170324,0.2556249,0.14091551,0.39534497,0.09524551,0.12483212,0.35190633,0.99999994,0.15705219,0.23129724,0.052930146,0.011626743,0.2654742,0.14361273,0.0523658,0.3460489,0.049367663,0.13047533,0.28590453,0.044714365,0.14014116,0.12689231,0.38564306,0.34708494,0.33807963,0.38149267,0.3599081,0.31592268,0.12002168,0.39284152
taste,0.14849904,0.024820475,0.1277559,0.04282613,0.11858052,0.05380315,0.13393164,0.32627028,0.15622187,0.17340457,0.149355,0.14367267,0.087609924,0.07797678,0.13061269,0.3856621,0.17475867,0.023991562,0.39461917,0.36406684,0.16357706,0.15879826,0.08890386,0.19877687,0.13461709,0.068392,0.10318785,0.25284618,0.35536915,0.31167328,0.1176663,0.10567017,0.09734839,0.1449143,0.14159608,0.18436842,0.0589213,0.21742952,0.11182025,-0.024029467,0.28370136,0.19303858,0.11291729,0.046545744,0.23923162,0.20391658,0.17881463,0.01887459,0.1428626,0.17361872,0.10954719,0.084434494,0.018602204,0.077145346,0.112128735,0.19588035,0.51835775,0.18379027,0.20670569,0.267812,0.0937415,0.080898814,0.09933971,0.056316394,0.32894516,0.08527386,0.13626097,0.08685768,0.14163715,0.0812237,0.27123007,0.17024031,0.2530071,0.011068582,-0.069025144,0.2814573,0.3548639,0.14345667,0.26997295,0.064500384,0.308592,0.09067081,0.16160548,0.21129891,0.026758015,0.08432073,0.15359497,0.30873537,0.080154255,0.14435503,0.21719265,0.15361235,0.16366762,0.25476757,0.36851162,0.0711862,0.13856618,0.31981325,0.44024646,0.055966325,0.31962013,0.3466078,0.11097625,0.15500192,0.07082755,0.1234965,0.098406255,0.12365859,0.14912891,0.25673085,0.11842484,0.17278796,0.07367051,0.33270133,0.14556965,0.18156508,0.17420168,-0.047046196,0.090169325,0.12634727,0.2539107,0.25305828,0.06428052,0.21238363,0.27228698,0.009115517,-0.017647684,0.33855766,0.23161319,0.16490847,0.08303261,0.13271672,0.2732519,0.2453126,0.1584957,0.10122359,0.08422603,0.22822785,0.21848115,0.072180085,0.1571517,0.36166832,0.038313545,0.32991445,0.1543022,0.33211723,0.19565031,0.0051362775,0.16178602,0.18316743,0.22139034,0.100501746,0.15428185,0.28107357,0.3287459,0.15259868,0.13502215,0.0760561,0.033957157,0.09394804,-0.020816732,0.11197057,0.2099629,0.007911568,0.11821952,0.0888494,0.16518307,0.17791322,-0.025750972,0.18413587,0.17671177,0.270723,0.037721448,0.16790596,0.07923764,0.1267412,0.1483761,0.23054716,0.18067828,0.13691127,0.14968511,0.35169202,0.6058688,0.11987436,0.16779843,0.2757542,0.094372675,0.3847621,0.09991768,0.11949255,0.15170228,0.07681496,-0.0021171193,0.12556338,0.06847765,0.3475358,0.14988917,0.04994388,0.02195192,0.047100328,0.054422796,0.19768964,0.23195794,0.04148962,0.15692572,0.17370963,0.08512021,0.12984407,0.08900773,0.25730404,0.48287705,0.30193067,0.053976357,0.39920083,0.12955922,0.32919437,0.29614946,0.20568165,0.0808025,0.27422726,0.15207183,0.23510459,0.19716218,0.3839965,0.13260347,0.18382992,0.20931445,0.263869,0.09455635,0.35960507,0.35188058,0.06819489,0.2536945,0.15343648,0.15778148,0.10755184,0.10758565,0.15694264,0.1646334,0.40444592,0.18514553,0.045492668,0.26911432,0.15001388,0.22739168,0.45079786,0.03641655,0.36200225,0.15705219,1.0000001,0.2559684,0.21391022,0.14362684,0.10856106,0.049506642,0.11705545,0.36293393,0.13015872,0.14843582,0.32679212,0.3354569,0.14406529,0.06849148,0.3903045,0.27076265,0.13992697,0.32963604,0.3384043,0.135606,0.13392578,0.38557115
rest,0.32555866,0.26846737,0.3112688,0.25127232,0.12890159,0.2912366,0.07913594,0.16801308,0.041296646,0.18214335,0.43090463,0.33068174,0.20471254,0.25294665,0.2800833,0.17540263,0.28733018,0.1973566,0.35679674,0.2399105,0.2312836,0.026927702,0.33167028,0.22559036,0.3437372,0.16762283,0.14882682,0.3708453,0.25322482,0.14922363,0.14338689,0.0728572,0.2501308,0.3520341,0.24783817,0.38600916,0.09804104,0.28894067,0.25916374,0.29022858,0.32732034,0.23857409,0.20924544,0.29698995,0.2698462,0.13698089,0.353709,0.19580162,0.31080216,0.186245,0.31191579,0.38648567,0.14759642,0.28985193,0.29411566,0.36998117,0.22299242,0.23538622,0.3360328,0.42001116,0.3816515,0.32156143,0.18133107,0.19933927,0.23712626,0.017319977,0.29899818,0.15414152,0.2500043,0.14736898,0.27580196,0.379528,0.17091088,0.10464196,0.114905894,0.646355,0.6548847,0.12924987,0.6736648,0.06733264,0.11948167,0.1099535,0.08717616,0.049708392,0.24515536,0.1880827,0.31395006,0.5163921,0.20793653,0.09472057,0.488459,0.12436412,0.021360118,0.13862051,0.4653902,0.17568809,-0.008657359,0.28006864,0.23215903,0.15522607,0.22345011,0.22995698,0.06778565,0.18028167,0.18558785,0.16175476,0.05797417,0.3463651,0.07845954,0.24646993,0.21271554,0.32640713,0.09471257,0.23394927,0.23397517,0.29947883,0.22509688,0.11165562,0.24813882,0.3355267,0.45549992,0.33480525,0.25482744,0.047257975,0.31401613,0.08257006,0.09954844,0.21533903,0.4255055,0.2263844,0.2881288,-0.014599113,0.36886385,0.009001117,0.03935561,0.2296424,0.058180686,0.15198602,0.10691838,0.2597932,0.24905235,0.2286484,0.07420752,0.27197236,0.28450325,0.16348325,0.08774699,0.16344374,0.39802998,0.31457615,0.4573691,0.10943384,0.18937287,0.48232377,0.087384045,0.22302926,0.30129683,0.27617627,0.25700977,0.25024566,0.040627185,0.33495855,0.31334624,0.10526267,0.2118938,0.570109,0.21208447,0.12836444,0.15084186,0.26444355,0.0038867258,0.4112121,0.1379466,0.19200754,0.0792642,0.20303296,0.32609057,0.21511137,0.10917847,0.33407295,0.2389758,0.43427628,0.4720536,0.103622064,0.2572837,0.36596018,0.011271626,0.2676852,0.14488187,0.19786142,0.24737573,0.15741439,0.051340245,0.36158413,0.26396847,0.32636726,0.35156953,0.29084665,0.15720779,0.051628433,0.029431682,0.24573678,0.18389913,0.1666049,0.27968758,0.37709254,0.14945003,0.23984575,0.24709211,0.52844137,0.45483732,0.3686995,0.28918487,0.44278085,0.13119139,0.29713297,0.54730016,0.20096949,0.03981082,0.3918394,0.21691015,0.24633402,0.21384823,0.30356038,0.13205117,0.11023306,0.30637065,0.30452764,0.25694335,0.2354474,0.21306899,0.15061349,0.4294768,0.19315153,0.15545031,0.17689379,0.2835923,0.103042305,0.57441306,0.36653256,0.5061052,0.20191595,0.35115784,0.32378995,0.17913005,0.19803312,0.25296634,0.3429592,0.23129724,0.2559684,0.9999998,0.29089755,0.29276654,0.38647127,0.21349354,0.23684162,0.26632005,0.11146344,0.32704145,0.2961203,0.19576073,0.16807699,0.33754104,0.4639141,0.4975995,0.32907635,0.28225297,0.47305328,0.21871981,0.47002828,0.2755844
pre-heat,0.3098543,0.097898304,0.0198548,0.07810386,0.12071205,0.063514344,0.0084433295,0.16761172,0.17144617,0.08031024,0.14697969,0.25206485,0.01477455,0.26813993,0.0741146,0.094748706,0.11123849,0.0010182452,0.27852917,0.17440972,0.28298908,-0.0014024107,0.377707,0.23545584,0.28420773,0.16287929,0.26570976,0.26633972,0.108046755,0.31080645,0.26733783,-0.002203377,0.21855637,0.09232451,0.43162543,0.42096916,0.042729016,0.081006326,0.48526806,0.06532463,0.09526067,0.16108392,0.32817236,0.36781335,0.2496958,0.17946579,0.15757096,0.023436258,0.8779828,0.10712133,0.17014574,0.2121754,0.03066084,0.09942322,0.2588787,0.48201293,0.078894876,0.20671524,0.14147055,0.16655593,0.40368712,0.081117935,0.05372972,0.16959569,0.09619437,0.044867117,0.3138191,0.074266985,0.2912399,0.3041259,0.23347142,0.22274992,0.013507453,0.04585814,-0.0033085463,0.23701447,0.1650692,0.19141485,0.35604283,0.002782425,0.14713839,0.051717088,-0.007505075,0.0045073517,-0.007230781,0.08732333,0.3174916,0.19005862,0.14733401,0.1401086,0.29268464,0.060547728,-0.007227242,0.064505324,0.09857611,0.16355196,-0.045660608,0.20100152,0.17417856,-0.029622292,0.23135482,0.051189892,0.021826478,0.10866147,0.13178691,-0.02309839,0.08761144,0.12751716,0.031269554,0.051833514,0.080152296,0.2814052,-0.00025486387,-0.007886719,-0.0048650317,0.09714608,0.112680495,0.0069790147,0.17664996,0.49777263,0.40065098,0.18372303,0.6069755,0.162007,0.052260026,0.0024736412,0.00014227536,0.27356413,0.4006452,-0.0027779005,0.15529127,0.0808443,0.22639538,0.097431436,0.0021473449,0.09692157,0.0323786,0.13309532,0.065133825,0.39319235,0.15780936,0.051730216,0.09118175,0.089320645,0.44323978,0.017454378,0.14553662,0.032482322,0.545934,0.15229432,0.07928621,0.02436107,0.0786255,0.19298448,0.0748984,0.13958767,0.16745348,0.42894083,0.42025977,0.15295716,-0.010493925,0.07990073,0.035341904,-0.07641786,0.10325079,0.020386182,0.07160451,0.13279891,-0.029169315,0.21168815,0.12627073,0.42373514,0.01952156,0.041142464,0.08798439,0.026893545,0.101040564,0.08364118,0.15037823,0.0801993,0.44814363,0.16448641,0.38584977,0.115504146,0.2878413,0.16758342,0.13111281,0.22294602,0.082879946,0.4610459,0.09107801,0.2851162,-0.038286455,0.22405842,-0.009982731,0.09320568,0.41399282,0.5460787,0.027847078,-0.009776101,-0.024811156,0.12250182,0.13289732,0.0767571,0.2224581,0.21522544,0.17184162,0.11384533,0.2646245,0.2914044,0.44485897,0.19364518,0.35087734,0.17747316,-0.043263223,0.06408216,0.4912911,0.04382518,0.1037404,0.08111213,0.085554875,0.08514114,0.084405765,0.12622848,0.08274168,0.20658907,0.14173692,0.08872098,0.38925987,0.07288244,0.0788123,0.098712705,0.089786515,0.0148910135,0.0063022673,0.1624858,0.08426587,0.19260877,0.034427818,0.06448409,0.15480325,0.32684165,0.10975495,0.42222995,0.12748057,0.08461481,0.36340857,0.107607365,0.052930146,0.21391022,0.29089755,1.0000002,0.31111303,0.41078702,0.3379185,0.08628441,0.03679288,0.15627491,0.531301,0.060316384,0.06341928,0.20530033,0.586868,0.4012169,0.14911431,0.044547133,0.020354163,0.20491493,0.1209339,0.07028981,0.07997709
cover,0.1712879,0.17056446,0.04862012,0.10236701,0.17677954,0.061891556,-0.14832632,0.07993816,0.113405496,-0.02440021,0.29322156,0.1242777,0.050596114,0.014026071,0.05216761,0.13095506,0.17092949,0.024238262,0.19816771,0.08429617,0.30485943,0.031962555,0.20357403,0.12105763,0.31872636,0.14097583,0.20059016,0.08838708,0.06738435,0.20314537,0.25520816,0.038935218,0.11719104,0.10818039,0.251175,0.3221758,0.04702599,0.107433416,0.30838388,0.10383487,0.11212167,0.12878007,0.35411042,0.15801871,0.3181669,0.07928842,0.22524065,0.027800925,0.27279058,0.0009088479,0.4200557,0.18746595,0.048740346,0.11036064,0.14088175,0.29720843,0.1050818,0.21209225,0.122890085,0.30524066,0.21217522,0.2332412,-0.035420705,0.27260303,0.09052147,-0.07584013,0.16923743,0.03961895,0.098169744,0.279966,0.12466535,0.14574304,0.07787997,0.09764527,0.1278327,0.19433977,0.21002237,0.20887148,0.3145971,-0.0036169589,0.052422136,0.19580795,0.13779223,0.078848474,-0.0031000003,0.16042967,0.1461541,0.27467746,0.3977778,0.1750091,0.23128162,0.24806984,0.042065587,0.1463957,0.1383641,0.11945287,0.039425857,0.17388368,0.08144135,0.02617539,0.09461231,0.14043628,0.042571805,0.016881501,0.09663833,0.024101717,0.22306538,0.0892358,0.04897245,0.05617644,-0.0124634225,0.07192823,-0.019949667,-0.026935227,-0.03217532,0.14214393,0.07690206,-0.01172845,0.26262927,0.17674786,0.5434888,0.0068092644,0.17653057,0.08427179,0.058988173,0.06269298,-0.0017148089,0.24057192,0.47980168,-0.056295864,0.46149656,0.07507257,0.17055652,0.031877883,0.09464349,0.108898416,0.23928834,0.13731553,0.0904472,0.200016,0.13088393,0.059112355,0.17151323,0.0983894,0.24191755,0.13810678,0.16422841,0.21427205,0.23216751,0.13669339,0.29743454,0.0498198,0.07296284,0.2787179,-0.0036011748,0.11664468,0.06689426,0.18435699,0.12938523,0.088317506,-0.008564036,0.11321754,0.14031126,-0.02556353,0.16472828,0.1564596,0.13655512,0.08712608,0.016977917,0.15338337,0.05279953,0.11682436,0.035403743,-0.02263585,-0.0071791783,0.023466079,0.17593297,0.13689803,0.12981777,0.102548435,0.2803615,0.2367822,0.18724184,0.02095851,0.082779504,0.43761903,0.089155205,0.15218467,0.13590813,0.16299683,0.12440486,0.2622694,-0.044537008,0.4430945,0.014924243,0.20030479,0.45270586,0.12391281,0.1805242,-0.11640373,0.028416533,0.1353505,0.0011732224,0.026988853,0.0146837495,0.14497696,0.16492717,-0.043376304,0.19441754,0.43239355,0.16456716,0.51933515,0.16771294,0.24192508,-0.027504329,0.24326591,0.2224854,0.1361182,0.1530326,0.22935538,0.03126178,-0.027741965,0.016312307,0.18035719,0.098374665,0.33983737,0.3361855,0.22736597,0.12976913,0.0774042,0.1047356,-0.018534996,0.20827477,0.003640379,0.090620115,0.15620944,0.044523433,0.2216295,0.15017612,0.2646311,0.14329168,0.13532522,0.41237378,0.092122704,0.0097207185,0.12222457,0.23616251,0.118127614,0.011626743,0.14362684,0.29276654,0.31111303,1.0000001,0.13754024,0.104183786,0.12232146,0.15299483,0.24631563,0.2559637,0.23055089,0.012675701,0.2723015,0.20544003,0.24907303,0.37198356,0.061562702,0.1820938,0.32065922,0.008648455,0.18710586,0.11122626
stir-fry,0.41775352,0.16981284,0.29017037,0.10798451,0.17565164,0.13483243,0.0128849475,0.21190028,0.10126278,0.28388128,0.18315253,0.3750462,0.20576914,0.5060425,0.18589187,0.24875428,0.2097274,0.14233562,0.41914418,0.24914595,0.14377117,0.09778234,0.41227627,0.23363946,0.17126034,0.23290944,0.27281708,0.4570232,0.3196773,0.35143548,0.26276165,0.09142442,0.33688954,0.14387135,0.34466833,0.3551954,0.16078955,0.1377216,0.5268028,0.3968874,0.28012463,0.45374504,0.24921878,0.5342848,0.36348397,0.15372443,0.101986304,0.14540759,0.4115938,0.32847124,0.045393556,0.3658239,0.016833816,0.25463948,0.3973008,0.41144854,0.16590661,0.18870075,0.22593956,0.28017113,0.59875464,0.15129574,0.139166,0.13552192,0.30051807,0.015378455,0.34523457,0.086692944,0.38494474,0.22560135,0.2538076,0.19529009,0.050590813,0.17472348,0.015902828,0.27758133,0.2869747,0.17786992,0.43825984,0.13006036,0.17297536,0.16330758,0.124255106,0.17753676,0.16247034,0.18104655,0.39953566,0.38277966,0.1534274,0.19429809,0.38163793,0.13464874,0.09890363,0.1816951,0.36965072,0.14032283,0.1272498,0.3002702,0.28350496,0.2152547,0.24306166,0.16671762,0.15248823,0.2972381,0.2264279,0.05257699,0.107711494,0.15837595,0.17794159,0.19422886,0.22300664,0.31962436,0.14584255,0.21445069,0.18497407,0.29601777,0.14323173,0.124518685,0.05053279,0.6399733,0.3542716,0.32997996,0.4810096,0.18257931,0.1430775,-0.0048045367,-0.013420611,0.3343624,0.33109432,0.26509213,0.054291446,0.13261393,0.27603137,0.13792291,0.14787638,0.21292454,0.025153026,0.23184595,0.17107219,0.5226928,0.30740148,0.24734601,0.013941817,0.25350034,0.45121416,0.16010822,0.19699109,0.13312347,0.45955947,0.30105495,0.3608908,0.08057159,0.2525701,0.2617052,0.12931952,0.26813385,0.35430697,0.45618248,0.7030486,0.15095234,0.044083666,0.34603214,0.21765873,0.1547043,0.18174754,0.093993224,0.18661836,0.15721224,0.1048761,0.29879063,0.09232469,0.43821108,0.08929944,0.303329,0.08708482,0.180635,0.2879538,0.3109625,0.20826049,0.314115,0.2240406,0.27405298,0.25548494,0.16992421,0.25063023,0.12949821,0.19573438,0.31288573,0.05528315,0.49519074,0.13787657,0.38293436,0.07600735,0.15026061,0.14585334,0.22904682,0.22316575,0.570626,0.050619632,0.06226585,0.076274246,0.20709693,0.4031433,0.18459544,0.12614977,0.22762808,0.091248736,0.24561974,0.32491046,0.24568352,0.29420638,0.11849986,0.5505533,0.23668608,0.16610223,0.23348823,0.39476106,0.21902767,0.12555717,0.34394902,0.24706328,0.20997149,0.30607286,0.36791503,0.005389916,0.13804378,0.28953123,0.31178328,0.7243141,0.22744536,0.21966895,0.16613317,0.35352564,0.26706198,0.24646425,0.22652435,0.23835349,0.16078483,0.07663548,0.12977076,0.17103438,0.4965926,0.23479928,0.55440176,0.35850465,0.16680002,0.24630514,0.37873566,0.2654742,0.10856106,0.38647127,0.41078702,0.13754024,1.0000002,0.5924489,0.13615397,0.16738757,0.17043158,0.42410022,0.28756487,0.077290505,0.10015813,0.5605976,0.4676121,0.3087561,0.3426512,0.23944151,0.29626042,0.36852455,0.096653104,0.26468372
pan-fry,0.3933622,0.15287808,0.14930113,0.11746861,0.06435678,0.10856609,0.033126514,0.03790147,0.10135943,0.148763,0.03396374,0.38758367,0.052002072,0.2745515,0.074880175,0.15372378,0.1552148,0.18671182,0.3187992,0.20053555,0.1946871,0.13873233,0.3354829,0.41333523,0.11241838,0.273039,0.24183933,0.46293306,0.14783394,0.47723144,0.24936831,0.14673382,0.45839584,0.10341723,0.4073174,0.38228142,0.142651,0.11971988,0.5364778,0.27407646,0.08475585,0.37476262,0.19562915,0.43236727,0.2643258,0.09448442,0.07586441,0.17351067,0.3277198,0.21882999,0.019769214,0.2576779,0.035586122,0.12181682,0.3605305,0.31007493,0.06781019,0.2552356,0.20849162,0.10555406,0.76161313,0.13640495,0.18353277,0.23388502,0.15207432,0.046459734,0.18171366,0.20423752,0.33319855,0.61884505,0.42113242,0.22103539,-0.046022743,0.13149083,0.06502101,0.19913113,0.008047836,0.18391813,0.26432148,0.1488275,0.18611692,0.2347031,-0.006701201,0.051139373,0.15066117,0.25372738,0.4558134,0.11627891,0.1802072,0.22256708,0.30819556,0.1665025,0.12101552,0.10742284,0.07483204,0.20653379,0.10776576,0.30163106,0.19887197,0.1404807,0.4942221,0.052296437,0.04397503,0.18198165,0.24603349,0.088871896,0.18937984,0.1086141,0.1207266,0.076661415,0.16022214,0.27620637,0.049221795,0.03874723,0.03809959,0.21132356,0.14204875,0.11665769,0.08565694,0.55010235,0.38185436,0.15545794,0.44364274,0.10650007,-0.01407218,0.05362548,0.025295379,0.40863413,0.3787884,0.11026705,0.0064912923,0.182073,0.09639743,0.093712956,0.045693085,0.17752546,0.0466974,0.25168744,0.21443015,0.504474,0.24974114,0.04356015,0.13824718,0.17313413,0.44461125,0.15491825,0.16548122,0.06329079,0.40243524,0.29061654,0.035093855,0.10889118,0.20815904,0.0781623,0.008340392,0.15676413,0.2055887,0.47472417,0.68344665,0.1630055,0.075593844,0.1441252,0.15437466,0.04545602,0.06676562,-0.037792068,0.10987076,0.050130013,0.11718578,0.098741084,0.08422546,0.21599907,0.21023256,0.24221097,0.012171332,0.14484166,0.20950764,0.17891458,0.13487351,0.13075608,0.16411626,0.09763381,0.13623998,0.102564484,0.22952244,0.054066774,0.28495377,0.22875543,0.04586728,0.4184206,0.16482057,0.45854312,0.050937742,0.042596307,0.099572465,0.0049307244,0.27919865,0.47694185,0.07423225,0.051861845,0.19805181,0.15083385,0.2029298,0.2061171,0.08121671,0.06620841,0.20869586,0.14287266,0.30261332,0.096873164,0.19698548,0.08453882,0.48395962,0.025022306,0.07037165,0.051372148,0.28527728,0.14408447,0.22214776,0.062209025,0.1273724,0.11290126,0.08898743,0.11598697,0.07117742,0.181647,0.27132538,0.06897025,0.6848693,0.070708394,0.24127825,0.11434844,0.09374741,0.09701535,0.103377655,0.32590955,0.18569319,0.14016873,-0.061973013,-0.048656475,0.0020724256,0.52508783,0.054997727,0.48695093,0.17020692,0.1043047,0.20335218,0.08977254,0.14361273,0.049506642,0.21349354,0.3379185,0.104183786,0.5924489,1.0,-0.01592388,0.03391988,0.2317245,0.39161664,0.05781568,-0.00014805607,0.19216123,0.50891,0.24960038,0.17366953,0.13535284,0.016672695,0.112260476,0.12480765,0.041620865,0.028742805
turn,-0.008381985,0.11008039,0.13494797,0.08178193,-0.05892367,0.17961451,-0.019438151,0.11017284,0.012064988,0.04966078,0.6496327,0.17402935,0.15541252,0.124498144,0.16058074,0.041800093,-0.041647233,0.05955102,0.048591834,0.019971924,0.0034678783,-0.0064396188,0.019689146,-0.033663254,0.097406305,0.028026674,0.038572744,-0.0481671,0.19741401,0.008116219,0.11211792,-0.027657552,0.1181619,0.10766068,0.0029818527,0.16677618,-0.064147085,-0.047918852,0.026750725,0.2784574,0.064646624,-0.053251438,0.1066593,0.011250805,0.0031255707,0.07576232,0.09046002,0.034091175,0.07414969,-0.059453644,0.05264555,-0.019025348,0.023732057,0.07662071,0.027029749,0.04844907,0.028290093,-0.06931893,0.091083325,0.1139342,0.01090171,0.06263423,0.08528527,-0.04000907,0.04792697,0.052818723,0.16227181,0.08445475,-0.10264775,-0.04250284,-0.004158778,0.22336763,0.095281646,-0.034165803,0.08767857,0.16540328,0.21556625,0.031771928,0.5189534,-0.08646148,-0.08974677,0.032268114,-0.04940173,-0.028110197,0.16717589,0.047456462,-0.044498898,0.25403672,0.015689677,0.03674143,0.5724461,-0.027613435,0.035360124,-0.10875775,0.38173103,0.11166735,0.05204744,0.043813653,-0.011447309,-0.027497377,0.012039544,0.16854596,-0.0977495,-0.03984443,-0.0045304634,-0.06658587,-0.010928776,0.1770469,-0.042294823,0.48217005,0.10111717,0.009172916,0.031100247,0.0672335,0.35238826,0.040680654,0.06336784,0.07136288,0.08505713,0.061924547,0.0800261,0.19384912,0.08470512,0.02777879,0.2775305,0.11801233,0.18010889,0.0146146715,0.14256905,0.35433555,0.1339177,0.03367929,0.14145368,0.086534254,-0.052202523,-0.040809143,0.07735833,0.16190109,0.1768745,0.03491249,-0.0155381,0.08901936,-0.062401548,0.083570145,0.026225388,-0.015493214,-0.025153406,0.19190994,0.059267316,-0.034823727,0.33063388,0.09625646,-0.017385444,0.27378607,-0.01994425,0.08990968,0.18918666,-0.006833289,0.009589283,0.10844794,0.11615527,0.10423349,0.1529063,0.04750648,0.17597505,0.26962847,0.07267106,-0.026749054,0.10635303,0.07790075,0.036582045,0.06508593,0.06968524,-0.03453552,0.0017435327,0.07256317,0.06622407,0.013504946,0.0005925745,0.007993386,0.062221244,0.22444987,0.12014464,0.023563003,-0.019168114,0.11303945,-0.091456965,0.1820238,0.0013788929,0.002954077,0.2949886,0.020770546,0.023008712,0.056591325,0.14668185,0.36580044,-0.021046393,-0.02918552,0.20267408,-0.05617477,0.10374703,0.15160467,-0.009420583,0.1900011,0.0690486,0.03788133,0.12857175,0.17479542,0.14064328,0.279971,0.03138137,0.1231917,0.065282665,0.17812797,0.104399815,0.067092374,0.23658447,0.013723742,0.0699919,0.39708406,-0.051617473,0.0034468845,0.021565696,0.12522708,0.12751956,0.0017035827,0.13329123,0.14589438,0.04974707,0.08343673,0.0253678,-0.041734308,0.40672287,-0.03430715,0.019813806,0.078295335,0.0053166375,0.002153184,0.23583186,0.13560686,0.1771881,0.048135296,0.17297715,0.0030517764,0.0065972065,0.23505573,0.105192386,0.21842621,0.0523658,0.11705545,0.23684162,0.08628441,0.12232146,0.13615397,-0.01592388,1.0000002,0.1129341,0.0765005,0.086527005,0.20023215,0.25222018,0.12395234,0.08524023,0.18143094,0.4163795,0.23012598,0.17156313,0.23241663,0.029349413,0.28227162,0.14753227
remove,-0.019259572,0.1474771,0.15479447,-0.0049735713,0.101829596,0.07928212,0.34040368,0.3808773,0.22494051,0.17969118,0.19234943,0.055867083,0.13467538,-0.008795013,0.10809927,0.47393745,0.37215686,-0.023408864,0.20856073,0.21227074,0.09055798,0.051473163,-0.005772383,0.11919227,0.15428953,0.20018917,0.34993964,0.20892711,0.3864156,0.18201047,0.27678323,0.39853498,0.008133557,-0.025828272,0.076518506,0.029978622,0.14020558,0.07923019,0.009175098,0.06498556,0.4340368,0.24487224,0.21370214,0.096167,0.15375474,0.22501719,0.37045708,-0.03934645,0.024089957,0.15668441,0.21083683,0.13174345,0.10023625,0.040699724,0.0748326,0.15721041,0.3062376,0.22357965,0.20320414,0.46579164,0.03836162,0.32724738,0.21090668,0.20710053,0.19699913,0.16909878,0.16881056,0.054465786,-0.017722435,0.062175192,0.24682686,0.12606451,0.18614459,0.2501334,-0.009826209,0.28648365,0.5096705,0.13377936,0.23338106,0.19701563,0.19443303,0.36092395,0.31872436,0.34564012,0.024038665,0.2721172,0.15438566,0.5110292,0.25222182,0.13133582,0.14920199,0.25639117,0.19277635,0.5079624,0.50900316,0.0710292,0.36453837,0.2287499,0.24601981,0.23739807,0.21837729,0.53147864,0.36347288,0.2794813,0.11974404,0.16052023,0.28832775,0.009904627,0.51558083,0.22661886,0.05478751,0.21929777,0.15294103,0.23067304,0.15097749,0.2565723,0.0014669485,0.053708002,0.2940933,0.05168935,0.30748332,0.20572543,-0.007866967,0.26467413,0.32572937,-0.06967906,0.00696365,0.21354759,0.2448276,0.12290301,0.16150738,0.27862418,0.25494382,0.29607558,0.34522516,0.09170678,0.4277978,0.2779908,0.27586284,-0.006759611,0.17467958,0.25994846,0.15246734,0.24284427,0.06877664,0.41442996,0.27714932,0.012763694,0.15694475,0.23342855,0.4500628,0.14302123,0.19793752,0.2038031,0.27751756,0.18625072,0.07465403,0.006214358,-0.0060780044,0.01790196,-0.023067592,0.2658888,0.1756202,0.2177887,0.44734183,0.23300944,0.25266752,0.22148308,0.14433384,0.32394856,0.29339674,0.21076816,0.18367958,0.31208006,0.073149934,0.22294219,0.42387706,0.2606517,0.14349896,0.37469536,0.14703736,0.51160264,0.18394393,0.12904356,0.14751339,0.55660856,0.16862684,0.2703035,0.21323976,0.17532508,0.2882048,0.02914925,0.17046624,0.1933414,0.06295329,0.556967,0.13255672,-0.038142513,0.07334263,0.0797803,0.03486254,0.36124754,0.33879206,-0.033030927,0.16985695,0.14829633,0.18935263,0.040410258,0.07535883,0.31050175,0.08393358,0.40292656,-0.03265248,0.6291076,0.44364145,0.49549866,0.17184514,0.1116962,0.042667247,0.47857285,0.40848508,0.18482232,0.29962474,0.56300867,0.29814386,0.26094416,0.27147874,0.35606486,0.07977952,0.2567597,0.42285207,0.27379793,0.44036153,0.37439156,0.4803939,0.15347186,0.24107553,0.15166628,0.20227313,0.6229014,0.2243379,-0.050933026,0.56862223,0.07333032,0.31516695,0.26377195,0.056121178,0.45645404,0.3460489,0.36293393,0.26632005,0.03679288,0.15299483,0.16738757,0.03391988,0.1129341,1.0000001,0.27425408,0.11061024,0.5183036,0.14068943,0.03040367,0.018911306,0.43869138,0.41442585,0.2774974,0.7680259,0.42722058,0.21654624,0.23284584,0.539015
dry,0.22936657,0.275234,0.3128586,0.14740628,0.2712979,0.24148795,0.20435226,0.097747765,0.29169518,0.15073264,0.18095276,0.21895275,0.09314431,0.09033384,0.1620798,0.24879497,0.5393709,0.10717873,0.054841958,0.18780087,0.16117999,0.23416552,0.08790571,0.14764214,0.20068644,0.27333415,0.5881773,0.13167511,0.35966104,0.2474946,0.7660954,0.5513848,0.15286025,0.07804678,0.20385969,0.1503235,0.22778848,0.124308154,0.10508032,0.24062276,0.17706856,0.38555545,0.3134689,0.30069256,0.45811915,0.43645445,0.33526173,0.102034,0.0819519,0.11926538,0.1338907,0.05683722,0.049661443,0.07012403,0.24553768,0.28562292,0.07617271,0.23020804,0.18109864,0.1793271,0.08991375,0.3464759,0.20845297,0.45216358,0.09240066,0.1497001,0.2722243,0.22042249,0.12474254,0.3055297,0.1923652,0.19855744,0.1411028,0.20174637,0.13747558,0.14996174,0.18850611,0.74762213,0.21650821,0.21778074,0.1687975,0.7629113,0.47242537,0.4146228,0.16997197,0.6462208,0.36485288,0.38665706,0.54023063,0.45864654,0.24427047,0.55169415,0.3409738,0.43955418,0.25615895,0.25016063,0.4129266,0.061169494,0.241379,0.36359596,0.19277897,0.37641007,0.13052768,0.18006006,0.3602155,0.1326183,0.90557593,0.047704935,0.35161138,0.06830591,0.20383635,0.046175517,0.078202635,0.032226656,0.13542554,0.38914552,0.10638547,0.092779234,0.25867188,0.41447103,0.43233103,0.16063643,0.31210223,0.55520874,0.08673461,0.17237025,0.081736505,0.2048405,0.42364714,0.05407229,0.34462225,0.6281584,0.09972459,0.52705675,0.42053986,0.08175501,0.3622092,0.42809135,0.21735609,0.4299804,0.24769816,0.035546687,0.34856707,0.09404157,0.14166406,0.5167669,0.43131307,0.10195914,0.21807903,0.32455367,0.16051036,0.28210866,0.38274127,0.14166641,0.0975751,0.29017764,0.22439495,0.37703246,0.12490014,0.12515986,0.14470902,0.2727265,0.197629,0.085643895,0.32747054,0.09294459,0.19253302,0.06350067,0.11543805,0.13414563,0.48013473,0.113611385,0.22790712,0.17337252,0.0784512,0.19413377,0.59026134,0.44611192,0.19885913,0.13223785,0.15683505,0.31852198,0.09169523,0.02038414,0.11128044,0.3099257,0.2546088,0.25617254,0.5680065,0.2988488,0.33737528,0.40757298,0.031471424,0.16616605,0.10743873,0.16209942,0.16377454,0.26202565,0.13235913,0.13666987,0.34250635,0.31305495,0.26719826,0.16924411,0.1365976,0.06123402,0.3994841,0.13795298,0.39012033,0.18381569,0.11483753,0.23166993,0.29292363,0.17611279,0.2920784,0.15249538,0.18618134,0.19571237,0.26556897,0.17413038,0.18321913,0.15487272,0.16687155,0.2530566,0.3585508,0.22444235,0.5050754,0.1470127,0.10670604,0.05373627,0.21264257,0.18507555,0.16358916,0.065071195,0.22042911,0.29071522,0.15790951,0.69436914,0.028231412,0.13154224,0.07116154,0.0970843,0.32503632,0.36526382,0.2165831,0.23312196,0.2264806,0.29453182,0.049367663,0.13015872,0.11146344,0.15627491,0.24631563,0.17043158,0.2317245,0.0765005,0.27425408,1.0000002,0.31946313,0.26196277,-0.05385904,0.30744573,0.1931743,0.20434415,0.36365265,0.21751511,0.2555316,0.14266829,0.10368903,0.12371679,0.15585747
warm,0.3618573,0.18772253,0.17967065,0.21913084,0.13758527,0.16644396,0.08209121,0.14161685,0.10618205,0.20732334,0.2158223,0.22792369,0.11268988,0.26722786,0.13782,0.31914064,0.21834403,0.21103722,0.40771914,0.2736227,0.21713877,0.0895485,0.27064055,0.36500674,0.38310868,0.17039305,0.45909348,0.3045512,0.36427653,0.40868425,0.43824467,0.19965398,0.19480497,0.2046085,0.25545025,0.31505126,0.24011537,0.24297462,0.42352253,0.21654299,0.27643764,0.29461488,0.4780359,0.3789317,0.34787583,0.11845771,0.2971898,0.21637356,0.3975339,0.17087565,0.21394253,0.19870098,0.15010706,0.18743703,0.30648217,0.5509349,0.31126925,0.3704146,0.22862323,0.2299211,0.4187907,0.23099008,0.19774175,0.30205008,0.17666832,0.12296015,0.49137875,0.25139105,0.3301702,0.34454763,0.3158327,0.22742984,0.26405215,0.089177765,0.19202483,0.25193194,0.23648183,0.38777265,0.37456423,0.14572313,0.23288909,0.24359256,0.17374125,0.16045243,0.21250722,0.28516024,0.4558189,0.33193886,0.26359147,0.23796956,0.25996327,0.20438471,0.11132228,0.14045094,0.21754691,0.38679475,-0.02217491,0.23405379,0.2687799,0.14718473,0.44605488,0.14781079,0.0609823,0.20276111,0.2428673,0.090709746,0.2452133,0.14753431,0.19940376,0.12132571,0.20349002,0.35844404,0.10239962,0.14939553,0.07733534,0.35981745,0.15496354,0.03617896,0.25905567,0.582567,0.42863968,0.22341862,0.41767448,0.15121964,0.01860313,0.14959389,0.029380089,0.34915036,0.3756999,0.070302874,0.2189675,0.08939782,0.1302007,-0.024646096,0.04822813,0.24995963,0.08098544,0.14490533,0.13489604,0.4827203,0.24028134,0.20109184,0.13038006,0.21162497,0.4657126,0.30382037,0.20269063,0.10296039,0.71414936,0.28733808,0.20035242,0.29164463,0.3036241,0.1882257,0.14045224,0.23166336,0.2341964,0.573148,0.4094952,0.09302708,-0.044183522,0.2303065,0.23022474,0.097233884,0.16529727,0.11904184,0.23262747,0.087667845,0.098266155,0.18744805,0.0660946,0.19635421,0.21665111,0.16891134,0.17445397,0.2196947,0.25304943,0.24330246,0.16465029,0.21417508,0.6086119,0.32927915,0.21274242,0.1451886,0.22604297,0.18394914,0.15615553,0.3279028,0.27594876,0.55658114,0.22238986,0.3039749,0.04647518,0.2235525,0.12154102,0.14035925,0.23880804,0.46962416,0.049564447,0.1242046,0.15596831,0.26096296,0.1771545,0.116253614,0.1904115,0.20693228,0.15748787,0.16664955,0.39990103,0.4552133,0.23082972,0.17491376,0.3734003,0.18578354,0.13906495,0.10599423,0.30790675,0.24698323,0.1018088,0.19663954,0.21728435,0.18824771,0.12541199,0.15782511,0.14792833,0.12618805,0.20503429,0.15147106,0.41592985,0.24644317,0.20386352,0.18755758,0.16366544,0.1291153,0.11184168,0.20657909,0.23941761,0.30455607,0.043717217,0.14972901,0.058254495,0.2622521,0.15578067,0.5306589,0.16880979,0.12365758,0.6604792,0.2171835,0.13047533,0.14843582,0.32704145,0.531301,0.2559637,0.42410022,0.39161664,0.086527005,0.11061024,0.31946313,1.0000001,0.09849448,0.010866806,0.095548846,0.6857451,0.40527645,0.24980098,0.16940443,0.092475355,0.22734863,0.15171725,0.19185942,0.07596175
pour,0.120635554,0.2609238,0.5369317,0.11026322,0.13557814,0.19191673,0.16577059,0.3303699,0.119689375,0.27555662,0.35879144,0.25327927,0.29201055,0.2116166,0.23938255,0.45385993,0.40147245,0.15735894,0.1859335,0.22192496,0.20199004,0.21703236,0.15425926,0.07394269,0.20169869,0.11947083,0.3141764,0.19913793,0.3423587,0.12375289,0.29628754,0.30609375,0.07527522,0.16012394,0.044815578,0.09910426,0.23160729,0.22748303,0.030039182,0.44951534,0.4530067,0.31799322,0.2941737,0.21794066,0.33965194,0.09475157,0.22716466,0.16389072,0.05287474,0.279478,0.13049355,0.23286708,0.03928108,0.23186481,0.26711926,0.21910532,0.2736839,0.21870077,0.2675221,0.63429284,0.076178566,0.3180005,0.14761679,0.18387076,0.30705437,0.16667703,0.28961894,0.09751086,0.07959169,0.02096175,0.163791,0.25236654,0.1976642,0.23694482,0.05915641,0.30206013,0.471816,0.270784,0.32543126,0.093906015,0.037076116,0.29669636,0.47219938,0.3927021,0.20167759,0.32340974,0.11434212,0.53108454,0.48691612,0.35542786,0.27770942,0.351941,0.19092256,0.38599616,0.6533879,0.076912284,0.16910537,0.21362308,0.41407257,0.44762665,0.11330584,0.50431246,0.25892934,0.31596476,0.2809186,0.11156058,0.23764569,0.22450653,0.25607094,0.34372714,0.3662195,0.10858767,0.16616616,0.35422415,0.3430414,0.45343524,0.12782753,0.018386541,0.10601357,0.20215735,0.2111511,0.39546782,0.0637855,0.12714991,0.2914607,0.08133027,0.08289388,0.24293198,0.28151354,0.37251055,0.17764668,0.08552758,0.4467417,0.19274026,0.411377,0.18368778,0.1690273,0.47771394,0.24890658,0.20158093,0.39366376,0.2826075,0.06732055,0.28064767,0.032163557,0.40134186,0.26360524,0.20941928,0.13094541,0.33822262,0.6235768,0.101861194,0.4385367,0.40038535,0.3151423,0.41103694,0.38361174,0.11775933,0.068192124,0.20272613,0.13911071,0.45842576,0.35128713,0.14210072,0.20771584,0.16634104,0.22234774,0.5413444,0.1049725,0.33269203,0.09333261,0.32731023,0.11719229,0.3335483,0.25284892,0.2064057,0.4602738,0.48762572,0.19223787,0.35948926,0.13706298,0.5310193,0.25044292,0.1316942,0.27730587,0.35642338,0.17508185,0.2440126,0.32740825,0.28446427,0.19200706,0.17660439,0.080551066,0.3652519,0.23485015,0.5507238,0.14895329,0.03868684,0.17863615,0.1855147,0.059214223,0.29804283,0.5034228,0.17260922,0.16723838,0.28192925,0.11171387,0.3059266,0.34217572,0.30716407,0.16132718,0.42676148,0.21780619,0.53870744,0.32381377,0.6812167,0.27628192,0.32181734,0.12638038,0.61043227,0.32551423,0.3698197,0.48305768,0.7478954,0.13829991,0.27614206,0.4660316,0.66756237,0.14071068,0.2842327,0.34801722,0.1887819,0.606491,0.338471,0.36700392,0.24226823,0.23697,0.2899487,0.16107658,0.4876157,0.22521192,0.04121221,0.4378517,0.22001506,0.43000495,0.3396509,0.13479595,0.5932198,0.28590453,0.32679212,0.2961203,0.060316384,0.23055089,0.28756487,0.05781568,0.20023215,0.5183036,0.26196277,0.09849448,1.0000002,0.1409972,0.14406976,0.11628674,0.48196536,0.5314014,0.49623078,0.52459466,0.5400485,0.41359025,0.20284653,0.6776422
note,0.002925504,-0.04935409,0.06263437,-0.00051516853,-0.01966327,0.007922456,-0.012041205,0.024365183,0.05890543,-0.0010668589,0.09976222,0.052354857,0.09716002,0.0052794106,0.039178178,0.009886291,0.055536747,-0.024326766,0.0029936675,0.060873706,0.0072834287,-0.029140811,0.018620975,0.014844697,-0.017032936,0.03275079,-9.547919e-05,0.012384804,0.12510152,-0.044631597,-0.007443333,0.036779545,-0.017274883,0.13336186,-0.03928807,0.03623922,-0.08756095,0.082375124,-0.029134313,-0.03097619,0.063644804,0.034824066,-0.00228215,-0.025570065,-0.013935295,0.13400653,0.098175436,-0.04713168,0.064216346,-0.013371538,0.0043336046,-0.05254072,0.03965818,0.06977964,-0.053535216,0.023093823,0.060139373,-0.05725728,0.20726961,0.15360242,0.07231824,-0.044782672,0.05319214,-0.08597477,0.032530874,0.06788226,0.108337,0.041979376,-0.029876715,-0.03060747,0.08428157,0.029803293,0.076792724,0.070734024,0.014131357,0.17346627,0.23136872,-0.036833607,0.27208805,0.012840885,0.108176105,-0.030946359,0.03332735,0.006483197,0.044288687,-0.07128989,0.036381427,0.2083868,-0.059233338,-0.046648342,0.14738521,-0.023864575,-0.048268087,0.0535086,0.26093453,-0.037110213,0.072083734,0.012002865,0.037520763,-0.11636437,0.085884035,0.2172643,0.029356513,0.06801887,-0.07891646,0.08876709,-0.042023994,0.0996489,0.02055233,0.131983,0.01590811,0.11373673,0.08039069,-0.013154448,0.3109302,0.015370771,0.20747373,-0.005802512,0.016326014,-0.013006259,0.07971505,0.0678219,-0.00020462833,0.16592744,0.35389113,-0.025794886,0.002808608,0.004467995,0.062431946,0.12253496,0.039426118,0.04857738,0.20480043,0.13646951,0.005374046,0.07087323,0.08939553,0.091642536,0.17324644,0.008030724,0.005220808,0.03479472,-0.016535012,0.09791654,0.051304244,0.014959937,0.048031777,0.049907513,0.07191238,0.013702534,0.15042123,-0.013234142,0.032287024,0.3034582,0.123722166,-0.0888506,-0.047339547,-0.04991874,0.010969807,0.017844867,0.08823697,-0.009397214,0.09348793,0.07419825,0.101353034,0.24148281,0.036108278,-0.05054725,0.019997565,-0.0021075476,0.045902394,0.056899063,0.04165296,0.01567946,0.12167385,0.055564076,0.04055452,0.054380797,0.060634624,0.061895173,0.011308299,0.18129407,0.3095178,0.09716151,0.020350765,0.14330283,-0.033938877,0.14517966,-0.048153844,-0.06333197,0.1557177,-0.010391567,0.0845007,-0.030253857,0.007061135,0.17893095,-0.019980624,-0.006135889,0.04015659,0.016985405,-0.014305936,0.001324289,-0.0028719902,-0.054312326,0.000725735,0.09401892,0.007951346,0.067334145,0.038103964,0.24097338,0.16231558,0.13857105,-0.017711604,0.28500378,0.049372893,0.20434166,0.18744802,0.06260337,-0.04406417,0.22633316,0.06840435,0.115241796,-0.037360143,0.1644758,0.050011497,-0.038850036,0.13944879,0.16405994,0.042564746,0.059357535,0.033637356,0.07037612,0.28547114,0.04514809,0.058821946,0.0016081962,0.07087055,-0.049215518,0.2803335,0.22159453,0.3198681,-0.019824825,0.1892764,0.030638946,-0.0052348636,0.29782593,-0.019526169,0.17414512,0.044714365,0.3354569,0.19576073,0.06341928,0.012675701,0.077290505,-0.00014805607,0.25222018,0.14068943,-0.05385904,0.010866806,0.1409972,1.0000001,0.08575064,0.06532803,0.12197614,0.19743922,-0.0299105,0.17273946,0.20499355,-0.05368802,0.16032755,0.2234166
top,0.024806328,0.08711837,0.14016537,0.21356931,0.23477209,0.083058655,0.00054705143,0.11402943,0.11735346,0.13695438,0.13767561,0.19298145,0.18270311,0.061164767,0.16560334,-0.047537986,0.099466376,0.06214697,0.045698054,0.111959316,0.32512906,0.13256972,0.05077917,0.06960413,0.042592116,0.37277344,0.06533443,0.23465016,0.22368848,0.2091189,0.092759416,0.13606855,0.2908929,0.37067366,0.3670204,0.23717786,0.053608432,0.026473802,0.16749078,0.06023647,0.088907436,0.16539216,0.06314581,0.110993385,0.122608475,0.2057165,0.016739104,0.04288023,0.22790071,0.15276213,0.16705388,0.12750587,0.16071102,0.22584745,0.064941406,0.13797303,0.120132454,0.23756279,0.29593512,0.25857472,0.18305442,0.028628599,0.18549426,0.19801626,0.13469447,0.17253809,0.15643924,0.25422734,0.0012993775,0.3175854,0.16270784,0.19539359,0.052311204,0.2731526,0.22707221,0.14889266,0.1440545,0.27461064,0.25334388,0.243001,0.09465199,0.22333016,0.15732047,0.07394698,0.20940891,0.09946826,0.09704626,0.2050241,0.25368208,0.37526453,0.28370613,0.28967205,0.23957121,0.07044649,0.22488889,0.08260091,0.24169604,0.16171749,0.16560534,0.07625283,0.1307477,0.06118667,0.046798684,0.114559405,0.12507892,0.26518893,0.23370421,0.40741315,0.239861,0.1255812,0.120992064,0.16858768,0.10165209,0.08552903,0.18886152,0.19182044,0.6238884,0.033280358,-0.04164552,0.13681516,0.14709589,0.14368959,0.14833426,0.22439145,0.105847284,0.48067862,0.19053908,0.29632086,0.22250926,0.0760116,0.105412945,0.37569892,0.35689998,0.2568748,0.05278068,-0.01913375,0.3363372,0.4011938,0.3793825,0.13455574,0.116031826,0.11979427,0.26547146,0.35371685,0.14226347,0.055982426,0.4115433,0.4020931,0.06978143,0.02641276,0.084409684,0.1267919,0.25641692,0.348332,-0.010583181,0.14970154,0.16048431,0.16655128,0.09473942,0.2117014,0.3286999,0.16683748,0.16273823,0.10138294,0.11033179,0.096064314,0.10314415,0.17253128,0.11240889,0.16978376,0.19082819,0.30412644,0.17947996,0.18560824,0.11133366,0.10493125,0.097448856,0.23342294,0.50356853,0.06942366,0.07721257,0.16231704,0.13968301,0.14826836,0.23069525,0.2221134,0.393624,0.26588058,0.15651836,0.13516681,0.23467323,0.12115757,0.091006875,0.1958338,0.1058898,0.20929706,0.3026617,0.08412922,0.23415382,0.021022886,0.32636946,0.1676126,0.18752736,0.1305166,0.057833154,0.1853776,0.49756324,0.1273698,0.16113633,0.0869323,0.18298495,0.24811521,0.082846746,0.15103455,0.13436832,0.23225969,0.17107648,0.29596898,0.472202,0.1471839,0.13430762,0.11190897,0.124965295,0.16538766,0.3039013,0.47398707,0.34969747,0.23549196,0.119714834,0.15102261,0.3174793,0.10505673,0.13335735,0.096287005,0.2387815,0.40026528,0.1256354,0.23377497,0.07248196,0.087198064,0.11828086,0.13908564,0.13395357,0.13980587,0.19514868,0.2086839,0.08480225,0.20270848,0.14014116,0.14406529,0.16807699,0.20530033,0.2723015,0.10015813,0.19216123,0.12395234,0.03040367,0.30744573,0.095548846,0.14406976,0.08575064,0.9999998,0.15247887,0.15727359,0.47511053,0.18086077,0.068628624,0.28387627,0.11622284,0.12295826,0.19981827
heat,0.42647156,0.16029441,0.12204109,0.17904961,0.028949078,0.14834206,0.010613561,0.06964423,0.052199215,0.17361538,0.1209205,0.47663334,0.096609205,0.33658433,0.13737936,0.15360592,0.13889964,0.19257998,0.3667143,0.19082135,0.29725575,0.06841036,0.46771324,0.25908375,0.2704788,0.18470263,0.33722147,0.4124962,0.25569624,0.37402737,0.35424957,0.13527703,0.34452072,0.17058465,0.3339305,0.46793398,0.15915848,0.11850761,0.54965377,0.18457311,0.13261797,0.21716437,0.2661676,0.48490265,0.275047,0.121095866,0.19398257,0.20646638,0.48202276,0.1696409,0.03385479,0.25758174,0.13017088,0.15729159,0.3715108,0.5222254,0.18744548,0.280863,0.21265316,0.20004985,0.55171573,0.17966491,0.2066013,0.22098833,0.116193995,0.09762001,0.42574248,0.25848877,0.41072875,0.30153078,0.21969205,0.24574071,0.123239875,0.10028972,0.12797461,0.24146897,0.14716591,0.20716822,0.41496557,0.058616422,0.09837787,0.1343299,0.05899314,-0.0012962986,0.24752334,0.119279005,0.43814307,0.2652825,0.17228925,0.18326703,0.37694815,0.056081407,0.024643056,0.02146523,0.18784262,0.31465012,-0.04372454,0.25543112,0.18321705,0.029243214,0.27206433,0.15265551,0.05951482,0.13063644,0.23925698,0.08196133,0.12803225,0.22196017,0.08091955,0.11966947,0.21771371,0.29346862,0.05426399,0.048552006,0.09750633,0.27931958,0.25340256,0.103908546,0.15368825,0.6401519,0.44228157,0.28395307,0.6169072,0.028788375,0.07006528,0.04850976,0.059262663,0.35581976,0.4477542,0.1161204,0.115569234,0.034977145,0.20937069,0.009863214,0.0067370255,0.22601113,0.08497324,0.14137635,0.115407586,0.57266426,0.18764967,0.14241192,0.11122873,0.17961675,0.52150184,0.07145322,0.13863195,0.060590886,0.6804406,0.21395361,0.19779244,0.2072839,0.20957184,0.1843945,0.020642305,0.112795524,0.25524288,0.59448564,0.5483588,0.2202411,0.09425485,0.1013445,0.21582705,0.0059624966,0.057172596,0.07731197,0.15916005,0.07115266,0.09276198,0.13941586,0.009871691,0.30022025,0.20472836,0.101321995,0.1745428,0.17576462,0.19171913,0.14669071,0.18832976,0.17325008,0.34880686,0.20042533,0.2823004,0.10395962,0.26035976,0.13454583,0.19546479,0.33281103,0.1354486,0.54854536,0.16057838,0.4299162,0.014660219,0.12794702,0.10966529,0.0882475,0.33223793,0.5971627,0.093015924,0.14698336,0.11736421,0.16891906,0.12648518,0.1845559,0.21589291,0.17883886,0.2287079,0.19566846,0.40342924,0.30943766,0.30385524,0.17412236,0.528455,0.060662504,0.1277654,0.09203234,0.47508264,0.13106,0.14214435,0.1886594,0.15585211,0.09789723,0.052669846,0.13953613,0.16293795,0.19946447,0.18127543,0.1379669,0.56129885,0.19739814,0.19022098,0.14390378,0.21356659,0.100892104,0.096089825,0.2213576,0.20529544,0.1904016,-0.005352631,-0.0317783,0.11957798,0.36846972,0.13603012,0.54588664,0.108513094,0.047979854,0.46542728,0.15681657,0.12689231,0.06849148,0.33754104,0.586868,0.20544003,0.5605976,0.50891,0.08524023,0.018911306,0.1931743,0.6857451,0.11628674,0.06532803,0.15247887,1.0000001,0.41577518,0.17513065,0.09347519,-0.0037288815,0.21694067,0.09890097,0.09333835,0.09738323
cook,0.28393266,0.15206942,0.18583655,0.10426153,0.11310272,0.14740248,0.121605605,0.38169038,0.19018903,0.18545789,0.3607906,0.2730142,0.2512849,0.25050855,0.2974193,0.39625883,0.39233816,0.14485295,0.5019624,0.3138133,0.27842292,0.094227746,0.19721349,0.30542782,0.38501498,0.12958793,0.31307238,0.32694995,0.42394412,0.3824017,0.2966361,0.15438652,0.24758577,0.34986168,0.24845646,0.41317332,0.2373707,0.31755352,0.4531356,0.07225469,0.41643405,0.3326252,0.30676985,0.28739604,0.39676046,0.18123838,0.40031797,0.15452819,0.38912797,0.3355165,0.27231717,0.39526987,0.08927154,0.2504801,0.3002801,0.513865,0.3862896,0.37053615,0.37192485,0.58233607,0.3449573,0.361265,0.22686735,0.16985008,0.40341866,0.15632278,0.3672538,0.104293354,0.20570584,0.20594233,0.38345033,0.41487145,0.2583248,0.2105267,0.019202895,0.37420952,0.41967958,0.18011037,0.46028942,0.15030721,0.20550448,0.13950175,0.18677232,0.22770217,0.1716834,0.09287314,0.3170571,0.6036547,0.24750704,0.07509187,0.3824143,0.10054541,0.10149392,0.28703755,0.5260352,0.28894377,0.06917849,0.39528194,0.4174487,0.14531034,0.41530383,0.28364414,0.13930339,0.2198368,0.16735613,0.0810202,0.13601655,0.3971622,0.22437242,0.28509519,0.1804755,0.4311583,0.18689612,0.35576877,0.17104593,0.35744882,0.18060187,0.03570259,0.33905596,0.37676615,0.4570499,0.5148636,0.37002534,0.10859114,0.18472701,0.03536423,0.10252876,0.39480266,0.45540255,0.21006005,0.0881163,0.06420952,0.44393325,0.14527506,0.13157953,0.14716625,0.13304739,0.17607683,0.12172816,0.3007273,0.35249388,0.39986306,0.07777877,0.396088,0.42803657,0.28221405,0.1270119,0.09422025,0.5701632,0.35003883,0.55287826,0.1472036,0.24836543,0.48043275,0.27006805,0.24014279,0.29159367,0.22190861,0.28059417,0.3596754,0.09170276,0.29913235,0.27810675,0.10073118,0.18622133,0.14290965,0.17358825,0.3031753,0.1386999,0.4393513,0.099087276,0.4923116,0.097100966,0.20932423,0.04337918,0.17018878,0.3948617,0.260098,0.21214467,0.4500575,0.42630342,0.5096195,0.36983818,0.19821365,0.4124279,0.45919347,0.08290833,0.40801862,0.13801359,0.4349067,0.19710849,0.24332437,0.10911366,0.38829315,0.23452511,0.45124543,0.40155914,0.30583584,0.13328622,0.09988476,-0.0026318654,0.28402436,0.34008807,0.21427603,0.3009754,0.40204442,0.18773855,0.18487291,0.36078382,0.55923957,0.3437487,0.47728026,0.28117973,0.4757568,0.2666106,0.49788195,0.43665773,0.1954906,0.036085248,0.47513813,0.3766936,0.29112586,0.33655664,0.46394268,0.2513144,0.28820086,0.28988612,0.3240496,0.40780008,0.3988477,0.40189296,0.20093717,0.39395124,0.37124518,0.3262807,0.26682484,0.37335354,0.22153997,0.096696004,0.3872115,0.14600924,0.27709803,0.38114753,0.34939727,0.332125,0.27698272,0.26720965,0.46475202,0.38564306,0.3903045,0.4639141,0.4012169,0.24907303,0.4676121,0.24960038,0.18143094,0.43869138,0.20434415,0.40527645,0.48196536,0.12197614,0.15727359,0.41577518,0.9999999,0.43493205,0.32291955,0.40094692,0.4826551,0.31888902,0.20827542,0.4941792
place,0.14227255,0.27373487,0.3431897,0.22198085,0.19324699,0.25698608,0.04903131,0.4092251,0.12685658,0.21886319,0.53521866,0.26030403,0.44829032,0.1581029,0.33488053,0.2259486,0.21537685,0.19551054,0.18587312,0.17112532,0.29640386,0.15616092,0.105117284,0.14535676,0.24444273,0.28707966,0.2252403,0.19258185,0.4706601,0.21073246,0.24047722,0.2172859,0.2604379,0.34864783,0.17312855,0.2175372,0.13964592,0.20999023,0.15822548,0.30874842,0.41044566,0.26695788,0.2562393,0.15091956,0.28470585,0.23503608,0.22811693,0.1762917,0.13943091,0.21931726,0.2545988,0.3348735,0.13522016,0.34812418,0.19792567,0.22349048,0.26152956,0.28295496,0.33107972,0.6046911,0.16174568,0.29087597,0.29409724,0.2365143,0.23180893,0.22022092,0.2598861,0.3156963,0.061282463,0.18689689,0.20132612,0.3545177,0.19724691,0.30210602,0.25217232,0.30201033,0.5400727,0.3124473,0.6271862,0.22955094,0.12699741,0.33570594,0.24919009,0.26147717,0.30684263,0.29831275,0.19742544,0.64265287,0.40039748,0.3172261,0.4946338,0.29620057,0.27480346,0.31177974,0.6653756,0.18445334,0.26449838,0.20232482,0.24415922,0.19976345,0.18804637,0.39780825,0.23307708,0.24673454,0.21020058,0.2734177,0.24546872,0.40054625,0.33399403,0.40119642,0.24863547,0.22896394,0.21025893,0.22080866,0.39948732,0.36242175,0.31522554,0.0634589,0.14304562,0.22560507,0.3061826,0.36455643,0.11795126,0.16063808,0.3290499,0.37115943,0.16093561,0.27070367,0.3602913,0.3011217,0.24988061,0.2790913,0.47486478,0.18826377,0.21357839,0.06836739,0.3115158,0.45946115,0.41987237,0.18838154,0.26081026,0.2248022,0.24079663,0.2975981,0.12860858,0.26535004,0.3172651,0.48273963,0.17828189,0.23427862,0.58335006,0.2824521,0.29915553,0.59875405,0.21705261,0.23906007,0.30211234,0.18978913,0.1469003,0.32043734,0.27924064,0.47414517,0.40957588,0.26056767,0.42814073,0.3579476,0.26433513,0.28230926,0.19974396,0.4537657,0.16135451,0.3929717,0.27533138,0.2491753,0.16003188,0.2908216,0.3718179,0.40864298,0.2687322,0.37118906,0.20515844,0.61127704,0.21398589,0.22106402,0.27265304,0.4719134,0.22750585,0.39690685,0.21306446,0.19170913,0.4762683,0.11787484,0.16755642,0.40241218,0.29767972,0.6420454,0.2839749,0.09841073,0.36044717,0.080168925,0.26079637,0.46910793,0.30792463,0.24252865,0.15814131,0.30272868,0.35886008,0.23525639,0.30900618,0.43128502,0.15130496,0.46556717,0.12437144,0.54214764,0.37625462,0.5338192,0.3756596,0.37453708,0.3121788,0.68408424,0.3604867,0.23144233,0.3025133,0.5181525,0.3052258,0.37168598,0.4808333,0.521364,0.18486908,0.22710067,0.34211025,0.24485937,0.60477996,0.33401963,0.40181246,0.3914374,0.2960126,0.23894778,0.3006851,0.42161232,0.30705595,0.1580663,0.5011966,0.18735231,0.2843067,0.39889556,0.24179602,0.52494293,0.34708494,0.27076265,0.4975995,0.14911431,0.37198356,0.3087561,0.17366953,0.4163795,0.41442585,0.36365265,0.24980098,0.5314014,0.19743922,0.47511053,0.17513065,0.43493205,0.9999998,0.4709568,0.47581428,0.69926023,0.25541997,0.44847298,0.49660766
stir,0.20090622,0.24136035,0.3789954,0.21558383,0.37539646,0.21177945,0.03948359,0.293234,0.10078905,0.57054186,0.26486692,0.1670492,0.38063452,0.47920334,0.28507525,0.23374972,0.16248967,0.21077771,0.14758326,0.18147358,0.20334303,0.12530994,0.051653057,0.14002448,0.18249917,0.32155687,0.16388181,0.20293655,0.46146286,0.13339336,0.15245143,0.15449367,0.14363267,0.20566244,0.1898843,0.10536256,0.27425748,0.20262781,0.05180391,0.3699275,0.4874115,0.37726986,0.21024849,0.24143657,0.2671515,0.25992802,0.11496848,0.21502155,0.04008508,0.4321324,0.15198939,0.35914597,0.069686666,0.41539234,0.1714914,0.22350952,0.21919566,0.14288251,0.19031405,0.46155852,0.095221385,0.20883068,0.25265428,0.10418805,0.33600998,0.16109794,0.25989467,0.16457193,0.075035945,0.06577563,0.18023105,0.30558324,0.106180355,0.2244928,0.18992108,0.24745396,0.4348456,0.3050269,0.38885456,0.2244362,0.14390972,0.19062665,0.22488624,0.38065314,0.2517179,0.2567905,0.16710484,0.48378715,0.32285106,0.41384473,0.28264546,0.29541075,0.25010496,0.37503994,0.6794282,0.11308655,0.18548125,0.22344139,0.31681216,0.5946015,0.15549055,0.11885899,0.18645206,0.31367436,0.16087425,0.0910158,0.116691165,0.23108226,0.2690869,0.32454845,0.42136008,0.1266033,0.2320293,0.5214202,0.4991255,0.40237582,0.19188762,0.0652637,0.026175458,0.24763115,0.099838756,0.39641145,0.07395828,0.24414214,0.16373417,0.34214312,0.07655098,0.23395604,0.17722963,0.5691482,0.08150352,0.20139778,0.37708384,0.21987739,0.33527064,0.009328317,0.08627818,0.43929103,0.35296485,0.21029943,0.27773893,0.31233084,0.04781037,0.27631164,0.100245476,0.31455338,0.3046407,0.33715123,0.08383451,0.23709056,0.44558382,0.1556383,0.38542807,0.29143286,0.272495,0.6668879,0.56922877,0.16838129,0.1181542,0.162214,0.0126257595,0.9165071,0.37101024,0.27523345,0.20724258,0.16501161,0.13536297,0.55369794,0.15750691,0.43501216,0.17847367,0.40080214,0.11377565,0.46589714,0.17107692,0.25213954,0.3044139,0.47276184,0.24269903,0.37479347,0.13552062,0.45817325,0.097745,0.18216771,0.25266135,0.17943963,0.27960005,0.3366772,0.21207157,0.26216304,0.21126938,0.077250354,0.09756583,0.28677854,0.27131024,0.42829302,0.2091456,0.09025076,0.12422192,0.13901454,0.22102037,0.37372088,0.66215,0.29979506,0.16523214,0.22986576,0.15576449,0.42105198,0.26530415,0.22771434,0.15447116,0.25489843,0.23905075,0.35870907,0.3035798,0.38573527,0.15926704,0.42980444,0.31395823,0.43358958,0.33305454,0.54589975,0.75533843,0.46633047,0.12893721,0.25442296,0.317159,0.55758333,0.14646168,0.24107546,0.2524114,0.25443107,0.3841779,0.37048706,0.32774353,0.38766953,0.26450232,0.23661672,0.14436796,0.2712269,0.11389678,0.14366245,0.26121598,0.25941375,0.6653731,0.24994518,0.18517482,0.6817813,0.33807963,0.13992697,0.32907635,0.044547133,0.061562702,0.3426512,0.13535284,0.23012598,0.2774974,0.21751511,0.16940443,0.49623078,-0.0299105,0.18086077,0.09347519,0.32291955,0.4709568,1.0000002,0.27369994,0.38084722,0.739921,0.22027007,0.55928105
take,0.056831665,0.23258156,0.15954001,0.070747115,0.17094366,0.1466695,0.31000054,0.4842796,0.27488148,0.14819586,0.2875287,0.06573551,0.185442,0.02432787,0.2045404,0.30556482,0.30408177,0.05471213,0.23682866,0.13941826,0.11523841,0.07985904,0.012714345,0.08200879,0.18028787,0.19041872,0.27227065,0.17534265,0.3915966,0.1703636,0.26170704,0.30005562,0.10060567,0.07087585,0.07145563,0.10151683,0.16035262,0.15300456,0.04555569,0.09579407,0.44091332,0.3078755,0.20549875,0.026373094,0.13020518,0.24456567,0.3251076,0.04201151,0.006200036,0.18986061,0.22717573,0.25245053,0.05628749,0.07761312,0.08933455,0.088304915,0.24339357,0.21521147,0.2078402,0.50328076,0.09945282,0.34084713,0.25956064,0.18118873,0.18154359,0.17251855,0.12057922,0.07600222,0.030574575,0.055754114,0.20142765,0.15387647,0.11760534,0.2973066,0.077966355,0.2851654,0.4148938,0.11137102,0.28331894,0.2361934,0.15071055,0.3898804,0.28113505,0.31116945,0.14232314,0.27740133,0.15049255,0.59390163,0.17583607,0.08656146,0.20450217,0.19424152,0.22272596,0.514203,0.5235496,0.015504301,0.53559124,0.17134586,0.18180907,0.13676724,0.18170983,0.46715012,0.38343775,0.26294705,0.13146117,0.15784365,0.2619802,0.11191261,0.48940828,0.28776532,0.11839147,0.23809545,0.15881509,0.17098856,0.19551322,0.22169858,0.08895111,0.041457392,0.23815928,0.06440984,0.32299453,0.22955965,0.007002528,0.3324979,0.31920278,-0.02662356,-0.010276918,0.20338903,0.21647984,0.13998973,0.21177971,0.3681547,0.2760985,0.36217195,0.350141,0.07469362,0.5252417,0.26916093,0.2781601,-0.025276933,0.24571145,0.21476224,0.18260175,0.24772611,0.08085181,0.3226503,0.31597364,0.14090449,0.10567078,0.23598674,0.497647,0.14110923,0.17082125,0.27806747,0.27564597,0.19301805,0.15024245,-0.02956288,0.0625002,0.07102015,0.046760753,0.26851964,0.20495605,0.30500376,0.59864223,0.17702684,0.33496252,0.2184567,0.13708214,0.3198552,0.28370145,0.19628316,0.19875336,0.26318783,0.14681861,0.21578342,0.45104092,0.29885656,0.13188612,0.40153748,0.13627054,0.5328635,0.17514846,0.1493507,0.20753604,0.6105237,0.11576399,0.2923413,0.11413129,0.09689577,0.30884707,0.016744625,0.17210484,0.23249398,0.18699652,0.5670057,0.14993319,-0.016029472,0.20619312,0.082922086,0.07293045,0.35188818,0.26063126,0.04091041,0.11155827,0.26256055,0.23380812,0.10255845,0.115731396,0.33037964,0.08406074,0.4133826,-0.031112628,0.60902935,0.43880212,0.52075434,0.19497944,0.20471075,0.020909825,0.5309134,0.40565577,0.15453434,0.22989948,0.5514232,0.34349447,0.24023232,0.27773857,0.40635377,0.0892949,0.23773015,0.38088575,0.30600494,0.47533128,0.3675486,0.4879176,0.13487296,0.2675224,0.10080226,0.1761886,0.6208832,0.16227493,0.040367477,0.6078056,0.051987186,0.24593273,0.35529327,0.089098275,0.49261293,0.38149267,0.32963604,0.28225297,0.020354163,0.1820938,0.23944151,0.016672695,0.17156313,0.7680259,0.2555316,0.092475355,0.52459466,0.17273946,0.068628624,-0.0037288815,0.40094692,0.47581428,0.27369994,1.0,0.46982482,0.16701041,0.20310374,0.52802634
put,0.23118383,0.095820844,0.20507288,0.0993624,0.16648555,0.10129955,0.07145554,0.4073329,0.092415795,0.21959752,0.43795168,0.22263543,0.32749724,0.18178245,0.23054534,0.22746025,0.16409244,0.08158111,0.26346117,0.23347983,0.2924763,0.05728317,0.16849081,0.19326198,0.2054546,0.13925833,0.15287311,0.30208814,0.3749478,0.14499578,0.13240409,0.11397736,0.22841322,0.34291697,0.16544974,0.26849625,0.0351092,0.30912143,0.17418122,0.1586948,0.34733203,0.30428657,0.16366065,0.18398358,0.37743077,0.12409843,0.22614138,0.08376203,0.20879743,0.3148631,0.34476775,0.351649,0.1132157,0.39994353,0.18562254,0.19994777,0.36174113,0.25939643,0.35598618,0.7051913,0.18572189,0.25828075,0.25055403,0.16962518,0.37993842,0.09965958,0.26240078,0.13395523,0.15099537,0.09431647,0.24817024,0.2710203,0.2815801,0.18682222,0.040465474,0.3261622,0.4858852,0.21246158,0.5309944,0.1101711,0.059983186,0.101871766,0.23793527,0.17018053,0.15489542,0.1557908,0.2134721,0.5803411,0.34306812,0.18205597,0.40822804,0.19233648,0.11882217,0.26882568,0.56877273,0.03687317,0.044286218,0.26985756,0.32648152,0.12650555,0.19347641,0.28574753,0.14985004,0.16506812,0.10180754,0.1242803,0.03824055,0.35070732,0.29051644,0.28596646,0.17549686,0.29491886,0.16693561,0.24833804,0.22679178,0.40878153,0.4119011,0.088688225,0.1526851,0.22788222,0.35485378,0.33964372,0.15248102,0.08948908,0.22925222,0.09553002,0.09022252,0.28034005,0.3391725,0.16510871,0.08585732,0.111591205,0.62068725,0.11862507,0.16071741,0.053134754,0.11188863,0.22698906,0.18004541,0.2048276,0.29353765,0.36064363,0.14359374,0.44280103,0.17797482,0.23348609,0.26235747,0.22996172,0.272053,0.25514174,0.5928882,0.11748866,0.35545528,0.5777504,0.27192038,0.20902273,0.17415681,0.15208042,0.14972946,0.2928095,0.108333744,0.35653293,0.25365186,0.06257882,0.24749772,0.21353424,0.19961491,0.39430404,0.017887257,0.41955882,0.058346838,0.48091012,0.07506168,0.15501548,0.28842732,0.1479965,0.318436,0.4682708,0.27521563,0.40396705,0.22957475,0.5528166,0.33277076,0.135129,0.36927238,0.41917622,0.104688846,0.33951825,0.16448446,0.17925346,0.25465947,0.12699905,0.06761217,0.4496004,0.23189989,0.65430224,0.3045709,0.12651724,0.13409847,0.08481998,0.028489055,0.28501257,0.31920677,0.092264175,0.13247797,0.51137114,0.12299186,0.12108339,0.17441234,0.36847752,0.2538295,0.4648058,0.08170814,0.65598184,0.20906013,0.63066655,0.43415785,0.35889345,0.056920793,0.6264454,0.4221244,0.26255277,0.31897488,0.5492615,0.13867202,0.3185376,0.22840953,0.511487,0.17590305,0.401325,0.3417628,0.26283222,0.48850828,0.34312505,0.362868,0.27858862,0.3174084,0.21398342,0.19200356,0.5318018,0.24141634,0.18836814,0.45355564,0.18729907,0.30314028,0.20533243,0.16793707,0.49497008,0.3599081,0.3384043,0.47305328,0.20491493,0.32065922,0.29626042,0.112260476,0.23241663,0.42722058,0.14266829,0.22734863,0.5400485,0.20499355,0.28387627,0.21694067,0.4826551,0.69926023,0.38084722,0.46982482,0.99999994,0.2981612,0.25514668,0.554839
mix,0.14141342,0.18802215,0.26825994,0.15074104,0.2894579,0.12961347,0.014525127,0.25898683,0.09253559,0.6038746,0.09632933,0.0802744,0.26138908,0.5991679,0.22494373,0.24907403,0.14684805,0.10334799,0.14191908,0.20183697,0.0946538,0.1019947,0.041081995,0.13682956,0.011970619,0.08078941,0.15178742,0.26041508,0.33923236,0.1254285,0.075617716,0.12765378,0.03750842,0.12009761,0.14892815,0.10031595,0.28110206,0.18885703,0.053322773,0.17819403,0.50908536,0.34206817,0.0647151,0.26323923,0.29941258,0.17269972,0.025437765,0.097610064,0.12726277,0.47330415,0.02433896,0.27009764,0.100385085,0.3618272,0.17839141,0.18423468,0.25481033,0.14177868,0.19896722,0.39234146,0.10980746,0.08737062,0.16810858,0.057532772,0.40437472,0.023842413,0.24974512,0.06299811,0.10040593,-0.039917838,0.18679893,0.12975626,0.113072604,0.19206077,0.016072039,0.2192531,0.34325895,0.23834077,0.1824086,0.1411726,0.090392314,0.03048235,0.27971452,0.3720836,0.12526926,0.11884348,0.14275308,0.34853038,0.29567015,0.3393739,0.1365943,0.25143376,0.20417866,0.30937237,0.5750267,0.0038772258,0.08600899,0.21061093,0.38318557,0.6940187,0.18495107,0.0912122,0.2240707,0.33065027,0.14192219,0.026933208,0.041482188,0.177641,0.21105438,0.15660727,0.3571193,0.1845904,0.22904328,0.7076069,0.2601567,0.34562773,0.12978578,0.03061609,-0.051054694,0.2467744,0.08724842,0.36222148,0.11238451,0.21138492,0.14757138,0.1891982,0.0066056214,0.21983612,0.12924844,0.4725312,-0.005721722,0.1134457,0.46941,0.18879431,0.3275298,0.094280586,-0.012714675,0.28810343,0.21166182,0.2344377,0.27897298,0.40560716,-0.017837606,0.3172363,0.08547865,0.32684648,0.25149548,0.2019321,0.13028379,0.1587149,0.30941236,-0.0045072064,0.35377043,0.262505,0.27432922,0.77284575,0.56401545,0.15020245,0.13047439,0.06758709,0.011437102,0.67189133,0.25234908,0.21553186,0.08996248,0.02462928,0.12736851,0.59018236,0.084619775,0.49453336,0.15679336,0.5037455,0.01576446,0.47179842,0.18947417,0.15729424,0.19897291,0.43573993,0.21380019,0.3835934,0.12638041,0.35835403,0.12295802,0.15653369,0.2412397,0.057433456,0.2048443,0.20262946,0.15275267,0.26953173,0.146166,0.07966478,0.06730285,0.23725772,0.13618666,0.3334885,0.11885772,0.095942736,0.04815374,0.14439492,0.055354133,0.32867438,0.7933292,0.11123164,0.12840912,0.24029624,0.0010891516,0.34559864,0.15766478,0.055059798,0.17168522,0.17202456,0.19582029,0.31621873,0.21497068,0.37346697,0.11378623,0.3727246,0.16582519,0.24324882,0.34496224,0.5761843,0.924159,0.46269208,-0.054198887,0.20649391,0.2177195,0.5248517,0.1562643,0.30550423,0.26157787,0.20588672,0.24434283,0.3826453,0.3076125,0.22968775,0.24384387,0.21090667,0.060018517,0.19209523,0.08337773,0.18090479,0.2553787,0.2763025,0.80758584,0.09171737,0.13412246,0.71865773,0.31592268,0.135606,0.21871981,0.1209339,0.008648455,0.36852455,0.12480765,0.029349413,0.21654624,0.10368903,0.15171725,0.41359025,-0.05368802,0.11622284,0.09890097,0.31888902,0.25541997,0.739921,0.16701041,0.2981612,1.0000001,0.08236103,0.6286715
set,0.08966397,0.3305284,0.31258708,0.29590765,-0.005454735,0.34217507,0.0015132539,0.04643829,-0.02053839,0.10003306,0.2510064,0.2369667,0.14053819,0.028894484,0.28631508,0.11442658,0.06957392,0.21413273,0.0053731017,0.101497345,0.054751948,0.01646431,0.05424153,0.07876624,0.36737883,0.16277617,0.13375038,0.14823768,0.18335433,-0.03653183,0.067397,0.1308302,0.04714527,0.08757067,0.0131219085,0.037404932,0.12723492,0.10987737,-0.062426545,0.18394774,0.18782754,0.050615348,0.16652767,0.006317755,0.038285963,0.082809776,0.23955145,0.17412028,0.061216015,0.019209757,0.19287938,0.25359035,0.12070397,0.109071985,0.076723486,0.14070919,0.06258536,0.14727464,0.06342384,0.24228466,0.07658937,0.21513966,0.24133724,0.15001175,0.008910209,0.21283436,0.16650328,0.3718,0.08714093,0.11073831,0.09916738,0.28702158,0.07657863,0.14247225,0.39576623,0.36117354,0.5611952,0.1481632,0.46710777,0.13246092,0.18118608,0.20081767,0.09378028,0.07703177,0.29683286,0.21407467,0.2305879,0.3268375,0.15811402,0.04096948,0.26115188,0.14659148,0.16678864,0.10563359,0.35627726,0.44579694,0.053376406,0.041636523,0.122921966,0.11450517,0.16797508,0.25728747,0.04600899,0.10411106,0.1354309,0.21589863,0.072560325,0.13961676,0.0908306,0.346369,0.27397582,0.06966649,0.08802052,0.11758756,0.29867917,0.21491164,0.05009768,0.028357726,0.14038542,0.10234564,0.10088446,0.24852768,0.040574983,0.045846365,0.2966119,0.14108385,0.23531204,0.020466091,0.14798991,0.2638013,0.29072505,-0.0075418064,0.24952248,-0.005739525,0.034027822,0.124807455,0.09405418,0.11395896,0.22461903,0.041793402,0.11564658,0.0033027902,0.1058508,0.003584616,-0.0056804093,0.086356476,0.008516414,0.29180282,0.18173617,0.08767886,0.25394025,0.49358872,0.08276623,0.20863219,0.027408164,0.13051456,0.31491745,0.12301142,0.06658002,0.27777562,0.21917449,0.21583521,0.21750587,0.19021511,0.25735527,0.64229655,0.25326118,0.041445307,0.37939146,0.112633355,0.028422536,0.11730923,0.36063832,0.15882121,0.053019635,0.34842175,0.1562305,0.089615,-0.0054817256,0.13743462,0.06729689,0.39480552,0.2306492,0.082443215,0.15543167,0.20518771,0.023204051,0.19060792,0.19616851,0.012350831,0.40501025,-0.005166456,0.09425147,0.21874787,0.28667584,0.29122686,0.115715735,0.007836023,0.3150801,0.07803593,0.24107502,0.45730975,0.078337684,0.23928332,0.06743103,0.07304092,0.30653745,0.30743113,0.37524134,0.38782567,0.17190094,0.26478684,0.040524483,0.37171805,0.36380452,0.19197151,0.15072949,0.056246858,0.051457085,0.26563534,0.08021959,0.1737134,0.05310052,0.23884162,0.25009978,0.06073027,0.25318962,0.25512487,0.11121122,0.0225862,0.061968185,0.087065704,0.34505376,0.068544716,0.12027456,0.19895774,0.14870432,0.12119383,0.4856766,0.37411427,0.34131593,0.05494294,0.21238582,0.15940553,0.07156341,0.26279825,0.13150291,0.2701133,0.12002168,0.13392578,0.47002828,0.07028981,0.18710586,0.096653104,0.041620865,0.28227162,0.23284584,0.12371679,0.19185942,0.20284653,0.16032755,0.12295826,0.09333835,0.20827542,0.44847298,0.22027007,0.20310374,0.25514668,0.08236103,1.0,0.16647497
add,0.08000121,0.23132163,0.27809727,0.072313525,0.22486505,0.10522301,0.078850515,0.47171515,0.13113609,0.4348644,0.20887569,0.09741651,0.31012058,0.3130398,0.27886283,0.288289,0.23055345,0.12274079,0.20290537,0.16859163,0.20765206,0.16646293,-0.019251384,0.13332255,0.033649005,0.1439547,0.2085403,0.20170489,0.367248,0.14949891,0.16445382,0.27576953,0.04995154,0.15420614,0.10657959,0.14318317,0.22807677,0.1633228,0.024511326,0.09089817,0.48450255,0.26013827,0.06338291,0.17177474,0.23486814,0.11944574,0.13518058,0.12437402,0.10542604,0.44713956,0.048407737,0.2263166,0.10429646,0.33855507,0.17376049,0.18664542,0.39017725,0.20931432,0.27874404,0.6821134,0.050021198,0.15327609,0.17399777,0.081883006,0.40107465,0.12779635,0.25328258,0.07861036,0.05112033,0.0316415,0.23086601,0.14602122,0.2306131,0.27621242,0.0016620718,0.32847553,0.47879782,0.1998147,0.2645145,0.13161568,0.058109105,0.12236568,0.44189268,0.40107754,0.15503529,0.11340397,0.10914664,0.50621593,0.31963336,0.2605052,0.21302296,0.23663215,0.20221466,0.3905864,0.7414082,-0.013973745,0.120560855,0.24388212,0.37563556,0.46907884,0.22367716,0.33299696,0.2908194,0.2581663,0.1681253,0.12216745,0.1242221,0.27914345,0.3596664,0.3877504,0.34711373,0.16724946,0.29524446,0.53748196,0.39221376,0.35947642,0.19941805,0.04341898,-0.0011267513,0.13049841,0.20563452,0.35676378,0.098120004,0.15311857,0.34352282,0.13542715,0.054250367,0.25344294,0.2819885,0.4125321,0.1313602,0.08862765,0.6134953,0.21282229,0.3722673,0.15758516,0.22273538,0.3826773,0.31687823,0.09346072,0.21068013,0.40161708,0.05313604,0.43610585,0.04250048,0.3350675,0.29486096,0.14389147,0.09490508,0.17776011,0.50291574,0.03701771,0.34220016,0.43367392,0.3547637,0.5471572,0.4049698,0.00629656,0.033667803,0.16122714,0.16446441,0.48178595,0.40419173,0.17505893,0.1863112,0.12550396,0.16648622,0.6091995,0.07320514,0.5220414,0.14904658,0.51644135,0.031730615,0.32882914,0.30299965,0.16440757,0.27454358,0.44357342,0.27653107,0.45830002,0.11061983,0.5908407,0.24607474,0.18672264,0.28224975,0.32698712,0.22149229,0.27540517,0.20940806,0.1489121,0.21685378,0.07992427,0.15853839,0.24332279,0.16065894,0.5704972,0.1431486,0.011551277,0.1111573,0.24663308,0.017944776,0.36742765,0.58144134,0.097592905,0.26475626,0.3074338,0.09782878,0.29348716,0.14348762,0.26335105,0.15575711,0.47861522,0.040914413,0.6067581,0.31166512,0.6926437,0.25075626,0.38900584,0.14608279,0.48658955,0.43686563,0.49022117,0.6894836,0.64624804,0.113757886,0.39253992,0.32749033,0.62407434,0.117440075,0.3561622,0.37643075,0.24846709,0.50948817,0.46693566,0.48630813,0.25868744,0.30850777,0.24820483,0.14005968,0.5335182,0.20111632,0.02059285,0.46579662,0.14311834,0.61605006,0.2567204,0.09267047,0.74446815,0.39284152,0.38557115,0.2755844,0.07997709,0.11122626,0.26468372,0.028742805,0.14753227,0.539015,0.15585747,0.07596175,0.6776422,0.2234166,0.19981827,0.09738323,0.4941792,0.49660766,0.55928105,0.52802634,0.554839,0.6286715,0.16647497,1.0
