1.000000,0.897718,0.886808,0.902119,0.888393,0.876686,0.863651,0.831475,0.864781,0.906049,0.881519,0.887777,0.881951,0.894373,0.879006,0.889984,0.880604,0.825188,0.894351,0.909516,0.896036,0.864408,0.907178,0.894638,0.903128,0.896834,0.878658,0.913804,0.877346,0.901302,0.902950,0.866566,0.898355,0.868970,0.899755,0.909547,0.916964,0.852836,0.894331,0.872595,0.911892,0.901716,0.906668,0.912170,0.915037,0.861977,0.847432,0.820371,0.884232,0.865004,0.857369,0.879525,0.793750,0.832082,0.887288,0.909850,0.862496,0.907385,0.875439,0.865325,0.905610,0.885076,0.893103,0.889500,0.876587,0.879569,0.886162,0.860400,0.931273,0.887039,0.873335,0.876116,0.824863,0.860291,0.869198,0.859809,0.858482,0.884193,0.876603,0.890253,0.890476,0.887151,0.870892,0.866578,0.851236,0.865609,0.901793,0.854663,0.888753,0.882921,0.852304,0.899244,0.856994,0.897096,0.879690,0.887644,0.851416,0.885664,0.874676,0.884856,0.896681,0.866770,0.871602,0.889623,0.875531,0.867162,0.876406,0.871907,0.876386,0.860906,0.856526,0.864980,0.820809,0.848703,0.864961,0.853299,0.850633,0.707261,0.859128,0.916169,0.925419,0.909456,0.910267,0.869863,0.857796,0.829975,0.830740,0.908419,0.918195,0.863771,0.858255,0.861987,0.857518,0.864902,0.884213,0.877599,0.889259,0.866953,0.882162,0.916853,0.900204,0.842651,0.879730,0.870749,0.932794,0.889927,0.896660,0.861686,0.872633,0.919173,0.855876,0.860585,0.883373,0.842499,0.844225,0.880900,0.880180,0.892861,0.917680,0.845419,0.811555,0.898518,0.876014,0.878740,0.854865,0.863191,0.865602,0.882976,0.876789,0.841362,0.857003,0.852580,0.836610,0.873751,0.862828,0.875278,0.875764,0.891445,0.881781,0.864989,0.885185,0.878499,0.871317,0.866374,0.903482,0.866338,0.844500,0.915654,0.905229,0.918189,0.843081,0.907367,0.801383,0.843109,0.853500,0.870158,0.901822,0.943670,0.874337,0.834839,0.882162,0.870491,0.862564,0.865833,0.849394,0.858745,0.863793,0.879090,0.895390,0.839472,0.826980,0.866052,0.937947,0.870699,0.884982,0.858539,0.875633,0.903142,0.809116,0.826429,0.870056,0.899645,0.852145,0.871054,0.892538,0.865606,0.895674,0.860288,0.899110,0.827099,0.886100,0.869700,0.850410,0.834455,0.855165,0.858715,0.873481,0.890650,0.862935,0.845098,0.836958,0.914129,0.878645,0.919808,0.855174,0.856967,0.873817,0.890814,0.872632,0.884764,0.877131,0.894815,0.896652,0.914115,0.912136,0.847609,0.855941,0.863583,0.862286,0.865984,0.821678,0.865427,0.869420,0.901986,0.876703,0.900968,0.863101,0.883224,0.835752,0.838027,0.882638
0.897718,1.000000,0.882856,0.903219,0.862327,0.931924,0.830676,0.867659,0.853147,0.887056,0.873421,0.869634,0.883635,0.815003,0.903841,0.868568,0.881955,0.882925,0.816445,0.850078,0.872548,0.920900,0.813008,0.853315,0.885249,0.861306,0.898858,0.840766,0.848615,0.874010,0.912069,0.895205,0.814822,0.855235,0.865658,0.839658,0.900262,0.846916,0.825140,0.880966,0.876524,0.867660,0.883136,0.846496,0.883127,0.832653,0.846917,0.876808,0.832289,0.812690,0.864263,0.869822,0.825077,0.844933,0.939569,0.895907,0.817682,0.916870,0.855295,0.880721,0.823836,0.880900,0.887973,0.916415,0.834913,0.912322,0.870145,0.908333,0.894433,0.867326,0.823957,0.891685,0.826709,0.882983,0.897182,0.862473,0.887010,0.865850,0.881493,0.880607,0.874344,0.884367,0.880326,0.885598,0.890593,0.886818,0.867181,0.872143,0.892003,0.884407,0.879740,0.892194,0.887622,0.885967,0.894370,0.889473,0.866673,0.841015,0.826932,0.886951,0.845764,0.883312,0.913970,0.888029,0.946885,0.872090,0.885388,0.863180,0.873018,0.881770,0.929799,0.831134,0.848665,0.843490,0.903973,0.846538,0.838918,0.697481,0.854677,0.847127,0.902252,0.903100,0.833583,0.843411,0.857970,0.863105,0.865970,0.851051,0.909287,0.914347,0.903641,0.841891,0.875228,0.853337,0.887405,0.903944,0.897584,0.875446,0.869817,0.852606,0.862360,0.812448,0.903799,0.834223,0.850769,0.904200,0.857337,0.861620,0.821822,0.871365,0.850147,0.868235,0.874702,0.871614,0.873150,0.912844,0.932106,0.888248,0.841662,0.881432,0.861113,0.920339,0.889024,0.888110,0.882643,0.886452,0.878118,0.894379,0.906695,0.858706,0.853658,0.866409,0.888514,0.893697,0.860979,0.898033,0.862632,0.876593,0.862639,0.867966,0.858720,0.908747,0.868426,0.875682,0.880934,0.890826,0.841600,0.892314,0.899217,0.876917,0.870625,0.837863,0.830038,0.875608,0.882011,0.867687,0.866417,0.856126,0.893915,0.840666,0.854875,0.877391,0.866157,0.884304,0.867403,0.835842,0.890260,0.939169,0.890299,0.843884,0.847426,0.900659,0.883959,0.894688,0.915467,0.874508,0.880810,0.891721,0.844658,0.853775,0.878098,0.906430,0.866436,0.867904,0.886491,0.878935,0.911487,0.888006,0.821419,0.796857,0.860653,0.878857,0.897409,0.848539,0.879626,0.879754,0.868613,0.864166,0.875367,0.873182,0.877319,0.875495,0.892404,0.870468,0.863792,0.856034,0.871292,0.907092,0.873464,0.866750,0.877617,0.871603,0.906012,0.837414,0.841982,0.858865,0.865906,0.860388,0.851146,0.885328,0.846449,0.898608,0.847642,0.878566,0.894398,0.929116,0.878701,0.881144,0.855265,0.883520,0.899154
0.886808,0.882856,1.000000,0.880892,0.860005,0.879974,0.868549,0.860078,0.865906,0.848270,0.874543,0.867172,0.879569,0.843850,0.878237,0.907449,0.921132,0.822697,0.857557,0.895244,0.881381,0.852407,0.829679,0.888171,0.899723,0.874385,0.915848,0.879669,0.845225,0.852159,0.915243,0.909052,0.838083,0.875319,0.856648,0.833447,0.867204,0.875403,0.823642,0.880003,0.879724,0.902856,0.897483,0.876995,0.908247,0.834762,0.872911,0.824311,0.850326,0.854280,0.881100,0.862884,0.799626,0.848540,0.856432,0.875158,0.842500,0.885329,0.896173,0.896346,0.863442,0.884358,0.878684,0.867025,0.874184,0.881203,0.895138,0.859155,0.888449,0.872255,0.888259,0.865403,0.852426,0.857541,0.864435,0.871386,0.874366,0.896907,0.890788,0.873792,0.882034,0.892825,0.902991,0.846432,0.848343,0.914037,0.878341,0.879579,0.913272,0.908802,0.852248,0.931195,0.878960,0.889579,0.888205,0.880395,0.868602,0.857320,0.888887,0.900456,0.885207,0.914792,0.878988,0.900323,0.877307,0.875267,0.890003,0.872684,0.863288,0.845513,0.869804,0.846130,0.849422,0.835882,0.891912,0.892069,0.853664,0.744547,0.888583,0.883666,0.884089,0.885430,0.856220,0.870434,0.890209,0.831746,0.829912,0.873952,0.886267,0.867344,0.853641,0.851332,0.868908,0.864464,0.906713,0.859487,0.842059,0.890062,0.878316,0.890677,0.910336,0.851543,0.876628,0.874534,0.857138,0.901864,0.861359,0.864558,0.858365,0.874589,0.883236,0.865373,0.909403,0.885183,0.862618,0.861822,0.874373,0.863360,0.854164,0.881160,0.868546,0.881220,0.865046,0.887011,0.869338,0.905405,0.889197,0.873224,0.865994,0.866262,0.835871,0.866565,0.852232,0.876233,0.889933,0.855854,0.914273,0.913578,0.895988,0.860734,0.885252,0.900333,0.867969,0.876453,0.886819,0.876474,0.867720,0.876783,0.916996,0.886223,0.858990,0.859468,0.844486,0.870174,0.843565,0.889393,0.847331,0.879311,0.857130,0.856424,0.873074,0.861205,0.885676,0.841412,0.859225,0.861011,0.847639,0.888709,0.911511,0.861705,0.838580,0.889964,0.881031,0.886978,0.878494,0.890281,0.889663,0.877820,0.835415,0.839043,0.855699,0.899418,0.859883,0.907964,0.872342,0.861363,0.901591,0.902493,0.848225,0.834934,0.879664,0.867538,0.868428,0.850537,0.865114,0.872395,0.887038,0.912968,0.885189,0.860374,0.881465,0.867394,0.851773,0.890995,0.877943,0.880775,0.874502,0.880788,0.855506,0.885580,0.896405,0.871422,0.883741,0.871054,0.852394,0.849568,0.883852,0.880875,0.847248,0.927048,0.851037,0.874275,0.851062,0.892039,0.876976,0.887648,0.858873,0.902574,0.842438,0.858415,0.899945
0.902119,0.903219,0.880892,1.000000,0.872439,0.914832,0.862329,0.847262,0.883784,0.858659,0.878093,0.895883,0.911527,0.831431,0.918866,0.888143,0.888045,0.859167,0.844570,0.871208,0.899465,0.870521,0.840024,0.889401,0.894364,0.862933,0.883489,0.864630,0.885894,0.855691,0.896133,0.876418,0.851195,0.860875,0.884575,0.856408,0.900676,0.869172,0.836246,0.904765,0.902489,0.906453,0.884961,0.880821,0.909286,0.886130,0.858399,0.859028,0.848492,0.831998,0.869753,0.920526,0.873976,0.852070,0.881274,0.887418,0.830685,0.925488,0.888708,0.882117,0.865417,0.880017,0.915587,0.917395,0.842001,0.933655,0.883832,0.898038,0.897137,0.920802,0.856704,0.901809,0.840575,0.901392,0.940329,0.844927,0.863071,0.891241,0.892669,0.908013,0.912794,0.892715,0.861579,0.871604,0.901636,0.875979,0.899454,0.884257,0.885815,0.898612,0.901484,0.898830,0.886340,0.912037,0.888016,0.922861,0.902563,0.862707,0.844565,0.872970,0.885001,0.908061,0.888044,0.884696,0.900312,0.880266,0.903609,0.893563,0.897927,0.894729,0.867164,0.856425,0.846709,0.854684,0.918017,0.859624,0.880478,0.702576,0.872076,0.875700,0.892724,0.896368,0.856454,0.897718,0.878058,0.871946,0.906391,0.878586,0.881603,0.879553,0.904664,0.884159,0.870281,0.878504,0.883626,0.912607,0.903179,0.899304,0.919225,0.896238,0.911177,0.833028,0.920818,0.859432,0.877401,0.883112,0.886083,0.887555,0.847327,0.866363,0.857284,0.901024,0.886126,0.876290,0.854496,0.890158,0.909017,0.872711,0.865445,0.902580,0.865161,0.894692,0.873527,0.920064,0.887835,0.868677,0.906668,0.890186,0.927573,0.874328,0.878640,0.865508,0.901672,0.889811,0.873250,0.912623,0.881531,0.893350,0.901503,0.881966,0.877570,0.910664,0.863409,0.887067,0.891659,0.885390,0.886629,0.907729,0.899334,0.877871,0.920107,0.882860,0.854068,0.878943,0.909058,0.883197,0.897393,0.877620,0.917012,0.826954,0.902609,0.915139,0.877182,0.888774,0.848251,0.845268,0.912861,0.894589,0.889497,0.857678,0.835965,0.910228,0.884088,0.882331,0.927217,0.868929,0.887738,0.898276,0.853393,0.836355,0.883549,0.891812,0.848244,0.871392,0.909736,0.893199,0.917930,0.871204,0.845456,0.817644,0.880707,0.887797,0.877138,0.865931,0.889935,0.878270,0.886774,0.886030,0.868444,0.851904,0.857083,0.902307,0.892216,0.902536,0.865474,0.903352,0.864819,0.912607,0.889445,0.861754,0.870570,0.882124,0.913140,0.875898,0.869178,0.871721,0.857747,0.895459,0.858289,0.870132,0.854762,0.912918,0.855165,0.900515,0.903824,0.901161,0.882857,0.894447,0.844778,0.862759,0.871571
0.888393,0.862327,0.860005,0.872439,1.000000,0.855862,0.853727,0.836915,0.849592,0.862626,0.847798,0.844951,0.891002,0.842470,0.870561,0.848834,0.871067,0.810955,0.850337,0.887162,0.924124,0.863077,0.843811,0.864987,0.863558,0.909471,0.874212,0.866735,0.841469,0.900668,0.869528,0.858044,0.863232,0.855291,0.921962,0.859334,0.887899,0.862249,0.835497,0.815065,0.893616,0.875952,0.882046,0.886209,0.885447,0.840060,0.821289,0.820314,0.843275,0.907558,0.848020,0.861611,0.800593,0.837243,0.845123,0.861993,0.858441,0.866199,0.871693,0.883370,0.863750,0.874936,0.894935,0.849886,0.866724,0.907910,0.829858,0.847538,0.859122,0.880759,0.889233,0.882823,0.810974,0.883290,0.854081,0.828648,0.819417,0.863894,0.837723,0.901149,0.874678,0.854908,0.858768,0.874009,0.827289,0.837785,0.853597,0.825050,0.882236,0.887188,0.823403,0.876311,0.894770,0.882886,0.837192,0.848209,0.846488,0.851299,0.859605,0.857154,0.870620,0.828931,0.891341,0.887863,0.836080,0.855874,0.847432,0.860287,0.861851,0.826539,0.813953,0.862613,0.855992,0.828767,0.855293,0.837224,0.820316,0.708200,0.842877,0.861297,0.879877,0.902170,0.836573,0.858341,0.824304,0.859284,0.840418,0.893946,0.865132,0.867616,0.839157,0.849611,0.876589,0.836069,0.860719,0.853964,0.867704,0.879351,0.841755,0.874333,0.872971,0.836838,0.870736,0.861967,0.881225,0.866704,0.918207,0.861070,0.825095,0.892194,0.824715,0.837505,0.864292,0.830900,0.855639,0.841331,0.831590,0.824932,0.866277,0.850725,0.828679,0.871983,0.855422,0.875131,0.828710,0.810833,0.855313,0.884740,0.883659,0.847242,0.844714,0.830624,0.817373,0.853190,0.843335,0.862548,0.840167,0.855664,0.895473,0.875822,0.844786,0.889950,0.852080,0.893988,0.905937,0.848082,0.895704,0.873243,0.875019,0.865854,0.821762,0.851305,0.840020,0.853255,0.847682,0.862816,0.895566,0.877790,0.885852,0.793230,0.858012,0.848656,0.870080,0.846852,0.840964,0.857231,0.866048,0.826378,0.860945,0.806390,0.813825,0.868144,0.883245,0.865661,0.861445,0.861658,0.847138,0.904746,0.843236,0.796089,0.900485,0.880836,0.856098,0.838556,0.873733,0.884775,0.881217,0.863616,0.853750,0.801036,0.882250,0.886011,0.807750,0.863543,0.863118,0.865673,0.885906,0.854176,0.816356,0.832055,0.837434,0.883471,0.850251,0.870150,0.863742,0.815739,0.805910,0.862822,0.883867,0.864096,0.836837,0.857542,0.870955,0.863035,0.880231,0.787540,0.866814,0.833318,0.791895,0.846501,0.797813,0.884567,0.801729,0.884698,0.866677,0.884930,0.845499,0.862429,0.844239,0.800685,0.870599
0.876686,0.931924,0.879974,0.914832,0.855862,1.000000,0.804981,0.822327,0.830418,0.851382,0.876640,0.878263,0.883268,0.788541,0.911324,0.860117,0.881172,0.874146,0.790420,0.838499,0.870687,0.877967,0.811949,0.844098,0.875431,0.848306,0.891814,0.828385,0.868356,0.862918,0.894981,0.884780,0.811801,0.827950,0.859649,0.822491,0.880951,0.832149,0.791170,0.895231,0.862959,0.861420,0.876196,0.861446,0.867816,0.817438,0.821980,0.859700,0.825970,0.796230,0.858838,0.862766,0.862814,0.838173,0.889852,0.889131,0.778098,0.937131,0.834864,0.875317,0.811007,0.874004,0.888514,0.922052,0.813626,0.901558,0.864013,0.919599,0.888659,0.873128,0.812512,0.893806,0.804350,0.869943,0.903282,0.836273,0.869504,0.855815,0.875342,0.878669,0.874678,0.873198,0.868039,0.848539,0.909461,0.874013,0.871711,0.851979,0.904756,0.879477,0.895822,0.883862,0.869992,0.878613,0.867581,0.890081,0.853778,0.819516,0.809186,0.868587,0.846115,0.879777,0.893674,0.865165,0.916930,0.886581,0.867883,0.835778,0.855731,0.907796,0.907020,0.820777,0.847204,0.805193,0.905041,0.831010,0.826012,0.688994,0.847258,0.851921,0.878299,0.869349,0.828169,0.832144,0.856088,0.852430,0.870539,0.836565,0.895640,0.890986,0.893889,0.830463,0.847506,0.825205,0.857079,0.910338,0.887667,0.872466,0.869115,0.858490,0.865304,0.776377,0.926279,0.817999,0.825151,0.886887,0.843634,0.849523,0.818945,0.843241,0.838240,0.878232,0.859083,0.840195,0.847529,0.901062,0.915340,0.873549,0.837713,0.889286,0.844034,0.887065,0.889477,0.895234,0.850981,0.876065,0.873555,0.874853,0.904336,0.830378,0.838202,0.836582,0.919353,0.912983,0.842586,0.899146,0.847103,0.864709,0.852834,0.847394,0.858948,0.908689,0.849595,0.871377,0.870369,0.875590,0.852667,0.885333,0.886537,0.871294,0.911595,0.850011,0.845197,0.868415,0.869556,0.861591,0.860161,0.844233,0.888884,0.828234,0.866425,0.889287,0.846694,0.897428,0.839682,0.817648,0.883131,0.912787,0.884521,0.826164,0.818954,0.903601,0.887037,0.886279,0.909520,0.848500,0.875603,0.871068,0.861424,0.838419,0.863517,0.879514,0.832787,0.856259,0.872440,0.876960,0.904384,0.876166,0.823996,0.776775,0.841887,0.864890,0.920725,0.857920,0.867625,0.875775,0.857123,0.849975,0.861959,0.861900,0.866001,0.894431,0.894830,0.883752,0.824516,0.880714,0.871535,0.893286,0.864365,0.868939,0.876677,0.874558,0.907051,0.854585,0.832283,0.862431,0.851709,0.855283,0.850995,0.878652,0.831048,0.893091,0.835657,0.868765,0.917129,0.900836,0.871834,0.893405,0.810003,0.892665,0.858262
0.863651,0.830676,0.868549,0.862329,0.853727,0.804981,1.000000,0.845406,0.883660,0.796647,0.852311,0.851449,0.833912,0.848426,0.846228,0.869444,0.834210,0.753037,0.880244,0.879157,0.879428,0.797287,0.866703,0.875097,0.898986,0.859862,0.855074,0.863271,0.818042,0.841807,0.874328,0.833213,0.861636,0.861504,0.863472,0.882562,0.849463,0.820996,0.851925,0.828937,0.858843,0.884419,0.883805,0.863753,0.891711,0.851781,0.866698,0.788605,0.851005,0.858424,0.874844,0.867351,0.793527,0.807302,0.819849,0.851541,0.853577,0.858109,0.861864,0.854061,0.883674,0.883101,0.843481,0.844984,0.867736,0.843164,0.852551,0.797748,0.853749,0.852328,0.866689,0.837365,0.830806,0.821538,0.838856,0.842455,0.833704,0.866136,0.858932,0.839519,0.865257,0.876096,0.850007,0.827645,0.801956,0.856861,0.859662,0.847951,0.844714,0.850859,0.811109,0.851086,0.834446,0.902236,0.839592,0.858155,0.871392,0.866722,0.861247,0.828911,0.863630,0.867650,0.814484,0.842806,0.819390,0.821298,0.877166,0.864389,0.861987,0.807678,0.785628,0.851384,0.802046,0.814481,0.842643,0.852572,0.853797,0.742487,0.882269,0.866576,0.880445,0.889404,0.860012,0.887946,0.835949,0.790518,0.789608,0.875892,0.855293,0.802783,0.846218,0.866379,0.842222,0.874517,0.890492,0.827557,0.829566,0.843744,0.830844,0.885832,0.877185,0.845319,0.847115,0.872197,0.876440,0.861524,0.864698,0.835194,0.852220,0.877842,0.860251,0.818341,0.848234,0.857056,0.820464,0.800700,0.804775,0.840883,0.859001,0.844572,0.829297,0.828951,0.817640,0.833594,0.841380,0.838189,0.831579,0.855961,0.834237,0.844723,0.845571,0.840303,0.786235,0.833516,0.830234,0.826389,0.891113,0.867941,0.875253,0.841367,0.867397,0.862980,0.860270,0.832605,0.886333,0.856259,0.822342,0.874468,0.868838,0.865386,0.797630,0.871225,0.779406,0.862319,0.817577,0.847448,0.862872,0.889138,0.843853,0.789123,0.840692,0.823450,0.854141,0.784777,0.858537,0.847082,0.832519,0.814383,0.858353,0.850317,0.828827,0.846113,0.858831,0.853152,0.860335,0.859635,0.850936,0.853227,0.772860,0.813390,0.830051,0.856641,0.806952,0.843996,0.878214,0.839331,0.847409,0.831700,0.860202,0.827122,0.878561,0.827770,0.783557,0.791153,0.839408,0.826623,0.839710,0.881827,0.831720,0.831462,0.814398,0.851986,0.849042,0.881055,0.839206,0.829557,0.829967,0.832187,0.843616,0.859151,0.836809,0.863030,0.873864,0.853506,0.870411,0.809012,0.884680,0.870192,0.817352,0.862387,0.814628,0.848134,0.834327,0.883369,0.829958,0.852118,0.845697,0.855959,0.812266,0.808454,0.860821
0.831475,0.867659,0.860078,0.847262,0.836915,0.822327,0.845406,1.000000,0.853927,0.853215,0.888195,0.820212,0.863027,0.845860,0.856177,0.858501,0.826624,0.772630,0.820630,0.857174,0.840713,0.814346,0.802055,0.827801,0.883638,0.840758,0.851971,0.856661,0.834403,0.814038,0.876722,0.852726,0.824395,0.890084,0.850278,0.832358,0.850189,0.843412,0.807256,0.826114,0.869741,0.844116,0.863010,0.819735,0.869977,0.854155,0.844816,0.783172,0.827073,0.805891,0.880631,0.873195,0.770292,0.867136,0.846494,0.851548,0.833138,0.854777,0.867332,0.888709,0.830678,0.839957,0.855535,0.832431,0.845418,0.858280,0.832918,0.834724,0.814666,0.808636,0.812400,0.863004,0.818855,0.873078,0.847246,0.874889,0.876666,0.852177,0.894360,0.871517,0.859097,0.863348,0.856663,0.846979,0.818826,0.865969,0.829943,0.888887,0.825200,0.845075,0.847108,0.854097,0.849586,0.868509,0.871969,0.848594,0.877592,0.839866,0.837075,0.837298,0.815336,0.868334,0.882188,0.875288,0.849109,0.879048,0.863938,0.874736,0.899275,0.856437,0.850213,0.866920,0.866992,0.834679,0.874675,0.847085,0.831961,0.705690,0.854013,0.833191,0.869688,0.904960,0.822793,0.839058,0.886077,0.847391,0.834674,0.831101,0.850218,0.869132,0.850888,0.836245,0.896216,0.834993,0.882797,0.829645,0.854112,0.865858,0.848702,0.831039,0.849289,0.839174,0.850637,0.869217,0.834602,0.860406,0.845714,0.886082,0.832443,0.827456,0.874020,0.845504,0.845406,0.920198,0.881223,0.859082,0.845954,0.836458,0.808154,0.854795,0.853253,0.878202,0.853975,0.879726,0.938260,0.882220,0.869898,0.859802,0.860242,0.917692,0.838955,0.908186,0.838760,0.844166,0.850801,0.870881,0.860734,0.857152,0.856998,0.889463,0.869786,0.883338,0.885379,0.878675,0.868903,0.889878,0.830710,0.859827,0.864468,0.843579,0.841147,0.810595,0.827641,0.883088,0.847053,0.900828,0.835269,0.849840,0.862211,0.825603,0.819659,0.867407,0.876043,0.817092,0.879221,0.898688,0.839807,0.857053,0.862487,0.858655,0.872031,0.865266,0.837530,0.908971,0.883506,0.876013,0.877092,0.867477,0.807270,0.846412,0.867333,0.867572,0.861510,0.879133,0.857170,0.840134,0.869834,0.878098,0.788377,0.830439,0.843367,0.878351,0.834141,0.861936,0.884970,0.845818,0.887948,0.850827,0.879863,0.879302,0.883220,0.825106,0.848259,0.846752,0.874156,0.840757,0.832335,0.885312,0.857599,0.841361,0.899611,0.850085,0.849478,0.818547,0.817036,0.852567,0.892442,0.856224,0.812609,0.861023,0.885214,0.840669,0.837642,0.885850,0.848031,0.900126,0.896960,0.896895,0.870068,0.852903,0.893768
0.864781,0.853147,0.865906,0.883784,0.849592,0.830418,0.883660,0.853927,1.000000,0.815945,0.840993,0.862136,0.857739,0.833517,0.863787,0.880588,0.848455,0.779511,0.855578,0.870185,0.881875,0.812281,0.825111,0.892197,0.896815,0.840539,0.880414,0.833658,0.836051,0.845914,0.893315,0.864891,0.815421,0.854533,0.878154,0.855803,0.856820,0.818533,0.861442,0.858137,0.868823,0.889435,0.876749,0.854561,0.903856,0.923788,0.861658,0.785836,0.884284,0.822284,0.883232,0.891951,0.775993,0.825455,0.854924,0.879222,0.847207,0.882977,0.861146,0.861555,0.879136,0.875497,0.866619,0.861565,0.854530,0.857833,0.880444,0.839729,0.876893,0.892497,0.859673,0.849030,0.854760,0.839321,0.888868,0.850339,0.871150,0.885102,0.894331,0.851239,0.882758,0.886092,0.869257,0.835370,0.831810,0.861035,0.892930,0.888810,0.856863,0.882957,0.869445,0.859839,0.855763,0.893436,0.878747,0.888772,0.902595,0.848850,0.845284,0.823917,0.885928,0.879348,0.829596,0.850047,0.860416,0.835600,0.904999,0.863736,0.879983,0.848749,0.830891,0.817507,0.811597,0.835779,0.875168,0.864851,0.887910,0.727243,0.879500,0.870982,0.890784,0.879473,0.853844,0.914658,0.870538,0.837774,0.799138,0.883542,0.869565,0.830728,0.889399,0.899139,0.855992,0.919471,0.887586,0.866741,0.864777,0.882097,0.857832,0.893047,0.882581,0.857089,0.863541,0.865886,0.874443,0.882123,0.873893,0.845224,0.875894,0.838658,0.865891,0.871133,0.864288,0.877192,0.835381,0.852784,0.862481,0.881292,0.848520,0.859405,0.842562,0.880397,0.853171,0.833345,0.874491,0.856899,0.867398,0.852963,0.837499,0.889489,0.911644,0.872537,0.828417,0.857870,0.849689,0.841321,0.879437,0.870749,0.886444,0.826187,0.884244,0.884700,0.877504,0.824595,0.848543,0.876222,0.857120,0.891153,0.890495,0.879399,0.842269,0.866231,0.788954,0.867178,0.831309,0.869124,0.873489,0.860137,0.853445,0.804509,0.834096,0.857634,0.868912,0.786916,0.868076,0.839961,0.874474,0.850496,0.866217,0.888539,0.859491,0.888229,0.880906,0.869734,0.886987,0.862984,0.872529,0.870368,0.828107,0.844318,0.831167,0.871523,0.823750,0.873678,0.890547,0.867981,0.880565,0.849252,0.852232,0.834521,0.864052,0.835481,0.834463,0.782194,0.847080,0.852711,0.839229,0.882208,0.861909,0.850280,0.834817,0.872098,0.862894,0.899976,0.848506,0.857339,0.887236,0.875795,0.807515,0.887242,0.850253,0.902382,0.903621,0.865726,0.862410,0.846103,0.863288,0.902941,0.892950,0.868301,0.853085,0.876461,0.889108,0.900218,0.870030,0.887604,0.865183,0.869899,0.841182,0.845056,0.864712
0.906049,0.887056,0.848270,0.858659,0.862626,0.851382,0.796647,0.853215,0.815945,1.000000,0.849585,0.827828,0.870912,0.835740,0.871629,0.836282,0.839449,0.808583,0.815575,0.844267,0.857132,0.848790,0.816489,0.831199,0.836491,0.869043,0.840797,0.857218,0.838640,0.857887,0.866900,0.856927,0.828641,0.857742,0.864400,0.847930,0.890652,0.828798,0.821105,0.819664,0.873660,0.843597,0.837929,0.842277,0.851015,0.823255,0.782248,0.796350,0.805552,0.816378,0.816307,0.839859,0.768680,0.850421,0.859905,0.859632,0.806928,0.866563,0.847098,0.861582,0.831422,0.834445,0.870574,0.858160,0.824895,0.863316,0.822931,0.854419,0.860455,0.831251,0.820251,0.864976,0.793063,0.866317,0.835453,0.849024,0.840234,0.836940,0.844370,0.868248,0.853465,0.848494,0.848834,0.854304,0.826013,0.842689,0.838832,0.853011,0.855188,0.855947,0.819988,0.866433,0.841593,0.852226,0.877108,0.834943,0.830924,0.829969,0.821383,0.864675,0.828972,0.831681,0.868777,0.882693,0.859683,0.861891,0.834058,0.860469,0.871450,0.851103,0.865110,0.836387,0.852763,0.839245,0.864253,0.814131,0.809656,0.682393,0.798279,0.840233,0.882132,0.898493,0.825871,0.814540,0.857982,0.853106,0.818089,0.838820,0.858982,0.881389,0.823453,0.822089,0.877281,0.811528,0.851056,0.848848,0.884566,0.847765,0.871653,0.825196,0.845983,0.788142,0.860801,0.832526,0.884873,0.874226,0.863026,0.865993,0.786644,0.852758,0.823747,0.831008,0.835890,0.849419,0.861052,0.882164,0.860838,0.829582,0.833113,0.827803,0.812573,0.893836,0.866406,0.889264,0.862827,0.845833,0.847375,0.863592,0.873699,0.854752,0.832451,0.842699,0.829932,0.860999,0.852327,0.858706,0.814864,0.844119,0.839510,0.867962,0.822353,0.867200,0.856533,0.879455,0.868652,0.845287,0.843318,0.874196,0.863903,0.846885,0.829140,0.817301,0.817286,0.832336,0.847961,0.874285,0.850340,0.867168,0.859294,0.840017,0.828930,0.866473,0.865040,0.852636,0.832361,0.838360,0.833974,0.868218,0.847663,0.785264,0.824084,0.857467,0.864070,0.869336,0.864730,0.864762,0.845798,0.890369,0.812094,0.801815,0.871906,0.902067,0.879900,0.867668,0.856032,0.842941,0.873104,0.883205,0.809099,0.777611,0.840704,0.877154,0.847406,0.863018,0.859373,0.842215,0.853078,0.837517,0.843982,0.848373,0.830430,0.852333,0.865222,0.846938,0.865961,0.826657,0.808534,0.882538,0.861231,0.838521,0.852774,0.820038,0.851058,0.839362,0.843292,0.810574,0.841975,0.814507,0.797299,0.838864,0.836726,0.833251,0.812462,0.848299,0.849416,0.899229,0.874642,0.867728,0.860626,0.836336,0.892595
0.881519,0.873421,0.874543,0.878093,0.847798,0.876640,0.852311,0.888195,0.840993,0.849585,0.999999,0.867547,0.884956,0.856987,0.869291,0.888458,0.855620,0.805414,0.844931,0.865740,0.870489,0.819244,0.841007,0.838696,0.920813,0.869554,0.862738,0.870626,0.865707,0.855321,0.895047,0.855510,0.854802,0.869092,0.863241,0.875841,0.853255,0.869052,0.839953,0.878889,0.865628,0.867025,0.908311,0.869008,0.901101,0.846792,0.877753,0.814357,0.858279,0.817863,0.900976,0.881663,0.809305,0.844822,0.855190,0.883447,0.836391,0.886826,0.853110,0.885861,0.846299,0.889786,0.875322,0.874783,0.847902,0.862938,0.872866,0.862438,0.858778,0.836116,0.831020,0.919233,0.820994,0.862104,0.874068,0.866833,0.871994,0.873213,0.909957,0.873039,0.883398,0.896935,0.864801,0.842733,0.843592,0.867184,0.860220,0.861478,0.868375,0.873437,0.899743,0.889569,0.855651,0.870005,0.886471,0.876702,0.885422,0.850972,0.851338,0.865743,0.842193,0.889770,0.876506,0.876356,0.867862,0.869107,0.881207,0.872599,0.876984,0.888588,0.849908,0.853062,0.846522,0.817889,0.874679,0.863836,0.838047,0.700680,0.889736,0.859551,0.886703,0.908115,0.857233,0.869048,0.885177,0.837130,0.834261,0.863685,0.879133,0.860461,0.863149,0.859079,0.867824,0.860242,0.893164,0.838506,0.865538,0.871131,0.871193,0.880378,0.882748,0.815658,0.870391,0.873666,0.858942,0.872781,0.858921,0.891656,0.861008,0.866827,0.896481,0.862571,0.871950,0.880681,0.844995,0.880309,0.876227,0.849341,0.857720,0.879554,0.846654,0.883005,0.872313,0.896888,0.898411,0.897237,0.891675,0.872743,0.881281,0.872430,0.820066,0.860502,0.860481,0.849638,0.857587,0.889589,0.884283,0.895899,0.876958,0.882929,0.907676,0.904381,0.879809,0.868814,0.883700,0.900551,0.830249,0.888889,0.877774,0.888332,0.858908,0.856054,0.834223,0.886421,0.870357,0.906581,0.874634,0.877141,0.904237,0.818520,0.869157,0.879722,0.854258,0.861285,0.852153,0.858583,0.861602,0.865762,0.895155,0.874739,0.856157,0.870360,0.884149,0.879807,0.900389,0.867515,0.895407,0.887678,0.796901,0.879580,0.858280,0.859243,0.830976,0.888683,0.887195,0.847269,0.890304,0.885116,0.843971,0.829073,0.852932,0.868767,0.854710,0.847583,0.878034,0.858027,0.878796,0.884934,0.874906,0.865839,0.874436,0.868266,0.887425,0.885868,0.844107,0.873543,0.856606,0.889318,0.881821,0.878850,0.895773,0.889059,0.893449,0.867027,0.845309,0.928336,0.894565,0.874857,0.843401,0.891961,0.857043,0.857391,0.859477,0.886500,0.894059,0.895527,0.904838,0.915322,0.833867,0.858866,0.878284
0.887777,0.869634,0.867172,0.895883,0.844951,0.878263,0.851449,0.820212,0.862136,0.827828,0.867547,1.000000,0.872625,0.839224,0.922397,0.859341,0.824738,0.806669,0.835640,0.864575,0.894414,0.817462,0.898915,0.880249,0.888424,0.855310,0.883774,0.853492,0.890298,0.862309,0.888449,0.839473,0.855238,0.852958,0.871810,0.893583,0.859891,0.835045,0.865497,0.870910,0.862944,0.850286,0.890234,0.888301,0.891137,0.866130,0.824328,0.836336,0.891120,0.836101,0.863443,0.874379,0.785655,0.825913,0.877955,0.863454,0.818376,0.896263,0.858970,0.871384,0.884074,0.862743,0.870892,0.868262,0.822073,0.885373,0.860469,0.855798,0.887990,0.877218,0.832188,0.876042,0.817160,0.842838,0.883516,0.864503,0.827456,0.855475,0.886878,0.856753,0.880822,0.856061,0.847801,0.838775,0.853765,0.830870,0.896333,0.853711,0.866465,0.879859,0.876868,0.850661,0.865023,0.879808,0.853295,0.890343,0.877595,0.871218,0.831225,0.830465,0.876671,0.889563,0.868834,0.855515,0.865192,0.862028,0.877168,0.856716,0.863801,0.861751,0.846902,0.846119,0.817446,0.817733,0.903895,0.849435,0.853011,0.701293,0.848330,0.923796,0.871404,0.912216,0.933450,0.842578,0.844528,0.850109,0.826751,0.864714,0.883371,0.856161,0.878151,0.849356,0.849244,0.852479,0.832861,0.869386,0.829502,0.904325,0.877619,0.933270,0.891622,0.813835,0.881937,0.834440,0.855053,0.852043,0.869275,0.842055,0.871532,0.836040,0.841314,0.860827,0.842502,0.874430,0.870747,0.863304,0.899725,0.899261,0.886944,0.911452,0.856202,0.873098,0.856485,0.863161,0.839946,0.846361,0.883931,0.876637,0.856728,0.866391,0.863777,0.853455,0.874865,0.861378,0.867806,0.867035,0.831881,0.855563,0.880453,0.838145,0.877041,0.891273,0.896698,0.832460,0.873652,0.853986,0.850316,0.904917,0.863222,0.889102,0.887014,0.942695,0.813161,0.884344,0.864524,0.853385,0.876852,0.882976,0.877346,0.831632,0.855799,0.901181,0.868137,0.863478,0.852734,0.839740,0.847142,0.867715,0.883448,0.854169,0.853445,0.861231,0.895734,0.862579,0.922841,0.860669,0.910917,0.870336,0.839213,0.827695,0.829365,0.868637,0.814287,0.852795,0.873853,0.858954,0.871014,0.855564,0.902955,0.807702,0.834822,0.821091,0.884914,0.808037,0.847894,0.869106,0.830787,0.857588,0.859367,0.845398,0.828063,0.890585,0.857380,0.938482,0.837846,0.898967,0.837068,0.891784,0.844192,0.879588,0.856929,0.916153,0.887022,0.905251,0.899848,0.839315,0.853533,0.879474,0.855730,0.873255,0.848662,0.864898,0.896997,0.898510,0.885757,0.883565,0.839843,0.881901,0.825892,0.827302,0.872264
0.881951,0.883635,0.879569,0.911527,0.891002,0.883268,0.833912,0.863027,0.857739,0.870912,0.884956,0.872625,1.000000,0.830118,0.903701,0.855876,0.867420,0.825889,0.827429,0.860773,0.890974,0.856045,0.839514,0.856226,0.887337,0.856908,0.859056,0.840855,0.865351,0.857285,0.875918,0.857240,0.841752,0.896581,0.868307,0.851689,0.883828,0.858275,0.817117,0.865580,0.880841,0.870361,0.890836,0.873127,0.883649,0.849531,0.834460,0.826366,0.827742,0.834459,0.873116,0.909903,0.810474,0.875337,0.855827,0.860531,0.826698,0.882929,0.866096,0.905111,0.854934,0.861431,0.910369,0.866615,0.851480,0.902689,0.842101,0.870731,0.866822,0.886160,0.839701,0.907826,0.816794,0.902935,0.900648,0.851178,0.862357,0.855539,0.887083,0.904026,0.881138,0.869638,0.869490,0.862244,0.857436,0.845001,0.873528,0.863603,0.887351,0.883375,0.885353,0.895553,0.882222,0.874465,0.889746,0.865533,0.883611,0.843069,0.847410,0.874268,0.854267,0.865092,0.892237,0.896798,0.870146,0.879470,0.866134,0.887902,0.881821,0.879968,0.851713,0.849983,0.879034,0.833541,0.905067,0.849480,0.843045,0.719603,0.844222,0.857915,0.867776,0.897127,0.841941,0.846261,0.883664,0.890017,0.876335,0.853182,0.865701,0.894111,0.877254,0.855516,0.891650,0.840098,0.872121,0.871475,0.868958,0.892453,0.890508,0.886341,0.897157,0.813102,0.883352,0.853470,0.856519,0.873433,0.889186,0.931253,0.829082,0.845821,0.890381,0.865827,0.869391,0.889639,0.864516,0.877309,0.881969,0.847000,0.855248,0.895693,0.875963,0.891560,0.882698,0.912698,0.871522,0.861670,0.892040,0.891402,0.897580,0.898645,0.851202,0.868357,0.867201,0.863853,0.876013,0.880087,0.850065,0.870729,0.890181,0.888684,0.871955,0.911174,0.879820,0.906204,0.870386,0.864357,0.877705,0.886434,0.889561,0.866785,0.886597,0.856416,0.877408,0.893461,0.906291,0.902768,0.892618,0.864187,0.912219,0.838113,0.873113,0.901919,0.875390,0.877231,0.843790,0.864058,0.885207,0.870868,0.877869,0.845176,0.847399,0.900423,0.892100,0.885661,0.898114,0.880860,0.896681,0.913096,0.852399,0.876406,0.890272,0.879226,0.858966,0.874784,0.885399,0.887684,0.894603,0.894102,0.852842,0.793675,0.863393,0.896115,0.877255,0.883530,0.889992,0.874074,0.886796,0.857379,0.859421,0.846882,0.864454,0.894382,0.878299,0.878267,0.863138,0.877659,0.847178,0.898797,0.878738,0.864563,0.869013,0.865533,0.893480,0.879853,0.866003,0.867135,0.852078,0.847108,0.830899,0.875737,0.863772,0.891632,0.833666,0.881822,0.926317,0.903163,0.900077,0.925389,0.848244,0.851406,0.877817
0.894373,0.815003,0.843850,0.831431,0.842470,0.788541,0.848426,0.845860,0.833517,0.835740,0.856987,0.839224,0.830118,1.000000,0.818610,0.881254,0.832255,0.735192,0.887120,0.899676,0.858649,0.786677,0.883969,0.868601,0.865372,0.868306,0.841610,0.879047,0.840812,0.855497,0.859975,0.813870,0.893716,0.834548,0.883111,0.897105,0.849849,0.832343,0.883186,0.813899,0.883680,0.870836,0.870981,0.887339,0.899208,0.846210,0.808574,0.743046,0.891263,0.871435,0.840735,0.861089,0.740996,0.837902,0.838341,0.859287,0.866854,0.822849,0.850214,0.845229,0.902116,0.851608,0.829516,0.804548,0.884032,0.810050,0.857642,0.772163,0.871435,0.827550,0.857838,0.832157,0.815371,0.829983,0.803909,0.834545,0.829990,0.854561,0.857759,0.837527,0.835806,0.832781,0.823563,0.798986,0.783157,0.820464,0.848757,0.827020,0.842179,0.848586,0.808675,0.854768,0.797446,0.839571,0.847425,0.822316,0.819989,0.892989,0.875486,0.856319,0.856558,0.835503,0.826057,0.862250,0.812216,0.811325,0.823497,0.822480,0.846960,0.806515,0.787136,0.875588,0.802389,0.843382,0.823805,0.845764,0.811515,0.677101,0.824658,0.898708,0.864133,0.885722,0.895426,0.844281,0.826293,0.794222,0.764743,0.890240,0.850615,0.805467,0.796863,0.813593,0.860224,0.829535,0.858137,0.827752,0.812106,0.844647,0.811226,0.888999,0.873602,0.864883,0.797224,0.881821,0.889231,0.819307,0.849655,0.831431,0.879046,0.880420,0.834545,0.795585,0.846300,0.836671,0.810606,0.846687,0.830516,0.851092,0.901668,0.813400,0.766562,0.884172,0.806509,0.830773,0.835931,0.836618,0.840706,0.868809,0.819633,0.844208,0.801804,0.846076,0.775570,0.817245,0.838283,0.810663,0.850174,0.863822,0.866898,0.855783,0.866515,0.841530,0.857385,0.832773,0.885585,0.832588,0.797135,0.871012,0.860430,0.879829,0.794856,0.884281,0.768006,0.825893,0.812208,0.851787,0.869595,0.919895,0.838830,0.765513,0.802486,0.820374,0.864828,0.781911,0.812362,0.874197,0.795764,0.828691,0.857977,0.809022,0.801322,0.803888,0.892704,0.841833,0.831052,0.845323,0.848569,0.848674,0.754647,0.769391,0.820780,0.863691,0.847458,0.854406,0.833187,0.817609,0.855268,0.842949,0.877962,0.844249,0.854299,0.822749,0.786049,0.797590,0.827459,0.811615,0.854783,0.860097,0.837640,0.823306,0.810930,0.852354,0.807411,0.892641,0.866459,0.806593,0.810058,0.881596,0.824559,0.849794,0.861702,0.874388,0.817201,0.899749,0.888974,0.796691,0.855709,0.821810,0.816366,0.839361,0.786428,0.807048,0.849634,0.883297,0.811993,0.875294,0.825946,0.856769,0.860915,0.787201,0.867860
0.879006,0.903841,0.878237,0.918866,0.870561,0.911324,0.846228,0.856177,0.863787,0.871629,0.869291,0.922397,0.903701,0.818610,1.000000,0.858840,0.835754,0.833778,0.808116,0.861404,0.909696,0.863297,0.851467,0.879683,0.885728,0.873712,0.874350,0.838273,0.898561,0.862162,0.897268,0.861360,0.835974,0.857160,0.883935,0.850887,0.898482,0.842123,0.820258,0.874597,0.872074,0.854735,0.895382,0.866296,0.886967,0.848658,0.821427,0.856272,0.859496,0.836506,0.853433,0.887219,0.800094,0.856182,0.879870,0.893779,0.812935,0.913987,0.879127,0.876861,0.845039,0.855066,0.889252,0.877697,0.835217,0.905998,0.869716,0.887599,0.872978,0.876576,0.842681,0.899826,0.832292,0.868043,0.887573,0.862206,0.870917,0.862920,0.879122,0.872552,0.873791,0.866423,0.883292,0.857835,0.899570,0.856722,0.885441,0.873732,0.887102,0.884946,0.892820,0.870190,0.873073,0.889270,0.881036,0.896117,0.875056,0.843839,0.830621,0.855037,0.864070,0.882654,0.884291,0.879330,0.882395,0.893578,0.873563,0.880901,0.867483,0.911018,0.889041,0.834436,0.847389,0.830637,0.930985,0.840356,0.854183,0.706378,0.844112,0.882500,0.885004,0.914634,0.867215,0.844385,0.872708,0.885650,0.867486,0.850727,0.878663,0.916777,0.887434,0.850096,0.876492,0.835810,0.850824,0.896456,0.877034,0.912608,0.914949,0.883071,0.883516,0.814930,0.896691,0.844987,0.855927,0.883650,0.883064,0.876246,0.833598,0.832201,0.854249,0.874530,0.851278,0.889217,0.883297,0.891163,0.909461,0.880716,0.850097,0.907258,0.878530,0.877558,0.895322,0.896130,0.864089,0.875660,0.885516,0.882305,0.887414,0.875956,0.870667,0.865676,0.896846,0.884329,0.865409,0.884513,0.828346,0.865408,0.883759,0.843007,0.862492,0.906488,0.889696,0.864048,0.885457,0.859745,0.886483,0.904249,0.892592,0.880286,0.923090,0.878870,0.835943,0.879643,0.876054,0.874122,0.881207,0.864734,0.900650,0.835697,0.859054,0.937791,0.869132,0.911325,0.889136,0.853457,0.886173,0.897708,0.894543,0.854778,0.854239,0.900848,0.898408,0.889281,0.937725,0.876150,0.909292,0.892703,0.880368,0.846503,0.851339,0.902921,0.854168,0.867357,0.897227,0.891684,0.906134,0.872614,0.850517,0.799040,0.859938,0.846184,0.919816,0.841190,0.856459,0.897918,0.851720,0.866179,0.877324,0.878864,0.862674,0.894618,0.895407,0.908622,0.855390,0.911362,0.860634,0.913293,0.866762,0.887177,0.874615,0.895832,0.900558,0.874562,0.867145,0.867219,0.859480,0.865210,0.846560,0.875787,0.857017,0.891796,0.858359,0.894612,0.894523,0.911065,0.866756,0.882798,0.849640,0.876617,0.879290
0.889984,0.868568,0.907449,0.888143,0.848834,0.860117,0.869444,0.858501,0.880588,0.836282,0.888458,0.859341,0.855876,0.881254,0.858840,1.000000,0.909770,0.821470,0.910845,0.944138,0.876733,0.824261,0.832652,0.897418,0.924580,0.893550,0.905486,0.914433,0.852958,0.857418,0.916489,0.896217,0.870083,0.855852,0.883475,0.866757,0.873512,0.883000,0.849031,0.878693,0.913700,0.928049,0.903861,0.899982,0.949166,0.847017,0.885047,0.813598,0.880924,0.868287,0.898886,0.890606,0.800411,0.818866,0.851641,0.898404,0.908595,0.892970,0.910313,0.894211,0.890658,0.896305,0.887741,0.869084,0.922069,0.862927,0.915479,0.858883,0.906741,0.869184,0.894026,0.872962,0.899748,0.848589,0.864078,0.849636,0.864094,0.917384,0.893109,0.883735,0.896735,0.910294,0.908770,0.823889,0.853433,0.887593,0.885750,0.873807,0.900652,0.916175,0.856098,0.932087,0.875281,0.889741,0.883807,0.896071,0.877696,0.921789,0.930910,0.905460,0.901095,0.928255,0.864490,0.899749,0.865340,0.869658,0.886381,0.869367,0.855704,0.849722,0.861222,0.881832,0.821238,0.870082,0.875685,0.921606,0.881080,0.730935,0.897441,0.876359,0.896240,0.903349,0.862043,0.899577,0.873680,0.801394,0.808506,0.927548,0.877873,0.827461,0.853050,0.848039,0.849992,0.887879,0.907214,0.859225,0.843329,0.883440,0.855220,0.901929,0.933222,0.918131,0.878284,0.924210,0.879074,0.908967,0.869506,0.850115,0.894218,0.894100,0.882061,0.887850,0.930154,0.874534,0.842781,0.860105,0.858144,0.856643,0.874974,0.882002,0.845013,0.866341,0.850968,0.853542,0.882048,0.884311,0.893143,0.895226,0.864235,0.859168,0.840811,0.847775,0.847614,0.868354,0.896271,0.876542,0.918801,0.928837,0.910369,0.871268,0.907465,0.879836,0.859105,0.856177,0.906081,0.893519,0.844560,0.901557,0.924288,0.897451,0.838622,0.883463,0.810681,0.868808,0.845014,0.898712,0.884633,0.886961,0.861712,0.834715,0.871899,0.858531,0.879968,0.819071,0.862020,0.871877,0.852804,0.863467,0.920325,0.856028,0.822429,0.885812,0.884709,0.883730,0.882820,0.888927,0.879794,0.881986,0.791934,0.841516,0.853375,0.891872,0.853128,0.911378,0.881170,0.861583,0.907572,0.887334,0.869452,0.916915,0.922534,0.864336,0.848822,0.823065,0.862129,0.873304,0.899414,0.934529,0.866398,0.864603,0.841496,0.882539,0.863613,0.905330,0.878870,0.870217,0.872129,0.883152,0.857928,0.899919,0.883011,0.882480,0.876189,0.891682,0.861905,0.858163,0.905053,0.877945,0.852690,0.921906,0.820293,0.867991,0.871739,0.913070,0.865634,0.878763,0.862544,0.899783,0.863811,0.841848,0.904459
0.880604,0.881955,0.921132,0.888045,0.871067,0.881172,0.834210,0.826624,0.848455,0.839449,0.855620,0.824738,0.867420,0.832255,0.835754,0.909770,1.000000,0.841336,0.875699,0.895475,0.855235,0.876240,0.802829,0.878785,0.889391,0.866537,0.919739,0.872792,0.823310,0.858547,0.899185,0.903275,0.845498,0.849318,0.858379,0.829360,0.877641,0.910469,0.811690,0.866030,0.899107,0.932457,0.886027,0.884155,0.909996,0.812613,0.876088,0.821296,0.823011,0.843603,0.871032,0.866544,0.809774,0.820734,0.860664,0.862620,0.849441,0.877089,0.872766,0.901763,0.850999,0.885567,0.890700,0.878989,0.887664,0.879756,0.877788,0.844624,0.879597,0.882171,0.892990,0.863559,0.825271,0.864619,0.873553,0.829175,0.846748,0.881868,0.858730,0.880616,0.858296,0.885218,0.880196,0.834150,0.835104,0.893946,0.854927,0.842538,0.924996,0.893649,0.833351,0.945362,0.879156,0.872120,0.862121,0.871728,0.842436,0.867245,0.889039,0.916242,0.879151,0.889487,0.874502,0.888976,0.874462,0.834885,0.865154,0.829998,0.832990,0.829171,0.842374,0.840492,0.826016,0.833749,0.846363,0.870451,0.823858,0.714820,0.878455,0.847565,0.891266,0.867022,0.812007,0.870762,0.851094,0.821059,0.831578,0.871890,0.887014,0.839971,0.844683,0.833679,0.844471,0.858616,0.893435,0.864117,0.849369,0.871493,0.844184,0.871843,0.916485,0.852025,0.870121,0.866634,0.860021,0.894815,0.847783,0.838169,0.855389,0.917357,0.858446,0.853582,0.915137,0.838006,0.829961,0.853344,0.859439,0.830420,0.843795,0.848882,0.827805,0.870243,0.834061,0.861621,0.862752,0.873922,0.882475,0.867848,0.868529,0.828994,0.815686,0.835504,0.819645,0.857992,0.876762,0.857242,0.898340,0.903482,0.877133,0.870554,0.867485,0.892885,0.838030,0.872068,0.878115,0.874141,0.843002,0.874885,0.905711,0.865526,0.839320,0.837844,0.825376,0.855342,0.842128,0.884836,0.878388,0.865235,0.858914,0.807065,0.865914,0.842560,0.840416,0.820914,0.823926,0.848448,0.846337,0.861582,0.896974,0.826787,0.799390,0.879867,0.870317,0.868977,0.850754,0.865873,0.855423,0.865934,0.800719,0.811314,0.883156,0.871965,0.845224,0.876646,0.861874,0.847938,0.902494,0.877140,0.816429,0.833050,0.891045,0.875136,0.834052,0.850902,0.850641,0.842777,0.900378,0.893660,0.855963,0.836757,0.848656,0.867061,0.837076,0.861234,0.851375,0.857276,0.848498,0.858787,0.852753,0.869620,0.879214,0.838228,0.870348,0.854753,0.840615,0.820510,0.861021,0.846883,0.816635,0.899743,0.803180,0.863898,0.826053,0.880735,0.876734,0.870880,0.862162,0.879317,0.831276,0.830754,0.874388
0.825188,0.882925,0.822697,0.859167,0.810955,0.874146,0.753037,0.772630,0.779511,0.808583,0.805414,0.806669,0.825889,0.735192,0.833778,0.821470,0.841336,1.000000,0.763626,0.798510,0.803785,0.854090,0.744038,0.783579,0.825070,0.789619,0.847533,0.784287,0.787201,0.786460,0.845115,0.868902,0.741937,0.796733,0.781095,0.749167,0.847980,0.820435,0.757122,0.811762,0.803019,0.819608,0.801876,0.784724,0.817708,0.746712,0.791340,0.953645,0.759077,0.768836,0.795107,0.794967,0.819371,0.808373,0.827957,0.816806,0.768131,0.844845,0.826161,0.821793,0.764102,0.807043,0.838703,0.837860,0.783006,0.869728,0.813761,0.884056,0.820836,0.817923,0.772161,0.816788,0.802009,0.837877,0.854190,0.768257,0.796945,0.809984,0.815236,0.845723,0.814280,0.820748,0.823743,0.843127,0.888376,0.821354,0.814333,0.801130,0.825473,0.813935,0.821535,0.843030,0.856506,0.821792,0.818272,0.876784,0.789476,0.769948,0.779062,0.816097,0.797700,0.810726,0.861214,0.813327,0.848162,0.839524,0.813260,0.808171,0.810800,0.817331,0.891998,0.764671,0.813965,0.769279,0.847235,0.823124,0.790404,0.648967,0.799043,0.773638,0.821478,0.819607,0.759771,0.788839,0.815378,0.810731,0.868495,0.790551,0.807165,0.829119,0.799596,0.765986,0.804999,0.768952,0.810549,0.836789,0.828213,0.802044,0.808627,0.781115,0.798402,0.760986,0.843102,0.788888,0.791323,0.841636,0.793061,0.814193,0.766059,0.791598,0.805563,0.870968,0.826779,0.792497,0.817343,0.809089,0.841263,0.793864,0.776369,0.845134,0.825934,0.817895,0.840214,0.844160,0.809971,0.806806,0.828361,0.816123,0.869977,0.790124,0.772758,0.785073,0.862893,0.801872,0.821841,0.885256,0.793574,0.821423,0.798987,0.822186,0.816009,0.830511,0.761555,0.829235,0.809324,0.797411,0.813227,0.809871,0.843932,0.808199,0.803910,0.772773,0.820169,0.802806,0.838202,0.821574,0.784220,0.784465,0.837630,0.792890,0.856498,0.816386,0.782658,0.860527,0.807750,0.777511,0.837281,0.856574,0.845576,0.769182,0.752379,0.828292,0.799887,0.811905,0.848049,0.823516,0.808429,0.832601,0.787960,0.813669,0.857827,0.817247,0.788454,0.815903,0.839003,0.818043,0.836463,0.831621,0.749263,0.756918,0.805241,0.837789,0.836262,0.826411,0.837588,0.838385,0.823678,0.810414,0.785191,0.796112,0.802986,0.805734,0.809594,0.802908,0.789012,0.790476,0.810504,0.813001,0.819822,0.791763,0.801404,0.798835,0.827136,0.765464,0.776466,0.819888,0.792045,0.796142,0.792552,0.816592,0.758098,0.846738,0.796908,0.813338,0.829876,0.825530,0.793658,0.825883,0.766910,0.805031,0.816701
0.894351,0.816445,0.857557,0.844570,0.850337,0.790420,0.880244,0.820630,0.855578,0.815575,0.844931,0.835640,0.827429,0.887120,0.808116,0.910845,0.875699,0.763626,0.999999,0.916490,0.850834,0.810068,0.874361,0.867139,0.896087,0.856620,0.863092,0.909498,0.815622,0.874340,0.854820,0.838899,0.902632,0.880369,0.852479,0.900676,0.856684,0.846579,0.904021,0.804060,0.888414,0.886617,0.896656,0.881140,0.908804,0.813672,0.852084,0.768998,0.857401,0.874803,0.859692,0.842179,0.753916,0.784270,0.829766,0.845794,0.899762,0.837693,0.865139,0.864119,0.935744,0.881882,0.845640,0.811733,0.911820,0.809808,0.865551,0.765021,0.898763,0.839110,0.889674,0.821869,0.831951,0.801372,0.813966,0.824166,0.807960,0.847846,0.849653,0.847646,0.834311,0.839776,0.824167,0.789865,0.788327,0.805099,0.838197,0.820992,0.840820,0.843359,0.780804,0.880369,0.839279,0.839309,0.845292,0.843424,0.807370,0.924060,0.916247,0.842875,0.874049,0.842409,0.806708,0.852863,0.808266,0.800573,0.822058,0.824258,0.822786,0.779671,0.772973,0.858190,0.763499,0.838729,0.807361,0.857390,0.808402,0.749419,0.861293,0.877444,0.869604,0.871348,0.881568,0.838400,0.816616,0.752401,0.763092,0.919596,0.865003,0.785457,0.799411,0.803009,0.833041,0.832529,0.851869,0.820823,0.800080,0.824875,0.797883,0.892639,0.897300,0.899168,0.821692,0.886534,0.908944,0.831814,0.856512,0.817156,0.896678,0.906693,0.852141,0.817577,0.856634,0.826596,0.789595,0.795100,0.799432,0.833257,0.897780,0.833050,0.791211,0.842268,0.805448,0.803941,0.823776,0.818738,0.815360,0.843381,0.809940,0.811968,0.798507,0.816761,0.740061,0.809893,0.854132,0.805001,0.866327,0.858840,0.855134,0.842402,0.872137,0.840867,0.831669,0.834097,0.877374,0.842372,0.799551,0.868647,0.854197,0.890672,0.776737,0.880065,0.752119,0.822437,0.811398,0.854992,0.870085,0.923997,0.810195,0.770986,0.833412,0.803527,0.832116,0.776276,0.811072,0.870319,0.795963,0.797396,0.850432,0.826425,0.767904,0.805145,0.879515,0.833703,0.805561,0.842331,0.840045,0.829490,0.730744,0.786192,0.840665,0.848098,0.813548,0.843748,0.836088,0.789220,0.837467,0.833007,0.890598,0.873402,0.884992,0.833920,0.769872,0.790914,0.793925,0.798820,0.856379,0.866929,0.810330,0.802096,0.796414,0.858038,0.792947,0.863664,0.829551,0.819325,0.830576,0.828844,0.821516,0.876741,0.843285,0.856308,0.832864,0.898609,0.892228,0.784432,0.851074,0.814293,0.821212,0.852817,0.756525,0.807061,0.846737,0.893832,0.824625,0.843435,0.830431,0.863804,0.814993,0.768815,0.856481
0.909516,0.850078,0.895244,0.871208,0.887162,0.838499,0.879157,0.857174,0.870185,0.844267,0.865740,0.864575,0.860773,0.899676,0.861404,0.944138,0.895475,0.798510,0.916490,1.000001,0.895695,0.826608,0.869667,0.908600,0.914867,0.920736,0.884913,0.942484,0.859785,0.878911,0.902708,0.870174,0.903276,0.870474,0.916186,0.882939,0.888321,0.892484,0.857147,0.849549,0.944885,0.931665,0.919707,0.912489,0.946839,0.844987,0.871567,0.798348,0.886199,0.915616,0.887300,0.892147,0.759812,0.822699,0.841479,0.887030,0.929153,0.867318,0.920093,0.898632,0.913158,0.880690,0.890239,0.832918,0.953463,0.866210,0.896706,0.838544,0.896464,0.872808,0.924418,0.868608,0.872107,0.849221,0.836438,0.857917,0.855022,0.913150,0.876540,0.894502,0.885981,0.893163,0.899378,0.829289,0.836674,0.870424,0.880016,0.861000,0.905249,0.912721,0.831014,0.920228,0.870183,0.888138,0.853606,0.886641,0.853691,0.949011,0.959860,0.891796,0.913265,0.888805,0.863820,0.906687,0.835087,0.857073,0.858742,0.870965,0.859589,0.842827,0.831827,0.904766,0.823055,0.889654,0.857124,0.903278,0.865109,0.722992,0.883320,0.898265,0.907937,0.921252,0.877398,0.885223,0.849751,0.811030,0.798988,0.940912,0.872004,0.834487,0.828141,0.842825,0.860389,0.865148,0.891142,0.849915,0.841890,0.894856,0.848924,0.914229,0.940008,0.925382,0.854561,0.935748,0.902665,0.896211,0.880561,0.855707,0.890000,0.907535,0.867299,0.877264,0.922673,0.870309,0.844342,0.851944,0.843746,0.846091,0.888449,0.862177,0.831498,0.867989,0.848091,0.848154,0.859277,0.871790,0.886489,0.902178,0.861034,0.863251,0.845347,0.863850,0.820238,0.860676,0.883817,0.862335,0.896888,0.909946,0.921130,0.873297,0.892785,0.866466,0.870756,0.852715,0.919061,0.878356,0.859749,0.891889,0.914855,0.895233,0.830324,0.892996,0.793669,0.861361,0.839475,0.883890,0.903209,0.910734,0.856064,0.807644,0.862888,0.862151,0.883361,0.826406,0.880236,0.901842,0.843189,0.846975,0.926127,0.846803,0.824283,0.881418,0.908392,0.886810,0.873212,0.893703,0.880002,0.874682,0.802172,0.814885,0.857114,0.896773,0.869534,0.897011,0.883749,0.879717,0.897326,0.869507,0.875904,0.911974,0.934792,0.857249,0.822987,0.821955,0.846077,0.866981,0.908647,0.926104,0.863822,0.869355,0.828338,0.893034,0.850479,0.913514,0.892049,0.857179,0.845433,0.878844,0.870614,0.898745,0.894381,0.879411,0.864705,0.907679,0.886577,0.818603,0.901073,0.858364,0.819021,0.895788,0.799715,0.859714,0.851764,0.920268,0.844263,0.886980,0.852014,0.887789,0.875873,0.828113,0.902507
0.896036,0.872548,0.881381,0.899465,0.924124,0.870687,0.879428,0.840713,0.881875,0.857132,0.870489,0.894414,0.890974,0.858649,0.909696,0.876733,0.855235,0.803785,0.850834,0.895695,1.000000,0.847603,0.869115,0.903097,0.888030,0.920283,0.877270,0.867170,0.858214,0.909774,0.896785,0.851390,0.870808,0.856953,0.930054,0.880831,0.890216,0.852322,0.862222,0.851048,0.895519,0.902368,0.908272,0.898589,0.907808,0.872199,0.864306,0.829176,0.886216,0.882580,0.860986,0.884685,0.803712,0.842562,0.851574,0.905187,0.864535,0.896360,0.893852,0.869550,0.888036,0.890096,0.888262,0.860485,0.868305,0.908644,0.894268,0.870270,0.881867,0.928026,0.889253,0.896793,0.835547,0.876046,0.869937,0.865479,0.854109,0.891560,0.883234,0.891176,0.893468,0.888392,0.881595,0.872386,0.854603,0.851830,0.884312,0.851119,0.893893,0.916850,0.866162,0.886875,0.882638,0.918405,0.859684,0.892611,0.894577,0.870061,0.875035,0.849904,0.917761,0.871383,0.864713,0.872144,0.849858,0.869790,0.890752,0.897958,0.878365,0.864332,0.838834,0.863622,0.842544,0.831676,0.890021,0.858006,0.883804,0.706698,0.879764,0.896145,0.912461,0.916356,0.883357,0.889825,0.850507,0.878720,0.828758,0.908066,0.883195,0.868494,0.860232,0.886478,0.872125,0.874543,0.871828,0.886817,0.887704,0.907816,0.884776,0.899655,0.898421,0.846706,0.885636,0.880651,0.896636,0.887154,0.912760,0.866627,0.865408,0.876206,0.846555,0.862698,0.876205,0.867159,0.848793,0.867954,0.862951,0.861750,0.882524,0.881896,0.845195,0.878446,0.874434,0.870905,0.852530,0.857593,0.875607,0.895505,0.897050,0.871845,0.875945,0.863009,0.852181,0.879935,0.851986,0.879807,0.866374,0.878512,0.925829,0.853753,0.882150,0.887011,0.888353,0.868157,0.904168,0.879686,0.898341,0.896948,0.894944,0.894602,0.862039,0.892173,0.819456,0.872526,0.859293,0.866249,0.920470,0.899119,0.901081,0.806116,0.878062,0.891629,0.875536,0.857637,0.868792,0.874676,0.905629,0.862651,0.895050,0.856847,0.862797,0.906399,0.901581,0.882210,0.907394,0.872827,0.894143,0.902391,0.886651,0.830642,0.856397,0.892837,0.829435,0.871959,0.912833,0.924717,0.904586,0.853857,0.874429,0.830791,0.889917,0.857199,0.857950,0.833749,0.866460,0.896313,0.870012,0.892970,0.863140,0.860190,0.845771,0.897252,0.901271,0.918105,0.854497,0.866224,0.851205,0.880615,0.890889,0.884711,0.871479,0.895904,0.902031,0.895109,0.902626,0.831187,0.875241,0.884738,0.843265,0.871153,0.846419,0.918449,0.870915,0.914294,0.882178,0.892496,0.862278,0.876662,0.836303,0.853239,0.875792
0.864408,0.920900,0.852407,0.870521,0.863077,0.877967,0.797287,0.814346,0.812281,0.848790,0.819244,0.817462,0.856045,0.786677,0.863297,0.824261,0.876240,0.854090,0.810068,0.826608,0.847603,1.000000,0.776565,0.823535,0.832648,0.842487,0.874147,0.813598,0.799596,0.862564,0.858450,0.856997,0.783220,0.833657,0.825105,0.807514,0.897790,0.851065,0.794124,0.819892,0.855397,0.852503,0.847003,0.825155,0.844031,0.770674,0.809927,0.855246,0.788158,0.806491,0.802590,0.814788,0.788515,0.826329,0.918466,0.857503,0.806896,0.865280,0.828003,0.851005,0.794206,0.840378,0.875102,0.878661,0.819720,0.887200,0.822686,0.842892,0.865499,0.847866,0.833481,0.836423,0.776788,0.861713,0.856151,0.820901,0.827105,0.815644,0.815600,0.863379,0.815040,0.829461,0.834858,0.880666,0.839141,0.823129,0.821670,0.804889,0.864915,0.853883,0.807107,0.869665,0.861377,0.846620,0.831491,0.842388,0.806706,0.816603,0.814890,0.864793,0.824086,0.826618,0.887830,0.851873,0.921125,0.815468,0.821121,0.819360,0.821959,0.835901,0.856557,0.794039,0.819463,0.835563,0.862616,0.799458,0.770740,0.678210,0.809212,0.805201,0.850453,0.853677,0.782927,0.802940,0.813886,0.840435,0.855085,0.835384,0.851515,0.897938,0.828270,0.782970,0.845452,0.799057,0.846290,0.871350,0.830048,0.830707,0.812800,0.820979,0.845868,0.801118,0.870500,0.800023,0.828150,0.860656,0.849022,0.825647,0.792072,0.858977,0.799186,0.818441,0.831848,0.817814,0.826165,0.850130,0.885071,0.835994,0.809939,0.828899,0.823370,0.867070,0.824571,0.840718,0.833677,0.833190,0.826111,0.850781,0.873890,0.814333,0.808966,0.827052,0.809400,0.843987,0.837104,0.853269,0.817925,0.843610,0.826231,0.847026,0.809164,0.860876,0.815075,0.859538,0.856435,0.819550,0.819243,0.853823,0.856187,0.829800,0.808996,0.795259,0.805444,0.822132,0.852971,0.835860,0.825839,0.827580,0.846762,0.797107,0.838185,0.828363,0.834820,0.866344,0.824218,0.808230,0.840935,0.886435,0.832069,0.781196,0.786969,0.846499,0.848996,0.837483,0.847100,0.828921,0.820542,0.870987,0.806811,0.784393,0.866627,0.865620,0.834574,0.812490,0.827823,0.844796,0.869565,0.837412,0.779642,0.778885,0.844968,0.863636,0.835659,0.826556,0.831508,0.830412,0.842543,0.819077,0.828305,0.816585,0.832769,0.835119,0.842780,0.823706,0.835174,0.812938,0.816476,0.849412,0.842278,0.833922,0.827378,0.816738,0.832043,0.795803,0.815579,0.791009,0.814390,0.803823,0.790513,0.828564,0.786450,0.847339,0.787259,0.835952,0.832554,0.874810,0.820336,0.819224,0.826552,0.812598,0.857281
0.907178,0.813008,0.829679,0.840024,0.843811,0.811949,0.866703,0.802055,0.825111,0.816489,0.841007,0.898915,0.839514,0.883969,0.851467,0.832652,0.802829,0.744038,0.874361,0.869667,0.869115,0.776565,1.000000,0.861157,0.888386,0.854502,0.838198,0.875238,0.862115,0.862600,0.848400,0.797704,0.927116,0.830990,0.870648,0.940259,0.848612,0.815074,0.893248,0.811659,0.857608,0.842878,0.902978,0.914911,0.878178,0.825777,0.797932,0.770959,0.885172,0.858130,0.835649,0.849328,0.753212,0.785316,0.819464,0.856699,0.820449,0.849920,0.809766,0.835995,0.918333,0.844756,0.838464,0.810763,0.848549,0.830024,0.840033,0.775887,0.878153,0.841598,0.833213,0.832849,0.776135,0.810444,0.816620,0.839008,0.804166,0.819477,0.855359,0.837442,0.834525,0.821905,0.818663,0.798166,0.791209,0.796403,0.869364,0.805992,0.830000,0.819769,0.801579,0.829816,0.810433,0.859243,0.820404,0.828916,0.815850,0.864850,0.833555,0.817739,0.859894,0.805021,0.814367,0.837073,0.796715,0.819328,0.823857,0.812852,0.837707,0.809994,0.776087,0.860143,0.782465,0.784419,0.829359,0.811871,0.802393,0.654990,0.821984,0.940806,0.858238,0.883007,0.946095,0.813359,0.796928,0.786423,0.768708,0.864109,0.862013,0.807021,0.824613,0.821968,0.817652,0.806593,0.810272,0.829197,0.805518,0.828891,0.814851,0.929759,0.861997,0.803027,0.819193,0.835416,0.886167,0.809926,0.860625,0.814244,0.883990,0.864451,0.831782,0.797454,0.812930,0.813960,0.804053,0.818367,0.818201,0.876636,0.941758,0.820070,0.762773,0.835505,0.799531,0.817140,0.802638,0.806968,0.824363,0.860365,0.809426,0.818908,0.815118,0.828191,0.790930,0.832153,0.821884,0.823374,0.808109,0.829535,0.848194,0.837875,0.879259,0.842973,0.866534,0.822681,0.864870,0.816451,0.793467,0.874767,0.838796,0.898163,0.809355,0.939131,0.759487,0.834951,0.824465,0.838732,0.889962,0.946718,0.834725,0.767165,0.816911,0.838735,0.832452,0.800237,0.823316,0.848188,0.796902,0.808510,0.846124,0.803117,0.801711,0.805161,0.917721,0.846154,0.838872,0.834265,0.873438,0.842173,0.759667,0.780986,0.823053,0.841666,0.790029,0.818828,0.848010,0.815767,0.819182,0.819453,0.934988,0.783540,0.836113,0.809861,0.792180,0.791106,0.807172,0.791790,0.825968,0.830538,0.817019,0.828743,0.790886,0.906186,0.814197,0.924132,0.804767,0.829867,0.821154,0.851357,0.834857,0.845083,0.838779,0.896311,0.843570,0.924357,0.939290,0.775749,0.829730,0.817741,0.836220,0.827651,0.788032,0.809911,0.865657,0.880098,0.835696,0.851927,0.821253,0.858076,0.789214,0.781046,0.826118
0.894638,0.853315,0.888171,0.889401,0.864987,0.844098,0.875097,0.827801,0.892197,0.831199,0.838696,0.880249,0.856226,0.868601,0.879683,0.897418,0.878785,0.783579,0.867139,0.908600,0.903097,0.823535,0.861157,1.000000,0.891975,0.902920,0.900883,0.882597,0.863854,0.867214,0.901570,0.863161,0.853824,0.840082,0.908722,0.871233,0.882392,0.852658,0.871717,0.884579,0.904671,0.931950,0.905215,0.897160,0.922805,0.871812,0.846880,0.798972,0.900652,0.874605,0.857145,0.898474,0.782797,0.818760,0.854804,0.898450,0.871860,0.876606,0.891106,0.861845,0.917935,0.867044,0.867009,0.850123,0.879005,0.882707,0.908344,0.839757,0.897533,0.925765,0.936320,0.866051,0.879308,0.838829,0.870377,0.850187,0.855461,0.912910,0.883859,0.867461,0.887540,0.885521,0.877332,0.828446,0.831533,0.869747,0.920991,0.866447,0.888523,0.905852,0.863965,0.882725,0.852965,0.892780,0.858138,0.901688,0.863500,0.883881,0.883971,0.862992,0.954455,0.881855,0.840624,0.862475,0.857612,0.841008,0.891423,0.847689,0.850255,0.858245,0.823865,0.861090,0.813191,0.855034,0.867215,0.870878,0.881554,0.717881,0.861383,0.902310,0.892122,0.892380,0.891656,0.890372,0.841444,0.848124,0.807678,0.900270,0.873747,0.842230,0.868347,0.873027,0.838820,0.875266,0.860839,0.875942,0.848590,0.898986,0.864406,0.910579,0.916813,0.872816,0.858370,0.891072,0.889456,0.867042,0.869706,0.817421,0.911720,0.892921,0.844974,0.873374,0.883554,0.861930,0.836989,0.858394,0.864019,0.879361,0.881891,0.858257,0.809202,0.871041,0.843565,0.840463,0.834812,0.860960,0.880617,0.884543,0.854085,0.860057,0.874452,0.861954,0.842288,0.879093,0.878173,0.845161,0.870983,0.898113,0.924424,0.835237,0.892258,0.873575,0.873724,0.835019,0.879159,0.870655,0.857350,0.907712,0.904880,0.897260,0.862369,0.896743,0.789498,0.850116,0.832138,0.864062,0.913798,0.900131,0.866323,0.790940,0.865113,0.870896,0.871640,0.821782,0.869031,0.863279,0.846253,0.869228,0.905680,0.840862,0.833415,0.884367,0.906169,0.875808,0.880478,0.868934,0.887834,0.876585,0.838429,0.816191,0.824147,0.918157,0.822148,0.897325,0.889000,0.880242,0.893625,0.851116,0.877687,0.859851,0.877667,0.832726,0.849799,0.799042,0.839827,0.872612,0.860222,0.899504,0.877227,0.866426,0.820133,0.892550,0.855901,0.929603,0.840746,0.882418,0.875536,0.888369,0.833603,0.873475,0.873665,0.897029,0.885272,0.902272,0.906817,0.810692,0.860938,0.880607,0.860291,0.880084,0.818719,0.867190,0.880568,0.906831,0.873121,0.885032,0.840330,0.879178,0.837375,0.850372,0.866006
0.903128,0.885249,0.899723,0.894364,0.863558,0.875431,0.898986,0.883638,0.896815,0.836491,0.920813,0.888424,0.887337,0.865372,0.885728,0.924580,0.889391,0.825070,0.896087,0.914867,0.888030,0.832648,0.888386,0.891975,1.000000,0.877454,0.907751,0.897482,0.867656,0.863565,0.917275,0.887993,0.891182,0.894168,0.892366,0.898843,0.874980,0.878812,0.877214,0.872866,0.896393,0.902828,0.942359,0.903206,0.928888,0.863871,0.907302,0.835598,0.897873,0.861579,0.943982,0.907705,0.809955,0.836290,0.863124,0.909799,0.866849,0.905352,0.881207,0.907061,0.906236,0.906145,0.887816,0.875978,0.895391,0.870965,0.906145,0.857610,0.900701,0.874887,0.872666,0.890221,0.861555,0.854948,0.887968,0.882089,0.885060,0.893434,0.915861,0.882348,0.893581,0.904959,0.905006,0.839292,0.864003,0.889587,0.898602,0.887778,0.892754,0.883524,0.872094,0.912473,0.871878,0.905683,0.881335,0.907352,0.886685,0.888174,0.883749,0.873294,0.891247,0.904121,0.868193,0.883987,0.872784,0.878663,0.903912,0.882124,0.877575,0.866692,0.857712,0.876773,0.832209,0.829774,0.872801,0.892282,0.869229,0.720003,0.922146,0.905508,0.911777,0.920511,0.895695,0.891474,0.873994,0.825206,0.829084,0.887396,0.899316,0.841686,0.895109,0.866282,0.868712,0.888087,0.907523,0.870052,0.859503,0.883118,0.860496,0.919855,0.916680,0.861718,0.883076,0.896274,0.890423,0.899987,0.875810,0.885269,0.910323,0.887609,0.929166,0.882981,0.895634,0.905580,0.849306,0.859367,0.869227,0.890210,0.895546,0.897391,0.858957,0.879193,0.866291,0.871196,0.888819,0.896952,0.892591,0.893374,0.866436,0.896521,0.859548,0.888960,0.860107,0.872834,0.883452,0.888179,0.906891,0.911436,0.897343,0.880713,0.948331,0.903974,0.892502,0.869851,0.896926,0.908503,0.842843,0.900790,0.915196,0.920243,0.858438,0.905912,0.820804,0.918427,0.868299,0.916377,0.897712,0.917489,0.886038,0.822590,0.878264,0.878242,0.871182,0.835771,0.889204,0.900591,0.861482,0.874361,0.923557,0.901014,0.867094,0.890970,0.920858,0.905834,0.900992,0.894465,0.906846,0.884059,0.802756,0.883091,0.862345,0.877911,0.836790,0.901816,0.897782,0.858361,0.895511,0.888711,0.889142,0.850426,0.878998,0.871597,0.855131,0.836382,0.868659,0.852779,0.890364,0.914757,0.883570,0.903519,0.872863,0.904444,0.872882,0.926538,0.850576,0.876750,0.895012,0.874330,0.876298,0.909810,0.908756,0.920317,0.913366,0.900634,0.883069,0.877598,0.892640,0.898256,0.883823,0.912439,0.851166,0.864930,0.896487,0.922926,0.893975,0.899965,0.894352,0.922344,0.834370,0.868541,0.879336
0.896834,0.861306,0.874385,0.862933,0.909471,0.848306,0.859862,0.840758,0.840539,0.869043,0.869554,0.855310,0.856908,0.868306,0.873712,0.893550,0.866537,0.789619,0.856620,0.920736,0.920283,0.842487,0.854502,0.902920,0.877454,1.000000,0.885656,0.906131,0.862144,0.891227,0.910098,0.860161,0.875528,0.834785,0.930160,0.875685,0.889135,0.865548,0.859060,0.853377,0.915856,0.909054,0.904554,0.885151,0.923188,0.847833,0.844986,0.804034,0.876981,0.901821,0.852827,0.870428,0.764286,0.830906,0.846730,0.887326,0.889042,0.867126,0.890066,0.877356,0.887751,0.867721,0.868781,0.843957,0.900790,0.883940,0.891096,0.857640,0.883919,0.894538,0.901955,0.885167,0.859668,0.858700,0.846066,0.857890,0.839231,0.910260,0.870482,0.887796,0.877851,0.916681,0.894252,0.860835,0.836277,0.869795,0.886303,0.848230,0.897284,0.922316,0.844116,0.888317,0.863311,0.891269,0.836368,0.872985,0.856102,0.894843,0.896331,0.884318,0.908581,0.867301,0.867598,0.875499,0.850836,0.857710,0.877422,0.852763,0.863641,0.854522,0.832314,0.876729,0.831130,0.857419,0.858949,0.881267,0.855734,0.687157,0.861113,0.879744,0.908372,0.915254,0.869868,0.879455,0.829513,0.858786,0.800386,0.922132,0.869385,0.852809,0.845464,0.867093,0.849798,0.866693,0.879709,0.854439,0.877403,0.900618,0.850163,0.891363,0.898626,0.874597,0.855988,0.908808,0.882613,0.882880,0.900392,0.843451,0.868469,0.905562,0.823752,0.863513,0.889531,0.847265,0.842779,0.873469,0.844868,0.850895,0.875080,0.839313,0.803331,0.878056,0.850263,0.844277,0.843615,0.852027,0.880044,0.907124,0.871113,0.854659,0.854685,0.843094,0.842062,0.868032,0.856887,0.868973,0.870266,0.900843,0.941860,0.858435,0.879231,0.867428,0.862092,0.854653,0.930388,0.881000,0.876898,0.907762,0.902445,0.879538,0.830238,0.871079,0.793302,0.845418,0.824931,0.860979,0.924044,0.902441,0.884418,0.803983,0.866539,0.864334,0.878024,0.839469,0.859072,0.867024,0.868125,0.845553,0.902412,0.825017,0.835745,0.887054,0.884255,0.881022,0.882067,0.877602,0.871821,0.893492,0.842589,0.789457,0.845841,0.907763,0.856210,0.889698,0.896854,0.913878,0.887251,0.861265,0.872652,0.875410,0.903234,0.851031,0.830219,0.824674,0.857348,0.908008,0.885785,0.918277,0.856110,0.864569,0.821068,0.879648,0.881140,0.897643,0.864983,0.851893,0.838548,0.881263,0.875011,0.879506,0.876329,0.872537,0.884690,0.885099,0.889938,0.802932,0.891572,0.869820,0.820935,0.878364,0.807751,0.878857,0.853532,0.897589,0.853969,0.895454,0.848487,0.870223,0.868134,0.830628,0.897479
0.878658,0.898858,0.915848,0.883489,0.874212,0.891814,0.855074,0.851971,0.880414,0.840797,0.862738,0.883774,0.859056,0.841610,0.874350,0.905486,0.919739,0.847533,0.863092,0.884913,0.877270,0.874147,0.838198,0.900883,0.907751,0.885656,1.000000,0.867781,0.851045,0.876819,0.937910,0.957273,0.830979,0.851463,0.871145,0.856391,0.877696,0.883323,0.855193,0.871541,0.882525,0.907675,0.909649,0.888233,0.913270,0.848703,0.869102,0.842079,0.876206,0.855600,0.869633,0.864183,0.818010,0.848545,0.876306,0.884855,0.845566,0.888309,0.874085,0.900288,0.883416,0.888910,0.879531,0.870977,0.869857,0.891496,0.902066,0.871256,0.894634,0.886658,0.892171,0.878019,0.865090,0.859489,0.883465,0.864505,0.849096,0.900813,0.899737,0.869971,0.873976,0.899607,0.901416,0.859284,0.861713,0.894453,0.893756,0.871128,0.912105,0.912077,0.863097,0.913085,0.897836,0.888448,0.868513,0.898490,0.869236,0.864632,0.872617,0.886438,0.893693,0.905256,0.893518,0.871358,0.894814,0.865961,0.909203,0.840835,0.865670,0.849102,0.893519,0.851208,0.841410,0.833175,0.880036,0.906815,0.848490,0.714838,0.881646,0.889932,0.885005,0.883871,0.871221,0.873532,0.855752,0.851656,0.830126,0.876691,0.884655,0.859090,0.876003,0.850896,0.874474,0.866284,0.897345,0.879562,0.852875,0.897350,0.847033,0.897492,0.904912,0.855601,0.882701,0.870654,0.863052,0.903592,0.862736,0.831563,0.900988,0.890768,0.872828,0.880135,0.886349,0.870986,0.875342,0.875529,0.888651,0.888022,0.871385,0.879954,0.848894,0.894292,0.860114,0.872132,0.867219,0.867130,0.905014,0.888468,0.858697,0.874949,0.859713,0.871403,0.868721,0.867349,0.907319,0.864446,0.894133,0.903989,0.893397,0.867491,0.902138,0.895794,0.874384,0.872144,0.877838,0.887263,0.863742,0.894571,0.916713,0.893166,0.855235,0.886328,0.834437,0.876984,0.842401,0.886362,0.877744,0.881912,0.865568,0.849377,0.858503,0.855503,0.873971,0.830916,0.859599,0.855645,0.849780,0.893700,0.906105,0.839466,0.834229,0.887098,0.888513,0.894285,0.891886,0.891116,0.885307,0.887615,0.838017,0.837800,0.868051,0.907813,0.841973,0.907152,0.876740,0.862862,0.893855,0.903391,0.862398,0.840714,0.865885,0.870540,0.875550,0.841658,0.874731,0.888391,0.871734,0.905248,0.872226,0.874872,0.848000,0.873222,0.852014,0.901342,0.860949,0.871404,0.879267,0.894087,0.842991,0.891594,0.878990,0.889673,0.885199,0.870975,0.873685,0.829924,0.885261,0.896987,0.873708,0.917732,0.821428,0.869207,0.891293,0.899322,0.885727,0.903572,0.859291,0.896462,0.849709,0.841310,0.896674
0.913804,0.840766,0.879669,0.864630,0.866735,0.828385,0.863271,0.856661,0.833658,0.857218,0.870626,0.853492,0.840855,0.879047,0.838273,0.914433,0.872792,0.784287,0.909498,0.942484,0.867170,0.813598,0.875238,0.882597,0.897482,0.906131,0.867781,1.000000,0.864030,0.853343,0.874521,0.849996,0.912581,0.877132,0.896326,0.893661,0.862507,0.886981,0.870797,0.842109,0.924324,0.897103,0.906430,0.896424,0.920570,0.834375,0.849872,0.797855,0.867861,0.889101,0.868859,0.875035,0.775126,0.797775,0.830543,0.860010,0.902963,0.862611,0.907004,0.885960,0.910611,0.866873,0.874901,0.844060,0.910336,0.861550,0.874624,0.830037,0.887856,0.845914,0.888762,0.870867,0.848686,0.848473,0.828836,0.857905,0.834410,0.895036,0.869450,0.893297,0.896113,0.881155,0.853275,0.846946,0.818286,0.855286,0.869524,0.852782,0.857485,0.895002,0.812261,0.900594,0.863569,0.871324,0.836311,0.871272,0.844027,0.927893,0.922338,0.864179,0.887750,0.870185,0.859361,0.887403,0.828956,0.861217,0.851710,0.863129,0.869888,0.830744,0.815136,0.915256,0.813241,0.859944,0.844970,0.879952,0.837270,0.696568,0.870094,0.885945,0.897014,0.907504,0.884260,0.862335,0.844197,0.801317,0.807056,0.910957,0.874664,0.826391,0.818217,0.835254,0.840576,0.844295,0.867231,0.823476,0.839641,0.865315,0.842697,0.896173,0.918152,0.890398,0.853142,0.927236,0.896875,0.863647,0.876907,0.840558,0.885677,0.901687,0.841112,0.866992,0.890850,0.864455,0.848411,0.837682,0.830350,0.841179,0.880767,0.848370,0.811363,0.851277,0.834868,0.854902,0.864956,0.859827,0.874905,0.881766,0.863981,0.847336,0.832827,0.847158,0.816289,0.854176,0.879650,0.867998,0.884521,0.894852,0.895809,0.882648,0.890079,0.860263,0.862395,0.858438,0.911704,0.887193,0.829650,0.890254,0.892988,0.879111,0.821356,0.883202,0.788839,0.850496,0.840828,0.868555,0.884424,0.924002,0.846528,0.814863,0.881699,0.841709,0.854570,0.829141,0.864148,0.893047,0.826889,0.836530,0.892917,0.825638,0.817306,0.848739,0.884954,0.874115,0.863053,0.874391,0.864452,0.872587,0.782491,0.801351,0.859848,0.884435,0.838107,0.881258,0.869604,0.844488,0.865784,0.859725,0.862329,0.889368,0.907791,0.862731,0.797151,0.836715,0.844016,0.842980,0.906607,0.899357,0.855322,0.848092,0.826674,0.871196,0.830736,0.892253,0.861506,0.862634,0.836880,0.866152,0.878947,0.873814,0.882993,0.859682,0.854820,0.884653,0.880349,0.809917,0.893772,0.847987,0.812493,0.869869,0.814044,0.831756,0.840078,0.891061,0.838904,0.863801,0.855078,0.883960,0.849742,0.808794,0.882195
0.877346,0.848615,0.845225,0.885894,0.841469,0.868356,0.818042,0.834403,0.836051,0.838640,0.865707,0.890298,0.865351,0.840812,0.898561,0.852958,0.823310,0.787201,0.815622,0.859785,0.858214,0.799596,0.862115,0.863854,0.867656,0.862144,0.851045,0.864030,1.000000,0.839327,0.887703,0.833609,0.844890,0.828891,0.869356,0.855414,0.854731,0.838583,0.821165,0.860200,0.872817,0.848042,0.884997,0.861901,0.888336,0.889422,0.796608,0.799115,0.846361,0.808049,0.835706,0.876515,0.774524,0.810379,0.825769,0.858450,0.816201,0.871345,0.852799,0.865458,0.846167,0.830507,0.886579,0.851441,0.830024,0.877923,0.863745,0.861982,0.864135,0.854069,0.830263,0.882570,0.812774,0.864219,0.863649,0.832090,0.851004,0.881918,0.870966,0.882770,0.879678,0.857800,0.844324,0.838554,0.851468,0.852750,0.890877,0.881429,0.865412,0.889051,0.883775,0.847673,0.851699,0.856704,0.858370,0.873416,0.868892,0.853320,0.825847,0.842870,0.852862,0.860140,0.863429,0.863993,0.827300,0.855857,0.865143,0.831461,0.861228,0.865154,0.841925,0.823213,0.811054,0.812045,0.893444,0.831983,0.840071,0.665077,0.820968,0.899556,0.876338,0.881304,0.868897,0.851166,0.856237,0.861583,0.821675,0.852912,0.856251,0.857344,0.861721,0.875718,0.821011,0.831678,0.831127,0.834395,0.860168,0.911317,0.888965,0.891430,0.874364,0.804854,0.869948,0.840177,0.839127,0.850465,0.886995,0.845869,0.840674,0.841416,0.836837,0.876987,0.851484,0.845310,0.850850,0.898391,0.859038,0.861874,0.844020,0.855074,0.811229,0.867458,0.851416,0.882126,0.863311,0.854016,0.881637,0.868166,0.849585,0.839619,0.856345,0.817086,0.882980,0.854412,0.845852,0.871592,0.836745,0.866941,0.876541,0.850355,0.852378,0.891156,0.860536,0.840632,0.862157,0.859399,0.854239,0.915878,0.862303,0.852105,0.912101,0.882867,0.801267,0.835755,0.851644,0.856571,0.884922,0.862310,0.869935,0.784403,0.849359,0.905492,0.841969,0.860190,0.825272,0.826022,0.856386,0.848594,0.887989,0.825106,0.808525,0.856638,0.877796,0.862358,0.896923,0.844681,0.891186,0.871605,0.829846,0.822345,0.834606,0.860496,0.819685,0.851595,0.881881,0.862313,0.878978,0.851540,0.839198,0.802817,0.840602,0.835576,0.860198,0.829382,0.833335,0.867043,0.851907,0.859206,0.855568,0.833260,0.840340,0.885464,0.850553,0.911296,0.819093,0.915953,0.834549,0.928708,0.830962,0.851793,0.872370,0.885094,0.872973,0.874608,0.861775,0.839498,0.848518,0.866702,0.837808,0.854534,0.825183,0.855107,0.846863,0.869309,0.888520,0.893588,0.853383,0.882004,0.823000,0.832840,0.853691
0.901302,0.874010,0.852159,0.855691,0.900668,0.862918,0.841807,0.814038,0.845914,0.857887,0.855321,0.862309,0.857285,0.855497,0.862162,0.857418,0.858547,0.786460,0.874340,0.878911,0.909774,0.862564,0.862600,0.867214,0.863565,0.891227,0.876819,0.853343,0.839327,1.000000,0.867947,0.838963,0.871069,0.841719,0.886945,0.905397,0.883767,0.833072,0.887614,0.810519,0.891235,0.874493,0.898436,0.889020,0.872119,0.830849,0.812752,0.795819,0.872962,0.854135,0.828437,0.823902,0.771463,0.843414,0.868242,0.889962,0.842205,0.876447,0.839902,0.877400,0.887992,0.878567,0.869364,0.843113,0.848766,0.869260,0.859042,0.831808,0.885802,0.897740,0.876065,0.880872,0.787006,0.847432,0.838414,0.851177,0.824782,0.841381,0.850417,0.862987,0.850746,0.841999,0.832831,0.840855,0.825181,0.811495,0.849299,0.797500,0.876530,0.872307,0.835631,0.866190,0.853230,0.865098,0.833113,0.851319,0.851600,0.879729,0.852579,0.854222,0.893327,0.825805,0.869426,0.860798,0.856938,0.828602,0.834705,0.828455,0.856745,0.827358,0.810106,0.830874,0.816512,0.825105,0.844600,0.816114,0.822758,0.693910,0.822210,0.879457,0.874601,0.881925,0.877808,0.838930,0.819751,0.861009,0.796052,0.918789,0.884426,0.855469,0.820050,0.842213,0.864286,0.825552,0.844798,0.888064,0.862735,0.870700,0.833791,0.877927,0.862831,0.822610,0.870051,0.833845,0.896305,0.840701,0.881055,0.837787,0.865093,0.899096,0.833734,0.816433,0.824734,0.811406,0.826321,0.853505,0.850104,0.868708,0.895525,0.830927,0.800428,0.880539,0.856482,0.848743,0.807515,0.830680,0.836173,0.890138,0.862936,0.833623,0.830558,0.838939,0.801246,0.865252,0.837453,0.839696,0.825231,0.834647,0.868795,0.846746,0.860578,0.873323,0.879674,0.854853,0.877499,0.839496,0.853936,0.884836,0.845582,0.893728,0.822828,0.881110,0.789916,0.834068,0.831444,0.854791,0.885452,0.898221,0.885562,0.798366,0.832247,0.848937,0.858475,0.838117,0.834587,0.826673,0.861956,0.846499,0.858788,0.801582,0.818223,0.848797,0.900866,0.865382,0.856645,0.847579,0.860960,0.884151,0.846440,0.799262,0.860979,0.873952,0.842394,0.835411,0.863358,0.872238,0.869280,0.848098,0.883018,0.794920,0.871946,0.849251,0.834909,0.825555,0.839347,0.853080,0.833981,0.839359,0.837292,0.838585,0.816263,0.891984,0.865072,0.889061,0.834889,0.833459,0.841898,0.862541,0.861841,0.892312,0.848986,0.882502,0.861325,0.896562,0.915546,0.787341,0.855051,0.822776,0.833539,0.848131,0.783369,0.871941,0.855683,0.887991,0.882154,0.883658,0.844299,0.870043,0.837693,0.807808,0.870671
0.902950,0.912069,0.915243,0.896133,0.869528,0.894981,0.874328,0.876722,0.893315,0.866900,0.895047,0.888449,0.875918,0.859975,0.897268,0.916489,0.899185,0.845115,0.854820,0.902708,0.896785,0.858450,0.848400,0.901570,0.917275,0.910098,0.937910,0.874521,0.887703,0.867947,1.000000,0.927198,0.854907,0.861396,0.893202,0.861650,0.895157,0.871890,0.858761,0.897223,0.903199,0.920061,0.917897,0.884990,0.943315,0.887654,0.894221,0.843450,0.887540,0.858909,0.894112,0.895908,0.807041,0.853348,0.885238,0.919430,0.874338,0.912370,0.901124,0.893704,0.877305,0.885751,0.881225,0.888566,0.895321,0.893777,0.932838,0.909688,0.896068,0.891664,0.875844,0.881245,0.895283,0.876957,0.882792,0.877622,0.891316,0.932707,0.917853,0.887344,0.887627,0.943215,0.943950,0.864413,0.893707,0.948492,0.912945,0.900478,0.924635,0.925963,0.893593,0.913362,0.878212,0.913223,0.892655,0.916195,0.892291,0.875692,0.892546,0.897501,0.892725,0.920104,0.890724,0.888471,0.893321,0.893538,0.941681,0.877959,0.889060,0.880918,0.916252,0.861704,0.847013,0.850845,0.888786,0.927476,0.900247,0.731737,0.909975,0.904471,0.939647,0.910950,0.879270,0.902612,0.872558,0.866291,0.832341,0.889711,0.904303,0.864626,0.897336,0.896669,0.862124,0.894815,0.923337,0.878037,0.903383,0.915140,0.879410,0.903376,0.901551,0.877752,0.890991,0.897940,0.885081,0.950376,0.874949,0.867036,0.889943,0.894778,0.889483,0.906903,0.911540,0.890084,0.878055,0.908550,0.887452,0.907079,0.867581,0.875701,0.855478,0.910842,0.907430,0.880890,0.891954,0.899718,0.906443,0.891552,0.870267,0.880463,0.879449,0.873029,0.899934,0.884742,0.881115,0.891002,0.923028,0.928603,0.908688,0.867737,0.900369,0.898459,0.878589,0.861157,0.906461,0.912585,0.867986,0.917002,0.944850,0.907816,0.869810,0.887718,0.823739,0.886921,0.847711,0.890064,0.903950,0.890188,0.887483,0.857758,0.863183,0.892895,0.883874,0.854892,0.888728,0.883417,0.892357,0.887337,0.934074,0.890973,0.863102,0.917952,0.908295,0.903355,0.915213,0.901123,0.899882,0.890138,0.854013,0.866436,0.857894,0.908331,0.866072,0.917425,0.922437,0.901649,0.924314,0.881812,0.860263,0.874836,0.896340,0.860130,0.899528,0.842313,0.883081,0.916114,0.890794,0.942900,0.894230,0.884943,0.865369,0.892211,0.904806,0.921323,0.877704,0.878416,0.904204,0.919017,0.860564,0.888164,0.909171,0.906079,0.925560,0.878336,0.875600,0.870589,0.895479,0.926048,0.896386,0.927649,0.855449,0.897628,0.905667,0.929374,0.887229,0.929529,0.885863,0.899836,0.867207,0.887955,0.907482
0.866566,0.895205,0.909052,0.876418,0.858044,0.884780,0.833213,0.852726,0.864891,0.856927,0.855510,0.839473,0.857240,0.813870,0.861360,0.896217,0.903275,0.868902,0.838899,0.870174,0.851390,0.856997,0.797704,0.863161,0.887993,0.860161,0.957273,0.849996,0.833609,0.838963,0.927198,1.000000,0.795294,0.842405,0.843609,0.810678,0.876049,0.859402,0.803156,0.853968,0.861413,0.883303,0.867889,0.860801,0.890744,0.823917,0.858657,0.836767,0.837095,0.832388,0.853726,0.848805,0.821254,0.840981,0.846468,0.868837,0.823572,0.879325,0.863611,0.884158,0.840721,0.871716,0.874892,0.863394,0.857502,0.879241,0.882030,0.886425,0.872089,0.855318,0.868142,0.859843,0.868735,0.866629,0.878826,0.831408,0.846388,0.888986,0.875894,0.869106,0.853135,0.897360,0.910139,0.856476,0.868125,0.896467,0.875332,0.865355,0.898643,0.892571,0.851027,0.916811,0.896370,0.872297,0.883253,0.882067,0.855894,0.829459,0.851310,0.880731,0.855492,0.883340,0.883164,0.866611,0.887768,0.874218,0.902868,0.839089,0.867948,0.834430,0.909541,0.824195,0.845875,0.824770,0.871163,0.894520,0.837264,0.722837,0.869281,0.854410,0.873564,0.869962,0.825692,0.867324,0.872103,0.822301,0.831200,0.857472,0.857931,0.840027,0.851516,0.843299,0.873700,0.849084,0.908708,0.859675,0.868434,0.865256,0.840362,0.857316,0.871077,0.832960,0.879600,0.856469,0.841663,0.920931,0.857743,0.848725,0.844376,0.853834,0.886590,0.894634,0.885451,0.851829,0.867231,0.856452,0.856783,0.849171,0.836537,0.878202,0.859315,0.875624,0.860700,0.879015,0.864684,0.855877,0.897312,0.872559,0.856787,0.867283,0.839361,0.855104,0.866197,0.856015,0.895768,0.874573,0.895417,0.890092,0.870582,0.869034,0.881230,0.883954,0.831820,0.880913,0.869932,0.865437,0.862991,0.851748,0.920011,0.866587,0.841731,0.844428,0.844609,0.854859,0.838037,0.892860,0.839258,0.851217,0.843634,0.858306,0.847087,0.843917,0.864108,0.824878,0.838395,0.833786,0.863692,0.876350,0.893299,0.819486,0.795973,0.882927,0.860301,0.889282,0.880612,0.893340,0.861421,0.879492,0.806006,0.850145,0.873444,0.896624,0.853396,0.908310,0.881558,0.853675,0.884271,0.911981,0.823421,0.814620,0.859655,0.882734,0.862922,0.855035,0.882156,0.878411,0.877079,0.899950,0.843504,0.865643,0.848081,0.849066,0.846305,0.863910,0.866351,0.844833,0.871268,0.879593,0.828592,0.862098,0.859941,0.865220,0.872797,0.835236,0.834807,0.835302,0.864863,0.883028,0.850888,0.910444,0.804296,0.868834,0.851801,0.873700,0.867889,0.889300,0.863017,0.890177,0.834798,0.836739,0.888085
0.898355,0.814822,0.838083,0.851195,0.863232,0.811801,0.861636,0.824395,0.815421,0.828641,0.854802,0.855238,0.841752,0.893716,0.835974,0.870083,0.845498,0.741937,0.902632,0.903276,0.870808,0.783220,0.927116,0.853824,0.891182,0.875528,0.830979,0.912581,0.844890,0.871069,0.854907,0.795294,1.000000,0.843918,0.900773,0.911898,0.845529,0.858319,0.877454,0.822996,0.902773,0.879623,0.903188,0.908687,0.900254,0.827695,0.824242,0.761171,0.872771,0.877825,0.857821,0.863113,0.753296,0.788428,0.817186,0.854422,0.855720,0.841286,0.840976,0.858282,0.905317,0.846062,0.852228,0.810231,0.889690,0.838318,0.847870,0.791690,0.865341,0.838063,0.850960,0.863117,0.781431,0.830645,0.801179,0.825272,0.807586,0.845578,0.849740,0.866045,0.850732,0.841200,0.827119,0.807790,0.789839,0.815719,0.835394,0.806179,0.850266,0.842636,0.809153,0.864167,0.830569,0.863771,0.817418,0.831086,0.822435,0.895082,0.877989,0.827577,0.852212,0.825833,0.824035,0.862724,0.788829,0.827530,0.825225,0.819081,0.846592,0.805609,0.771035,0.915198,0.794578,0.802262,0.804720,0.826849,0.805286,0.682305,0.844663,0.895445,0.878012,0.893683,0.897953,0.837231,0.796912,0.791273,0.776155,0.879005,0.872503,0.795881,0.803867,0.827880,0.830337,0.822752,0.829529,0.813943,0.814122,0.855034,0.826815,0.901057,0.891647,0.840582,0.825631,0.876111,0.899643,0.828529,0.863052,0.834178,0.882747,0.899501,0.830570,0.806853,0.849494,0.826446,0.813529,0.827771,0.812100,0.843074,0.914644,0.819034,0.765737,0.842538,0.801894,0.834728,0.825552,0.818431,0.843428,0.856035,0.833391,0.817834,0.805082,0.825855,0.788839,0.828270,0.821226,0.830319,0.839599,0.846803,0.866457,0.860407,0.878284,0.844463,0.860117,0.841222,0.894127,0.852615,0.797832,0.868093,0.848307,0.887450,0.817304,0.889312,0.770421,0.829947,0.822639,0.852420,0.902053,0.937399,0.860564,0.757119,0.839341,0.844193,0.829457,0.810851,0.831801,0.881641,0.815117,0.800571,0.858677,0.812790,0.797262,0.812847,0.895368,0.859413,0.827340,0.836810,0.854542,0.841138,0.758668,0.774231,0.843904,0.841225,0.813160,0.827923,0.856381,0.821943,0.849962,0.815861,0.886355,0.823299,0.883556,0.828944,0.783109,0.821291,0.821647,0.806036,0.881420,0.854678,0.814420,0.832475,0.796488,0.902120,0.813693,0.893451,0.831146,0.831056,0.811913,0.851599,0.877695,0.861685,0.855951,0.869429,0.835989,0.903751,0.904240,0.777689,0.848442,0.822168,0.811622,0.832026,0.788053,0.821419,0.831618,0.893694,0.840654,0.850021,0.833511,0.864930,0.819401,0.778387,0.838119
0.868970,0.855235,0.875319,0.860875,0.855291,0.827950,0.861504,0.890084,0.854533,0.857742,0.869092,0.852958,0.896581,0.834548,0.857160,0.855852,0.849318,0.796733,0.880369,0.870474,0.856953,0.833657,0.830990,0.840082,0.894168,0.834785,0.851463,0.877132,0.828891,0.841719,0.861396,0.842405,0.843918,1.000000,0.838976,0.857290,0.849865,0.860882,0.854540,0.830449,0.877823,0.850522,0.872242,0.840244,0.874608,0.825367,0.840707,0.812759,0.823850,0.837413,0.883193,0.880948,0.765846,0.852721,0.852515,0.819467,0.863237,0.851192,0.887855,0.911056,0.883249,0.859066,0.866504,0.834863,0.863202,0.843836,0.823692,0.817254,0.856481,0.844095,0.838386,0.850918,0.824588,0.844572,0.850356,0.864703,0.850405,0.834846,0.872144,0.862322,0.854395,0.833883,0.845016,0.832558,0.808649,0.841583,0.836708,0.874414,0.840968,0.849540,0.821370,0.872308,0.851338,0.848363,0.865706,0.840818,0.856055,0.871219,0.872694,0.831887,0.840668,0.859465,0.861713,0.881281,0.844526,0.851938,0.849862,0.898836,0.874339,0.828796,0.814516,0.843752,0.826837,0.832039,0.856558,0.848821,0.828000,0.749706,0.853063,0.848526,0.864725,0.891988,0.846756,0.822594,0.877267,0.824006,0.823074,0.855508,0.860101,0.855801,0.831762,0.819489,0.873916,0.826958,0.864138,0.831053,0.822985,0.858706,0.849314,0.865206,0.888262,0.854020,0.850546,0.865799,0.867367,0.855289,0.862043,0.898958,0.846903,0.840846,0.885362,0.836868,0.850423,0.908552,0.868801,0.814396,0.826245,0.837346,0.835624,0.868772,0.873326,0.864387,0.864162,0.863621,0.881595,0.869421,0.863797,0.859430,0.842606,0.901369,0.830422,0.883720,0.798350,0.841119,0.881112,0.843638,0.858149,0.850656,0.857993,0.876273,0.863623,0.880854,0.870159,0.874759,0.865031,0.855193,0.845083,0.870260,0.862400,0.842583,0.829196,0.842960,0.818324,0.878473,0.856251,0.887351,0.852962,0.870133,0.849398,0.845144,0.850132,0.860911,0.865323,0.823674,0.856594,0.905556,0.822607,0.828345,0.857940,0.862116,0.843864,0.865821,0.858204,0.864368,0.852387,0.883487,0.869752,0.867347,0.811022,0.848798,0.873080,0.855991,0.837129,0.867349,0.846502,0.829496,0.846992,0.860722,0.832034,0.826351,0.851331,0.873137,0.835928,0.846175,0.845663,0.821773,0.874197,0.844834,0.866767,0.843990,0.866998,0.847004,0.823132,0.844645,0.850858,0.853525,0.829817,0.854589,0.859356,0.865135,0.875340,0.848525,0.858865,0.849730,0.852259,0.835029,0.851244,0.832065,0.818574,0.866615,0.868016,0.837423,0.843828,0.873902,0.859255,0.863970,0.872829,0.895164,0.827601,0.825060,0.870555
0.899755,0.865658,0.856648,0.884575,0.921962,0.859649,0.863472,0.850278,0.878154,0.864400,0.863241,0.871810,0.868307,0.883111,0.883935,0.883475,0.858379,0.781095,0.852479,0.916186,0.930054,0.825105,0.870648,0.908722,0.892366,0.930160,0.871145,0.896326,0.869356,0.886945,0.893202,0.843609,0.900773,0.838976,0.999999,0.897115,0.882906,0.849549,0.865531,0.855408,0.915635,0.903165,0.895842,0.911679,0.922017,0.892482,0.855486,0.793426,0.911458,0.901247,0.884099,0.896707,0.795881,0.823115,0.859098,0.912490,0.879263,0.880850,0.880551,0.879558,0.893118,0.870645,0.876281,0.854532,0.888218,0.896664,0.875493,0.865640,0.870700,0.904357,0.879813,0.899204,0.841335,0.877109,0.856748,0.866694,0.877124,0.909866,0.884177,0.892627,0.900327,0.903966,0.882275,0.863700,0.841979,0.869667,0.896982,0.866839,0.883080,0.915139,0.870472,0.873293,0.872145,0.916408,0.856521,0.877799,0.891779,0.884194,0.869139,0.858023,0.898832,0.864132,0.871878,0.880291,0.865876,0.879404,0.889954,0.852608,0.878865,0.868951,0.828460,0.907650,0.837399,0.849528,0.863011,0.864609,0.867269,0.692050,0.875486,0.890352,0.914585,0.925732,0.877661,0.907067,0.848103,0.863516,0.811053,0.905094,0.891229,0.855231,0.874102,0.896656,0.868118,0.892372,0.877037,0.873034,0.883035,0.905769,0.853671,0.899630,0.893284,0.850195,0.878977,0.905795,0.892685,0.882697,0.909991,0.841463,0.868167,0.891991,0.837573,0.864768,0.887381,0.869695,0.853990,0.880863,0.856494,0.859927,0.890907,0.853267,0.818371,0.888032,0.844541,0.857200,0.861559,0.864231,0.885358,0.907003,0.884095,0.876256,0.896483,0.887221,0.855341,0.894055,0.857691,0.879015,0.859306,0.891779,0.938399,0.866242,0.892731,0.891313,0.899064,0.861990,0.922530,0.895119,0.868795,0.890497,0.903446,0.890176,0.854505,0.889340,0.806290,0.876288,0.845569,0.879331,0.926692,0.902114,0.893925,0.793621,0.867189,0.874312,0.888590,0.843125,0.886087,0.884158,0.888942,0.861915,0.891315,0.836952,0.871344,0.898783,0.910059,0.901404,0.892976,0.877357,0.897250,0.899258,0.847126,0.818672,0.853537,0.905187,0.850008,0.887022,0.902284,0.920085,0.903767,0.862957,0.867738,0.841756,0.906602,0.856359,0.839427,0.836529,0.877434,0.885460,0.886682,0.892972,0.869250,0.898903,0.853293,0.897991,0.894129,0.917914,0.861578,0.859640,0.846366,0.901478,0.877654,0.897057,0.892830,0.896354,0.898546,0.891814,0.895227,0.813959,0.888193,0.886449,0.835369,0.870227,0.838590,0.889376,0.856023,0.908603,0.874947,0.899444,0.862004,0.878989,0.870408,0.858222,0.875710
0.909547,0.839658,0.833447,0.856408,0.859334,0.822491,0.882562,0.832358,0.855803,0.847930,0.875841,0.893583,0.851689,0.897105,0.850887,0.866757,0.829360,0.749167,0.900676,0.882939,0.880831,0.807514,0.940259,0.871233,0.898843,0.875685,0.856391,0.893661,0.855414,0.905397,0.861650,0.810678,0.911898,0.857290,0.897115,1.000000,0.858837,0.835641,0.922162,0.823304,0.881289,0.865068,0.907191,0.911593,0.899345,0.855256,0.838825,0.778237,0.895922,0.857669,0.871551,0.865809,0.784986,0.807139,0.854748,0.872142,0.855903,0.868020,0.849369,0.875964,0.936299,0.881758,0.854345,0.839383,0.858550,0.843976,0.861878,0.805736,0.891464,0.867089,0.853472,0.872682,0.810405,0.824990,0.837459,0.873802,0.830554,0.848425,0.880564,0.846833,0.858069,0.861628,0.833878,0.828571,0.804880,0.815701,0.873758,0.830387,0.841124,0.860586,0.828652,0.853565,0.831291,0.868032,0.839004,0.842841,0.856582,0.907735,0.853213,0.836986,0.881733,0.830056,0.834742,0.855101,0.836260,0.831471,0.853418,0.834903,0.865234,0.833093,0.794471,0.876995,0.793173,0.821371,0.839346,0.839818,0.827837,0.707078,0.859568,0.923752,0.887263,0.911941,0.935999,0.848908,0.825443,0.820400,0.778574,0.903401,0.883591,0.822546,0.855705,0.850946,0.844079,0.846444,0.846290,0.856766,0.834988,0.847279,0.827471,0.917190,0.882412,0.834840,0.845175,0.875514,0.902510,0.826923,0.870109,0.835169,0.895379,0.893990,0.850395,0.813355,0.830886,0.849144,0.825352,0.850060,0.845642,0.876797,0.942170,0.843645,0.795015,0.864129,0.824135,0.825217,0.838974,0.837507,0.846065,0.890878,0.840075,0.850075,0.845469,0.855112,0.793767,0.849836,0.857788,0.839769,0.836984,0.858839,0.873656,0.864728,0.890630,0.873784,0.898642,0.835008,0.896581,0.863569,0.802424,0.896137,0.850636,0.893897,0.815128,0.928099,0.761938,0.869910,0.841546,0.861283,0.905561,0.950263,0.869297,0.796127,0.831549,0.849292,0.859941,0.815324,0.851540,0.866156,0.824214,0.840164,0.852471,0.832796,0.846282,0.834586,0.918358,0.864878,0.862051,0.854854,0.891090,0.874569,0.778306,0.806092,0.838924,0.864622,0.810942,0.854088,0.866938,0.836370,0.841996,0.853025,0.933854,0.833204,0.869451,0.830316,0.801881,0.804398,0.829809,0.818309,0.841584,0.855893,0.842917,0.848035,0.810322,0.896209,0.863752,0.919019,0.830232,0.850707,0.833755,0.868164,0.854862,0.876258,0.866409,0.899052,0.878569,0.932943,0.939779,0.805278,0.870709,0.841942,0.838684,0.862724,0.821695,0.830899,0.876622,0.892972,0.859585,0.876149,0.870091,0.881980,0.829085,0.806348,0.866753
0.916964,0.900262,0.867204,0.900676,0.887899,0.880951,0.849463,0.850189,0.856820,0.890652,0.853255,0.859891,0.883828,0.849849,0.898482,0.873512,0.877641,0.847980,0.856684,0.888321,0.890216,0.897790,0.848612,0.882392,0.874980,0.889135,0.877696,0.862507,0.854731,0.883767,0.895157,0.876049,0.845529,0.849865,0.882906,0.858837,1.000000,0.854958,0.851529,0.834523,0.914257,0.896027,0.884633,0.879345,0.881471,0.832645,0.815595,0.843131,0.843458,0.874056,0.841152,0.869414,0.792367,0.861380,0.896797,0.887900,0.846072,0.885543,0.871643,0.878090,0.860634,0.852949,0.901957,0.867521,0.871641,0.902034,0.855859,0.861526,0.888330,0.877542,0.880413,0.868947,0.820069,0.900136,0.867525,0.857596,0.851375,0.860764,0.861410,0.906289,0.872174,0.870557,0.880832,0.883216,0.853508,0.854009,0.869268,0.846261,0.883820,0.868001,0.849171,0.887564,0.880235,0.880878,0.868839,0.880483,0.851550,0.861841,0.858488,0.888358,0.870672,0.857240,0.903338,0.883577,0.885939,0.866571,0.857518,0.871205,0.864695,0.863849,0.848526,0.847864,0.873227,0.877818,0.877346,0.838762,0.840382,0.722350,0.831762,0.861753,0.895523,0.905519,0.853115,0.852821,0.847701,0.866208,0.880486,0.883386,0.874794,0.894192,0.847290,0.839034,0.874201,0.837082,0.875228,0.889477,0.883196,0.872040,0.851615,0.872503,0.875067,0.840280,0.875058,0.855626,0.887970,0.887387,0.875662,0.875084,0.843338,0.895276,0.836922,0.861198,0.860307,0.846692,0.854871,0.867685,0.877878,0.863542,0.869717,0.864973,0.846300,0.888506,0.876277,0.875160,0.857992,0.854279,0.855571,0.875673,0.889897,0.859367,0.843470,0.854974,0.841637,0.884086,0.852119,0.883821,0.853002,0.862679,0.870984,0.889583,0.855433,0.887060,0.862696,0.894514,0.890371,0.854000,0.856584,0.893178,0.906361,0.888752,0.845314,0.857649,0.842816,0.856368,0.888382,0.874630,0.875847,0.885637,0.882534,0.824991,0.874546,0.876072,0.876253,0.892303,0.868917,0.850629,0.873621,0.877278,0.878827,0.821389,0.822488,0.882259,0.909725,0.886762,0.882857,0.882301,0.872755,0.883084,0.828370,0.809687,0.887346,0.915306,0.878929,0.867403,0.893501,0.882339,0.882783,0.860691,0.844265,0.820745,0.893586,0.880622,0.863102,0.865498,0.885305,0.860849,0.880723,0.858658,0.846790,0.861810,0.834573,0.886939,0.871704,0.891418,0.871493,0.846666,0.839873,0.889427,0.873345,0.861903,0.872095,0.859964,0.876124,0.862600,0.883658,0.809848,0.866163,0.842625,0.824357,0.856463,0.821339,0.874621,0.835579,0.901617,0.854160,0.905752,0.854625,0.865475,0.865123,0.850508,0.898214
0.852836,0.846916,0.875403,0.869172,0.862249,0.832149,0.820996,0.843412,0.818533,0.828798,0.869052,0.835045,0.858275,0.832343,0.842123,0.883000,0.910469,0.820435,0.846579,0.892484,0.852322,0.851065,0.815074,0.852658,0.878812,0.865548,0.883323,0.886981,0.838583,0.833072,0.871890,0.859402,0.858319,0.860882,0.849549,0.835641,0.854958,1.000000,0.803787,0.832760,0.889269,0.900738,0.887618,0.867027,0.901398,0.809686,0.852055,0.822094,0.813334,0.855126,0.857733,0.865021,0.792714,0.819844,0.828779,0.834985,0.845440,0.849253,0.874695,0.903343,0.838896,0.865451,0.891527,0.853056,0.873881,0.873485,0.855863,0.827474,0.840088,0.852484,0.878481,0.878152,0.809415,0.873358,0.842721,0.820715,0.823154,0.869589,0.840069,0.885785,0.859748,0.863010,0.848730,0.844658,0.814021,0.869871,0.844154,0.839306,0.875138,0.883859,0.814820,0.909413,0.883186,0.856003,0.826013,0.847265,0.854551,0.870791,0.895375,0.874470,0.848391,0.866840,0.892432,0.896369,0.828087,0.837899,0.847280,0.851230,0.848132,0.819459,0.825677,0.870515,0.840105,0.824638,0.831989,0.867311,0.807337,0.684263,0.861030,0.849828,0.864968,0.887004,0.811778,0.857621,0.844488,0.832447,0.823189,0.857737,0.836296,0.830781,0.806777,0.829744,0.846149,0.836794,0.875624,0.827316,0.817909,0.879123,0.851431,0.867679,0.921551,0.847295,0.856746,0.878629,0.843770,0.867160,0.851294,0.857337,0.842059,0.890414,0.847972,0.845277,0.905501,0.856119,0.872155,0.839773,0.845441,0.805259,0.835044,0.849514,0.823093,0.835687,0.820533,0.872818,0.880415,0.855307,0.926335,0.873573,0.850417,0.843097,0.802466,0.828219,0.811644,0.822313,0.900757,0.862879,0.879942,0.897982,0.880791,0.907471,0.855859,0.886606,0.831590,0.876219,0.879657,0.862971,0.842857,0.858492,0.872051,0.834875,0.836651,0.832417,0.824689,0.859408,0.862710,0.867244,0.867123,0.856490,0.871524,0.819055,0.847833,0.860558,0.841937,0.826163,0.836691,0.862474,0.828173,0.839043,0.889667,0.822731,0.789234,0.857921,0.848111,0.863497,0.855144,0.871162,0.852816,0.878763,0.782123,0.789396,0.899520,0.858453,0.837313,0.867293,0.851778,0.837913,0.877079,0.865725,0.803112,0.832403,0.880391,0.881436,0.804735,0.861375,0.854645,0.828877,0.921998,0.875781,0.841514,0.845449,0.834019,0.851661,0.810469,0.858247,0.870015,0.854110,0.804073,0.867738,0.882482,0.840764,0.860786,0.833386,0.838409,0.836211,0.836466,0.813712,0.860955,0.828448,0.784096,0.871767,0.809681,0.850613,0.801944,0.860611,0.842561,0.857216,0.843608,0.870090,0.837156,0.797956,0.858358
0.894331,0.825140,0.823642,0.836246,0.835497,0.791170,0.851925,0.807256,0.861442,0.821105,0.839953,0.865497,0.817117,0.883186,0.820258,0.849031,0.811690,0.757122,0.904021,0.857147,0.862222,0.794124,0.893248,0.871717,0.877214,0.859060,0.855193,0.870797,0.821165,0.887614,0.858761,0.803156,0.877454,0.854540,0.865531,0.922162,0.851529,0.803787,1.000000,0.821875,0.851328,0.851374,0.885559,0.870913,0.879732,0.854089,0.828796,0.789556,0.902801,0.830350,0.841182,0.828820,0.746728,0.798671,0.861041,0.853158,0.853329,0.845377,0.829117,0.833274,0.939866,0.846529,0.806261,0.816226,0.832154,0.812387,0.863914,0.781335,0.892602,0.858130,0.836132,0.833372,0.823718,0.793905,0.827289,0.867428,0.819624,0.855670,0.877272,0.815202,0.834502,0.842029,0.810806,0.805523,0.798865,0.801861,0.858855,0.820398,0.806340,0.834585,0.825341,0.832846,0.800551,0.842712,0.833510,0.854061,0.837553,0.864391,0.836430,0.799325,0.876395,0.825468,0.810140,0.811561,0.826870,0.810331,0.859287,0.817232,0.842807,0.792342,0.778258,0.823531,0.758827,0.790516,0.810884,0.833312,0.820232,0.711145,0.842127,0.892062,0.870411,0.856200,0.930857,0.834056,0.808723,0.810407,0.764619,0.885406,0.889077,0.796778,0.836430,0.839697,0.810461,0.841147,0.827566,0.829426,0.824700,0.832297,0.798195,0.898210,0.851769,0.832149,0.827255,0.842127,0.916295,0.801119,0.845350,0.805368,0.917123,0.872011,0.826799,0.813146,0.811991,0.824478,0.801033,0.820968,0.823932,0.897946,0.918124,0.807818,0.774990,0.867703,0.833337,0.792030,0.810778,0.835316,0.811362,0.838049,0.807530,0.828041,0.830626,0.843057,0.773545,0.814400,0.830082,0.801986,0.827859,0.831502,0.846231,0.814829,0.885495,0.832578,0.866919,0.799741,0.850147,0.847102,0.792920,0.885267,0.843014,0.911083,0.782401,0.892160,0.741537,0.819460,0.800839,0.825582,0.872933,0.929149,0.844246,0.783249,0.840303,0.811956,0.824082,0.779923,0.825377,0.846105,0.819373,0.812263,0.837313,0.832630,0.826811,0.801381,0.897678,0.825488,0.823241,0.818137,0.865604,0.839318,0.774973,0.794592,0.799045,0.838867,0.768977,0.840616,0.849188,0.814777,0.826486,0.802692,0.910737,0.823887,0.833834,0.792069,0.793376,0.761995,0.802632,0.820721,0.808474,0.845814,0.840571,0.805693,0.805828,0.865306,0.809995,0.892673,0.790543,0.818489,0.855430,0.841727,0.803585,0.859643,0.850742,0.899565,0.856331,0.898013,0.930651,0.789986,0.829718,0.851201,0.881042,0.828067,0.791782,0.814639,0.911470,0.878109,0.839697,0.850215,0.812300,0.853308,0.793227,0.781741,0.833593
0.872595,0.880966,0.880003,0.904765,0.815065,0.895231,0.828937,0.826114,0.858137,0.819664,0.878889,0.870910,0.865580,0.813899,0.874597,0.878693,0.866030,0.811762,0.804060,0.849549,0.851048,0.819892,0.811659,0.884579,0.872866,0.853377,0.871541,0.842109,0.860200,0.810519,0.897223,0.853968,0.822996,0.830449,0.855408,0.823304,0.834523,0.832760,0.821875,1.000000,0.859678,0.885885,0.876757,0.863367,0.902445,0.844885,0.852063,0.817656,0.855927,0.792290,0.864164,0.889443,0.822155,0.798382,0.863152,0.874820,0.820192,0.893352,0.849047,0.847762,0.845882,0.844299,0.852036,0.892587,0.833239,0.862299,0.885045,0.866894,0.881931,0.866441,0.819003,0.896493,0.837203,0.823035,0.896302,0.838990,0.862894,0.897554,0.891768,0.852468,0.872368,0.891914,0.874330,0.829696,0.856270,0.880872,0.889211,0.862045,0.893620,0.894507,0.908850,0.885519,0.828585,0.865359,0.867687,0.881362,0.863715,0.831058,0.833376,0.848890,0.866141,0.898296,0.836233,0.843946,0.885857,0.861715,0.893076,0.824356,0.850421,0.893558,0.866021,0.829254,0.792906,0.799649,0.886777,0.855428,0.851433,0.711521,0.862437,0.855807,0.875745,0.863983,0.847018,0.863035,0.858095,0.822825,0.819015,0.850845,0.885223,0.849759,0.897262,0.844541,0.805779,0.857426,0.857307,0.848654,0.849468,0.881881,0.872284,0.886194,0.896071,0.812107,0.879861,0.852769,0.842043,0.877932,0.843121,0.819310,0.859940,0.847383,0.826415,0.869796,0.877395,0.847276,0.833765,0.893428,0.890950,0.879334,0.846502,0.859649,0.802483,0.872022,0.864338,0.854902,0.854079,0.896980,0.893120,0.859307,0.865418,0.823073,0.847272,0.831021,0.894269,0.860287,0.847141,0.853309,0.864148,0.896875,0.879886,0.819657,0.873105,0.873307,0.847124,0.820371,0.850091,0.879588,0.825528,0.889379,0.893016,0.869779,0.897042,0.849302,0.803873,0.835735,0.829060,0.847995,0.881916,0.846493,0.878594,0.802305,0.871625,0.889101,0.829918,0.851862,0.850617,0.824197,0.854913,0.880387,0.882223,0.853906,0.824232,0.899606,0.875781,0.864004,0.890924,0.844569,0.875040,0.870644,0.830050,0.838646,0.808265,0.861504,0.785087,0.886383,0.874268,0.867078,0.907022,0.844994,0.839641,0.826247,0.851499,0.819265,0.889512,0.799928,0.839020,0.884415,0.845531,0.881398,0.889690,0.849514,0.842748,0.896111,0.871936,0.893324,0.814770,0.893194,0.883036,0.897244,0.848502,0.857225,0.872792,0.882565,0.898029,0.869166,0.838042,0.884226,0.845073,0.877982,0.865918,0.881925,0.838760,0.870390,0.861199,0.862437,0.897020,0.875293,0.855185,0.883125,0.799108,0.872968,0.837198
0.911892,0.876524,0.879724,0.902489,0.893616,0.862959,0.858843,0.869741,0.868823,0.873660,0.865628,0.862944,0.880841,0.883680,0.872074,0.913700,0.899107,0.803019,0.888414,0.944885,0.895519,0.855397,0.857608,0.904671,0.896393,0.915856,0.882525,0.924324,0.872817,0.891235,0.903199,0.861413,0.902773,0.877823,0.915635,0.881289,0.914257,0.889269,0.851328,0.859678,1.000000,0.933840,0.912677,0.904376,0.926034,0.861894,0.842544,0.802152,0.857838,0.905762,0.877056,0.904455,0.781877,0.847491,0.873230,0.880249,0.906713,0.871506,0.916482,0.905548,0.899850,0.870071,0.909827,0.858293,0.928878,0.894676,0.879312,0.853755,0.895947,0.893881,0.907269,0.889802,0.845331,0.895210,0.857029,0.853839,0.849344,0.897318,0.871111,0.923242,0.906587,0.882134,0.882812,0.870653,0.836317,0.868159,0.870676,0.866792,0.900722,0.912395,0.853008,0.907268,0.885318,0.894652,0.857164,0.881788,0.866092,0.928963,0.924354,0.897034,0.903055,0.884950,0.887536,0.919998,0.865718,0.858552,0.858607,0.872871,0.878265,0.868433,0.835239,0.912506,0.857884,0.913701,0.866532,0.869003,0.854301,0.693674,0.857772,0.879409,0.909646,0.931307,0.864570,0.881728,0.841809,0.859979,0.836724,0.920246,0.878688,0.859380,0.847997,0.853502,0.883415,0.853675,0.891578,0.883332,0.868716,0.908668,0.871879,0.898802,0.926668,0.906997,0.866142,0.914433,0.899573,0.894408,0.889031,0.880423,0.876754,0.918147,0.852897,0.868040,0.897494,0.873324,0.854466,0.886771,0.864611,0.851963,0.879564,0.858455,0.822840,0.896011,0.857115,0.876570,0.878824,0.860170,0.887076,0.912467,0.895090,0.879914,0.861434,0.864442,0.846014,0.898034,0.872140,0.887992,0.876943,0.894621,0.915562,0.908114,0.875489,0.889405,0.872447,0.885450,0.909254,0.894600,0.870267,0.903354,0.909923,0.878794,0.868937,0.880391,0.818427,0.866353,0.868017,0.888368,0.912291,0.902894,0.892119,0.805939,0.869414,0.885913,0.894656,0.853713,0.876457,0.900450,0.855492,0.862191,0.906068,0.829488,0.826393,0.899079,0.909676,0.893597,0.880201,0.896463,0.874394,0.893027,0.833458,0.804712,0.881524,0.910075,0.892748,0.886544,0.879954,0.885844,0.896038,0.869327,0.859938,0.884034,0.925761,0.883893,0.840912,0.866593,0.883218,0.865943,0.920048,0.888763,0.860537,0.871289,0.825482,0.904475,0.865955,0.905282,0.902961,0.874541,0.837681,0.906132,0.901162,0.881414,0.893140,0.857297,0.877301,0.897940,0.893732,0.806374,0.890823,0.848486,0.815069,0.877745,0.823668,0.869621,0.838412,0.926084,0.863810,0.905250,0.879596,0.883938,0.901744,0.841415,0.905887
0.901716,0.867660,0.902856,0.906453,0.875952,0.861420,0.884419,0.844116,0.889435,0.843597,0.867025,0.850286,0.870361,0.870836,0.854735,0.928049,0.932457,0.819608,0.886617,0.931665,0.902368,0.852503,0.842878,0.931950,0.902828,0.909054,0.907675,0.897103,0.848042,0.874493,0.920061,0.883303,0.879623,0.850522,0.903165,0.865068,0.896027,0.900738,0.851374,0.885885,0.933840,1.000000,0.912254,0.904714,0.941457,0.868921,0.883248,0.815789,0.866758,0.887566,0.874847,0.896519,0.813754,0.823538,0.849908,0.901145,0.900524,0.884837,0.903258,0.887308,0.896002,0.887821,0.904168,0.867600,0.925375,0.897856,0.907505,0.859837,0.899804,0.926746,0.927249,0.886468,0.866458,0.869442,0.884439,0.842492,0.854479,0.922986,0.883422,0.904382,0.894704,0.916296,0.901499,0.858216,0.843054,0.896153,0.899606,0.867524,0.916203,0.920164,0.862249,0.923870,0.885071,0.916605,0.867141,0.908522,0.883247,0.896549,0.924246,0.900709,0.924925,0.902672,0.860338,0.897947,0.865801,0.852127,0.897153,0.863344,0.868906,0.853817,0.834436,0.884741,0.823999,0.869831,0.861034,0.899466,0.885673,0.719675,0.889466,0.882698,0.918695,0.903683,0.856854,0.922264,0.849292,0.843011,0.826676,0.915838,0.873099,0.832494,0.857408,0.884194,0.858357,0.898502,0.915071,0.870978,0.864683,0.897875,0.860296,0.908611,0.936457,0.893736,0.879564,0.915826,0.902748,0.911147,0.880520,0.850824,0.895287,0.922923,0.863373,0.895555,0.932212,0.861481,0.826513,0.867162,0.856541,0.853563,0.883294,0.858746,0.822873,0.879963,0.838557,0.854787,0.869099,0.872008,0.889251,0.889692,0.886668,0.855827,0.863124,0.853223,0.847887,0.883842,0.872087,0.883260,0.917025,0.927827,0.930908,0.868508,0.894807,0.874668,0.870573,0.863876,0.901523,0.891742,0.857790,0.902763,0.919664,0.890502,0.853376,0.873053,0.804944,0.853713,0.860027,0.887736,0.916995,0.896764,0.887542,0.803814,0.888117,0.866232,0.881983,0.833243,0.862899,0.874783,0.878186,0.861054,0.920109,0.843915,0.834324,0.905966,0.894250,0.874835,0.874087,0.878884,0.877786,0.887475,0.822363,0.823913,0.868127,0.897487,0.853997,0.897269,0.903739,0.898251,0.912401,0.862217,0.858823,0.881653,0.927739,0.870023,0.835171,0.834169,0.865249,0.870255,0.906123,0.926440,0.858517,0.856193,0.825348,0.903697,0.871730,0.910796,0.882299,0.867432,0.869323,0.887023,0.877430,0.885266,0.885743,0.869937,0.891100,0.894808,0.886389,0.827187,0.880319,0.887718,0.850103,0.896870,0.820053,0.893500,0.861172,0.916739,0.874101,0.894950,0.861440,0.887535,0.860825,0.854180,0.880650
0.906668,0.883136,0.897483,0.884961,0.882046,0.876196,0.883805,0.863010,0.876749,0.837929,0.908311,0.890234,0.890836,0.870981,0.895382,0.903861,0.886027,0.801876,0.896656,0.919707,0.908272,0.847003,0.902978,0.905215,0.942359,0.904554,0.909649,0.906430,0.884997,0.898436,0.917897,0.867889,0.903188,0.872242,0.895842,0.907191,0.884633,0.887618,0.885559,0.876757,0.912677,0.912254,1.000000,0.921485,0.928083,0.850806,0.881629,0.814458,0.901956,0.881018,0.902961,0.900356,0.792053,0.833665,0.872569,0.918883,0.870494,0.897895,0.873751,0.900267,0.915034,0.891800,0.882145,0.861136,0.901019,0.881407,0.922780,0.850967,0.910329,0.892098,0.895196,0.898543,0.836110,0.858152,0.865546,0.886082,0.877085,0.896693,0.901684,0.888993,0.890761,0.895257,0.885117,0.842600,0.847637,0.872945,0.890733,0.858343,0.907694,0.906002,0.873449,0.905973,0.876318,0.890669,0.859577,0.893704,0.869263,0.903050,0.899939,0.878564,0.910387,0.888841,0.873981,0.893765,0.860754,0.861869,0.878763,0.859673,0.866229,0.882234,0.851676,0.881299,0.829773,0.833374,0.872931,0.873663,0.843460,0.719896,0.899473,0.923739,0.909308,0.914519,0.904932,0.874672,0.852557,0.853045,0.823530,0.901238,0.909903,0.870216,0.878625,0.865676,0.857163,0.860578,0.882057,0.876855,0.856821,0.906048,0.867790,0.932557,0.922402,0.860988,0.874441,0.895726,0.890312,0.885435,0.873580,0.868957,0.926228,0.903870,0.890219,0.861644,0.887448,0.880802,0.852232,0.883813,0.879644,0.901267,0.905960,0.873054,0.821863,0.878609,0.877553,0.867016,0.871724,0.886020,0.885142,0.889925,0.864261,0.870367,0.852465,0.865068,0.855131,0.878278,0.877192,0.862181,0.887296,0.903243,0.902208,0.874050,0.935707,0.905919,0.897352,0.865363,0.892697,0.902788,0.859600,0.911125,0.900511,0.932615,0.870960,0.911018,0.808641,0.880942,0.862622,0.891355,0.928103,0.926597,0.895938,0.808562,0.867317,0.881982,0.863486,0.860840,0.878842,0.885967,0.859082,0.880485,0.924441,0.886339,0.845296,0.889422,0.937418,0.902244,0.894875,0.880135,0.900351,0.879836,0.834773,0.851420,0.868588,0.892790,0.833042,0.891017,0.892840,0.879174,0.907293,0.872574,0.903738,0.851079,0.893340,0.864198,0.858110,0.839947,0.852328,0.863802,0.887054,0.905948,0.883493,0.884143,0.860460,0.920797,0.872896,0.928339,0.849552,0.891454,0.903853,0.895812,0.898346,0.913661,0.901713,0.918591,0.907929,0.922978,0.906465,0.855257,0.888877,0.877565,0.884363,0.895581,0.826895,0.875787,0.892409,0.925852,0.896905,0.907523,0.882550,0.907061,0.843258,0.857596,0.878859
0.912170,0.846496,0.876995,0.880821,0.886209,0.861446,0.863753,0.819735,0.854561,0.842277,0.869008,0.888301,0.873127,0.887339,0.866296,0.899982,0.884155,0.784724,0.881140,0.912489,0.898589,0.825155,0.914911,0.897160,0.903206,0.885151,0.888233,0.896424,0.861901,0.889020,0.884990,0.860801,0.908687,0.840244,0.911679,0.911593,0.879345,0.867027,0.870913,0.863367,0.904376,0.904714,0.921485,1.000000,0.912128,0.849671,0.841165,0.781764,0.904610,0.883106,0.875034,0.887546,0.815550,0.817072,0.851438,0.898078,0.855342,0.894567,0.850355,0.877138,0.912119,0.873362,0.870504,0.868191,0.879814,0.872912,0.871325,0.831682,0.892805,0.891472,0.889787,0.877838,0.810322,0.857907,0.850968,0.859457,0.833533,0.880802,0.871652,0.874790,0.882866,0.865273,0.876348,0.831344,0.814858,0.838417,0.900777,0.820064,0.908370,0.888784,0.842740,0.910513,0.850086,0.887540,0.850210,0.849469,0.862707,0.893521,0.879622,0.896033,0.903283,0.859765,0.852190,0.877879,0.846889,0.852890,0.863976,0.832937,0.849848,0.865901,0.817112,0.892517,0.825628,0.832744,0.861890,0.844893,0.824569,0.710487,0.849651,0.923088,0.882167,0.905768,0.913951,0.884442,0.844018,0.824848,0.805956,0.893799,0.887215,0.843959,0.861108,0.858601,0.849366,0.852319,0.861370,0.876972,0.833889,0.873967,0.836705,0.943397,0.909625,0.834560,0.882111,0.871193,0.895537,0.871552,0.881916,0.836095,0.892209,0.889463,0.854889,0.834066,0.871064,0.846304,0.844241,0.862780,0.857050,0.868044,0.935191,0.857853,0.800200,0.864435,0.819738,0.856486,0.836131,0.848134,0.874068,0.893759,0.861138,0.849543,0.855351,0.857341,0.832987,0.881249,0.870165,0.854474,0.854973,0.877588,0.884102,0.877986,0.906598,0.884983,0.883834,0.861481,0.897772,0.850409,0.839895,0.886936,0.899705,0.911189,0.841670,0.938354,0.825061,0.861392,0.842922,0.889114,0.921850,0.926974,0.873392,0.817078,0.850890,0.850574,0.878062,0.838879,0.847092,0.850247,0.836803,0.859902,0.873646,0.819326,0.823809,0.871615,0.934459,0.885165,0.873659,0.868359,0.877189,0.883706,0.802968,0.804295,0.856025,0.887301,0.837625,0.873963,0.866761,0.869796,0.896404,0.868407,0.923033,0.821157,0.880086,0.847173,0.839633,0.841917,0.863802,0.831470,0.870402,0.877485,0.845893,0.870779,0.821521,0.920850,0.862976,0.931218,0.859216,0.862319,0.840546,0.888973,0.878514,0.888705,0.867590,0.892942,0.874201,0.929681,0.924918,0.811766,0.856735,0.857795,0.834003,0.876782,0.799960,0.851004,0.856451,0.897291,0.872250,0.878876,0.844707,0.885769,0.844938,0.813203,0.868723
0.915037,0.883127,0.908247,0.909286,0.885447,0.867816,0.891711,0.869977,0.903856,0.851015,0.901101,0.891137,0.883649,0.899208,0.886967,0.949166,0.909996,0.817708,0.908804,0.946839,0.907808,0.844031,0.878178,0.922805,0.928888,0.923188,0.913270,0.920570,0.888336,0.872119,0.943315,0.890744,0.900254,0.874608,0.922017,0.899345,0.881471,0.901398,0.879732,0.902445,0.926034,0.941457,0.928083,0.912128,1.000000,0.891458,0.916548,0.822330,0.908474,0.891057,0.905949,0.916665,0.815697,0.834606,0.867395,0.913330,0.925513,0.900973,0.922828,0.903745,0.914628,0.905972,0.903497,0.881838,0.937149,0.894297,0.933570,0.872396,0.910875,0.899641,0.905318,0.900331,0.911406,0.868420,0.887802,0.864619,0.880960,0.948432,0.914795,0.907291,0.903730,0.932053,0.921557,0.852895,0.874283,0.910007,0.926853,0.903049,0.913172,0.936797,0.885831,0.926677,0.884626,0.914989,0.892564,0.919815,0.897298,0.933359,0.934186,0.895820,0.915148,0.917470,0.876993,0.900676,0.881505,0.877703,0.922426,0.868777,0.886389,0.868868,0.870304,0.900097,0.834334,0.878353,0.884774,0.937219,0.898757,0.737085,0.923334,0.914125,0.931927,0.923529,0.894770,0.920488,0.874484,0.845120,0.823704,0.939174,0.903296,0.843525,0.890410,0.893346,0.862243,0.912243,0.915442,0.871738,0.869115,0.911506,0.874821,0.934640,0.942578,0.937175,0.884478,0.942777,0.907773,0.915915,0.908257,0.859281,0.913497,0.917457,0.884210,0.904247,0.940199,0.887304,0.859069,0.892107,0.875730,0.889554,0.896661,0.883133,0.850431,0.890343,0.862182,0.863588,0.894849,0.898430,0.919130,0.916755,0.880862,0.875460,0.882750,0.874416,0.863673,0.872476,0.907720,0.892986,0.923359,0.947568,0.943147,0.880546,0.912813,0.899460,0.886235,0.863980,0.925376,0.910119,0.863413,0.927539,0.933581,0.904111,0.865092,0.908284,0.815989,0.888977,0.851691,0.903464,0.935226,0.914437,0.893426,0.831544,0.888437,0.889333,0.892056,0.828731,0.885696,0.907121,0.883827,0.869089,0.929946,0.885925,0.859904,0.912130,0.906855,0.891522,0.899969,0.901090,0.912940,0.911962,0.827786,0.844914,0.868842,0.901194,0.858129,0.922284,0.911599,0.894002,0.921336,0.885898,0.887818,0.928183,0.931436,0.872999,0.854216,0.832996,0.869320,0.909106,0.915688,0.954399,0.890981,0.873478,0.857722,0.903531,0.890203,0.929342,0.887901,0.894363,0.886389,0.913936,0.864874,0.901580,0.905828,0.911263,0.912985,0.910767,0.891915,0.866270,0.899935,0.914544,0.880070,0.926435,0.846489,0.891615,0.903720,0.934548,0.885477,0.904644,0.874994,0.908833,0.877695,0.860827,0.906433
0.861977,0.832653,0.834762,0.886130,0.840060,0.817438,0.851781,0.854155,0.923788,0.823255,0.846792,0.866130,0.849531,0.846210,0.848658,0.847017,0.812613,0.746712,0.813672,0.844987,0.872199,0.770674,0.825777,0.871812,0.863871,0.847833,0.848703,0.834375,0.889422,0.830849,0.887654,0.823917,0.827695,0.825367,0.892482,0.855256,0.832645,0.809686,0.854089,0.844885,0.861894,0.868921,0.850806,0.849671,0.891458,1.000000,0.837907,0.762608,0.881960,0.803158,0.850863,0.885153,0.784512,0.823901,0.830285,0.863827,0.817020,0.866142,0.846893,0.838236,0.862295,0.846720,0.854169,0.851762,0.815761,0.870178,0.861883,0.832698,0.846641,0.888280,0.818306,0.855653,0.817696,0.864299,0.880105,0.838544,0.853581,0.886026,0.895715,0.855826,0.898634,0.888054,0.834107,0.838606,0.821003,0.863575,0.896293,0.896398,0.832398,0.883411,0.889646,0.827286,0.833787,0.891742,0.862885,0.875029,0.926015,0.832619,0.812686,0.818137,0.858743,0.873663,0.835087,0.845984,0.830652,0.839826,0.914283,0.854266,0.894258,0.842857,0.812309,0.841560,0.818542,0.811858,0.867850,0.843568,0.895537,0.677835,0.856829,0.871826,0.885181,0.875210,0.861215,0.923372,0.855792,0.863198,0.809304,0.854607,0.856699,0.819386,0.886587,0.938568,0.842446,0.922004,0.876654,0.844427,0.881356,0.898209,0.874107,0.886251,0.863352,0.813662,0.862162,0.848322,0.861530,0.853147,0.875038,0.841529,0.851519,0.835695,0.823865,0.857454,0.849495,0.874516,0.831248,0.882233,0.858425,0.866978,0.836625,0.833993,0.817321,0.893312,0.822877,0.861715,0.878340,0.833365,0.877007,0.852261,0.847559,0.874359,0.927311,0.859402,0.845847,0.842905,0.820950,0.855147,0.868997,0.858548,0.891728,0.837691,0.857101,0.873673,0.879386,0.831162,0.855863,0.878574,0.849741,0.903209,0.861073,0.851391,0.854959,0.867209,0.796370,0.854247,0.834817,0.840685,0.886813,0.860155,0.864695,0.796835,0.832386,0.859257,0.863585,0.786448,0.817469,0.829500,0.889114,0.836260,0.848445,0.858604,0.876187,0.864278,0.864686,0.848703,0.894944,0.839380,0.874324,0.866772,0.835597,0.809694,0.820237,0.846623,0.812389,0.855535,0.893452,0.871855,0.871137,0.835572,0.836420,0.805314,0.833105,0.821727,0.817070,0.808138,0.860324,0.858477,0.842282,0.866854,0.851578,0.815133,0.824000,0.855011,0.861232,0.898020,0.840837,0.862734,0.834251,0.903155,0.818122,0.834596,0.849435,0.887431,0.891839,0.855074,0.855449,0.830057,0.854187,0.915971,0.861187,0.840964,0.857732,0.875216,0.871414,0.883811,0.867137,0.890172,0.857188,0.860489,0.840969,0.818362,0.846882
0.847432,0.846917,0.872911,0.858399,0.821289,0.821980,0.866698,0.844816,0.861658,0.782248,0.877753,0.824328,0.834460,0.808574,0.821427,0.885047,0.876088,0.791340,0.852084,0.871567,0.864306,0.809927,0.797932,0.846880,0.907302,0.844986,0.869102,0.849872,0.796608,0.812752,0.894221,0.858657,0.824242,0.840707,0.855486,0.838825,0.815595,0.852055,0.828796,0.852063,0.842544,0.883248,0.881629,0.841165,0.916548,0.837907,1.000000,0.795882,0.862946,0.808111,0.905089,0.862806,0.797085,0.776014,0.826471,0.881684,0.861399,0.860617,0.861481,0.853692,0.844624,0.878448,0.839911,0.845989,0.859492,0.839448,0.900233,0.829374,0.854340,0.851574,0.824957,0.846771,0.857989,0.818038,0.853039,0.840668,0.884153,0.892298,0.888157,0.839081,0.847802,0.912237,0.871342,0.814367,0.824369,0.885893,0.853459,0.860507,0.844656,0.871107,0.841403,0.891766,0.840701,0.891134,0.858859,0.878551,0.875355,0.852731,0.862120,0.838888,0.864825,0.886921,0.824291,0.832425,0.855545,0.845093,0.910204,0.833051,0.851558,0.821193,0.830801,0.839934,0.784835,0.808207,0.825458,0.882841,0.861067,0.733405,0.968171,0.832517,0.881703,0.860475,0.827304,0.892437,0.867670,0.779126,0.777016,0.867844,0.863756,0.785067,0.865248,0.862758,0.825538,0.889891,0.897853,0.829067,0.832746,0.839607,0.821525,0.858982,0.870925,0.850899,0.845052,0.880164,0.846859,0.876047,0.842126,0.817000,0.870450,0.855063,0.878738,0.856212,0.887219,0.863450,0.809765,0.823457,0.817614,0.837799,0.825571,0.835817,0.842627,0.826797,0.825106,0.820983,0.869451,0.884616,0.869276,0.844985,0.840129,0.838759,0.837169,0.862065,0.811705,0.822910,0.844025,0.858811,0.911156,0.897563,0.876223,0.832155,0.894067,0.865229,0.845689,0.818639,0.873622,0.891852,0.797626,0.852345,0.884344,0.860723,0.798779,0.834802,0.779433,0.866404,0.796333,0.866336,0.863444,0.852921,0.838039,0.805544,0.851556,0.828715,0.829596,0.767902,0.853080,0.854231,0.855574,0.826473,0.879195,0.901554,0.850408,0.868477,0.842990,0.863675,0.859862,0.844159,0.861186,0.848952,0.775090,0.858247,0.827361,0.823603,0.786816,0.872446,0.868615,0.838484,0.869381,0.838356,0.818883,0.858406,0.866207,0.832932,0.806126,0.788188,0.834569,0.851955,0.865804,0.910947,0.866725,0.841626,0.863944,0.826875,0.874665,0.857142,0.827986,0.843401,0.873660,0.830887,0.826970,0.857204,0.882550,0.869243,0.881541,0.837440,0.810122,0.859222,0.867806,0.900517,0.857138,0.882826,0.831552,0.855763,0.869570,0.884408,0.842389,0.838218,0.853010,0.866703,0.798025,0.854305,0.835443
0.820371,0.876808,0.824311,0.859028,0.820314,0.859700,0.788605,0.783172,0.785836,0.796350,0.814357,0.836336,0.826366,0.743046,0.856272,0.813598,0.821296,0.953645,0.768998,0.798348,0.829176,0.855246,0.770959,0.798972,0.835598,0.804034,0.842079,0.797855,0.799115,0.795819,0.843450,0.836767,0.761171,0.812759,0.793426,0.778237,0.843131,0.822094,0.789556,0.817656,0.802152,0.815789,0.814458,0.781764,0.822330,0.762608,0.795882,0.999999,0.770916,0.788369,0.802311,0.798216,0.808658,0.805530,0.840386,0.810185,0.772818,0.842463,0.839304,0.828781,0.786313,0.816672,0.835744,0.832786,0.779016,0.877183,0.809301,0.873429,0.822204,0.822524,0.772895,0.826463,0.805691,0.829940,0.857738,0.795280,0.800288,0.807275,0.830063,0.845599,0.828027,0.825286,0.819076,0.854750,0.886485,0.815124,0.813805,0.814679,0.814614,0.814071,0.827470,0.828875,0.856453,0.833820,0.812480,0.884227,0.803077,0.781157,0.782519,0.795898,0.801481,0.815526,0.860036,0.813140,0.836196,0.842176,0.821345,0.830174,0.821304,0.816257,0.869306,0.777581,0.809056,0.758231,0.855507,0.830520,0.808717,0.678794,0.804231,0.784001,0.830383,0.836167,0.786706,0.786833,0.807573,0.826668,0.879184,0.793956,0.816526,0.839836,0.812890,0.777257,0.801695,0.781275,0.808674,0.826220,0.824057,0.812667,0.818664,0.794968,0.805593,0.766978,0.839074,0.793045,0.808836,0.829630,0.805162,0.819554,0.781043,0.803428,0.801896,0.864174,0.819010,0.809210,0.824703,0.799305,0.848106,0.804476,0.788829,0.860606,0.837230,0.818693,0.853922,0.836296,0.810519,0.815832,0.828157,0.819021,0.871086,0.792599,0.784890,0.791774,0.854538,0.796518,0.814607,0.880167,0.792656,0.816255,0.815056,0.817587,0.811055,0.840464,0.784942,0.827659,0.821934,0.808899,0.811517,0.829918,0.837463,0.809681,0.804330,0.784433,0.813868,0.816660,0.850964,0.809617,0.797915,0.802028,0.858984,0.788964,0.878552,0.829880,0.778366,0.873640,0.833656,0.798385,0.845446,0.851669,0.852735,0.790091,0.781113,0.828259,0.809590,0.808474,0.857968,0.823857,0.832809,0.830490,0.806959,0.824310,0.841917,0.813188,0.766913,0.813120,0.852457,0.824596,0.829143,0.812841,0.768692,0.763490,0.810332,0.818501,0.834724,0.817271,0.830546,0.846115,0.820918,0.811339,0.799843,0.793371,0.807161,0.810034,0.814937,0.820865,0.777978,0.799552,0.797561,0.807589,0.841205,0.793956,0.808967,0.813164,0.832690,0.773102,0.795959,0.821142,0.808278,0.808706,0.791828,0.823047,0.781338,0.854763,0.809236,0.823622,0.832612,0.825563,0.794793,0.824429,0.757360,0.811803,0.818828
0.884232,0.832289,0.850326,0.848492,0.843275,0.825970,0.851005,0.827073,0.884284,0.805552,0.858279,0.891120,0.827742,0.891263,0.859496,0.880924,0.823011,0.759077,0.857401,0.886199,0.886216,0.788158,0.885172,0.900652,0.897873,0.876981,0.876206,0.867861,0.846361,0.872962,0.887540,0.837095,0.872771,0.823850,0.911458,0.895922,0.843458,0.813334,0.902801,0.855927,0.857838,0.866758,0.901956,0.904610,0.908474,0.881960,0.862946,0.770916,1.000000,0.845763,0.866847,0.862046,0.763936,0.813738,0.846960,0.913709,0.856779,0.872816,0.842930,0.839742,0.907468,0.859863,0.819514,0.836048,0.852979,0.834519,0.899441,0.816592,0.883714,0.875120,0.846905,0.856352,0.843267,0.814171,0.848778,0.862083,0.863690,0.882442,0.887524,0.827994,0.867750,0.864646,0.859312,0.811021,0.823003,0.831201,0.898842,0.839249,0.847250,0.872591,0.854858,0.845935,0.819382,0.877463,0.842017,0.873562,0.864392,0.865385,0.845827,0.824351,0.906297,0.863875,0.831296,0.826008,0.849998,0.849649,0.884504,0.819206,0.851044,0.841990,0.817960,0.855060,0.787998,0.809718,0.841732,0.853132,0.865288,0.698004,0.875864,0.906732,0.875504,0.882168,0.932715,0.878258,0.839963,0.816159,0.769956,0.889664,0.882744,0.806826,0.861015,0.863255,0.837997,0.883779,0.845022,0.852251,0.824660,0.871927,0.825676,0.922045,0.865115,0.845986,0.842390,0.869247,0.879711,0.844958,0.864008,0.809048,0.937825,0.846444,0.845764,0.838187,0.841478,0.856968,0.841073,0.850388,0.850649,0.916150,0.894706,0.842160,0.805870,0.864027,0.829281,0.819785,0.823139,0.850099,0.867623,0.872052,0.822748,0.865820,0.872679,0.878429,0.832947,0.845828,0.845307,0.836284,0.842873,0.862287,0.891295,0.810526,0.927064,0.857551,0.894133,0.804308,0.875762,0.847737,0.825207,0.890484,0.873980,0.925099,0.822043,0.917726,0.771845,0.857241,0.801307,0.854631,0.890388,0.903868,0.850929,0.809919,0.837504,0.843071,0.856024,0.792345,0.854433,0.853838,0.841380,0.840896,0.869655,0.864130,0.865604,0.840331,0.910474,0.863661,0.876765,0.847576,0.875860,0.857884,0.811992,0.817370,0.809505,0.859170,0.802569,0.875459,0.862244,0.859918,0.866242,0.838028,0.903232,0.840771,0.849724,0.802678,0.827928,0.773123,0.829367,0.857628,0.823392,0.882810,0.859957,0.855440,0.831251,0.881618,0.859083,0.932878,0.825977,0.848277,0.888802,0.869407,0.816826,0.893463,0.860071,0.969609,0.872652,0.906770,0.898873,0.826976,0.856633,0.887993,0.902151,0.861852,0.816327,0.851117,0.925207,0.904681,0.848412,0.872009,0.814625,0.865239,0.833950,0.823648,0.845497
0.865004,0.812690,0.854280,0.831998,0.907558,0.796230,0.858424,0.805891,0.822284,0.816378,0.817863,0.836101,0.834459,0.871435,0.836506,0.868287,0.843603,0.768836,0.874803,0.915616,0.882580,0.806491,0.858130,0.874605,0.861579,0.901821,0.855600,0.889101,0.808049,0.854135,0.858909,0.832388,0.877825,0.837413,0.901247,0.857669,0.874056,0.855126,0.830350,0.792290,0.905762,0.887566,0.881018,0.883106,0.891057,0.803158,0.808111,0.788369,0.845763,1.000000,0.836276,0.837495,0.749969,0.809489,0.808563,0.836589,0.882854,0.801515,0.880199,0.857379,0.886523,0.859341,0.853704,0.778337,0.917059,0.854333,0.822407,0.798789,0.843720,0.839498,0.897429,0.829438,0.817878,0.838623,0.798608,0.816414,0.782164,0.847246,0.827701,0.875704,0.847605,0.847113,0.847619,0.819241,0.779013,0.812131,0.843182,0.801929,0.852272,0.856405,0.790728,0.865396,0.857787,0.851463,0.814425,0.832767,0.807586,0.891349,0.901932,0.860963,0.856102,0.826795,0.845824,0.885903,0.796803,0.813948,0.812632,0.834291,0.829658,0.789002,0.773919,0.904106,0.819787,0.852184,0.818014,0.867987,0.809742,0.712764,0.831457,0.859279,0.848532,0.906335,0.842481,0.830412,0.793078,0.797026,0.797778,0.888025,0.821069,0.821067,0.786217,0.796879,0.851024,0.811355,0.858920,0.821056,0.797670,0.843661,0.787394,0.874869,0.882792,0.879527,0.797717,0.895397,0.859826,0.846897,0.855543,0.827182,0.850518,0.891390,0.817451,0.822382,0.858365,0.828236,0.816915,0.792080,0.804917,0.789268,0.873222,0.843193,0.792451,0.835854,0.802237,0.809875,0.793528,0.790754,0.834441,0.874313,0.830905,0.829355,0.800001,0.819755,0.783573,0.833363,0.836708,0.824417,0.841403,0.852874,0.894188,0.855924,0.837766,0.838888,0.832259,0.856944,0.907384,0.819454,0.828578,0.847111,0.868139,0.845495,0.769671,0.855869,0.782267,0.838641,0.820153,0.848583,0.867797,0.883739,0.833377,0.786462,0.836426,0.801294,0.881877,0.807019,0.854889,0.873945,0.803237,0.804402,0.864933,0.780226,0.786737,0.832908,0.877000,0.836068,0.821664,0.868588,0.834156,0.842516,0.782291,0.759075,0.843992,0.881473,0.852053,0.855497,0.848084,0.837836,0.834558,0.838621,0.857330,0.838282,0.900427,0.837554,0.775049,0.815918,0.837594,0.824910,0.882856,0.859142,0.797271,0.829119,0.775299,0.844211,0.796657,0.867402,0.884652,0.797886,0.771278,0.842650,0.853243,0.845083,0.821708,0.827189,0.819322,0.861777,0.873574,0.749450,0.869207,0.811486,0.759318,0.851597,0.751455,0.826072,0.797840,0.886014,0.801285,0.849904,0.795108,0.836177,0.859309,0.770451,0.873669
0.857369,0.864263,0.881100,0.869753,0.848020,0.858838,0.874844,0.880631,0.883232,0.816307,0.900976,0.863443,0.873116,0.840735,0.853433,0.898886,0.871032,0.795107,0.859692,0.887300,0.860986,0.802590,0.835649,0.857145,0.943982,0.852827,0.869633,0.868859,0.835706,0.828437,0.894112,0.853726,0.857821,0.883193,0.884099,0.871551,0.841152,0.857733,0.841182,0.864164,0.877056,0.874847,0.902961,0.875034,0.905949,0.850863,0.905089,0.802311,0.866847,0.836276,1.000000,0.919413,0.808689,0.812973,0.853283,0.864102,0.854556,0.885522,0.871588,0.913316,0.875926,0.888574,0.854720,0.871103,0.872150,0.845841,0.862341,0.843982,0.870847,0.854354,0.839194,0.873832,0.848956,0.845349,0.876877,0.871955,0.889649,0.884856,0.904193,0.860709,0.872716,0.888281,0.887403,0.818358,0.826943,0.888567,0.868377,0.876476,0.871979,0.877267,0.854621,0.898631,0.843760,0.878838,0.859936,0.863425,0.891299,0.877982,0.861587,0.852171,0.863397,0.896956,0.859273,0.872088,0.864325,0.871749,0.889661,0.869231,0.870070,0.853672,0.832146,0.870292,0.834745,0.814516,0.865676,0.880158,0.853594,0.718737,0.919036,0.864487,0.888111,0.904834,0.851098,0.881412,0.880590,0.815761,0.804104,0.864171,0.877360,0.826600,0.902004,0.852628,0.857476,0.895119,0.894373,0.857034,0.839845,0.866661,0.835631,0.879027,0.887844,0.847266,0.874109,0.887434,0.837262,0.875951,0.846950,0.876995,0.863868,0.850220,0.901493,0.862291,0.880177,0.913166,0.865793,0.845387,0.840110,0.860772,0.856710,0.881777,0.866318,0.860366,0.856095,0.855772,0.883961,0.893773,0.889809,0.882421,0.850903,0.902030,0.841829,0.889636,0.849232,0.861867,0.871938,0.860612,0.889609,0.889473,0.881935,0.878380,0.920610,0.917699,0.890885,0.846327,0.884923,0.904696,0.830142,0.868821,0.899085,0.876816,0.845755,0.866121,0.813284,0.936844,0.852358,0.910402,0.879006,0.867162,0.866846,0.828975,0.844800,0.862548,0.865264,0.814733,0.878728,0.879870,0.837663,0.847304,0.881929,0.911077,0.878242,0.892488,0.877933,0.916427,0.880824,0.891720,0.889112,0.867234,0.797068,0.867581,0.847471,0.861496,0.822486,0.894766,0.869271,0.854506,0.879468,0.884266,0.856212,0.849528,0.868505,0.854641,0.845443,0.831390,0.870725,0.846216,0.884310,0.886380,0.876699,0.908848,0.876482,0.872730,0.877262,0.888988,0.849402,0.864319,0.857774,0.863242,0.852471,0.885736,0.894016,0.892430,0.907340,0.871976,0.847605,0.866761,0.893600,0.882904,0.844668,0.900566,0.870797,0.860023,0.859101,0.892004,0.884071,0.875517,0.893704,0.913085,0.830496,0.872040,0.867956
0.879525,0.869822,0.862884,0.920526,0.861611,0.862766,0.867351,0.873195,0.891951,0.839859,0.881663,0.874379,0.909903,0.861089,0.887219,0.890606,0.866544,0.794967,0.842179,0.892147,0.884685,0.814788,0.849328,0.898474,0.907705,0.870428,0.864183,0.875035,0.876515,0.823902,0.895908,0.848805,0.863113,0.880948,0.896707,0.865809,0.869414,0.865021,0.828820,0.889443,0.904455,0.896519,0.900356,0.887546,0.916665,0.885153,0.862806,0.798216,0.862046,0.837495,0.919413,1.000000,0.805695,0.818643,0.860542,0.861353,0.864080,0.885365,0.880612,0.901157,0.881399,0.874348,0.885819,0.875385,0.879114,0.883092,0.864784,0.862378,0.864793,0.901148,0.866435,0.893702,0.852246,0.874066,0.906021,0.849308,0.874699,0.892094,0.905205,0.888383,0.895731,0.891835,0.884748,0.835095,0.841340,0.875751,0.896629,0.870877,0.885206,0.904337,0.883854,0.893076,0.855620,0.890604,0.868435,0.878028,0.907722,0.891154,0.871236,0.862222,0.884819,0.887863,0.867992,0.881624,0.866212,0.862253,0.895974,0.887809,0.878651,0.898906,0.831612,0.877092,0.838201,0.852953,0.890207,0.869710,0.868143,0.695152,0.873470,0.884926,0.889624,0.914358,0.860487,0.895644,0.873174,0.844694,0.833700,0.878692,0.863416,0.863239,0.904291,0.877740,0.857034,0.886851,0.884836,0.864082,0.867857,0.899984,0.885981,0.894579,0.916339,0.861458,0.871048,0.896059,0.851466,0.880216,0.877303,0.886458,0.855818,0.852550,0.867137,0.881876,0.886253,0.907215,0.870382,0.871286,0.873502,0.852973,0.859138,0.898030,0.866937,0.879497,0.865650,0.881312,0.887980,0.879963,0.918871,0.898845,0.880821,0.913880,0.867195,0.883428,0.869714,0.870531,0.876809,0.872269,0.881150,0.893082,0.912873,0.880783,0.889236,0.908556,0.884775,0.847359,0.888481,0.894733,0.863942,0.893317,0.906678,0.858577,0.889401,0.881518,0.813465,0.916318,0.885090,0.895397,0.927248,0.876746,0.889396,0.821169,0.855945,0.912822,0.877867,0.851781,0.860412,0.874416,0.861688,0.863470,0.887628,0.889707,0.868844,0.911900,0.889243,0.903082,0.915391,0.886098,0.884773,0.889399,0.833017,0.844431,0.856020,0.894159,0.841352,0.888191,0.888160,0.892327,0.899040,0.871821,0.854864,0.861260,0.870041,0.856939,0.850946,0.831960,0.874403,0.864008,0.890854,0.882635,0.889897,0.884111,0.852917,0.896318,0.882346,0.900218,0.864691,0.901405,0.839643,0.907323,0.870932,0.862117,0.887691,0.883688,0.911585,0.887659,0.866328,0.868585,0.875278,0.879968,0.828192,0.878204,0.865509,0.876691,0.849655,0.897367,0.888408,0.905612,0.904415,0.900312,0.856116,0.862822,0.869778
0.793750,0.825077,0.799626,0.873976,0.800593,0.862814,0.793527,0.770292,0.775993,0.768680,0.809305,0.785655,0.810474,0.740996,0.800094,0.800411,0.809774,0.819371,0.753916,0.759812,0.803712,0.788515,0.753212,0.782797,0.809955,0.764286,0.818010,0.775126,0.774524,0.771463,0.807041,0.821254,0.753296,0.765846,0.795881,0.784986,0.792367,0.792714,0.746728,0.822155,0.781877,0.813754,0.792053,0.815550,0.815697,0.784512,0.797085,0.808658,0.763936,0.749969,0.808689,0.805695,1.000001,0.790631,0.774215,0.808208,0.729506,0.862680,0.779482,0.797933,0.765661,0.820905,0.801821,0.881195,0.747407,0.848832,0.789358,0.836368,0.799139,0.819049,0.769936,0.825549,0.762975,0.829394,0.855150,0.766349,0.786540,0.804679,0.821949,0.812104,0.834029,0.810599,0.780784,0.800763,0.844889,0.805252,0.816219,0.800687,0.808976,0.797621,0.814696,0.827047,0.789162,0.838967,0.806787,0.817208,0.817216,0.750153,0.749652,0.803736,0.785430,0.802901,0.813900,0.784108,0.819144,0.837837,0.822146,0.786559,0.813034,0.805218,0.806701,0.791382,0.817425,0.747421,0.833726,0.772648,0.787340,0.664585,0.813828,0.768772,0.806623,0.793318,0.766870,0.818152,0.802307,0.790695,0.855395,0.779446,0.806587,0.777832,0.859885,0.802732,0.800144,0.792331,0.808651,0.870385,0.827507,0.774800,0.790148,0.787044,0.798585,0.726539,0.880103,0.774499,0.784761,0.791034,0.777685,0.777770,0.765581,0.791357,0.779793,0.805023,0.797331,0.782953,0.790341,0.816412,0.797624,0.781713,0.777958,0.822033,0.785252,0.791888,0.771138,0.853356,0.802045,0.786387,0.819978,0.811151,0.859832,0.773850,0.801466,0.783570,0.839480,0.819866,0.787564,0.840894,0.808042,0.805359,0.793570,0.831980,0.796838,0.831611,0.778288,0.841813,0.805332,0.804225,0.788798,0.791337,0.825183,0.791575,0.804158,0.785220,0.839989,0.809796,0.803391,0.805909,0.802551,0.783126,0.843838,0.784839,0.828813,0.780278,0.784618,0.799437,0.755488,0.753824,0.828525,0.812826,0.787304,0.767317,0.766074,0.832066,0.785502,0.811194,0.815351,0.791249,0.790655,0.813689,0.762242,0.777735,0.845482,0.798684,0.752194,0.791984,0.822611,0.809466,0.823315,0.822770,0.757897,0.724225,0.779231,0.828229,0.781230,0.844789,0.848119,0.794513,0.810578,0.790330,0.760917,0.773097,0.799710,0.803392,0.835757,0.794366,0.777526,0.787084,0.787138,0.809088,0.820889,0.766311,0.782374,0.792547,0.846873,0.764682,0.771514,0.798193,0.790612,0.808614,0.777765,0.796378,0.778144,0.829111,0.763443,0.787858,0.830087,0.795587,0.792377,0.825184,0.760810,0.803671,0.780270
0.832082,0.844933,0.848540,0.852070,0.837243,0.838173,0.807302,0.867136,0.825455,0.850421,0.844822,0.825913,0.875337,0.837902,0.856182,0.818866,0.820734,0.808373,0.784270,0.822699,0.842562,0.826329,0.785316,0.818760,0.836290,0.830906,0.848545,0.797775,0.810379,0.843414,0.853348,0.840981,0.788428,0.852721,0.823115,0.807139,0.861380,0.819844,0.798671,0.798382,0.847491,0.823538,0.833665,0.817072,0.834606,0.823901,0.776014,0.805530,0.813738,0.809489,0.812973,0.818643,0.790631,1.000000,0.827600,0.837105,0.785622,0.845873,0.838494,0.863160,0.816574,0.812162,0.854067,0.828155,0.803311,0.867248,0.819423,0.838631,0.819637,0.819222,0.800050,0.839082,0.777053,0.893924,0.842960,0.837014,0.829033,0.812655,0.861490,0.857493,0.837543,0.818238,0.818372,0.833989,0.830859,0.821808,0.821223,0.841938,0.843869,0.827261,0.834681,0.839760,0.817661,0.828023,0.851844,0.839579,0.828326,0.804561,0.801228,0.845687,0.812437,0.823347,0.863909,0.849561,0.839390,0.855008,0.819015,0.861450,0.878581,0.824490,0.833626,0.813018,0.923127,0.838955,0.881993,0.816617,0.818812,0.669925,0.786688,0.816091,0.831522,0.853075,0.810898,0.798928,0.856829,0.914012,0.874794,0.813427,0.832018,0.870238,0.815716,0.806092,0.912527,0.792830,0.838926,0.872403,0.843089,0.856647,0.841871,0.823938,0.824025,0.793563,0.844182,0.806916,0.825389,0.826390,0.813882,0.893483,0.809542,0.809346,0.838246,0.812015,0.800900,0.867294,0.839633,0.857836,0.860657,0.833820,0.803955,0.829369,0.831097,0.881714,0.844539,0.897457,0.850740,0.831445,0.843726,0.850357,0.853788,0.889933,0.818268,0.867067,0.840002,0.819937,0.840629,0.850507,0.808551,0.822229,0.831044,0.872190,0.845485,0.862938,0.847128,0.892034,0.823763,0.810396,0.875181,0.851819,0.844612,0.832381,0.824262,0.818171,0.883326,0.841228,0.841039,0.864939,0.822957,0.825745,0.886506,0.819308,0.822614,0.826897,0.865446,0.819114,0.819179,0.854150,0.833176,0.857551,0.829070,0.803087,0.822726,0.834539,0.839521,0.861305,0.850806,0.856970,0.838301,0.865888,0.855161,0.796960,0.868594,0.858329,0.872319,0.858473,0.848893,0.843039,0.857006,0.867322,0.791082,0.764683,0.808893,0.874281,0.840438,0.868621,0.896590,0.852143,0.846622,0.812796,0.833766,0.828475,0.837291,0.820680,0.830893,0.836906,0.862786,0.802348,0.802410,0.860789,0.831353,0.816883,0.851385,0.827137,0.827009,0.808268,0.822444,0.816982,0.831977,0.823593,0.800302,0.826793,0.827112,0.838795,0.821897,0.853932,0.844094,0.874889,0.822848,0.865566,0.874578,0.813928,0.879364
0.887288,0.939569,0.856432,0.881274,0.845123,0.889852,0.819849,0.846494,0.854924,0.859905,0.855190,0.877955,0.855827,0.838341,0.879870,0.851641,0.860664,0.827957,0.829766,0.841479,0.851574,0.918466,0.819464,0.854804,0.863124,0.846730,0.876306,0.830543,0.825769,0.868242,0.885238,0.846468,0.817186,0.852515,0.859098,0.854748,0.896797,0.828779,0.861041,0.863152,0.873230,0.849908,0.872569,0.851438,0.867395,0.830285,0.826471,0.840386,0.846960,0.808563,0.853283,0.860542,0.774215,0.827600,1.000000,0.879892,0.827961,0.892175,0.833312,0.869985,0.833052,0.851312,0.846063,0.892290,0.827833,0.873819,0.847170,0.843314,0.876624,0.862772,0.817565,0.847237,0.793602,0.847208,0.864346,0.880990,0.870426,0.838136,0.866400,0.843845,0.847016,0.850206,0.848630,0.855547,0.831451,0.844531,0.852396,0.835428,0.860497,0.864754,0.852407,0.862186,0.843577,0.859868,0.860239,0.857942,0.843514,0.844605,0.824137,0.861892,0.837399,0.869987,0.890659,0.860070,0.943807,0.832461,0.862273,0.826927,0.850096,0.879101,0.860253,0.821028,0.819814,0.843535,0.879642,0.820501,0.803466,0.708147,0.835862,0.842795,0.881483,0.889730,0.849830,0.815353,0.832541,0.853146,0.828400,0.842565,0.905370,0.904973,0.882470,0.809552,0.844340,0.836267,0.855477,0.889437,0.850364,0.861526,0.843603,0.857533,0.853865,0.816966,0.874570,0.819896,0.853335,0.863472,0.840175,0.822808,0.837488,0.861940,0.813216,0.824797,0.830474,0.864703,0.862895,0.880358,0.924528,0.891928,0.841649,0.851003,0.826359,0.921249,0.860850,0.847221,0.858586,0.870263,0.849729,0.866723,0.863141,0.848510,0.832800,0.858515,0.828223,0.872532,0.845857,0.849825,0.829199,0.844059,0.840942,0.844759,0.851350,0.894680,0.868057,0.836032,0.863349,0.866130,0.819605,0.900827,0.872989,0.881254,0.838067,0.845151,0.790577,0.865264,0.851656,0.856085,0.854618,0.857748,0.859506,0.830484,0.831909,0.863049,0.850941,0.860736,0.863782,0.834806,0.844105,0.907036,0.848906,0.836785,0.840901,0.864211,0.888393,0.880769,0.884630,0.853681,0.875826,0.865627,0.832064,0.810359,0.838249,0.885337,0.841671,0.843338,0.847663,0.850656,0.886706,0.852258,0.822156,0.805266,0.839195,0.827517,0.877296,0.807013,0.846196,0.839471,0.832846,0.831691,0.875471,0.862926,0.857463,0.853158,0.869454,0.867285,0.834568,0.847438,0.845429,0.891028,0.838016,0.864322,0.865925,0.871531,0.877264,0.835372,0.848503,0.829736,0.856505,0.842302,0.834000,0.857952,0.844900,0.854776,0.855430,0.873799,0.864309,0.914432,0.853675,0.849441,0.854083,0.853699,0.885738
0.909850,0.895907,0.875158,0.887418,0.861993,0.889131,0.851541,0.851548,0.879222,0.859632,0.883447,0.863454,0.860531,0.859287,0.893779,0.898404,0.862620,0.816806,0.845794,0.887030,0.905187,0.857503,0.856699,0.898450,0.909799,0.887326,0.884855,0.860010,0.858450,0.889962,0.919430,0.868837,0.854422,0.819467,0.912490,0.872142,0.887900,0.834985,0.853158,0.874820,0.880249,0.901145,0.918883,0.898078,0.913330,0.863827,0.881684,0.810185,0.913709,0.836589,0.864102,0.861353,0.808208,0.837105,0.879892,1.000000,0.857368,0.924121,0.864477,0.849304,0.867755,0.859233,0.865848,0.886802,0.866604,0.876239,0.935193,0.880410,0.904198,0.887817,0.856874,0.868149,0.849840,0.855208,0.862210,0.862072,0.914009,0.897348,0.882137,0.868603,0.881758,0.902516,0.895803,0.845594,0.874254,0.886077,0.905394,0.870476,0.888633,0.887389,0.870705,0.878321,0.851226,0.914248,0.891011,0.898806,0.865019,0.852451,0.861337,0.874173,0.902905,0.881620,0.861398,0.874130,0.901093,0.886742,0.889043,0.849587,0.861832,0.887306,0.887882,0.847083,0.820917,0.841526,0.867944,0.865611,0.884331,0.703500,0.892093,0.891371,0.917565,0.897739,0.875424,0.894811,0.866828,0.841712,0.817628,0.894957,0.906648,0.866935,0.874295,0.875372,0.859140,0.877727,0.881342,0.906039,0.888792,0.877190,0.866535,0.892742,0.878619,0.836202,0.891462,0.873723,0.891162,0.903302,0.873983,0.828318,0.889800,0.874030,0.861234,0.863248,0.888682,0.855214,0.827495,0.892569,0.882670,0.909616,0.882342,0.832087,0.810128,0.877676,0.876656,0.858196,0.862923,0.890179,0.864935,0.873898,0.870283,0.844834,0.874982,0.875330,0.870778,0.895664,0.849652,0.891983,0.870986,0.909839,0.892865,0.839391,0.912013,0.885547,0.873805,0.857402,0.880814,0.879159,0.838285,0.904539,0.906638,0.933637,0.850998,0.883170,0.805293,0.843871,0.829212,0.875079,0.891717,0.895653,0.879373,0.805859,0.851902,0.873438,0.870592,0.838916,0.879968,0.850394,0.882228,0.899696,0.907661,0.861245,0.848897,0.884140,0.926317,0.893977,0.902452,0.851219,0.880104,0.888817,0.824470,0.852688,0.854198,0.893624,0.844803,0.886433,0.895791,0.893646,0.919814,0.863991,0.863878,0.834650,0.887193,0.859783,0.877173,0.823664,0.859431,0.874512,0.858899,0.908181,0.886792,0.880588,0.870191,0.908620,0.913773,0.918987,0.847798,0.852041,0.925646,0.895446,0.865077,0.892000,0.897263,0.918712,0.899620,0.887002,0.867212,0.865604,0.867360,0.883697,0.905829,0.875168,0.838308,0.884431,0.899678,0.904503,0.881965,0.901093,0.855404,0.885297,0.846627,0.895136,0.867463
0.862496,0.817682,0.842500,0.830685,0.858441,0.778098,0.853577,0.833138,0.847207,0.806928,0.836391,0.818376,0.826698,0.866854,0.812935,0.908595,0.849441,0.768131,0.899762,0.929153,0.864535,0.806896,0.820449,0.871860,0.866849,0.889042,0.845566,0.902963,0.816201,0.842205,0.874338,0.823572,0.855720,0.863237,0.879263,0.855903,0.846072,0.845440,0.853329,0.820192,0.906713,0.900524,0.870494,0.855342,0.925513,0.817020,0.861399,0.772818,0.856779,0.882854,0.854556,0.864080,0.729506,0.785622,0.827961,0.857368,1.000000,0.822270,0.915314,0.878597,0.888821,0.838036,0.841439,0.801550,0.936618,0.826831,0.867503,0.807725,0.858540,0.855640,0.885100,0.832530,0.886931,0.812041,0.813073,0.830962,0.830120,0.890248,0.849661,0.856365,0.850412,0.857014,0.872454,0.810018,0.790588,0.821406,0.853774,0.835313,0.842622,0.886329,0.798776,0.869377,0.835248,0.855363,0.831548,0.856244,0.825735,0.921063,0.944794,0.850525,0.887308,0.854022,0.823616,0.859768,0.828024,0.825083,0.837873,0.833295,0.832291,0.807900,0.793607,0.862995,0.777764,0.888292,0.822755,0.891766,0.852479,0.709380,0.860619,0.840941,0.877747,0.888014,0.837089,0.853812,0.822927,0.783504,0.752938,0.926530,0.832949,0.804328,0.804028,0.808170,0.836708,0.838645,0.857456,0.808341,0.805309,0.853177,0.797140,0.865293,0.889575,0.954845,0.812256,0.929637,0.869298,0.856534,0.876571,0.804551,0.877507,0.869717,0.821216,0.847867,0.880293,0.853357,0.815723,0.810031,0.795593,0.819941,0.843610,0.819287,0.810032,0.847430,0.818175,0.786831,0.832163,0.838899,0.844153,0.877765,0.825310,0.837005,0.815575,0.834404,0.779409,0.830214,0.864501,0.835181,0.851898,0.882951,0.905717,0.841061,0.859593,0.836538,0.844224,0.811441,0.875276,0.852982,0.822914,0.882165,0.879580,0.853324,0.774742,0.846148,0.741245,0.819836,0.796814,0.863728,0.876399,0.861693,0.822791,0.794026,0.839333,0.823080,0.861994,0.774267,0.864469,0.876905,0.817013,0.804544,0.861299,0.821690,0.810020,0.851408,0.853892,0.845280,0.832471,0.876490,0.853288,0.861152,0.780043,0.799192,0.823130,0.854067,0.845608,0.876331,0.849868,0.856780,0.849193,0.841858,0.829672,0.942514,0.927844,0.826251,0.785974,0.778997,0.814011,0.849992,0.866770,0.888400,0.840578,0.835338,0.801835,0.843280,0.836359,0.857486,0.865681,0.829547,0.818800,0.851157,0.819632,0.874511,0.858184,0.841168,0.835023,0.856021,0.848982,0.790467,0.895478,0.825041,0.803074,0.872313,0.791301,0.833654,0.853219,0.889435,0.808238,0.856248,0.817818,0.850213,0.874875,0.798628,0.884446
0.907385,0.916870,0.885329,0.925488,0.866199,0.937131,0.858109,0.854777,0.882977,0.866563,0.886826,0.896263,0.882929,0.822849,0.913987,0.892970,0.877089,0.844845,0.837693,0.867318,0.896360,0.865280,0.849920,0.876606,0.905352,0.867126,0.888309,0.862611,0.871345,0.876447,0.912370,0.879325,0.841286,0.851192,0.880850,0.868020,0.885543,0.849253,0.845377,0.893352,0.871506,0.884837,0.897895,0.894567,0.900973,0.866142,0.860617,0.842463,0.872816,0.801515,0.885522,0.885365,0.862680,0.845873,0.892175,0.924121,0.822270,1.000000,0.862402,0.878258,0.855765,0.885977,0.890659,0.966311,0.829614,0.901831,0.900239,0.913095,0.907693,0.897202,0.834786,0.888296,0.835257,0.878051,0.918083,0.868143,0.891622,0.879731,0.896638,0.882511,0.885914,0.896767,0.884274,0.856036,0.907596,0.890550,0.904854,0.880977,0.893388,0.893150,0.888060,0.881608,0.864293,0.918961,0.890220,0.905369,0.896068,0.850127,0.837856,0.864406,0.884489,0.902034,0.888360,0.872618,0.907092,0.905931,0.900164,0.878717,0.879755,0.905428,0.900049,0.832791,0.849495,0.824068,0.916141,0.847459,0.878044,0.704056,0.877067,0.885169,0.922682,0.894428,0.871046,0.887770,0.877601,0.858553,0.857319,0.878508,0.925280,0.881685,0.921913,0.883387,0.856026,0.884892,0.880943,0.921719,0.911824,0.885547,0.892994,0.898840,0.887957,0.812761,0.965882,0.848340,0.872972,0.902758,0.881178,0.857989,0.852558,0.850777,0.859799,0.883811,0.880616,0.871147,0.865967,0.898292,0.903645,0.908967,0.871633,0.880856,0.856190,0.895601,0.894292,0.896830,0.886471,0.893365,0.885335,0.880021,0.892864,0.863503,0.884401,0.868254,0.900124,0.902806,0.867982,0.905668,0.873131,0.889020,0.872071,0.863156,0.895437,0.923082,0.878882,0.871547,0.885707,0.887521,0.867735,0.917549,0.906950,0.906539,0.895452,0.890241,0.838534,0.878848,0.869339,0.879947,0.890081,0.882727,0.896270,0.851047,0.871543,0.895807,0.862155,0.866007,0.850564,0.838322,0.906063,0.897015,0.893165,0.879626,0.852775,0.907391,0.899274,0.902749,0.922530,0.856562,0.885388,0.900621,0.855802,0.854670,0.879308,0.888400,0.843512,0.867297,0.904313,0.893510,0.922379,0.877447,0.863103,0.813126,0.862693,0.875047,0.900419,0.849193,0.876809,0.876494,0.864878,0.886664,0.881718,0.871660,0.875938,0.916749,0.917007,0.910436,0.846086,0.880385,0.903895,0.891500,0.874499,0.887693,0.889072,0.906486,0.930182,0.882321,0.870441,0.883665,0.868452,0.892405,0.891894,0.883623,0.865352,0.910482,0.882319,0.894029,0.916174,0.912553,0.886250,0.900187,0.834885,0.887361,0.875823
0.875439,0.855295,0.896173,0.888708,0.871693,0.834864,0.861864,0.867332,0.861146,0.847098,0.853110,0.858970,0.866096,0.850214,0.879127,0.910313,0.872766,0.826161,0.865139,0.920093,0.893852,0.828003,0.809766,0.891106,0.881207,0.890066,0.874085,0.907004,0.852799,0.839902,0.901124,0.863611,0.840976,0.887855,0.880551,0.849369,0.871643,0.874695,0.829117,0.849047,0.916482,0.903258,0.873751,0.850355,0.922828,0.846893,0.861481,0.839304,0.842930,0.880199,0.871588,0.880612,0.779482,0.838494,0.833312,0.864477,0.915314,0.862402,1.000000,0.899612,0.888024,0.865763,0.877087,0.840622,0.897798,0.880774,0.886871,0.867689,0.878325,0.876710,0.886816,0.869740,0.898311,0.861209,0.860575,0.846593,0.849787,0.913664,0.881210,0.892668,0.889774,0.887700,0.885345,0.852745,0.858047,0.875575,0.867247,0.883821,0.875256,0.917024,0.846401,0.894943,0.874101,0.883378,0.855051,0.899111,0.863470,0.902286,0.915003,0.862458,0.895871,0.895923,0.860572,0.887345,0.839995,0.871533,0.876711,0.908947,0.879048,0.840460,0.859635,0.872453,0.830853,0.870388,0.881469,0.905771,0.899742,0.720941,0.872969,0.862171,0.904870,0.905186,0.843911,0.872957,0.868205,0.842420,0.835345,0.907016,0.858554,0.839834,0.838519,0.841576,0.872148,0.860330,0.882025,0.846868,0.861031,0.898836,0.869039,0.869601,0.905385,0.913120,0.854489,0.930130,0.875287,0.887699,0.878116,0.872244,0.863789,0.866114,0.856141,0.895113,0.897240,0.907207,0.858608,0.853817,0.847974,0.827189,0.837414,0.884812,0.871070,0.857648,0.877485,0.858021,0.870477,0.870607,0.883749,0.886855,0.877978,0.879348,0.853595,0.873879,0.855618,0.851092,0.901460,0.869434,0.882147,0.903815,0.919576,0.870007,0.862025,0.877248,0.862813,0.852407,0.902045,0.885372,0.871138,0.887663,0.904042,0.854941,0.848662,0.857182,0.806972,0.867303,0.855600,0.875642,0.875615,0.871196,0.869551,0.832069,0.878695,0.869476,0.880630,0.837365,0.884133,0.901462,0.865569,0.856652,0.901722,0.852614,0.843550,0.892285,0.860913,0.875899,0.883383,0.902067,0.880248,0.883603,0.832765,0.833132,0.853081,0.888567,0.853777,0.900476,0.898577,0.881195,0.891356,0.871689,0.830156,0.905805,0.918001,0.856867,0.839653,0.839499,0.861774,0.890446,0.900308,0.915845,0.864901,0.844251,0.833984,0.859778,0.865373,0.882252,0.884779,0.865205,0.839508,0.868563,0.855222,0.866477,0.888063,0.850746,0.872467,0.866958,0.857796,0.829267,0.894755,0.868278,0.813219,0.900093,0.851060,0.882850,0.845325,0.903203,0.849976,0.871076,0.861647,0.878725,0.868766,0.841056,0.899527
0.865325,0.880721,0.896346,0.882117,0.883370,0.875317,0.854061,0.888709,0.861555,0.861582,0.885861,0.871384,0.905111,0.845229,0.876861,0.894211,0.901763,0.821793,0.864119,0.898632,0.869550,0.851005,0.835995,0.861845,0.907061,0.877356,0.900288,0.885960,0.865458,0.877400,0.893704,0.884158,0.858282,0.911056,0.879558,0.875964,0.878090,0.903343,0.833274,0.847762,0.905548,0.887308,0.900267,0.877138,0.903745,0.838236,0.853692,0.828781,0.839742,0.857379,0.913316,0.901157,0.797933,0.863160,0.869985,0.849304,0.878597,0.878258,0.899612,1.000000,0.880891,0.889489,0.897970,0.865226,0.885987,0.883509,0.856005,0.857976,0.867996,0.877857,0.862344,0.904517,0.841976,0.889202,0.884613,0.882933,0.863141,0.881912,0.899066,0.895728,0.879679,0.875982,0.882898,0.861460,0.843658,0.867037,0.863843,0.878020,0.904809,0.911456,0.853634,0.915555,0.892925,0.871601,0.867818,0.859339,0.886519,0.902187,0.887789,0.882094,0.870976,0.891344,0.908964,0.903005,0.870606,0.874443,0.875571,0.869249,0.899634,0.859680,0.848805,0.873521,0.863361,0.846392,0.886679,0.890999,0.844534,0.730907,0.868829,0.873247,0.879752,0.915594,0.845390,0.856652,0.897470,0.856647,0.831282,0.885047,0.866359,0.875329,0.869478,0.840009,0.905544,0.850124,0.894543,0.869572,0.855428,0.905902,0.858883,0.877994,0.909997,0.860921,0.885458,0.896092,0.852892,0.881871,0.881178,0.889835,0.861987,0.879419,0.901498,0.871621,0.883574,0.913881,0.897327,0.853644,0.858600,0.844271,0.858903,0.892873,0.879112,0.885230,0.875600,0.884096,0.892777,0.887624,0.914096,0.922529,0.873379,0.915360,0.848334,0.895687,0.846099,0.882912,0.919898,0.870854,0.874623,0.885171,0.899846,0.918950,0.886802,0.934934,0.904105,0.892279,0.899032,0.902225,0.869478,0.894766,0.896014,0.856169,0.872314,0.867866,0.839509,0.917107,0.879099,0.932671,0.886468,0.871441,0.890312,0.848652,0.850203,0.897027,0.890678,0.850608,0.876992,0.884370,0.855562,0.862595,0.893405,0.858677,0.856238,0.908938,0.877235,0.927194,0.895796,0.939041,0.909852,0.900119,0.838652,0.863504,0.902389,0.886011,0.875970,0.913797,0.876337,0.883882,0.885515,0.929802,0.847531,0.851220,0.907114,0.896337,0.875875,0.886083,0.893239,0.872099,0.908651,0.876336,0.879574,0.904282,0.875416,0.878881,0.869149,0.883180,0.880677,0.890705,0.833099,0.898434,0.881003,0.904346,0.903730,0.870473,0.885605,0.881356,0.869309,0.842313,0.915128,0.851958,0.817975,0.933832,0.859897,0.881889,0.842997,0.901898,0.905331,0.908301,0.912765,0.934585,0.874181,0.853625,0.918101
0.905610,0.823836,0.863442,0.865417,0.863750,0.811007,0.883674,0.830678,0.879136,0.831422,0.846299,0.884074,0.854934,0.902116,0.845039,0.890658,0.850999,0.764102,0.935744,0.913158,0.888036,0.794206,0.918333,0.917935,0.906236,0.887751,0.883416,0.910611,0.846167,0.887992,0.877305,0.840721,0.905317,0.883249,0.893118,0.936299,0.860634,0.838896,0.939866,0.845882,0.899850,0.896002,0.915034,0.912119,0.914628,0.862295,0.844624,0.786313,0.907468,0.886523,0.875926,0.881399,0.765661,0.816574,0.833052,0.867755,0.888821,0.855765,0.888024,0.880891,1.000000,0.877770,0.847372,0.815860,0.889682,0.836609,0.887492,0.796185,0.922083,0.890106,0.889741,0.854475,0.849877,0.824137,0.847248,0.855547,0.827213,0.881581,0.893713,0.861166,0.872709,0.867489,0.850426,0.818391,0.811318,0.827103,0.880189,0.844680,0.862959,0.877501,0.831994,0.877693,0.837868,0.862322,0.842717,0.868305,0.848510,0.919691,0.889134,0.840135,0.927661,0.853993,0.815730,0.859798,0.820165,0.834176,0.863949,0.846019,0.859544,0.818875,0.792851,0.878268,0.792274,0.832219,0.837666,0.874071,0.846671,0.718437,0.865059,0.927193,0.878571,0.891384,0.936962,0.864179,0.833916,0.807380,0.783936,0.924046,0.874318,0.807247,0.842241,0.845176,0.850246,0.850587,0.856136,0.854489,0.824242,0.865040,0.820240,0.924076,0.908895,0.877364,0.834069,0.902627,0.921225,0.842046,0.867767,0.845350,0.931874,0.894484,0.863705,0.841725,0.856689,0.861523,0.814351,0.829975,0.831458,0.877908,0.942764,0.854067,0.804208,0.862269,0.840810,0.822855,0.822170,0.838203,0.853814,0.881999,0.829742,0.867058,0.853735,0.863726,0.796046,0.849502,0.875216,0.822637,0.864799,0.874187,0.897173,0.857919,0.899638,0.855940,0.877045,0.840757,0.884387,0.860352,0.832324,0.892957,0.872870,0.908324,0.817930,0.926104,0.773007,0.854517,0.841627,0.863826,0.910224,0.955692,0.851257,0.790824,0.850863,0.840568,0.868087,0.795789,0.849162,0.889832,0.821489,0.832597,0.872839,0.841259,0.820268,0.846714,0.921003,0.859455,0.848983,0.872653,0.876334,0.860900,0.789687,0.815040,0.828638,0.877050,0.812890,0.885425,0.867876,0.843644,0.853738,0.850664,0.944268,0.864712,0.878548,0.830014,0.809745,0.802253,0.835299,0.841221,0.858119,0.878362,0.851403,0.842014,0.805646,0.904133,0.823360,0.922209,0.839531,0.847304,0.851242,0.860382,0.842831,0.879079,0.871582,0.902149,0.868695,0.953319,0.949502,0.793254,0.857967,0.859010,0.860157,0.871612,0.793577,0.834448,0.893705,0.915284,0.857273,0.868431,0.850514,0.894738,0.823834,0.804626,0.859496
0.885076,0.880900,0.884358,0.880017,0.874936,0.874004,0.883101,0.839957,0.875497,0.834445,0.889786,0.862743,0.861431,0.851608,0.855066,0.896305,0.885567,0.807043,0.881882,0.880690,0.890096,0.840378,0.844756,0.867044,0.906145,0.867721,0.888910,0.866873,0.830507,0.878567,0.885751,0.871716,0.846062,0.859066,0.870645,0.881758,0.852949,0.865451,0.846529,0.844299,0.870071,0.887821,0.891800,0.873362,0.905972,0.846720,0.878448,0.816672,0.859863,0.859341,0.888574,0.874348,0.820905,0.812162,0.851312,0.859233,0.838036,0.885977,0.865763,0.889489,0.877770,1.000000,0.878594,0.878291,0.858937,0.868181,0.868397,0.835240,0.884017,0.876777,0.856841,0.891247,0.826747,0.854655,0.885079,0.832753,0.826388,0.862099,0.883599,0.871704,0.867933,0.887510,0.845099,0.843792,0.838857,0.856335,0.871314,0.838077,0.871644,0.889676,0.854582,0.895861,0.872458,0.889440,0.857371,0.874228,0.871101,0.880347,0.858584,0.877408,0.872590,0.873941,0.868192,0.874822,0.855420,0.823208,0.879242,0.861839,0.869650,0.843150,0.828701,0.852353,0.816528,0.815204,0.871413,0.869554,0.834656,0.714185,0.890261,0.872269,0.888194,0.900662,0.856568,0.865096,0.852245,0.808016,0.818445,0.898732,0.874156,0.836834,0.864640,0.847093,0.863503,0.872135,0.910658,0.861067,0.867037,0.858787,0.846273,0.882625,0.894704,0.834531,0.866382,0.870409,0.868028,0.871326,0.877028,0.860560,0.847403,0.898595,0.880694,0.849786,0.868452,0.871757,0.828577,0.843711,0.859942,0.825577,0.867549,0.904696,0.851506,0.876818,0.845392,0.858408,0.851354,0.847843,0.876638,0.900491,0.872808,0.858690,0.835766,0.842408,0.813020,0.847525,0.857723,0.858926,0.913159,0.880273,0.883609,0.864598,0.879759,0.898454,0.862499,0.857391,0.912012,0.894669,0.832969,0.883010,0.862031,0.860795,0.824170,0.876240,0.805394,0.904677,0.865680,0.873701,0.883652,0.890650,0.865084,0.825833,0.843229,0.842057,0.857217,0.823863,0.832741,0.848751,0.860744,0.852816,0.873584,0.842915,0.830286,0.869308,0.872043,0.856565,0.886756,0.870457,0.871861,0.880954,0.806639,0.831764,0.864824,0.859743,0.828863,0.867580,0.874135,0.845192,0.867049,0.878040,0.867751,0.818259,0.871519,0.853153,0.814986,0.823232,0.856022,0.849872,0.866592,0.872732,0.843981,0.831293,0.826296,0.855015,0.857669,0.881630,0.851521,0.854298,0.833323,0.856853,0.859641,0.873552,0.849651,0.881621,0.892921,0.882050,0.860265,0.846552,0.884584,0.863059,0.818441,0.902053,0.806567,0.869464,0.835984,0.898245,0.883373,0.887684,0.879754,0.888289,0.817760,0.805028,0.883560
0.893103,0.887973,0.878684,0.915587,0.894935,0.888514,0.843481,0.855535,0.866619,0.870574,0.875322,0.870892,0.910369,0.829516,0.889252,0.887741,0.890700,0.838703,0.845640,0.890239,0.888262,0.875102,0.838464,0.867009,0.887816,0.868781,0.879531,0.874901,0.886579,0.869364,0.881225,0.874892,0.852228,0.866504,0.876281,0.854345,0.901957,0.891527,0.806261,0.852036,0.909827,0.904168,0.882145,0.870504,0.903497,0.854169,0.839911,0.835744,0.819514,0.853704,0.854720,0.885819,0.801821,0.854067,0.846063,0.865848,0.841439,0.890659,0.877087,0.897970,0.847372,0.878594,1.000000,0.881975,0.863374,0.941025,0.851050,0.883942,0.882890,0.873541,0.860233,0.903794,0.826718,0.931269,0.906363,0.830389,0.846920,0.870514,0.866817,0.959500,0.889302,0.873007,0.861027,0.882938,0.864696,0.854018,0.883288,0.871365,0.883466,0.895470,0.866564,0.898301,0.933622,0.892274,0.886114,0.897934,0.881088,0.870707,0.856336,0.876761,0.866089,0.878802,0.921084,0.922374,0.872827,0.865921,0.855388,0.869744,0.884890,0.856539,0.852520,0.859997,0.880302,0.860035,0.896484,0.856300,0.844289,0.692452,0.851379,0.869521,0.873815,0.912847,0.831578,0.872654,0.868254,0.858077,0.881018,0.886680,0.857803,0.873392,0.852035,0.854305,0.890703,0.852011,0.883692,0.857476,0.862710,0.886131,0.881355,0.890583,0.911707,0.845658,0.903593,0.853193,0.862184,0.880725,0.905887,0.896556,0.829218,0.876404,0.864973,0.901372,0.895434,0.855085,0.849025,0.871175,0.882969,0.839281,0.862466,0.894652,0.875175,0.878913,0.852461,0.906397,0.891287,0.861946,0.892089,0.882509,0.927911,0.873939,0.853625,0.850626,0.866445,0.876593,0.875071,0.935590,0.868455,0.882043,0.885085,0.912202,0.859697,0.911797,0.856875,0.926123,0.886935,0.866538,0.865706,0.897376,0.876829,0.849514,0.888734,0.856132,0.873558,0.864028,0.906574,0.889530,0.884572,0.866625,0.904228,0.810531,0.885326,0.895906,0.891695,0.866400,0.839362,0.851303,0.879720,0.871813,0.902245,0.828573,0.815758,0.888435,0.875591,0.870289,0.902879,0.875433,0.881775,0.914966,0.820322,0.826236,0.930398,0.885766,0.873496,0.863406,0.880755,0.867754,0.899268,0.884947,0.841912,0.816246,0.893323,0.946634,0.838980,0.893577,0.893629,0.856191,0.924347,0.867335,0.854299,0.837801,0.848417,0.893551,0.858383,0.893356,0.888679,0.881171,0.831015,0.898182,0.891342,0.851971,0.863444,0.848076,0.865372,0.863930,0.859151,0.839845,0.866805,0.852027,0.823624,0.864438,0.830750,0.888304,0.824429,0.899655,0.890932,0.895167,0.877022,0.896526,0.856661,0.840775,0.890556
0.889500,0.916415,0.867025,0.917395,0.849886,0.922052,0.844984,0.832431,0.861565,0.858160,0.874783,0.868262,0.866615,0.804548,0.877697,0.869084,0.878989,0.837860,0.811733,0.832918,0.860485,0.878661,0.810763,0.850123,0.875978,0.843957,0.870977,0.844060,0.851441,0.843113,0.888566,0.863394,0.810231,0.834863,0.854532,0.839383,0.867521,0.853056,0.816226,0.892587,0.858293,0.867600,0.861136,0.868191,0.881838,0.851762,0.845989,0.832786,0.836048,0.778337,0.871103,0.875385,0.881195,0.828155,0.892290,0.886802,0.801550,0.966311,0.840622,0.865226,0.815860,0.878291,0.881975,0.999999,0.805530,0.890682,0.862015,0.897418,0.883167,0.866810,0.814270,0.874856,0.816047,0.882065,0.920953,0.843276,0.866420,0.864862,0.868271,0.872928,0.877980,0.878856,0.852371,0.861713,0.884475,0.879414,0.889364,0.865989,0.876659,0.878924,0.866523,0.871416,0.849544,0.904784,0.881250,0.873467,0.884147,0.826476,0.811914,0.866260,0.842385,0.894548,0.887851,0.863237,0.914679,0.874673,0.887705,0.858752,0.862675,0.888158,0.881573,0.822271,0.842879,0.819905,0.903016,0.825725,0.852772,0.685654,0.855546,0.844639,0.903749,0.878757,0.830931,0.878842,0.864967,0.844478,0.851427,0.848481,0.909216,0.865195,0.916952,0.867293,0.843786,0.879098,0.877570,0.903319,0.895843,0.862399,0.877750,0.869951,0.876701,0.790892,0.959383,0.823294,0.845550,0.886347,0.869369,0.833091,0.817026,0.851942,0.831342,0.856538,0.868853,0.856521,0.863124,0.895364,0.896765,0.885768,0.833047,0.857373,0.842419,0.883562,0.863340,0.892894,0.888854,0.875469,0.886946,0.865411,0.894796,0.841945,0.866522,0.843301,0.881060,0.885472,0.863249,0.895313,0.864172,0.882479,0.848598,0.866994,0.860953,0.917046,0.855022,0.863901,0.871272,0.875416,0.841516,0.902352,0.889045,0.862566,0.874825,0.854853,0.841502,0.867746,0.852116,0.858500,0.870097,0.847848,0.880613,0.844997,0.858015,0.870198,0.845882,0.843406,0.821290,0.803620,0.881286,0.883143,0.855399,0.854259,0.838186,0.889099,0.862046,0.873765,0.901716,0.840425,0.851648,0.900002,0.819879,0.830591,0.882650,0.872150,0.831411,0.845123,0.876118,0.865035,0.905737,0.866845,0.822488,0.795114,0.843970,0.876378,0.868150,0.848244,0.877738,0.852711,0.859705,0.861472,0.864393,0.840562,0.862420,0.879894,0.902036,0.872992,0.841978,0.864765,0.862578,0.883574,0.864736,0.851907,0.855172,0.870686,0.907807,0.835988,0.832730,0.870548,0.853925,0.871929,0.853479,0.864615,0.858399,0.892212,0.842103,0.853778,0.894002,0.888045,0.874245,0.872897,0.830624,0.855663,0.865988
0.876587,0.834913,0.874184,0.842001,0.866724,0.813626,0.867736,0.845418,0.854530,0.824895,0.847902,0.822073,0.851480,0.884032,0.835217,0.922069,0.887664,0.783006,0.911820,0.953463,0.868305,0.819720,0.848549,0.879005,0.895391,0.900790,0.869857,0.910336,0.830024,0.848766,0.895321,0.857502,0.889690,0.863202,0.888218,0.858550,0.871641,0.873881,0.832154,0.833239,0.928878,0.925375,0.901019,0.879814,0.937149,0.815761,0.859492,0.779016,0.852979,0.917059,0.872150,0.879114,0.747407,0.803311,0.827833,0.866604,0.936618,0.829614,0.897798,0.885987,0.889682,0.858937,0.863374,0.805530,1.000000,0.830877,0.883776,0.809307,0.873003,0.846920,0.906826,0.843959,0.865917,0.831216,0.809199,0.826686,0.830889,0.890333,0.859665,0.877349,0.853415,0.878097,0.897843,0.809332,0.803349,0.859929,0.850586,0.848688,0.885472,0.891575,0.805506,0.898016,0.847548,0.861537,0.839401,0.850827,0.825295,0.925854,0.962985,0.879377,0.879411,0.860202,0.839409,0.882113,0.831491,0.839201,0.839974,0.832990,0.833291,0.830019,0.810266,0.893808,0.806563,0.886894,0.833211,0.895600,0.828256,0.697570,0.876290,0.864583,0.893350,0.896826,0.838708,0.863725,0.821698,0.789769,0.776876,0.912310,0.843138,0.818313,0.808331,0.816175,0.848451,0.843606,0.887502,0.823922,0.817254,0.863552,0.813808,0.878257,0.914324,0.939416,0.816749,0.946765,0.874288,0.894179,0.865216,0.832747,0.874335,0.902472,0.851226,0.845623,0.908583,0.852700,0.810241,0.830134,0.812648,0.824179,0.861299,0.837673,0.799864,0.855542,0.826318,0.814842,0.847034,0.842236,0.860187,0.881131,0.829810,0.843215,0.811038,0.834266,0.792728,0.844770,0.859668,0.836365,0.881755,0.910411,0.909133,0.858574,0.871664,0.841683,0.842220,0.841382,0.897076,0.855883,0.829633,0.875555,0.911720,0.869817,0.804981,0.855045,0.764608,0.842257,0.821424,0.878229,0.882677,0.888182,0.825114,0.788601,0.843967,0.844681,0.864808,0.804108,0.873055,0.908957,0.810776,0.822347,0.897919,0.828701,0.795859,0.870828,0.885483,0.867135,0.836444,0.887936,0.850798,0.854243,0.785141,0.801399,0.843973,0.881172,0.867436,0.886365,0.863564,0.850147,0.864843,0.858442,0.845622,0.917728,0.929794,0.844500,0.811447,0.811913,0.824693,0.848329,0.898204,0.909026,0.837309,0.860151,0.808010,0.867057,0.832394,0.876561,0.882425,0.836028,0.827898,0.865818,0.848571,0.889645,0.874468,0.846634,0.856692,0.876303,0.858933,0.800538,0.882964,0.825972,0.800529,0.888352,0.788360,0.825906,0.828766,0.903098,0.821157,0.878486,0.846769,0.868164,0.871461,0.820505,0.881735
0.879569,0.912322,0.881203,0.933655,0.907910,0.901558,0.843164,0.858280,0.857833,0.863316,0.862938,0.885373,0.902689,0.810050,0.905998,0.862927,0.879756,0.869728,0.809808,0.866210,0.908644,0.887200,0.830024,0.882707,0.870965,0.883940,0.891496,0.861550,0.877923,0.869260,0.893777,0.879241,0.838318,0.843836,0.896664,0.843976,0.902034,0.873485,0.812387,0.862299,0.894676,0.897856,0.881407,0.872912,0.894297,0.870178,0.839448,0.877183,0.834519,0.854333,0.845841,0.883092,0.848832,0.867248,0.873819,0.876239,0.826831,0.901831,0.880774,0.883509,0.836609,0.868181,0.941025,0.890682,0.830877,1.000000,0.852414,0.913180,0.866633,0.912358,0.859310,0.910265,0.821117,0.937494,0.919141,0.849309,0.852112,0.875072,0.873731,0.943151,0.912172,0.883071,0.860627,0.909811,0.886949,0.863055,0.894615,0.862327,0.881755,0.903921,0.887376,0.886648,0.931534,0.909797,0.867056,0.913110,0.898200,0.844843,0.834052,0.878900,0.878504,0.874681,0.930658,0.902868,0.893751,0.884735,0.885486,0.878635,0.895645,0.873540,0.870579,0.869244,0.895099,0.848565,0.916016,0.853094,0.857389,0.694095,0.842629,0.864967,0.880971,0.911075,0.841988,0.877492,0.852826,0.905057,0.914780,0.867289,0.873934,0.897621,0.878516,0.880053,0.880474,0.858603,0.878790,0.889051,0.891555,0.899072,0.892323,0.880628,0.882660,0.821336,0.915019,0.844207,0.853317,0.875350,0.885238,0.879608,0.833060,0.866202,0.844083,0.905988,0.871539,0.870057,0.872258,0.886363,0.903158,0.852504,0.850830,0.900005,0.873203,0.887656,0.854469,0.913944,0.878140,0.853660,0.895680,0.887901,0.949705,0.877405,0.872063,0.866982,0.902605,0.882816,0.862803,0.936077,0.854432,0.863817,0.902577,0.900829,0.868876,0.911527,0.867760,0.914948,0.894699,0.873686,0.887645,0.896860,0.879058,0.860188,0.881950,0.865230,0.890865,0.879091,0.909839,0.878736,0.894652,0.860687,0.934100,0.830757,0.897578,0.890970,0.888063,0.889818,0.855569,0.847545,0.915293,0.897911,0.891440,0.822673,0.842206,0.900505,0.864219,0.888718,0.924636,0.880577,0.892997,0.905641,0.885650,0.827262,0.915705,0.897541,0.859902,0.859968,0.908229,0.911851,0.909301,0.878945,0.829558,0.799805,0.875416,0.916649,0.851623,0.899946,0.913614,0.895335,0.911236,0.864377,0.852655,0.850048,0.860442,0.883518,0.878536,0.893494,0.874480,0.880677,0.834567,0.901587,0.896294,0.845506,0.867486,0.858055,0.887673,0.843709,0.866255,0.830583,0.868172,0.883362,0.823304,0.862452,0.844642,0.922605,0.838176,0.904679,0.900219,0.900916,0.859227,0.886068,0.859519,0.850650,0.890491
0.886162,0.870145,0.895138,0.883832,0.829858,0.864013,0.852551,0.832918,0.880444,0.822931,0.872866,0.860469,0.842101,0.857642,0.869716,0.915479,0.877788,0.813761,0.865551,0.896706,0.894268,0.822686,0.840033,0.908344,0.906145,0.891096,0.902066,0.874624,0.863745,0.859042,0.932838,0.882030,0.847870,0.823692,0.875493,0.861878,0.855859,0.855863,0.863914,0.885045,0.879312,0.907505,0.922780,0.871325,0.933570,0.861883,0.900233,0.809301,0.899441,0.822407,0.862341,0.864784,0.789358,0.819423,0.847170,0.935193,0.867503,0.900239,0.886871,0.856005,0.887492,0.868397,0.851050,0.862015,0.883776,0.852414,1.000000,0.867123,0.912032,0.890083,0.873530,0.857850,0.892857,0.829813,0.856683,0.853352,0.886604,0.922497,0.895484,0.858579,0.874260,0.914201,0.892396,0.827688,0.874314,0.905022,0.891881,0.887825,0.888852,0.914371,0.864988,0.891711,0.848802,0.888546,0.872156,0.911836,0.856591,0.877797,0.886106,0.868654,0.921371,0.905940,0.838156,0.852819,0.863876,0.870942,0.907732,0.842775,0.861659,0.857324,0.885173,0.838079,0.801980,0.839638,0.863569,0.901853,0.884875,0.698775,0.919999,0.896265,0.914062,0.871256,0.882660,0.893429,0.863292,0.825394,0.801410,0.901233,0.889360,0.825290,0.867890,0.875075,0.830761,0.869545,0.885981,0.870593,0.869931,0.894261,0.866580,0.894979,0.899221,0.870031,0.861396,0.896770,0.876260,0.899959,0.857972,0.822885,0.912368,0.873287,0.855055,0.876484,0.906837,0.859805,0.815904,0.885748,0.869166,0.908332,0.864193,0.841916,0.809599,0.867806,0.874673,0.848639,0.861450,0.894245,0.882041,0.869742,0.837612,0.836875,0.858241,0.842436,0.860510,0.860192,0.864632,0.860971,0.908907,0.928998,0.903747,0.838819,0.913188,0.867370,0.846933,0.837857,0.871335,0.896764,0.839966,0.904777,0.910944,0.915894,0.855802,0.882766,0.784883,0.834364,0.815364,0.859169,0.894028,0.899892,0.856922,0.797213,0.854150,0.866586,0.846262,0.812428,0.855135,0.862379,0.867784,0.877840,0.919957,0.880308,0.811922,0.887147,0.898955,0.879599,0.885068,0.861349,0.877555,0.863296,0.824308,0.829852,0.826292,0.877950,0.821342,0.895030,0.896380,0.874211,0.904784,0.856341,0.858462,0.875043,0.879775,0.833910,0.861970,0.803472,0.836341,0.884291,0.864841,0.939180,0.890137,0.855521,0.851070,0.886111,0.876695,0.912504,0.839526,0.869246,0.936200,0.889583,0.842459,0.882416,0.902492,0.911732,0.903043,0.891881,0.859879,0.856786,0.866526,0.905119,0.919774,0.895414,0.820861,0.867917,0.918034,0.914107,0.872473,0.884670,0.853039,0.884599,0.826335,0.868999,0.864005
0.860400,0.908333,0.859155,0.898038,0.847538,0.919599,0.797748,0.834724,0.839729,0.854419,0.862438,0.855798,0.870731,0.772163,0.887599,0.858883,0.844624,0.884056,0.765021,0.838544,0.870270,0.842892,0.775887,0.839757,0.857610,0.857640,0.871256,0.830037,0.861982,0.831808,0.909688,0.886425,0.791690,0.817254,0.865640,0.805736,0.861526,0.827474,0.781335,0.866894,0.853755,0.859837,0.850967,0.831682,0.872396,0.832698,0.829374,0.873429,0.816592,0.798789,0.843982,0.862378,0.836368,0.838631,0.843314,0.880410,0.807725,0.913095,0.867689,0.857976,0.796185,0.835240,0.883942,0.897418,0.809307,0.913180,0.867123,1.000000,0.853048,0.868803,0.810593,0.884202,0.847093,0.884047,0.898444,0.824452,0.864799,0.880127,0.878660,0.889631,0.879299,0.902572,0.882845,0.868237,0.923297,0.888424,0.881303,0.864598,0.876189,0.888585,0.901975,0.865534,0.879707,0.896856,0.869538,0.912748,0.870909,0.811607,0.812717,0.844381,0.840572,0.869721,0.888076,0.863679,0.886209,0.907546,0.884778,0.861215,0.873871,0.882381,0.931407,0.818282,0.852364,0.819238,0.890211,0.869002,0.869705,0.706244,0.840288,0.836812,0.895846,0.879532,0.807478,0.862535,0.860512,0.866630,0.866233,0.843016,0.865227,0.858662,0.874562,0.869798,0.845901,0.845755,0.860693,0.868245,0.912663,0.880272,0.876616,0.840924,0.850310,0.795751,0.917129,0.838713,0.820056,0.902506,0.854650,0.861035,0.808043,0.809834,0.838568,0.931166,0.872768,0.851300,0.861540,0.895952,0.884596,0.851922,0.810400,0.883283,0.864591,0.873384,0.907709,0.882992,0.873995,0.866147,0.885228,0.864648,0.906695,0.849514,0.853987,0.845088,0.950266,0.884674,0.851020,0.922982,0.848528,0.871574,0.877086,0.845430,0.852285,0.888760,0.831996,0.855426,0.860899,0.876991,0.861297,0.867480,0.882420,0.843106,0.881475,0.824087,0.842904,0.845421,0.859318,0.860871,0.858945,0.818127,0.900447,0.838018,0.885626,0.879137,0.858346,0.877161,0.849829,0.819557,0.913289,0.891924,0.896871,0.843649,0.835207,0.907877,0.849109,0.875153,0.917107,0.854876,0.868888,0.882371,0.853540,0.864642,0.854608,0.877380,0.836396,0.874057,0.912677,0.899597,0.907531,0.861518,0.793243,0.806569,0.853852,0.867170,0.881814,0.846854,0.886677,0.896884,0.871361,0.874888,0.856761,0.853122,0.846537,0.871218,0.906521,0.863676,0.841170,0.857763,0.862645,0.884437,0.852833,0.843627,0.867602,0.852400,0.899802,0.817359,0.817483,0.870713,0.854079,0.885102,0.851058,0.871374,0.837601,0.911667,0.848930,0.859138,0.899923,0.881941,0.859959,0.882997,0.832773,0.880861,0.868269
0.931273,0.894433,0.888449,0.897137,0.859122,0.888659,0.853749,0.814666,0.876893,0.860455,0.858778,0.887990,0.866822,0.871435,0.872978,0.906741,0.879597,0.820836,0.898763,0.896464,0.881867,0.865499,0.878153,0.897533,0.900701,0.883919,0.894634,0.887856,0.864135,0.885802,0.896068,0.872089,0.865341,0.856481,0.870700,0.891464,0.888330,0.840088,0.892602,0.881931,0.895947,0.899804,0.910329,0.892805,0.910875,0.846641,0.854340,0.822204,0.883714,0.843720,0.870847,0.864793,0.799139,0.819637,0.876624,0.904198,0.858540,0.907693,0.878325,0.867996,0.922083,0.884017,0.882890,0.883167,0.873003,0.866633,0.912032,0.853048,1.000000,0.888252,0.865556,0.865089,0.851300,0.842637,0.879087,0.847329,0.865102,0.888621,0.877933,0.879343,0.888090,0.885947,0.864240,0.841963,0.855193,0.854625,0.886197,0.867755,0.891233,0.888876,0.847718,0.898652,0.856914,0.873070,0.879510,0.888091,0.839572,0.893333,0.871277,0.873123,0.916993,0.883480,0.852138,0.877893,0.886754,0.864179,0.871113,0.849370,0.856736,0.853669,0.860029,0.844297,0.805188,0.846628,0.878417,0.861805,0.848336,0.715064,0.870110,0.911431,0.890866,0.878171,0.902628,0.865905,0.851233,0.811639,0.825894,0.919428,0.894051,0.842761,0.868245,0.839289,0.849045,0.858473,0.873125,0.889492,0.854947,0.865726,0.846626,0.917550,0.903728,0.853957,0.882031,0.869369,0.904362,0.875874,0.872421,0.847528,0.897745,0.891752,0.850207,0.863949,0.883432,0.839510,0.817146,0.881948,0.884535,0.909403,0.920595,0.864539,0.814342,0.886408,0.863888,0.853236,0.838826,0.862795,0.857821,0.878206,0.867830,0.833344,0.850533,0.833062,0.847228,0.882612,0.869467,0.857461,0.875804,0.894765,0.876530,0.853896,0.893401,0.880702,0.852746,0.859091,0.882984,0.866619,0.828637,0.908651,0.896156,0.915191,0.858354,0.909454,0.803187,0.836288,0.857519,0.861069,0.884627,0.920484,0.862320,0.805208,0.876548,0.854848,0.866454,0.844991,0.833502,0.842410,0.848870,0.897089,0.891727,0.847351,0.796546,0.872152,0.926887,0.863505,0.875538,0.857313,0.865383,0.876235,0.797676,0.821523,0.849590,0.892831,0.830968,0.876352,0.868475,0.848460,0.889518,0.869312,0.922512,0.844605,0.877597,0.863641,0.861662,0.822098,0.840549,0.860957,0.868497,0.892733,0.852307,0.838831,0.841057,0.925577,0.854006,0.926905,0.849755,0.858894,0.900148,0.876572,0.858262,0.890513,0.867833,0.906653,0.888091,0.930364,0.907330,0.826984,0.854834,0.865878,0.898167,0.876676,0.807613,0.861061,0.883078,0.897466,0.880945,0.885661,0.857649,0.890526,0.821853,0.851828,0.866812
0.887039,0.867326,0.872255,0.920802,0.880759,0.873128,0.852328,0.808636,0.892497,0.831251,0.836116,0.877218,0.886160,0.827550,0.876576,0.869184,0.882171,0.817923,0.839110,0.872808,0.928026,0.847866,0.841598,0.925765,0.874887,0.894538,0.886658,0.845914,0.854069,0.897740,0.891664,0.855318,0.838063,0.844095,0.904357,0.867089,0.877542,0.852484,0.858130,0.866441,0.893881,0.926746,0.892098,0.891472,0.899641,0.888280,0.851574,0.822524,0.875120,0.839498,0.854354,0.901148,0.819049,0.819222,0.862772,0.887817,0.855640,0.897202,0.876710,0.877857,0.890106,0.876777,0.873541,0.866810,0.846920,0.912358,0.890083,0.868803,0.888252,1.000000,0.897599,0.882981,0.833792,0.863477,0.906736,0.842009,0.843525,0.886663,0.877071,0.876413,0.889066,0.886919,0.860836,0.861545,0.852497,0.854358,0.907664,0.847213,0.892477,0.918390,0.883541,0.878730,0.874130,0.903926,0.842963,0.896142,0.903070,0.857400,0.855017,0.862220,0.944711,0.869378,0.856025,0.855389,0.870631,0.840364,0.902506,0.864506,0.875032,0.861996,0.826172,0.835266,0.813880,0.830125,0.875601,0.848040,0.877031,0.693178,0.862252,0.887691,0.892724,0.879342,0.865155,0.899690,0.843840,0.881259,0.829130,0.901620,0.870860,0.847629,0.879019,0.900933,0.842251,0.883994,0.872701,0.899429,0.883924,0.905536,0.879146,0.898253,0.893748,0.835282,0.889704,0.866105,0.868702,0.868474,0.887510,0.847153,0.876689,0.869003,0.843832,0.878447,0.867607,0.860799,0.830469,0.864358,0.871527,0.865767,0.876101,0.866717,0.828066,0.884332,0.843461,0.855110,0.833882,0.841697,0.883368,0.895179,0.885313,0.869744,0.886092,0.862009,0.857136,0.884235,0.857280,0.868655,0.861355,0.869940,0.929678,0.844314,0.883893,0.885261,0.870800,0.841275,0.878075,0.873409,0.889084,0.899867,0.881710,0.882405,0.867178,0.888599,0.798730,0.865056,0.867960,0.863664,0.920448,0.877389,0.901132,0.812956,0.876675,0.883754,0.870497,0.842765,0.834219,0.834653,0.909938,0.866971,0.881957,0.839172,0.849228,0.909379,0.889117,0.874277,0.896221,0.867522,0.881875,0.883720,0.894552,0.827765,0.844356,0.880865,0.815679,0.868733,0.902499,0.928302,0.898522,0.850334,0.865258,0.817507,0.870315,0.839127,0.849215,0.820873,0.858139,0.882482,0.850729,0.873815,0.849446,0.849739,0.824296,0.901203,0.888726,0.907949,0.830202,0.880875,0.866496,0.877164,0.854289,0.876203,0.858558,0.888330,0.913829,0.895161,0.905719,0.815950,0.844433,0.888717,0.857820,0.870326,0.828700,0.919739,0.872655,0.899608,0.903204,0.886740,0.852991,0.876869,0.823294,0.837543,0.849533
0.873335,0.823957,0.888259,0.856704,0.889233,0.812512,0.866689,0.812400,0.859673,0.820251,0.831020,0.832188,0.839701,0.857838,0.842681,0.894026,0.892990,0.772161,0.889674,0.924418,0.889253,0.833481,0.833213,0.936320,0.872666,0.901955,0.892171,0.888762,0.830263,0.876065,0.875844,0.868142,0.850960,0.838386,0.879813,0.853472,0.880413,0.878481,0.836132,0.819003,0.907269,0.927249,0.895196,0.889787,0.905318,0.818306,0.824957,0.772895,0.846905,0.897429,0.839194,0.866435,0.769936,0.800050,0.817565,0.856874,0.885100,0.834786,0.886816,0.862344,0.889741,0.856841,0.860233,0.814270,0.906826,0.859310,0.873530,0.810593,0.865556,0.897599,1.000000,0.841618,0.857104,0.827012,0.823218,0.825186,0.809984,0.882571,0.842841,0.858586,0.859661,0.853143,0.864197,0.815080,0.794581,0.845455,0.871456,0.821312,0.881135,0.891288,0.796600,0.890384,0.855261,0.851459,0.826798,0.854746,0.830024,0.890407,0.920512,0.877411,0.922203,0.844876,0.837405,0.863843,0.817309,0.813254,0.837809,0.845474,0.828238,0.808102,0.790575,0.858200,0.804049,0.863625,0.830788,0.857915,0.836657,0.712945,0.842047,0.874194,0.873835,0.882995,0.838858,0.868770,0.810924,0.815513,0.791604,0.908991,0.834442,0.825981,0.809517,0.835969,0.833320,0.838735,0.852496,0.841693,0.824644,0.871464,0.820748,0.882293,0.909556,0.887630,0.827170,0.897869,0.871142,0.854455,0.864146,0.815545,0.874953,0.904452,0.833948,0.842720,0.877499,0.829940,0.815427,0.823007,0.819529,0.821437,0.867008,0.841082,0.800496,0.842122,0.813127,0.823720,0.816247,0.822229,0.853899,0.863701,0.832786,0.836431,0.825922,0.827213,0.783285,0.849759,0.862107,0.818549,0.865816,0.883014,0.907606,0.846936,0.861169,0.849069,0.841586,0.843162,0.883968,0.838964,0.853346,0.866641,0.891335,0.873594,0.807823,0.854989,0.778306,0.833188,0.827132,0.850302,0.878728,0.884282,0.836131,0.780944,0.835447,0.828823,0.867590,0.813366,0.842713,0.852346,0.816563,0.829251,0.883881,0.806592,0.795565,0.850804,0.884247,0.854559,0.832652,0.859218,0.842674,0.854238,0.795225,0.775447,0.838649,0.905237,0.832697,0.865443,0.865048,0.852700,0.862396,0.845059,0.846717,0.861856,0.885475,0.835391,0.793804,0.811532,0.815357,0.829331,0.870102,0.884578,0.823021,0.839812,0.795875,0.861758,0.819376,0.882987,0.854551,0.840436,0.827331,0.853789,0.834863,0.872267,0.844895,0.846043,0.842914,0.874949,0.887113,0.771520,0.851952,0.830975,0.795383,0.863479,0.774762,0.835590,0.818281,0.880272,0.825655,0.856435,0.817475,0.850841,0.837264,0.794797,0.859750
0.876116,0.891685,0.865403,0.901809,0.882823,0.893806,0.837365,0.863004,0.849030,0.864976,0.919233,0.876042,0.907826,0.832157,0.899826,0.872962,0.863559,0.816788,0.821869,0.868608,0.896793,0.836423,0.832849,0.866051,0.890221,0.885167,0.878019,0.870867,0.882570,0.880872,0.881245,0.859843,0.863117,0.850918,0.899204,0.872682,0.868947,0.878152,0.833372,0.896493,0.889802,0.886468,0.898543,0.877838,0.900331,0.855653,0.846771,0.826463,0.856352,0.829438,0.873832,0.893702,0.825549,0.839082,0.847237,0.868149,0.832530,0.888296,0.869740,0.904517,0.854475,0.891247,0.903794,0.874856,0.843959,0.910265,0.857850,0.884202,0.865089,0.882981,0.841618,1.000000,0.816760,0.882549,0.896219,0.840663,0.847290,0.889829,0.896491,0.893023,0.897849,0.890937,0.862080,0.875394,0.858466,0.855065,0.875665,0.854456,0.888447,0.917085,0.907584,0.892640,0.891431,0.879073,0.865970,0.889748,0.902061,0.855192,0.846000,0.862212,0.863261,0.866773,0.891844,0.876558,0.874206,0.879772,0.885389,0.863251,0.883811,0.887687,0.854663,0.868462,0.851740,0.822179,0.890408,0.844290,0.845963,0.690234,0.858146,0.857528,0.879055,0.911311,0.847301,0.872398,0.863971,0.884743,0.847449,0.879630,0.867674,0.874804,0.876940,0.869413,0.876444,0.857009,0.868907,0.855787,0.883430,0.909053,0.889032,0.882055,0.895867,0.807683,0.894517,0.876341,0.863342,0.868777,0.894896,0.886770,0.853183,0.874533,0.858561,0.877502,0.869841,0.881119,0.868578,0.899470,0.890364,0.832830,0.862591,0.905398,0.855787,0.884511,0.868999,0.897851,0.876061,0.875746,0.909633,0.907602,0.915556,0.880532,0.857249,0.867415,0.890402,0.859419,0.870185,0.889876,0.856644,0.890298,0.908117,0.888823,0.883962,0.912835,0.896308,0.876373,0.890153,0.903144,0.861927,0.888891,0.876531,0.861904,0.903641,0.858424,0.839928,0.887899,0.897452,0.893211,0.912599,0.864966,0.948336,0.812707,0.887102,0.908773,0.861093,0.897329,0.859214,0.845446,0.895582,0.882264,0.885356,0.835673,0.858834,0.897320,0.881500,0.895978,0.917432,0.880578,0.899564,0.925159,0.860135,0.854148,0.865865,0.877889,0.834093,0.890588,0.903953,0.892249,0.899868,0.892869,0.846402,0.813427,0.877979,0.871053,0.862291,0.861863,0.886584,0.892696,0.883488,0.868494,0.856701,0.870655,0.849723,0.897902,0.895754,0.894875,0.850820,0.894862,0.839650,0.907775,0.890688,0.885981,0.882820,0.877984,0.902652,0.879041,0.868528,0.873751,0.891612,0.866621,0.825418,0.886028,0.854773,0.894435,0.831226,0.883093,0.922791,0.903385,0.894468,0.916135,0.849993,0.850527,0.875583
0.824863,0.826709,0.852426,0.840575,0.810974,0.804350,0.830806,0.818855,0.854760,0.793063,0.820994,0.817160,0.816794,0.815371,0.832292,0.899748,0.825271,0.802009,0.831951,0.872107,0.835547,0.776788,0.776135,0.879308,0.861555,0.859668,0.865090,0.848686,0.812774,0.787006,0.895283,0.868735,0.781431,0.824588,0.841335,0.810405,0.820069,0.809415,0.823718,0.837203,0.845331,0.866458,0.836110,0.810322,0.911406,0.817696,0.857989,0.805691,0.843267,0.817878,0.848956,0.852246,0.762975,0.777053,0.793602,0.849840,0.886931,0.835257,0.898311,0.841976,0.849877,0.826747,0.826718,0.816047,0.865917,0.821117,0.892857,0.847093,0.851300,0.833792,0.857104,0.816760,1.000000,0.801325,0.842465,0.814622,0.846860,0.906120,0.874401,0.829875,0.839872,0.889215,0.890956,0.790983,0.857292,0.865308,0.867140,0.875676,0.821535,0.871779,0.831267,0.852929,0.831899,0.849954,0.854915,0.877405,0.835246,0.852897,0.865983,0.823545,0.865256,0.877258,0.812691,0.821110,0.831106,0.852082,0.884373,0.837429,0.833650,0.808208,0.862522,0.818354,0.777914,0.842618,0.842403,0.918799,0.892825,0.722902,0.869640,0.826048,0.855551,0.855259,0.820161,0.864969,0.854656,0.772764,0.776929,0.881364,0.812564,0.782431,0.838671,0.826320,0.819001,0.860994,0.865383,0.806930,0.823252,0.840584,0.800599,0.831562,0.856913,0.911598,0.825980,0.897606,0.830116,0.861561,0.845911,0.800776,0.854406,0.817679,0.836154,0.893786,0.888825,0.853303,0.816088,0.814371,0.798472,0.838763,0.807596,0.847258,0.835390,0.822384,0.843139,0.795526,0.832409,0.849111,0.857035,0.852857,0.819539,0.840491,0.827010,0.830116,0.835117,0.830354,0.873000,0.848283,0.870352,0.894820,0.895006,0.812125,0.849835,0.827307,0.825101,0.801441,0.852557,0.859366,0.807229,0.848130,0.896357,0.832986,0.800942,0.818208,0.759898,0.820508,0.787662,0.855069,0.839472,0.832184,0.811847,0.811932,0.836785,0.822904,0.853294,0.765958,0.847011,0.844409,0.837193,0.815468,0.875274,0.838386,0.808846,0.863946,0.823787,0.837230,0.840039,0.856150,0.856613,0.846285,0.771008,0.825535,0.798868,0.872193,0.804565,0.889266,0.860856,0.836927,0.838005,0.851264,0.816595,0.917521,0.861958,0.816151,0.822839,0.772057,0.816020,0.875878,0.851055,0.909123,0.843548,0.826498,0.817696,0.815474,0.834660,0.848524,0.835266,0.820042,0.865821,0.842955,0.776610,0.840719,0.853244,0.851681,0.850607,0.826451,0.819980,0.817922,0.852334,0.875207,0.856505,0.885289,0.806780,0.840731,0.873276,0.864994,0.826878,0.832542,0.821614,0.864213,0.818713,0.824902,0.853102
0.860291,0.882983,0.857541,0.901392,0.883290,0.869943,0.821538,0.873078,0.839321,0.866317,0.862104,0.842838,0.902935,0.829983,0.868043,0.848589,0.864619,0.837877,0.801372,0.849221,0.876046,0.861713,0.810444,0.838829,0.854948,0.858700,0.859489,0.848473,0.864219,0.847432,0.876957,0.866629,0.830645,0.844572,0.877109,0.824990,0.900136,0.873358,0.793905,0.823035,0.895210,0.869442,0.858152,0.857907,0.868420,0.864299,0.818038,0.829940,0.814171,0.838623,0.845349,0.874066,0.829394,0.893924,0.847208,0.855208,0.812041,0.878051,0.861209,0.889202,0.824137,0.854655,0.931269,0.882065,0.831216,0.937494,0.829813,0.884047,0.842637,0.863477,0.827012,0.882549,0.801325,1.000000,0.893057,0.835379,0.849480,0.856190,0.860549,0.954936,0.895940,0.866030,0.842939,0.897053,0.857827,0.858522,0.862121,0.866321,0.859167,0.876141,0.862724,0.874514,0.906195,0.883263,0.866412,0.867538,0.885819,0.831986,0.818694,0.872140,0.831560,0.851200,0.939831,0.906121,0.871577,0.882039,0.858382,0.867662,0.906566,0.849294,0.845493,0.872294,0.935050,0.855834,0.889367,0.832478,0.835189,0.643447,0.828619,0.844078,0.868137,0.898500,0.813851,0.870695,0.861338,0.886378,0.904586,0.846957,0.848977,0.873647,0.850495,0.865608,0.910486,0.839737,0.886041,0.869206,0.889156,0.882373,0.860118,0.857052,0.863636,0.810009,0.892114,0.837648,0.836450,0.863999,0.873658,0.907789,0.808278,0.855527,0.850861,0.868309,0.864142,0.869910,0.859147,0.880810,0.865863,0.837182,0.832078,0.868918,0.859256,0.887627,0.850985,0.932113,0.895098,0.846449,0.895679,0.871071,0.935142,0.898092,0.850602,0.874403,0.874193,0.879488,0.854984,0.930837,0.859376,0.856525,0.871830,0.946436,0.849998,0.913677,0.849955,0.946701,0.879001,0.860739,0.869141,0.863901,0.870806,0.835039,0.861682,0.837033,0.923650,0.871025,0.905894,0.879954,0.867426,0.845829,0.914174,0.816857,0.861800,0.872351,0.886348,0.858182,0.827490,0.849666,0.894629,0.863467,0.869158,0.814081,0.825617,0.873155,0.855133,0.883724,0.894583,0.880610,0.863503,0.891762,0.831557,0.815504,0.944009,0.882355,0.886980,0.852454,0.888422,0.880629,0.888725,0.880655,0.806278,0.782276,0.865949,0.946199,0.827037,0.940549,0.950254,0.857580,0.938597,0.840644,0.845422,0.838500,0.862436,0.855291,0.852358,0.870821,0.893683,0.843242,0.809975,0.896734,0.898726,0.810636,0.865023,0.836331,0.860846,0.828439,0.840010,0.820579,0.856484,0.853309,0.805419,0.841853,0.836037,0.891673,0.810608,0.883850,0.876977,0.895782,0.868166,0.875648,0.877253,0.835078,0.882246
0.869198,0.897182,0.864435,0.940329,0.854081,0.903282,0.838856,0.847246,0.888868,0.835453,0.874068,0.883516,0.900648,0.803909,0.887573,0.864078,0.873553,0.854190,0.813966,0.836438,0.869937,0.856151,0.816620,0.870377,0.887968,0.846066,0.883465,0.828836,0.863649,0.838414,0.882792,0.878826,0.801179,0.850356,0.856748,0.837459,0.867525,0.842721,0.827289,0.896302,0.857029,0.884439,0.865546,0.850968,0.887802,0.880105,0.853039,0.857738,0.848778,0.798608,0.876877,0.906021,0.855150,0.842960,0.864346,0.862210,0.813073,0.918083,0.860575,0.884613,0.847248,0.885079,0.906363,0.920953,0.809199,0.919141,0.856683,0.898444,0.879087,0.906736,0.823218,0.896219,0.842465,0.893057,1.000000,0.831390,0.852346,0.867540,0.903751,0.895325,0.880554,0.891354,0.847460,0.864242,0.903079,0.853526,0.907704,0.866778,0.871314,0.886267,0.915660,0.877429,0.882940,0.900049,0.883729,0.920226,0.904180,0.823459,0.802685,0.855282,0.864104,0.885948,0.879711,0.857731,0.904183,0.860234,0.901189,0.869663,0.899783,0.870088,0.868200,0.817042,0.843833,0.825971,0.913816,0.852926,0.871722,0.703430,0.860196,0.856391,0.875879,0.880750,0.841188,0.885078,0.870991,0.863984,0.888595,0.860524,0.870815,0.857174,0.918950,0.876663,0.868095,0.884106,0.879038,0.882809,0.897264,0.872605,0.871798,0.886156,0.877508,0.811466,0.924046,0.833384,0.835591,0.862008,0.886409,0.884288,0.848366,0.832535,0.863788,0.918913,0.867088,0.871990,0.846417,0.879440,0.897133,0.877981,0.848166,0.909070,0.880296,0.887758,0.862096,0.887166,0.877249,0.860113,0.897796,0.879566,0.914827,0.885952,0.881042,0.872600,0.905414,0.874345,0.863549,0.910211,0.861402,0.865505,0.888982,0.866502,0.878067,0.914396,0.865597,0.870116,0.865883,0.879020,0.870372,0.896438,0.873190,0.856202,0.891648,0.861126,0.852799,0.882694,0.894033,0.887662,0.889744,0.844994,0.912093,0.827551,0.893925,0.883018,0.872731,0.847226,0.817691,0.817991,0.917581,0.877458,0.868814,0.859541,0.849739,0.901261,0.856301,0.869986,0.914903,0.853718,0.881329,0.895442,0.847760,0.856421,0.876817,0.868684,0.825951,0.869083,0.900244,0.889699,0.897852,0.876813,0.844862,0.801253,0.843256,0.880379,0.855209,0.847971,0.892143,0.877943,0.868124,0.857331,0.860192,0.831735,0.852028,0.885101,0.884623,0.882943,0.845677,0.875740,0.861374,0.889045,0.841394,0.846025,0.852264,0.889278,0.905081,0.855791,0.851323,0.862780,0.843403,0.904751,0.869034,0.867486,0.831345,0.918971,0.871838,0.879428,0.919011,0.893919,0.870890,0.893918,0.828769,0.847426,0.860114
0.859809,0.862473,0.871386,0.844927,0.828648,0.836273,0.842455,0.874889,0.850339,0.849024,0.866833,0.864503,0.851178,0.834545,0.862206,0.849636,0.829175,0.768257,0.824166,0.857917,0.865479,0.820901,0.839008,0.850187,0.882089,0.857890,0.864505,0.857905,0.832090,0.851177,0.877622,0.831408,0.825272,0.864703,0.866694,0.873802,0.857596,0.820715,0.867428,0.838990,0.853839,0.842492,0.886082,0.859457,0.864619,0.838544,0.840668,0.795280,0.862083,0.816414,0.871955,0.849308,0.766349,0.837014,0.880990,0.862072,0.830962,0.868143,0.846593,0.882933,0.855547,0.832753,0.830389,0.843276,0.826686,0.849309,0.853352,0.824452,0.847329,0.842009,0.825186,0.840663,0.814622,0.835379,0.831390,1.000001,0.898502,0.863847,0.903988,0.831484,0.851259,0.858055,0.853048,0.817583,0.806722,0.842748,0.851303,0.878918,0.840158,0.856258,0.841271,0.862168,0.814455,0.863724,0.869061,0.841225,0.859417,0.858815,0.836615,0.837665,0.856601,0.884894,0.861436,0.854744,0.857001,0.856503,0.869750,0.844689,0.877020,0.854920,0.828362,0.847386,0.823782,0.810485,0.876497,0.840014,0.838588,0.719812,0.855191,0.865245,0.883316,0.889084,0.874300,0.827371,0.889124,0.840121,0.807901,0.839735,0.889355,0.873882,0.881216,0.832093,0.848849,0.835800,0.855623,0.854525,0.840287,0.870350,0.830490,0.860601,0.857192,0.815379,0.858080,0.840236,0.854457,0.844365,0.829684,0.827701,0.858125,0.832964,0.842518,0.823993,0.823211,0.899003,0.861950,0.849994,0.851190,0.873605,0.835597,0.832738,0.821861,0.879202,0.852229,0.841588,0.873424,0.912529,0.854050,0.867628,0.843948,0.875459,0.833143,0.897550,0.826772,0.858258,0.851102,0.831670,0.843723,0.845566,0.849198,0.853581,0.881127,0.885084,0.926121,0.837846,0.855979,0.896647,0.810176,0.891923,0.873296,0.874624,0.832072,0.853424,0.795383,0.869483,0.819973,0.879262,0.855435,0.871624,0.851496,0.841407,0.825574,0.852530,0.850150,0.817388,0.883567,0.868377,0.827845,0.867463,0.860845,0.857217,0.886756,0.876299,0.874766,0.906355,0.873870,0.882803,0.924771,0.859884,0.818118,0.828699,0.824045,0.876136,0.815930,0.879089,0.848820,0.852500,0.864327,0.867696,0.822720,0.812786,0.834276,0.823173,0.871676,0.824802,0.850747,0.834188,0.840960,0.857451,0.917404,0.896471,0.902211,0.832796,0.869444,0.879541,0.831536,0.865938,0.849702,0.876432,0.845164,0.881257,0.908837,0.867998,0.869871,0.843839,0.847426,0.826874,0.896623,0.863190,0.837372,0.876500,0.877791,0.830967,0.878719,0.879407,0.851419,0.888247,0.872571,0.883114,0.838983,0.867881,0.892324
0.858482,0.887010,0.874366,0.863071,0.819417,0.869504,0.833704,0.876666,0.871150,0.840234,0.871994,0.827456,0.862357,0.829990,0.870917,0.864094,0.846748,0.796945,0.807960,0.855022,0.854109,0.827105,0.804166,0.855461,0.885060,0.839231,0.849096,0.834410,0.851004,0.824782,0.891316,0.846388,0.807586,0.850405,0.877124,0.830554,0.851375,0.823154,0.819624,0.862894,0.849344,0.854479,0.877085,0.833533,0.880960,0.853581,0.884153,0.800288,0.863690,0.782164,0.889649,0.874699,0.786540,0.829033,0.870426,0.914009,0.830120,0.891622,0.849787,0.863141,0.827213,0.826388,0.846920,0.866420,0.830889,0.852112,0.886604,0.864799,0.865102,0.843525,0.809984,0.847290,0.846860,0.849480,0.852346,0.898502,1.000000,0.885043,0.892813,0.850837,0.864612,0.888626,0.881779,0.821839,0.849719,0.896253,0.868141,0.909606,0.847343,0.860530,0.867756,0.867159,0.829646,0.883339,0.915182,0.873490,0.874275,0.829865,0.829184,0.841896,0.849463,0.885784,0.856099,0.865850,0.889736,0.881778,0.883308,0.846680,0.861816,0.873030,0.871515,0.824020,0.829231,0.816594,0.873973,0.849741,0.877657,0.734878,0.894626,0.843486,0.893722,0.871332,0.830805,0.870545,0.915531,0.830561,0.812920,0.839051,0.894696,0.864380,0.889630,0.867990,0.843636,0.870466,0.875242,0.870570,0.875078,0.865493,0.846855,0.846123,0.853406,0.819828,0.871861,0.848662,0.843497,0.879887,0.839795,0.840169,0.840239,0.822562,0.861131,0.861259,0.874740,0.883423,0.847877,0.878519,0.856865,0.887872,0.812508,0.824811,0.846376,0.864858,0.880358,0.857364,0.890074,0.951406,0.871048,0.849881,0.854136,0.863913,0.863497,0.897852,0.857733,0.884781,0.852385,0.867654,0.870823,0.882285,0.861641,0.842161,0.879885,0.905811,0.881294,0.845237,0.849541,0.891225,0.812598,0.879480,0.888516,0.873275,0.858077,0.825150,0.805043,0.860666,0.819290,0.877969,0.857335,0.842119,0.856060,0.811125,0.834531,0.868230,0.853102,0.813406,0.870694,0.855797,0.869175,0.886849,0.888337,0.891571,0.866879,0.890797,0.872718,0.908980,0.881818,0.860244,0.899439,0.869700,0.810485,0.873381,0.834896,0.882169,0.834185,0.878357,0.874772,0.870097,0.897175,0.856715,0.799415,0.823973,0.854602,0.848359,0.882616,0.819188,0.854502,0.854959,0.865761,0.877993,0.939376,0.899461,0.952004,0.850654,0.895526,0.871992,0.829651,0.857882,0.909628,0.890726,0.829588,0.865626,0.931833,0.884911,0.890917,0.833009,0.812275,0.872708,0.878062,0.878430,0.883757,0.868754,0.887240,0.871354,0.876610,0.869665,0.875875,0.878946,0.875247,0.886459,0.833682,0.939198,0.862493
0.884193,0.865850,0.896907,0.891241,0.863894,0.855815,0.866136,0.852177,0.885102,0.836940,0.873213,0.855475,0.855539,0.854561,0.862920,0.917384,0.881868,0.809984,0.847846,0.913150,0.891560,0.815644,0.819477,0.912910,0.893434,0.910260,0.900813,0.895036,0.881918,0.841381,0.932707,0.888986,0.845578,0.834846,0.909866,0.848425,0.860764,0.869589,0.855670,0.897554,0.897318,0.922986,0.896693,0.880802,0.948432,0.886026,0.892298,0.807275,0.882442,0.847246,0.884856,0.892094,0.804679,0.812655,0.838136,0.897348,0.890248,0.879731,0.913664,0.881912,0.881581,0.862099,0.870514,0.864862,0.890333,0.875072,0.922497,0.880127,0.888621,0.886663,0.882571,0.889829,0.906120,0.856190,0.867540,0.863847,0.885043,1.000000,0.906043,0.879884,0.899068,0.938709,0.919101,0.861921,0.860722,0.923914,0.902002,0.904197,0.904429,0.951496,0.882687,0.917251,0.868290,0.911151,0.879332,0.905491,0.895888,0.881764,0.898309,0.871494,0.904281,0.920839,0.852320,0.862649,0.865094,0.877536,0.938678,0.851919,0.878144,0.861400,0.867949,0.859101,0.811431,0.849855,0.868579,0.915211,0.897825,0.716695,0.905159,0.884053,0.915262,0.893741,0.863525,0.925493,0.883798,0.842631,0.805720,0.902039,0.878427,0.825272,0.881379,0.908222,0.848229,0.905489,0.904527,0.848750,0.877442,0.922415,0.869206,0.895496,0.908664,0.881753,0.879795,0.917678,0.880983,0.913636,0.895013,0.836783,0.880040,0.872259,0.857786,0.905325,0.925389,0.874459,0.856368,0.890464,0.846270,0.867267,0.848184,0.852874,0.826807,0.868060,0.862490,0.853211,0.882829,0.901676,0.904025,0.894143,0.867352,0.858643,0.883108,0.864415,0.880724,0.865279,0.892026,0.871692,0.916570,0.949403,0.933569,0.852917,0.888299,0.880799,0.868548,0.836957,0.884816,0.912736,0.864022,0.897680,0.937944,0.883157,0.875471,0.869952,0.789634,0.852672,0.827653,0.885706,0.896905,0.873254,0.883200,0.812857,0.885121,0.878021,0.874532,0.826637,0.872397,0.860530,0.886531,0.864463,0.922599,0.863772,0.845472,0.908349,0.874094,0.886863,0.897675,0.885935,0.898212,0.899466,0.827981,0.843013,0.829609,0.895034,0.832409,0.923897,0.905621,0.905493,0.924255,0.873696,0.838659,0.894305,0.907281,0.847091,0.857460,0.813926,0.866321,0.915678,0.889793,0.964129,0.890918,0.876019,0.849985,0.876633,0.893657,0.913468,0.869531,0.883285,0.884742,0.908168,0.842160,0.883360,0.906045,0.887142,0.905378,0.870330,0.861417,0.850451,0.898725,0.929113,0.869836,0.912316,0.839504,0.890480,0.875972,0.897263,0.877454,0.882016,0.868901,0.893662,0.857806,0.870340,0.889225
0.876603,0.881493,0.890788,0.892669,0.837723,0.875342,0.858932,0.894360,0.894331,0.844370,0.909957,0.886878,0.887083,0.857759,0.879122,0.893109,0.858730,0.815236,0.849653,0.876540,0.883234,0.815600,0.855359,0.883859,0.915861,0.870482,0.899737,0.869450,0.870966,0.850417,0.917853,0.875894,0.849740,0.872144,0.884177,0.880564,0.861410,0.840069,0.877272,0.891768,0.871111,0.883422,0.901684,0.871652,0.914795,0.895715,0.888157,0.830063,0.887524,0.827701,0.904193,0.905205,0.821949,0.861490,0.866400,0.882137,0.849661,0.896638,0.881210,0.899066,0.893713,0.883599,0.866817,0.868271,0.859665,0.873731,0.895484,0.878660,0.877933,0.877071,0.842841,0.896491,0.874401,0.860549,0.903751,0.903988,0.892813,0.906043,1.000000,0.867674,0.882075,0.915758,0.891176,0.835316,0.874969,0.878064,0.887344,0.906870,0.880575,0.899943,0.927780,0.896796,0.855851,0.891195,0.902876,0.907087,0.903619,0.865148,0.853849,0.858307,0.878661,0.906580,0.862125,0.848440,0.875691,0.888050,0.919347,0.873270,0.895070,0.881439,0.878001,0.858678,0.852591,0.829852,0.911687,0.898604,0.893887,0.721904,0.899499,0.886641,0.906160,0.895167,0.893569,0.884139,0.899671,0.867806,0.848888,0.872874,0.898685,0.862876,0.922036,0.889524,0.876388,0.889932,0.888045,0.870030,0.881841,0.899228,0.862634,0.895954,0.890346,0.848018,0.884386,0.885682,0.867992,0.882480,0.863114,0.876459,0.895960,0.845662,0.894329,0.902375,0.880145,0.919867,0.864394,0.901464,0.889038,0.890306,0.868726,0.899789,0.871852,0.906250,0.890566,0.869547,0.904905,0.913337,0.900010,0.890553,0.873898,0.910205,0.890329,0.914934,0.896372,0.865927,0.878417,0.879426,0.881729,0.893077,0.901135,0.863833,0.909358,0.901659,0.921925,0.853799,0.872811,0.925194,0.850378,0.906436,0.908777,0.893203,0.883314,0.878935,0.820479,0.901533,0.871457,0.907694,0.896056,0.891302,0.893165,0.844347,0.886483,0.883114,0.879696,0.845390,0.870341,0.887751,0.886408,0.884375,0.899480,0.913985,0.909455,0.905273,0.894656,0.913736,0.905676,0.892761,0.929520,0.884783,0.845787,0.902403,0.839764,0.883789,0.832216,0.920688,0.903509,0.879768,0.904368,0.895892,0.864583,0.851875,0.859089,0.845661,0.889360,0.833460,0.883543,0.893443,0.866633,0.895311,0.908007,0.886903,0.880149,0.876037,0.898468,0.906965,0.852501,0.891554,0.885056,0.906161,0.838506,0.885897,0.925441,0.902308,0.914603,0.887390,0.879892,0.893959,0.900101,0.923771,0.888520,0.917251,0.879626,0.879964,0.911840,0.912764,0.913639,0.912940,0.904422,0.933951,0.851939,0.881161,0.892409
0.890253,0.880607,0.873792,0.908013,0.901149,0.878669,0.839519,0.871517,0.851239,0.868248,0.873039,0.856753,0.904026,0.837527,0.872552,0.883735,0.880616,0.845723,0.847646,0.894502,0.891176,0.863379,0.837442,0.867461,0.882348,0.887796,0.869971,0.893297,0.882770,0.862987,0.887344,0.869106,0.866045,0.862322,0.892627,0.846833,0.906289,0.885785,0.815202,0.852468,0.923242,0.904382,0.888993,0.874790,0.907291,0.855826,0.839081,0.845599,0.827994,0.875704,0.860709,0.888383,0.812104,0.857493,0.843845,0.868603,0.856365,0.882511,0.892668,0.895728,0.861166,0.871704,0.959500,0.872928,0.877349,0.943151,0.858579,0.889631,0.879343,0.876413,0.858586,0.893023,0.829875,0.954936,0.895325,0.831484,0.850837,0.879884,0.867674,1.000000,0.910039,0.881514,0.865308,0.894006,0.865335,0.861857,0.879411,0.867323,0.870706,0.892877,0.867995,0.894336,0.931495,0.892847,0.864474,0.898816,0.879779,0.878310,0.862604,0.872193,0.868904,0.865591,0.934807,0.919188,0.864884,0.885870,0.858758,0.868989,0.903794,0.860558,0.847605,0.895036,0.901158,0.863122,0.885561,0.867200,0.847930,0.684075,0.850107,0.864547,0.886685,0.914233,0.838766,0.876462,0.851128,0.860151,0.891979,0.890896,0.863269,0.863423,0.843913,0.856381,0.886172,0.849630,0.890626,0.850359,0.875642,0.884985,0.859219,0.883129,0.896706,0.855282,0.887257,0.874948,0.867883,0.883918,0.898903,0.896535,0.842178,0.881877,0.857583,0.909474,0.892932,0.859365,0.851235,0.873928,0.864944,0.843968,0.863465,0.886520,0.858925,0.878640,0.863372,0.908883,0.888511,0.857653,0.898012,0.882968,0.936867,0.877148,0.850950,0.853465,0.874067,0.891076,0.869698,0.945288,0.872506,0.879111,0.899569,0.930346,0.871191,0.905414,0.847475,0.939420,0.900203,0.873014,0.863388,0.884700,0.880168,0.855561,0.867357,0.853231,0.891310,0.865001,0.909298,0.882738,0.890317,0.876590,0.904377,0.809854,0.900382,0.883495,0.889442,0.868258,0.852869,0.873979,0.887684,0.862177,0.901870,0.822454,0.811504,0.888051,0.877231,0.882812,0.894225,0.887018,0.873563,0.901931,0.825785,0.819835,0.941931,0.889551,0.873839,0.867155,0.889386,0.879907,0.891032,0.872489,0.839029,0.834770,0.901261,0.949659,0.825791,0.921342,0.921676,0.873314,0.949810,0.867015,0.855678,0.843122,0.850737,0.892292,0.851210,0.888555,0.889418,0.859932,0.831632,0.891377,0.913229,0.837310,0.875366,0.849509,0.865859,0.860982,0.862871,0.824574,0.871200,0.860334,0.822206,0.858519,0.824790,0.891272,0.829795,0.911533,0.882130,0.893915,0.876414,0.893914,0.865183,0.844531,0.887150
0.890476,0.874344,0.882034,0.912794,0.874678,0.874678,0.865257,0.859097,0.882758,0.853465,0.883398,0.880822,0.881138,0.835806,0.873791,0.896735,0.858296,0.814280,0.834311,0.885981,0.893468,0.815040,0.834525,0.887540,0.893581,0.877851,0.873976,0.896113,0.879678,0.850746,0.887627,0.853135,0.850732,0.854395,0.900327,0.858069,0.872174,0.859748,0.834502,0.872368,0.906587,0.894704,0.890761,0.882866,0.903730,0.898634,0.847802,0.828027,0.867750,0.847605,0.872716,0.895731,0.834029,0.837543,0.847016,0.881758,0.850412,0.885914,0.889774,0.879679,0.872709,0.867933,0.889302,0.877980,0.853415,0.912172,0.874260,0.879299,0.888090,0.889066,0.859661,0.897849,0.839872,0.895940,0.880554,0.851259,0.864612,0.899068,0.882075,0.910039,1.000000,0.892851,0.866370,0.882871,0.846216,0.871306,0.890928,0.888942,0.866789,0.901251,0.872098,0.886493,0.888619,0.905296,0.863601,0.902033,0.906690,0.874161,0.865624,0.871289,0.889101,0.894435,0.884714,0.896062,0.866804,0.897252,0.894929,0.879187,0.901208,0.875386,0.841479,0.896016,0.866648,0.858043,0.883247,0.860951,0.876108,0.705042,0.871623,0.867703,0.885677,0.904233,0.865952,0.901739,0.866709,0.857039,0.861025,0.881605,0.869085,0.843357,0.871880,0.884190,0.859630,0.885072,0.886183,0.866022,0.870609,0.896032,0.886065,0.891809,0.899234,0.840475,0.881513,0.879004,0.877452,0.878201,0.882659,0.869886,0.862699,0.869465,0.841538,0.880352,0.882110,0.883442,0.863984,0.880993,0.872594,0.859694,0.850680,0.884860,0.841345,0.878931,0.855956,0.911984,0.876412,0.859344,0.899792,0.890963,0.910217,0.878316,0.881553,0.856381,0.878639,0.892569,0.864569,0.898580,0.885193,0.886552,0.909195,0.896842,0.889561,0.895069,0.880757,0.892112,0.881663,0.884591,0.863768,0.897426,0.891340,0.877807,0.859936,0.876728,0.868322,0.874306,0.873470,0.875555,0.882428,0.871871,0.909603,0.821768,0.897623,0.873427,0.878626,0.851298,0.867681,0.844644,0.876187,0.881631,0.897411,0.836046,0.855385,0.894957,0.884875,0.880896,0.913894,0.881789,0.880343,0.895178,0.837045,0.831795,0.873406,0.891770,0.840533,0.883186,0.893142,0.883956,0.892518,0.873859,0.846973,0.838143,0.881404,0.879406,0.838055,0.881205,0.913111,0.876137,0.901569,0.886871,0.861757,0.855792,0.849433,0.885607,0.875087,0.911183,0.864535,0.878767,0.849446,0.889555,0.899087,0.875377,0.872362,0.878231,0.892250,0.863295,0.856672,0.846106,0.892148,0.885528,0.838630,0.872915,0.861697,0.880851,0.853429,0.891375,0.882348,0.883765,0.868919,0.893670,0.859125,0.859095,0.874277
0.887151,0.884367,0.892825,0.892715,0.854908,0.873198,0.876096,0.863348,0.886092,0.848494,0.896935,0.856061,0.869638,0.832781,0.866423,0.910294,0.885218,0.820748,0.839776,0.893163,0.888392,0.829461,0.821905,0.885521,0.904959,0.916681,0.899607,0.881155,0.857800,0.841999,0.943215,0.897360,0.841200,0.833883,0.903966,0.861628,0.870557,0.863010,0.842029,0.891914,0.882134,0.916296,0.895257,0.865273,0.932053,0.888054,0.912237,0.825286,0.864646,0.847113,0.888281,0.891835,0.810599,0.818238,0.850206,0.902516,0.857014,0.896767,0.887700,0.875982,0.867489,0.887510,0.873007,0.878856,0.878097,0.883071,0.914201,0.902572,0.885947,0.886919,0.853143,0.890937,0.889215,0.866030,0.891354,0.858055,0.888626,0.938709,0.915758,0.881514,0.892851,0.999999,0.916542,0.867186,0.877613,0.934034,0.900517,0.893636,0.891854,0.924584,0.898719,0.906721,0.876574,0.923304,0.881249,0.911241,0.911886,0.866441,0.872884,0.874051,0.878155,0.917122,0.858912,0.865824,0.882982,0.884850,0.951572,0.873730,0.892363,0.869287,0.882002,0.863674,0.827552,0.829634,0.872781,0.923837,0.902446,0.730908,0.926934,0.866881,0.927540,0.902893,0.846796,0.925493,0.882899,0.844790,0.829921,0.891999,0.881772,0.832253,0.888155,0.917919,0.846826,0.913659,0.933677,0.858787,0.914706,0.896400,0.864412,0.881477,0.898196,0.847896,0.887366,0.913816,0.867058,0.927976,0.883403,0.860877,0.861073,0.887376,0.870335,0.912292,0.925079,0.876460,0.840810,0.884071,0.862666,0.862650,0.855353,0.868958,0.842008,0.872093,0.871896,0.858502,0.898106,0.890119,0.900074,0.886145,0.876469,0.865822,0.883548,0.862608,0.888694,0.874238,0.869805,0.896583,0.937597,0.942543,0.930805,0.858325,0.887737,0.884234,0.862908,0.853972,0.907774,0.931170,0.850155,0.896068,0.926194,0.875731,0.852900,0.857142,0.807277,0.873875,0.849187,0.886734,0.897506,0.879921,0.885860,0.826583,0.893250,0.869881,0.870604,0.831559,0.871817,0.860240,0.917525,0.871105,0.920204,0.877345,0.857220,0.917863,0.879063,0.889816,0.911800,0.877678,0.894654,0.896415,0.824041,0.860464,0.836387,0.890882,0.826972,0.917282,0.936948,0.907736,0.910055,0.871306,0.847905,0.873529,0.899243,0.854544,0.861900,0.823445,0.886475,0.919539,0.893669,0.946575,0.881462,0.875759,0.852752,0.874601,0.911243,0.898174,0.856320,0.863571,0.883286,0.890404,0.858324,0.872392,0.902716,0.879408,0.923649,0.863035,0.856000,0.866190,0.904301,0.944272,0.870298,0.911331,0.847658,0.905097,0.879571,0.900352,0.891632,0.888266,0.895578,0.900300,0.837853,0.882041,0.882145
0.870892,0.880326,0.902991,0.861579,0.858768,0.868039,0.850007,0.856663,0.869257,0.848834,0.864801,0.847801,0.869490,0.823563,0.883292,0.908770,0.880196,0.823743,0.824167,0.899378,0.881595,0.834858,0.818663,0.877332,0.905006,0.894252,0.901416,0.853275,0.844324,0.832831,0.943950,0.910139,0.827119,0.845016,0.882275,0.833878,0.880832,0.848730,0.810806,0.874330,0.882812,0.901499,0.885117,0.876348,0.921557,0.834107,0.871342,0.819076,0.859312,0.847619,0.887403,0.884748,0.780784,0.818372,0.848630,0.895803,0.872454,0.884274,0.885345,0.882898,0.850426,0.845099,0.861027,0.852371,0.897843,0.860627,0.892396,0.882845,0.864240,0.860836,0.864197,0.862080,0.890956,0.842939,0.847460,0.853048,0.881779,0.919101,0.891176,0.865308,0.866370,0.916542,1.000000,0.840222,0.863031,0.917305,0.883566,0.880401,0.919115,0.906492,0.861042,0.919867,0.859570,0.896257,0.874358,0.882941,0.867980,0.855108,0.886149,0.880456,0.872298,0.891132,0.857820,0.866759,0.876519,0.895829,0.909881,0.858233,0.846806,0.869843,0.883649,0.841136,0.832510,0.849202,0.867976,0.906904,0.880173,0.737172,0.890048,0.857801,0.908825,0.897652,0.840951,0.883714,0.865567,0.838297,0.804174,0.870988,0.866937,0.840502,0.866946,0.861290,0.833526,0.878121,0.901670,0.851386,0.860206,0.885150,0.844611,0.870786,0.888070,0.870358,0.867376,0.886426,0.859705,0.950781,0.871177,0.851276,0.845158,0.846591,0.869381,0.890570,0.912556,0.867624,0.867313,0.867430,0.843831,0.865495,0.838161,0.861333,0.858630,0.862208,0.879920,0.848695,0.860217,0.888564,0.891120,0.881602,0.843153,0.868998,0.858517,0.859122,0.867954,0.869983,0.877445,0.870172,0.889530,0.920869,0.899122,0.841824,0.878429,0.868169,0.858390,0.840978,0.879858,0.870347,0.852520,0.872044,0.948775,0.870762,0.845687,0.848574,0.806988,0.871638,0.830653,0.896395,0.872673,0.850319,0.862861,0.840195,0.853603,0.880087,0.870460,0.837447,0.894699,0.871817,0.862132,0.854046,0.915403,0.862220,0.844701,0.922666,0.884242,0.894129,0.886524,0.892655,0.886624,0.892096,0.833376,0.860898,0.828916,0.901008,0.861716,0.912328,0.890419,0.896341,0.902337,0.874047,0.831048,0.873553,0.894980,0.837911,0.885763,0.814338,0.859854,0.901271,0.870903,0.929990,0.872337,0.900624,0.848213,0.878815,0.895185,0.890112,0.871285,0.858474,0.874470,0.882304,0.843515,0.875723,0.896099,0.874816,0.902078,0.853228,0.843534,0.845775,0.880944,0.890819,0.849575,0.926291,0.841382,0.873586,0.863525,0.889053,0.858453,0.895134,0.868667,0.885402,0.861997,0.882868,0.894159
0.866578,0.885598,0.846432,0.871604,0.874009,0.848539,0.827645,0.846979,0.835370,0.854304,0.842733,0.838775,0.862244,0.798986,0.857835,0.823889,0.834150,0.843127,0.789865,0.829289,0.872386,0.880666,0.798166,0.828446,0.839292,0.860835,0.859284,0.846946,0.838554,0.840855,0.864413,0.856476,0.807790,0.832558,0.863700,0.828571,0.883216,0.844658,0.805523,0.829696,0.870653,0.858216,0.842600,0.831344,0.852895,0.838606,0.814367,0.854750,0.811021,0.819241,0.818358,0.835095,0.800763,0.833989,0.855547,0.845594,0.810018,0.856036,0.852745,0.861460,0.818391,0.843792,0.882938,0.861713,0.809332,0.909811,0.827688,0.868237,0.841963,0.861545,0.815080,0.875394,0.790983,0.897053,0.864242,0.817583,0.821839,0.861921,0.835316,0.894006,0.882871,0.867186,0.840222,1.000000,0.830857,0.844265,0.843427,0.854727,0.841342,0.886806,0.842573,0.851623,0.917370,0.889610,0.840423,0.863554,0.868809,0.805822,0.813690,0.850265,0.831869,0.841154,0.903874,0.870428,0.870982,0.863156,0.874648,0.849846,0.880307,0.843960,0.843051,0.826793,0.846900,0.836008,0.862477,0.822192,0.818364,0.676239,0.828523,0.831351,0.864619,0.891505,0.819199,0.853520,0.845977,0.868504,0.865498,0.837496,0.841256,0.862914,0.830559,0.861132,0.875707,0.834136,0.882092,0.833333,0.855827,0.868699,0.855008,0.833513,0.836167,0.791208,0.863891,0.826176,0.842507,0.869747,0.884990,0.864850,0.798390,0.844481,0.819031,0.852132,0.837336,0.847126,0.857035,0.855337,0.852886,0.826490,0.820948,0.844180,0.825326,0.869597,0.831882,0.879236,0.867392,0.831189,0.854725,0.869081,0.898330,0.853634,0.843280,0.844383,0.842924,0.845909,0.829343,0.903800,0.846395,0.858740,0.865645,0.876423,0.833613,0.866531,0.833154,0.886430,0.853649,0.846616,0.844214,0.858028,0.861414,0.830950,0.826425,0.821169,0.836420,0.833398,0.864208,0.842679,0.835636,0.843204,0.892887,0.799290,0.881699,0.859537,0.858854,0.868570,0.839239,0.813848,0.876639,0.861423,0.856726,0.787891,0.817577,0.859131,0.834569,0.841592,0.893730,0.853155,0.848678,0.896201,0.838683,0.818311,0.875671,0.858740,0.839001,0.844564,0.863680,0.882185,0.862385,0.849200,0.796165,0.785517,0.859180,0.877408,0.818232,0.860841,0.887576,0.873538,0.863764,0.850838,0.821105,0.818506,0.826797,0.847386,0.858707,0.857803,0.865177,0.826251,0.808657,0.865482,0.879521,0.816447,0.840906,0.832073,0.856423,0.807870,0.840099,0.823325,0.853147,0.853118,0.798691,0.835243,0.825025,0.879252,0.806428,0.859361,0.852110,0.871220,0.848719,0.846107,0.844226,0.819461,0.871204
0.851236,0.890593,0.848343,0.901636,0.827289,0.909461,0.801956,0.818826,0.831810,0.826013,0.843592,0.853765,0.857436,0.783157,0.899570,0.853433,0.835104,0.888376,0.788327,0.836674,0.854603,0.839141,0.791209,0.831533,0.864003,0.836277,0.861713,0.818286,0.851468,0.825181,0.893707,0.868125,0.789839,0.808649,0.841979,0.804880,0.853508,0.814021,0.798865,0.856270,0.836317,0.843054,0.847637,0.814858,0.874283,0.821003,0.824369,0.886485,0.823003,0.779013,0.826943,0.841340,0.844889,0.830859,0.831451,0.874254,0.790588,0.907596,0.858047,0.843658,0.811318,0.838857,0.864696,0.884475,0.803349,0.886949,0.874314,0.923297,0.855193,0.852497,0.794581,0.858466,0.857292,0.857827,0.903079,0.806722,0.849719,0.860722,0.874969,0.865335,0.846216,0.877613,0.863031,0.830857,1.000000,0.866713,0.866580,0.861328,0.868898,0.858463,0.891348,0.852600,0.847359,0.877325,0.849561,0.915728,0.844850,0.803526,0.793841,0.827384,0.837709,0.863249,0.855640,0.834800,0.864926,0.881565,0.868680,0.847965,0.857208,0.864931,0.917929,0.794952,0.817172,0.798929,0.888774,0.857903,0.861756,0.682704,0.843702,0.834055,0.884749,0.855708,0.815689,0.842310,0.844767,0.842454,0.868457,0.835228,0.865433,0.838377,0.871657,0.831404,0.840772,0.827909,0.845963,0.880544,0.897233,0.862155,0.861078,0.836145,0.840350,0.798749,0.903045,0.828337,0.824537,0.875297,0.836545,0.847132,0.816295,0.810259,0.841144,0.910639,0.856964,0.832729,0.829238,0.873413,0.876046,0.858545,0.813932,0.870739,0.853977,0.854654,0.896798,0.865972,0.845854,0.855915,0.863415,0.848755,0.886932,0.824302,0.848870,0.831445,0.912002,0.857062,0.834455,0.901031,0.836136,0.854872,0.855733,0.822329,0.833259,0.869378,0.823931,0.837705,0.856418,0.861255,0.853301,0.861107,0.872861,0.854851,0.876284,0.822934,0.820545,0.836870,0.853700,0.841346,0.847187,0.830480,0.884151,0.806824,0.869202,0.876853,0.826424,0.862162,0.833041,0.825061,0.908433,0.866109,0.885514,0.836448,0.811826,0.882159,0.852969,0.844602,0.895292,0.836319,0.863393,0.851559,0.834185,0.841437,0.848440,0.850578,0.815751,0.848278,0.894280,0.875838,0.895767,0.845374,0.801159,0.797705,0.833792,0.839704,0.869963,0.821485,0.847232,0.895474,0.841981,0.864055,0.841421,0.823961,0.828531,0.865476,0.875020,0.857702,0.820116,0.841554,0.863539,0.871071,0.827098,0.835201,0.860653,0.865907,0.881846,0.831019,0.818373,0.848037,0.816535,0.868886,0.860925,0.857551,0.787085,0.895721,0.855888,0.872015,0.879726,0.875987,0.835632,0.862243,0.809008,0.860143,0.842003
0.865609,0.886818,0.914037,0.875979,0.837785,0.874013,0.856861,0.865969,0.861035,0.842689,0.867184,0.830870,0.845001,0.820464,0.856722,0.887593,0.893946,0.821354,0.805099,0.870424,0.851830,0.823129,0.796403,0.869747,0.889587,0.869795,0.894453,0.855286,0.852750,0.811495,0.948492,0.896467,0.815719,0.841583,0.869667,0.815701,0.854009,0.869871,0.801861,0.880872,0.868159,0.896153,0.872945,0.838417,0.910007,0.863575,0.885893,0.815124,0.831201,0.812131,0.888567,0.875751,0.805252,0.821808,0.844531,0.886077,0.821406,0.890550,0.875575,0.867037,0.827103,0.856335,0.854018,0.879414,0.859929,0.863055,0.905022,0.888424,0.854625,0.854358,0.845455,0.855065,0.865308,0.858522,0.853526,0.842748,0.896253,0.923914,0.878064,0.861857,0.871306,0.934034,0.917305,0.844265,0.866713,1.000000,0.883716,0.899345,0.889862,0.906089,0.856050,0.893599,0.852102,0.899722,0.863354,0.880106,0.887261,0.829505,0.858928,0.867903,0.848109,0.906955,0.866619,0.872680,0.873160,0.883989,0.925767,0.863003,0.872291,0.850545,0.886473,0.837413,0.828399,0.816792,0.852993,0.900516,0.877026,0.696515,0.907855,0.859502,0.918705,0.875211,0.815204,0.901714,0.873459,0.837767,0.810022,0.843080,0.873619,0.830449,0.869145,0.899161,0.825494,0.885083,0.919992,0.848038,0.894282,0.889359,0.862638,0.854931,0.879250,0.824876,0.879201,0.877143,0.841326,0.932933,0.847599,0.844221,0.824347,0.869022,0.857099,0.877964,0.922482,0.864347,0.855594,0.878284,0.845023,0.865311,0.817348,0.830617,0.835879,0.864331,0.876426,0.871630,0.898880,0.902264,0.896550,0.857008,0.844416,0.850420,0.856904,0.849776,0.872131,0.865087,0.858516,0.868068,0.936042,0.939043,0.888580,0.850930,0.864332,0.883999,0.831178,0.848570,0.882809,0.896905,0.845318,0.870518,0.929066,0.855279,0.852515,0.825546,0.807769,0.868156,0.823795,0.864047,0.856678,0.849000,0.856883,0.832864,0.841904,0.863615,0.850326,0.813772,0.864591,0.858296,0.873248,0.863393,0.917396,0.866942,0.837630,0.903224,0.862860,0.885930,0.883491,0.868734,0.864093,0.870645,0.818412,0.833500,0.836216,0.881110,0.837534,0.891719,0.899098,0.880464,0.902435,0.853507,0.795508,0.835029,0.870027,0.848825,0.860619,0.825705,0.867138,0.879838,0.888441,0.928445,0.889452,0.869855,0.872624,0.852492,0.881425,0.875991,0.853930,0.850056,0.877909,0.887537,0.839409,0.842606,0.909866,0.858619,0.908000,0.823456,0.816157,0.848618,0.873663,0.908493,0.855039,0.901518,0.855556,0.874143,0.847625,0.869121,0.859955,0.882729,0.870383,0.874530,0.828143,0.887457,0.862690
0.901793,0.867181,0.878341,0.899454,0.853597,0.871711,0.859662,0.829943,0.892930,0.838832,0.860220,0.896333,0.873528,0.848757,0.885441,0.885750,0.854927,0.814333,0.838197,0.880016,0.884312,0.821670,0.869364,0.920991,0.898602,0.886303,0.893756,0.869524,0.890877,0.849299,0.912945,0.875332,0.835394,0.836708,0.896982,0.873758,0.869268,0.844154,0.858855,0.889211,0.870676,0.899606,0.890733,0.900777,0.926853,0.896293,0.853459,0.813805,0.898842,0.843182,0.868377,0.896629,0.816219,0.821223,0.852396,0.905394,0.853774,0.904854,0.867247,0.863843,0.880189,0.871314,0.883288,0.889364,0.850586,0.894615,0.891881,0.881303,0.886197,0.907664,0.871456,0.875665,0.867140,0.862121,0.907704,0.851303,0.868141,0.902002,0.887344,0.879411,0.890928,0.900517,0.883566,0.843427,0.866580,0.883716,1.000000,0.873363,0.875029,0.898138,0.881874,0.871897,0.860659,0.905821,0.874922,0.912764,0.898774,0.863320,0.851271,0.860628,0.901732,0.878413,0.872435,0.875646,0.884621,0.867243,0.911562,0.857961,0.888387,0.862681,0.855384,0.852873,0.823860,0.835154,0.887561,0.884753,0.897169,0.697884,0.864247,0.915311,0.896332,0.898914,0.886329,0.900391,0.867652,0.848278,0.824888,0.887578,0.880097,0.850826,0.898899,0.900080,0.835363,0.891539,0.870164,0.874378,0.874970,0.876690,0.855870,0.929890,0.897213,0.841716,0.898749,0.867729,0.862586,0.875531,0.892954,0.831586,0.882540,0.864963,0.852945,0.906274,0.882363,0.863013,0.850739,0.869913,0.876495,0.896428,0.888680,0.873829,0.836436,0.876230,0.846789,0.857835,0.859343,0.869298,0.895726,0.885072,0.870304,0.868647,0.898175,0.874708,0.883687,0.883661,0.877654,0.890794,0.873459,0.895937,0.906304,0.848979,0.907180,0.900415,0.871885,0.853395,0.891289,0.866568,0.840653,0.915999,0.899671,0.881984,0.866464,0.909854,0.817333,0.873937,0.849267,0.875510,0.906641,0.885660,0.873139,0.834234,0.863418,0.873936,0.888674,0.824925,0.862705,0.831458,0.877937,0.873722,0.894966,0.837524,0.861131,0.891095,0.901593,0.877412,0.904670,0.862159,0.902199,0.900293,0.827060,0.823412,0.848589,0.903226,0.827667,0.890863,0.899994,0.891446,0.888442,0.864672,0.882324,0.838414,0.871236,0.856164,0.858177,0.819404,0.867947,0.872160,0.866204,0.893019,0.882767,0.859048,0.841912,0.889717,0.890955,0.929662,0.848526,0.888141,0.877764,0.910693,0.829905,0.862194,0.870169,0.905945,0.901867,0.883260,0.886476,0.835384,0.862409,0.911651,0.881398,0.879650,0.838023,0.886345,0.896146,0.884274,0.886721,0.888143,0.836713,0.885981,0.838113,0.846027,0.866325
0.854663,0.872143,0.879579,0.884257,0.825050,0.851979,0.847951,0.888887,0.888810,0.853011,0.861478,0.853711,0.863603,0.827020,0.873732,0.873807,0.842538,0.801130,0.820992,0.861000,0.851119,0.804889,0.805992,0.866447,0.887778,0.848230,0.871128,0.852782,0.881429,0.797500,0.900478,0.865355,0.806179,0.874414,0.866839,0.830387,0.846261,0.839306,0.820398,0.862045,0.866792,0.867524,0.858343,0.820064,0.903049,0.896398,0.860507,0.814679,0.839249,0.801929,0.876476,0.870877,0.800687,0.841938,0.835428,0.870476,0.835313,0.880977,0.883821,0.878020,0.844680,0.838077,0.871365,0.865989,0.848688,0.862327,0.887825,0.864598,0.867755,0.847213,0.821312,0.854456,0.875676,0.866321,0.866778,0.878918,0.909606,0.904197,0.906870,0.867323,0.888942,0.893636,0.880401,0.854727,0.861328,0.899345,0.873363,1.000000,0.847422,0.880538,0.872228,0.856540,0.858812,0.893460,0.912425,0.881224,0.886764,0.844606,0.843205,0.842668,0.851701,0.914112,0.863989,0.874258,0.861525,0.890304,0.910083,0.871804,0.884323,0.853404,0.873202,0.831766,0.834197,0.846478,0.894196,0.874272,0.895245,0.704209,0.887010,0.854947,0.895764,0.885543,0.839029,0.884305,0.906987,0.843436,0.833822,0.837925,0.865706,0.846934,0.894364,0.886515,0.871065,0.883838,0.892604,0.852292,0.869761,0.899774,0.879051,0.860646,0.873105,0.849732,0.874365,0.868953,0.842914,0.883686,0.856392,0.857377,0.840593,0.830609,0.867351,0.875525,0.890636,0.911966,0.858022,0.886789,0.854304,0.872878,0.806956,0.852410,0.845624,0.887051,0.862072,0.873958,0.919683,0.901517,0.890736,0.860954,0.855619,0.882267,0.882123,0.882791,0.873459,0.859551,0.867264,0.881808,0.881110,0.903418,0.882410,0.857565,0.864062,0.895864,0.878833,0.867921,0.843780,0.900621,0.838444,0.895127,0.898749,0.847568,0.881411,0.837429,0.818162,0.861444,0.837106,0.879341,0.850617,0.847668,0.858189,0.812517,0.855683,0.886211,0.869832,0.813776,0.854055,0.873976,0.861121,0.867506,0.896647,0.882456,0.864643,0.899554,0.848498,0.884553,0.893543,0.879672,0.908800,0.871317,0.819956,0.859195,0.850469,0.875403,0.845000,0.901537,0.882122,0.853923,0.887236,0.887669,0.799826,0.837300,0.849306,0.868687,0.878956,0.840788,0.862001,0.873157,0.876403,0.902938,0.887058,0.870280,0.887853,0.845867,0.867399,0.882469,0.863072,0.873183,0.875120,0.906195,0.834928,0.859189,0.910585,0.866052,0.897135,0.835993,0.818357,0.862159,0.876684,0.899321,0.871015,0.893853,0.892935,0.860281,0.875061,0.886152,0.876060,0.895222,0.883918,0.899185,0.849204,0.895686,0.882892
0.888753,0.892003,0.913272,0.885815,0.882236,0.904756,0.844714,0.825200,0.856863,0.855188,0.868375,0.866465,0.887351,0.842179,0.887102,0.900652,0.924996,0.825473,0.840820,0.905249,0.893893,0.864915,0.830000,0.888523,0.892754,0.897284,0.912105,0.857485,0.865412,0.876530,0.924635,0.898643,0.850266,0.840968,0.883080,0.841124,0.883820,0.875138,0.806340,0.893620,0.900722,0.916203,0.907694,0.908370,0.913172,0.832398,0.844656,0.814614,0.847250,0.852272,0.871979,0.885206,0.808976,0.843869,0.860497,0.888633,0.842622,0.893388,0.875256,0.904809,0.862959,0.871644,0.883466,0.876659,0.885472,0.881755,0.888852,0.876189,0.891233,0.892477,0.881135,0.888447,0.821535,0.859167,0.871314,0.840158,0.847343,0.904429,0.880575,0.870706,0.866789,0.891854,0.919115,0.841342,0.868898,0.889862,0.875029,0.847422,1.000000,0.925170,0.876486,0.946607,0.859099,0.880150,0.861630,0.871236,0.849845,0.867220,0.881642,0.918204,0.891809,0.890987,0.860553,0.888558,0.872743,0.859269,0.882333,0.841817,0.845017,0.869565,0.874167,0.835869,0.842576,0.836815,0.874984,0.874469,0.838208,0.711771,0.858928,0.881780,0.905740,0.887854,0.849451,0.873184,0.849713,0.856032,0.820814,0.878694,0.893015,0.862323,0.873399,0.853799,0.861228,0.854081,0.882261,0.888164,0.857271,0.912844,0.871090,0.899751,0.921755,0.839047,0.887481,0.864000,0.867099,0.924846,0.861907,0.859323,0.853615,0.883479,0.864104,0.862511,0.904017,0.851401,0.853158,0.897918,0.885652,0.856466,0.857859,0.865794,0.828428,0.879896,0.870771,0.875381,0.843862,0.878587,0.892121,0.903041,0.865853,0.846106,0.846736,0.838307,0.873016,0.875525,0.881101,0.847038,0.878703,0.899063,0.897251,0.853104,0.866298,0.888610,0.857911,0.851226,0.885093,0.873908,0.885261,0.885435,0.921672,0.884829,0.883632,0.873888,0.829520,0.864120,0.841803,0.887033,0.908276,0.864469,0.888024,0.818053,0.854759,0.883149,0.865598,0.859333,0.850738,0.846248,0.862512,0.880307,0.910974,0.846270,0.818192,0.919217,0.901247,0.887803,0.885325,0.892419,0.876914,0.880955,0.846902,0.836366,0.847688,0.894096,0.866190,0.895903,0.882752,0.904314,0.949136,0.887168,0.856982,0.822942,0.886877,0.847386,0.883839,0.832468,0.858219,0.889368,0.870787,0.910035,0.863683,0.870774,0.831483,0.913197,0.886790,0.900325,0.867954,0.877699,0.850309,0.899080,0.860121,0.891594,0.879057,0.873241,0.904448,0.890575,0.865143,0.836032,0.859015,0.865076,0.827561,0.916140,0.803917,0.886333,0.835647,0.890093,0.891229,0.901970,0.865327,0.888653,0.853972,0.854371,0.892531
0.882921,0.884407,0.908802,0.898612,0.887188,0.879477,0.850859,0.845075,0.882957,0.855947,0.873437,0.879859,0.883375,0.848586,0.884946,0.916175,0.893649,0.813935,0.843359,0.912721,0.916850,0.853883,0.819769,0.905852,0.883524,0.922316,0.912077,0.895002,0.889051,0.872307,0.925963,0.892571,0.842636,0.849540,0.915139,0.860586,0.868001,0.883859,0.834585,0.894507,0.912395,0.920164,0.906002,0.888784,0.936797,0.883411,0.871107,0.814071,0.872591,0.856405,0.877267,0.904337,0.797621,0.827261,0.864754,0.887389,0.886329,0.893150,0.917024,0.911456,0.877501,0.889676,0.895470,0.878924,0.891575,0.903921,0.914371,0.888585,0.888876,0.918390,0.891288,0.917085,0.871779,0.876141,0.886267,0.856258,0.860530,0.951496,0.899943,0.892877,0.901251,0.924584,0.906492,0.886806,0.858463,0.906089,0.898138,0.880538,0.925170,1.000000,0.886919,0.917877,0.900924,0.904527,0.866634,0.897312,0.905798,0.893111,0.902000,0.890984,0.910810,0.918091,0.881196,0.883167,0.885708,0.867198,0.922386,0.866745,0.880190,0.877319,0.871480,0.861972,0.836766,0.867310,0.897759,0.900610,0.876808,0.695876,0.888464,0.889837,0.907375,0.906161,0.855810,0.907020,0.872928,0.879602,0.814265,0.914018,0.876805,0.860785,0.879453,0.897821,0.864639,0.888182,0.906144,0.863641,0.883495,0.947542,0.891651,0.899484,0.927482,0.872972,0.895351,0.911121,0.864441,0.915366,0.915607,0.857042,0.865269,0.874533,0.851245,0.896855,0.913621,0.891846,0.868808,0.906694,0.884082,0.856411,0.851110,0.883686,0.850518,0.887461,0.866013,0.871927,0.879445,0.883920,0.917870,0.916518,0.880857,0.884084,0.888005,0.865707,0.883011,0.872697,0.902830,0.871502,0.905427,0.934148,0.944377,0.871458,0.883847,0.901361,0.877704,0.850988,0.900706,0.915116,0.901606,0.909900,0.922129,0.870613,0.889937,0.881779,0.808722,0.880023,0.860539,0.888140,0.912494,0.867298,0.896792,0.828321,0.876369,0.896978,0.890041,0.848854,0.856685,0.862368,0.897216,0.884300,0.915062,0.852053,0.845024,0.922389,0.876221,0.896060,0.915498,0.897751,0.897406,0.921045,0.886120,0.842585,0.843260,0.906120,0.853834,0.914964,0.905108,0.931305,0.929044,0.894019,0.847451,0.876660,0.910587,0.855572,0.867595,0.830868,0.874163,0.925073,0.888855,0.932969,0.880838,0.874198,0.847435,0.888675,0.905635,0.912459,0.881270,0.903765,0.862199,0.917540,0.856232,0.896758,0.897470,0.880221,0.907724,0.886741,0.869894,0.844757,0.904499,0.909014,0.839928,0.921543,0.843650,0.908302,0.861039,0.901881,0.898416,0.905960,0.883837,0.895378,0.877928,0.853154,0.904790
0.852304,0.879740,0.852248,0.901484,0.823403,0.895822,0.811109,0.847108,0.869445,0.819988,0.899743,0.876868,0.885353,0.808675,0.892820,0.856098,0.833351,0.821535,0.780804,0.831014,0.866162,0.807107,0.801579,0.863965,0.872094,0.844116,0.863097,0.812261,0.883775,0.835631,0.893593,0.851027,0.809153,0.821370,0.870472,0.828652,0.849171,0.814820,0.825341,0.908850,0.853008,0.862249,0.873449,0.842740,0.885831,0.889646,0.841403,0.827470,0.854858,0.790728,0.854621,0.883854,0.814696,0.834681,0.852407,0.870705,0.798776,0.888060,0.846401,0.853634,0.831994,0.854582,0.866564,0.866523,0.805506,0.887376,0.864988,0.901975,0.847718,0.883541,0.796600,0.907584,0.831267,0.862724,0.915660,0.841271,0.867756,0.882687,0.927780,0.867995,0.872098,0.898719,0.861042,0.842573,0.891348,0.856050,0.881874,0.872228,0.876486,0.886919,1.000000,0.859215,0.854518,0.877525,0.881299,0.904928,0.902341,0.811160,0.797112,0.834642,0.851635,0.882883,0.860232,0.838990,0.870313,0.862572,0.909466,0.836278,0.878390,0.902336,0.879938,0.816222,0.835540,0.795811,0.902938,0.846234,0.865588,0.693631,0.852996,0.851418,0.880751,0.872579,0.849535,0.879513,0.874673,0.877394,0.859496,0.840823,0.882677,0.859194,0.905725,0.898975,0.845548,0.870655,0.863716,0.856763,0.882376,0.911916,0.884857,0.870013,0.865979,0.792984,0.885402,0.836433,0.828683,0.867867,0.853789,0.864587,0.852125,0.811091,0.861502,0.898776,0.856112,0.871195,0.841841,0.913651,0.904882,0.865765,0.824302,0.889259,0.850622,0.891943,0.878538,0.868190,0.874476,0.880441,0.892909,0.861522,0.881806,0.867959,0.881902,0.861302,0.920486,0.865131,0.840884,0.882517,0.849451,0.865140,0.886317,0.827029,0.867028,0.890242,0.877549,0.831433,0.846678,0.897768,0.849681,0.888769,0.869533,0.859035,0.913497,0.850204,0.829152,0.855512,0.860912,0.868472,0.884467,0.834517,0.911199,0.812027,0.879252,0.897734,0.852098,0.864587,0.841180,0.828586,0.919437,0.879099,0.887634,0.862620,0.862747,0.901232,0.867600,0.862909,0.910728,0.849571,0.909459,0.877859,0.860333,0.892424,0.818030,0.858345,0.809849,0.877736,0.906281,0.883545,0.909820,0.854121,0.825818,0.797385,0.832233,0.822589,0.894146,0.814649,0.873501,0.902599,0.838882,0.862980,0.878374,0.847878,0.850342,0.873128,0.896853,0.887341,0.821640,0.895425,0.865630,0.910873,0.827693,0.860206,0.877516,0.889234,0.915157,0.855798,0.845693,0.901594,0.851081,0.907257,0.869109,0.878986,0.840918,0.903858,0.869213,0.891155,0.931452,0.893191,0.877512,0.894072,0.825077,0.863378,0.858721
0.899244,0.892194,0.931195,0.898830,0.876311,0.883862,0.851086,0.854097,0.859839,0.866433,0.889569,0.850661,0.895553,0.854768,0.870190,0.932087,0.945362,0.843030,0.880369,0.920228,0.886875,0.869665,0.829816,0.882725,0.912473,0.888317,0.913085,0.900594,0.847673,0.866190,0.913362,0.916811,0.864167,0.872308,0.873293,0.853565,0.887564,0.909413,0.832846,0.885519,0.907268,0.923870,0.905973,0.910513,0.926677,0.827286,0.891766,0.828875,0.845935,0.865396,0.898631,0.893076,0.827047,0.839760,0.862186,0.878321,0.869377,0.881608,0.894943,0.915555,0.877693,0.895861,0.898301,0.871416,0.898016,0.886648,0.891711,0.865534,0.898652,0.878730,0.890384,0.892640,0.852929,0.874514,0.877429,0.862168,0.867159,0.917251,0.896796,0.894336,0.886493,0.906721,0.919867,0.851623,0.852600,0.893599,0.871897,0.856540,0.946607,0.917877,0.859215,1.000000,0.882285,0.886503,0.887793,0.885696,0.867016,0.890793,0.907637,0.930407,0.889772,0.906367,0.878816,0.904096,0.882941,0.875103,0.891182,0.867349,0.869043,0.848128,0.863685,0.868173,0.856208,0.854638,0.871720,0.901441,0.844808,0.752161,0.897604,0.871282,0.896899,0.897072,0.848637,0.878913,0.886883,0.836851,0.844612,0.894892,0.889669,0.854431,0.860972,0.845546,0.869087,0.863246,0.913613,0.871740,0.855128,0.885218,0.863253,0.891742,0.931169,0.866471,0.882087,0.886933,0.887706,0.920331,0.873507,0.878269,0.862205,0.894861,0.885281,0.886614,0.921480,0.871879,0.862516,0.871913,0.869766,0.840338,0.868797,0.886536,0.860918,0.871252,0.865464,0.889347,0.874445,0.900282,0.906546,0.902702,0.888799,0.864032,0.832334,0.861124,0.849798,0.867572,0.910121,0.869503,0.915984,0.915973,0.897691,0.896733,0.893822,0.894565,0.860551,0.886974,0.899734,0.890886,0.864903,0.874907,0.932845,0.886383,0.858418,0.864192,0.849780,0.879566,0.867015,0.911148,0.890694,0.884684,0.881224,0.846138,0.888628,0.867689,0.873310,0.850991,0.860995,0.866585,0.865134,0.878476,0.909847,0.850861,0.824201,0.907113,0.892259,0.897155,0.880253,0.903013,0.886620,0.899907,0.813227,0.846327,0.876591,0.901234,0.864625,0.915278,0.880387,0.875930,0.926518,0.904316,0.850172,0.856534,0.908042,0.883180,0.855095,0.860574,0.883859,0.878793,0.913666,0.919302,0.877934,0.870821,0.865073,0.887692,0.869310,0.889335,0.889063,0.878223,0.857367,0.886969,0.874199,0.881863,0.896519,0.862848,0.883578,0.876422,0.861924,0.849215,0.889980,0.877052,0.828484,0.922187,0.822563,0.878392,0.840290,0.891379,0.881919,0.880788,0.879142,0.910557,0.858633,0.852997,0.906551
0.856994,0.887622,0.878960,0.886340,0.894770,0.869992,0.834446,0.849586,0.855763,0.841593,0.855651,0.865023,0.882222,0.797446,0.873073,0.875281,0.879156,0.856506,0.839279,0.870183,0.882638,0.861377,0.810433,0.852965,0.871878,0.863311,0.897836,0.863569,0.851699,0.853230,0.878212,0.896370,0.830569,0.851338,0.872145,0.831291,0.880235,0.883186,0.800551,0.828585,0.885318,0.885071,0.876318,0.850086,0.884626,0.833787,0.840701,0.856453,0.819382,0.857787,0.843760,0.855620,0.789162,0.817661,0.843577,0.851226,0.835248,0.864293,0.874101,0.892925,0.837868,0.872458,0.933622,0.849544,0.847548,0.931534,0.848802,0.879707,0.856914,0.874130,0.855261,0.891431,0.831899,0.906195,0.882940,0.814455,0.829646,0.868290,0.855851,0.931495,0.888619,0.876574,0.859570,0.917370,0.847359,0.852102,0.860659,0.858812,0.859099,0.900924,0.854518,0.882285,1.000000,0.890972,0.864862,0.894332,0.882219,0.840915,0.847249,0.866168,0.850036,0.869747,0.926820,0.904488,0.869832,0.861689,0.869152,0.861815,0.873578,0.833432,0.862037,0.842932,0.858277,0.845509,0.876486,0.869088,0.838788,0.720373,0.858005,0.852578,0.856754,0.904283,0.824293,0.865839,0.849619,0.848673,0.859891,0.869458,0.847138,0.860160,0.830802,0.862703,0.881243,0.850428,0.889129,0.830791,0.848050,0.890344,0.857453,0.868931,0.881434,0.835775,0.872759,0.847913,0.840738,0.884165,0.899548,0.866976,0.821797,0.855754,0.864385,0.893155,0.891124,0.856170,0.868678,0.844999,0.867632,0.824733,0.835218,0.902799,0.886672,0.857572,0.843622,0.879620,0.871915,0.839946,0.888866,0.872438,0.902814,0.862202,0.842989,0.847963,0.856094,0.865828,0.876733,0.914790,0.869161,0.871644,0.893541,0.883982,0.855312,0.894700,0.839309,0.907158,0.876692,0.859329,0.874344,0.859768,0.866886,0.849421,0.849937,0.843377,0.850772,0.858109,0.889932,0.867913,0.854873,0.848537,0.883876,0.815071,0.883223,0.872511,0.888023,0.863071,0.839017,0.836871,0.885618,0.863592,0.903278,0.812320,0.801583,0.875649,0.842811,0.862958,0.896511,0.875856,0.877773,0.896320,0.834552,0.841973,0.906839,0.879773,0.864456,0.862685,0.874757,0.871155,0.879808,0.876879,0.824410,0.813210,0.884677,0.913906,0.825863,0.868781,0.881824,0.875074,0.903348,0.867101,0.830598,0.833692,0.841146,0.859386,0.837527,0.869955,0.886999,0.851247,0.833920,0.874745,0.872614,0.848052,0.851181,0.846415,0.860416,0.836727,0.848908,0.821255,0.878343,0.861267,0.820063,0.873859,0.817207,0.901833,0.823950,0.897338,0.877427,0.872633,0.852733,0.877513,0.850080,0.819872,0.889104
0.897096,0.885967,0.889579,0.912037,0.882886,0.878613,0.902236,0.868509,0.893436,0.852226,0.870005,0.879808,0.874465,0.839571,0.889270,0.889741,0.872120,0.821792,0.839309,0.888138,0.918405,0.846620,0.859243,0.892780,0.905683,0.891269,0.888448,0.871324,0.856704,0.865098,0.913223,0.872297,0.863771,0.848363,0.916408,0.868032,0.880878,0.856003,0.842712,0.865359,0.894652,0.916605,0.890669,0.887540,0.914989,0.891742,0.891134,0.833820,0.877463,0.851463,0.878838,0.890604,0.838967,0.828023,0.859868,0.914248,0.855363,0.918961,0.883378,0.871601,0.862322,0.889440,0.892274,0.904784,0.861537,0.909797,0.888546,0.896856,0.873070,0.903926,0.851459,0.879073,0.849954,0.883263,0.900049,0.863724,0.883339,0.911151,0.891195,0.892847,0.905296,0.923304,0.896257,0.889610,0.877325,0.899722,0.905821,0.893460,0.880150,0.904527,0.877525,0.886503,0.890972,1.000000,0.882062,0.916285,0.913608,0.857441,0.856441,0.861932,0.884151,0.911403,0.875418,0.883657,0.886669,0.883808,0.929420,0.884383,0.899593,0.875066,0.863168,0.870306,0.841389,0.851134,0.890180,0.874879,0.898409,0.724705,0.904174,0.875417,0.917779,0.916668,0.867487,0.915462,0.877797,0.852538,0.844707,0.886584,0.890921,0.848042,0.891538,0.911090,0.878388,0.900787,0.919609,0.891340,0.903280,0.899054,0.885563,0.897699,0.896138,0.841137,0.918720,0.873955,0.888447,0.913866,0.907606,0.856089,0.851380,0.874345,0.862802,0.890861,0.897289,0.881796,0.857448,0.869877,0.859337,0.869819,0.855149,0.868717,0.848970,0.871204,0.858403,0.880160,0.893898,0.879132,0.885822,0.892578,0.900894,0.870169,0.895786,0.881726,0.883036,0.890099,0.862286,0.910143,0.899105,0.906290,0.912742,0.861317,0.887545,0.898990,0.881934,0.871750,0.897267,0.898406,0.870444,0.898854,0.908421,0.879362,0.862769,0.880643,0.821999,0.873779,0.849896,0.887253,0.892365,0.883226,0.894866,0.823050,0.892478,0.882955,0.889745,0.834490,0.870176,0.861369,0.909259,0.866781,0.898480,0.856340,0.861537,0.914561,0.873659,0.884032,0.913754,0.867632,0.898601,0.909934,0.847330,0.846317,0.869841,0.884476,0.854469,0.878112,0.907458,0.912535,0.912548,0.866000,0.844674,0.831972,0.894787,0.878628,0.856874,0.838184,0.892390,0.890094,0.884200,0.912183,0.876616,0.872594,0.862684,0.891426,0.916153,0.906216,0.873500,0.869261,0.871584,0.888004,0.880196,0.876800,0.887227,0.884096,0.913316,0.859583,0.865223,0.845679,0.898516,0.924513,0.857655,0.884760,0.858279,0.919465,0.877073,0.903502,0.886321,0.891026,0.877290,0.887952,0.854432,0.873821,0.887187
0.879690,0.894370,0.888205,0.888016,0.837192,0.867581,0.839592,0.871969,0.878747,0.877108,0.886471,0.853295,0.889746,0.847425,0.881036,0.883807,0.862121,0.818272,0.845292,0.853606,0.859684,0.831491,0.820404,0.858138,0.881335,0.836368,0.868513,0.836311,0.858370,0.833113,0.892655,0.883253,0.817418,0.865706,0.856521,0.839004,0.868839,0.826013,0.833510,0.867687,0.857164,0.867141,0.859577,0.850210,0.892564,0.862885,0.858859,0.812480,0.842017,0.814425,0.859936,0.868435,0.806787,0.851844,0.860239,0.891011,0.831548,0.890220,0.855051,0.867818,0.842717,0.857371,0.886114,0.881250,0.839401,0.867056,0.872156,0.869538,0.879510,0.842963,0.826798,0.865970,0.854915,0.866412,0.883729,0.869061,0.915182,0.879332,0.902876,0.864474,0.863601,0.881249,0.874358,0.840423,0.849561,0.863354,0.874922,0.912425,0.861630,0.866634,0.881299,0.887793,0.864862,0.882062,1.000000,0.878459,0.869171,0.835676,0.842701,0.877239,0.838929,0.893498,0.862864,0.892039,0.888997,0.870732,0.884474,0.870358,0.867052,0.855801,0.888647,0.821656,0.844674,0.844008,0.898840,0.865408,0.876854,0.759924,0.868075,0.855313,0.882803,0.885549,0.848154,0.871787,0.917435,0.832796,0.843717,0.857458,0.889888,0.876304,0.883588,0.869566,0.876134,0.865765,0.887915,0.866905,0.868791,0.865081,0.878867,0.870259,0.873321,0.834420,0.877727,0.843623,0.869982,0.886664,0.871605,0.870221,0.834413,0.838355,0.886563,0.870730,0.885080,0.879406,0.840130,0.887997,0.882715,0.870727,0.841935,0.863333,0.862575,0.893095,0.867670,0.882489,0.895343,0.911556,0.870648,0.863006,0.871296,0.868280,0.854703,0.879866,0.864334,0.865978,0.870703,0.879259,0.873536,0.888432,0.862888,0.859045,0.863552,0.899320,0.876086,0.876589,0.851394,0.880990,0.831358,0.891314,0.888198,0.867520,0.868727,0.843581,0.834414,0.848138,0.846700,0.899792,0.853376,0.857868,0.867355,0.826653,0.847718,0.870518,0.886150,0.820779,0.831029,0.838988,0.868418,0.893772,0.881170,0.863441,0.842269,0.875561,0.865459,0.877111,0.884020,0.867734,0.896023,0.895439,0.801741,0.889319,0.860019,0.891434,0.870918,0.891872,0.874823,0.843490,0.901070,0.894809,0.832175,0.813631,0.856577,0.873222,0.882833,0.837798,0.868299,0.856348,0.863676,0.879509,0.894955,0.855712,0.904704,0.855649,0.872769,0.869631,0.869924,0.865183,0.881524,0.912898,0.830504,0.864079,0.890524,0.863505,0.880613,0.852648,0.840124,0.892463,0.868473,0.878521,0.876601,0.886804,0.875065,0.871381,0.872309,0.875737,0.893929,0.891538,0.887619,0.906179,0.852497,0.874501,0.900767
0.887644,0.889473,0.880395,0.922861,0.848209,0.890081,0.858155,0.848594,0.888772,0.834943,0.876702,0.890343,0.865533,0.822316,0.896117,0.896071,0.871728,0.876784,0.843424,0.886641,0.892611,0.842388,0.828916,0.901688,0.907352,0.872985,0.898490,0.871272,0.873416,0.851319,0.916195,0.882067,0.831086,0.840818,0.877799,0.842841,0.880483,0.847265,0.854061,0.881362,0.881788,0.908522,0.893704,0.849469,0.919815,0.875029,0.878551,0.884227,0.873562,0.832767,0.863425,0.878028,0.817208,0.839579,0.857942,0.898806,0.856244,0.905369,0.899111,0.859339,0.868305,0.874228,0.897934,0.873467,0.850827,0.913110,0.911836,0.912748,0.888091,0.896142,0.854746,0.889748,0.877405,0.867538,0.920226,0.841225,0.873490,0.905491,0.907087,0.898816,0.902033,0.911241,0.882941,0.863554,0.915728,0.880106,0.912764,0.881224,0.871236,0.897312,0.904928,0.885696,0.894332,0.916285,0.878459,1.000000,0.886331,0.857121,0.854715,0.849868,0.898091,0.897907,0.871779,0.862145,0.884780,0.876592,0.905445,0.878578,0.891492,0.865866,0.887893,0.838223,0.838096,0.845490,0.892265,0.898035,0.907087,0.715627,0.894747,0.870665,0.907045,0.888491,0.860516,0.888337,0.864594,0.865345,0.876456,0.891019,0.885741,0.844995,0.873796,0.877339,0.851027,0.876942,0.880020,0.872513,0.890725,0.885421,0.881457,0.887883,0.889106,0.855710,0.889861,0.867039,0.883811,0.891444,0.875244,0.859982,0.880066,0.859612,0.854840,0.946361,0.891702,0.865462,0.836906,0.871662,0.895893,0.881417,0.847386,0.899399,0.876600,0.874560,0.883923,0.877375,0.872798,0.884622,0.879515,0.867896,0.906012,0.864542,0.878999,0.867217,0.903368,0.866637,0.861988,0.916663,0.885417,0.891533,0.900065,0.844530,0.894087,0.880476,0.858195,0.850515,0.876361,0.888269,0.863593,0.900743,0.892029,0.888417,0.874399,0.865595,0.822846,0.860667,0.874054,0.869968,0.883963,0.869181,0.902078,0.805269,0.917362,0.883060,0.857887,0.858392,0.871314,0.855675,0.911536,0.885093,0.923157,0.869229,0.846656,0.889132,0.876313,0.865529,0.915651,0.856487,0.899587,0.884333,0.849199,0.859903,0.849597,0.880989,0.827683,0.881299,0.921884,0.885337,0.902672,0.846459,0.834869,0.851802,0.879295,0.858324,0.861913,0.823957,0.869694,0.899146,0.873774,0.905003,0.880666,0.845382,0.847627,0.882553,0.884361,0.905715,0.840721,0.873695,0.894537,0.880407,0.845799,0.865321,0.883785,0.890954,0.899767,0.854649,0.855805,0.867408,0.875340,0.919157,0.892049,0.872129,0.832411,0.905621,0.906472,0.912031,0.885088,0.886148,0.849731,0.882276,0.837613,0.870898,0.878593
0.851416,0.866673,0.868602,0.902563,0.846488,0.853778,0.871392,0.877592,0.902595,0.830924,0.885422,0.877595,0.883611,0.819989,0.875056,0.877696,0.842436,0.789476,0.807370,0.853691,0.894577,0.806706,0.815850,0.863500,0.886685,0.856102,0.869236,0.844027,0.868892,0.851600,0.892291,0.855894,0.822435,0.856055,0.891779,0.856582,0.851550,0.854551,0.837553,0.863715,0.866092,0.883247,0.869263,0.862707,0.897298,0.926015,0.875355,0.803077,0.864392,0.807586,0.891299,0.907722,0.817216,0.828326,0.843514,0.865019,0.825735,0.896068,0.863470,0.886519,0.848510,0.871101,0.881088,0.884147,0.825295,0.898200,0.856591,0.870909,0.839572,0.903070,0.830024,0.902061,0.835246,0.885819,0.904180,0.859417,0.874275,0.895888,0.903619,0.879779,0.906690,0.911886,0.867980,0.868809,0.844850,0.887261,0.898774,0.886764,0.849845,0.905798,0.902341,0.867016,0.882219,0.913608,0.869171,0.886331,1.000000,0.844260,0.830597,0.837292,0.864933,0.905926,0.885513,0.860835,0.872282,0.878643,0.931177,0.887334,0.910160,0.863742,0.835162,0.857247,0.848184,0.810670,0.893434,0.863380,0.892371,0.699300,0.883573,0.864729,0.884504,0.905599,0.845241,0.935874,0.897839,0.874824,0.829902,0.863735,0.866279,0.841643,0.887717,0.940597,0.865785,0.933334,0.911245,0.856163,0.884838,0.905504,0.884472,0.880114,0.882660,0.810224,0.910167,0.866395,0.841238,0.885926,0.883498,0.872506,0.837569,0.830857,0.869869,0.882452,0.875585,0.901407,0.869473,0.864932,0.865946,0.855031,0.835315,0.885195,0.881269,0.871678,0.844752,0.884248,0.913238,0.882711,0.911664,0.879943,0.883663,0.913814,0.908060,0.898668,0.867918,0.867400,0.872050,0.895001,0.891867,0.881898,0.909285,0.872345,0.885361,0.905431,0.896865,0.861420,0.884357,0.892112,0.865085,0.884814,0.887279,0.854702,0.868481,0.868498,0.827191,0.905951,0.877289,0.886420,0.877564,0.849186,0.899933,0.848596,0.873975,0.893336,0.882469,0.825218,0.854991,0.847292,0.915059,0.852380,0.880495,0.865321,0.901916,0.906599,0.852384,0.893241,0.923519,0.879450,0.901232,0.902341,0.856795,0.854780,0.849050,0.862407,0.819159,0.882648,0.904885,0.898937,0.884983,0.869048,0.830481,0.825269,0.861460,0.863382,0.853787,0.842027,0.900567,0.890033,0.874549,0.883598,0.874298,0.865145,0.864735,0.860269,0.894683,0.897868,0.855275,0.887902,0.841101,0.895736,0.863225,0.858627,0.883335,0.882275,0.905458,0.848869,0.859980,0.864159,0.892251,0.925356,0.847393,0.885269,0.887402,0.911089,0.867700,0.886893,0.897180,0.885739,0.887777,0.898714,0.839135,0.856260,0.870264
0.885664,0.841015,0.857320,0.862707,0.851299,0.819516,0.866722,0.839866,0.848850,0.829969,0.850972,0.871218,0.843069,0.892989,0.843839,0.921789,0.867245,0.769948,0.924060,0.949011,0.870061,0.816603,0.864850,0.883881,0.888174,0.894843,0.864632,0.927893,0.853320,0.879729,0.875692,0.829459,0.895082,0.871219,0.884194,0.907735,0.861841,0.870791,0.864391,0.831058,0.928963,0.896549,0.903050,0.893521,0.933359,0.832619,0.852731,0.781157,0.865385,0.891349,0.877982,0.891154,0.750153,0.804561,0.844605,0.852451,0.921063,0.850127,0.902286,0.902187,0.919691,0.880347,0.870707,0.826476,0.925854,0.844843,0.877797,0.811607,0.893333,0.857400,0.890407,0.855192,0.852897,0.831986,0.823459,0.858815,0.829865,0.881764,0.865148,0.878310,0.874161,0.866441,0.855108,0.805822,0.803526,0.829505,0.863320,0.844606,0.867220,0.893111,0.811160,0.890793,0.840915,0.857441,0.835676,0.857121,0.844260,1.000000,0.936066,0.862124,0.897716,0.874947,0.850992,0.882725,0.832057,0.829343,0.837844,0.843495,0.856158,0.832202,0.807140,0.910119,0.798799,0.885291,0.847825,0.883375,0.841475,0.711192,0.857418,0.893118,0.879427,0.914612,0.882510,0.852862,0.833553,0.794557,0.781669,0.939329,0.853454,0.824930,0.821823,0.814800,0.842034,0.841730,0.860927,0.850109,0.815509,0.876896,0.823493,0.894773,0.926302,0.924713,0.834301,0.923239,0.878327,0.849742,0.868078,0.829905,0.884688,0.895687,0.835927,0.846504,0.877394,0.862756,0.836507,0.837123,0.834762,0.840180,0.885107,0.859973,0.812569,0.855397,0.822490,0.825243,0.846331,0.848379,0.875113,0.912067,0.845227,0.852795,0.823743,0.843213,0.799285,0.847177,0.882900,0.842625,0.868507,0.884783,0.895990,0.876668,0.869846,0.866860,0.870888,0.840815,0.909223,0.872502,0.816576,0.893996,0.872839,0.855215,0.821514,0.899748,0.768535,0.863855,0.837785,0.873082,0.899929,0.906657,0.843194,0.797492,0.831044,0.847020,0.867844,0.811573,0.863133,0.887820,0.808643,0.832626,0.879742,0.831516,0.814318,0.861074,0.881347,0.876799,0.862312,0.890138,0.872174,0.866438,0.781020,0.779337,0.845867,0.879051,0.846555,0.878564,0.850337,0.846179,0.859674,0.861574,0.874088,0.915603,0.916603,0.841066,0.817560,0.815480,0.832911,0.841668,0.890365,0.885799,0.858046,0.860368,0.803963,0.867884,0.835829,0.891953,0.870144,0.867156,0.809074,0.872818,0.867099,0.884672,0.874300,0.854600,0.847263,0.904300,0.878858,0.792743,0.898054,0.832002,0.798697,0.886419,0.795485,0.827825,0.849584,0.903696,0.831393,0.872592,0.858248,0.877210,0.867757,0.806381,0.898519
0.874676,0.826932,0.888887,0.844565,0.859605,0.809186,0.861247,0.837075,0.845284,0.821383,0.851338,0.831225,0.847410,0.875486,0.830621,0.930910,0.889039,0.779062,0.916247,0.959860,0.875035,0.814890,0.833555,0.883971,0.883749,0.896331,0.872617,0.922338,0.825847,0.852579,0.892546,0.851310,0.877989,0.872694,0.869139,0.853213,0.858488,0.895375,0.836430,0.833376,0.924354,0.924246,0.899939,0.879622,0.934186,0.812686,0.862120,0.782519,0.845827,0.901932,0.861587,0.871236,0.749652,0.801228,0.824137,0.861337,0.944794,0.837856,0.915003,0.887789,0.889134,0.858584,0.856336,0.811914,0.962985,0.834052,0.886106,0.812717,0.871277,0.855017,0.920512,0.846000,0.865983,0.818694,0.802685,0.836615,0.829184,0.898309,0.853849,0.862604,0.865624,0.872884,0.886149,0.813690,0.793841,0.858928,0.851271,0.843205,0.881642,0.902000,0.797112,0.907637,0.847249,0.856441,0.842701,0.854715,0.830597,0.936066,1.000000,0.882867,0.888143,0.876112,0.839572,0.890484,0.818230,0.837398,0.842007,0.855454,0.828649,0.821789,0.809105,0.886721,0.801204,0.886000,0.829050,0.903425,0.847267,0.722201,0.870587,0.864657,0.887014,0.895601,0.844153,0.859028,0.829788,0.792750,0.774736,0.921221,0.842823,0.817907,0.796676,0.814904,0.835167,0.839210,0.875913,0.820181,0.808284,0.872827,0.832673,0.882104,0.927326,0.943140,0.824126,0.937568,0.879107,0.880483,0.856743,0.831785,0.878333,0.893742,0.842347,0.846180,0.908545,0.858987,0.826540,0.825135,0.815056,0.815918,0.855753,0.839202,0.803918,0.849785,0.827886,0.822634,0.844809,0.851635,0.866737,0.881420,0.828872,0.836811,0.803498,0.830537,0.787646,0.831616,0.874772,0.827958,0.889010,0.912085,0.905220,0.859462,0.864908,0.841738,0.842339,0.835299,0.885924,0.859852,0.829787,0.881125,0.902321,0.869123,0.801407,0.857562,0.768787,0.837520,0.816065,0.866923,0.878226,0.881571,0.832826,0.805572,0.844423,0.841029,0.860786,0.802886,0.863579,0.891058,0.808950,0.823723,0.903722,0.830863,0.798531,0.861179,0.873580,0.860136,0.839902,0.881399,0.854921,0.858193,0.788374,0.797766,0.836113,0.875119,0.853896,0.888481,0.855447,0.850441,0.869781,0.854318,0.839716,0.930330,0.925786,0.834776,0.809840,0.808647,0.820450,0.845870,0.894948,0.917714,0.845665,0.839151,0.806017,0.859941,0.828440,0.873902,0.882512,0.844582,0.822378,0.860784,0.851248,0.883637,0.872778,0.836798,0.843367,0.870774,0.857979,0.806016,0.892895,0.824997,0.793795,0.895052,0.797253,0.832129,0.832451,0.894337,0.821688,0.862649,0.832075,0.871032,0.868118,0.808976,0.889317
0.884856,0.886951,0.900456,0.872970,0.857154,0.868587,0.828911,0.837298,0.823917,0.864675,0.865743,0.830465,0.874268,0.856319,0.855037,0.905460,0.916242,0.816097,0.842875,0.891796,0.849904,0.864793,0.817739,0.862992,0.873294,0.884318,0.886438,0.864179,0.842870,0.854222,0.897501,0.880731,0.827577,0.831887,0.858023,0.836986,0.888358,0.874470,0.799325,0.848890,0.897034,0.900709,0.878564,0.896033,0.895820,0.818137,0.838888,0.795898,0.824351,0.860963,0.852171,0.862222,0.803736,0.845687,0.861892,0.874173,0.850525,0.864406,0.862458,0.882094,0.840135,0.877408,0.876761,0.866260,0.879377,0.878900,0.868654,0.844381,0.873123,0.862220,0.877411,0.862212,0.823545,0.872140,0.855282,0.837665,0.841896,0.871494,0.858307,0.872193,0.871289,0.874051,0.880456,0.850265,0.827384,0.867903,0.860628,0.842668,0.918204,0.890984,0.834642,0.930407,0.866168,0.861932,0.877239,0.849868,0.837292,0.862124,0.882867,1.000000,0.861184,0.878191,0.880567,0.919394,0.876925,0.844623,0.852302,0.846068,0.838238,0.845516,0.852974,0.846067,0.855929,0.888589,0.871990,0.867417,0.821925,0.713062,0.843542,0.855396,0.870642,0.892211,0.830522,0.850244,0.854010,0.829880,0.833172,0.865553,0.865448,0.871373,0.846923,0.824303,0.870704,0.836652,0.898895,0.863785,0.842467,0.863396,0.845718,0.872312,0.895557,0.847290,0.856174,0.852412,0.849216,0.887173,0.849978,0.852043,0.829870,0.888428,0.854254,0.836804,0.887796,0.858747,0.842422,0.881693,0.877173,0.829894,0.843397,0.857587,0.828243,0.884424,0.829220,0.871794,0.845826,0.858975,0.874460,0.901834,0.874499,0.840164,0.813745,0.841108,0.831729,0.872514,0.866150,0.860339,0.882593,0.890189,0.878183,0.887121,0.858011,0.874511,0.850539,0.878392,0.883182,0.849640,0.835104,0.880422,0.895871,0.868696,0.823415,0.853302,0.836001,0.860783,0.844944,0.876698,0.872084,0.862312,0.864029,0.847608,0.841104,0.841255,0.907976,0.839519,0.831090,0.822257,0.837768,0.885757,0.885713,0.797897,0.810442,0.873023,0.869093,0.862405,0.865187,0.878430,0.856935,0.877272,0.802911,0.803360,0.860728,0.903778,0.911036,0.877918,0.850840,0.861846,0.900815,0.903202,0.833109,0.825897,0.879876,0.861105,0.827110,0.849920,0.874577,0.845380,0.878945,0.885212,0.848589,0.839500,0.832583,0.857628,0.853072,0.865741,0.912234,0.843794,0.828396,0.895175,0.849805,0.861577,0.865232,0.831620,0.855378,0.856259,0.842937,0.819594,0.867409,0.835953,0.795558,0.896448,0.793973,0.850379,0.816080,0.879986,0.852880,0.889683,0.841661,0.873974,0.892988,0.819083,0.915241
0.896681,0.845764,0.885207,0.885001,0.870620,0.846115,0.863630,0.815336,0.885928,0.828972,0.842193,0.876671,0.854267,0.856558,0.864070,0.901095,0.879151,0.797700,0.874049,0.913265,0.917761,0.824086,0.859894,0.954455,0.891247,0.908581,0.893693,0.887750,0.852862,0.893327,0.892725,0.855492,0.852212,0.840668,0.898832,0.881733,0.870672,0.848391,0.876395,0.866141,0.903055,0.924925,0.910387,0.903283,0.915148,0.858743,0.864825,0.801481,0.906297,0.856102,0.863397,0.884819,0.785430,0.812437,0.837399,0.902905,0.887308,0.884489,0.895871,0.870976,0.927661,0.872590,0.866089,0.842385,0.879411,0.878504,0.921371,0.840572,0.916993,0.944711,0.922203,0.863261,0.865256,0.831560,0.864104,0.856601,0.849463,0.904281,0.878661,0.868904,0.889101,0.878155,0.872298,0.831869,0.837709,0.848109,0.901732,0.851701,0.891809,0.910810,0.851635,0.889772,0.850036,0.884151,0.838929,0.898091,0.864933,0.897716,0.888143,0.861184,1.000000,0.875745,0.835711,0.857157,0.845373,0.846222,0.878718,0.849989,0.853022,0.851620,0.823357,0.847516,0.802295,0.847721,0.865368,0.865574,0.875493,0.694700,0.873059,0.909298,0.890604,0.881783,0.897386,0.892669,0.846979,0.836555,0.799493,0.926330,0.866856,0.831708,0.851677,0.865521,0.840427,0.874092,0.856239,0.883424,0.848474,0.890297,0.859961,0.905318,0.906332,0.872471,0.859916,0.893478,0.889140,0.865262,0.870457,0.825848,0.913263,0.880643,0.847542,0.869942,0.873471,0.853233,0.821404,0.851458,0.854481,0.877656,0.894546,0.855724,0.815993,0.864920,0.845540,0.837136,0.823403,0.854443,0.873661,0.890575,0.863032,0.859007,0.869132,0.852991,0.836891,0.882159,0.868644,0.853270,0.867773,0.884446,0.920648,0.838274,0.904173,0.865707,0.871373,0.829409,0.882672,0.869253,0.866350,0.901612,0.893449,0.908247,0.849793,0.905743,0.786152,0.843833,0.837500,0.863167,0.908428,0.907761,0.863212,0.796790,0.866685,0.866330,0.864260,0.821977,0.855849,0.855316,0.851151,0.861644,0.903641,0.845434,0.829671,0.883300,0.908133,0.877745,0.882471,0.874411,0.877139,0.871231,0.850082,0.818009,0.834739,0.896800,0.817418,0.887416,0.879611,0.887451,0.882425,0.855993,0.894091,0.860685,0.880905,0.835921,0.843848,0.804404,0.832734,0.877210,0.849937,0.899078,0.863658,0.860860,0.819103,0.905643,0.866987,0.929720,0.835960,0.876983,0.879590,0.865983,0.849194,0.890440,0.870736,0.903477,0.887124,0.922899,0.914512,0.811765,0.860269,0.871171,0.867231,0.876599,0.809395,0.871018,0.885240,0.917314,0.872191,0.878864,0.843301,0.884391,0.827391,0.844767,0.862068
0.866770,0.883312,0.914792,0.908061,0.828931,0.879777,0.867650,0.868334,0.879348,0.831681,0.889770,0.889563,0.865092,0.835503,0.882654,0.928255,0.889487,0.810726,0.842409,0.888805,0.871383,0.826618,0.805021,0.881855,0.904121,0.867301,0.905256,0.870185,0.860140,0.825805,0.920104,0.883340,0.825833,0.859465,0.864132,0.830056,0.857240,0.866840,0.825468,0.898296,0.884950,0.902672,0.888841,0.859765,0.917470,0.873663,0.886921,0.815526,0.863875,0.826795,0.896956,0.887863,0.802901,0.823347,0.869987,0.881620,0.854022,0.902034,0.895923,0.891344,0.853993,0.873941,0.878802,0.894548,0.860202,0.874681,0.905940,0.869721,0.883480,0.869378,0.844876,0.866773,0.877258,0.851200,0.885948,0.884894,0.885784,0.920839,0.906580,0.865591,0.894435,0.917122,0.891132,0.841154,0.863249,0.906955,0.878413,0.914112,0.890987,0.918091,0.882883,0.906367,0.869747,0.911403,0.893498,0.897907,0.905926,0.874947,0.876112,0.878191,0.875745,1.000000,0.874403,0.885432,0.884261,0.874771,0.924265,0.877375,0.866602,0.867660,0.875413,0.854817,0.816013,0.837411,0.901317,0.907396,0.894570,0.723434,0.903667,0.859894,0.895212,0.897452,0.851044,0.895262,0.904818,0.824513,0.823999,0.865331,0.891993,0.847909,0.891289,0.863930,0.862449,0.902776,0.915464,0.870679,0.856353,0.917319,0.893436,0.887927,0.916218,0.858448,0.897568,0.880482,0.846981,0.909153,0.854686,0.850003,0.867536,0.856624,0.866458,0.884612,0.908324,0.913030,0.868170,0.870466,0.882848,0.869353,0.822082,0.878789,0.859319,0.873153,0.865489,0.876669,0.907862,0.908535,0.904693,0.876926,0.861403,0.875713,0.856930,0.865015,0.883190,0.867949,0.893384,0.877590,0.923149,0.921001,0.901407,0.853316,0.888466,0.900135,0.883778,0.852246,0.877969,0.921024,0.853346,0.914920,0.915574,0.881887,0.886496,0.865679,0.813737,0.878358,0.841959,0.891119,0.863730,0.852356,0.864455,0.853072,0.869105,0.884324,0.874897,0.818630,0.858319,0.857332,0.868243,0.874277,0.908859,0.883780,0.856267,0.909012,0.858494,0.888354,0.913619,0.888136,0.904613,0.877465,0.824339,0.849158,0.836762,0.876864,0.835965,0.904543,0.880854,0.875333,0.917788,0.888610,0.825276,0.864276,0.884037,0.854576,0.895286,0.820274,0.871313,0.890930,0.874192,0.928398,0.900688,0.868022,0.871222,0.861157,0.878933,0.897389,0.870549,0.904078,0.873724,0.900697,0.856886,0.892246,0.901626,0.880019,0.892104,0.858213,0.830223,0.878512,0.913622,0.919844,0.857476,0.926095,0.871843,0.891085,0.883943,0.907678,0.888871,0.883443,0.881798,0.908779,0.850721,0.871077,0.906690
0.871602,0.913970,0.878988,0.888044,0.891341,0.893674,0.814484,0.882188,0.829596,0.868777,0.876506,0.868834,0.892237,0.826057,0.884291,0.864490,0.874502,0.861214,0.806708,0.863820,0.864713,0.887830,0.814367,0.840624,0.868193,0.867598,0.893518,0.859361,0.863429,0.869426,0.890724,0.883164,0.824035,0.861713,0.871878,0.834742,0.903338,0.892432,0.810140,0.836233,0.887536,0.860338,0.873981,0.852190,0.876993,0.835087,0.824291,0.860036,0.831296,0.845824,0.859273,0.867992,0.813900,0.863909,0.890659,0.861398,0.823616,0.888360,0.860572,0.908964,0.815730,0.868192,0.921084,0.887851,0.839409,0.930658,0.838156,0.888076,0.852138,0.856025,0.837405,0.891844,0.812691,0.939831,0.879711,0.861436,0.856099,0.852320,0.862125,0.934807,0.884714,0.858912,0.857820,0.903874,0.855640,0.866619,0.872435,0.863989,0.860553,0.881196,0.860232,0.878816,0.926820,0.875418,0.862864,0.871779,0.885513,0.850992,0.839572,0.880567,0.835711,0.874403,1.000000,0.920325,0.900935,0.892941,0.858440,0.865821,0.889315,0.860952,0.872907,0.864980,0.899934,0.853534,0.892637,0.854715,0.829250,0.678452,0.832632,0.852381,0.864455,0.914418,0.827881,0.846451,0.861286,0.876390,0.885653,0.857594,0.865497,0.904469,0.854031,0.838773,0.893166,0.839745,0.887677,0.859469,0.864482,0.886434,0.862202,0.862004,0.872491,0.822899,0.894764,0.840953,0.832384,0.871933,0.871500,0.879084,0.820128,0.861359,0.848935,0.870663,0.867518,0.877202,0.903292,0.870731,0.891258,0.855556,0.838116,0.885428,0.877871,0.898393,0.867627,0.919860,0.896335,0.869261,0.908679,0.886850,0.914904,0.891848,0.828438,0.875968,0.871116,0.877922,0.878650,0.925220,0.856700,0.867146,0.870508,0.923894,0.862877,0.922161,0.866489,0.931069,0.891455,0.864786,0.860371,0.882632,0.877247,0.853645,0.859750,0.843024,0.892433,0.889773,0.901186,0.877113,0.851190,0.848701,0.894934,0.862505,0.859700,0.885212,0.893447,0.882681,0.860585,0.846996,0.867811,0.882126,0.889673,0.818531,0.843056,0.875157,0.861951,0.892717,0.905771,0.890435,0.882519,0.907231,0.838064,0.820101,0.938002,0.891151,0.887302,0.861974,0.862149,0.868737,0.881861,0.896752,0.813466,0.810110,0.869383,0.932430,0.857052,0.914756,0.917723,0.868326,0.920121,0.848058,0.862762,0.857915,0.877565,0.856321,0.852074,0.873693,0.898585,0.861053,0.826978,0.904763,0.900314,0.841430,0.872477,0.858085,0.864731,0.827411,0.845288,0.840634,0.890990,0.846084,0.815009,0.872862,0.848960,0.884494,0.826877,0.888254,0.877436,0.908604,0.865593,0.885697,0.881087,0.841357,0.907789
0.889623,0.888029,0.900323,0.884696,0.887863,0.865165,0.842806,0.875288,0.850047,0.882693,0.876356,0.855515,0.896798,0.862250,0.879330,0.899749,0.888976,0.813327,0.852863,0.906687,0.872144,0.851873,0.837073,0.862475,0.883987,0.875499,0.871358,0.887403,0.863993,0.860798,0.888471,0.866611,0.862724,0.881281,0.880291,0.855101,0.883577,0.896369,0.811561,0.843946,0.919998,0.897947,0.893765,0.877879,0.900676,0.845984,0.832425,0.813140,0.826008,0.885903,0.872088,0.881624,0.784108,0.849561,0.860070,0.874130,0.859768,0.872618,0.887345,0.903005,0.859798,0.874822,0.922374,0.863237,0.882113,0.902868,0.852819,0.863679,0.877893,0.855389,0.863843,0.876558,0.821110,0.906121,0.857731,0.854744,0.865850,0.862649,0.848440,0.919188,0.896062,0.865824,0.866759,0.870428,0.834800,0.872680,0.875646,0.874258,0.888558,0.883167,0.838990,0.904096,0.904488,0.883657,0.892039,0.862145,0.860835,0.882725,0.890484,0.919394,0.857157,0.885432,0.920325,1.000000,0.861108,0.872758,0.841685,0.881909,0.869852,0.851367,0.855888,0.885821,0.872724,0.877747,0.877169,0.870366,0.841779,0.718283,0.844340,0.874967,0.877355,0.928924,0.835490,0.857719,0.869629,0.842119,0.844988,0.875259,0.871410,0.891743,0.840779,0.835252,0.889775,0.844743,0.894986,0.866587,0.846893,0.881780,0.875010,0.883019,0.915660,0.864015,0.873264,0.866989,0.870231,0.888452,0.865270,0.894660,0.831690,0.886400,0.863797,0.856567,0.899236,0.882524,0.870142,0.869315,0.882937,0.836278,0.865118,0.867904,0.850961,0.889634,0.862556,0.904818,0.882729,0.871993,0.896111,0.895356,0.896145,0.871320,0.824202,0.859758,0.841453,0.895100,0.876511,0.892132,0.883386,0.882894,0.885954,0.911729,0.862107,0.909492,0.866393,0.916433,0.900084,0.864705,0.854599,0.891468,0.873293,0.860854,0.851862,0.851982,0.862156,0.870332,0.875257,0.882038,0.874200,0.875998,0.881528,0.837258,0.839116,0.874451,0.918257,0.846413,0.862117,0.861055,0.845397,0.887199,0.900704,0.820234,0.824140,0.875639,0.882574,0.877208,0.883112,0.884721,0.883026,0.894798,0.810014,0.815144,0.907637,0.909372,0.913310,0.879723,0.854679,0.863624,0.895709,0.896566,0.845703,0.830082,0.905419,0.907365,0.837756,0.881894,0.888912,0.838425,0.925831,0.873311,0.870694,0.851885,0.863750,0.886557,0.839606,0.880877,0.935341,0.856450,0.827105,0.906730,0.902343,0.855801,0.868807,0.847168,0.851861,0.872638,0.852471,0.829546,0.885824,0.830490,0.808590,0.879404,0.834545,0.873319,0.823002,0.895620,0.865921,0.901239,0.861425,0.891078,0.897343,0.835846,0.915542
0.875531,0.946885,0.877307,0.900312,0.836080,0.916930,0.819390,0.849109,0.860416,0.859683,0.867862,0.865192,0.870146,0.812216,0.882395,0.865340,0.874462,0.848162,0.808266,0.835087,0.849858,0.921125,0.796715,0.857612,0.872784,0.850836,0.894814,0.828956,0.827300,0.856938,0.893321,0.887768,0.788829,0.844526,0.865876,0.836260,0.885939,0.828087,0.826870,0.885857,0.865718,0.865801,0.860754,0.846889,0.881505,0.830652,0.855545,0.836196,0.849998,0.796803,0.864325,0.866212,0.819144,0.839390,0.943807,0.901093,0.828024,0.907092,0.839995,0.870606,0.820165,0.855420,0.872827,0.914679,0.831491,0.893751,0.863876,0.886209,0.886754,0.870631,0.817309,0.874206,0.831106,0.871577,0.904183,0.857001,0.889736,0.865094,0.875691,0.864884,0.866804,0.882982,0.876519,0.870982,0.864926,0.873160,0.884621,0.861525,0.872743,0.885708,0.870313,0.882941,0.869832,0.886669,0.888997,0.884780,0.872282,0.832057,0.818230,0.876925,0.845373,0.884261,0.900935,0.861108,1.000000,0.869170,0.888620,0.840366,0.863813,0.881444,0.891806,0.821628,0.837335,0.866933,0.894834,0.847790,0.835020,0.703200,0.859485,0.834179,0.872097,0.881630,0.827727,0.851587,0.863151,0.855150,0.842843,0.855544,0.891625,0.894883,0.896291,0.835930,0.867756,0.856654,0.885847,0.897168,0.865847,0.853411,0.840146,0.859761,0.858461,0.817665,0.905610,0.833161,0.828581,0.888802,0.861146,0.834293,0.829983,0.843049,0.833414,0.865065,0.866472,0.863665,0.854011,0.892280,0.922262,0.893929,0.834570,0.866377,0.859612,0.907219,0.852149,0.864418,0.872318,0.886866,0.876547,0.886535,0.896493,0.868527,0.851444,0.880973,0.876472,0.894584,0.875222,0.892693,0.850724,0.886656,0.869334,0.855541,0.870187,0.904180,0.859699,0.860746,0.864707,0.869669,0.833146,0.883762,0.892907,0.868881,0.856694,0.840432,0.821659,0.875209,0.865620,0.883735,0.844571,0.836635,0.874146,0.846468,0.860157,0.861204,0.883647,0.852376,0.861246,0.825736,0.870047,0.924400,0.862504,0.832235,0.847448,0.893279,0.871116,0.883394,0.898673,0.863391,0.878168,0.901812,0.832454,0.834143,0.853980,0.899998,0.857865,0.879466,0.858590,0.875107,0.900390,0.887289,0.816012,0.813757,0.854766,0.876273,0.883147,0.828345,0.880074,0.872076,0.852798,0.859406,0.881129,0.877299,0.878096,0.856598,0.896063,0.867298,0.858204,0.862288,0.876077,0.900100,0.833548,0.867246,0.877956,0.872853,0.891174,0.826873,0.830524,0.848386,0.866753,0.871647,0.860942,0.881925,0.851011,0.880312,0.863750,0.856513,0.879293,0.902092,0.862755,0.878876,0.864410,0.879291,0.886199
0.867162,0.872090,0.875267,0.880266,0.855874,0.886581,0.821298,0.879048,0.835600,0.861891,0.869107,0.862028,0.879470,0.811325,0.893578,0.869658,0.834885,0.839524,0.800573,0.857073,0.869790,0.815468,0.819328,0.841008,0.878663,0.857710,0.865961,0.861217,0.855857,0.828602,0.893538,0.874218,0.827530,0.851938,0.879404,0.831471,0.866571,0.837899,0.810331,0.861715,0.858552,0.852127,0.861869,0.852890,0.877703,0.839826,0.845093,0.842176,0.849649,0.813948,0.871749,0.862253,0.837837,0.855008,0.832461,0.886742,0.825083,0.905931,0.871533,0.874443,0.834176,0.823208,0.865921,0.874673,0.839201,0.884735,0.870942,0.907546,0.864179,0.840364,0.813254,0.879772,0.852082,0.882039,0.860234,0.856503,0.881778,0.877536,0.888050,0.885870,0.897252,0.884850,0.895829,0.863156,0.881565,0.883989,0.867243,0.890304,0.859269,0.867198,0.862572,0.875103,0.861689,0.883808,0.870732,0.876592,0.878643,0.829343,0.837398,0.844623,0.846222,0.874771,0.892941,0.872758,0.869170,1.000000,0.877678,0.864807,0.886118,0.868000,0.887791,0.867947,0.880003,0.827665,0.883016,0.869310,0.864960,0.722297,0.862572,0.849818,0.878727,0.888066,0.847341,0.856111,0.886330,0.854092,0.871200,0.844483,0.863017,0.856673,0.863985,0.853181,0.870301,0.845183,0.867698,0.861979,0.875126,0.870414,0.857119,0.852334,0.852242,0.812185,0.900511,0.863379,0.844611,0.887531,0.862337,0.869139,0.834855,0.823619,0.848680,0.882446,0.866528,0.876745,0.881744,0.866019,0.850531,0.873680,0.837367,0.874691,0.873359,0.860775,0.890257,0.901080,0.879852,0.880915,0.885753,0.864376,0.882187,0.872899,0.845365,0.872681,0.899547,0.885707,0.868089,0.905959,0.854998,0.877588,0.873117,0.882100,0.888114,0.882584,0.860987,0.900758,0.863697,0.860872,0.847587,0.866954,0.901475,0.870747,0.864276,0.845243,0.880247,0.857577,0.854611,0.886753,0.844879,0.855051,0.884176,0.853657,0.882578,0.882070,0.865304,0.868151,0.878259,0.867190,0.874873,0.865256,0.886854,0.846194,0.845369,0.891930,0.869554,0.906111,0.899301,0.874786,0.878679,0.889815,0.833224,0.850455,0.868477,0.884311,0.847315,0.885571,0.886263,0.876540,0.880378,0.880923,0.824316,0.827443,0.857528,0.883432,0.879425,0.894786,0.903198,0.890149,0.890772,0.875661,0.867144,0.876287,0.881363,0.874639,0.878262,0.880453,0.856176,0.850733,0.874525,0.878061,0.880350,0.856238,0.893244,0.874405,0.879864,0.842071,0.837793,0.857683,0.872597,0.875874,0.857270,0.868841,0.869541,0.870598,0.863868,0.869756,0.878292,0.875255,0.861916,0.905474,0.837952,0.892594,0.863273
0.876406,0.885388,0.890003,0.903609,0.847432,0.867883,0.877166,0.863938,0.904999,0.834058,0.881207,0.877168,0.866134,0.823497,0.873563,0.886381,0.865154,0.813260,0.822058,0.858742,0.890752,0.821121,0.823857,0.891423,0.903912,0.877422,0.909203,0.851710,0.865143,0.834705,0.941681,0.902868,0.825225,0.849862,0.889954,0.853418,0.857518,0.847280,0.859287,0.893076,0.858607,0.897153,0.878763,0.863976,0.922426,0.914283,0.910204,0.821345,0.884504,0.812632,0.889661,0.895974,0.822146,0.819015,0.862273,0.889043,0.837873,0.900164,0.876711,0.875571,0.863949,0.879242,0.855388,0.887705,0.839974,0.885486,0.907732,0.884778,0.871113,0.902506,0.837809,0.885389,0.884373,0.858382,0.901189,0.869750,0.883308,0.938678,0.919347,0.858758,0.894929,0.951572,0.909881,0.874648,0.868680,0.925767,0.911562,0.910083,0.882333,0.922386,0.909466,0.891182,0.869152,0.929420,0.884474,0.905445,0.931177,0.837844,0.842007,0.852302,0.878718,0.924265,0.858440,0.841685,0.888620,0.877678,1.000000,0.867758,0.903899,0.863928,0.874183,0.838013,0.818558,0.812861,0.881254,0.904515,0.904135,0.725107,0.923814,0.874337,0.910179,0.886908,0.870856,0.923771,0.888229,0.856897,0.824106,0.866326,0.887741,0.830531,0.917229,0.935803,0.850358,0.922706,0.924918,0.864737,0.897832,0.908581,0.877818,0.886564,0.880933,0.831445,0.894957,0.875893,0.864079,0.914540,0.884255,0.849766,0.870571,0.853960,0.877739,0.900309,0.893826,0.893834,0.869473,0.879018,0.865218,0.885070,0.842121,0.867588,0.849314,0.878833,0.863598,0.865085,0.892636,0.886951,0.907357,0.879718,0.861411,0.884229,0.900014,0.879070,0.887923,0.861740,0.878194,0.877816,0.921460,0.917212,0.910881,0.847289,0.895007,0.891423,0.882103,0.840986,0.883209,0.917201,0.860516,0.897727,0.925212,0.876982,0.867328,0.871590,0.809709,0.884977,0.839427,0.885153,0.889411,0.867195,0.883119,0.849134,0.877858,0.881759,0.866049,0.816070,0.862486,0.852166,0.913726,0.865156,0.897449,0.889721,0.876403,0.917602,0.866930,0.886441,0.914111,0.885475,0.904537,0.896089,0.850223,0.872821,0.826949,0.878717,0.813426,0.907447,0.921935,0.901650,0.905555,0.870062,0.841790,0.841462,0.862359,0.841572,0.876933,0.811999,0.882393,0.916171,0.864446,0.933332,0.884384,0.872438,0.863176,0.864248,0.905596,0.903727,0.843389,0.878797,0.886864,0.896098,0.831796,0.867492,0.894192,0.903530,0.934080,0.851585,0.859220,0.867869,0.884405,0.966610,0.887433,0.913195,0.875860,0.903793,0.900653,0.901018,0.897504,0.888117,0.882969,0.894403,0.829394,0.871448,0.875478
0.871907,0.863180,0.872684,0.893563,0.860287,0.835778,0.864389,0.874736,0.863736,0.860469,0.872599,0.856716,0.887902,0.822480,0.880901,0.869367,0.829998,0.808171,0.824258,0.870965,0.897958,0.819360,0.812852,0.847689,0.882124,0.852763,0.840835,0.863129,0.831461,0.828455,0.877959,0.839089,0.819081,0.898836,0.852608,0.834903,0.871205,0.851230,0.817232,0.824356,0.872871,0.863344,0.859673,0.832937,0.868777,0.854266,0.833051,0.830174,0.819206,0.834291,0.869231,0.887809,0.786559,0.861450,0.826927,0.849587,0.833295,0.878717,0.908947,0.869249,0.846019,0.861839,0.869744,0.858752,0.832990,0.878635,0.842775,0.861215,0.849370,0.864506,0.845474,0.863251,0.837429,0.867662,0.869663,0.844689,0.846680,0.851919,0.873270,0.868989,0.879187,0.873730,0.858233,0.849846,0.847965,0.863003,0.857961,0.871804,0.841817,0.866745,0.836278,0.867349,0.861815,0.884383,0.870358,0.878578,0.887334,0.843495,0.855454,0.846068,0.849989,0.877375,0.865821,0.881909,0.840366,0.864807,0.867758,1.000000,0.883761,0.835770,0.841788,0.843035,0.848592,0.842461,0.885865,0.863892,0.912080,0.713788,0.852944,0.850663,0.883979,0.894008,0.827234,0.860280,0.865635,0.858252,0.862434,0.860261,0.846560,0.865934,0.837102,0.854752,0.869027,0.857470,0.883411,0.846611,0.874916,0.871906,0.885896,0.856833,0.875343,0.827289,0.870974,0.862314,0.858442,0.874374,0.862770,0.913774,0.807439,0.833585,0.856227,0.865835,0.872510,0.907034,0.853746,0.839725,0.857603,0.825685,0.825089,0.885795,0.885833,0.854497,0.877958,0.895260,0.883476,0.853826,0.867387,0.851437,0.874905,0.892718,0.849325,0.869453,0.844188,0.837392,0.850770,0.873188,0.876293,0.870002,0.880067,0.860507,0.854427,0.875785,0.857644,0.867597,0.880802,0.867664,0.872374,0.866787,0.879571,0.846135,0.836919,0.841972,0.824633,0.884320,0.893542,0.858384,0.848571,0.855627,0.877497,0.842209,0.861944,0.865391,0.874557,0.851820,0.852829,0.868293,0.874531,0.855039,0.873214,0.863942,0.856236,0.874636,0.853942,0.863788,0.893195,0.854978,0.862841,0.880149,0.836026,0.837221,0.862030,0.874184,0.841162,0.860939,0.890664,0.873512,0.872425,0.850474,0.817052,0.817696,0.857770,0.864163,0.835182,0.842886,0.865893,0.851643,0.872198,0.868378,0.846400,0.832111,0.842723,0.850505,0.859946,0.864717,0.867165,0.836840,0.825805,0.852102,0.874993,0.835227,0.862145,0.841087,0.869909,0.836417,0.845582,0.848784,0.869447,0.869307,0.809840,0.855803,0.874276,0.894463,0.828034,0.873208,0.851418,0.867900,0.868925,0.875201,0.836224,0.833438,0.871094
0.876386,0.873018,0.863288,0.897927,0.861851,0.855731,0.861987,0.899275,0.879983,0.871450,0.876984,0.863801,0.881821,0.846960,0.867483,0.855704,0.832990,0.810800,0.822786,0.859589,0.878365,0.821959,0.837707,0.850255,0.877575,0.863641,0.865670,0.869888,0.861228,0.856745,0.889060,0.867948,0.846592,0.874339,0.878865,0.865234,0.864695,0.848132,0.842807,0.850421,0.878265,0.868906,0.866229,0.849848,0.886389,0.894258,0.851558,0.821304,0.851044,0.829658,0.870070,0.878651,0.813034,0.878581,0.850096,0.861832,0.832291,0.879755,0.879048,0.899634,0.859544,0.869650,0.884890,0.862675,0.833291,0.895645,0.861659,0.873871,0.856736,0.875032,0.828238,0.883811,0.833650,0.906566,0.899783,0.877020,0.861816,0.878144,0.895070,0.903794,0.901208,0.892363,0.846806,0.880307,0.857208,0.872291,0.888387,0.884323,0.845017,0.880190,0.878390,0.869043,0.873578,0.899593,0.867052,0.891492,0.910160,0.856158,0.828649,0.838238,0.853022,0.866602,0.889315,0.869852,0.863813,0.886118,0.903899,0.883761,1.000000,0.844316,0.851006,0.884117,0.883200,0.832477,0.878583,0.870289,0.871969,0.697204,0.871644,0.867536,0.886813,0.904654,0.853287,0.876683,0.887496,0.867361,0.870487,0.876720,0.856610,0.842972,0.867993,0.882705,0.902840,0.867743,0.892096,0.850972,0.895661,0.878465,0.859257,0.864653,0.861581,0.821451,0.881515,0.867846,0.864511,0.869169,0.893680,0.893348,0.848146,0.850776,0.863044,0.890707,0.849814,0.888460,0.869163,0.867745,0.858670,0.866055,0.851085,0.873679,0.859542,0.891384,0.864201,0.902085,0.897261,0.861836,0.896106,0.887263,0.894207,0.906089,0.886059,0.895137,0.871111,0.872820,0.864215,0.898576,0.876005,0.859649,0.886900,0.906210,0.884057,0.898479,0.885574,0.898775,0.896291,0.892437,0.852782,0.880825,0.871188,0.861851,0.856335,0.854354,0.862108,0.880784,0.880717,0.884548,0.869580,0.874440,0.900630,0.840753,0.871329,0.875658,0.887388,0.841453,0.870130,0.867179,0.901321,0.857388,0.868247,0.842126,0.866960,0.882633,0.863609,0.896700,0.902081,0.890842,0.891504,0.893813,0.830885,0.832273,0.889242,0.879450,0.848030,0.882509,0.908130,0.879142,0.872918,0.882400,0.831930,0.814587,0.865047,0.894269,0.838379,0.895625,0.927044,0.873029,0.901066,0.865362,0.866032,0.867113,0.860133,0.863105,0.881409,0.883755,0.873614,0.845720,0.845169,0.893297,0.877647,0.850227,0.873829,0.874628,0.878348,0.847320,0.863468,0.828464,0.882904,0.904530,0.852352,0.863074,0.864125,0.887304,0.861810,0.893848,0.875447,0.891440,0.889470,0.893178,0.854972,0.844893,0.880692
0.860906,0.881770,0.845513,0.894729,0.826539,0.907796,0.807678,0.856437,0.848749,0.851103,0.888588,0.861751,0.879968,0.806515,0.911018,0.849722,0.829171,0.817331,0.779671,0.842827,0.864332,0.835901,0.809994,0.858245,0.866692,0.854522,0.849102,0.830744,0.865154,0.827358,0.880918,0.834430,0.805609,0.828796,0.868951,0.833093,0.863849,0.819459,0.792342,0.893558,0.868433,0.853817,0.882234,0.865901,0.868868,0.842857,0.821193,0.816257,0.841990,0.789002,0.853672,0.898906,0.805218,0.824490,0.879101,0.887306,0.807900,0.905428,0.840460,0.859680,0.818875,0.843150,0.856539,0.888158,0.830019,0.873540,0.857324,0.882381,0.853669,0.861996,0.808102,0.887687,0.808208,0.849294,0.870088,0.854920,0.873030,0.861400,0.881439,0.860558,0.875386,0.869287,0.869843,0.843960,0.864931,0.850545,0.862681,0.853404,0.869565,0.877319,0.902336,0.848128,0.833432,0.875066,0.855801,0.865866,0.863742,0.832202,0.821789,0.845516,0.851620,0.867660,0.860952,0.851367,0.881444,0.868000,0.863928,0.835770,0.844316,1.000000,0.867264,0.833049,0.818469,0.832238,0.915700,0.817965,0.825928,0.667029,0.831646,0.842613,0.874898,0.894556,0.833511,0.847269,0.862033,0.855045,0.826033,0.827662,0.857402,0.904172,0.884329,0.841617,0.840718,0.832272,0.847552,0.882146,0.867342,0.887113,0.891343,0.851555,0.867387,0.795969,0.880291,0.854526,0.827378,0.871666,0.843062,0.843091,0.826250,0.812707,0.832661,0.860052,0.842400,0.874762,0.853541,0.903590,0.903578,0.850337,0.821300,0.869513,0.815225,0.887921,0.879532,0.872926,0.879367,0.879432,0.876178,0.868334,0.882174,0.862691,0.848608,0.845912,0.892848,0.885601,0.834544,0.878402,0.825816,0.873598,0.865146,0.832507,0.860579,0.887041,0.867895,0.826234,0.857723,0.872816,0.838568,0.894584,0.884557,0.856751,0.904463,0.847230,0.801014,0.860093,0.859084,0.871453,0.877899,0.843837,0.879551,0.815136,0.841018,0.919473,0.843294,0.898703,0.878488,0.832709,0.852181,0.902802,0.873275,0.847046,0.847975,0.908898,0.887429,0.880459,0.930885,0.854859,0.874270,0.873202,0.859517,0.845137,0.826678,0.877651,0.833229,0.866835,0.867572,0.878891,0.900575,0.858434,0.811762,0.814587,0.834738,0.828163,0.906264,0.826408,0.849072,0.868473,0.836340,0.854254,0.883831,0.885140,0.839858,0.877371,0.910636,0.882534,0.828724,0.904841,0.851130,0.905060,0.875512,0.868029,0.880591,0.871186,0.907498,0.856984,0.824054,0.903652,0.855061,0.844544,0.831271,0.866358,0.857207,0.856306,0.838767,0.878579,0.887654,0.917277,0.897727,0.883236,0.844366,0.887363,0.859569
0.856526,0.929799,0.869804,0.867164,0.813953,0.907020,0.785628,0.850213,0.830891,0.865110,0.849908,0.846902,0.851713,0.787136,0.889041,0.861222,0.842374,0.891998,0.772973,0.831827,0.838834,0.856557,0.776087,0.823865,0.857712,0.832314,0.893519,0.815136,0.841925,0.810106,0.916252,0.909541,0.771035,0.814516,0.828460,0.794471,0.848526,0.825677,0.778258,0.866021,0.835239,0.834436,0.851676,0.817112,0.870304,0.812309,0.830801,0.869306,0.817960,0.773919,0.832146,0.831612,0.806701,0.833626,0.860253,0.887882,0.793607,0.900049,0.859635,0.848805,0.792851,0.828701,0.852520,0.881573,0.810266,0.870579,0.885173,0.931407,0.860029,0.826172,0.790575,0.854663,0.862522,0.845493,0.868200,0.828362,0.871515,0.867949,0.878001,0.847605,0.841479,0.882002,0.883649,0.843051,0.917929,0.886473,0.855384,0.873202,0.874167,0.871480,0.879938,0.863685,0.862037,0.863168,0.888647,0.887893,0.835162,0.807140,0.809105,0.852974,0.823357,0.875413,0.872907,0.855888,0.891806,0.887791,0.874183,0.841788,0.851006,0.867264,1.000000,0.801598,0.832699,0.808947,0.891012,0.872087,0.847881,0.696475,0.839329,0.833607,0.881423,0.865948,0.810405,0.829290,0.862990,0.836007,0.840439,0.821886,0.867698,0.868473,0.867162,0.824472,0.852757,0.830053,0.861008,0.869515,0.878273,0.863601,0.862355,0.824666,0.837929,0.802043,0.882659,0.835885,0.815631,0.906871,0.828239,0.837279,0.809523,0.806284,0.847571,0.885347,0.870162,0.858294,0.867436,0.910537,0.904065,0.863982,0.801910,0.861500,0.847925,0.873616,0.892869,0.866147,0.871960,0.872323,0.878788,0.863625,0.862418,0.837276,0.843367,0.842441,0.921934,0.857275,0.869203,0.886164,0.843060,0.875541,0.844044,0.830652,0.841289,0.873162,0.835709,0.839475,0.843666,0.872905,0.837689,0.859580,0.885791,0.849380,0.862381,0.815898,0.815327,0.835970,0.834515,0.853719,0.829557,0.822723,0.853148,0.845123,0.832060,0.858611,0.843881,0.849244,0.843494,0.821947,0.873208,0.918857,0.889352,0.833979,0.819922,0.881523,0.844099,0.876296,0.897650,0.866000,0.862535,0.869379,0.820028,0.867551,0.843005,0.878535,0.842562,0.880351,0.874518,0.855692,0.899180,0.887133,0.790486,0.804404,0.831667,0.849831,0.899594,0.821567,0.852155,0.890708,0.842983,0.874273,0.860602,0.856348,0.845981,0.847141,0.874921,0.847987,0.845379,0.837426,0.877884,0.891509,0.823034,0.846417,0.864088,0.856066,0.875901,0.818672,0.800935,0.869866,0.842525,0.861894,0.865510,0.887048,0.830329,0.875365,0.854646,0.857113,0.873587,0.892024,0.854611,0.875821,0.830747,0.871238,0.876846
0.864980,0.831134,0.846130,0.856425,0.862613,0.820777,0.851384,0.866920,0.817507,0.836387,0.853062,0.846119,0.849983,0.875588,0.834436,0.881832,0.840492,0.764671,0.858190,0.904766,0.863622,0.794039,0.860143,0.861090,0.876773,0.876729,0.851208,0.915256,0.823213,0.830874,0.861704,0.824195,0.915198,0.843752,0.907650,0.876995,0.847864,0.870515,0.823531,0.829254,0.912506,0.884741,0.881299,0.892517,0.900097,0.841560,0.839934,0.777581,0.855060,0.904106,0.870292,0.877092,0.791382,0.813018,0.821028,0.847083,0.862995,0.832791,0.872453,0.873521,0.878268,0.852353,0.859997,0.822271,0.893808,0.869244,0.838079,0.818282,0.844297,0.835266,0.858200,0.868462,0.818354,0.872294,0.817042,0.847386,0.824020,0.859101,0.858678,0.895036,0.896016,0.863674,0.841136,0.826793,0.794952,0.837413,0.852873,0.831766,0.835869,0.861972,0.816222,0.868173,0.842932,0.870306,0.821656,0.838223,0.857247,0.910119,0.886721,0.846067,0.847516,0.854817,0.864980,0.885821,0.821628,0.867947,0.838013,0.843035,0.884117,0.833049,0.801598,1.000000,0.852548,0.837616,0.834088,0.861050,0.821876,0.679949,0.854699,0.859075,0.863378,0.916798,0.852651,0.849611,0.826506,0.804541,0.816618,0.862848,0.840536,0.813662,0.819600,0.819632,0.861280,0.831181,0.860277,0.824536,0.818128,0.853973,0.808108,0.871016,0.893256,0.859776,0.836030,0.911123,0.853003,0.846696,0.848673,0.834334,0.867064,0.888474,0.819087,0.831435,0.859086,0.875526,0.843120,0.834523,0.827683,0.820194,0.868345,0.851711,0.802735,0.844761,0.803081,0.854932,0.860558,0.825657,0.876992,0.875072,0.870167,0.863199,0.829062,0.861561,0.822208,0.857000,0.850536,0.866091,0.857994,0.864698,0.885786,0.904055,0.875694,0.858996,0.874134,0.883263,0.913526,0.876050,0.792870,0.859564,0.866457,0.843818,0.813182,0.860691,0.827356,0.873464,0.843358,0.872352,0.882092,0.896460,0.864610,0.801618,0.836219,0.836990,0.867406,0.818362,0.872257,0.905761,0.814772,0.833001,0.857480,0.803450,0.834528,0.853221,0.875674,0.887139,0.855569,0.877124,0.856277,0.859166,0.776327,0.773052,0.864747,0.875884,0.831959,0.865533,0.853865,0.836180,0.849681,0.857124,0.841753,0.855587,0.883631,0.862846,0.803394,0.884275,0.889810,0.824540,0.926667,0.854748,0.830653,0.865361,0.818257,0.852641,0.828693,0.879525,0.870324,0.831984,0.791861,0.866327,0.904452,0.844451,0.863815,0.836351,0.830496,0.863667,0.855615,0.780017,0.880624,0.838127,0.780427,0.849389,0.823203,0.822728,0.812436,0.886190,0.827226,0.858226,0.854880,0.873510,0.857185,0.809197,0.857848
0.820809,0.848665,0.849422,0.846709,0.855992,0.847204,0.802046,0.866992,0.811597,0.852763,0.846522,0.817446,0.879034,0.802389,0.847389,0.821238,0.826016,0.813965,0.763499,0.823055,0.842544,0.819463,0.782465,0.813191,0.832209,0.831130,0.841410,0.813241,0.811054,0.816512,0.847013,0.845875,0.794578,0.826837,0.837399,0.793173,0.873227,0.840105,0.758827,0.792906,0.857884,0.823999,0.829773,0.825628,0.834334,0.818542,0.784835,0.809056,0.787998,0.819787,0.834745,0.838201,0.817425,0.923127,0.819814,0.820917,0.777764,0.849495,0.830853,0.863361,0.792274,0.816528,0.880302,0.842879,0.806563,0.895099,0.801980,0.852364,0.805188,0.813880,0.804049,0.851740,0.777914,0.935050,0.843833,0.823782,0.829231,0.811431,0.852591,0.901158,0.866648,0.827552,0.832510,0.846900,0.817172,0.828399,0.823860,0.834197,0.842576,0.836766,0.835540,0.856208,0.858277,0.841389,0.844674,0.838096,0.848184,0.798799,0.801204,0.855929,0.802295,0.816013,0.899934,0.872724,0.837335,0.880003,0.818558,0.848592,0.883200,0.818469,0.832699,0.852548,1.000000,0.839675,0.872232,0.814146,0.800404,0.653838,0.803825,0.801617,0.825674,0.869258,0.790189,0.815537,0.848600,0.893844,0.901865,0.809091,0.820795,0.859297,0.825256,0.818313,0.898258,0.800049,0.846837,0.851174,0.835794,0.844283,0.828309,0.812212,0.830519,0.788165,0.859472,0.805419,0.809913,0.841438,0.826233,0.887578,0.780199,0.805534,0.820525,0.826973,0.817720,0.861547,0.860277,0.851648,0.851887,0.809143,0.787733,0.857557,0.860857,0.854678,0.834191,0.920790,0.856970,0.824376,0.873542,0.853448,0.883782,0.890027,0.825068,0.860135,0.849213,0.838622,0.841916,0.873771,0.815423,0.814109,0.831833,0.925003,0.838310,0.878323,0.840167,0.927874,0.840353,0.823192,0.858020,0.827686,0.848619,0.816891,0.820219,0.803641,0.940328,0.867684,0.865082,0.867145,0.826925,0.808896,0.881825,0.829759,0.837207,0.828243,0.869804,0.829948,0.823404,0.839474,0.837056,0.846798,0.833789,0.795499,0.819083,0.850556,0.825421,0.887499,0.849237,0.873397,0.838829,0.878134,0.836185,0.797703,0.898485,0.877510,0.878824,0.844704,0.845693,0.837087,0.849279,0.874121,0.776247,0.762616,0.817297,0.903053,0.813620,0.920102,0.939878,0.840356,0.898571,0.803048,0.822443,0.841878,0.843806,0.821121,0.832225,0.833005,0.875038,0.795082,0.779654,0.856039,0.852944,0.784981,0.836360,0.803874,0.825352,0.784616,0.804772,0.798330,0.847994,0.821738,0.772873,0.821445,0.837887,0.835992,0.787895,0.849806,0.841109,0.861916,0.831059,0.857059,0.873215,0.815064,0.877451
0.848703,0.843490,0.835882,0.854684,0.828767,0.805193,0.814481,0.834679,0.835779,0.839245,0.817889,0.817733,0.833541,0.843382,0.830637,0.870082,0.833749,0.769279,0.838729,0.889654,0.831676,0.835563,0.784419,0.855034,0.829774,0.857419,0.833175,0.859944,0.812045,0.825105,0.850845,0.824770,0.802262,0.832039,0.849528,0.821371,0.877818,0.824638,0.790516,0.799649,0.913701,0.869831,0.833374,0.832744,0.878353,0.811858,0.808207,0.758231,0.809718,0.852184,0.814516,0.852953,0.747421,0.838955,0.843535,0.841526,0.888292,0.824068,0.870388,0.846392,0.832219,0.815204,0.860035,0.819905,0.886894,0.848565,0.839638,0.819238,0.846628,0.830125,0.863625,0.822179,0.842618,0.855834,0.825971,0.810485,0.816594,0.849855,0.829852,0.863122,0.858043,0.829634,0.849202,0.836008,0.798929,0.816792,0.835154,0.846478,0.836815,0.867310,0.795811,0.854638,0.845509,0.851134,0.844008,0.845490,0.810670,0.885291,0.886000,0.888589,0.847721,0.837411,0.853534,0.877747,0.866933,0.827665,0.812861,0.842461,0.832477,0.832238,0.808947,0.837616,0.839675,1.000000,0.851813,0.832111,0.822446,0.682728,0.815873,0.817382,0.838933,0.887781,0.808715,0.831083,0.818362,0.822272,0.808955,0.884746,0.799819,0.845314,0.806891,0.799074,0.876757,0.806888,0.858410,0.841746,0.816238,0.846318,0.815779,0.835736,0.869147,0.901211,0.819207,0.863062,0.836864,0.841958,0.851433,0.836131,0.813142,0.834162,0.795730,0.831077,0.850453,0.848513,0.810876,0.851745,0.843362,0.814385,0.811421,0.832819,0.810727,0.866711,0.800985,0.839171,0.836901,0.816733,0.838463,0.872957,0.855021,0.847970,0.810281,0.832872,0.799936,0.850821,0.835529,0.849930,0.834077,0.859392,0.869443,0.862919,0.812912,0.833811,0.820190,0.846359,0.848518,0.818766,0.829855,0.849771,0.866797,0.812739,0.802566,0.826131,0.791693,0.818805,0.829138,0.853621,0.832444,0.829780,0.829622,0.789991,0.821763,0.828542,0.903735,0.806058,0.830855,0.835781,0.808675,0.842162,0.845136,0.788770,0.782440,0.844360,0.833770,0.833129,0.841532,0.844672,0.825007,0.856757,0.796250,0.754768,0.833244,0.901784,0.929363,0.846254,0.821594,0.843055,0.849479,0.853156,0.791762,0.875513,0.875712,0.850591,0.785807,0.801668,0.841586,0.827834,0.863294,0.846738,0.822878,0.815777,0.786817,0.823209,0.836419,0.838069,0.926917,0.821611,0.795914,0.874309,0.815088,0.826115,0.843230,0.798292,0.821273,0.821425,0.815928,0.778773,0.856944,0.813742,0.772643,0.831194,0.785192,0.809523,0.804959,0.866722,0.792993,0.872420,0.804633,0.828700,0.938072,0.805529,0.902349
0.864961,0.903973,0.891912,0.918017,0.855293,0.905041,0.842643,0.874675,0.875168,0.864253,0.874679,0.903895,0.905067,0.823805,0.930985,0.875685,0.846363,0.847235,0.807361,0.857124,0.890021,0.862616,0.829359,0.867215,0.872801,0.858949,0.880036,0.844970,0.893444,0.844600,0.888786,0.871163,0.804720,0.856558,0.863011,0.839346,0.877346,0.831989,0.810884,0.886777,0.866532,0.861034,0.872931,0.861890,0.884774,0.867850,0.825458,0.855507,0.841732,0.818014,0.865676,0.890207,0.833726,0.881993,0.879642,0.867944,0.822755,0.916141,0.881469,0.886679,0.837666,0.871413,0.896484,0.903016,0.833211,0.916016,0.863569,0.890211,0.878417,0.875601,0.830788,0.890408,0.842403,0.889367,0.913816,0.876497,0.873973,0.868579,0.911687,0.885561,0.883247,0.872781,0.867976,0.862477,0.888774,0.852993,0.887561,0.894196,0.874984,0.897759,0.902938,0.871720,0.876486,0.890180,0.898840,0.892265,0.893434,0.847825,0.829050,0.871990,0.865368,0.901317,0.892637,0.877169,0.894834,0.883016,0.881254,0.885865,0.878583,0.915700,0.891012,0.834088,0.872232,0.851813,1.000000,0.849946,0.867166,0.689021,0.840644,0.866682,0.875798,0.900519,0.854851,0.854063,0.904158,0.897707,0.878618,0.853686,0.872023,0.935475,0.905264,0.855636,0.887199,0.852901,0.865187,0.899181,0.875104,0.906985,0.902556,0.880608,0.883109,0.824853,0.915554,0.851406,0.829269,0.871807,0.878260,0.875672,0.826949,0.822137,0.854611,0.884631,0.857653,0.909677,0.877651,0.906736,0.920595,0.872160,0.829876,0.914127,0.884460,0.905870,0.876493,0.901972,0.895536,0.884464,0.890053,0.891484,0.904903,0.892954,0.876028,0.870592,0.912238,0.886494,0.875123,0.893352,0.847402,0.874874,0.882370,0.862015,0.869056,0.919679,0.897292,0.869943,0.872639,0.870780,0.892739,0.919688,0.894304,0.863133,0.912239,0.874550,0.855823,0.883488,0.888981,0.893976,0.868860,0.848797,0.887529,0.856308,0.870623,0.907696,0.894588,0.886354,0.859198,0.845038,0.884108,0.914126,0.877987,0.850395,0.864536,0.907978,0.865602,0.896021,0.929425,0.884273,0.903547,0.904946,0.891462,0.855480,0.861907,0.897390,0.864057,0.880429,0.889519,0.889430,0.906427,0.907623,0.834573,0.815498,0.849011,0.868679,0.913400,0.847939,0.877109,0.901562,0.853956,0.862982,0.888112,0.870547,0.875626,0.867528,0.891662,0.898228,0.871765,0.908431,0.850463,0.924837,0.854158,0.869958,0.878833,0.876191,0.894139,0.860229,0.851808,0.882765,0.881077,0.883859,0.839581,0.889518,0.881444,0.894376,0.859626,0.887443,0.908740,0.919219,0.876059,0.902608,0.871125,0.867685,0.908544
0.853299,0.846538,0.892069,0.859624,0.837224,0.831010,0.852572,0.847085,0.864851,0.814131,0.863836,0.849435,0.849480,0.845764,0.840356,0.921606,0.870451,0.823124,0.857390,0.903278,0.858006,0.799458,0.811871,0.870878,0.892282,0.881267,0.906815,0.879952,0.831983,0.816114,0.927476,0.894520,0.826849,0.848821,0.864609,0.839818,0.838762,0.867311,0.833312,0.855428,0.869003,0.899466,0.873663,0.844893,0.937219,0.843568,0.882841,0.830520,0.853132,0.867987,0.880158,0.869710,0.772648,0.816617,0.820501,0.865611,0.891766,0.847459,0.905771,0.890999,0.874071,0.869554,0.856300,0.825725,0.895600,0.853094,0.901853,0.869002,0.861805,0.848040,0.857915,0.844290,0.918799,0.832478,0.852926,0.840014,0.849741,0.915211,0.898604,0.867200,0.860951,0.923837,0.906904,0.822192,0.857903,0.900516,0.884753,0.874272,0.874469,0.900610,0.846234,0.901441,0.869088,0.874879,0.865408,0.898035,0.863380,0.883375,0.903425,0.867417,0.865574,0.907396,0.854715,0.870366,0.847790,0.869310,0.904515,0.863892,0.870289,0.817965,0.872087,0.861050,0.814146,0.832111,0.849946,1.000000,0.892035,0.742396,0.896170,0.859264,0.882778,0.881336,0.841815,0.869118,0.864992,0.810702,0.800348,0.893732,0.848139,0.808915,0.841656,0.841162,0.841299,0.870362,0.906262,0.826430,0.831957,0.866866,0.827037,0.869115,0.897334,0.899677,0.838515,0.918787,0.848094,0.899336,0.850220,0.838885,0.868743,0.866213,0.870507,0.910525,0.919890,0.869579,0.847176,0.827030,0.836195,0.842241,0.842255,0.859628,0.849213,0.849517,0.865132,0.833410,0.864498,0.873319,0.896340,0.880019,0.833620,0.860063,0.829282,0.848331,0.854020,0.830810,0.902751,0.863151,0.915937,0.922293,0.913339,0.850397,0.881204,0.865000,0.843314,0.840812,0.889361,0.889069,0.834115,0.877947,0.905563,0.858683,0.811108,0.849952,0.797928,0.870274,0.831805,0.879114,0.861287,0.859762,0.837517,0.837955,0.861895,0.841613,0.870416,0.786023,0.872451,0.876713,0.844795,0.832157,0.905448,0.857067,0.828160,0.881369,0.852287,0.869390,0.871560,0.900843,0.887225,0.871211,0.792849,0.845121,0.833192,0.873703,0.831576,0.922564,0.881432,0.862795,0.872928,0.875351,0.838735,0.906855,0.899539,0.849704,0.834771,0.808339,0.859762,0.894648,0.886624,0.929842,0.868063,0.854094,0.830480,0.841300,0.847967,0.873293,0.862458,0.842621,0.854219,0.872925,0.823040,0.857528,0.874645,0.861462,0.864102,0.851780,0.835016,0.841127,0.894851,0.903983,0.850849,0.925990,0.821980,0.862197,0.887376,0.899718,0.850937,0.862959,0.850314,0.899776,0.841705,0.835546,0.893458
0.850633,0.838918,0.853664,0.880478,0.820316,0.826012,0.853797,0.831961,0.887910,0.809656,0.838047,0.853011,0.843045,0.811515,0.854183,0.881080,0.823858,0.790404,0.808402,0.865109,0.883804,0.770740,0.802393,0.881554,0.869229,0.855734,0.848490,0.837270,0.840071,0.822758,0.900247,0.837264,0.805286,0.828000,0.867269,0.827837,0.840382,0.807337,0.820232,0.851433,0.854301,0.885673,0.843460,0.824569,0.898757,0.895537,0.861067,0.808717,0.865288,0.809742,0.853594,0.868143,0.787340,0.818812,0.803466,0.884331,0.852479,0.878044,0.899742,0.844534,0.846671,0.834656,0.844289,0.852772,0.828256,0.857389,0.884875,0.869705,0.848336,0.877031,0.836657,0.845963,0.892825,0.835189,0.871722,0.838588,0.877657,0.897825,0.893887,0.847930,0.876108,0.902446,0.880173,0.818364,0.861756,0.877026,0.897169,0.895245,0.838208,0.876808,0.865588,0.844808,0.838788,0.898409,0.876854,0.907087,0.892371,0.841475,0.847267,0.821925,0.875493,0.894570,0.829250,0.841779,0.835020,0.864960,0.904135,0.912080,0.871969,0.825928,0.847881,0.821876,0.800404,0.822446,0.867166,0.892035,1.000000,0.714866,0.870796,0.847967,0.892947,0.864989,0.840172,0.899453,0.865871,0.833409,0.810943,0.874874,0.848303,0.810030,0.864070,0.892573,0.831234,0.904179,0.867760,0.840255,0.882160,0.878522,0.858702,0.866689,0.864208,0.846777,0.862373,0.867088,0.855458,0.876182,0.858453,0.835845,0.850293,0.826629,0.834462,0.897672,0.889549,0.870377,0.833117,0.845032,0.833122,0.856980,0.814790,0.847317,0.850569,0.845037,0.863998,0.838913,0.859852,0.868155,0.871163,0.847055,0.845864,0.857396,0.890215,0.861077,0.866798,0.850351,0.849691,0.872733,0.878816,0.885741,0.903272,0.811523,0.859381,0.863427,0.866595,0.818581,0.851428,0.874172,0.838695,0.885203,0.884347,0.850353,0.840959,0.847007,0.781543,0.841757,0.824891,0.844568,0.871511,0.836414,0.859441,0.817710,0.852315,0.855720,0.861301,0.792821,0.852569,0.833854,0.898799,0.829783,0.881835,0.871496,0.869303,0.885065,0.844486,0.858954,0.887496,0.846823,0.885120,0.870275,0.821614,0.844872,0.820616,0.859037,0.807509,0.875109,0.910744,0.889713,0.874194,0.832304,0.815686,0.850834,0.875973,0.823345,0.845869,0.793468,0.848412,0.878422,0.840668,0.902108,0.867350,0.830179,0.827112,0.850120,0.885706,0.884855,0.835948,0.844910,0.867369,0.861237,0.820710,0.840109,0.865805,0.872552,0.882312,0.838049,0.837289,0.840717,0.873431,0.909065,0.867080,0.873677,0.860168,0.914042,0.884883,0.879438,0.860061,0.854025,0.842081,0.870793,0.827189,0.863971,0.858991
0.707261,0.697481,0.744547,0.702576,0.708200,0.688994,0.742487,0.705690,0.727243,0.682393,0.700680,0.701293,0.719603,0.677101,0.706378,0.730935,0.714820,0.648967,0.749419,0.722992,0.706698,0.678210,0.654990,0.717881,0.720003,0.687157,0.714838,0.696568,0.665077,0.693910,0.731737,0.722837,0.682305,0.749706,0.692050,0.707078,0.722350,0.684263,0.711145,0.711521,0.693674,0.719675,0.719896,0.710487,0.737085,0.677835,0.733405,0.678794,0.698004,0.712764,0.718737,0.695152,0.664585,0.669925,0.708147,0.703500,0.709380,0.704056,0.720941,0.730907,0.718437,0.714185,0.692452,0.685654,0.697570,0.694095,0.698775,0.706244,0.715064,0.693178,0.712945,0.690234,0.722902,0.643447,0.703430,0.719812,0.734878,0.716695,0.721904,0.684075,0.705042,0.730908,0.737172,0.676239,0.682704,0.696515,0.697884,0.704209,0.711771,0.695876,0.693631,0.752161,0.720373,0.724705,0.759924,0.715627,0.699300,0.711192,0.722201,0.713062,0.694700,0.723434,0.678452,0.718283,0.703200,0.722297,0.725107,0.713788,0.697204,0.667029,0.696475,0.679949,0.653838,0.682728,0.689021,0.742396,0.714866,1.000000,0.743287,0.686469,0.714575,0.717373,0.704728,0.693475,0.737949,0.659893,0.674551,0.732680,0.734683,0.684972,0.707326,0.688108,0.682733,0.714317,0.736280,0.689592,0.684849,0.688021,0.678431,0.718486,0.725514,0.716189,0.711749,0.701759,0.741916,0.728960,0.712275,0.701271,0.706267,0.706697,0.725755,0.719582,0.712736,0.705517,0.722817,0.658468,0.679982,0.691044,0.688147,0.727047,0.726665,0.681067,0.744686,0.677094,0.684998,0.736405,0.693881,0.691815,0.676771,0.675770,0.685679,0.698726,0.658258,0.694578,0.725951,0.665544,0.734463,0.695332,0.710899,0.675206,0.697221,0.732416,0.711348,0.707050,0.712783,0.713005,0.686136,0.709485,0.712471,0.707974,0.661531,0.681736,0.668345,0.686313,0.665757,0.725432,0.700482,0.706620,0.690520,0.721188,0.725314,0.682476,0.716514,0.670059,0.702106,0.711612,0.701887,0.685056,0.706836,0.728825,0.666315,0.727360,0.698710,0.705814,0.695120,0.713409,0.732282,0.709917,0.659585,0.726873,0.681723,0.717824,0.681315,0.737929,0.712374,0.696043,0.715842,0.699032,0.706546,0.711792,0.727930,0.681777,0.690670,0.662518,0.683708,0.709694,0.700221,0.722549,0.714486,0.686268,0.719178,0.692493,0.703915,0.680061,0.692444,0.698713,0.731884,0.689348,0.667346,0.743568,0.714202,0.705801,0.717902,0.702908,0.695327,0.688074,0.733208,0.723892,0.707063,0.744229,0.692148,0.726286,0.708867,0.715321,0.711906,0.681038,0.694982,0.731446,0.675644,0.717196,0.736480
0.859128,0.854677,0.888583,0.872076,0.842877,0.847258,0.882269,0.854013,0.879500,0.798279,0.889736,0.848330,0.844222,0.824658,0.844112,0.897441,0.878455,0.799043,0.861293,0.883320,0.879764,0.809212,0.821984,0.861383,0.922146,0.861113,0.881646,0.870094,0.820968,0.822210,0.909975,0.869281,0.844663,0.853063,0.875486,0.859568,0.831762,0.861030,0.842127,0.862437,0.857772,0.889466,0.899473,0.849651,0.923334,0.856829,0.968171,0.804231,0.875864,0.831457,0.919036,0.873470,0.813828,0.786688,0.835862,0.892093,0.860619,0.877067,0.872969,0.868829,0.865059,0.890261,0.851379,0.855546,0.876290,0.842629,0.919999,0.840288,0.870110,0.862252,0.842047,0.858146,0.869640,0.828619,0.860196,0.855191,0.894626,0.905159,0.899499,0.850107,0.871623,0.926934,0.890048,0.828523,0.843702,0.907855,0.864247,0.887010,0.858928,0.888464,0.852996,0.897604,0.858005,0.904174,0.868075,0.894747,0.883573,0.857418,0.870587,0.843542,0.873059,0.903667,0.832632,0.844340,0.859485,0.862572,0.923814,0.852944,0.871644,0.831646,0.839329,0.854699,0.803825,0.815873,0.840644,0.896170,0.870796,0.743287,1.000000,0.855073,0.902470,0.877033,0.842611,0.899899,0.878182,0.794809,0.798030,0.875689,0.880477,0.799599,0.881459,0.876399,0.834664,0.894937,0.909862,0.843903,0.849651,0.858477,0.835459,0.874157,0.887395,0.856619,0.859416,0.893268,0.856557,0.895439,0.859202,0.833699,0.879016,0.866283,0.883557,0.868568,0.902656,0.875625,0.816710,0.837651,0.830718,0.858075,0.839783,0.855226,0.847759,0.836702,0.847974,0.839052,0.879934,0.895040,0.876797,0.850847,0.844325,0.850592,0.856763,0.863440,0.827905,0.843663,0.852284,0.863003,0.925031,0.915719,0.890954,0.845550,0.902261,0.880290,0.854799,0.837634,0.887568,0.907556,0.820144,0.862971,0.899898,0.880741,0.824848,0.848580,0.788941,0.882104,0.814915,0.872646,0.867085,0.868675,0.848520,0.807146,0.866716,0.849908,0.842787,0.792987,0.862198,0.874640,0.863242,0.840032,0.898896,0.912452,0.850658,0.884975,0.865605,0.875322,0.875073,0.857648,0.873892,0.859214,0.791718,0.860462,0.833939,0.846636,0.801032,0.883747,0.885142,0.850576,0.878808,0.851217,0.833404,0.860459,0.875940,0.841570,0.827762,0.805511,0.845319,0.859948,0.877073,0.921105,0.875853,0.861154,0.877072,0.846655,0.884025,0.878456,0.836201,0.851084,0.893817,0.850436,0.838932,0.876608,0.897367,0.888758,0.907731,0.854362,0.826445,0.864553,0.883352,0.914251,0.874569,0.896318,0.847656,0.861358,0.877539,0.898025,0.857591,0.855070,0.867445,0.877066,0.807313,0.871951,0.845836
0.916169,0.847127,0.883666,0.875700,0.861297,0.851921,0.866576,0.833191,0.870982,0.840233,0.859551,0.923796,0.857915,0.898708,0.882500,0.876359,0.847565,0.773638,0.877444,0.898265,0.896145,0.805201,0.940806,0.902310,0.905508,0.879744,0.889932,0.885945,0.899556,0.879457,0.904471,0.854410,0.895445,0.848526,0.890352,0.923752,0.861753,0.849828,0.892062,0.855807,0.879409,0.882698,0.923739,0.923088,0.914125,0.871826,0.832517,0.784001,0.906732,0.859279,0.864487,0.884926,0.768772,0.816091,0.842795,0.891371,0.840941,0.885169,0.862171,0.873247,0.927193,0.872269,0.869521,0.844639,0.864583,0.864967,0.896265,0.836812,0.911431,0.887691,0.874194,0.857528,0.826048,0.844078,0.856391,0.865245,0.843486,0.884053,0.886641,0.864547,0.867703,0.866881,0.857801,0.831351,0.834055,0.859502,0.915311,0.854947,0.881780,0.889837,0.851418,0.871282,0.852578,0.875417,0.855313,0.870665,0.864729,0.893118,0.864657,0.855396,0.909298,0.859894,0.852381,0.874967,0.834179,0.849818,0.874337,0.850663,0.867536,0.842613,0.833607,0.859075,0.801617,0.817382,0.866682,0.859264,0.847967,0.686469,0.855073,1.000000,0.892719,0.902213,0.950603,0.868284,0.844134,0.820640,0.791432,0.893884,0.886572,0.844289,0.858394,0.873556,0.847505,0.850503,0.856834,0.854654,0.841358,0.891220,0.859272,0.949369,0.897316,0.838007,0.862949,0.864535,0.886259,0.858931,0.881192,0.839321,0.897628,0.870297,0.864341,0.851206,0.865579,0.856561,0.840131,0.863991,0.864228,0.910407,0.940516,0.864738,0.811687,0.877738,0.842867,0.851560,0.844651,0.854948,0.875900,0.881460,0.843393,0.861234,0.862622,0.860425,0.844236,0.872655,0.867313,0.848954,0.863962,0.878930,0.885906,0.850545,0.898077,0.880866,0.881622,0.837097,0.892179,0.856110,0.844910,0.895925,0.876202,0.917749,0.865391,0.962554,0.787452,0.861277,0.841289,0.862879,0.903244,0.942229,0.855662,0.805872,0.834902,0.875951,0.881340,0.831641,0.837331,0.865201,0.836807,0.863122,0.904442,0.846166,0.831640,0.852694,0.929253,0.875240,0.886541,0.864435,0.896477,0.863517,0.811449,0.814427,0.835290,0.885694,0.828809,0.868682,0.874446,0.857312,0.875608,0.856676,0.939723,0.821678,0.858083,0.836514,0.845349,0.812170,0.830283,0.844969,0.858811,0.886406,0.868395,0.854387,0.832527,0.918941,0.843986,0.963148,0.851060,0.872057,0.863114,0.894397,0.842745,0.875136,0.877902,0.921157,0.880965,0.944632,0.942537,0.817487,0.855867,0.870356,0.875424,0.874727,0.814467,0.855052,0.888857,0.911590,0.869572,0.889161,0.846371,0.883606,0.822511,0.823813,0.865200
0.925419,0.902252,0.884089,0.892724,0.879877,0.878299,0.880445,0.869688,0.890784,0.882132,0.886703,0.871404,0.867776,0.864133,0.885004,0.896240,0.891266,0.821478,0.869604,0.907937,0.912461,0.850453,0.858238,0.892122,0.911777,0.908372,0.885005,0.897014,0.876338,0.874601,0.939647,0.873564,0.878012,0.864725,0.914585,0.887263,0.895523,0.864968,0.870411,0.875745,0.909646,0.918695,0.909308,0.882167,0.931927,0.885181,0.881703,0.830383,0.875504,0.848532,0.888111,0.889624,0.806623,0.831522,0.881483,0.917565,0.877747,0.922682,0.904870,0.879752,0.878571,0.888194,0.873815,0.903749,0.893350,0.880971,0.914062,0.895846,0.890866,0.892724,0.873835,0.879055,0.855551,0.868137,0.875879,0.883316,0.893722,0.915262,0.906160,0.886685,0.885677,0.927540,0.908825,0.864619,0.884749,0.918705,0.896332,0.895764,0.905740,0.907375,0.880751,0.896899,0.856754,0.917779,0.882803,0.907045,0.884504,0.879427,0.887014,0.870642,0.890604,0.895212,0.864455,0.877355,0.872097,0.878727,0.910179,0.883979,0.886813,0.874898,0.881423,0.863378,0.825674,0.838933,0.875798,0.882778,0.892947,0.714575,0.902470,0.892719,1.000000,0.915835,0.872530,0.907476,0.861199,0.862912,0.824808,0.895897,0.945284,0.853284,0.895563,0.906973,0.847326,0.905275,0.900068,0.882081,0.925809,0.902560,0.883450,0.897162,0.898008,0.860199,0.894976,0.903794,0.911583,0.937172,0.889848,0.855719,0.873061,0.899460,0.861621,0.885735,0.906159,0.878452,0.852985,0.902913,0.872434,0.889780,0.864575,0.847004,0.832124,0.899113,0.902169,0.860557,0.903989,0.900612,0.882321,0.880064,0.873706,0.856273,0.893085,0.864692,0.864087,0.880179,0.860487,0.889334,0.902124,0.914414,0.907007,0.854574,0.887148,0.895680,0.884304,0.849661,0.909200,0.920589,0.859016,0.921915,0.920965,0.904096,0.862790,0.871228,0.797136,0.871182,0.844593,0.871892,0.916558,0.905041,0.888158,0.823414,0.876884,0.886472,0.849869,0.844742,0.883343,0.888974,0.905255,0.872161,0.912958,0.889948,0.872991,0.908683,0.911612,0.896074,0.903035,0.876822,0.896709,0.891509,0.836505,0.853036,0.860173,0.888407,0.845892,0.886811,0.936455,0.900413,0.924716,0.851515,0.846030,0.860682,0.901752,0.849943,0.868140,0.828948,0.858386,0.890855,0.881998,0.924190,0.891931,0.874639,0.861656,0.898783,0.919451,0.908518,0.851164,0.865699,0.887043,0.896314,0.871573,0.891052,0.912326,0.894818,0.936655,0.877258,0.877904,0.862454,0.883952,0.902805,0.869102,0.892652,0.864384,0.899508,0.882184,0.913788,0.886036,0.913741,0.898507,0.881387,0.849456,0.877005,0.890726
0.909456,0.903100,0.885430,0.896368,0.902170,0.869349,0.889404,0.904960,0.879473,0.898493,0.908115,0.912216,0.897127,0.885722,0.914634,0.903349,0.867022,0.819607,0.871348,0.921252,0.916356,0.853677,0.883007,0.892380,0.920511,0.915254,0.883871,0.907504,0.881304,0.881925,0.910950,0.869962,0.893683,0.891988,0.925732,0.911941,0.905519,0.887004,0.856200,0.863983,0.931307,0.903683,0.914519,0.905768,0.923529,0.875210,0.860475,0.836167,0.882168,0.906335,0.904834,0.914358,0.793318,0.853075,0.889730,0.897739,0.888014,0.894428,0.905186,0.915594,0.891384,0.900662,0.912847,0.878757,0.896826,0.911075,0.871256,0.879532,0.878171,0.879342,0.882995,0.911311,0.855259,0.898500,0.880750,0.889084,0.871332,0.893741,0.895167,0.914233,0.904233,0.902893,0.897652,0.891505,0.855708,0.875211,0.898914,0.885543,0.887854,0.906161,0.872579,0.897072,0.904283,0.916668,0.885549,0.888491,0.905599,0.914612,0.895601,0.892211,0.881783,0.897452,0.914418,0.928924,0.881630,0.888066,0.886908,0.894008,0.904654,0.894556,0.865948,0.916798,0.869258,0.887781,0.900519,0.881336,0.864989,0.717373,0.877033,0.902213,0.915835,1.000001,0.890762,0.889817,0.880130,0.863468,0.847437,0.901356,0.885580,0.893701,0.881086,0.874769,0.909914,0.886111,0.901961,0.876776,0.879716,0.910954,0.884852,0.907624,0.916309,0.878656,0.887088,0.910939,0.887214,0.902433,0.908651,0.893682,0.866469,0.886734,0.878056,0.881351,0.891834,0.918587,0.903095,0.885397,0.890522,0.864649,0.891801,0.914914,0.874691,0.906041,0.871197,0.888648,0.904405,0.882176,0.909621,0.928848,0.907329,0.917538,0.876613,0.898537,0.866415,0.896675,0.888280,0.920302,0.877288,0.901942,0.922715,0.910542,0.895850,0.917391,0.914198,0.895337,0.936094,0.898320,0.861904,0.913131,0.905672,0.889612,0.868821,0.898442,0.832570,0.919317,0.893339,0.912599,0.911283,0.913162,0.908681,0.849146,0.868528,0.909090,0.924660,0.883379,0.909955,0.899439,0.873065,0.888009,0.912595,0.858953,0.889222,0.903031,0.908113,0.911307,0.931338,0.915882,0.913932,0.916385,0.835379,0.842195,0.887923,0.921267,0.901240,0.901303,0.901400,0.892088,0.900226,0.906823,0.877466,0.870850,0.904950,0.889465,0.863375,0.865311,0.901500,0.878409,0.914734,0.899194,0.882700,0.901780,0.856695,0.893560,0.894642,0.920287,0.921063,0.882636,0.836243,0.921604,0.912866,0.887317,0.899005,0.893839,0.896104,0.896470,0.896845,0.857819,0.916329,0.879996,0.826288,0.901523,0.866757,0.880877,0.865890,0.929698,0.880599,0.929649,0.893878,0.905946,0.906329,0.857354,0.935272
0.910267,0.833583,0.856220,0.856454,0.836573,0.828169,0.860012,0.822793,0.853844,0.825871,0.857233,0.933450,0.841941,0.895426,0.867215,0.862043,0.812007,0.759771,0.881568,0.877398,0.883357,0.782927,0.946095,0.891656,0.895695,0.869868,0.871221,0.884260,0.868897,0.877808,0.879270,0.825692,0.897953,0.846756,0.877661,0.935999,0.853115,0.811778,0.930857,0.847018,0.864570,0.856854,0.904932,0.913951,0.894770,0.861215,0.827304,0.786706,0.932715,0.842481,0.851098,0.860487,0.766870,0.810898,0.849830,0.875424,0.837089,0.871046,0.843911,0.845390,0.936962,0.856568,0.831578,0.830931,0.838708,0.841988,0.882660,0.807478,0.902628,0.865155,0.838858,0.847301,0.820161,0.813851,0.841188,0.874300,0.830805,0.863525,0.893569,0.838766,0.865952,0.846796,0.840951,0.819199,0.815689,0.815204,0.886329,0.839029,0.849451,0.855810,0.849535,0.848637,0.824293,0.867487,0.848154,0.860516,0.845241,0.882510,0.844153,0.830522,0.897386,0.851044,0.827881,0.835490,0.827727,0.847341,0.870856,0.827234,0.853287,0.833511,0.810405,0.852651,0.790189,0.808715,0.854851,0.841815,0.840172,0.704728,0.842611,0.950603,0.872530,0.890762,1.000000,0.842672,0.825958,0.810768,0.788180,0.882501,0.887987,0.815101,0.859192,0.852423,0.835648,0.840097,0.830003,0.845815,0.819537,0.869297,0.842756,0.943097,0.874651,0.828891,0.838913,0.846914,0.898732,0.823355,0.859691,0.821269,0.918774,0.851103,0.845793,0.829015,0.831259,0.850507,0.844159,0.852089,0.850393,0.916519,0.926355,0.857279,0.803325,0.867597,0.832334,0.833423,0.814737,0.846352,0.856750,0.874076,0.826619,0.850657,0.848774,0.852073,0.828483,0.844711,0.855731,0.832409,0.835856,0.847442,0.869666,0.831325,0.902331,0.851015,0.890219,0.816887,0.868212,0.845101,0.820069,0.894049,0.861761,0.921350,0.839651,0.962094,0.779138,0.847397,0.817116,0.850697,0.892441,0.947253,0.851078,0.813347,0.841143,0.857106,0.855299,0.818576,0.838435,0.854978,0.821673,0.838590,0.873894,0.844274,0.835385,0.831128,0.912848,0.859078,0.871828,0.851554,0.895261,0.851446,0.795141,0.817435,0.811141,0.861852,0.806605,0.853236,0.858685,0.840117,0.853028,0.839922,0.946848,0.820024,0.832298,0.803889,0.831741,0.788538,0.826777,0.839264,0.822605,0.868772,0.860055,0.835291,0.815050,0.894449,0.834163,0.942785,0.824456,0.860781,0.860057,0.873120,0.829248,0.870273,0.865657,0.933592,0.872255,0.932953,0.939191,0.810392,0.846325,0.866704,0.880909,0.857753,0.816309,0.829631,0.916638,0.906031,0.858587,0.869383,0.829653,0.878276,0.817240,0.810447,0.858944
0.869863,0.843411,0.870434,0.897718,0.858341,0.832144,0.887946,0.839058,0.914658,0.814540,0.869048,0.842578,0.846261,0.844281,0.844385,0.899577,0.870762,0.788839,0.838400,0.885223,0.889825,0.802940,0.813359,0.890372,0.891474,0.879455,0.873532,0.862335,0.851166,0.838930,0.902612,0.867324,0.837231,0.822594,0.907067,0.848908,0.852821,0.857621,0.834056,0.863035,0.881728,0.922264,0.874672,0.884442,0.920488,0.923372,0.892437,0.786833,0.878258,0.830412,0.881412,0.895644,0.818152,0.798928,0.815353,0.894811,0.853812,0.887770,0.872957,0.856652,0.864179,0.865096,0.872654,0.878842,0.863725,0.877492,0.893429,0.862535,0.865905,0.899690,0.868770,0.872398,0.864969,0.870695,0.885078,0.827371,0.870545,0.925493,0.884139,0.876462,0.901739,0.925493,0.883714,0.853520,0.842310,0.901714,0.900391,0.884305,0.873184,0.907020,0.879513,0.878913,0.865839,0.915462,0.871787,0.888337,0.935874,0.852862,0.859028,0.850244,0.892669,0.895262,0.846451,0.857719,0.851587,0.856111,0.923771,0.860280,0.876683,0.847269,0.829290,0.849611,0.815537,0.831083,0.854063,0.869118,0.899453,0.693475,0.899899,0.868284,0.907476,0.889817,0.842672,1.000000,0.873746,0.824111,0.807691,0.893084,0.859382,0.803192,0.870731,0.952785,0.843440,0.951667,0.912892,0.848844,0.882139,0.894272,0.863608,0.892481,0.895535,0.845939,0.882453,0.892999,0.870051,0.902928,0.886812,0.840997,0.857012,0.857748,0.858491,0.878933,0.915572,0.858822,0.824281,0.863768,0.836005,0.854683,0.848928,0.846622,0.840714,0.854994,0.826110,0.853813,0.889299,0.866840,0.898010,0.863191,0.870607,0.865598,0.912067,0.861475,0.847087,0.865551,0.852075,0.885949,0.912197,0.917960,0.924095,0.854074,0.879043,0.878048,0.857893,0.844411,0.887597,0.879773,0.848048,0.876753,0.906488,0.868351,0.848346,0.866791,0.808551,0.850489,0.834809,0.867194,0.888229,0.867829,0.873157,0.799056,0.866376,0.857567,0.872764,0.798155,0.838970,0.829875,0.900935,0.842269,0.892960,0.866277,0.853933,0.892516,0.861127,0.867076,0.897044,0.858541,0.861986,0.885841,0.800251,0.835996,0.847736,0.866394,0.825003,0.877333,0.909875,0.888363,0.898079,0.846557,0.840529,0.849768,0.889004,0.855902,0.816918,0.816849,0.873027,0.870075,0.877463,0.926461,0.856524,0.845515,0.840328,0.867908,0.885203,0.900455,0.865113,0.854778,0.860735,0.881972,0.856718,0.861308,0.870122,0.882363,0.904255,0.859457,0.858348,0.850107,0.873717,0.924273,0.865657,0.871509,0.840647,0.892599,0.855260,0.895417,0.865438,0.869557,0.865476,0.870706,0.837789,0.842973,0.856614
0.857796,0.857970,0.890209,0.878058,0.824304,0.856088,0.835949,0.886077,0.870538,0.857982,0.885177,0.844528,0.883664,0.826293,0.872708,0.873680,0.851094,0.815378,0.816616,0.849751,0.850507,0.813886,0.796928,0.841444,0.873994,0.829513,0.855752,0.844197,0.856237,0.819751,0.872558,0.872103,0.796912,0.877267,0.848103,0.825443,0.847701,0.844488,0.808723,0.858095,0.841809,0.849292,0.852557,0.844018,0.874484,0.855792,0.867670,0.807573,0.839963,0.793078,0.880590,0.873174,0.802307,0.856829,0.832541,0.866828,0.822927,0.877601,0.868205,0.897470,0.833916,0.852245,0.868254,0.864967,0.821698,0.852826,0.863292,0.860512,0.851233,0.843840,0.810924,0.863971,0.854656,0.861338,0.870991,0.889124,0.915531,0.883798,0.899671,0.851128,0.866709,0.882899,0.865567,0.845977,0.844767,0.873459,0.867652,0.906987,0.849713,0.872928,0.874673,0.886883,0.849619,0.877797,0.917435,0.864594,0.897839,0.833553,0.829788,0.854010,0.846979,0.904818,0.861286,0.869629,0.863151,0.886330,0.888229,0.865635,0.887496,0.862033,0.862990,0.826506,0.848600,0.818362,0.904158,0.864992,0.865871,0.737949,0.878182,0.844134,0.861199,0.880130,0.825958,0.873746,1.000000,0.832235,0.833628,0.844148,0.863556,0.868039,0.860357,0.862388,0.882972,0.862077,0.890738,0.857336,0.859365,0.877112,0.879736,0.846406,0.869843,0.810973,0.882577,0.854074,0.832728,0.874683,0.860765,0.875255,0.828222,0.815056,0.885180,0.869982,0.863581,0.907329,0.866594,0.848549,0.851422,0.838265,0.809744,0.860401,0.876927,0.858531,0.872279,0.885424,0.909853,0.919691,0.890803,0.864062,0.856986,0.897379,0.857118,0.901450,0.851745,0.857465,0.885349,0.869256,0.881632,0.883538,0.865075,0.867310,0.873660,0.909727,0.890760,0.868941,0.854407,0.878789,0.840378,0.874875,0.885294,0.844481,0.864506,0.836933,0.837070,0.862746,0.831930,0.917905,0.834790,0.842149,0.860015,0.851155,0.850676,0.880017,0.873256,0.819739,0.849242,0.846460,0.863150,0.864542,0.868248,0.860614,0.862975,0.884252,0.846756,0.900045,0.892802,0.882486,0.901047,0.893019,0.814792,0.878076,0.853644,0.870543,0.842010,0.903340,0.866378,0.855516,0.883513,0.897380,0.804597,0.814873,0.848891,0.872169,0.880813,0.844094,0.881584,0.864463,0.862990,0.876839,0.910265,0.876292,0.923023,0.833898,0.879275,0.862643,0.859648,0.888824,0.863230,0.894023,0.835207,0.869521,0.907489,0.862558,0.867178,0.840612,0.818016,0.897784,0.887573,0.885780,0.848728,0.889272,0.889823,0.865122,0.857764,0.864249,0.886357,0.867312,0.894128,0.914435,0.834714,0.870084,0.890147
0.829975,0.863105,0.831746,0.871946,0.859284,0.852430,0.790518,0.847391,0.837774,0.853106,0.837130,0.850109,0.890017,0.794222,0.885650,0.801394,0.821059,0.810731,0.752401,0.811030,0.878720,0.840435,0.786423,0.848124,0.825206,0.858786,0.851656,0.801317,0.861583,0.861009,0.866291,0.822301,0.791273,0.824006,0.863516,0.820400,0.866208,0.832447,0.810407,0.822825,0.859979,0.843011,0.853045,0.824848,0.845120,0.863198,0.779126,0.826668,0.816159,0.797026,0.815761,0.844694,0.790695,0.914012,0.853146,0.841712,0.783504,0.858553,0.842420,0.856647,0.807380,0.808016,0.858077,0.844478,0.789769,0.905057,0.825394,0.866630,0.811639,0.881259,0.815513,0.884743,0.772764,0.886378,0.863984,0.840121,0.830561,0.842631,0.867806,0.860151,0.857039,0.844790,0.838297,0.868504,0.842454,0.837767,0.848278,0.843436,0.856032,0.879602,0.877394,0.836851,0.848673,0.852538,0.832796,0.865345,0.874824,0.794557,0.792750,0.829880,0.836555,0.824513,0.876390,0.842119,0.855150,0.854092,0.856897,0.858252,0.867361,0.855045,0.836007,0.804541,0.893844,0.822272,0.897707,0.810702,0.833409,0.659893,0.794809,0.820640,0.862912,0.863468,0.810768,0.824111,0.832235,1.000000,0.868580,0.816434,0.846283,0.888497,0.858122,0.865951,0.855130,0.822579,0.824017,0.876766,0.866980,0.905788,0.874839,0.832205,0.835697,0.772247,0.871627,0.805182,0.828165,0.840768,0.854987,0.873141,0.804698,0.812499,0.805955,0.842731,0.808631,0.865023,0.869209,0.893143,0.880850,0.843563,0.797327,0.837313,0.832537,0.885021,0.849601,0.890975,0.856998,0.831345,0.867037,0.864473,0.868731,0.880747,0.861588,0.851332,0.871358,0.827257,0.837543,0.851621,0.793849,0.830530,0.867095,0.848621,0.838688,0.878207,0.866320,0.857605,0.830412,0.840652,0.905856,0.881360,0.850169,0.830006,0.868982,0.819146,0.847664,0.860251,0.871011,0.853855,0.866356,0.810333,0.922049,0.817905,0.850830,0.869580,0.844942,0.855529,0.835859,0.832963,0.880590,0.862878,0.840649,0.812431,0.854922,0.873225,0.840281,0.870102,0.876139,0.845178,0.869415,0.904880,0.930502,0.808168,0.840622,0.866075,0.838225,0.849720,0.877626,0.895955,0.881610,0.845513,0.779356,0.760939,0.816306,0.837051,0.855920,0.842876,0.873220,0.893630,0.833171,0.817385,0.835253,0.838951,0.825488,0.840847,0.871174,0.856698,0.830671,0.848953,0.810068,0.886681,0.832356,0.820658,0.849160,0.835177,0.867195,0.802884,0.844093,0.809590,0.838795,0.855392,0.809124,0.829558,0.852859,0.882158,0.832220,0.849218,0.882821,0.890965,0.832235,0.855425,0.868297,0.825903,0.869542
0.830740,0.865970,0.829912,0.906391,0.840418,0.870539,0.789608,0.834674,0.799138,0.818089,0.834261,0.826751,0.876335,0.764743,0.867486,0.808506,0.831578,0.868495,0.763092,0.798988,0.828758,0.855085,0.768708,0.807678,0.829084,0.800386,0.830126,0.807056,0.821675,0.796052,0.832341,0.831200,0.776155,0.823074,0.811053,0.778574,0.880486,0.823189,0.764619,0.819015,0.836724,0.826676,0.823530,0.805956,0.823704,0.809304,0.777016,0.879184,0.769956,0.797778,0.804104,0.833700,0.855395,0.874794,0.828400,0.817628,0.752938,0.857319,0.835345,0.831282,0.783936,0.818445,0.881018,0.851427,0.776876,0.914780,0.801410,0.866233,0.825894,0.829130,0.791604,0.847449,0.776929,0.904586,0.888595,0.807901,0.812920,0.805720,0.848888,0.891979,0.861025,0.829921,0.804174,0.865498,0.868457,0.810022,0.824888,0.833822,0.820814,0.814265,0.859496,0.844612,0.859891,0.844707,0.843717,0.876456,0.829902,0.781669,0.774736,0.833172,0.799493,0.823999,0.885653,0.844988,0.842843,0.871200,0.824106,0.862434,0.870487,0.826033,0.840439,0.816618,0.901865,0.808955,0.878618,0.800348,0.810943,0.674551,0.798030,0.791432,0.824808,0.847437,0.788180,0.807691,0.833628,0.868580,1.000000,0.797103,0.821212,0.861840,0.840863,0.809353,0.850664,0.789144,0.827810,0.853268,0.851454,0.828519,0.835949,0.807627,0.819654,0.763781,0.863597,0.788189,0.804830,0.816375,0.817028,0.885118,0.772214,0.805711,0.804930,0.850500,0.813174,0.837190,0.827494,0.837729,0.863742,0.805656,0.786511,0.880602,0.861802,0.835604,0.834871,0.903714,0.838757,0.813638,0.842011,0.824579,0.909820,0.837830,0.815328,0.831686,0.866905,0.824275,0.806080,0.893576,0.814354,0.815339,0.817473,0.881101,0.813611,0.859100,0.809099,0.908001,0.828831,0.821527,0.827738,0.833696,0.839432,0.807939,0.845688,0.794655,0.905697,0.834289,0.908023,0.834136,0.812092,0.812263,0.890368,0.798030,0.888218,0.831099,0.827266,0.900032,0.806916,0.815289,0.865043,0.863104,0.836228,0.789772,0.789762,0.842339,0.821571,0.837566,0.864558,0.820476,0.832349,0.848697,0.816158,0.805876,0.881621,0.844534,0.817499,0.811229,0.855535,0.827234,0.847260,0.833505,0.764452,0.743587,0.803299,0.878413,0.826553,0.901536,0.894011,0.830017,0.871946,0.801397,0.806087,0.793842,0.835375,0.826170,0.816013,0.824147,0.825421,0.807591,0.794959,0.840463,0.866482,0.775506,0.822632,0.800841,0.834979,0.777181,0.797429,0.813870,0.812327,0.831498,0.784460,0.799101,0.812041,0.850565,0.780507,0.843226,0.851171,0.841131,0.816066,0.841424,0.803656,0.815717,0.836048
0.908419,0.851051,0.873952,0.878586,0.893946,0.836565,0.875892,0.831101,0.883542,0.838820,0.863685,0.864714,0.853182,0.890240,0.850727,0.927548,0.871890,0.790551,0.919596,0.940912,0.908066,0.835384,0.864109,0.900270,0.887396,0.922132,0.876691,0.910957,0.852912,0.918789,0.889711,0.857472,0.879005,0.855508,0.905094,0.903401,0.883386,0.857737,0.885406,0.850845,0.920246,0.915838,0.901238,0.893799,0.939174,0.854607,0.867844,0.793956,0.889664,0.888025,0.864171,0.878692,0.779446,0.813427,0.842565,0.894957,0.926530,0.878508,0.907016,0.885047,0.924046,0.898732,0.886680,0.848481,0.912310,0.867289,0.901233,0.843016,0.919428,0.901620,0.908991,0.879630,0.881364,0.846957,0.860524,0.839735,0.839051,0.902039,0.872874,0.890896,0.881605,0.891999,0.870988,0.837496,0.835228,0.843080,0.887578,0.837925,0.878694,0.914018,0.840823,0.894892,0.869458,0.886584,0.857458,0.891019,0.863735,0.939329,0.921221,0.865553,0.926330,0.865331,0.857594,0.875259,0.855544,0.844483,0.866326,0.860261,0.876720,0.827662,0.821886,0.862848,0.809091,0.884746,0.853686,0.893732,0.874874,0.732680,0.875689,0.893884,0.895897,0.901356,0.882501,0.893084,0.844148,0.816434,0.797103,1.000000,0.867827,0.822598,0.831282,0.857019,0.855832,0.871603,0.882331,0.863197,0.856020,0.875553,0.834871,0.905368,0.915478,0.915989,0.860092,0.918518,0.912948,0.869337,0.911290,0.842190,0.892367,0.903151,0.840362,0.875169,0.895229,0.835629,0.817865,0.848730,0.841987,0.856711,0.906495,0.860253,0.825724,0.865693,0.848817,0.832247,0.841434,0.850402,0.871295,0.906230,0.867718,0.847750,0.851768,0.841365,0.815578,0.860901,0.878198,0.862919,0.883305,0.897986,0.926080,0.865713,0.879399,0.871180,0.856978,0.848212,0.915673,0.868157,0.856851,0.895013,0.888139,0.888525,0.818360,0.892547,0.784825,0.841196,0.844591,0.865891,0.904261,0.910022,0.869085,0.801711,0.869686,0.848432,0.887545,0.815657,0.848551,0.856861,0.868544,0.838526,0.885162,0.840622,0.808827,0.869626,0.892860,0.861977,0.866291,0.872760,0.870520,0.897034,0.806483,0.806852,0.861842,0.885320,0.847741,0.880657,0.884020,0.881184,0.876481,0.861687,0.901444,0.905981,0.928252,0.862977,0.805991,0.810355,0.845281,0.879406,0.881641,0.903340,0.847765,0.836789,0.817164,0.899446,0.868714,0.902825,0.869014,0.845817,0.858603,0.870064,0.856077,0.892412,0.864298,0.885861,0.871712,0.915315,0.908055,0.810479,0.896129,0.862653,0.849353,0.880792,0.796639,0.880657,0.869554,0.912319,0.858418,0.874629,0.851087,0.882935,0.861263,0.816761,0.893800
0.918195,0.909287,0.886267,0.881603,0.865132,0.895640,0.855293,0.850218,0.869565,0.858982,0.879133,0.883371,0.865701,0.850615,0.878663,0.877873,0.887014,0.807165,0.865003,0.872004,0.883195,0.851515,0.862013,0.873747,0.899316,0.869385,0.884655,0.874664,0.856251,0.884426,0.904303,0.857931,0.872503,0.860101,0.891229,0.883591,0.874794,0.836296,0.889077,0.885223,0.878688,0.873099,0.909903,0.887215,0.903296,0.856699,0.863756,0.816526,0.882744,0.821069,0.877360,0.863416,0.806587,0.832018,0.905370,0.906648,0.832949,0.925280,0.858554,0.866359,0.874318,0.874156,0.857803,0.909216,0.843138,0.873934,0.889360,0.865227,0.894051,0.870860,0.834442,0.867674,0.812564,0.848977,0.870815,0.889355,0.894696,0.878427,0.898685,0.863269,0.869085,0.881772,0.866937,0.841256,0.865433,0.873619,0.880097,0.865706,0.893015,0.876805,0.882677,0.889669,0.847138,0.890921,0.889888,0.885741,0.866279,0.853454,0.842823,0.865448,0.866856,0.891993,0.865497,0.871410,0.891625,0.863017,0.887741,0.846560,0.856610,0.857402,0.867698,0.840536,0.820795,0.799819,0.872023,0.848139,0.848303,0.734683,0.880477,0.886572,0.945284,0.885580,0.887987,0.859382,0.863556,0.846283,0.821212,0.867827,1.000000,0.866475,0.907867,0.865537,0.837105,0.875901,0.868814,0.889428,0.882662,0.878270,0.868730,0.902877,0.881429,0.818495,0.901750,0.844751,0.892380,0.891893,0.852383,0.832661,0.875416,0.882313,0.852702,0.844440,0.867963,0.861683,0.849636,0.889085,0.896712,0.905394,0.869266,0.836450,0.819118,0.892713,0.896731,0.858782,0.873743,0.907110,0.860388,0.858988,0.861153,0.838284,0.866104,0.872127,0.847370,0.871323,0.860682,0.858723,0.864631,0.869868,0.864703,0.837989,0.891046,0.910804,0.892658,0.847290,0.877040,0.897854,0.835928,0.910728,0.888013,0.922437,0.857421,0.880104,0.804826,0.860301,0.820761,0.858101,0.895776,0.897582,0.880927,0.823469,0.869450,0.861685,0.844346,0.831285,0.852216,0.859173,0.873776,0.881891,0.879817,0.871134,0.863217,0.871730,0.908745,0.892235,0.880140,0.847422,0.896528,0.873404,0.829877,0.848831,0.853584,0.871021,0.819663,0.866125,0.882068,0.863727,0.920398,0.851959,0.862613,0.811215,0.866954,0.843627,0.870176,0.818447,0.848043,0.865564,0.850214,0.878787,0.903567,0.853502,0.886319,0.895129,0.887803,0.895137,0.824887,0.870092,0.895419,0.884848,0.850996,0.890094,0.904136,0.900918,0.911953,0.882142,0.877843,0.860089,0.864483,0.881216,0.874282,0.878713,0.853439,0.884935,0.889298,0.896307,0.903196,0.890493,0.872091,0.884657,0.824659,0.857434,0.882910
0.863771,0.914347,0.867344,0.879553,0.867616,0.890986,0.802783,0.869132,0.830728,0.881389,0.860461,0.856161,0.894111,0.805467,0.916777,0.827461,0.839971,0.829119,0.785457,0.834487,0.868494,0.897938,0.807021,0.842230,0.841686,0.852809,0.859090,0.826391,0.857344,0.855469,0.864626,0.840027,0.795881,0.855801,0.855231,0.822546,0.894192,0.830781,0.796778,0.849759,0.859380,0.832494,0.870216,0.843959,0.843525,0.819386,0.785067,0.839836,0.806826,0.821067,0.826600,0.863239,0.777832,0.870238,0.904973,0.866935,0.804328,0.881685,0.839834,0.875329,0.807247,0.836834,0.873392,0.865195,0.818313,0.897621,0.825290,0.858662,0.842761,0.847629,0.825981,0.874804,0.782431,0.873647,0.857174,0.873882,0.864380,0.825272,0.862876,0.863423,0.843357,0.832253,0.840502,0.862914,0.838377,0.830449,0.850826,0.846934,0.862323,0.860785,0.859194,0.854431,0.860160,0.848042,0.876304,0.844995,0.841643,0.824930,0.817907,0.871373,0.831708,0.847909,0.904469,0.891743,0.894883,0.856673,0.830531,0.865934,0.842972,0.904172,0.868473,0.813662,0.859297,0.845314,0.935475,0.808915,0.810030,0.684972,0.799599,0.844289,0.853284,0.893701,0.815101,0.803192,0.868039,0.888497,0.861840,0.822598,0.866475,1.000000,0.865388,0.810469,0.873155,0.798908,0.838340,0.889342,0.851190,0.878046,0.877468,0.842309,0.853487,0.793918,0.873255,0.817330,0.822743,0.851049,0.847669,0.862012,0.793424,0.831237,0.821189,0.826377,0.831373,0.876566,0.866574,0.879683,0.922906,0.842227,0.819277,0.859720,0.840677,0.902811,0.873965,0.886181,0.868620,0.873377,0.854630,0.869480,0.882923,0.866337,0.832881,0.861858,0.855171,0.878637,0.844938,0.860660,0.808901,0.842998,0.847045,0.853543,0.829824,0.906624,0.877256,0.871652,0.857557,0.840956,0.864915,0.895228,0.865700,0.847860,0.872573,0.825970,0.827638,0.854531,0.871840,0.867940,0.849978,0.838286,0.869692,0.833460,0.829536,0.885816,0.877560,0.903703,0.861073,0.829255,0.842770,0.921828,0.853694,0.807630,0.841999,0.869636,0.871782,0.885595,0.900459,0.859366,0.870824,0.883479,0.874935,0.818586,0.859172,0.904571,0.874859,0.854950,0.847272,0.870342,0.882924,0.878428,0.799191,0.774343,0.837142,0.859739,0.899300,0.839362,0.846367,0.854005,0.840204,0.820858,0.885915,0.864649,0.872109,0.849103,0.865147,0.857106,0.858584,0.870061,0.820457,0.910663,0.863412,0.850895,0.865870,0.837190,0.858631,0.829439,0.830331,0.855931,0.858823,0.816453,0.794320,0.850343,0.854147,0.856591,0.811505,0.859206,0.877965,0.919368,0.853480,0.868081,0.866035,0.851752,0.899456
0.858255,0.903641,0.853641,0.904664,0.839157,0.893889,0.846218,0.850888,0.889399,0.823453,0.863149,0.878151,0.877254,0.796863,0.887434,0.853050,0.844683,0.799596,0.799411,0.828141,0.860232,0.828270,0.824613,0.868347,0.895109,0.845464,0.876003,0.818217,0.861721,0.820050,0.897336,0.851516,0.803867,0.831762,0.874102,0.855705,0.847290,0.806777,0.836430,0.897262,0.847997,0.857408,0.878625,0.861108,0.890410,0.886587,0.865248,0.812890,0.861015,0.786217,0.902004,0.904291,0.859885,0.815716,0.882470,0.874295,0.804028,0.921913,0.838519,0.869478,0.842241,0.864640,0.852035,0.916952,0.808331,0.878516,0.867890,0.874562,0.868245,0.879019,0.809517,0.876940,0.838671,0.850495,0.918950,0.881216,0.889630,0.881379,0.922036,0.843913,0.871880,0.888155,0.866946,0.830559,0.871657,0.869145,0.898899,0.894364,0.873399,0.879453,0.905725,0.860972,0.830802,0.891538,0.883588,0.873796,0.887717,0.821823,0.796676,0.846923,0.851677,0.891289,0.854031,0.840779,0.896291,0.863985,0.917229,0.837102,0.867993,0.884329,0.867162,0.819600,0.825256,0.806891,0.905264,0.841656,0.864070,0.707326,0.881459,0.858394,0.895563,0.881086,0.859192,0.870731,0.860357,0.858122,0.840863,0.831282,0.907867,0.865388,1.000000,0.882244,0.843184,0.888850,0.863582,0.896315,0.876528,0.877771,0.854213,0.883286,0.859844,0.802336,0.908376,0.829969,0.830399,0.864503,0.849891,0.835722,0.845841,0.821738,0.850865,0.863953,0.852255,0.893943,0.860231,0.897709,0.887925,0.891746,0.838343,0.871097,0.843046,0.889757,0.859159,0.853080,0.870356,0.885052,0.878803,0.881046,0.868031,0.876856,0.900804,0.879488,0.896655,0.878089,0.848206,0.862202,0.848759,0.864492,0.871452,0.840254,0.879192,0.918424,0.897440,0.830564,0.858471,0.905935,0.837004,0.900634,0.890960,0.870082,0.890609,0.865936,0.813825,0.903110,0.842859,0.869577,0.899050,0.845916,0.883934,0.828408,0.842331,0.872331,0.861810,0.829635,0.844882,0.826296,0.875988,0.883685,0.863020,0.894560,0.890981,0.916438,0.872489,0.892639,0.897041,0.859687,0.897416,0.872271,0.835094,0.861285,0.827551,0.871274,0.814717,0.867884,0.880890,0.880258,0.901120,0.876142,0.848179,0.797991,0.826769,0.828908,0.877388,0.810028,0.862538,0.865087,0.835199,0.866715,0.880455,0.867520,0.870943,0.874132,0.910601,0.889015,0.828400,0.880927,0.875502,0.899053,0.821679,0.862940,0.873440,0.894707,0.940753,0.856553,0.845917,0.863560,0.854320,0.901849,0.870262,0.881888,0.869865,0.881112,0.870997,0.878948,0.909075,0.901926,0.873101,0.889421,0.831527,0.883461,0.863724
0.861987,0.841891,0.851332,0.884159,0.849611,0.830463,0.866379,0.836245,0.899139,0.822089,0.859079,0.849356,0.855516,0.813593,0.850096,0.848039,0.833679,0.765986,0.803009,0.842825,0.886478,0.782970,0.821968,0.873027,0.866282,0.867093,0.850896,0.835254,0.875718,0.842213,0.896669,0.843299,0.827880,0.819489,0.896656,0.850946,0.839034,0.829744,0.839697,0.844541,0.853502,0.884194,0.865676,0.858601,0.893346,0.938568,0.862758,0.777257,0.863255,0.796879,0.852628,0.877740,0.802732,0.806092,0.809552,0.875372,0.808170,0.883387,0.841576,0.840009,0.845176,0.847093,0.854305,0.867293,0.816175,0.880053,0.875075,0.869798,0.839289,0.900933,0.835969,0.869413,0.826320,0.865608,0.876663,0.832093,0.867990,0.908222,0.889524,0.856381,0.884190,0.917919,0.861290,0.861132,0.831404,0.899161,0.900080,0.886515,0.853799,0.897821,0.898975,0.845546,0.862703,0.911090,0.869566,0.877339,0.940597,0.814800,0.814904,0.824303,0.865521,0.863930,0.838773,0.835252,0.835930,0.853181,0.935803,0.854752,0.882705,0.841617,0.824472,0.819632,0.818313,0.799074,0.855636,0.841162,0.892573,0.688108,0.876399,0.873556,0.906973,0.874769,0.852423,0.952785,0.862388,0.865951,0.809353,0.857019,0.865537,0.810469,0.882244,1.000000,0.830157,0.926417,0.885947,0.840513,0.903963,0.901090,0.875334,0.885529,0.862026,0.792859,0.883749,0.850142,0.853044,0.884080,0.891192,0.843497,0.833346,0.834092,0.850000,0.868925,0.881486,0.851609,0.834179,0.875628,0.833182,0.862700,0.831259,0.834020,0.829390,0.855441,0.834753,0.851735,0.884973,0.855804,0.878646,0.846386,0.846565,0.858804,0.923319,0.857876,0.856680,0.851721,0.830572,0.868827,0.884787,0.888619,0.905108,0.827338,0.861518,0.872334,0.860981,0.831158,0.863119,0.876447,0.862116,0.878246,0.881952,0.854161,0.859074,0.861619,0.796835,0.847316,0.830426,0.847739,0.889055,0.860515,0.878184,0.803242,0.855070,0.866237,0.853685,0.803581,0.822106,0.821996,0.922322,0.830101,0.878173,0.863604,0.865367,0.887951,0.851817,0.856940,0.894303,0.837470,0.875955,0.880318,0.840416,0.849324,0.824884,0.852935,0.808724,0.855136,0.924078,0.896802,0.888225,0.822538,0.830420,0.797612,0.848510,0.831629,0.827937,0.804812,0.857336,0.874422,0.846879,0.898431,0.852798,0.829514,0.840716,0.858210,0.895705,0.893385,0.830376,0.860495,0.860161,0.887885,0.828164,0.840181,0.865240,0.880888,0.925358,0.844812,0.861796,0.843265,0.850130,0.931158,0.869497,0.852401,0.855726,0.899131,0.859205,0.877506,0.884527,0.865485,0.863014,0.863880,0.812680,0.836772,0.839427
0.857518,0.875228,0.868908,0.870281,0.876589,0.847506,0.842222,0.896216,0.855992,0.877281,0.867824,0.849244,0.891650,0.860224,0.876492,0.849992,0.844471,0.804999,0.833041,0.860389,0.872125,0.845452,0.817652,0.838820,0.868712,0.849798,0.874474,0.840576,0.821011,0.864286,0.862124,0.873700,0.830337,0.873916,0.868118,0.844079,0.874201,0.846149,0.810461,0.805779,0.883415,0.858357,0.857163,0.849366,0.862243,0.842446,0.825538,0.801695,0.837997,0.851024,0.857476,0.857034,0.800144,0.912527,0.844340,0.859140,0.836708,0.856026,0.872148,0.905544,0.850246,0.863503,0.890703,0.843786,0.848451,0.880474,0.830761,0.845901,0.849045,0.842251,0.833320,0.876444,0.819001,0.910486,0.868095,0.848849,0.843636,0.848229,0.876388,0.886172,0.859630,0.846826,0.833526,0.875707,0.840772,0.825494,0.835363,0.871065,0.861228,0.864639,0.845548,0.869087,0.881243,0.878388,0.876134,0.851027,0.865785,0.842034,0.835167,0.870704,0.840427,0.862449,0.893166,0.889775,0.867756,0.870301,0.850358,0.869027,0.902840,0.840718,0.852757,0.861280,0.898258,0.876757,0.887199,0.841299,0.831234,0.682733,0.834664,0.847505,0.847326,0.909914,0.835648,0.843440,0.882972,0.855130,0.850664,0.855832,0.837105,0.873155,0.843184,0.830157,1.000000,0.831237,0.886272,0.868723,0.856117,0.877231,0.857725,0.848810,0.860847,0.832126,0.865670,0.858971,0.843129,0.853521,0.869256,0.899775,0.829898,0.841522,0.874793,0.835867,0.845061,0.906476,0.863009,0.860640,0.861312,0.828444,0.834660,0.876783,0.862743,0.896968,0.848989,0.897686,0.881272,0.841209,0.870871,0.894495,0.887974,0.914711,0.849508,0.905534,0.845766,0.867222,0.877003,0.881938,0.843052,0.851418,0.874539,0.902530,0.859184,0.898654,0.889145,0.910660,0.870136,0.857914,0.873047,0.855594,0.866126,0.856639,0.849423,0.843764,0.861822,0.873608,0.865983,0.906402,0.846973,0.860009,0.879166,0.831744,0.836515,0.866458,0.920092,0.832815,0.848010,0.871827,0.856306,0.868087,0.857406,0.819497,0.846948,0.862068,0.854170,0.884894,0.882288,0.905208,0.873621,0.885118,0.819380,0.829922,0.898464,0.890620,0.910866,0.881527,0.857518,0.857857,0.878062,0.931319,0.829247,0.799410,0.858364,0.915034,0.836466,0.886739,0.909639,0.859091,0.885161,0.845954,0.839465,0.857923,0.851040,0.846658,0.855360,0.860272,0.923212,0.831858,0.814110,0.891541,0.862515,0.858804,0.865569,0.852963,0.847963,0.851444,0.847914,0.825299,0.876700,0.838965,0.806542,0.866114,0.835731,0.869465,0.827173,0.893360,0.871308,0.900395,0.873915,0.901444,0.901112,0.835202,0.909673
0.864902,0.853337,0.864464,0.878504,0.836069,0.825205,0.874517,0.834993,0.919471,0.811528,0.860242,0.852479,0.840098,0.829535,0.835810,0.887879,0.858616,0.768952,0.832529,0.865148,0.874543,0.799057,0.806593,0.875266,0.888087,0.866693,0.866284,0.844295,0.831678,0.825552,0.894815,0.849084,0.822752,0.826958,0.892372,0.846444,0.837082,0.836794,0.841147,0.857426,0.853675,0.898502,0.860578,0.852319,0.912243,0.922004,0.889891,0.781275,0.883779,0.811355,0.895119,0.886851,0.792331,0.792830,0.836267,0.877727,0.838645,0.884892,0.860330,0.850124,0.850587,0.872135,0.852011,0.879098,0.843606,0.858603,0.869545,0.845755,0.858473,0.883994,0.838735,0.857009,0.860994,0.839737,0.884106,0.835800,0.870466,0.905489,0.889932,0.849630,0.885072,0.913659,0.878121,0.834136,0.827909,0.885083,0.891539,0.883838,0.854081,0.888182,0.870655,0.863246,0.850428,0.900787,0.865765,0.876942,0.933334,0.841730,0.839210,0.836652,0.874092,0.902776,0.839745,0.844743,0.856654,0.845183,0.922706,0.857470,0.867743,0.832272,0.830053,0.831181,0.800049,0.806888,0.852901,0.870362,0.904179,0.714317,0.894937,0.850503,0.905275,0.886111,0.840097,0.951667,0.862077,0.822579,0.789144,0.871603,0.875901,0.798908,0.888850,0.926417,0.831237,1.000000,0.903769,0.842515,0.866021,0.876047,0.854982,0.879138,0.878634,0.839794,0.874340,0.872795,0.855161,0.890136,0.866450,0.833945,0.851188,0.842494,0.849416,0.865359,0.894611,0.870485,0.840941,0.849992,0.844956,0.856033,0.827296,0.845419,0.844436,0.861891,0.829065,0.830683,0.876788,0.862292,0.890552,0.861895,0.842592,0.868341,0.899521,0.869063,0.834454,0.846073,0.851082,0.863712,0.897874,0.894044,0.911603,0.821872,0.883389,0.879145,0.876982,0.817944,0.879958,0.883790,0.833743,0.882386,0.892856,0.866965,0.827305,0.853929,0.782614,0.869591,0.832942,0.851552,0.876042,0.849614,0.858215,0.826604,0.853567,0.843628,0.859352,0.779790,0.836069,0.828926,0.887893,0.830226,0.874278,0.881403,0.889876,0.881422,0.846587,0.860880,0.886174,0.851460,0.867811,0.874438,0.804759,0.837712,0.823363,0.853594,0.804971,0.870832,0.893079,0.875600,0.875591,0.844437,0.832583,0.846530,0.867833,0.829410,0.817414,0.783280,0.851768,0.871319,0.849044,0.913520,0.853980,0.837628,0.831193,0.849993,0.879489,0.880571,0.845133,0.844491,0.855678,0.861180,0.826932,0.859915,0.853479,0.890472,0.903808,0.846726,0.840297,0.852206,0.864880,0.919984,0.862091,0.879763,0.860382,0.892476,0.866301,0.884257,0.864559,0.868048,0.855019,0.864272,0.828486,0.832603,0.860649
0.884213,0.887405,0.906713,0.883626,0.860719,0.857079,0.890492,0.882797,0.887586,0.851056,0.893164,0.832861,0.872121,0.858137,0.850824,0.907214,0.893435,0.810549,0.851869,0.891142,0.871828,0.846290,0.810272,0.860839,0.907523,0.879709,0.897345,0.867231,0.831127,0.844798,0.923337,0.908708,0.829529,0.864138,0.877037,0.846290,0.875228,0.875624,0.827566,0.857307,0.891578,0.915071,0.882057,0.861370,0.915442,0.876654,0.897853,0.808674,0.845022,0.858920,0.894373,0.884836,0.808651,0.838926,0.855477,0.881342,0.857456,0.880943,0.882025,0.894543,0.856136,0.910658,0.883692,0.877570,0.887502,0.878790,0.885981,0.860693,0.873125,0.872701,0.852496,0.868907,0.865383,0.886041,0.879038,0.855623,0.875242,0.904527,0.888045,0.890626,0.886183,0.933677,0.901670,0.882092,0.845963,0.919992,0.870164,0.892604,0.882261,0.906144,0.863716,0.913613,0.889129,0.919609,0.887915,0.880020,0.911245,0.860927,0.875913,0.898895,0.856239,0.915464,0.887677,0.894986,0.885847,0.867698,0.924918,0.883411,0.892096,0.847552,0.861008,0.860277,0.846837,0.858410,0.865187,0.906262,0.867760,0.736280,0.909862,0.856834,0.900068,0.901961,0.830003,0.912892,0.890738,0.824017,0.827810,0.882331,0.868814,0.838340,0.863582,0.885947,0.886272,0.903769,1.000000,0.855924,0.883692,0.878910,0.858198,0.865583,0.893509,0.859499,0.876618,0.890196,0.868671,0.925713,0.874102,0.884388,0.838606,0.887166,0.898002,0.878127,0.912008,0.892877,0.842680,0.857604,0.856631,0.838792,0.837080,0.866111,0.858504,0.883267,0.854993,0.882568,0.899363,0.887864,0.896919,0.886784,0.871661,0.888424,0.850551,0.873066,0.841809,0.858136,0.876088,0.884485,0.954177,0.920131,0.900905,0.891557,0.881778,0.887498,0.857871,0.884365,0.903844,0.906880,0.847856,0.871456,0.916696,0.856976,0.822981,0.845679,0.822678,0.883355,0.856533,0.900660,0.860346,0.870927,0.866919,0.848832,0.863589,0.854272,0.888442,0.809095,0.851625,0.872423,0.884997,0.864954,0.905236,0.856393,0.836422,0.905207,0.860976,0.877048,0.894158,0.893488,0.875527,0.894750,0.810208,0.852875,0.867933,0.882794,0.873961,0.901128,0.892567,0.879148,0.893402,0.890315,0.826520,0.848667,0.890716,0.887247,0.834522,0.846635,0.897144,0.881951,0.908924,0.921303,0.871438,0.859742,0.865458,0.850175,0.875317,0.871837,0.901370,0.847256,0.856443,0.880307,0.863538,0.863937,0.892639,0.861950,0.899136,0.845611,0.834798,0.860446,0.904367,0.906739,0.833732,0.917471,0.841133,0.882969,0.850070,0.902370,0.867942,0.898415,0.898829,0.894401,0.863004,0.853662,0.901705
0.877599,0.903944,0.859487,0.912607,0.853964,0.910338,0.827557,0.829645,0.866741,0.848848,0.838506,0.869386,0.871475,0.827752,0.896456,0.859225,0.864117,0.836789,0.820823,0.849915,0.886817,0.871350,0.829197,0.875942,0.870052,0.854439,0.879562,0.823476,0.834395,0.888064,0.878037,0.859675,0.813943,0.831053,0.873034,0.856766,0.889477,0.827316,0.829426,0.848654,0.883332,0.870978,0.876855,0.876972,0.871738,0.844427,0.829067,0.826220,0.852251,0.821056,0.857034,0.864082,0.870385,0.872403,0.889437,0.906039,0.808341,0.921719,0.846868,0.869572,0.854489,0.861067,0.857476,0.903319,0.823922,0.889051,0.870593,0.868245,0.889492,0.899429,0.841693,0.855787,0.806930,0.869206,0.882809,0.854525,0.870570,0.848750,0.870030,0.850359,0.866022,0.858787,0.851386,0.833333,0.880544,0.848038,0.874378,0.852292,0.888164,0.863641,0.856763,0.871740,0.830791,0.891340,0.866905,0.872513,0.856163,0.850109,0.820181,0.863785,0.883424,0.870679,0.859469,0.866587,0.897168,0.861979,0.864737,0.846611,0.850972,0.882146,0.869515,0.824536,0.851174,0.841746,0.899181,0.826430,0.840255,0.689592,0.843903,0.854654,0.882081,0.876776,0.845815,0.848844,0.857336,0.876766,0.853268,0.863197,0.889428,0.889342,0.896315,0.840513,0.868723,0.842515,0.855924,1.000000,0.881672,0.868572,0.859632,0.860377,0.867244,0.808154,0.905402,0.833870,0.858642,0.860927,0.836809,0.843819,0.842382,0.853071,0.836219,0.836698,0.840971,0.855596,0.844288,0.878424,0.893736,0.872475,0.854358,0.844833,0.814721,0.878127,0.862681,0.876428,0.847767,0.856390,0.861998,0.890421,0.872901,0.857622,0.860891,0.863534,0.868811,0.898844,0.852075,0.866525,0.834899,0.853853,0.860928,0.854786,0.860906,0.896745,0.870126,0.865244,0.865394,0.856846,0.871250,0.890093,0.885358,0.877898,0.864848,0.871152,0.828773,0.864962,0.854780,0.865031,0.878325,0.859336,0.884175,0.822771,0.825996,0.860272,0.858010,0.839881,0.843637,0.828852,0.865029,0.897346,0.852328,0.832273,0.833985,0.894068,0.889173,0.889629,0.889634,0.862079,0.864375,0.876741,0.863920,0.820548,0.861051,0.888692,0.851568,0.857088,0.869506,0.887676,0.892824,0.868953,0.842380,0.788965,0.848885,0.856867,0.891882,0.837140,0.866901,0.860332,0.840124,0.844516,0.859315,0.873569,0.846885,0.884995,0.896685,0.880700,0.843019,0.854275,0.862347,0.887452,0.855444,0.868769,0.861477,0.874139,0.893313,0.871383,0.856874,0.825881,0.842757,0.849917,0.848446,0.858760,0.835373,0.880246,0.859920,0.879480,0.886230,0.892549,0.853365,0.873412,0.850199,0.864560,0.872264
0.889259,0.897584,0.842059,0.903179,0.867704,0.887667,0.829566,0.854112,0.864777,0.884566,0.865538,0.829502,0.868958,0.812106,0.877034,0.843329,0.849369,0.828213,0.800080,0.841890,0.887704,0.830048,0.805518,0.848590,0.859503,0.877403,0.852875,0.839641,0.860168,0.862735,0.903383,0.868434,0.814122,0.822985,0.883035,0.834988,0.883196,0.817909,0.824700,0.849468,0.868716,0.864683,0.856821,0.833889,0.869115,0.881356,0.832746,0.824057,0.824660,0.797670,0.839845,0.867857,0.827507,0.843089,0.850364,0.888792,0.805309,0.911824,0.861031,0.855428,0.824242,0.867037,0.862710,0.895843,0.817254,0.891555,0.869931,0.912663,0.854947,0.883924,0.824644,0.883430,0.823252,0.889156,0.897264,0.840287,0.875078,0.877442,0.881841,0.875642,0.870609,0.914706,0.860206,0.855827,0.897233,0.894282,0.874970,0.869761,0.857271,0.883495,0.882376,0.855128,0.848050,0.903280,0.868791,0.890725,0.884838,0.815509,0.808284,0.842467,0.848474,0.856353,0.864482,0.846893,0.865847,0.875126,0.897832,0.874916,0.895661,0.867342,0.878273,0.818128,0.835794,0.816238,0.875104,0.831957,0.882160,0.684849,0.849651,0.841358,0.925809,0.879716,0.819537,0.882139,0.859365,0.866980,0.851454,0.856020,0.882662,0.851190,0.876528,0.903963,0.856117,0.866021,0.883692,0.881672,0.999999,0.876531,0.880659,0.840819,0.840144,0.785792,0.900677,0.849596,0.858551,0.884353,0.877487,0.862820,0.809151,0.859406,0.837860,0.882116,0.859666,0.841254,0.839621,0.895359,0.854344,0.854751,0.821663,0.843223,0.825991,0.885982,0.899856,0.882325,0.876904,0.857033,0.867515,0.860370,0.887931,0.849872,0.872854,0.855451,0.879486,0.872494,0.822429,0.891841,0.872936,0.865729,0.880819,0.852032,0.846021,0.886827,0.846200,0.859900,0.872841,0.900664,0.868102,0.888052,0.883980,0.854813,0.860411,0.825542,0.811912,0.842998,0.850399,0.856868,0.886414,0.857774,0.894058,0.808666,0.851042,0.874376,0.834175,0.845132,0.830988,0.829438,0.944864,0.860506,0.871869,0.838881,0.833938,0.897283,0.866441,0.885641,0.907332,0.847091,0.861302,0.882626,0.857016,0.840046,0.858856,0.876420,0.839608,0.857546,0.946138,0.914268,0.896006,0.850512,0.801962,0.787329,0.857398,0.856038,0.857524,0.847341,0.883524,0.886804,0.860422,0.869454,0.858313,0.848522,0.851401,0.863260,0.910977,0.861256,0.830199,0.840970,0.866803,0.887224,0.854054,0.840797,0.876989,0.857667,0.919636,0.834772,0.839169,0.843945,0.862318,0.888695,0.845027,0.847378,0.839086,0.913843,0.844056,0.869245,0.891470,0.897558,0.890891,0.867255,0.826816,0.867266,0.859655
0.866953,0.875446,0.890062,0.899304,0.879351,0.872466,0.843744,0.865858,0.882097,0.847765,0.871131,0.904325,0.892453,0.844647,0.912608,0.883440,0.871493,0.802044,0.824875,0.894856,0.907816,0.830707,0.828891,0.898986,0.883118,0.900618,0.897350,0.865315,0.911317,0.870700,0.915140,0.865256,0.855034,0.858706,0.905769,0.847279,0.872040,0.879123,0.832297,0.881881,0.908668,0.897875,0.906048,0.873967,0.911506,0.898209,0.839607,0.812667,0.871927,0.843661,0.866661,0.899984,0.774800,0.856647,0.861526,0.877190,0.853177,0.885547,0.898836,0.905902,0.865040,0.858787,0.886131,0.862399,0.863552,0.899072,0.894261,0.880272,0.865726,0.905536,0.871464,0.909053,0.840584,0.882373,0.872605,0.870350,0.865493,0.922415,0.899228,0.884985,0.896032,0.896400,0.885150,0.868699,0.862155,0.889359,0.876690,0.899774,0.912844,0.947542,0.911916,0.885218,0.890344,0.899054,0.865081,0.885421,0.905504,0.876896,0.872827,0.863396,0.890297,0.917319,0.886434,0.881780,0.853411,0.870414,0.908581,0.871906,0.878465,0.887113,0.863601,0.853973,0.844283,0.846318,0.906985,0.866866,0.878522,0.688021,0.858477,0.891220,0.902560,0.910954,0.869297,0.894272,0.877112,0.905788,0.828519,0.875553,0.878270,0.878046,0.877771,0.901090,0.877231,0.876047,0.878910,0.868572,0.876531,1.000000,0.921809,0.900736,0.921697,0.844678,0.885491,0.879877,0.858026,0.893909,0.898437,0.868860,0.865893,0.854049,0.855949,0.872319,0.889845,0.910848,0.884721,0.909385,0.885931,0.870866,0.832507,0.879050,0.850757,0.894120,0.877391,0.886248,0.893053,0.881241,0.917645,0.895146,0.864227,0.891088,0.892380,0.866021,0.889682,0.866782,0.881651,0.862158,0.877596,0.904394,0.930647,0.855639,0.871087,0.905955,0.895465,0.854545,0.877686,0.905499,0.916184,0.917563,0.900444,0.873481,0.922427,0.882581,0.818433,0.868731,0.855779,0.879345,0.906548,0.858911,0.908361,0.815243,0.859856,0.927890,0.879437,0.861896,0.864606,0.872943,0.894774,0.869078,0.917017,0.863357,0.858908,0.909272,0.878662,0.896628,0.919906,0.889709,0.914382,0.900419,0.895931,0.846743,0.844473,0.886112,0.855278,0.890083,0.904731,0.916522,0.930086,0.874997,0.834110,0.837855,0.876826,0.845446,0.892467,0.831433,0.865685,0.920306,0.877370,0.904592,0.889148,0.875782,0.851848,0.889760,0.882733,0.915715,0.869702,0.914067,0.854451,0.928861,0.866999,0.893859,0.903377,0.893888,0.902446,0.876889,0.868845,0.850322,0.886855,0.897828,0.844433,0.901990,0.857713,0.908713,0.869400,0.913284,0.913383,0.913113,0.880357,0.896770,0.874908,0.855403,0.896448
0.882162,0.869817,0.878316,0.919225,0.841755,0.869115,0.830844,0.848702,0.857832,0.871653,0.871193,0.877619,0.890508,0.811226,0.914949,0.855220,0.844184,0.808627,0.797883,0.848924,0.884776,0.812800,0.814851,0.864406,0.860496,0.850163,0.847033,0.842697,0.888965,0.833791,0.879410,0.840362,0.826815,0.849314,0.853671,0.827471,0.851615,0.851431,0.798195,0.872284,0.871879,0.860296,0.867790,0.836705,0.874821,0.874107,0.821525,0.818664,0.825676,0.787394,0.835631,0.885981,0.790148,0.841871,0.843603,0.866535,0.797140,0.892994,0.869039,0.858883,0.820240,0.846273,0.881355,0.877750,0.813808,0.892323,0.866580,0.876616,0.846626,0.879146,0.820748,0.889032,0.800599,0.860118,0.871798,0.830490,0.846855,0.869206,0.862634,0.859219,0.886065,0.864412,0.844611,0.855008,0.861078,0.862638,0.855870,0.879051,0.871090,0.891651,0.884857,0.863253,0.857453,0.885563,0.878867,0.881457,0.884472,0.823493,0.832673,0.845718,0.859961,0.893436,0.862202,0.875010,0.840146,0.857119,0.877818,0.885896,0.859257,0.891343,0.862355,0.808108,0.828309,0.815779,0.902556,0.827037,0.858702,0.678431,0.835459,0.859272,0.883450,0.884852,0.842756,0.863608,0.879736,0.874839,0.835949,0.834871,0.868730,0.877468,0.854213,0.875334,0.857725,0.854982,0.858198,0.859632,0.880659,0.921809,1.000000,0.863575,0.892387,0.792006,0.878151,0.836300,0.855416,0.869051,0.857986,0.876714,0.812708,0.829421,0.845256,0.855160,0.866195,0.884078,0.859757,0.881915,0.888328,0.840352,0.805874,0.857798,0.838382,0.874797,0.879938,0.918427,0.885284,0.865775,0.892162,0.854367,0.874056,0.862246,0.851909,0.837804,0.873422,0.838173,0.855136,0.868593,0.856482,0.873988,0.881802,0.836697,0.846766,0.889412,0.856250,0.839076,0.855292,0.870192,0.902967,0.903697,0.866149,0.856969,0.919907,0.851178,0.813511,0.840817,0.849546,0.855929,0.869938,0.851385,0.893120,0.827344,0.853547,0.944033,0.835778,0.864970,0.835615,0.830660,0.874288,0.866701,0.890579,0.856294,0.833198,0.876444,0.851628,0.861217,0.926906,0.848492,0.878308,0.882705,0.873547,0.844674,0.844365,0.858049,0.832429,0.857460,0.889739,0.873477,0.906172,0.860458,0.808648,0.783500,0.837930,0.843360,0.875344,0.827331,0.842665,0.880066,0.843977,0.877395,0.867211,0.830165,0.839557,0.869231,0.874824,0.882285,0.840976,0.919745,0.843662,0.902755,0.864511,0.852709,0.857278,0.863199,0.893504,0.848300,0.833807,0.900203,0.844070,0.857931,0.827354,0.858684,0.869003,0.890013,0.837717,0.882516,0.896047,0.889020,0.878751,0.879904,0.825614,0.841919,0.871470
0.916853,0.852606,0.890677,0.896238,0.874333,0.858490,0.885832,0.831039,0.893047,0.825196,0.880378,0.933270,0.886341,0.888999,0.883071,0.901929,0.871843,0.781115,0.892639,0.914229,0.899655,0.820979,0.929759,0.910579,0.919855,0.891363,0.897492,0.896173,0.891430,0.877927,0.903376,0.857316,0.901057,0.865206,0.899630,0.917190,0.872503,0.867679,0.898210,0.886194,0.898802,0.908611,0.932557,0.943397,0.934640,0.886251,0.858982,0.794968,0.922045,0.874869,0.879027,0.894579,0.787044,0.823938,0.857533,0.892742,0.865293,0.898840,0.869601,0.877994,0.924076,0.882625,0.890583,0.869951,0.878257,0.880628,0.894979,0.840924,0.917550,0.898253,0.882293,0.882055,0.831562,0.857052,0.886156,0.860601,0.846123,0.895496,0.895954,0.883129,0.891809,0.881477,0.870786,0.833513,0.836145,0.854931,0.929890,0.860646,0.899751,0.899484,0.870013,0.891742,0.868931,0.897699,0.870259,0.887883,0.880114,0.894773,0.882104,0.872312,0.905318,0.887927,0.862004,0.883019,0.859761,0.852334,0.886564,0.856833,0.864653,0.851555,0.824666,0.871016,0.812212,0.835736,0.880608,0.869115,0.866689,0.718486,0.874157,0.949369,0.897162,0.907624,0.943097,0.892481,0.846406,0.832205,0.807627,0.905368,0.902877,0.842309,0.883286,0.885529,0.848810,0.879138,0.865583,0.860377,0.840819,0.900736,0.863575,1.000000,0.930296,0.856251,0.883520,0.875213,0.893881,0.871877,0.896002,0.853526,0.921739,0.883508,0.868705,0.866273,0.889746,0.861981,0.842486,0.875766,0.878467,0.908354,0.935610,0.879686,0.828764,0.881672,0.841134,0.854386,0.853500,0.866432,0.887105,0.885832,0.857463,0.862548,0.881363,0.862419,0.853062,0.869175,0.879109,0.861836,0.873525,0.895177,0.908368,0.855005,0.917892,0.898497,0.883610,0.851700,0.890752,0.862489,0.856510,0.918432,0.894307,0.920938,0.871493,0.957296,0.812208,0.869416,0.851728,0.879179,0.920298,0.926401,0.883606,0.812002,0.868709,0.874611,0.890400,0.832534,0.843713,0.860095,0.855555,0.860801,0.902244,0.862119,0.838741,0.872221,0.932324,0.871782,0.892123,0.866136,0.902149,0.883861,0.809315,0.819698,0.851550,0.876516,0.832595,0.875865,0.887101,0.874736,0.903379,0.858700,0.945901,0.837302,0.880654,0.852962,0.840465,0.813876,0.851431,0.851094,0.869726,0.901314,0.867095,0.844745,0.829022,0.925750,0.856383,0.959610,0.859670,0.890152,0.879025,0.903359,0.853908,0.892878,0.875885,0.929985,0.896892,0.941831,0.933611,0.832347,0.865886,0.889735,0.884550,0.883994,0.821015,0.877410,0.901954,0.909224,0.890249,0.890444,0.840214,0.894035,0.840786,0.820810,0.871861
0.900204,0.862360,0.910336,0.911177,0.872971,0.865304,0.877185,0.849289,0.882581,0.845983,0.882748,0.891622,0.897157,0.873602,0.883516,0.933222,0.916485,0.798402,0.897300,0.940008,0.898421,0.845868,0.861997,0.916813,0.916680,0.898626,0.904912,0.918152,0.874364,0.862831,0.901551,0.871077,0.891647,0.888262,0.893284,0.882412,0.875067,0.921551,0.851769,0.896071,0.926668,0.936457,0.922402,0.909625,0.942578,0.863352,0.870925,0.805593,0.865115,0.882792,0.887844,0.916339,0.798585,0.824025,0.853865,0.878619,0.889575,0.887957,0.905385,0.909997,0.908895,0.894704,0.911707,0.876701,0.914324,0.882660,0.899221,0.850310,0.903728,0.893748,0.909556,0.895867,0.856913,0.863636,0.877508,0.857192,0.853406,0.908664,0.890346,0.896706,0.899234,0.898196,0.888070,0.836167,0.840350,0.879250,0.897213,0.873105,0.921755,0.927482,0.865979,0.931169,0.881434,0.896138,0.873321,0.889106,0.882660,0.926302,0.927326,0.895557,0.906332,0.916218,0.872491,0.915660,0.858461,0.852242,0.880933,0.875343,0.861581,0.867387,0.837929,0.893256,0.830519,0.869147,0.883109,0.897334,0.864208,0.725514,0.887395,0.897316,0.898008,0.916309,0.874651,0.895535,0.869843,0.835697,0.819654,0.915478,0.881429,0.853487,0.859844,0.862026,0.860847,0.878634,0.893509,0.867244,0.840144,0.921697,0.892387,0.930296,1.000000,0.892226,0.885666,0.913612,0.893704,0.900508,0.886612,0.862553,0.890040,0.906251,0.869688,0.871522,0.929444,0.889115,0.854769,0.874739,0.879917,0.853327,0.882971,0.887099,0.844503,0.872281,0.854639,0.875371,0.884019,0.886630,0.921255,0.901440,0.870882,0.873882,0.862629,0.854969,0.843831,0.871989,0.913176,0.861254,0.910219,0.929514,0.926038,0.881499,0.890701,0.893691,0.875017,0.873505,0.905962,0.895324,0.872162,0.911653,0.910040,0.877995,0.883741,0.897751,0.817216,0.879303,0.864115,0.890789,0.914571,0.901418,0.877902,0.826289,0.872333,0.895965,0.888215,0.838391,0.869072,0.885795,0.849262,0.865359,0.916996,0.858338,0.829188,0.898890,0.899251,0.878787,0.891671,0.885336,0.896316,0.905870,0.815032,0.828025,0.867637,0.894370,0.852364,0.902958,0.881353,0.871479,0.915760,0.884109,0.875781,0.879749,0.913293,0.874732,0.849940,0.833594,0.858500,0.863886,0.910334,0.917452,0.887724,0.865103,0.839259,0.909523,0.858225,0.911861,0.886485,0.906999,0.852245,0.905301,0.885168,0.894928,0.887934,0.877300,0.885033,0.909504,0.879134,0.846871,0.886755,0.870010,0.834568,0.911774,0.832524,0.871320,0.859219,0.906033,0.886082,0.892866,0.876708,0.908462,0.861555,0.832312,0.894015
0.842651,0.812448,0.851543,0.833028,0.836838,0.776377,0.845319,0.839174,0.857089,0.788142,0.815658,0.813835,0.813102,0.864883,0.814930,0.918131,0.852025,0.760986,0.899168,0.925382,0.846706,0.801118,0.803027,0.872816,0.861718,0.874597,0.855601,0.890398,0.804854,0.822610,0.877752,0.832960,0.840582,0.854020,0.850195,0.834840,0.840280,0.847295,0.832149,0.812107,0.906997,0.893736,0.860988,0.834560,0.937175,0.813662,0.850899,0.766978,0.845986,0.879527,0.847266,0.861458,0.726539,0.793563,0.816966,0.836202,0.954845,0.812761,0.913120,0.860921,0.877364,0.834531,0.845658,0.790892,0.939416,0.821336,0.870031,0.795751,0.853957,0.835282,0.887630,0.807683,0.911598,0.810009,0.811466,0.815379,0.819828,0.881753,0.848018,0.855282,0.840475,0.847896,0.870358,0.791208,0.798749,0.824876,0.841716,0.849732,0.839047,0.872972,0.792984,0.866471,0.835775,0.841137,0.834420,0.855710,0.810224,0.924713,0.943140,0.847290,0.872471,0.858448,0.822899,0.864015,0.817665,0.812185,0.831445,0.827289,0.821451,0.795969,0.802043,0.859776,0.788165,0.901211,0.824853,0.899677,0.846777,0.716189,0.856619,0.838007,0.860199,0.878656,0.828891,0.845939,0.810973,0.772247,0.763781,0.915989,0.818495,0.793918,0.802336,0.792859,0.832126,0.839794,0.859499,0.808154,0.785792,0.844678,0.792006,0.856251,0.892226,1.000000,0.799560,0.923712,0.853461,0.849049,0.851590,0.808384,0.873405,0.857353,0.821697,0.845675,0.882621,0.851251,0.809597,0.807883,0.801499,0.822078,0.826532,0.829849,0.810703,0.840030,0.810996,0.787036,0.833057,0.829533,0.847248,0.871419,0.817916,0.839955,0.801457,0.830002,0.776881,0.821436,0.861763,0.825862,0.861356,0.879358,0.893444,0.834473,0.842818,0.822871,0.829142,0.809614,0.868692,0.841581,0.815210,0.865275,0.875323,0.834652,0.778364,0.835384,0.751855,0.821963,0.786240,0.850502,0.857503,0.853819,0.804849,0.787643,0.820649,0.816038,0.868190,0.757552,0.844774,0.887477,0.798319,0.799145,0.864394,0.829898,0.795204,0.845222,0.834170,0.833337,0.818155,0.866481,0.841066,0.842025,0.774586,0.777252,0.817916,0.867923,0.853728,0.869603,0.829231,0.826626,0.841792,0.832976,0.822697,0.960846,0.902350,0.824610,0.781145,0.772852,0.804553,0.839683,0.877730,0.894521,0.835454,0.818002,0.793604,0.823780,0.809112,0.846904,0.879473,0.818625,0.814704,0.846613,0.798145,0.851958,0.842333,0.833525,0.824521,0.847027,0.833029,0.781272,0.868057,0.825926,0.804805,0.867780,0.783762,0.816137,0.845585,0.893160,0.789985,0.849427,0.802457,0.837612,0.878721,0.788418,0.883006
0.879730,0.903799,0.876628,0.920818,0.870736,0.926279,0.847115,0.850637,0.863541,0.860801,0.870391,0.881937,0.883352,0.797224,0.896691,0.878284,0.870121,0.843102,0.821692,0.854561,0.885636,0.870500,0.819193,0.858370,0.883076,0.855988,0.882701,0.853142,0.869948,0.870051,0.890991,0.879600,0.825631,0.850546,0.878977,0.845175,0.875058,0.856746,0.827255,0.879861,0.866142,0.879564,0.874441,0.882111,0.884478,0.862162,0.845052,0.839074,0.842390,0.797717,0.874109,0.871048,0.880103,0.844182,0.874570,0.891462,0.812256,0.965882,0.854489,0.885458,0.834069,0.866382,0.903593,0.959383,0.816749,0.915019,0.861396,0.917129,0.882031,0.889704,0.827170,0.894517,0.825980,0.892114,0.924046,0.858080,0.871861,0.879795,0.884386,0.887257,0.881513,0.887366,0.867376,0.863891,0.903045,0.879201,0.898749,0.874365,0.887481,0.895351,0.885402,0.882087,0.872759,0.918720,0.877727,0.889861,0.910167,0.834301,0.824126,0.856174,0.859916,0.897568,0.894764,0.873264,0.905610,0.900511,0.894957,0.870974,0.881515,0.880291,0.882659,0.836030,0.859472,0.819207,0.915554,0.838515,0.862373,0.711749,0.859416,0.862949,0.894976,0.887088,0.838913,0.882453,0.882577,0.871627,0.863597,0.860092,0.901750,0.873255,0.908376,0.883749,0.865670,0.874340,0.876618,0.905402,0.900677,0.885491,0.878151,0.883520,0.885666,0.799560,1.000000,0.833178,0.847201,0.892672,0.889845,0.856532,0.827206,0.839316,0.847502,0.890522,0.872222,0.867015,0.872277,0.886149,0.884069,0.878763,0.847711,0.881586,0.859692,0.883056,0.871872,0.902999,0.889489,0.877757,0.889276,0.876006,0.904102,0.863547,0.885245,0.866168,0.904681,0.899283,0.874950,0.906153,0.861364,0.876896,0.871480,0.873194,0.875141,0.923257,0.872307,0.882995,0.877190,0.881533,0.878164,0.897157,0.890418,0.872818,0.901506,0.868048,0.854496,0.871731,0.870013,0.885003,0.874406,0.849506,0.900228,0.854493,0.880546,0.884207,0.873788,0.860826,0.837460,0.825575,0.909950,0.882856,0.871315,0.845216,0.844260,0.907708,0.868131,0.898002,0.903473,0.855953,0.879748,0.910033,0.856356,0.839309,0.884613,0.885414,0.840018,0.864069,0.892534,0.897113,0.918941,0.884119,0.836184,0.796367,0.860619,0.892846,0.885398,0.865441,0.893451,0.875754,0.874138,0.866202,0.863541,0.864806,0.872992,0.897247,0.903012,0.886688,0.851963,0.879530,0.864343,0.894088,0.869558,0.870909,0.872895,0.875076,0.905872,0.852649,0.855126,0.849086,0.864691,0.891488,0.856882,0.873822,0.851754,0.918781,0.848904,0.865132,0.917327,0.895831,0.870552,0.898336,0.837432,0.863842,0.870738
0.870749,0.834223,0.874534,0.859432,0.861967,0.817999,0.872197,0.869217,0.865886,0.832526,0.873666,0.834440,0.853470,0.881821,0.844987,0.924210,0.866634,0.788888,0.886534,0.935748,0.880651,0.800023,0.835416,0.891072,0.896274,0.908808,0.870654,0.927236,0.840177,0.833845,0.897940,0.856469,0.876111,0.865799,0.905795,0.875514,0.855626,0.878629,0.842127,0.852769,0.914433,0.915826,0.895726,0.871193,0.942777,0.848322,0.880164,0.793045,0.869247,0.895397,0.887434,0.896059,0.774499,0.806916,0.819896,0.873723,0.929637,0.848340,0.930130,0.896092,0.902627,0.870409,0.853193,0.823294,0.946765,0.844207,0.896770,0.838713,0.869369,0.866105,0.897869,0.876341,0.897606,0.837648,0.833384,0.840236,0.848662,0.917678,0.885682,0.874948,0.879004,0.913816,0.886426,0.826176,0.828337,0.877143,0.867729,0.868953,0.864000,0.911121,0.836433,0.886933,0.847913,0.873955,0.843623,0.867039,0.866395,0.923239,0.937568,0.852412,0.893478,0.880482,0.840953,0.866989,0.833161,0.863379,0.875893,0.862314,0.867846,0.854526,0.835885,0.911123,0.805419,0.863062,0.851406,0.918787,0.867088,0.701759,0.893268,0.864535,0.903794,0.910939,0.846914,0.892999,0.854074,0.805182,0.788189,0.918518,0.844751,0.817330,0.829969,0.850142,0.858971,0.872795,0.890196,0.833870,0.849596,0.879877,0.836300,0.875213,0.913612,0.923712,0.833178,1.000000,0.864840,0.883405,0.873770,0.847996,0.890359,0.887892,0.863191,0.874878,0.911663,0.885662,0.836564,0.844670,0.823070,0.819060,0.859664,0.860393,0.819859,0.854759,0.846400,0.826667,0.874630,0.859844,0.886092,0.893641,0.845523,0.872747,0.845600,0.859850,0.828182,0.846465,0.885594,0.861121,0.896033,0.933214,0.940518,0.871997,0.888315,0.860118,0.862019,0.839320,0.913138,0.897251,0.837322,0.886846,0.912532,0.866792,0.823660,0.858788,0.770041,0.866413,0.842039,0.889136,0.890482,0.893608,0.847851,0.806452,0.860366,0.858190,0.869309,0.815087,0.892467,0.913903,0.841646,0.837698,0.895249,0.849627,0.837719,0.884231,0.876240,0.884039,0.874029,0.901796,0.869573,0.874818,0.795047,0.828201,0.839067,0.880354,0.836866,0.918044,0.898478,0.871242,0.869812,0.877478,0.845352,0.938239,0.923996,0.846779,0.819108,0.823648,0.851921,0.877127,0.903185,0.925606,0.854968,0.873540,0.821750,0.858542,0.857763,0.884754,0.869637,0.856373,0.843151,0.877313,0.863946,0.887906,0.891221,0.863853,0.878162,0.887931,0.862628,0.834777,0.903623,0.865585,0.817652,0.900570,0.829324,0.851555,0.849296,0.906074,0.845765,0.877335,0.879830,0.896799,0.858380,0.836998,0.878777
0.932794,0.850769,0.857138,0.877401,0.881225,0.825151,0.876440,0.834602,0.874443,0.884873,0.858942,0.855053,0.856519,0.889231,0.855927,0.879074,0.860021,0.791323,0.908944,0.902665,0.896636,0.828150,0.886167,0.889456,0.890423,0.882613,0.863052,0.896875,0.839127,0.896305,0.885081,0.841663,0.899643,0.867367,0.892685,0.902510,0.887970,0.843770,0.916295,0.842043,0.899573,0.902748,0.890312,0.895537,0.907773,0.861530,0.846859,0.808836,0.879711,0.859826,0.837262,0.851466,0.784761,0.825389,0.853335,0.891162,0.869298,0.872972,0.875287,0.852892,0.921225,0.868028,0.862184,0.845550,0.874288,0.853317,0.876260,0.820056,0.904362,0.868702,0.871142,0.863342,0.830116,0.836450,0.835591,0.854457,0.843497,0.880983,0.867992,0.867883,0.877452,0.867058,0.859705,0.842507,0.824537,0.841326,0.862586,0.842914,0.867099,0.864441,0.828683,0.887706,0.840738,0.888447,0.869982,0.883811,0.841238,0.878327,0.879107,0.849216,0.889140,0.846981,0.832384,0.870231,0.828581,0.844611,0.864079,0.858442,0.864511,0.827378,0.815631,0.853003,0.809913,0.836864,0.829269,0.848094,0.855458,0.741916,0.856557,0.886259,0.911583,0.887214,0.898732,0.870051,0.832728,0.828165,0.804830,0.912948,0.892380,0.822743,0.830399,0.853044,0.843129,0.855161,0.868671,0.858642,0.858551,0.858026,0.855416,0.893881,0.893704,0.853461,0.847201,0.864840,1.000000,0.873327,0.883073,0.844941,0.881793,0.904004,0.843224,0.845875,0.861699,0.834476,0.815755,0.851810,0.841169,0.863821,0.902276,0.825792,0.796548,0.874075,0.855614,0.853944,0.840851,0.856571,0.840707,0.859737,0.860430,0.834187,0.849774,0.837826,0.798866,0.847613,0.849079,0.842991,0.865105,0.867272,0.867145,0.849375,0.873020,0.842969,0.857533,0.847371,0.884535,0.858859,0.837132,0.889386,0.878913,0.905658,0.816418,0.881061,0.793305,0.819993,0.831402,0.856248,0.894366,0.929237,0.868461,0.794441,0.864590,0.849211,0.845365,0.821104,0.848312,0.865853,0.852930,0.840424,0.875561,0.831752,0.810774,0.853587,0.909113,0.845129,0.848208,0.846975,0.867425,0.882276,0.793329,0.815837,0.848646,0.874332,0.835476,0.855822,0.877162,0.844833,0.875103,0.826813,0.884323,0.834181,0.886697,0.837964,0.814073,0.811791,0.830451,0.842117,0.860650,0.887210,0.849706,0.823644,0.817975,0.895967,0.851902,0.896825,0.841146,0.823406,0.858701,0.855508,0.856905,0.873908,0.863590,0.877177,0.867291,0.892906,0.910598,0.814873,0.853548,0.850452,0.853771,0.845307,0.807030,0.848594,0.868347,0.896168,0.848641,0.876771,0.849872,0.867461,0.837752,0.828760,0.870921
0.889927,0.904200,0.901864,0.883112,0.866704,0.886887,0.861524,0.860406,0.882123,0.874226,0.872781,0.852043,0.873433,0.819307,0.883650,0.908967,0.894815,0.841636,0.831814,0.896211,0.887154,0.860656,0.809926,0.867042,0.899987,0.882880,0.903592,0.863647,0.850465,0.840701,0.950376,0.920931,0.828529,0.855289,0.882697,0.826923,0.887387,0.867160,0.801119,0.877932,0.894408,0.911147,0.885435,0.871552,0.915915,0.853147,0.876047,0.829630,0.844958,0.846897,0.875951,0.880216,0.791034,0.826390,0.863472,0.903302,0.856534,0.902758,0.887699,0.881871,0.842046,0.871326,0.880725,0.886347,0.894179,0.875350,0.899959,0.902506,0.875874,0.868474,0.854455,0.868777,0.861561,0.863999,0.862008,0.844365,0.879887,0.913636,0.882480,0.883918,0.878201,0.927976,0.950781,0.869747,0.875297,0.932933,0.875531,0.883686,0.924846,0.915366,0.867867,0.920331,0.884165,0.913866,0.886664,0.891444,0.885926,0.849742,0.880483,0.887173,0.865262,0.909153,0.871933,0.888452,0.888802,0.887531,0.914540,0.874374,0.869169,0.871666,0.906871,0.846696,0.841438,0.841958,0.871807,0.899336,0.876182,0.728960,0.895439,0.858931,0.937172,0.902433,0.823355,0.902928,0.874683,0.840768,0.816375,0.869337,0.891893,0.851049,0.864503,0.884080,0.853521,0.890136,0.925713,0.860927,0.884353,0.893909,0.869051,0.871877,0.900508,0.849049,0.892672,0.883405,0.873327,1.000000,0.878870,0.860541,0.831188,0.864281,0.872131,0.892224,0.920070,0.872729,0.861235,0.883565,0.870996,0.861064,0.832461,0.859151,0.858619,0.877261,0.890774,0.869792,0.891003,0.887536,0.894303,0.879059,0.860365,0.861468,0.877859,0.849368,0.874024,0.882164,0.877373,0.885366,0.908235,0.923519,0.896448,0.852115,0.869065,0.879811,0.853127,0.859080,0.889697,0.889452,0.866749,0.877298,0.938448,0.872357,0.853265,0.845034,0.814321,0.869778,0.845782,0.884766,0.871174,0.855740,0.863478,0.846072,0.862656,0.879011,0.869046,0.844125,0.882446,0.864211,0.885250,0.872902,0.912490,0.860294,0.838299,0.923418,0.887321,0.885269,0.901136,0.895611,0.873252,0.897958,0.832838,0.865080,0.852681,0.890663,0.868419,0.902640,0.901493,0.889277,0.920297,0.869654,0.819540,0.847755,0.900917,0.861568,0.887053,0.828149,0.870082,0.899800,0.878983,0.926456,0.870404,0.883194,0.852043,0.888505,0.901625,0.889131,0.880532,0.855882,0.872140,0.887124,0.865130,0.878109,0.888329,0.868850,0.912123,0.849044,0.838758,0.860403,0.881514,0.893971,0.851143,0.916811,0.844377,0.892344,0.848862,0.893984,0.865043,0.905169,0.891651,0.880957,0.855002,0.875951,0.892994
0.896660,0.857337,0.861359,0.886083,0.918207,0.843634,0.864698,0.845714,0.873893,0.863026,0.858921,0.869275,0.889186,0.849655,0.883064,0.869506,0.847783,0.793061,0.856512,0.880561,0.912760,0.849022,0.860625,0.869706,0.875810,0.900392,0.862736,0.876907,0.886995,0.881055,0.874949,0.857743,0.863052,0.862043,0.909991,0.870109,0.875662,0.851294,0.845350,0.843121,0.889031,0.880520,0.873580,0.881916,0.908257,0.875038,0.842126,0.805162,0.864008,0.855543,0.846950,0.877303,0.777685,0.813882,0.840175,0.873983,0.876571,0.881178,0.878116,0.881178,0.867767,0.877028,0.905887,0.869369,0.865216,0.885238,0.857972,0.854650,0.872421,0.887510,0.864146,0.894896,0.845911,0.873658,0.886409,0.829684,0.839795,0.895013,0.863114,0.898903,0.882659,0.883403,0.871177,0.884990,0.836545,0.847599,0.892954,0.856392,0.861907,0.915607,0.853789,0.873507,0.899548,0.907606,0.871605,0.875244,0.883498,0.868078,0.856743,0.849978,0.870457,0.854686,0.871500,0.865270,0.861146,0.862337,0.884255,0.862770,0.893680,0.843062,0.828239,0.848673,0.826233,0.851433,0.878260,0.850220,0.858453,0.712275,0.859202,0.881192,0.889848,0.908651,0.859691,0.886812,0.860765,0.854987,0.817028,0.911290,0.852383,0.847669,0.849891,0.891192,0.869256,0.866450,0.874102,0.836809,0.877487,0.898437,0.857986,0.896002,0.886612,0.851590,0.889845,0.873770,0.883073,0.878870,1.000000,0.857353,0.836749,0.861401,0.837783,0.875918,0.874651,0.849997,0.855872,0.860243,0.834336,0.856892,0.867051,0.868973,0.850333,0.871541,0.840387,0.863167,0.866555,0.836967,0.877974,0.898231,0.875179,0.862120,0.887271,0.844610,0.839566,0.863393,0.867600,0.883611,0.859114,0.889142,0.918209,0.864623,0.861895,0.888930,0.864843,0.871742,0.891997,0.861577,0.882962,0.892826,0.882051,0.859332,0.859066,0.873717,0.812128,0.845143,0.853668,0.882485,0.895886,0.876051,0.879550,0.803813,0.872610,0.877954,0.883959,0.835306,0.836756,0.841251,0.898736,0.832041,0.866174,0.818826,0.827596,0.881296,0.870825,0.861571,0.886009,0.860677,0.877372,0.945374,0.835837,0.819738,0.865748,0.881772,0.854329,0.860140,0.895104,0.895618,0.879840,0.861326,0.859006,0.832146,0.892672,0.872961,0.823813,0.835535,0.862486,0.879823,0.873122,0.876334,0.844674,0.841048,0.835069,0.883655,0.882230,0.891828,0.866011,0.855956,0.837815,0.891280,0.853587,0.876195,0.848889,0.879066,0.874212,0.866833,0.884915,0.810561,0.873505,0.878253,0.837505,0.858540,0.827235,0.894830,0.842809,0.873470,0.876777,0.879876,0.859272,0.870187,0.854592,0.809537,0.873530
0.861686,0.861620,0.864558,0.887555,0.861070,0.849523,0.835194,0.886082,0.845224,0.865993,0.891656,0.842055,0.931253,0.831431,0.876246,0.850115,0.838169,0.814193,0.817156,0.855707,0.866627,0.825647,0.814244,0.817421,0.885269,0.843451,0.831563,0.840558,0.845869,0.837787,0.867036,0.848725,0.834178,0.898958,0.841463,0.835169,0.875084,0.857337,0.805368,0.819310,0.880423,0.850824,0.868957,0.836095,0.859281,0.841529,0.817000,0.819554,0.809048,0.827182,0.876995,0.886458,0.777770,0.893483,0.822808,0.828318,0.804551,0.857989,0.872244,0.889835,0.845350,0.860560,0.896556,0.833091,0.832747,0.879608,0.822885,0.861035,0.847528,0.847153,0.815545,0.886770,0.800776,0.907789,0.884288,0.827701,0.840169,0.836783,0.876459,0.896535,0.869886,0.860877,0.851276,0.864850,0.847132,0.844221,0.831586,0.857377,0.859323,0.857042,0.864587,0.878269,0.866976,0.856089,0.870221,0.859982,0.872506,0.829905,0.831785,0.852043,0.825848,0.850003,0.879084,0.894660,0.834293,0.869139,0.849766,0.913774,0.893348,0.843091,0.837279,0.834334,0.887578,0.836131,0.875672,0.838885,0.835845,0.701271,0.833699,0.839321,0.855719,0.893682,0.821269,0.840997,0.875255,0.873141,0.885118,0.842190,0.832661,0.862012,0.835722,0.843497,0.899775,0.833945,0.884388,0.843819,0.862820,0.868860,0.876714,0.853526,0.862553,0.808384,0.856532,0.847996,0.844941,0.860541,0.857353,1.000000,0.807615,0.824952,0.897625,0.867636,0.848164,0.894511,0.851212,0.854654,0.854084,0.816219,0.835552,0.890385,0.871812,0.878274,0.877369,0.921489,0.876487,0.847380,0.872664,0.868338,0.881312,0.915212,0.821263,0.870955,0.852772,0.831292,0.841426,0.880984,0.860095,0.848966,0.867745,0.902107,0.860499,0.895757,0.853508,0.904810,0.866980,0.855108,0.862840,0.853925,0.860819,0.843511,0.856829,0.832007,0.872107,0.884395,0.923626,0.897083,0.849039,0.853120,0.909066,0.822603,0.865765,0.875790,0.870911,0.859624,0.826008,0.868602,0.872983,0.849006,0.867705,0.846705,0.826619,0.864987,0.860904,0.866567,0.885597,0.867209,0.860419,0.878780,0.822309,0.849330,0.881357,0.859039,0.870862,0.865360,0.876939,0.861106,0.870193,0.870588,0.826994,0.784230,0.846940,0.892396,0.828989,0.883949,0.901119,0.846342,0.893194,0.846678,0.832969,0.832522,0.841860,0.864612,0.844700,0.856321,0.875959,0.839969,0.815889,0.864169,0.880621,0.830308,0.862063,0.844380,0.866017,0.856439,0.844243,0.855716,0.845379,0.851081,0.805997,0.849740,0.837610,0.874449,0.817242,0.879256,0.886187,0.887696,0.886186,0.902489,0.848551,0.825464,0.871943
0.872633,0.821822,0.858365,0.847327,0.825095,0.818945,0.852220,0.832443,0.875894,0.786644,0.861008,0.871532,0.829082,0.879046,0.833598,0.894218,0.855389,0.766059,0.896678,0.890000,0.865408,0.792072,0.883990,0.911720,0.910323,0.868469,0.900988,0.885677,0.840674,0.865093,0.889943,0.844376,0.882747,0.846903,0.868167,0.895379,0.843338,0.842059,0.917123,0.859940,0.876754,0.895287,0.926228,0.892209,0.913497,0.851519,0.870450,0.781043,0.937825,0.850518,0.863868,0.855818,0.765581,0.809542,0.837488,0.889800,0.877507,0.852558,0.863789,0.861987,0.931874,0.847403,0.829218,0.817026,0.874335,0.833060,0.912368,0.808043,0.897745,0.876689,0.874953,0.853183,0.854406,0.808278,0.848366,0.858125,0.840239,0.880040,0.895960,0.842178,0.862699,0.861073,0.845158,0.798390,0.816295,0.824347,0.882540,0.840593,0.853615,0.865269,0.852125,0.862205,0.821797,0.851380,0.834413,0.880066,0.837569,0.884688,0.878333,0.829870,0.913263,0.867536,0.820128,0.831690,0.829983,0.834855,0.870571,0.807439,0.848146,0.826250,0.809523,0.867064,0.780199,0.813142,0.826949,0.868743,0.850293,0.706267,0.879016,0.897628,0.873061,0.866469,0.918774,0.857012,0.828222,0.804698,0.772214,0.892367,0.875416,0.793424,0.845841,0.833346,0.829898,0.851188,0.838606,0.842382,0.809151,0.865893,0.812708,0.921739,0.890040,0.873405,0.827206,0.890359,0.881793,0.831188,0.836749,0.807615,1.000000,0.874387,0.859597,0.852561,0.840558,0.854593,0.811512,0.843048,0.842860,0.904466,0.900061,0.836697,0.780745,0.857033,0.831796,0.805461,0.832856,0.849055,0.855747,0.851730,0.815797,0.847393,0.837189,0.855326,0.822217,0.839542,0.854618,0.829635,0.852768,0.865410,0.884656,0.833695,0.932839,0.850170,0.877507,0.813493,0.854045,0.868073,0.801206,0.901812,0.871762,0.923834,0.821774,0.901986,0.766429,0.836403,0.804701,0.860773,0.894730,0.913801,0.856689,0.783957,0.846861,0.833122,0.839086,0.781837,0.854868,0.867788,0.821152,0.838517,0.876971,0.862250,0.829848,0.837844,0.909588,0.860773,0.850767,0.848857,0.871519,0.835115,0.787308,0.821439,0.820507,0.853180,0.782419,0.880319,0.863845,0.832371,0.856626,0.838083,0.897668,0.868832,0.860046,0.814160,0.819998,0.790364,0.825876,0.837264,0.845619,0.881321,0.852800,0.838385,0.816059,0.883681,0.825306,0.916665,0.812667,0.856450,0.902028,0.862207,0.822354,0.892527,0.873030,0.927157,0.857901,0.911103,0.902678,0.815763,0.851718,0.871212,0.911366,0.867061,0.799430,0.831504,0.933443,0.911929,0.859125,0.862292,0.829440,0.881555,0.821076,0.814590,0.840389
0.919173,0.871365,0.874589,0.866363,0.892194,0.843241,0.877842,0.827456,0.838658,0.852758,0.866827,0.836040,0.845821,0.880420,0.832201,0.894100,0.917357,0.791598,0.906693,0.907535,0.876206,0.858977,0.864451,0.892921,0.887609,0.905562,0.890768,0.901687,0.841416,0.899096,0.894778,0.853834,0.899501,0.840846,0.891991,0.893990,0.895276,0.890414,0.872011,0.847383,0.918147,0.922923,0.903870,0.889463,0.917457,0.835695,0.855063,0.803428,0.846444,0.891390,0.850220,0.852550,0.791357,0.809346,0.861940,0.874030,0.869717,0.850777,0.866114,0.879419,0.894484,0.898595,0.876404,0.851942,0.902472,0.866202,0.873287,0.809834,0.891752,0.869003,0.904452,0.874533,0.817679,0.855527,0.832535,0.832964,0.822562,0.872259,0.845662,0.881877,0.869465,0.887376,0.846591,0.844481,0.810259,0.869022,0.864963,0.830609,0.883479,0.874533,0.811091,0.894861,0.855754,0.874345,0.838355,0.859612,0.830857,0.895687,0.893742,0.888428,0.880643,0.856624,0.861359,0.886400,0.843049,0.823619,0.853960,0.833585,0.850776,0.812707,0.806284,0.888474,0.805534,0.834162,0.822137,0.866213,0.826629,0.706697,0.866283,0.870297,0.899460,0.886734,0.851103,0.857748,0.815056,0.812499,0.805711,0.903151,0.882313,0.831237,0.821738,0.834092,0.841522,0.842494,0.887166,0.853071,0.859406,0.854049,0.829421,0.883508,0.906251,0.857353,0.839316,0.887892,0.904004,0.864281,0.861401,0.824952,0.874387,1.000000,0.832216,0.821255,0.883719,0.816030,0.811366,0.846227,0.841212,0.839877,0.894675,0.818732,0.774741,0.867821,0.832065,0.845847,0.838335,0.835311,0.852553,0.872908,0.857506,0.805061,0.813651,0.817691,0.786434,0.851947,0.844219,0.843144,0.897521,0.892690,0.880553,0.878123,0.859253,0.869660,0.848982,0.870221,0.909548,0.879479,0.812963,0.897306,0.880517,0.875564,0.801482,0.858055,0.789727,0.835522,0.826432,0.850920,0.903157,0.917066,0.866168,0.778884,0.845594,0.837068,0.837496,0.821126,0.845003,0.859495,0.834835,0.840086,0.880673,0.804227,0.793672,0.848287,0.901989,0.855341,0.845910,0.851253,0.850848,0.865802,0.776792,0.779626,0.876127,0.879041,0.826262,0.861032,0.877107,0.841545,0.868287,0.848211,0.864625,0.838416,0.906020,0.860660,0.807046,0.844815,0.842665,0.838577,0.891090,0.878380,0.834595,0.830730,0.813560,0.878039,0.836135,0.881743,0.841074,0.835700,0.829006,0.865489,0.879832,0.870813,0.861121,0.848113,0.863340,0.882784,0.884531,0.790901,0.869401,0.830594,0.806299,0.869475,0.782343,0.844213,0.828134,0.891050,0.849763,0.878020,0.854900,0.861738,0.825027,0.808568,0.864611
0.855876,0.850147,0.883236,0.857284,0.824715,0.838240,0.860251,0.874020,0.865891,0.823747,0.896481,0.841314,0.890381,0.834545,0.854249,0.882061,0.858446,0.805563,0.852141,0.867299,0.846555,0.799186,0.831782,0.844974,0.929166,0.823752,0.872828,0.841112,0.836837,0.833734,0.889483,0.886590,0.830570,0.885362,0.837573,0.850395,0.836922,0.847972,0.826799,0.826415,0.852897,0.863373,0.890219,0.854889,0.884210,0.823865,0.878738,0.801896,0.845764,0.817451,0.901493,0.867137,0.779793,0.838246,0.813216,0.861234,0.821216,0.859799,0.856141,0.901498,0.863705,0.880694,0.864973,0.831342,0.851226,0.844083,0.855055,0.838568,0.850207,0.843832,0.833948,0.858561,0.836154,0.850861,0.863788,0.842518,0.861131,0.857786,0.894329,0.857583,0.841538,0.870335,0.869381,0.819031,0.841144,0.857099,0.852945,0.867351,0.864104,0.851245,0.861502,0.885281,0.864385,0.862802,0.886563,0.854840,0.869869,0.835927,0.842347,0.854254,0.847542,0.866458,0.848935,0.863797,0.833414,0.848680,0.877739,0.856227,0.863044,0.832661,0.847571,0.819087,0.820525,0.795730,0.854611,0.870507,0.834462,0.725755,0.883557,0.864341,0.861621,0.878056,0.845793,0.858491,0.885180,0.805955,0.804930,0.840362,0.852702,0.821189,0.850865,0.850000,0.874793,0.849416,0.898002,0.836219,0.837860,0.855949,0.845256,0.868705,0.869688,0.821697,0.847502,0.863191,0.843224,0.872131,0.837783,0.897625,0.859597,0.832216,1.000000,0.864489,0.864907,0.887159,0.837492,0.829484,0.824452,0.840306,0.849976,0.872882,0.860572,0.852932,0.856794,0.857197,0.869473,0.870087,0.871754,0.862495,0.836299,0.898067,0.820022,0.883826,0.830244,0.841233,0.873120,0.858037,0.878642,0.869017,0.863455,0.859381,0.899672,0.886279,0.863241,0.855475,0.860439,0.869268,0.827942,0.847702,0.875998,0.876248,0.833348,0.860849,0.814085,0.890326,0.848595,0.915047,0.840336,0.866467,0.851004,0.822937,0.834795,0.859015,0.857372,0.803869,0.835328,0.871877,0.843485,0.838040,0.900594,0.875413,0.836181,0.866827,0.866893,0.875047,0.866645,0.889312,0.880785,0.851202,0.782350,0.924507,0.851567,0.847928,0.837883,0.895623,0.867640,0.830797,0.867368,0.886559,0.848611,0.801342,0.844541,0.867105,0.840519,0.826240,0.856821,0.835882,0.862192,0.879310,0.843657,0.863177,0.859016,0.853008,0.842139,0.871494,0.838885,0.853021,0.870097,0.859730,0.826051,0.876395,0.877932,0.881662,0.880830,0.873776,0.853694,0.878576,0.846516,0.862999,0.850879,0.910383,0.823750,0.853203,0.856741,0.901601,0.884956,0.873399,0.889317,0.922290,0.804359,0.839670,0.861652
0.860585,0.868235,0.865373,0.901024,0.837505,0.878232,0.818341,0.845504,0.871133,0.831008,0.862571,0.860827,0.865827,0.795585,0.874530,0.887850,0.853582,0.870968,0.817577,0.877264,0.862698,0.818441,0.797454,0.873374,0.882981,0.863513,0.880135,0.866992,0.876987,0.816433,0.906903,0.894634,0.806853,0.836868,0.864768,0.813355,0.861198,0.845277,0.813146,0.869796,0.868040,0.895555,0.861644,0.834066,0.904247,0.857454,0.856212,0.864174,0.838187,0.822382,0.862291,0.881876,0.805023,0.812015,0.824797,0.863248,0.847867,0.883811,0.895113,0.871621,0.841725,0.849786,0.901372,0.856538,0.845623,0.905988,0.876484,0.931166,0.863949,0.878447,0.842720,0.877502,0.893786,0.868309,0.918913,0.823993,0.861259,0.905325,0.902375,0.909474,0.880352,0.912292,0.890570,0.852132,0.910639,0.877964,0.906274,0.875525,0.862511,0.896855,0.898776,0.886614,0.893155,0.890861,0.870730,0.946361,0.882452,0.846504,0.846180,0.836804,0.869942,0.884612,0.870663,0.856567,0.865065,0.882446,0.900309,0.865835,0.890707,0.860052,0.885347,0.831435,0.826973,0.831077,0.884631,0.910525,0.897672,0.719582,0.868568,0.851206,0.885735,0.881351,0.829015,0.878933,0.869982,0.842731,0.850500,0.875169,0.844440,0.826377,0.863953,0.868925,0.835867,0.865359,0.878127,0.836698,0.882116,0.872319,0.855160,0.866273,0.871522,0.845675,0.890522,0.874878,0.845875,0.892224,0.875918,0.867636,0.852561,0.821255,0.864489,1.000000,0.891918,0.857511,0.847134,0.859111,0.862904,0.846626,0.830292,0.900485,0.872481,0.861683,0.877119,0.864216,0.870922,0.871669,0.892634,0.860097,0.893975,0.870236,0.864261,0.854312,0.918815,0.859683,0.870334,0.923412,0.872031,0.879515,0.899894,0.849890,0.880495,0.877074,0.838584,0.844693,0.871924,0.882998,0.850563,0.872602,0.890850,0.853797,0.876442,0.837913,0.817112,0.857014,0.878686,0.886430,0.868527,0.836406,0.879119,0.821887,0.907511,0.880386,0.858422,0.848301,0.855101,0.841960,0.908500,0.857304,0.912562,0.853931,0.828095,0.908575,0.850359,0.868338,0.904778,0.872173,0.891386,0.875679,0.827851,0.864073,0.853030,0.876342,0.828697,0.889671,0.912100,0.889188,0.889990,0.856254,0.815280,0.852106,0.878558,0.862904,0.854195,0.832285,0.871182,0.899232,0.887540,0.892882,0.858587,0.846411,0.834668,0.867253,0.874235,0.881692,0.842047,0.875814,0.870317,0.879181,0.827703,0.847492,0.877757,0.867961,0.885791,0.836847,0.839400,0.856134,0.863552,0.912579,0.863592,0.879848,0.814728,0.902301,0.874743,0.886336,0.885900,0.875689,0.859341,0.893000,0.832904,0.868777,0.864733
0.883373,0.874702,0.909403,0.886126,0.864292,0.859083,0.848234,0.845406,0.864288,0.835890,0.871950,0.842502,0.869391,0.846300,0.851278,0.930154,0.915137,0.826779,0.856634,0.922673,0.876205,0.831848,0.812930,0.883554,0.895634,0.889531,0.886349,0.890850,0.851484,0.824734,0.911540,0.885451,0.849494,0.850423,0.887381,0.830886,0.860307,0.905501,0.811991,0.877395,0.897494,0.932212,0.887448,0.871064,0.940199,0.849495,0.887219,0.819010,0.841478,0.858365,0.880177,0.886253,0.797331,0.800900,0.830474,0.888682,0.880293,0.880616,0.897240,0.883574,0.856689,0.868452,0.895434,0.868853,0.908583,0.871539,0.906837,0.872768,0.883432,0.867607,0.877499,0.869841,0.888825,0.864142,0.867088,0.823211,0.874740,0.925389,0.880145,0.892932,0.882110,0.925079,0.912556,0.837336,0.856964,0.922482,0.882363,0.890636,0.904017,0.913621,0.856112,0.921480,0.891124,0.897289,0.885080,0.891702,0.875585,0.877394,0.908545,0.887796,0.873471,0.908324,0.867518,0.899236,0.866472,0.866528,0.893826,0.872510,0.849814,0.842400,0.870162,0.859086,0.817720,0.850453,0.857653,0.919890,0.889549,0.712736,0.902656,0.865579,0.906159,0.891834,0.831259,0.915572,0.863581,0.808631,0.813174,0.895229,0.867963,0.831373,0.852255,0.881486,0.845061,0.894611,0.912008,0.840971,0.859666,0.889845,0.866195,0.889746,0.929444,0.882621,0.872222,0.911663,0.861699,0.920070,0.874651,0.848164,0.840558,0.883719,0.864907,0.891918,1.000000,0.855354,0.842639,0.863030,0.847661,0.843723,0.846593,0.855413,0.849078,0.853801,0.852054,0.858130,0.889981,0.894997,0.911636,0.878213,0.864551,0.846717,0.855148,0.843781,0.853983,0.864162,0.899379,0.886278,0.926841,0.954580,0.925723,0.862295,0.865335,0.881283,0.835070,0.860260,0.897285,0.884839,0.854918,0.875168,0.924018,0.860868,0.854599,0.847045,0.807460,0.848009,0.841084,0.881291,0.881471,0.866880,0.855538,0.819104,0.873456,0.867911,0.870938,0.821950,0.854560,0.868851,0.872357,0.853474,0.934937,0.864421,0.817466,0.903665,0.867664,0.868021,0.878845,0.875070,0.876366,0.886541,0.789118,0.845202,0.865048,0.878954,0.855408,0.902172,0.892922,0.882604,0.915860,0.873929,0.833526,0.875474,0.916119,0.876748,0.843361,0.826292,0.854240,0.874343,0.914604,0.943640,0.874156,0.851401,0.854253,0.871445,0.860615,0.885091,0.879438,0.858590,0.867759,0.885970,0.860181,0.867061,0.887407,0.861314,0.893336,0.863595,0.834997,0.854444,0.875737,0.881084,0.847252,0.914018,0.827196,0.890556,0.845092,0.887127,0.869124,0.874227,0.858994,0.894860,0.839156,0.860090,0.879425
0.842499,0.871614,0.885183,0.876290,0.830900,0.840195,0.857056,0.920198,0.877192,0.849419,0.880681,0.874430,0.889639,0.836671,0.889217,0.874534,0.838006,0.792497,0.826596,0.870309,0.867159,0.817814,0.813960,0.861930,0.905580,0.847265,0.870986,0.864455,0.845310,0.811406,0.890084,0.851829,0.826446,0.908552,0.869695,0.849144,0.846692,0.856119,0.824478,0.847276,0.873324,0.861481,0.880802,0.846304,0.887304,0.874516,0.863450,0.809210,0.856968,0.828236,0.913166,0.907215,0.782953,0.867294,0.864703,0.855214,0.853357,0.871147,0.907207,0.913881,0.861523,0.871757,0.855085,0.856521,0.852700,0.870057,0.859805,0.851300,0.839510,0.860799,0.829940,0.881119,0.853303,0.869910,0.871990,0.899003,0.883423,0.874459,0.919867,0.859365,0.883442,0.876460,0.867624,0.847126,0.832729,0.864347,0.863013,0.911966,0.851401,0.891846,0.871195,0.871879,0.856170,0.881796,0.879406,0.865462,0.901407,0.862756,0.858987,0.858747,0.853233,0.913030,0.877202,0.882524,0.863665,0.876745,0.893834,0.907034,0.888460,0.874762,0.858294,0.875526,0.861547,0.848513,0.909677,0.869579,0.870377,0.705517,0.875625,0.856561,0.878452,0.918587,0.850507,0.858822,0.907329,0.865023,0.837190,0.835629,0.861683,0.876566,0.893943,0.851609,0.906476,0.870485,0.892877,0.855596,0.841254,0.910848,0.884078,0.861981,0.889115,0.851251,0.867015,0.885662,0.834476,0.872729,0.849997,0.894511,0.854593,0.816030,0.887159,0.857511,0.855354,1.000000,0.888123,0.868063,0.878689,0.844044,0.814118,0.902911,0.890602,0.887374,0.860926,0.880682,0.915661,0.895150,0.898087,0.889051,0.861809,0.947881,0.870645,0.929671,0.868576,0.852978,0.892361,0.862647,0.874723,0.877242,0.892876,0.880282,0.895286,0.907592,0.925632,0.858953,0.874655,0.912825,0.853853,0.887057,0.884015,0.851048,0.868156,0.860232,0.828041,0.931584,0.872322,0.909854,0.865660,0.855721,0.874169,0.867770,0.839554,0.886275,0.897725,0.831741,0.883142,0.903212,0.849665,0.881398,0.873421,0.890837,0.915955,0.893617,0.852550,0.909388,0.906629,0.910024,0.914486,0.878262,0.848582,0.871313,0.844561,0.882940,0.857578,0.904003,0.872108,0.865267,0.885976,0.906767,0.817075,0.841567,0.848948,0.853114,0.868291,0.845172,0.884305,0.864470,0.878436,0.875231,0.895824,0.890055,0.882352,0.839261,0.871231,0.878066,0.883374,0.889526,0.838281,0.893978,0.850781,0.873292,0.906786,0.869901,0.885784,0.848569,0.833534,0.871312,0.896103,0.885117,0.822167,0.903833,0.911467,0.862326,0.861858,0.902800,0.882757,0.903095,0.892681,0.914807,0.879408,0.857667,0.905318
0.844225,0.873150,0.862618,0.854496,0.855639,0.847529,0.820464,0.881223,0.835381,0.861052,0.844995,0.870747,0.864516,0.810606,0.883297,0.842781,0.829961,0.817343,0.789595,0.844342,0.848793,0.826165,0.804053,0.836989,0.849306,0.842779,0.875342,0.848411,0.850850,0.826321,0.878055,0.867231,0.813529,0.868801,0.853990,0.825352,0.854871,0.872155,0.801033,0.833765,0.854466,0.826513,0.852232,0.844241,0.859069,0.831248,0.809765,0.824703,0.841073,0.816915,0.865793,0.870382,0.790341,0.839633,0.862895,0.827495,0.815723,0.865967,0.858608,0.897327,0.814351,0.828577,0.849025,0.863124,0.810241,0.872258,0.815904,0.861540,0.817146,0.830469,0.815427,0.868578,0.816088,0.859147,0.846417,0.861950,0.847877,0.856368,0.864394,0.851235,0.863984,0.840810,0.867313,0.857035,0.829238,0.855594,0.850739,0.858022,0.853158,0.868808,0.841841,0.862516,0.868678,0.857448,0.840130,0.836906,0.869473,0.836507,0.826540,0.842422,0.821404,0.868170,0.903292,0.870142,0.854011,0.881744,0.869473,0.853746,0.869163,0.853541,0.867436,0.843120,0.860277,0.810876,0.877651,0.847176,0.833117,0.722817,0.816710,0.840131,0.852985,0.903095,0.844159,0.824281,0.866594,0.869209,0.827494,0.817865,0.849636,0.866574,0.860231,0.834179,0.863009,0.840941,0.842680,0.844288,0.839621,0.884721,0.859757,0.842486,0.854769,0.809597,0.872277,0.836564,0.815755,0.861235,0.855872,0.851212,0.811512,0.811366,0.837492,0.847134,0.842639,0.888123,1.000000,0.850735,0.849377,0.844294,0.799969,0.869272,0.874273,0.864427,0.867034,0.889321,0.867649,0.852028,0.922667,0.886709,0.841193,0.894984,0.841689,0.875131,0.855762,0.840297,0.895177,0.850438,0.823373,0.840547,0.856695,0.872353,0.849881,0.901911,0.888876,0.856261,0.865030,0.849985,0.859839,0.866295,0.875651,0.835657,0.852363,0.841062,0.832854,0.890919,0.838155,0.872154,0.846223,0.825306,0.863701,0.898837,0.822485,0.878854,0.863826,0.850519,0.871950,0.834424,0.835048,0.846570,0.853436,0.837733,0.864274,0.874561,0.832879,0.902508,0.889737,0.898354,0.876041,0.892411,0.841282,0.830970,0.870178,0.885135,0.853220,0.875823,0.852807,0.861588,0.871333,0.889755,0.797167,0.801137,0.840297,0.848329,0.863765,0.850029,0.877861,0.866130,0.854004,0.840009,0.855832,0.883466,0.851249,0.834662,0.851365,0.854621,0.869896,0.865048,0.812745,0.893135,0.850091,0.851037,0.847171,0.865602,0.858088,0.813719,0.829711,0.828101,0.880490,0.847593,0.805196,0.878041,0.872319,0.865218,0.834642,0.855640,0.856420,0.882523,0.850413,0.875842,0.868947,0.824801,0.894581
0.880900,0.912844,0.861822,0.890158,0.841331,0.901062,0.800700,0.859082,0.852784,0.882164,0.880309,0.863304,0.877309,0.846687,0.891163,0.860105,0.853344,0.809089,0.795100,0.851944,0.867954,0.850130,0.818367,0.858394,0.859367,0.873469,0.875529,0.837682,0.898391,0.853505,0.908550,0.856452,0.827771,0.814396,0.880863,0.850060,0.867685,0.839773,0.820968,0.893428,0.886771,0.867162,0.883813,0.862780,0.892107,0.882233,0.823457,0.799305,0.850388,0.792080,0.845387,0.871286,0.816412,0.857836,0.880358,0.892569,0.810031,0.898292,0.853817,0.853644,0.829975,0.843711,0.871175,0.895364,0.830134,0.886363,0.885748,0.895952,0.881948,0.864358,0.823007,0.899470,0.814371,0.880810,0.879440,0.849994,0.878519,0.890464,0.901464,0.873928,0.880993,0.884071,0.867430,0.855337,0.873413,0.878284,0.869913,0.886789,0.897918,0.906694,0.913651,0.871913,0.844999,0.869877,0.887997,0.871662,0.864932,0.837123,0.825135,0.881693,0.851458,0.870466,0.870731,0.869315,0.892280,0.866019,0.879018,0.839725,0.867745,0.903590,0.910537,0.834523,0.851648,0.851745,0.906736,0.827030,0.845032,0.658468,0.837651,0.863991,0.902913,0.885397,0.852089,0.863768,0.848549,0.893143,0.837729,0.848730,0.889085,0.879683,0.897709,0.875628,0.860640,0.849992,0.857604,0.878424,0.895359,0.909385,0.881915,0.875766,0.874739,0.807883,0.886149,0.844670,0.851810,0.883565,0.860243,0.854654,0.843048,0.846227,0.829484,0.859111,0.863030,0.868063,0.850735,0.999999,0.929317,0.888267,0.840826,0.853754,0.815627,0.927443,0.864167,0.886594,0.887275,0.881566,0.889589,0.885373,0.888099,0.850595,0.878422,0.845866,0.912058,0.877896,0.848044,0.874606,0.842562,0.881861,0.872268,0.857586,0.856854,0.888866,0.870558,0.849737,0.855790,0.893552,0.852015,0.898858,0.887007,0.870586,0.903064,0.854079,0.825200,0.848106,0.857289,0.856860,0.891654,0.856489,0.901525,0.809871,0.843488,0.882234,0.864100,0.866500,0.832795,0.835236,0.884845,0.924660,0.882264,0.845890,0.845137,0.893624,0.886648,0.881471,0.902947,0.851689,0.879499,0.889055,0.847587,0.831630,0.844623,0.891482,0.861877,0.877068,0.884860,0.883489,0.928490,0.877200,0.825097,0.807036,0.842605,0.848408,0.877129,0.839181,0.868118,0.884636,0.856924,0.870680,0.875690,0.854666,0.844606,0.886074,0.901433,0.890555,0.861996,0.876711,0.865584,0.937480,0.845174,0.859739,0.891325,0.873734,0.900780,0.864917,0.849323,0.855504,0.853073,0.871505,0.860440,0.869154,0.845117,0.874981,0.854213,0.872171,0.894576,0.929629,0.874590,0.879760,0.879873,0.874533,0.878691
0.880180,0.932106,0.874373,0.909017,0.831590,0.915340,0.804775,0.845954,0.862481,0.860838,0.876227,0.899725,0.881969,0.830516,0.909461,0.858144,0.859439,0.841263,0.799432,0.843746,0.862951,0.885071,0.818201,0.864019,0.869227,0.844868,0.888651,0.830350,0.859038,0.850104,0.887452,0.856783,0.812100,0.826245,0.856494,0.845642,0.877878,0.845441,0.823932,0.890950,0.864611,0.856541,0.879644,0.857050,0.875730,0.858425,0.817614,0.848106,0.850649,0.804917,0.840110,0.873502,0.797624,0.860657,0.924528,0.882670,0.795593,0.903645,0.847974,0.858600,0.831458,0.859942,0.882969,0.896765,0.812648,0.903158,0.869166,0.884596,0.884535,0.871527,0.819529,0.890364,0.798472,0.865863,0.897133,0.851190,0.856865,0.846270,0.889038,0.864944,0.872594,0.862666,0.843831,0.852886,0.876046,0.845023,0.876495,0.854304,0.885652,0.884082,0.904882,0.869766,0.867632,0.859337,0.882715,0.895893,0.865946,0.834762,0.815056,0.877173,0.854481,0.882848,0.891258,0.882937,0.922262,0.850531,0.865218,0.857603,0.858670,0.903578,0.904065,0.827683,0.851887,0.843362,0.920595,0.836195,0.833122,0.679982,0.830718,0.864228,0.872434,0.890522,0.850393,0.836005,0.851422,0.880850,0.863742,0.841987,0.896712,0.922906,0.887925,0.833182,0.861312,0.844956,0.856631,0.893736,0.854344,0.885931,0.888328,0.878467,0.879917,0.801499,0.884069,0.823070,0.841169,0.870996,0.834336,0.854084,0.842860,0.841212,0.824452,0.862904,0.847661,0.878689,0.849377,0.929317,1.000000,0.881268,0.845806,0.894395,0.854898,0.920436,0.868182,0.886096,0.875981,0.874189,0.884148,0.869039,0.892974,0.861446,0.859940,0.858878,0.893832,0.868209,0.862261,0.875687,0.834834,0.859821,0.859887,0.845893,0.859915,0.896876,0.874048,0.847293,0.863658,0.870547,0.847425,0.898582,0.868461,0.874719,0.887673,0.858222,0.828722,0.871573,0.888456,0.851187,0.867568,0.857853,0.891571,0.828495,0.854396,0.885341,0.869682,0.887060,0.846777,0.828450,0.868363,0.956999,0.872206,0.844507,0.852860,0.875570,0.890599,0.872420,0.922462,0.851202,0.885568,0.875495,0.856206,0.826607,0.842183,0.893257,0.852768,0.864247,0.866532,0.858140,0.911294,0.872218,0.832937,0.794825,0.832079,0.843586,0.890661,0.819237,0.853902,0.866811,0.842750,0.847501,0.876467,0.846997,0.841455,0.875850,0.878109,0.890000,0.860471,0.878570,0.849532,0.912756,0.849157,0.856369,0.866316,0.878037,0.883499,0.860205,0.847186,0.872600,0.852525,0.860826,0.847323,0.867220,0.852000,0.874451,0.854417,0.883296,0.887475,0.922217,0.859580,0.874313,0.868008,0.852242,0.890642
0.892861,0.888248,0.863360,0.872711,0.824932,0.873549,0.840883,0.836458,0.881292,0.829582,0.849341,0.899261,0.847000,0.851092,0.880716,0.856643,0.830420,0.793864,0.833257,0.846091,0.861750,0.835994,0.876636,0.879361,0.890210,0.850895,0.888022,0.841179,0.861874,0.868708,0.907079,0.849171,0.843074,0.837346,0.859927,0.876797,0.863542,0.805259,0.897946,0.879334,0.851963,0.853563,0.901267,0.868044,0.889554,0.866978,0.837799,0.804476,0.916150,0.789268,0.860772,0.852973,0.781713,0.833820,0.891928,0.909616,0.819941,0.908967,0.827189,0.844271,0.877908,0.825577,0.839281,0.885768,0.824179,0.852504,0.908332,0.851922,0.909403,0.865767,0.821437,0.832830,0.838763,0.837182,0.877981,0.873605,0.887872,0.867267,0.890306,0.843968,0.859694,0.862650,0.865495,0.826490,0.858545,0.865311,0.896428,0.872878,0.856466,0.856411,0.865765,0.840338,0.824733,0.869819,0.870727,0.881417,0.855031,0.840180,0.815918,0.829894,0.877656,0.869353,0.855556,0.836278,0.893929,0.873680,0.885070,0.825685,0.866055,0.850337,0.863982,0.820194,0.809143,0.814385,0.872160,0.842241,0.856980,0.691044,0.858075,0.910407,0.889780,0.864649,0.916519,0.854683,0.838265,0.843563,0.805656,0.856711,0.905394,0.842227,0.891746,0.862700,0.828444,0.856033,0.838792,0.872475,0.854751,0.870866,0.840352,0.908354,0.853327,0.822078,0.878763,0.819060,0.863821,0.861064,0.856892,0.816219,0.904466,0.839877,0.840306,0.846626,0.843723,0.844044,0.844294,0.888267,0.881268,0.999999,0.889383,0.825031,0.817101,0.895292,0.866134,0.847434,0.849220,0.871288,0.857366,0.848468,0.837595,0.847286,0.868216,0.858386,0.865332,0.883276,0.843304,0.853863,0.836581,0.857263,0.853073,0.821882,0.901642,0.873614,0.873584,0.831410,0.840642,0.851330,0.823218,0.904060,0.879527,0.924473,0.859303,0.898939,0.802705,0.840462,0.812233,0.842266,0.868598,0.892479,0.856620,0.809287,0.831957,0.865167,0.850102,0.812567,0.849457,0.837940,0.853619,0.872037,0.875711,0.878440,0.844264,0.860117,0.913271,0.874056,0.877735,0.838333,0.876721,0.860586,0.825215,0.829282,0.827496,0.874102,0.817018,0.850488,0.867980,0.851935,0.878836,0.830384,0.890552,0.812392,0.831659,0.830234,0.881657,0.801380,0.837375,0.858513,0.828664,0.863021,0.881383,0.855811,0.863431,0.898162,0.864310,0.924092,0.818073,0.847659,0.927031,0.890120,0.822972,0.869605,0.869045,0.939600,0.893005,0.882506,0.894831,0.829174,0.832238,0.886428,0.948678,0.851190,0.840793,0.859426,0.934086,0.887044,0.868845,0.890725,0.830458,0.865449,0.821139,0.863425,0.845434
0.917680,0.841662,0.854164,0.865445,0.866277,0.837713,0.859001,0.808154,0.848520,0.833113,0.857720,0.886944,0.855248,0.901668,0.850097,0.874974,0.843795,0.776369,0.897780,0.888449,0.882524,0.809939,0.941758,0.881891,0.895546,0.875080,0.871385,0.880767,0.844020,0.895525,0.867581,0.836537,0.914644,0.835624,0.890907,0.942170,0.869717,0.835044,0.918124,0.846502,0.879564,0.883294,0.905960,0.935191,0.896661,0.836625,0.825571,0.788829,0.894706,0.873222,0.856710,0.859138,0.777958,0.803955,0.841649,0.882342,0.843610,0.871633,0.837414,0.858903,0.942764,0.867549,0.862466,0.833047,0.861299,0.850830,0.864193,0.810400,0.920595,0.876101,0.867008,0.862591,0.807596,0.832078,0.848166,0.835597,0.812508,0.848184,0.868726,0.863465,0.850680,0.855353,0.838161,0.820948,0.813932,0.817348,0.888680,0.806956,0.857859,0.851110,0.824302,0.868797,0.835218,0.855149,0.841935,0.847386,0.835315,0.885107,0.855753,0.843397,0.894546,0.822082,0.838116,0.865118,0.834570,0.837367,0.842121,0.825089,0.851085,0.821300,0.801910,0.868345,0.787733,0.811421,0.829876,0.842255,0.814790,0.688147,0.839783,0.940516,0.864575,0.891801,0.926355,0.848928,0.809744,0.797327,0.786511,0.906495,0.869266,0.819277,0.838343,0.831259,0.834660,0.827296,0.837080,0.854358,0.821663,0.832507,0.805874,0.935610,0.882971,0.826532,0.847711,0.859664,0.902276,0.832461,0.867051,0.835552,0.900061,0.894675,0.849976,0.830292,0.846593,0.814118,0.799969,0.840826,0.845806,0.889383,1.000000,0.840501,0.782816,0.870205,0.817605,0.828570,0.811660,0.821770,0.837726,0.877492,0.850530,0.835794,0.828351,0.841056,0.805970,0.863964,0.840465,0.845532,0.833469,0.857368,0.867707,0.859687,0.895095,0.861182,0.861220,0.851113,0.892094,0.834607,0.800356,0.875738,0.863489,0.913392,0.815666,0.929905,0.788913,0.840904,0.848437,0.853035,0.895849,0.955735,0.863338,0.775588,0.835890,0.835007,0.865028,0.821702,0.828339,0.843782,0.819531,0.847631,0.864664,0.814802,0.805557,0.827373,0.945432,0.852386,0.847406,0.841389,0.865883,0.859186,0.762673,0.793421,0.842847,0.870203,0.808122,0.856553,0.855750,0.833079,0.845994,0.841615,0.967838,0.811891,0.865969,0.840799,0.811023,0.812948,0.835351,0.814189,0.853213,0.849405,0.820409,0.835430,0.799009,0.934709,0.829168,0.934124,0.833614,0.827654,0.844547,0.861975,0.855657,0.864566,0.848084,0.899459,0.856906,0.955950,0.963933,0.793880,0.836178,0.832952,0.860984,0.850325,0.773047,0.832530,0.870803,0.889674,0.855838,0.872555,0.827676,0.880871,0.805683,0.799066,0.837099
0.845419,0.881432,0.881160,0.902580,0.850725,0.889286,0.844572,0.854795,0.859405,0.827803,0.879554,0.911452,0.895693,0.813400,0.907258,0.882002,0.848882,0.845134,0.833050,0.862177,0.881896,0.828899,0.820070,0.858257,0.897391,0.839313,0.879954,0.848370,0.855074,0.830927,0.875701,0.878202,0.819034,0.868772,0.853267,0.843645,0.864973,0.849514,0.807818,0.859649,0.858455,0.858746,0.873054,0.857853,0.883133,0.833993,0.835817,0.860606,0.842160,0.843193,0.881777,0.898030,0.822033,0.829369,0.851003,0.832087,0.819287,0.880856,0.884812,0.892873,0.854067,0.904696,0.894652,0.857373,0.837673,0.900005,0.841916,0.883283,0.864539,0.866717,0.841082,0.905398,0.847258,0.868918,0.909070,0.832738,0.824811,0.852874,0.899789,0.886520,0.884860,0.868958,0.861333,0.844180,0.870739,0.830617,0.873829,0.852410,0.865794,0.883686,0.889259,0.886536,0.902799,0.868717,0.863333,0.899399,0.885195,0.859973,0.839202,0.857587,0.855724,0.878789,0.885428,0.867904,0.866377,0.874691,0.867588,0.885795,0.873679,0.869513,0.861500,0.851711,0.857557,0.832819,0.914127,0.859628,0.847317,0.727047,0.855226,0.864738,0.847004,0.914914,0.857279,0.846622,0.860401,0.837313,0.880602,0.860253,0.836450,0.859720,0.871097,0.834020,0.876783,0.845419,0.866111,0.844833,0.843223,0.879050,0.857798,0.879686,0.887099,0.829849,0.881586,0.860393,0.825792,0.859151,0.868973,0.890385,0.836697,0.818732,0.872882,0.900485,0.855413,0.902911,0.869272,0.853754,0.894395,0.825031,0.840501,1.000000,0.924551,0.868460,0.859260,0.879252,0.856680,0.848112,0.894848,0.885997,0.899292,0.894645,0.843887,0.862225,0.887955,0.855006,0.875059,0.889785,0.857892,0.859019,0.887051,0.870593,0.873706,0.892082,0.865589,0.868388,0.881810,0.867686,0.850171,0.860829,0.870906,0.847916,0.884202,0.873437,0.843320,0.915242,0.917127,0.886687,0.859214,0.851514,0.886032,0.843815,0.885996,0.883941,0.886439,0.898343,0.852958,0.850814,0.872982,0.888442,0.889787,0.850372,0.839652,0.889974,0.856981,0.872719,0.918802,0.880615,0.894095,0.873999,0.835442,0.854691,0.853444,0.883030,0.839805,0.875179,0.885244,0.854940,0.872105,0.893697,0.848115,0.819549,0.844154,0.856774,0.862223,0.849624,0.876666,0.864886,0.875564,0.858019,0.840775,0.849921,0.830556,0.854923,0.852925,0.888099,0.864865,0.878008,0.823119,0.872019,0.856268,0.863305,0.854617,0.874160,0.881397,0.862695,0.852505,0.853157,0.873127,0.868529,0.815225,0.890065,0.835960,0.878300,0.837494,0.892196,0.889901,0.886424,0.862542,0.901661,0.836118,0.836646,0.882312
0.811555,0.861113,0.868546,0.865161,0.828679,0.844034,0.829297,0.853253,0.842562,0.812573,0.846654,0.856202,0.875963,0.766562,0.878530,0.845013,0.827805,0.825934,0.791211,0.831498,0.845195,0.823370,0.762773,0.809202,0.858957,0.803331,0.848894,0.811363,0.811229,0.800428,0.855478,0.859315,0.765737,0.873326,0.818371,0.795015,0.846300,0.823093,0.774990,0.802483,0.822840,0.822873,0.821863,0.800200,0.850431,0.817321,0.842627,0.837230,0.805870,0.792451,0.866318,0.866937,0.785252,0.831097,0.826359,0.810128,0.810032,0.856190,0.871070,0.879112,0.804208,0.851506,0.875175,0.842419,0.799864,0.873203,0.809599,0.864591,0.814342,0.828066,0.800496,0.855787,0.835390,0.859256,0.880296,0.821861,0.846376,0.826807,0.871852,0.858925,0.841345,0.842008,0.858630,0.825326,0.853977,0.835879,0.836436,0.845624,0.828428,0.850518,0.850622,0.860918,0.886672,0.848970,0.862575,0.876600,0.881269,0.812569,0.803918,0.828243,0.815993,0.859319,0.877871,0.850961,0.859612,0.873359,0.849314,0.885833,0.859542,0.815225,0.847925,0.802735,0.860857,0.810727,0.884460,0.849213,0.850569,0.726665,0.847759,0.811687,0.832124,0.874691,0.803325,0.840714,0.876927,0.832537,0.861802,0.825724,0.819118,0.840677,0.843046,0.829390,0.862743,0.844436,0.858504,0.814721,0.825991,0.850757,0.838382,0.828764,0.844503,0.810703,0.859692,0.819859,0.796548,0.858619,0.850333,0.871812,0.780745,0.774741,0.860572,0.872481,0.849078,0.890602,0.874273,0.815627,0.854898,0.817101,0.782816,0.924551,0.999999,0.831176,0.853588,0.863900,0.854163,0.861440,0.875672,0.844790,0.871839,0.898890,0.841478,0.878672,0.840593,0.830143,0.867730,0.872782,0.845733,0.830313,0.849572,0.848153,0.838073,0.877355,0.849202,0.854341,0.860484,0.834906,0.846476,0.827607,0.850230,0.809131,0.831523,0.814437,0.852494,0.895345,0.867497,0.865301,0.812768,0.803058,0.849788,0.861598,0.847643,0.857001,0.867317,0.842306,0.836829,0.836378,0.861549,0.839124,0.858794,0.862202,0.863141,0.868094,0.809043,0.857451,0.885154,0.869795,0.868713,0.867696,0.809096,0.863870,0.849391,0.850624,0.840250,0.844089,0.858529,0.841052,0.843002,0.858964,0.789996,0.798612,0.825290,0.850316,0.832246,0.832173,0.863933,0.850126,0.854547,0.835821,0.846485,0.825486,0.858549,0.806494,0.846148,0.833254,0.853591,0.838199,0.810166,0.837225,0.810776,0.821457,0.842407,0.840750,0.852951,0.796248,0.805385,0.842220,0.853381,0.852010,0.803424,0.864755,0.856962,0.868385,0.817765,0.858665,0.843890,0.848033,0.836185,0.867695,0.828935,0.829139,0.875127
0.898518,0.920339,0.881220,0.894692,0.871983,0.887065,0.828951,0.878202,0.880397,0.893836,0.883005,0.873098,0.891560,0.884172,0.877558,0.866341,0.870243,0.817895,0.842268,0.867989,0.878446,0.867070,0.835505,0.871041,0.879193,0.878056,0.894292,0.851277,0.867458,0.880539,0.910842,0.875624,0.842538,0.864387,0.888032,0.864129,0.888506,0.835687,0.867703,0.872022,0.896011,0.879963,0.878609,0.864435,0.890343,0.893312,0.826797,0.818693,0.864027,0.835854,0.860366,0.879497,0.791888,0.881714,0.921249,0.877676,0.847430,0.895601,0.857648,0.885230,0.862269,0.876818,0.878913,0.883562,0.855542,0.887656,0.867806,0.873384,0.886408,0.884332,0.842122,0.884511,0.822384,0.887627,0.887758,0.879202,0.864858,0.868060,0.906250,0.878640,0.878931,0.872093,0.862208,0.869597,0.854654,0.864331,0.876230,0.887051,0.879896,0.887461,0.891943,0.871252,0.857572,0.871204,0.893095,0.874560,0.871678,0.855397,0.849785,0.884424,0.864920,0.873153,0.898393,0.889634,0.907219,0.860775,0.878833,0.854497,0.891384,0.887921,0.873616,0.844761,0.854678,0.866711,0.905870,0.849517,0.845037,0.681067,0.836702,0.877738,0.899113,0.906041,0.867597,0.854994,0.858531,0.885021,0.835604,0.865693,0.892713,0.902811,0.889757,0.855441,0.896968,0.861891,0.883267,0.878127,0.885982,0.894120,0.874797,0.881672,0.872281,0.840030,0.883056,0.854759,0.874075,0.877261,0.871541,0.878274,0.857033,0.867821,0.852932,0.861683,0.853801,0.887374,0.864427,0.927443,0.920436,0.895292,0.870205,0.868460,0.831176,1.000000,0.871193,0.895299,0.880568,0.870195,0.880422,0.901060,0.891846,0.890992,0.859675,0.872744,0.868365,0.884375,0.849704,0.876358,0.855384,0.865208,0.878917,0.873549,0.877340,0.902908,0.889978,0.871937,0.871914,0.884072,0.861838,0.915928,0.887201,0.891496,0.867532,0.865083,0.826218,0.868982,0.874055,0.880473,0.881724,0.878690,0.889852,0.833886,0.848161,0.878351,0.893119,0.855935,0.847148,0.862128,0.876049,0.904207,0.881252,0.840786,0.867920,0.882991,0.901604,0.881290,0.899207,0.878805,0.888173,0.884905,0.859102,0.831109,0.858869,0.903591,0.891631,0.885874,0.878983,0.872789,0.898539,0.894669,0.847999,0.814273,0.850421,0.866091,0.874575,0.844427,0.878411,0.870546,0.861214,0.862255,0.879155,0.859082,0.853283,0.876148,0.872101,0.892852,0.882921,0.860460,0.852029,0.928823,0.854715,0.872210,0.879112,0.883154,0.892937,0.872750,0.875153,0.855359,0.871651,0.865952,0.860346,0.877653,0.846560,0.874709,0.874687,0.896782,0.891056,0.964594,0.880251,0.891304,0.895162,0.851168,0.906006
0.876014,0.889024,0.865046,0.873527,0.855422,0.889477,0.817640,0.853975,0.853171,0.866406,0.872313,0.856485,0.882698,0.806509,0.895322,0.850968,0.834061,0.840214,0.805448,0.848091,0.874434,0.824571,0.799531,0.843565,0.866291,0.850263,0.860114,0.834868,0.851416,0.856482,0.907430,0.860700,0.801894,0.864162,0.844541,0.824135,0.876277,0.820533,0.833337,0.864338,0.857115,0.838557,0.877553,0.819738,0.862182,0.822877,0.825106,0.853922,0.829281,0.802237,0.856095,0.865650,0.771138,0.844539,0.860850,0.876656,0.818175,0.894292,0.877485,0.875600,0.840810,0.845392,0.852461,0.863340,0.826318,0.854469,0.874673,0.907709,0.863888,0.843461,0.813127,0.868999,0.843139,0.850985,0.862096,0.852229,0.880358,0.862490,0.890566,0.863372,0.855956,0.871896,0.879920,0.831882,0.896798,0.876426,0.846789,0.862072,0.870771,0.866013,0.878538,0.865464,0.843622,0.858403,0.867670,0.883923,0.844752,0.822490,0.827886,0.829220,0.845540,0.865489,0.867627,0.862556,0.852149,0.890257,0.863598,0.877958,0.864201,0.879532,0.892869,0.803081,0.834191,0.800985,0.876493,0.865132,0.863998,0.744686,0.847974,0.842867,0.902169,0.871197,0.832334,0.826110,0.872279,0.849601,0.834871,0.848817,0.896731,0.873965,0.859159,0.834753,0.848989,0.829065,0.854993,0.862681,0.899856,0.877391,0.879938,0.841134,0.854639,0.810996,0.871872,0.846400,0.855614,0.890774,0.840387,0.877369,0.831796,0.832065,0.856794,0.877119,0.852054,0.860926,0.867034,0.864167,0.868182,0.866134,0.817605,0.859260,0.853588,0.871193,1.000000,0.876637,0.859768,0.889612,0.866729,0.842799,0.854429,0.851112,0.834395,0.848312,0.873537,0.860807,0.845425,0.858667,0.850755,0.858954,0.857325,0.831816,0.849758,0.896754,0.856839,0.847912,0.855180,0.880084,0.858932,0.883218,0.882416,0.874470,0.868682,0.820721,0.812605,0.844610,0.843487,0.849155,0.854218,0.848147,0.875916,0.838398,0.853048,0.899083,0.836461,0.866734,0.874841,0.851435,0.868668,0.858197,0.884559,0.881484,0.837422,0.889721,0.887915,0.886146,0.899383,0.857524,0.871196,0.867225,0.852820,0.874577,0.848222,0.870905,0.830620,0.873395,0.888410,0.869285,0.896185,0.847830,0.817030,0.814453,0.849179,0.841007,0.895449,0.831305,0.849537,0.882365,0.847003,0.861736,0.892362,0.850263,0.861167,0.874187,0.885203,0.859873,0.826377,0.857918,0.881408,0.877725,0.849783,0.860407,0.888196,0.874982,0.900136,0.853835,0.835067,0.879663,0.853880,0.851161,0.861392,0.871578,0.847128,0.884775,0.865339,0.878891,0.895245,0.890108,0.886377,0.891499,0.815442,0.881815,0.869056
0.878740,0.888110,0.887011,0.920064,0.875131,0.895234,0.833594,0.879726,0.833345,0.889264,0.896888,0.863161,0.912698,0.830773,0.896130,0.853542,0.861621,0.844160,0.803941,0.848154,0.870905,0.840718,0.817140,0.840463,0.871196,0.844277,0.872132,0.854902,0.882126,0.848743,0.880890,0.879015,0.834728,0.863621,0.857200,0.825217,0.875160,0.872818,0.792030,0.854902,0.876570,0.854787,0.867016,0.856486,0.863588,0.861715,0.820983,0.836296,0.819785,0.809875,0.855772,0.881312,0.853356,0.897457,0.847221,0.858196,0.786831,0.896830,0.858021,0.884096,0.822855,0.858408,0.906397,0.892894,0.814842,0.913944,0.848639,0.882992,0.853236,0.855110,0.823720,0.897851,0.795526,0.932113,0.887166,0.841588,0.857364,0.853211,0.869547,0.908883,0.911984,0.858502,0.848695,0.879236,0.865972,0.871630,0.857835,0.873958,0.875381,0.871927,0.868190,0.889347,0.879620,0.880160,0.882489,0.877375,0.884248,0.825243,0.822634,0.871794,0.837136,0.876669,0.919860,0.904818,0.864418,0.901080,0.865085,0.895260,0.902085,0.872926,0.866147,0.854932,0.920790,0.839171,0.901972,0.833410,0.838913,0.677094,0.839052,0.851560,0.860557,0.888648,0.833423,0.853813,0.885424,0.890975,0.903714,0.832247,0.858782,0.886181,0.853080,0.851735,0.897686,0.830683,0.882568,0.876428,0.882325,0.886248,0.918427,0.854386,0.875371,0.787036,0.902999,0.826667,0.853944,0.869792,0.863167,0.921489,0.805461,0.845847,0.857197,0.864216,0.858130,0.880682,0.889321,0.886594,0.886096,0.847434,0.828570,0.879252,0.863900,0.895299,0.876637,1.000000,0.886411,0.864683,0.908405,0.873042,0.914705,0.891192,0.835093,0.859873,0.882300,0.859419,0.863122,0.901733,0.870165,0.862222,0.858821,0.925240,0.864696,0.911763,0.853394,0.931936,0.870421,0.861339,0.887647,0.873879,0.873353,0.856897,0.892444,0.847459,0.921909,0.874434,0.897327,0.883336,0.852639,0.851782,0.912204,0.842867,0.866487,0.895687,0.864919,0.878129,0.832909,0.837602,0.871439,0.879655,0.875293,0.830120,0.820467,0.872377,0.860232,0.893151,0.911559,0.871059,0.862465,0.901698,0.848272,0.826941,0.913053,0.888624,0.878006,0.861236,0.875042,0.864465,0.896609,0.895795,0.810520,0.769779,0.839400,0.913593,0.860480,0.929509,0.928299,0.862994,0.903901,0.848995,0.860120,0.849323,0.876219,0.870988,0.859855,0.873146,0.880852,0.874581,0.827927,0.900541,0.909139,0.829562,0.864389,0.853138,0.869335,0.838955,0.831836,0.870558,0.865401,0.857256,0.818820,0.851938,0.856597,0.879295,0.821629,0.868368,0.891763,0.903743,0.882949,0.897530,0.862992,0.846556,0.878867
0.854865,0.882643,0.869338,0.887835,0.828710,0.850981,0.841380,0.938260,0.874491,0.862827,0.898411,0.839946,0.871522,0.835931,0.864089,0.882048,0.862752,0.809971,0.823776,0.859277,0.852530,0.833677,0.802638,0.834812,0.888819,0.843615,0.867219,0.864956,0.863311,0.807515,0.891954,0.864684,0.825552,0.881595,0.861559,0.838974,0.857992,0.880415,0.810778,0.854079,0.878824,0.869099,0.871724,0.836131,0.894849,0.878340,0.869451,0.810519,0.823139,0.793528,0.883961,0.887980,0.802045,0.850740,0.858586,0.862923,0.832163,0.886471,0.870477,0.892777,0.822170,0.851354,0.891287,0.888854,0.847034,0.878140,0.861450,0.873995,0.838826,0.833882,0.816247,0.876061,0.832409,0.895098,0.877249,0.873424,0.890074,0.882829,0.904905,0.888511,0.876412,0.898106,0.860217,0.867392,0.845854,0.898880,0.859343,0.919683,0.843862,0.879445,0.874476,0.874445,0.871915,0.893898,0.895343,0.872798,0.913238,0.846331,0.844809,0.845826,0.823403,0.907862,0.896335,0.882729,0.872318,0.879852,0.892636,0.883476,0.897261,0.879367,0.871960,0.860558,0.856970,0.836901,0.895536,0.864498,0.859852,0.684998,0.879934,0.844651,0.903989,0.904405,0.814737,0.889299,0.909853,0.856998,0.838757,0.841434,0.873743,0.868620,0.870356,0.884973,0.881272,0.876788,0.899363,0.847767,0.876904,0.893053,0.885284,0.853500,0.884019,0.833057,0.889489,0.874630,0.840851,0.891003,0.866555,0.876487,0.832856,0.838335,0.869473,0.870922,0.889981,0.915661,0.867649,0.887275,0.875981,0.849220,0.811660,0.856680,0.854163,0.880568,0.859768,0.886411,1.000000,0.903449,0.898320,0.850287,0.876326,0.903198,0.871214,0.889276,0.863438,0.855109,0.878124,0.904325,0.885813,0.903598,0.872500,0.889894,0.872738,0.909118,0.877301,0.882810,0.871118,0.907926,0.841277,0.888490,0.891677,0.842214,0.878986,0.824108,0.833159,0.875946,0.864029,0.896423,0.854228,0.851430,0.872768,0.826774,0.856747,0.887215,0.864662,0.827196,0.860339,0.878054,0.873207,0.876654,0.878494,0.879996,0.876389,0.888466,0.844274,0.897280,0.904551,0.872755,0.893087,0.891071,0.807115,0.853038,0.882460,0.863126,0.846859,0.884877,0.886185,0.848518,0.897500,0.875418,0.784035,0.839044,0.862903,0.899588,0.856900,0.861694,0.885051,0.853561,0.899238,0.882358,0.892198,0.871279,0.891330,0.837903,0.880757,0.866690,0.865444,0.876992,0.846556,0.905493,0.871103,0.848061,0.904122,0.851463,0.881074,0.819024,0.817609,0.889499,0.892653,0.891583,0.839463,0.874855,0.906526,0.869098,0.850471,0.882144,0.872365,0.892347,0.916603,0.900232,0.858315,0.868454,0.891809
0.863191,0.886452,0.905405,0.868677,0.810833,0.876065,0.838189,0.882220,0.856899,0.845833,0.897237,0.846361,0.861670,0.836618,0.875660,0.884311,0.873922,0.806806,0.818738,0.871790,0.857593,0.833190,0.806968,0.860960,0.896952,0.852027,0.867130,0.859827,0.854016,0.830680,0.899718,0.855877,0.818431,0.869421,0.864231,0.837507,0.854279,0.855307,0.835316,0.896980,0.860170,0.872008,0.886020,0.848134,0.898430,0.833365,0.884616,0.815832,0.850099,0.790754,0.893773,0.879963,0.786387,0.831445,0.870263,0.890179,0.838899,0.893365,0.870607,0.887624,0.838203,0.847843,0.861946,0.875469,0.842236,0.853660,0.894245,0.866147,0.862795,0.841697,0.822229,0.875746,0.849111,0.846449,0.860113,0.912529,0.951406,0.901676,0.913337,0.857653,0.859344,0.890119,0.888564,0.831189,0.855915,0.902264,0.869298,0.901517,0.878587,0.883920,0.880441,0.900282,0.839946,0.879132,0.911556,0.884622,0.882711,0.848379,0.851635,0.858975,0.854443,0.908535,0.869261,0.871993,0.886866,0.880915,0.886951,0.853826,0.861836,0.879432,0.872323,0.825657,0.824376,0.816733,0.884464,0.873319,0.868155,0.736405,0.895040,0.854948,0.900612,0.882176,0.846352,0.866840,0.919691,0.831345,0.813638,0.850402,0.907110,0.873377,0.885052,0.855804,0.841209,0.862292,0.887864,0.856390,0.857033,0.881241,0.865775,0.866432,0.886630,0.829533,0.877757,0.859844,0.856571,0.887536,0.836967,0.847380,0.849055,0.835311,0.870087,0.871669,0.894997,0.895150,0.852028,0.881566,0.874189,0.871288,0.821770,0.848112,0.861440,0.870195,0.889612,0.864683,0.903449,1.000000,0.888064,0.859071,0.863442,0.867817,0.842804,0.896841,0.863898,0.871118,0.878246,0.868100,0.890082,0.899586,0.868072,0.852747,0.884213,0.904575,0.885032,0.843911,0.860220,0.905552,0.818886,0.882832,0.899466,0.870633,0.875632,0.837601,0.810152,0.865093,0.828118,0.890252,0.859455,0.854603,0.869851,0.828360,0.859927,0.889898,0.852374,0.835245,0.879401,0.868716,0.857525,0.887359,0.909768,0.896332,0.871722,0.904587,0.870041,0.904918,0.894151,0.873765,0.916748,0.874408,0.814158,0.872218,0.835320,0.873387,0.833788,0.901514,0.870706,0.870787,0.912764,0.864126,0.805630,0.841706,0.865166,0.847637,0.891077,0.822293,0.855529,0.862437,0.872667,0.899163,0.966644,0.893580,0.933586,0.854762,0.890208,0.879724,0.839242,0.895197,0.894134,0.896864,0.844724,0.876926,0.951034,0.872378,0.894517,0.846177,0.819490,0.897946,0.888443,0.880179,0.866467,0.897886,0.888969,0.863193,0.878670,0.874762,0.883502,0.883144,0.881732,0.900670,0.836850,0.928455,0.887048
0.865602,0.878118,0.889197,0.906668,0.855313,0.873555,0.831579,0.869898,0.867398,0.847375,0.891675,0.883931,0.892040,0.840706,0.885516,0.893143,0.882475,0.828361,0.815360,0.886489,0.875607,0.826111,0.824363,0.880617,0.892591,0.880044,0.905014,0.874905,0.881637,0.836173,0.906443,0.897312,0.843428,0.863797,0.885358,0.846065,0.855571,0.926335,0.811362,0.893120,0.887076,0.889251,0.885142,0.874068,0.919130,0.877007,0.869276,0.828157,0.867623,0.834441,0.889809,0.918871,0.819978,0.843726,0.849729,0.864935,0.844153,0.885335,0.883749,0.914096,0.853814,0.876638,0.892089,0.886946,0.860187,0.895680,0.882041,0.885228,0.857821,0.883368,0.853899,0.909633,0.857035,0.895679,0.897796,0.854050,0.871048,0.904025,0.900010,0.898012,0.899792,0.900074,0.891120,0.854725,0.863415,0.896550,0.895726,0.890736,0.892121,0.917870,0.892909,0.906546,0.888866,0.885822,0.870648,0.879515,0.911664,0.875113,0.866737,0.874460,0.873661,0.904693,0.908679,0.896111,0.876547,0.885753,0.907357,0.867387,0.896106,0.876178,0.878788,0.876992,0.873542,0.838463,0.890053,0.896340,0.871163,0.693881,0.876797,0.875900,0.882321,0.909621,0.856750,0.898010,0.890803,0.867037,0.842011,0.871295,0.860388,0.854630,0.878803,0.878646,0.870871,0.890552,0.896919,0.861998,0.867515,0.917645,0.892162,0.887105,0.921255,0.847248,0.889276,0.886092,0.840707,0.894303,0.877974,0.872664,0.855747,0.852553,0.871754,0.892634,0.911636,0.898087,0.922667,0.889589,0.884148,0.857366,0.837726,0.894848,0.875672,0.880422,0.866729,0.908405,0.898320,0.888064,1.000000,0.915281,0.878701,0.905862,0.867691,0.880766,0.888199,0.859997,0.929834,0.892613,0.893795,0.910138,0.920341,0.904824,0.888999,0.918690,0.882726,0.879785,0.889255,0.895241,0.879346,0.887230,0.897212,0.851464,0.893750,0.873700,0.856706,0.901132,0.873708,0.897570,0.895797,0.856630,0.891817,0.876735,0.861696,0.906673,0.879135,0.845618,0.861955,0.863151,0.876943,0.874071,0.903872,0.864657,0.855453,0.909793,0.860825,0.911687,0.919138,0.911318,0.903171,0.917784,0.840826,0.851338,0.885032,0.891775,0.858279,0.917754,0.891152,0.889525,0.902576,0.908969,0.830694,0.842714,0.874173,0.882378,0.865786,0.866293,0.905105,0.891333,0.911848,0.898333,0.892865,0.894173,0.866310,0.868423,0.867007,0.891529,0.886660,0.900514,0.844621,0.921263,0.874433,0.867521,0.884107,0.890809,0.888728,0.862673,0.843814,0.865240,0.889310,0.890882,0.843122,0.916145,0.867796,0.890832,0.860280,0.882678,0.891903,0.899396,0.884546,0.908792,0.868458,0.846679,0.890625
0.882976,0.894379,0.873224,0.890186,0.884740,0.874853,0.855961,0.859802,0.852963,0.863592,0.872743,0.876637,0.891402,0.868809,0.882305,0.895226,0.867848,0.816123,0.843381,0.902178,0.895505,0.850781,0.860365,0.884543,0.893374,0.907124,0.888468,0.881766,0.868166,0.890138,0.891552,0.872559,0.856035,0.859430,0.907003,0.890878,0.875673,0.873573,0.838049,0.859307,0.912467,0.889692,0.889925,0.893759,0.916755,0.852261,0.844985,0.819021,0.872052,0.874313,0.882421,0.898845,0.811151,0.850357,0.866723,0.873898,0.877765,0.880021,0.886855,0.922529,0.881999,0.900491,0.882509,0.865411,0.881131,0.887901,0.869742,0.864648,0.878206,0.895179,0.863701,0.907602,0.852857,0.871071,0.879566,0.867628,0.849881,0.894143,0.890553,0.882968,0.890963,0.886145,0.881602,0.869081,0.848755,0.857008,0.885072,0.860954,0.903041,0.916518,0.861522,0.902702,0.872438,0.892578,0.863006,0.867896,0.879943,0.912067,0.881420,0.901834,0.890575,0.876926,0.886850,0.895356,0.886535,0.864376,0.879718,0.851437,0.887263,0.868334,0.863625,0.875072,0.853448,0.872957,0.891484,0.880019,0.847055,0.691815,0.850847,0.881460,0.880064,0.928848,0.874076,0.863191,0.864062,0.864473,0.824579,0.906230,0.858988,0.869480,0.881046,0.846386,0.894495,0.861895,0.886784,0.890421,0.860370,0.895146,0.854367,0.885832,0.901440,0.871419,0.876006,0.893641,0.859737,0.879059,0.898231,0.868338,0.851730,0.872908,0.862495,0.860097,0.878213,0.889051,0.886709,0.885373,0.869039,0.848468,0.877492,0.885997,0.844790,0.901060,0.842799,0.873042,0.850287,0.859071,0.915281,1.000000,0.888914,0.894242,0.853653,0.879825,0.868776,0.889995,0.900042,0.878479,0.861926,0.888705,0.925400,0.895969,0.880838,0.902137,0.903085,0.868098,0.908319,0.888849,0.870212,0.899915,0.892674,0.859591,0.856597,0.890136,0.815943,0.909458,0.872612,0.908916,0.908366,0.881489,0.897694,0.848423,0.847854,0.873131,0.911045,0.841473,0.871946,0.859732,0.866430,0.879102,0.885088,0.816920,0.859723,0.906445,0.881776,0.904607,0.898438,0.928471,0.899851,0.921278,0.845187,0.831794,0.860303,0.904599,0.884183,0.910544,0.869917,0.909757,0.887318,0.926590,0.869476,0.848652,0.892804,0.863970,0.852127,0.841645,0.890497,0.889007,0.876829,0.883682,0.868670,0.896304,0.834673,0.889358,0.887012,0.896414,0.896319,0.873053,0.823532,0.911798,0.867685,0.886821,0.871139,0.879144,0.882951,0.889919,0.885073,0.820799,0.903261,0.856713,0.812587,0.920323,0.831322,0.883092,0.849969,0.887422,0.882018,0.917441,0.878333,0.910151,0.893535,0.831164,0.919966
0.876789,0.906695,0.865994,0.927573,0.883659,0.904336,0.834237,0.860242,0.837499,0.873699,0.881281,0.856728,0.897580,0.819633,0.887414,0.864235,0.868529,0.869977,0.809940,0.861034,0.897050,0.873890,0.809426,0.854085,0.866436,0.871113,0.858697,0.863981,0.849585,0.862936,0.870267,0.856787,0.833391,0.842606,0.884095,0.840075,0.889897,0.850417,0.807530,0.865418,0.895090,0.886668,0.864261,0.861138,0.880862,0.847559,0.840129,0.871086,0.822748,0.830905,0.850903,0.880821,0.859832,0.853788,0.863141,0.870283,0.825310,0.892864,0.877978,0.873379,0.829742,0.872808,0.927911,0.894796,0.829810,0.949705,0.837612,0.906695,0.867830,0.885313,0.832786,0.915556,0.819539,0.935142,0.914827,0.843948,0.854136,0.867352,0.873898,0.936867,0.910217,0.876469,0.843153,0.898330,0.886932,0.844416,0.870304,0.855619,0.865853,0.880857,0.881806,0.888799,0.902814,0.900894,0.871296,0.906012,0.883663,0.845227,0.828872,0.874499,0.863032,0.861403,0.914904,0.896145,0.896493,0.882187,0.861411,0.874905,0.894207,0.882174,0.862418,0.870167,0.883782,0.855021,0.904903,0.833620,0.845864,0.676771,0.844325,0.843393,0.873706,0.907329,0.826619,0.870607,0.856986,0.868731,0.909820,0.867718,0.861153,0.882923,0.868031,0.846565,0.887974,0.842592,0.871661,0.872901,0.887931,0.864227,0.874056,0.857463,0.870882,0.817916,0.904102,0.845523,0.860430,0.860365,0.875179,0.881312,0.815797,0.857506,0.836299,0.893975,0.864551,0.861809,0.841193,0.888099,0.892974,0.837595,0.850530,0.899292,0.871839,0.891846,0.854429,0.914705,0.876326,0.863442,0.878701,0.888914,1.000000,0.870508,0.847149,0.866042,0.895954,0.900443,0.843980,0.947566,0.849856,0.859818,0.879234,0.904517,0.857018,0.900942,0.856442,0.908849,0.888704,0.876084,0.853237,0.871020,0.869201,0.851483,0.878058,0.838697,0.887393,0.869318,0.904868,0.875362,0.876623,0.859283,0.928185,0.812007,0.907518,0.882082,0.882633,0.898618,0.845536,0.839619,0.902513,0.898134,0.883913,0.821312,0.845226,0.895165,0.862583,0.872644,0.911637,0.869299,0.874176,0.898859,0.840418,0.826618,0.908352,0.888039,0.857897,0.858254,0.882075,0.883555,0.899689,0.878983,0.823571,0.807285,0.870052,0.914392,0.837094,0.901225,0.913734,0.872150,0.908649,0.853483,0.852818,0.838139,0.862035,0.873802,0.884289,0.878058,0.874596,0.859640,0.825386,0.882068,0.908072,0.834457,0.866886,0.840647,0.876909,0.840564,0.852832,0.847029,0.870152,0.856790,0.812618,0.846650,0.840377,0.900666,0.816740,0.880675,0.883796,0.890352,0.870859,0.883474,0.858018,0.866587,0.881307
0.841362,0.858706,0.866262,0.874328,0.847242,0.830378,0.844723,0.917692,0.889489,0.854752,0.872430,0.866391,0.898645,0.844208,0.875956,0.859168,0.828994,0.790124,0.811968,0.863251,0.871845,0.814333,0.818908,0.860057,0.896521,0.854659,0.874949,0.847336,0.839619,0.833623,0.880463,0.867283,0.817834,0.901369,0.876256,0.850075,0.859367,0.843097,0.828041,0.823073,0.879914,0.855827,0.870367,0.849543,0.875460,0.874359,0.838759,0.792599,0.865820,0.829355,0.902030,0.913880,0.773850,0.889933,0.848510,0.844834,0.837005,0.863503,0.879348,0.915360,0.867058,0.858690,0.873939,0.841945,0.843215,0.877405,0.836875,0.849514,0.833344,0.869744,0.836431,0.880532,0.840491,0.898092,0.885952,0.875459,0.863913,0.858643,0.910205,0.877148,0.878316,0.865822,0.868998,0.853634,0.824302,0.850420,0.868647,0.882267,0.846106,0.884084,0.867959,0.864032,0.862202,0.870169,0.868280,0.864542,0.913814,0.852795,0.836811,0.840164,0.859007,0.875713,0.891848,0.871320,0.868527,0.872899,0.884229,0.892718,0.906089,0.862691,0.837276,0.863199,0.890027,0.847970,0.892954,0.860063,0.857396,0.675770,0.850592,0.861234,0.856273,0.917538,0.850657,0.865598,0.897379,0.880747,0.837830,0.847750,0.838284,0.866337,0.876856,0.858804,0.914711,0.868341,0.888424,0.857622,0.849872,0.891088,0.862246,0.862548,0.873882,0.839955,0.863547,0.872747,0.834187,0.861468,0.862120,0.915212,0.847393,0.805061,0.898067,0.870236,0.846717,0.947881,0.894984,0.850595,0.861446,0.847286,0.835794,0.894645,0.898890,0.890992,0.851112,0.891192,0.903198,0.867817,0.905862,0.894242,0.870508,1.000000,0.875620,0.946971,0.856269,0.856332,0.892866,0.875954,0.855230,0.857887,0.891116,0.899775,0.901670,0.903265,0.912034,0.876261,0.876552,0.878767,0.870722,0.868895,0.879123,0.848153,0.855270,0.864632,0.852671,0.932911,0.881834,0.925682,0.864736,0.853701,0.884024,0.858569,0.831839,0.882683,0.907750,0.822209,0.868011,0.895076,0.852644,0.860203,0.868447,0.873236,0.907756,0.890562,0.855947,0.912373,0.901357,0.916636,0.893836,0.892360,0.849172,0.863485,0.864715,0.888183,0.869863,0.904023,0.872576,0.876576,0.864155,0.904393,0.834204,0.822161,0.838961,0.879519,0.848740,0.862439,0.915397,0.859814,0.882096,0.856941,0.874468,0.896504,0.866485,0.845237,0.863081,0.881056,0.884246,0.870805,0.827886,0.888263,0.846531,0.862584,0.884297,0.877559,0.875103,0.853745,0.857943,0.852598,0.877384,0.881506,0.828402,0.885688,0.889448,0.861459,0.865185,0.896916,0.874010,0.904180,0.891299,0.912638,0.885013,0.840222,0.900680
0.857003,0.853658,0.835871,0.878640,0.844714,0.838202,0.845571,0.838955,0.911644,0.832451,0.820066,0.863777,0.851202,0.801804,0.870667,0.840811,0.815686,0.772758,0.798507,0.845347,0.875945,0.808966,0.815118,0.874452,0.859548,0.854685,0.859713,0.832827,0.856345,0.830558,0.879449,0.839361,0.805082,0.830422,0.896483,0.845469,0.843470,0.802466,0.830626,0.847272,0.861434,0.863124,0.852465,0.855351,0.882750,0.927311,0.837169,0.784890,0.872679,0.800001,0.841829,0.867195,0.801466,0.818268,0.832800,0.874982,0.815575,0.884401,0.853595,0.848334,0.853735,0.835766,0.853625,0.866522,0.811038,0.872063,0.858241,0.853987,0.850533,0.886092,0.825922,0.857249,0.827010,0.850602,0.881042,0.833143,0.863497,0.883108,0.890329,0.850950,0.881553,0.883548,0.858517,0.843280,0.848870,0.856904,0.898175,0.882123,0.846736,0.888005,0.881902,0.832334,0.842989,0.895786,0.854703,0.878999,0.908060,0.823743,0.803498,0.813745,0.869132,0.856930,0.828438,0.824202,0.851444,0.845365,0.900014,0.849325,0.886059,0.848608,0.843367,0.829062,0.825068,0.810281,0.876028,0.829282,0.890215,0.685679,0.856763,0.862622,0.893085,0.876613,0.848774,0.912067,0.857118,0.861588,0.815328,0.851768,0.866104,0.832881,0.900804,0.923319,0.849508,0.899521,0.850551,0.860891,0.872854,0.892380,0.851909,0.881363,0.862629,0.801457,0.885245,0.845600,0.849774,0.877859,0.887271,0.821263,0.837189,0.813651,0.820022,0.864261,0.855148,0.870645,0.841689,0.878422,0.859940,0.868216,0.828351,0.843887,0.841478,0.859675,0.834395,0.835093,0.871214,0.842804,0.867691,0.853653,0.847149,0.875620,1.000000,0.873992,0.859205,0.865518,0.842282,0.858139,0.835484,0.856169,0.888190,0.824306,0.848155,0.877356,0.881319,0.828504,0.859232,0.867473,0.853951,0.875268,0.877919,0.851005,0.863133,0.859954,0.798517,0.856019,0.825385,0.842717,0.882978,0.845584,0.858968,0.802631,0.842107,0.857217,0.868344,0.808176,0.843440,0.830394,0.893327,0.852893,0.853628,0.849338,0.882180,0.885740,0.865302,0.866032,0.888842,0.850379,0.874684,0.875386,0.837720,0.830807,0.824990,0.863069,0.808190,0.857426,0.893298,0.881990,0.878280,0.842143,0.832218,0.792600,0.844240,0.827521,0.840493,0.807454,0.853713,0.870204,0.831268,0.863292,0.853949,0.838817,0.822389,0.862405,0.891327,0.891229,0.832969,0.854930,0.846725,0.884934,0.817955,0.853950,0.850602,0.880968,0.896371,0.844599,0.855563,0.808659,0.841846,0.901052,0.859176,0.846609,0.845539,0.884202,0.851920,0.875124,0.870492,0.876850,0.843482,0.855651,0.831169,0.841709,0.846355
0.852580,0.866409,0.866565,0.865508,0.830624,0.836582,0.840303,0.908186,0.872537,0.842699,0.860502,0.853455,0.868357,0.846076,0.865676,0.847775,0.835504,0.785073,0.816761,0.863850,0.863009,0.827052,0.828191,0.861954,0.888960,0.843094,0.871403,0.847158,0.817086,0.838939,0.873029,0.855104,0.825855,0.883720,0.887221,0.855112,0.854974,0.828219,0.843057,0.831021,0.864442,0.853223,0.865068,0.857341,0.874416,0.859402,0.862065,0.791774,0.878429,0.819755,0.889636,0.883428,0.783570,0.867067,0.858515,0.875330,0.834404,0.868254,0.873879,0.895687,0.863726,0.842408,0.850626,0.843301,0.834266,0.866982,0.842436,0.845088,0.833062,0.862009,0.827213,0.867415,0.830116,0.874403,0.872600,0.897550,0.897852,0.864415,0.914934,0.853465,0.856381,0.862608,0.859122,0.844383,0.831445,0.849776,0.874708,0.882791,0.838307,0.865707,0.861302,0.861124,0.847963,0.881726,0.879866,0.867217,0.898668,0.843213,0.830537,0.841108,0.852991,0.865015,0.875968,0.859758,0.880973,0.872681,0.879070,0.869453,0.895137,0.845912,0.842441,0.861561,0.860135,0.832872,0.870592,0.848331,0.861077,0.698726,0.863440,0.860425,0.864692,0.898537,0.852073,0.861475,0.901450,0.851332,0.831686,0.841365,0.872127,0.861858,0.879488,0.857876,0.905534,0.869063,0.873066,0.863534,0.855451,0.866021,0.837804,0.862419,0.854969,0.830002,0.866168,0.859850,0.837826,0.849368,0.844610,0.870955,0.855326,0.817691,0.883826,0.854312,0.843781,0.929671,0.875131,0.845866,0.858878,0.858386,0.841056,0.862225,0.878672,0.872744,0.848312,0.859873,0.889276,0.896841,0.880766,0.879825,0.866042,0.946971,0.873992,1.000000,0.845195,0.861639,0.876218,0.864727,0.842621,0.852538,0.877703,0.874789,0.896915,0.897073,0.922230,0.861638,0.868444,0.874023,0.826641,0.857198,0.872221,0.859958,0.838591,0.856001,0.824602,0.906825,0.849174,0.901737,0.856960,0.865349,0.872912,0.840103,0.833252,0.867302,0.898702,0.813128,0.874343,0.888311,0.856426,0.871611,0.861768,0.866871,0.920678,0.873229,0.862586,0.915592,0.883448,0.892936,0.906475,0.873149,0.825659,0.862098,0.850662,0.885651,0.849173,0.900522,0.866516,0.874443,0.870654,0.884307,0.823624,0.817455,0.847035,0.858368,0.850808,0.847045,0.896731,0.843341,0.868975,0.855395,0.897079,0.897608,0.897700,0.838318,0.873882,0.873884,0.870506,0.853181,0.851481,0.880063,0.829433,0.859941,0.913138,0.874385,0.864671,0.849158,0.852318,0.845223,0.873087,0.879813,0.840124,0.878069,0.884854,0.862690,0.873811,0.886043,0.863634,0.883967,0.866054,0.894585,0.865231,0.859429,0.883164
0.836610,0.888514,0.852232,0.901672,0.817373,0.919353,0.786235,0.838760,0.828417,0.829932,0.860481,0.874865,0.867201,0.775570,0.896846,0.847614,0.819645,0.862893,0.740061,0.820238,0.852181,0.809400,0.790930,0.842288,0.860107,0.842062,0.868721,0.816289,0.882980,0.801246,0.899934,0.866197,0.788839,0.798350,0.855341,0.793767,0.841637,0.811644,0.773545,0.894269,0.846014,0.847887,0.855131,0.832987,0.863673,0.845847,0.811705,0.854538,0.832947,0.783573,0.849232,0.869714,0.839480,0.840002,0.828223,0.870778,0.779409,0.900124,0.855618,0.846099,0.796046,0.813020,0.866445,0.881060,0.792728,0.902605,0.860510,0.950266,0.847228,0.857136,0.783285,0.890402,0.835117,0.874193,0.905414,0.826772,0.857733,0.880724,0.896372,0.874067,0.878639,0.888694,0.867954,0.842924,0.912002,0.872131,0.883687,0.873459,0.873016,0.883011,0.920486,0.849798,0.856094,0.883036,0.864334,0.903368,0.867918,0.799285,0.787646,0.831729,0.836891,0.883190,0.871116,0.841453,0.876472,0.899547,0.887923,0.844188,0.871111,0.892848,0.921934,0.822208,0.849213,0.799936,0.912238,0.854020,0.866798,0.658258,0.827905,0.844236,0.864087,0.866415,0.828483,0.847087,0.851745,0.871358,0.866905,0.815578,0.847370,0.855171,0.896655,0.856680,0.845766,0.834454,0.841809,0.868811,0.879486,0.889682,0.873422,0.853062,0.843831,0.776881,0.904681,0.828182,0.798866,0.874024,0.839566,0.852772,0.822217,0.786434,0.830244,0.918815,0.853983,0.868576,0.855762,0.912058,0.893832,0.865332,0.805970,0.887955,0.840593,0.868365,0.873537,0.882300,0.863438,0.863898,0.888199,0.868776,0.895954,0.856269,0.859205,0.845195,1.000000,0.879720,0.848761,0.909212,0.826531,0.866432,0.872147,0.836486,0.860252,0.878909,0.846585,0.836997,0.842558,0.879054,0.859149,0.866459,0.880273,0.843870,0.921950,0.841194,0.840486,0.853864,0.862702,0.862141,0.858782,0.808551,0.899900,0.823432,0.871318,0.887835,0.856832,0.875477,0.844020,0.817263,0.892737,0.894898,0.890128,0.839562,0.838490,0.905341,0.845848,0.876491,0.915068,0.854628,0.877825,0.870541,0.860026,0.854968,0.831373,0.868683,0.820403,0.875591,0.892908,0.888376,0.905323,0.869832,0.801748,0.785446,0.826147,0.847628,0.903316,0.839170,0.881737,0.901877,0.851512,0.863190,0.854888,0.862885,0.836533,0.873799,0.890484,0.882712,0.832545,0.874873,0.857969,0.904354,0.838822,0.835477,0.866986,0.866279,0.894355,0.826478,0.816861,0.860132,0.847672,0.890786,0.857937,0.866957,0.840580,0.896990,0.850809,0.860640,0.900347,0.884637,0.850053,0.888033,0.831422,0.884281,0.850151
0.873751,0.893697,0.876233,0.889811,0.853190,0.912983,0.833516,0.844166,0.857870,0.860999,0.849638,0.861378,0.863853,0.817245,0.884329,0.868354,0.857992,0.801872,0.809893,0.860676,0.879935,0.843987,0.832153,0.879093,0.872834,0.868032,0.867349,0.854176,0.854412,0.865252,0.884742,0.856015,0.828270,0.841119,0.894055,0.849836,0.884086,0.822313,0.814400,0.860287,0.898034,0.883842,0.878278,0.881249,0.872476,0.842905,0.822910,0.796518,0.845828,0.833363,0.861867,0.870531,0.819866,0.819937,0.872532,0.895664,0.830214,0.902806,0.851092,0.882912,0.849502,0.847525,0.876593,0.885472,0.844770,0.882816,0.860192,0.884674,0.882612,0.884235,0.849759,0.859419,0.830354,0.879488,0.874345,0.858258,0.884781,0.865279,0.865927,0.891076,0.892569,0.874238,0.869983,0.845909,0.857062,0.865087,0.883661,0.859551,0.875525,0.872697,0.865131,0.867572,0.865828,0.890099,0.865978,0.866637,0.867400,0.847177,0.831616,0.872514,0.882159,0.867949,0.877922,0.895100,0.894584,0.885707,0.861740,0.837392,0.872820,0.885601,0.857275,0.857000,0.838622,0.850821,0.886494,0.830810,0.850351,0.694578,0.843663,0.872655,0.880179,0.896675,0.844711,0.865551,0.857465,0.827257,0.824275,0.860901,0.871323,0.878637,0.878089,0.851721,0.867222,0.846073,0.858136,0.898844,0.872494,0.866782,0.838173,0.869175,0.871989,0.821436,0.899283,0.846465,0.847613,0.882164,0.863393,0.831292,0.839542,0.851947,0.841233,0.859683,0.864162,0.852978,0.840297,0.877896,0.868209,0.883276,0.863964,0.855006,0.830143,0.884375,0.860807,0.859419,0.855109,0.871118,0.859997,0.889995,0.900443,0.856332,0.865518,0.861639,0.879720,1.000000,0.850707,0.896481,0.847976,0.859015,0.878146,0.860703,0.864654,0.899236,0.875718,0.871055,0.878206,0.867454,0.840665,0.883023,0.884312,0.872665,0.878561,0.863414,0.829320,0.851697,0.838574,0.870032,0.868738,0.864117,0.862695,0.819841,0.839671,0.873805,0.909965,0.848812,0.867141,0.835434,0.868018,0.886204,0.886554,0.817643,0.838526,0.905651,0.897569,0.893748,0.883597,0.868133,0.874383,0.867228,0.829255,0.821674,0.860311,0.918970,0.867463,0.870183,0.865303,0.881380,0.880425,0.873284,0.852792,0.807545,0.870879,0.872725,0.883391,0.852503,0.876535,0.846176,0.867198,0.850645,0.874842,0.889603,0.864841,0.896576,0.885721,0.899503,0.868043,0.862168,0.864237,0.896531,0.868574,0.876929,0.876788,0.868988,0.883639,0.873004,0.870075,0.810745,0.858989,0.852301,0.849134,0.867748,0.839644,0.882950,0.841268,0.883339,0.877342,0.896248,0.861431,0.883604,0.856987,0.896892,0.872309
0.862828,0.860979,0.889933,0.873250,0.843335,0.842586,0.830234,0.850801,0.849689,0.852327,0.857587,0.867806,0.876013,0.838283,0.865409,0.896271,0.876762,0.821841,0.854132,0.883817,0.851986,0.837104,0.821884,0.878173,0.883452,0.856887,0.907319,0.879650,0.845852,0.837453,0.881115,0.895768,0.821226,0.881112,0.857691,0.857788,0.852119,0.900757,0.830082,0.847141,0.872140,0.872087,0.877192,0.870165,0.907720,0.820950,0.844025,0.814607,0.845307,0.836708,0.871938,0.876809,0.787564,0.840629,0.845857,0.849652,0.864501,0.867982,0.901460,0.919898,0.875216,0.857723,0.875071,0.863249,0.859668,0.862803,0.864632,0.851020,0.869467,0.857280,0.862107,0.870185,0.873000,0.854984,0.863549,0.851102,0.852385,0.892026,0.878417,0.869698,0.864569,0.869805,0.877445,0.829343,0.834455,0.858516,0.877654,0.867264,0.881101,0.902830,0.840884,0.910121,0.876733,0.862286,0.870703,0.861988,0.872050,0.882900,0.874772,0.866150,0.868644,0.893384,0.878650,0.876511,0.875222,0.868089,0.878194,0.850770,0.864215,0.834544,0.869203,0.850536,0.841916,0.835529,0.875123,0.902751,0.849691,0.725951,0.852284,0.867313,0.860487,0.888280,0.855731,0.852075,0.885349,0.837543,0.806080,0.878198,0.860682,0.844938,0.848206,0.830572,0.877003,0.851082,0.876088,0.852075,0.822429,0.881651,0.855136,0.879109,0.913176,0.861763,0.874950,0.885594,0.849079,0.877373,0.867600,0.841426,0.854618,0.844219,0.873120,0.870334,0.899379,0.892361,0.895177,0.848044,0.862261,0.843304,0.840465,0.875059,0.867730,0.849704,0.845425,0.863122,0.878124,0.878246,0.929834,0.900042,0.843980,0.892866,0.842282,0.876218,0.848761,0.850707,1.000000,0.853294,0.861742,0.904566,0.895584,0.884888,0.881840,0.897673,0.873891,0.859016,0.865403,0.867431,0.866394,0.868902,0.889474,0.848678,0.857820,0.870566,0.820659,0.878051,0.842494,0.909759,0.865582,0.861631,0.846708,0.874760,0.852256,0.865716,0.883200,0.812032,0.857834,0.862142,0.834960,0.868947,0.876482,0.830223,0.830688,0.881483,0.849704,0.891014,0.875440,0.914770,0.898427,0.914811,0.800648,0.844961,0.868209,0.892458,0.845565,0.922325,0.861783,0.851562,0.885397,0.922556,0.843581,0.857383,0.876639,0.883590,0.856722,0.838253,0.869775,0.871288,0.879763,0.888878,0.875009,0.882569,0.852349,0.848245,0.843152,0.872285,0.867188,0.878929,0.837336,0.887073,0.828175,0.880392,0.868814,0.863409,0.859738,0.861005,0.858392,0.831463,0.880361,0.854356,0.822531,0.923496,0.848522,0.860767,0.853460,0.865052,0.869708,0.864954,0.867800,0.911890,0.853877,0.824441,0.901370
0.875278,0.898033,0.855854,0.912623,0.862548,0.899146,0.826389,0.870881,0.841321,0.858706,0.889589,0.867035,0.880087,0.810663,0.884513,0.876542,0.857242,0.885256,0.805001,0.862335,0.879807,0.853269,0.823374,0.845161,0.888179,0.868973,0.864446,0.867998,0.871592,0.839696,0.891002,0.874573,0.830319,0.843638,0.879015,0.839769,0.883821,0.862879,0.801986,0.853309,0.887992,0.883260,0.862181,0.854474,0.892986,0.855147,0.858811,0.880167,0.836284,0.824417,0.860612,0.872269,0.840894,0.850507,0.849825,0.891983,0.835181,0.905668,0.869434,0.870854,0.822637,0.858926,0.935590,0.895313,0.836365,0.936077,0.860971,0.922982,0.857461,0.868655,0.818549,0.889876,0.848283,0.930837,0.910211,0.831670,0.867654,0.871692,0.879426,0.945288,0.898580,0.896583,0.870172,0.903800,0.901031,0.868068,0.890794,0.881808,0.847038,0.871502,0.882517,0.869503,0.914790,0.910143,0.879259,0.916663,0.895001,0.842625,0.827958,0.860339,0.853270,0.877590,0.925220,0.892132,0.892693,0.905959,0.877816,0.873188,0.898576,0.878402,0.886164,0.866091,0.873771,0.849930,0.893352,0.863151,0.872733,0.665544,0.863003,0.848954,0.889334,0.920302,0.832409,0.885949,0.869256,0.851621,0.893576,0.862919,0.858723,0.860660,0.862202,0.868827,0.881938,0.863712,0.884485,0.866525,0.891841,0.862158,0.868593,0.861836,0.861254,0.825862,0.906153,0.861121,0.842991,0.885366,0.883611,0.880984,0.829635,0.843144,0.858037,0.923412,0.886278,0.862647,0.850438,0.874606,0.875687,0.853863,0.845532,0.889785,0.872782,0.876358,0.858667,0.901733,0.904325,0.868100,0.892613,0.878479,0.947566,0.875954,0.858139,0.864727,0.909212,0.896481,0.853294,1.000000,0.860494,0.882258,0.886016,0.902081,0.878886,0.898224,0.847946,0.911365,0.886811,0.873749,0.841851,0.883807,0.879649,0.855104,0.870732,0.845911,0.874338,0.867355,0.895090,0.881741,0.864429,0.857411,0.908621,0.825067,0.903376,0.889100,0.881476,0.873077,0.860569,0.850136,0.904418,0.876922,0.900710,0.834118,0.848428,0.887577,0.859573,0.871951,0.926028,0.866078,0.880758,0.897468,0.816767,0.846417,0.916111,0.871129,0.858379,0.865279,0.897157,0.879410,0.882265,0.876393,0.819141,0.827113,0.873537,0.925499,0.852597,0.896628,0.915045,0.877257,0.911767,0.872364,0.855178,0.850948,0.861890,0.871989,0.884427,0.885104,0.871741,0.859779,0.847712,0.885741,0.901829,0.829712,0.877201,0.860668,0.880467,0.834917,0.842804,0.867694,0.867592,0.879441,0.842941,0.854286,0.845706,0.900111,0.853995,0.892697,0.882078,0.885543,0.874847,0.893429,0.849444,0.872489,0.875066
0.875764,0.862632,0.914273,0.881531,0.840167,0.847103,0.891113,0.860734,0.879437,0.814864,0.884283,0.831881,0.850065,0.850174,0.828346,0.918801,0.898340,0.793574,0.866327,0.896888,0.866374,0.817925,0.808109,0.870983,0.906891,0.870266,0.894133,0.884521,0.836745,0.825231,0.923028,0.895417,0.839599,0.858149,0.859306,0.836984,0.853002,0.879942,0.827859,0.864148,0.876943,0.917025,0.887296,0.854973,0.923359,0.868997,0.911156,0.792656,0.842873,0.841403,0.889609,0.881150,0.808042,0.808551,0.829199,0.870986,0.851898,0.873131,0.882147,0.874623,0.864799,0.913159,0.868455,0.864172,0.881755,0.854432,0.908907,0.848528,0.875804,0.861355,0.865816,0.856644,0.870352,0.859376,0.861402,0.843723,0.870823,0.916570,0.881729,0.872506,0.885193,0.937597,0.889530,0.846395,0.836136,0.936042,0.873459,0.881110,0.878703,0.905427,0.849451,0.915984,0.869161,0.899105,0.873536,0.885417,0.891867,0.868507,0.889010,0.882593,0.867773,0.923149,0.856700,0.883386,0.850724,0.854998,0.921460,0.876293,0.876005,0.825816,0.843060,0.857994,0.815423,0.834077,0.847402,0.915937,0.878816,0.734463,0.925031,0.863962,0.902124,0.877288,0.835856,0.912197,0.881632,0.793849,0.814354,0.883305,0.864631,0.808901,0.848759,0.884787,0.843052,0.897874,0.954177,0.834899,0.872936,0.877596,0.856482,0.873525,0.910219,0.861356,0.861364,0.896033,0.865105,0.908235,0.859114,0.860095,0.852768,0.897521,0.878642,0.872031,0.926841,0.874723,0.823373,0.842562,0.834834,0.836581,0.833469,0.857892,0.845733,0.855384,0.850755,0.870165,0.885813,0.890082,0.893795,0.861926,0.849856,0.855230,0.835484,0.842621,0.826531,0.847976,0.861742,0.860494,1.000000,0.934544,0.897088,0.871128,0.877629,0.871449,0.834032,0.862274,0.900272,0.912666,0.832786,0.874828,0.908053,0.858982,0.822902,0.848364,0.811717,0.863278,0.833173,0.869427,0.860093,0.875719,0.842810,0.828921,0.853414,0.841927,0.858565,0.790151,0.839601,0.865463,0.875026,0.841174,0.913262,0.868817,0.813167,0.884846,0.855972,0.864303,0.879804,0.865198,0.863444,0.866766,0.784594,0.834128,0.842877,0.871419,0.836089,0.885477,0.896383,0.865380,0.885886,0.854105,0.825616,0.859831,0.887852,0.858454,0.818874,0.821622,0.869533,0.860852,0.904339,0.936394,0.879691,0.834422,0.859128,0.840735,0.851210,0.876115,0.870090,0.855112,0.866104,0.868550,0.853751,0.853967,0.889277,0.862899,0.889655,0.849391,0.821065,0.851470,0.889303,0.913826,0.844093,0.903840,0.832918,0.871498,0.851019,0.896371,0.858322,0.868131,0.871013,0.882754,0.823868,0.842926,0.876976
0.891445,0.876593,0.913578,0.893350,0.855664,0.864709,0.867941,0.857152,0.870749,0.844119,0.895899,0.855563,0.870729,0.863822,0.865408,0.928837,0.903482,0.821423,0.858840,0.909946,0.878512,0.843610,0.829535,0.898113,0.911436,0.900843,0.903989,0.894852,0.866941,0.834647,0.928603,0.890092,0.846803,0.850656,0.891779,0.858839,0.862679,0.897982,0.831502,0.896875,0.894621,0.927827,0.903243,0.877588,0.947568,0.858548,0.897563,0.816255,0.862287,0.852874,0.889473,0.893082,0.805359,0.822229,0.844059,0.909839,0.882951,0.889020,0.903815,0.885171,0.874187,0.880273,0.882043,0.882479,0.910411,0.863817,0.928998,0.871574,0.894765,0.869940,0.883014,0.890298,0.894820,0.856525,0.865505,0.845566,0.882285,0.949403,0.893077,0.879111,0.886552,0.942543,0.920869,0.858740,0.854872,0.939043,0.895937,0.903418,0.899063,0.934148,0.865140,0.915973,0.871644,0.906290,0.888432,0.891533,0.881898,0.884783,0.912085,0.890189,0.884446,0.921001,0.867146,0.882894,0.886656,0.877588,0.917212,0.870002,0.859649,0.873598,0.875541,0.864698,0.814109,0.859392,0.874874,0.922293,0.885741,0.695332,0.915719,0.878930,0.914414,0.901942,0.847442,0.917960,0.883538,0.830530,0.815339,0.897986,0.869868,0.842998,0.864492,0.888619,0.851418,0.894044,0.920131,0.853853,0.865729,0.904394,0.873988,0.895177,0.929514,0.879358,0.876896,0.933214,0.867272,0.923519,0.889142,0.848966,0.865410,0.892690,0.869017,0.879515,0.954580,0.877242,0.840547,0.881861,0.859821,0.857263,0.857368,0.859019,0.830313,0.865208,0.858954,0.862222,0.903598,0.899586,0.910138,0.888705,0.859818,0.857887,0.856169,0.852538,0.866432,0.859015,0.904566,0.882258,0.934544,1.000000,0.932492,0.867462,0.888361,0.882124,0.850978,0.860583,0.893724,0.901567,0.849656,0.899504,0.939681,0.872543,0.868294,0.864520,0.798326,0.860773,0.846823,0.891604,0.883293,0.884457,0.870201,0.821088,0.875310,0.878275,0.877466,0.836614,0.876126,0.873030,0.860177,0.878498,0.925484,0.860118,0.830675,0.900911,0.881935,0.875750,0.898288,0.874128,0.883543,0.917439,0.803804,0.842626,0.847837,0.889759,0.846350,0.921397,0.899884,0.878746,0.913170,0.886697,0.838953,0.895598,0.905865,0.871285,0.863263,0.823476,0.861313,0.888211,0.898199,0.961394,0.886242,0.877094,0.858213,0.873031,0.883218,0.901169,0.877053,0.877053,0.881575,0.904516,0.864936,0.884468,0.906428,0.876246,0.906034,0.872486,0.846224,0.875972,0.896813,0.901253,0.858800,0.923245,0.847122,0.872039,0.861721,0.888085,0.875820,0.887065,0.881970,0.904681,0.850008,0.866327,0.885075
0.881781,0.862639,0.895988,0.901503,0.895473,0.852834,0.875253,0.856998,0.886444,0.839510,0.876958,0.880453,0.890181,0.866898,0.883759,0.910369,0.877133,0.798987,0.855134,0.921130,0.925829,0.826231,0.848194,0.924424,0.897343,0.941860,0.893397,0.895809,0.876541,0.868795,0.908688,0.870582,0.866457,0.857993,0.938399,0.873656,0.870984,0.880791,0.846231,0.879886,0.915562,0.930908,0.902208,0.884102,0.943147,0.891728,0.876223,0.815056,0.891295,0.894188,0.881935,0.912873,0.793570,0.831044,0.840942,0.892865,0.905717,0.872071,0.919576,0.899846,0.897173,0.883609,0.885085,0.848598,0.909133,0.902577,0.903747,0.877086,0.876530,0.929678,0.907606,0.908117,0.895006,0.871830,0.888982,0.849198,0.861641,0.933569,0.901135,0.899569,0.909195,0.930805,0.899122,0.865645,0.855733,0.888580,0.906304,0.882410,0.897251,0.944377,0.886317,0.897691,0.893541,0.912742,0.862888,0.900065,0.909285,0.895990,0.905220,0.878183,0.920648,0.901407,0.870508,0.885954,0.869334,0.873117,0.910881,0.880067,0.886900,0.865146,0.844044,0.885786,0.831833,0.869443,0.882370,0.913339,0.903272,0.710899,0.890954,0.885906,0.907007,0.922715,0.869666,0.924095,0.865075,0.867095,0.817473,0.926080,0.864703,0.847045,0.871452,0.905108,0.874539,0.911603,0.900905,0.860928,0.880819,0.930647,0.881802,0.908368,0.926038,0.893444,0.871480,0.940518,0.867145,0.896448,0.918209,0.867745,0.884656,0.880553,0.863455,0.899894,0.925723,0.892876,0.856695,0.872268,0.859887,0.853073,0.867707,0.887051,0.849572,0.878917,0.857325,0.858821,0.872500,0.868072,0.920341,0.925400,0.879234,0.891116,0.888190,0.877703,0.872147,0.878146,0.895584,0.886016,0.897088,0.932492,1.000000,0.864245,0.894893,0.891581,0.886898,0.859760,0.915614,0.900251,0.899123,0.904581,0.911618,0.879321,0.870573,0.883038,0.805606,0.878808,0.866801,0.889364,0.922780,0.887066,0.898404,0.824477,0.891917,0.891248,0.906895,0.835660,0.881640,0.878048,0.902951,0.861720,0.912149,0.853902,0.865836,0.912430,0.881333,0.888717,0.908589,0.897933,0.907760,0.911052,0.864198,0.839007,0.850612,0.901167,0.852590,0.921221,0.923324,0.936433,0.904516,0.888874,0.865740,0.890929,0.921496,0.864162,0.842608,0.827570,0.880282,0.921083,0.896096,0.929977,0.871159,0.875509,0.839409,0.887896,0.890264,0.910664,0.883838,0.885519,0.860107,0.905842,0.870908,0.895113,0.888839,0.896780,0.906617,0.893456,0.885799,0.836937,0.901881,0.905778,0.845934,0.909506,0.849157,0.920531,0.872683,0.914530,0.890666,0.895780,0.869831,0.906615,0.872654,0.846807,0.891830
0.864989,0.867966,0.860734,0.881966,0.875822,0.847394,0.841367,0.889463,0.826187,0.867962,0.882929,0.838145,0.888684,0.855783,0.843007,0.871268,0.870554,0.822186,0.842402,0.873297,0.853753,0.847026,0.837875,0.835237,0.880713,0.858435,0.867491,0.882648,0.850355,0.846746,0.867737,0.869034,0.860407,0.876273,0.866242,0.864728,0.889583,0.907471,0.814829,0.819657,0.908114,0.868508,0.874050,0.877986,0.880546,0.837691,0.832155,0.817587,0.810526,0.855924,0.878380,0.880783,0.831980,0.872190,0.844759,0.839391,0.841061,0.863156,0.870007,0.918950,0.857919,0.864598,0.912202,0.866994,0.858574,0.900829,0.838819,0.845430,0.853896,0.844314,0.846936,0.888823,0.812125,0.946436,0.866502,0.853581,0.842161,0.852917,0.863833,0.930346,0.896842,0.858325,0.841824,0.876423,0.822329,0.850930,0.848979,0.857565,0.853104,0.871458,0.827029,0.896733,0.883982,0.861317,0.859045,0.844530,0.872345,0.876668,0.859462,0.887121,0.838274,0.853316,0.923894,0.911729,0.855541,0.882100,0.847289,0.860507,0.906210,0.832507,0.830652,0.904055,0.925003,0.862919,0.862015,0.850397,0.811523,0.675206,0.845550,0.850545,0.854574,0.910542,0.831325,0.854074,0.867310,0.848621,0.881101,0.865713,0.837989,0.853543,0.840254,0.827338,0.902530,0.821872,0.891557,0.854786,0.852032,0.855639,0.836697,0.855005,0.881499,0.834473,0.873194,0.871997,0.849375,0.852115,0.864623,0.902107,0.833695,0.878123,0.859381,0.849890,0.862295,0.880282,0.872353,0.857586,0.845893,0.821882,0.859687,0.870593,0.848153,0.873549,0.831816,0.925240,0.889894,0.852747,0.904824,0.895969,0.904517,0.899775,0.824306,0.874789,0.836486,0.860703,0.884888,0.902081,0.871128,0.867462,0.864245,1.000000,0.871475,0.910396,0.860383,0.949560,0.886754,0.874577,0.830547,0.863937,0.869480,0.838969,0.833845,0.848443,0.906296,0.886015,0.900628,0.903632,0.870946,0.873447,0.898272,0.827883,0.851368,0.855604,0.885305,0.841183,0.843252,0.865623,0.843708,0.857585,0.863881,0.806880,0.810756,0.863208,0.861462,0.904542,0.875552,0.905288,0.862333,0.896256,0.784912,0.803961,0.937167,0.886603,0.877155,0.871749,0.864117,0.844592,0.858904,0.907846,0.827519,0.816377,0.874878,0.934037,0.805415,0.949739,0.949857,0.827922,0.949110,0.840241,0.846684,0.865595,0.863731,0.857971,0.832215,0.865697,0.897902,0.840988,0.798824,0.886715,0.910234,0.826857,0.874137,0.826658,0.841238,0.845905,0.851120,0.808240,0.885226,0.831127,0.789180,0.860646,0.833099,0.841212,0.812070,0.882337,0.857949,0.884890,0.880881,0.895052,0.874108,0.820752,0.890435
0.885185,0.858720,0.885252,0.877570,0.844786,0.858948,0.867397,0.869786,0.884244,0.822353,0.907676,0.877041,0.871955,0.866515,0.862492,0.907465,0.867485,0.816009,0.872137,0.892785,0.882150,0.809164,0.879259,0.892258,0.948331,0.879231,0.902138,0.890079,0.852378,0.860578,0.900369,0.881230,0.878284,0.863623,0.892731,0.890630,0.855433,0.855859,0.885495,0.873105,0.875489,0.894807,0.935707,0.906598,0.912813,0.857101,0.894067,0.811055,0.927064,0.837766,0.920610,0.889236,0.796838,0.845485,0.851350,0.912013,0.859593,0.895437,0.862025,0.886802,0.899638,0.879759,0.859697,0.860953,0.871664,0.868876,0.913188,0.852285,0.893401,0.883893,0.861169,0.883962,0.849835,0.849998,0.878067,0.881127,0.879885,0.888299,0.909358,0.871191,0.889561,0.887737,0.878429,0.833613,0.833259,0.864332,0.907180,0.864062,0.866298,0.883847,0.867028,0.893822,0.855312,0.887545,0.863552,0.894087,0.885361,0.869846,0.864908,0.858011,0.904173,0.888466,0.862877,0.862107,0.870187,0.888114,0.895007,0.854427,0.884057,0.860579,0.841289,0.875694,0.838310,0.812912,0.869056,0.881204,0.859381,0.697221,0.902261,0.898077,0.887148,0.895850,0.902331,0.879043,0.873660,0.838688,0.813611,0.879399,0.891046,0.829824,0.879192,0.861518,0.859184,0.883389,0.881778,0.860906,0.846021,0.871087,0.846766,0.917892,0.890701,0.842818,0.875141,0.888315,0.873020,0.869065,0.861895,0.860499,0.932839,0.859253,0.899672,0.880495,0.865335,0.895286,0.849881,0.856854,0.859915,0.901642,0.895095,0.873706,0.838073,0.877340,0.849758,0.864696,0.872738,0.884213,0.888999,0.880838,0.857018,0.901670,0.848155,0.896915,0.860252,0.864654,0.881840,0.878886,0.877629,0.888361,0.894893,0.871475,0.999999,0.895898,0.896809,0.857205,0.879784,0.890293,0.835289,0.896744,0.894373,0.930421,0.846818,0.908064,0.827751,0.895768,0.850081,0.907541,0.892498,0.907566,0.880277,0.830153,0.870557,0.860927,0.863268,0.817005,0.873634,0.876085,0.852408,0.866376,0.896721,0.876033,0.868088,0.872912,0.906793,0.909430,0.892006,0.883139,0.897723,0.880888,0.816089,0.861586,0.852421,0.875875,0.815539,0.903174,0.884681,0.865134,0.878290,0.883256,0.891089,0.842658,0.866027,0.861621,0.845140,0.839982,0.879319,0.855550,0.874053,0.896214,0.876957,0.894523,0.870813,0.893625,0.867171,0.923083,0.832396,0.876775,0.915714,0.872482,0.861178,0.903464,0.895715,0.932502,0.893052,0.897369,0.889526,0.868245,0.878190,0.899219,0.901403,0.890015,0.849353,0.861081,0.921486,0.904896,0.890117,0.883736,0.867899,0.918654,0.826911,0.851326,0.863936
0.878499,0.908747,0.900333,0.910664,0.889950,0.908689,0.862980,0.883338,0.884700,0.867200,0.904381,0.891273,0.911174,0.841530,0.906488,0.879836,0.892885,0.830511,0.840867,0.866466,0.887011,0.860876,0.842973,0.873575,0.903974,0.867428,0.895794,0.860263,0.891156,0.873323,0.898459,0.883954,0.844463,0.880854,0.891313,0.873784,0.887060,0.886606,0.832578,0.873307,0.889405,0.874668,0.905919,0.884983,0.899460,0.873673,0.865229,0.840464,0.857551,0.838888,0.917699,0.908556,0.831611,0.862938,0.894680,0.885547,0.836538,0.923082,0.877248,0.934934,0.855940,0.898454,0.911797,0.917046,0.841683,0.911527,0.867370,0.888760,0.880702,0.885261,0.849069,0.912835,0.827307,0.913677,0.914396,0.885084,0.905811,0.880799,0.901659,0.905414,0.895069,0.884234,0.868169,0.866531,0.869378,0.883999,0.900415,0.895864,0.888610,0.901361,0.890242,0.894565,0.894700,0.898990,0.899320,0.880476,0.905431,0.866860,0.841738,0.874511,0.865707,0.900135,0.922161,0.909492,0.904180,0.882584,0.891423,0.875785,0.898479,0.887041,0.873162,0.858996,0.878323,0.833811,0.919679,0.865000,0.863427,0.732416,0.880290,0.880866,0.895680,0.917391,0.851015,0.878048,0.909727,0.878207,0.859100,0.871180,0.910804,0.906624,0.918424,0.872334,0.898654,0.879145,0.887498,0.896745,0.886827,0.905955,0.889412,0.898497,0.893691,0.822871,0.923257,0.860118,0.842969,0.879811,0.888930,0.895757,0.850170,0.869660,0.886279,0.877074,0.881283,0.907592,0.901911,0.888866,0.896876,0.873614,0.861182,0.892082,0.877355,0.902908,0.896754,0.911763,0.909118,0.904575,0.918690,0.902137,0.900942,0.903265,0.877356,0.897073,0.878909,0.899236,0.897673,0.898224,0.871449,0.882124,0.891581,0.910396,0.895898,1.000000,0.909662,0.906441,0.892895,0.907887,0.873754,0.915505,0.889171,0.877158,0.904683,0.876765,0.870176,0.917331,0.891355,0.917420,0.893657,0.867914,0.910993,0.846955,0.864949,0.902913,0.893327,0.860776,0.861643,0.852847,0.882038,0.892976,0.883950,0.878704,0.871483,0.903367,0.891883,0.932446,0.918835,0.905392,0.917816,0.910661,0.845663,0.857741,0.912411,0.898558,0.864849,0.895555,0.887819,0.883765,0.911142,0.923500,0.853989,0.806619,0.880234,0.909290,0.882074,0.888983,0.907498,0.871547,0.900349,0.864955,0.899098,0.895297,0.908476,0.889510,0.897898,0.900846,0.870423,0.908331,0.862584,0.921300,0.881306,0.887226,0.903542,0.892293,0.909061,0.878487,0.864052,0.872080,0.907369,0.883336,0.849761,0.904457,0.881188,0.911878,0.859375,0.895693,0.932831,0.916517,0.906715,0.925816,0.863611,0.882822,0.907421
0.871317,0.868426,0.867969,0.863409,0.852080,0.849595,0.860270,0.885379,0.877504,0.856533,0.879809,0.896698,0.879820,0.857385,0.889696,0.859105,0.838030,0.761555,0.831669,0.870756,0.888353,0.815075,0.866534,0.873724,0.892502,0.862092,0.874384,0.862395,0.860536,0.879674,0.878589,0.831820,0.860117,0.870159,0.899064,0.898642,0.862696,0.831590,0.866919,0.847124,0.872447,0.870573,0.897352,0.883834,0.886235,0.879386,0.845689,0.784942,0.894133,0.832259,0.890885,0.884775,0.778288,0.847128,0.868057,0.873805,0.844224,0.878882,0.862813,0.904105,0.877045,0.862499,0.856875,0.855022,0.842220,0.867760,0.846933,0.831996,0.852746,0.870800,0.841586,0.896308,0.825101,0.849955,0.865597,0.926121,0.881294,0.868548,0.921925,0.847475,0.880757,0.862908,0.858390,0.833154,0.823931,0.831178,0.871885,0.878833,0.857911,0.877704,0.877549,0.860551,0.839309,0.881934,0.876086,0.858195,0.896865,0.870888,0.842339,0.850539,0.871373,0.883778,0.866489,0.866393,0.859699,0.860987,0.882103,0.857644,0.885574,0.867895,0.835709,0.874134,0.840167,0.820190,0.897292,0.843314,0.866595,0.711348,0.854799,0.881622,0.884304,0.914198,0.890219,0.857893,0.890760,0.866320,0.809099,0.856978,0.892658,0.877256,0.897440,0.860981,0.889145,0.876982,0.857871,0.870126,0.846200,0.895465,0.856250,0.883610,0.875017,0.829142,0.872307,0.862019,0.857533,0.853127,0.864843,0.853508,0.877507,0.848982,0.863241,0.838584,0.835070,0.925632,0.888876,0.870558,0.874048,0.873584,0.861220,0.865589,0.849202,0.889978,0.856839,0.853394,0.877301,0.885032,0.882726,0.903085,0.856442,0.912034,0.881319,0.922230,0.846585,0.875718,0.873891,0.847946,0.834032,0.850978,0.886898,0.860383,0.896809,0.909662,1.000000,0.844010,0.870391,0.900833,0.832208,0.904504,0.870427,0.881932,0.860080,0.885032,0.805099,0.904302,0.850173,0.902651,0.895491,0.882766,0.884796,0.848818,0.836566,0.880638,0.887441,0.829643,0.879838,0.868458,0.854718,0.870375,0.860614,0.859111,0.941477,0.881042,0.887597,0.913895,0.898613,0.893844,0.933572,0.888919,0.844721,0.858694,0.843707,0.882717,0.834267,0.889715,0.870863,0.873834,0.877079,0.897210,0.857487,0.819203,0.856149,0.835892,0.872044,0.830023,0.867861,0.854319,0.839985,0.854615,0.892669,0.897172,0.874233,0.872390,0.891442,0.903538,0.858003,0.896512,0.844841,0.901613,0.849409,0.917209,0.896306,0.899698,0.881788,0.887181,0.879934,0.845363,0.894088,0.874178,0.841585,0.893504,0.900664,0.861752,0.882332,0.898423,0.891447,0.907241,0.889296,0.906549,0.866537,0.852631,0.896247
0.866374,0.875682,0.876453,0.887067,0.893988,0.871377,0.832605,0.878675,0.824595,0.879455,0.868814,0.832460,0.906204,0.832773,0.864048,0.856177,0.872068,0.829235,0.834097,0.852715,0.868157,0.859538,0.822681,0.835019,0.869851,0.854653,0.872144,0.858438,0.840632,0.854853,0.861157,0.880913,0.841222,0.874759,0.861990,0.835008,0.894514,0.876219,0.799741,0.820371,0.885450,0.863876,0.865363,0.861481,0.863980,0.831162,0.818639,0.827659,0.804308,0.856944,0.846327,0.847359,0.841813,0.892034,0.836032,0.857402,0.811441,0.871547,0.852407,0.892279,0.840757,0.857391,0.926123,0.863901,0.841382,0.914948,0.837857,0.855426,0.859091,0.841275,0.843162,0.876373,0.801441,0.946701,0.870116,0.837846,0.845237,0.836957,0.853799,0.939420,0.892112,0.853972,0.840978,0.886430,0.837705,0.848570,0.853395,0.867921,0.851226,0.850988,0.831433,0.886974,0.907158,0.871750,0.876589,0.850515,0.861420,0.840815,0.835299,0.878392,0.829409,0.852246,0.931069,0.916433,0.860746,0.900758,0.840986,0.867597,0.898775,0.826234,0.839475,0.883263,0.927874,0.846359,0.869943,0.840812,0.818581,0.707050,0.837634,0.837097,0.849661,0.895337,0.816887,0.844411,0.868941,0.857605,0.908001,0.848212,0.847290,0.871652,0.830564,0.831158,0.910660,0.817944,0.884365,0.865244,0.859900,0.854545,0.839076,0.851700,0.873505,0.809614,0.882995,0.839320,0.847371,0.859080,0.871742,0.904810,0.813493,0.870221,0.855475,0.844693,0.860260,0.858953,0.856261,0.849737,0.847293,0.831410,0.851113,0.868388,0.854341,0.871937,0.847912,0.931936,0.882810,0.843911,0.879785,0.868098,0.908849,0.876261,0.828504,0.861638,0.836997,0.871055,0.859016,0.911365,0.862274,0.860583,0.859760,0.949560,0.857205,0.906441,0.844010,1.000000,0.874290,0.847192,0.847512,0.860010,0.866439,0.844660,0.837330,0.826448,0.932941,0.857648,0.897559,0.886619,0.846160,0.868624,0.891737,0.822499,0.867177,0.848884,0.886758,0.851067,0.830776,0.860222,0.857931,0.858485,0.860796,0.795346,0.800387,0.861772,0.864735,0.886589,0.869195,0.879919,0.859606,0.897886,0.803465,0.803014,0.948337,0.881098,0.880009,0.861611,0.860065,0.843146,0.865416,0.893798,0.820458,0.781105,0.862016,0.961290,0.824118,0.959237,0.937319,0.835415,0.936933,0.837540,0.838822,0.841554,0.867970,0.862178,0.830739,0.852237,0.888689,0.824072,0.816753,0.875212,0.915121,0.822769,0.861570,0.825017,0.841247,0.833912,0.839097,0.806298,0.866885,0.837143,0.806159,0.846992,0.829281,0.860112,0.809716,0.874644,0.874925,0.877235,0.863385,0.895762,0.852527,0.830268,0.878814
0.903482,0.880934,0.886819,0.891659,0.905937,0.870369,0.886333,0.868903,0.848543,0.868652,0.883700,0.873652,0.870386,0.885585,0.885457,0.906081,0.878115,0.809324,0.877374,0.919061,0.904168,0.856435,0.864870,0.879159,0.896926,0.930388,0.877838,0.911704,0.862157,0.877499,0.906461,0.869932,0.894127,0.865031,0.922530,0.896581,0.890371,0.879657,0.850147,0.850091,0.909254,0.901523,0.892697,0.897772,0.925376,0.855863,0.873622,0.821934,0.875762,0.907384,0.884923,0.888481,0.805332,0.823763,0.863349,0.880814,0.875276,0.885707,0.902045,0.899032,0.884387,0.912012,0.886935,0.871272,0.897076,0.894699,0.871335,0.860899,0.882984,0.878075,0.883968,0.890153,0.852557,0.879001,0.865883,0.855979,0.849541,0.884816,0.872811,0.900203,0.881663,0.907774,0.879858,0.853649,0.856418,0.882809,0.891289,0.843780,0.885093,0.900706,0.846678,0.899734,0.876692,0.897267,0.851394,0.876361,0.884357,0.909223,0.885924,0.883182,0.882672,0.877969,0.891455,0.900084,0.864707,0.863697,0.883209,0.880802,0.896291,0.857723,0.843666,0.913526,0.840353,0.848518,0.872639,0.889361,0.851428,0.712783,0.887568,0.892179,0.909200,0.936094,0.868212,0.887597,0.854407,0.830412,0.828831,0.915673,0.877040,0.857557,0.858471,0.863119,0.870136,0.879958,0.903844,0.865394,0.872841,0.877686,0.855292,0.890752,0.905962,0.868692,0.877190,0.913138,0.884535,0.889697,0.891997,0.866980,0.854045,0.909548,0.860439,0.871924,0.897285,0.874655,0.865030,0.855790,0.863658,0.840642,0.892094,0.881810,0.860484,0.871914,0.855180,0.870421,0.871118,0.860220,0.889255,0.908319,0.888704,0.876552,0.859232,0.868444,0.842558,0.878206,0.865403,0.886811,0.900272,0.893724,0.915614,0.886754,0.879784,0.892895,0.870391,0.874290,1.000000,0.886819,0.853220,0.894469,0.899062,0.875420,0.835309,0.884194,0.817472,0.902117,0.868688,0.877150,0.902060,0.915668,0.879156,0.841903,0.857644,0.872296,0.892143,0.856075,0.878586,0.889617,0.871490,0.852368,0.896527,0.846268,0.856570,0.882519,0.893463,0.888340,0.892267,0.892911,0.874415,0.884946,0.813199,0.811610,0.876857,0.901255,0.868881,0.871233,0.896408,0.887575,0.881934,0.872284,0.877571,0.861328,0.912273,0.868392,0.833975,0.853604,0.871928,0.880626,0.912122,0.900564,0.852669,0.861924,0.846877,0.876367,0.879587,0.897417,0.890033,0.858420,0.827355,0.884565,0.889339,0.870352,0.875644,0.882338,0.886289,0.890618,0.884871,0.827817,0.896045,0.874632,0.813268,0.893851,0.825696,0.882170,0.832734,0.919314,0.855054,0.897245,0.870621,0.883435,0.865528,0.827420,0.902590
0.866338,0.890826,0.876474,0.885390,0.848082,0.875590,0.856259,0.889878,0.876222,0.845287,0.900551,0.853986,0.864357,0.832588,0.859745,0.893519,0.874141,0.797411,0.842372,0.878356,0.879686,0.819550,0.816451,0.870655,0.908503,0.881000,0.887263,0.887193,0.859399,0.839496,0.912585,0.865437,0.852615,0.855193,0.895119,0.863569,0.854000,0.862971,0.847102,0.879588,0.894600,0.891742,0.902788,0.850409,0.910119,0.878574,0.891852,0.808899,0.847737,0.819454,0.904696,0.894733,0.804225,0.810396,0.866130,0.879159,0.852982,0.887521,0.885372,0.902225,0.860352,0.894669,0.866538,0.875416,0.855883,0.873686,0.896764,0.876991,0.866619,0.873409,0.838964,0.903144,0.859366,0.860739,0.879020,0.896647,0.891225,0.912736,0.925194,0.873014,0.884591,0.931170,0.870347,0.846616,0.861255,0.896905,0.866568,0.900621,0.873908,0.915116,0.897768,0.890886,0.859329,0.898406,0.880990,0.888269,0.892112,0.872502,0.859852,0.849640,0.869253,0.921024,0.864786,0.864705,0.869669,0.860872,0.917201,0.867664,0.892437,0.872816,0.872905,0.876050,0.823192,0.818766,0.870780,0.889069,0.874172,0.713005,0.907556,0.856110,0.920589,0.898320,0.845101,0.879773,0.878789,0.840652,0.821527,0.868157,0.897854,0.840956,0.905935,0.876447,0.857914,0.883790,0.906880,0.856846,0.900664,0.905499,0.870192,0.862489,0.895324,0.841581,0.881533,0.897251,0.858859,0.889452,0.861577,0.855108,0.868073,0.879479,0.869268,0.882998,0.884839,0.912825,0.849985,0.893552,0.870547,0.851330,0.834607,0.867686,0.834906,0.884072,0.880084,0.861339,0.907926,0.905552,0.895241,0.888849,0.876084,0.878767,0.867473,0.874023,0.879054,0.867454,0.867431,0.873749,0.912666,0.901567,0.900251,0.874577,0.890293,0.907887,0.900833,0.847192,0.886819,1.000000,0.833339,0.898714,0.893578,0.865544,0.878650,0.845652,0.798074,0.895232,0.857261,0.892815,0.899817,0.872846,0.884871,0.815008,0.858671,0.876924,0.846943,0.824890,0.870505,0.880710,0.888010,0.874924,0.897111,0.887767,0.872446,0.914956,0.871778,0.911727,0.903015,0.888266,0.917923,0.881377,0.827141,0.867595,0.841858,0.872674,0.812695,0.902456,0.902001,0.881356,0.904930,0.885899,0.823692,0.851858,0.875666,0.848245,0.862859,0.836654,0.874513,0.884512,0.889762,0.897572,0.896830,0.889918,0.875736,0.865940,0.895396,0.881115,0.835756,0.892373,0.870947,0.900123,0.863592,0.885295,0.919195,0.869197,0.917100,0.862798,0.839490,0.859943,0.914711,0.902440,0.850261,0.909744,0.875019,0.883325,0.867826,0.907176,0.905300,0.900194,0.926185,0.913849,0.835807,0.879687,0.887406
0.844500,0.841600,0.867720,0.886629,0.895704,0.852667,0.822342,0.830710,0.857120,0.843318,0.830249,0.850316,0.877705,0.797135,0.886483,0.844560,0.843002,0.813227,0.799551,0.859749,0.898341,0.819243,0.793467,0.857350,0.842843,0.876898,0.863742,0.829650,0.854239,0.853936,0.867986,0.862991,0.797832,0.845083,0.868795,0.802424,0.856584,0.842857,0.792920,0.825528,0.870267,0.857790,0.859600,0.839895,0.863413,0.849741,0.797626,0.811517,0.825207,0.828578,0.830142,0.863942,0.788798,0.875181,0.819605,0.838285,0.822914,0.867735,0.871138,0.869478,0.832324,0.832969,0.865706,0.841516,0.829633,0.887645,0.839966,0.861297,0.828637,0.889084,0.853346,0.861927,0.807229,0.869141,0.870372,0.810176,0.812598,0.864022,0.850378,0.863388,0.863768,0.850155,0.852520,0.844214,0.853301,0.845318,0.840653,0.838444,0.885261,0.901606,0.849681,0.864903,0.874344,0.870444,0.831358,0.863593,0.865085,0.816576,0.829787,0.835104,0.866350,0.853346,0.860371,0.854599,0.833146,0.847587,0.860516,0.872374,0.852782,0.838568,0.837689,0.792870,0.858020,0.829855,0.892739,0.834115,0.838695,0.686136,0.820144,0.844910,0.859016,0.861904,0.820069,0.848048,0.840378,0.905856,0.827738,0.856851,0.835928,0.864915,0.837004,0.862116,0.873047,0.833743,0.847856,0.871250,0.868102,0.916184,0.902967,0.856510,0.872162,0.815210,0.878164,0.837322,0.837132,0.866749,0.882962,0.862840,0.801206,0.812963,0.827942,0.850563,0.854918,0.853853,0.859839,0.852015,0.847425,0.823218,0.800356,0.850171,0.846476,0.861838,0.858932,0.887647,0.841277,0.818886,0.879346,0.870212,0.853237,0.870722,0.853951,0.826641,0.859149,0.840665,0.866394,0.841851,0.832786,0.849656,0.899123,0.830547,0.835289,0.873754,0.832208,0.847512,0.853220,0.833339,1.000000,0.865586,0.869952,0.845611,0.868585,0.839530,0.829235,0.838693,0.838953,0.853377,0.868989,0.822522,0.874611,0.829391,0.844792,0.873474,0.856265,0.832484,0.817497,0.836519,0.877946,0.827597,0.858594,0.825215,0.811237,0.883931,0.834272,0.858349,0.873519,0.864888,0.849377,0.885978,0.913586,0.812234,0.851996,0.862165,0.855331,0.859411,0.877270,0.906383,0.892695,0.861173,0.812968,0.788438,0.842834,0.854033,0.840372,0.817894,0.844382,0.902510,0.842264,0.857976,0.824785,0.832026,0.816956,0.854728,0.852635,0.857915,0.849446,0.851012,0.813327,0.871497,0.827865,0.847080,0.828311,0.856155,0.874859,0.834469,0.843108,0.813202,0.843103,0.851040,0.803305,0.850731,0.814136,0.904298,0.817870,0.865592,0.865044,0.874207,0.829856,0.855371,0.850474,0.807496,0.865791
0.915654,0.892314,0.876783,0.907729,0.873243,0.885333,0.874468,0.859827,0.891153,0.874196,0.888889,0.904917,0.886434,0.871012,0.904249,0.901557,0.874885,0.809871,0.868647,0.891889,0.896948,0.853823,0.874767,0.907712,0.900790,0.907762,0.894571,0.890254,0.915878,0.884836,0.917002,0.851748,0.868093,0.870260,0.890497,0.896137,0.893178,0.858492,0.885267,0.889379,0.903354,0.902763,0.911125,0.886936,0.927539,0.903209,0.852345,0.829918,0.890484,0.847111,0.868821,0.893317,0.791337,0.851819,0.900827,0.904539,0.882165,0.917549,0.887663,0.894766,0.892957,0.883010,0.897376,0.902352,0.875555,0.896860,0.904777,0.867480,0.908651,0.899867,0.866641,0.888891,0.848130,0.863901,0.896438,0.891923,0.879480,0.897680,0.906436,0.884700,0.897426,0.896068,0.872044,0.858028,0.861107,0.870518,0.915999,0.895127,0.885435,0.909900,0.888769,0.874907,0.859768,0.898854,0.891314,0.900743,0.884814,0.893996,0.881125,0.880422,0.901612,0.914920,0.882632,0.891468,0.883762,0.866954,0.897727,0.866787,0.880825,0.894584,0.859580,0.859564,0.827686,0.849771,0.919688,0.877947,0.885203,0.709485,0.862971,0.895925,0.921915,0.913131,0.894049,0.876753,0.874875,0.881360,0.833696,0.895013,0.910728,0.895228,0.900634,0.878246,0.855594,0.882386,0.871456,0.890093,0.888052,0.917563,0.903697,0.918432,0.911653,0.865275,0.897157,0.886846,0.889386,0.877298,0.892826,0.853925,0.901812,0.897306,0.847702,0.872602,0.875168,0.887057,0.866295,0.898858,0.898582,0.904060,0.875738,0.860829,0.827607,0.915928,0.883218,0.873879,0.888490,0.882832,0.887230,0.899915,0.871020,0.868895,0.875268,0.857198,0.866459,0.883023,0.868902,0.883807,0.874828,0.899504,0.904581,0.863937,0.896744,0.915505,0.904504,0.860010,0.894469,0.898714,0.865586,1.000000,0.896207,0.901937,0.883711,0.899374,0.806179,0.866738,0.857553,0.883716,0.923011,0.902227,0.897634,0.841109,0.869120,0.902232,0.876952,0.845113,0.871674,0.862554,0.873321,0.882190,0.893976,0.861418,0.863804,0.889411,0.906772,0.887876,0.919133,0.876917,0.906315,0.907493,0.864897,0.834224,0.858693,0.893008,0.848849,0.887528,0.903503,0.890788,0.904190,0.879471,0.874415,0.861536,0.884457,0.854124,0.886859,0.829386,0.862056,0.889515,0.863000,0.895666,0.897515,0.860968,0.858187,0.896621,0.892087,0.925401,0.853130,0.914216,0.876592,0.927218,0.862400,0.898688,0.889016,0.905346,0.903819,0.898959,0.888403,0.863548,0.896946,0.892748,0.877840,0.891758,0.864480,0.888305,0.912413,0.916389,0.909881,0.924268,0.881109,0.903465,0.866418,0.853401,0.910470
0.905229,0.899217,0.916996,0.899334,0.875019,0.886537,0.868838,0.864468,0.890495,0.863903,0.877774,0.863222,0.889561,0.860430,0.892592,0.924288,0.905711,0.843932,0.854197,0.914855,0.894944,0.856187,0.838796,0.904880,0.915196,0.902445,0.916713,0.892988,0.862303,0.845582,0.944850,0.920011,0.848307,0.862400,0.903446,0.850636,0.906361,0.872051,0.843014,0.893016,0.909923,0.919664,0.900511,0.899705,0.933581,0.861073,0.884344,0.837463,0.873980,0.868139,0.899085,0.906678,0.825183,0.844612,0.872989,0.906638,0.879580,0.906950,0.904042,0.896014,0.872870,0.862031,0.876829,0.889045,0.911720,0.879058,0.910944,0.882420,0.896156,0.881710,0.891335,0.876531,0.896357,0.870806,0.873190,0.873296,0.888516,0.937944,0.908777,0.880168,0.891340,0.926194,0.948775,0.861414,0.872861,0.929066,0.899671,0.898749,0.921672,0.922129,0.869533,0.932845,0.866886,0.908421,0.888198,0.892029,0.887279,0.872839,0.902321,0.895871,0.893449,0.915574,0.877247,0.873293,0.892907,0.901475,0.925212,0.879571,0.871188,0.884557,0.885791,0.866457,0.848619,0.866797,0.894304,0.905563,0.884347,0.712471,0.899898,0.876202,0.920965,0.905672,0.861761,0.906488,0.885294,0.850169,0.839432,0.888139,0.888013,0.865700,0.890960,0.881952,0.866126,0.892856,0.916696,0.885358,0.883980,0.900444,0.866149,0.894307,0.910040,0.875323,0.890418,0.912532,0.878913,0.938448,0.882051,0.860819,0.871762,0.880517,0.875998,0.890850,0.924018,0.884015,0.875651,0.887007,0.868461,0.879527,0.863489,0.870906,0.850230,0.887201,0.882416,0.873353,0.891677,0.899466,0.897212,0.892674,0.869201,0.879123,0.877919,0.872221,0.880273,0.884312,0.889474,0.879649,0.908053,0.939681,0.911618,0.869480,0.894373,0.889171,0.870427,0.866439,0.899062,0.893578,0.869952,0.896207,1.000000,0.903335,0.867549,0.873503,0.823573,0.881518,0.851709,0.900954,0.886370,0.888373,0.874657,0.852261,0.882033,0.882142,0.876968,0.858279,0.898524,0.880066,0.876749,0.882998,0.919607,0.870282,0.853690,0.926159,0.913320,0.906293,0.898478,0.899589,0.886223,0.898329,0.837438,0.858522,0.859359,0.914171,0.864349,0.919732,0.907346,0.899312,0.917940,0.892766,0.848517,0.876993,0.903432,0.867345,0.894409,0.839999,0.880180,0.904814,0.891099,0.943900,0.880074,0.896028,0.864474,0.891816,0.900430,0.913000,0.880960,0.872593,0.888904,0.906175,0.863464,0.888166,0.910689,0.888004,0.918133,0.869593,0.869619,0.860739,0.894749,0.905157,0.862451,0.919719,0.856566,0.883141,0.867642,0.901766,0.876676,0.908501,0.881549,0.902111,0.869618,0.889086,0.898468
0.918189,0.876917,0.886223,0.877871,0.865854,0.871294,0.865386,0.843579,0.879399,0.846885,0.888332,0.889102,0.866785,0.879829,0.880286,0.897451,0.865526,0.808199,0.890672,0.895233,0.894602,0.829800,0.898163,0.897260,0.920243,0.879538,0.893166,0.879111,0.852105,0.893728,0.907816,0.866587,0.887450,0.842583,0.890176,0.893897,0.888752,0.834875,0.911083,0.869779,0.878794,0.890502,0.932615,0.911189,0.904111,0.851391,0.860723,0.809681,0.925099,0.845495,0.876816,0.858577,0.791575,0.832381,0.881254,0.933637,0.853324,0.906539,0.854941,0.856169,0.908324,0.860795,0.849514,0.862566,0.869817,0.860188,0.915894,0.843106,0.915191,0.882405,0.873594,0.861904,0.832986,0.835039,0.856202,0.874624,0.873275,0.883157,0.893203,0.855561,0.877807,0.875731,0.870762,0.830950,0.854851,0.855279,0.881984,0.847568,0.884829,0.870613,0.859035,0.886383,0.849421,0.879362,0.867520,0.888417,0.854702,0.855215,0.869123,0.868696,0.908247,0.881887,0.853645,0.860854,0.868881,0.870747,0.876982,0.846135,0.861851,0.856751,0.849380,0.843818,0.816891,0.812739,0.863133,0.858683,0.850353,0.707974,0.880741,0.917749,0.904096,0.889612,0.921350,0.868351,0.844481,0.830006,0.807939,0.888525,0.922437,0.847860,0.870082,0.854161,0.856639,0.866965,0.856976,0.877898,0.854813,0.873481,0.856969,0.920938,0.877995,0.834652,0.872818,0.866792,0.905658,0.872357,0.859332,0.843511,0.923834,0.875564,0.876248,0.853797,0.860868,0.851048,0.835657,0.870586,0.874719,0.924473,0.913392,0.847916,0.809131,0.891496,0.874470,0.856897,0.842214,0.870633,0.851464,0.859591,0.851483,0.848153,0.851005,0.859958,0.843870,0.872665,0.848678,0.855104,0.858982,0.872543,0.879321,0.838969,0.930421,0.877158,0.881932,0.844660,0.875420,0.865544,0.845611,0.901937,0.903335,1.000000,0.841953,0.912739,0.804915,0.852010,0.843038,0.866958,0.884982,0.923331,0.869846,0.815442,0.868341,0.861265,0.858999,0.840089,0.863146,0.860542,0.856189,0.872427,0.903024,0.861371,0.841656,0.853006,0.937186,0.884418,0.878125,0.856984,0.883255,0.857237,0.811955,0.847277,0.843640,0.877895,0.821732,0.874703,0.883370,0.859960,0.896715,0.859871,0.908738,0.827912,0.869150,0.841552,0.853428,0.815927,0.845905,0.859351,0.844840,0.894931,0.862695,0.856411,0.846682,0.915681,0.866544,0.933973,0.835216,0.845826,0.916943,0.880723,0.851183,0.900866,0.883797,0.939597,0.888534,0.917372,0.919207,0.848430,0.860962,0.874043,0.909351,0.870658,0.817802,0.864975,0.913335,0.921951,0.881253,0.892381,0.842627,0.894397,0.826909,0.851248,0.864883
0.843081,0.870625,0.858990,0.920107,0.821762,0.911595,0.797630,0.841147,0.842269,0.829140,0.858908,0.887014,0.886597,0.794856,0.923090,0.838622,0.839320,0.803910,0.776737,0.830324,0.862039,0.808996,0.809355,0.862369,0.858438,0.830238,0.855235,0.821356,0.912101,0.822828,0.869810,0.841731,0.817304,0.829196,0.854505,0.815128,0.845314,0.836651,0.782401,0.897042,0.868937,0.853376,0.870960,0.841670,0.865092,0.854959,0.798779,0.804330,0.822043,0.769671,0.845755,0.889401,0.804158,0.824262,0.838067,0.850998,0.774742,0.895452,0.848662,0.872314,0.817930,0.824170,0.888734,0.874825,0.804981,0.881950,0.855802,0.881475,0.858354,0.867178,0.807823,0.903641,0.800942,0.861682,0.891648,0.832072,0.858077,0.875471,0.883314,0.867357,0.859936,0.852900,0.845687,0.826425,0.876284,0.852515,0.866464,0.881411,0.883632,0.889937,0.913497,0.858418,0.849937,0.862769,0.868727,0.874399,0.868481,0.821514,0.801407,0.823415,0.849793,0.886496,0.859750,0.851862,0.856694,0.864276,0.867328,0.836919,0.856335,0.904463,0.862381,0.813182,0.820219,0.802566,0.912239,0.811108,0.840959,0.661531,0.824848,0.865391,0.862790,0.868821,0.839651,0.848346,0.864506,0.868982,0.845688,0.818360,0.857421,0.872573,0.890609,0.859074,0.849423,0.827305,0.822981,0.864848,0.860411,0.922427,0.919907,0.871493,0.883741,0.778364,0.901506,0.823660,0.816418,0.853265,0.859066,0.856829,0.821774,0.801482,0.833348,0.876442,0.854599,0.868156,0.852363,0.903064,0.887673,0.859303,0.815666,0.884202,0.831523,0.867532,0.868682,0.892444,0.878986,0.875632,0.893750,0.856597,0.878058,0.855270,0.863133,0.838591,0.921950,0.878561,0.857820,0.870732,0.822902,0.868294,0.870573,0.833845,0.846818,0.904683,0.860080,0.837330,0.835309,0.878650,0.868585,0.883711,0.867549,0.841953,1.000000,0.855445,0.813789,0.847074,0.866165,0.864775,0.868125,0.828964,0.889890,0.789497,0.850037,0.945417,0.843959,0.889150,0.831997,0.823632,0.867227,0.882661,0.882903,0.850718,0.817007,0.902425,0.860942,0.880732,0.911988,0.845206,0.897739,0.872496,0.857177,0.833850,0.830523,0.868033,0.821541,0.859611,0.871243,0.866101,0.908918,0.867117,0.813345,0.771144,0.829013,0.841475,0.915468,0.835640,0.839432,0.868140,0.848679,0.851012,0.869917,0.863871,0.848183,0.887421,0.872121,0.895228,0.824876,0.931817,0.848382,0.921326,0.850357,0.857394,0.876252,0.870795,0.894366,0.860106,0.839062,0.858730,0.836274,0.861596,0.841810,0.861299,0.849415,0.881986,0.826818,0.868260,0.917405,0.891445,0.880223,0.893495,0.818390,0.878560,0.844148
0.907367,0.837863,0.859468,0.882860,0.851305,0.850011,0.871225,0.810595,0.866231,0.817301,0.856054,0.942695,0.856416,0.884281,0.878870,0.883463,0.837844,0.772773,0.880065,0.892996,0.892173,0.795259,0.939131,0.896743,0.905912,0.871079,0.886328,0.883202,0.882867,0.881110,0.887718,0.844428,0.889312,0.842960,0.889340,0.928099,0.857649,0.832417,0.892160,0.849302,0.880391,0.873053,0.911018,0.938354,0.908284,0.867209,0.834802,0.784433,0.917726,0.855869,0.866121,0.881518,0.785220,0.818171,0.845151,0.883170,0.846148,0.890241,0.857182,0.867866,0.926104,0.876240,0.856132,0.854853,0.855045,0.865230,0.882766,0.824087,0.909454,0.888599,0.854989,0.858424,0.818208,0.837033,0.861126,0.853424,0.825150,0.869952,0.878935,0.853231,0.876728,0.857142,0.848574,0.821169,0.822934,0.825546,0.909854,0.837429,0.873888,0.881779,0.850204,0.864192,0.843377,0.880643,0.843581,0.865595,0.868498,0.899748,0.857562,0.853302,0.905743,0.865679,0.843024,0.851982,0.840432,0.845243,0.871590,0.841972,0.854354,0.847230,0.815898,0.860691,0.803641,0.826131,0.874550,0.849952,0.847007,0.681736,0.848580,0.962554,0.871228,0.898442,0.962094,0.866791,0.836933,0.819146,0.794655,0.892547,0.880104,0.825970,0.865936,0.861619,0.843764,0.853929,0.845679,0.871152,0.825542,0.882581,0.851178,0.957296,0.897751,0.835384,0.868048,0.858788,0.881061,0.845034,0.873717,0.832007,0.901986,0.858055,0.860849,0.837913,0.847045,0.860232,0.841062,0.854079,0.858222,0.898939,0.929905,0.873437,0.814437,0.865083,0.820721,0.847459,0.824108,0.837601,0.873700,0.890136,0.838697,0.864632,0.859954,0.856001,0.841194,0.863414,0.870566,0.845911,0.848364,0.864520,0.883038,0.848443,0.908064,0.876765,0.885032,0.826448,0.884194,0.845652,0.839530,0.899374,0.873503,0.912739,0.855445,1.000000,0.796570,0.872973,0.836852,0.864210,0.901921,0.926166,0.856665,0.812453,0.836610,0.860526,0.874178,0.819501,0.832140,0.847264,0.831493,0.846984,0.880355,0.832814,0.829262,0.849563,0.914404,0.868908,0.888967,0.862157,0.889633,0.867269,0.809370,0.813600,0.825956,0.872287,0.822131,0.857851,0.865823,0.856187,0.864438,0.854890,0.949094,0.822533,0.856613,0.824138,0.838707,0.801287,0.844337,0.840937,0.837025,0.875542,0.849173,0.847256,0.812456,0.909710,0.849066,0.959396,0.841234,0.879844,0.847402,0.885373,0.838973,0.883921,0.860395,0.922115,0.881363,0.945371,0.937184,0.812158,0.855644,0.871972,0.862916,0.873652,0.808569,0.850455,0.894048,0.909695,0.870525,0.876311,0.834138,0.882801,0.829482,0.805511,0.867759
0.801383,0.830038,0.844486,0.854068,0.840020,0.845197,0.779406,0.827641,0.788954,0.817286,0.834223,0.813161,0.877408,0.768006,0.835943,0.810681,0.825376,0.820169,0.752119,0.793669,0.819456,0.805444,0.759487,0.789498,0.820804,0.793302,0.834437,0.788839,0.801267,0.789916,0.823739,0.844609,0.770421,0.818324,0.806290,0.761938,0.842816,0.824689,0.741537,0.803873,0.818427,0.804944,0.808641,0.825061,0.815989,0.796370,0.779433,0.813868,0.771845,0.782267,0.813284,0.813465,0.839989,0.883326,0.790577,0.805293,0.741245,0.838534,0.806972,0.839509,0.773007,0.805394,0.873558,0.841502,0.764608,0.890865,0.784883,0.842904,0.803187,0.798730,0.778306,0.839928,0.759898,0.923650,0.852799,0.795383,0.805043,0.789634,0.820479,0.891310,0.868322,0.807277,0.806988,0.836420,0.820545,0.807769,0.817333,0.818162,0.829520,0.808722,0.829152,0.849780,0.850772,0.821999,0.834414,0.822846,0.827191,0.768535,0.768787,0.836001,0.786152,0.813737,0.892433,0.862156,0.821659,0.880247,0.809709,0.824633,0.862108,0.801014,0.815327,0.827356,0.940328,0.791693,0.855823,0.797928,0.781543,0.668345,0.788941,0.787452,0.797136,0.832570,0.779138,0.808551,0.837070,0.847664,0.905697,0.784825,0.804826,0.827638,0.813825,0.796835,0.861822,0.782614,0.822678,0.828773,0.811912,0.818433,0.813511,0.812208,0.817216,0.751855,0.854496,0.770041,0.793305,0.814321,0.812128,0.872107,0.766429,0.789727,0.814085,0.817112,0.807460,0.828041,0.832854,0.825200,0.828722,0.802705,0.788913,0.843320,0.852494,0.826218,0.812605,0.921909,0.833159,0.810152,0.856706,0.815943,0.887393,0.852671,0.798517,0.824602,0.840486,0.829320,0.820659,0.874338,0.811717,0.798326,0.805606,0.906296,0.827751,0.870176,0.805099,0.932941,0.817472,0.798074,0.829235,0.806179,0.823573,0.804915,0.813789,0.796570,1.000000,0.829694,0.848412,0.842437,0.802036,0.789400,0.869816,0.804585,0.834286,0.811341,0.832940,0.817757,0.787204,0.797879,0.827187,0.823434,0.815181,0.777679,0.780637,0.835312,0.810798,0.845477,0.841216,0.842524,0.818944,0.847949,0.792544,0.788036,0.898997,0.838271,0.830135,0.820239,0.828036,0.813140,0.836159,0.848263,0.781128,0.725933,0.794023,0.901570,0.800343,0.934431,0.930959,0.817514,0.885214,0.789546,0.799045,0.797506,0.843092,0.820975,0.801938,0.819231,0.836722,0.791587,0.774182,0.829973,0.860305,0.769166,0.802116,0.797922,0.809003,0.777774,0.785433,0.798861,0.807929,0.811143,0.772348,0.799795,0.812254,0.826660,0.770042,0.826172,0.842471,0.822434,0.803727,0.848803,0.815798,0.798912,0.831152
0.843109,0.875608,0.870174,0.878943,0.853255,0.868415,0.862319,0.883088,0.867178,0.832336,0.886421,0.884344,0.893461,0.825893,0.879643,0.868808,0.855342,0.802806,0.822437,0.861361,0.872526,0.822132,0.834951,0.850116,0.918427,0.845418,0.876984,0.850496,0.835755,0.834068,0.886921,0.854859,0.829947,0.878473,0.876288,0.869910,0.856368,0.859408,0.819460,0.835735,0.866353,0.853713,0.880942,0.861392,0.888977,0.854247,0.866404,0.816660,0.857241,0.838641,0.936844,0.916318,0.809796,0.841228,0.865264,0.843871,0.819836,0.878848,0.867303,0.917107,0.854517,0.904677,0.864028,0.867746,0.842257,0.879091,0.834364,0.845421,0.836288,0.865056,0.833188,0.887899,0.820508,0.871025,0.882694,0.869483,0.860666,0.852672,0.901533,0.865001,0.874306,0.873875,0.871638,0.833398,0.836870,0.868156,0.873937,0.861444,0.864120,0.880023,0.855512,0.879566,0.858109,0.873779,0.848138,0.860667,0.905951,0.863855,0.837520,0.860783,0.843833,0.878358,0.889773,0.870332,0.875209,0.857577,0.884977,0.884320,0.880784,0.860093,0.835970,0.873464,0.867684,0.818805,0.883488,0.870274,0.841757,0.686313,0.882104,0.861277,0.871182,0.919317,0.847397,0.850489,0.862746,0.860251,0.834289,0.841196,0.860301,0.854531,0.903110,0.847316,0.873608,0.869591,0.883355,0.864962,0.842998,0.868731,0.840817,0.869416,0.879303,0.821963,0.871731,0.866413,0.819993,0.869778,0.845143,0.884395,0.836403,0.835522,0.890326,0.857014,0.848009,0.931584,0.890919,0.848106,0.871573,0.840462,0.840904,0.915242,0.895345,0.868982,0.844610,0.874434,0.875946,0.865093,0.901132,0.909458,0.869318,0.932911,0.856019,0.906825,0.853864,0.851697,0.878051,0.867355,0.863278,0.860773,0.878808,0.886015,0.895768,0.917331,0.904302,0.857648,0.902117,0.895232,0.838693,0.866738,0.881518,0.852010,0.847074,0.872973,0.829694,1.000000,0.895737,0.904114,0.873602,0.855348,0.879615,0.855383,0.830456,0.871602,0.880805,0.835643,0.874609,0.876708,0.846938,0.860710,0.864043,0.880753,0.909661,0.892948,0.864702,0.907047,0.898718,0.916244,0.898825,0.877686,0.831264,0.850530,0.854380,0.875307,0.838336,0.882086,0.865669,0.862793,0.866877,0.899234,0.838532,0.816401,0.845217,0.848360,0.844624,0.844235,0.887763,0.849644,0.874365,0.854742,0.858919,0.892626,0.858253,0.849047,0.877078,0.884120,0.859775,0.870916,0.816922,0.872506,0.846434,0.860207,0.877954,0.878750,0.898649,0.855753,0.849248,0.846993,0.887696,0.874515,0.808454,0.907707,0.880733,0.858144,0.842822,0.892927,0.877592,0.892195,0.892073,0.906205,0.852469,0.843498,0.889122
0.853500,0.882011,0.843565,0.909058,0.847682,0.869556,0.817577,0.847053,0.831309,0.847961,0.870357,0.864524,0.906291,0.812208,0.876054,0.845014,0.842128,0.838202,0.811398,0.839475,0.859293,0.852971,0.824465,0.832138,0.868299,0.824931,0.842401,0.840828,0.851644,0.831444,0.847711,0.838037,0.822639,0.856251,0.845569,0.841546,0.888382,0.862710,0.800839,0.829060,0.868017,0.860027,0.862622,0.842922,0.851691,0.834817,0.796333,0.850964,0.801307,0.820153,0.852358,0.885090,0.803391,0.841039,0.851656,0.829212,0.796814,0.869339,0.855600,0.879099,0.841627,0.865680,0.906574,0.852116,0.821424,0.909839,0.815364,0.859318,0.857519,0.867960,0.827132,0.897452,0.787662,0.905894,0.894033,0.819973,0.819290,0.827653,0.871457,0.909298,0.873470,0.849187,0.830653,0.864208,0.853700,0.823795,0.849267,0.837106,0.841803,0.860539,0.860912,0.867015,0.889932,0.849896,0.846700,0.874054,0.877289,0.837785,0.816065,0.844944,0.837500,0.841959,0.901186,0.875257,0.865620,0.854611,0.839427,0.893542,0.880717,0.859084,0.834515,0.843358,0.865082,0.829138,0.888981,0.831805,0.824891,0.665757,0.814915,0.841289,0.844593,0.893339,0.817116,0.834809,0.831930,0.871011,0.908023,0.844591,0.820761,0.871840,0.842859,0.830426,0.865983,0.832942,0.856533,0.854780,0.850399,0.855779,0.849546,0.851728,0.864115,0.786240,0.870013,0.842039,0.831402,0.845782,0.853668,0.923626,0.804701,0.826432,0.848595,0.878686,0.841084,0.872322,0.838155,0.857289,0.888456,0.812233,0.848437,0.917127,0.867497,0.874055,0.843487,0.897327,0.864029,0.828118,0.873708,0.872612,0.904868,0.881834,0.825385,0.849174,0.862702,0.838574,0.842494,0.895090,0.833173,0.846823,0.866801,0.900628,0.850081,0.891355,0.850173,0.897559,0.868688,0.857261,0.838953,0.857553,0.851709,0.843038,0.866165,0.836852,0.848412,0.895737,1.000000,0.867281,0.851173,0.849061,0.901849,0.806555,0.876864,0.868658,0.856081,0.902070,0.827462,0.839636,0.869545,0.880614,0.859027,0.813042,0.818524,0.864823,0.863378,0.858733,0.892967,0.869945,0.870743,0.875400,0.819691,0.824710,0.883847,0.863108,0.835910,0.844554,0.871244,0.852871,0.857468,0.868350,0.817323,0.776844,0.843645,0.886656,0.828738,0.880287,0.883696,0.833018,0.888338,0.819517,0.813788,0.836005,0.815968,0.868870,0.836610,0.866046,0.850790,0.849594,0.798549,0.869296,0.887376,0.818565,0.846545,0.834760,0.857400,0.849750,0.852057,0.825101,0.849046,0.839245,0.797411,0.847761,0.829283,0.868012,0.802840,0.873735,0.874234,0.887269,0.871583,0.884514,0.830200,0.819601,0.856923
0.870158,0.867687,0.889393,0.883197,0.862816,0.861591,0.847448,0.900828,0.869124,0.874285,0.906581,0.853385,0.902768,0.851787,0.874122,0.898712,0.884836,0.821574,0.854992,0.883890,0.866249,0.835860,0.838732,0.864062,0.916377,0.860979,0.886362,0.868555,0.856571,0.854791,0.890064,0.892860,0.852420,0.887351,0.879331,0.861283,0.874630,0.867244,0.825582,0.847995,0.888368,0.887736,0.891355,0.889114,0.903464,0.840685,0.866336,0.809617,0.854631,0.848583,0.910402,0.895397,0.805909,0.864939,0.856085,0.875079,0.863728,0.879947,0.875642,0.932671,0.863826,0.873701,0.889530,0.858500,0.878229,0.878736,0.859169,0.860871,0.861069,0.863664,0.850302,0.893211,0.855069,0.879954,0.887662,0.879262,0.877969,0.885706,0.907694,0.882738,0.875555,0.886734,0.896395,0.842679,0.841346,0.864047,0.875510,0.879341,0.887033,0.888140,0.868472,0.911148,0.867913,0.887253,0.899792,0.869968,0.886420,0.873082,0.866923,0.876698,0.863167,0.891119,0.877113,0.882038,0.883735,0.886753,0.885153,0.858384,0.884548,0.871453,0.853719,0.872352,0.867145,0.853621,0.893976,0.879114,0.844568,0.725432,0.872646,0.862879,0.871892,0.912599,0.850697,0.867194,0.917905,0.853855,0.834136,0.865891,0.858101,0.867940,0.869577,0.847739,0.906402,0.851552,0.900660,0.865031,0.856868,0.879345,0.855929,0.879179,0.890789,0.850502,0.885003,0.889136,0.856248,0.884766,0.882485,0.897083,0.860773,0.850920,0.915047,0.886430,0.881291,0.909854,0.872154,0.856860,0.851187,0.842266,0.853035,0.886687,0.865301,0.880473,0.849155,0.883336,0.896423,0.890252,0.897570,0.908916,0.875362,0.925682,0.842717,0.901737,0.862141,0.870032,0.909759,0.881741,0.869427,0.891604,0.889364,0.903632,0.907541,0.917420,0.902651,0.886619,0.877150,0.892815,0.853377,0.883716,0.900954,0.866958,0.864775,0.864210,0.842437,0.904114,0.867281,1.000000,0.876659,0.868933,0.888297,0.844400,0.864406,0.881387,0.895280,0.831936,0.870694,0.887538,0.856372,0.868764,0.887733,0.846932,0.851973,0.906382,0.874208,0.927685,0.888769,0.922080,0.910349,0.907282,0.824660,0.872317,0.876173,0.887136,0.874260,0.923983,0.876303,0.872716,0.896821,0.934201,0.839433,0.838511,0.873457,0.893062,0.869881,0.872247,0.900429,0.864277,0.896798,0.884059,0.878229,0.916278,0.877589,0.866167,0.877908,0.882787,0.873700,0.885632,0.852118,0.896494,0.853017,0.896393,0.908532,0.870904,0.879548,0.866319,0.856741,0.863065,0.901119,0.875321,0.831870,0.918629,0.857333,0.860960,0.864207,0.889474,0.905767,0.899749,0.907828,0.941044,0.873951,0.862690,0.909282
0.901822,0.866417,0.847331,0.897393,0.895566,0.860161,0.862872,0.835269,0.873489,0.850340,0.874634,0.876852,0.892618,0.869595,0.881207,0.884633,0.878388,0.784220,0.870085,0.903209,0.920470,0.825839,0.889962,0.913798,0.897712,0.924044,0.877744,0.884424,0.884922,0.885452,0.903950,0.839258,0.902053,0.852962,0.926692,0.905561,0.875847,0.867123,0.872933,0.881916,0.912291,0.916995,0.928103,0.921850,0.935226,0.886813,0.863444,0.797915,0.890388,0.867797,0.879006,0.927248,0.802551,0.822957,0.854618,0.891717,0.876399,0.890081,0.875615,0.886468,0.910224,0.883652,0.884572,0.870097,0.882677,0.894652,0.894028,0.858945,0.884627,0.920448,0.878728,0.912599,0.839472,0.867426,0.889744,0.855435,0.857335,0.896905,0.896056,0.890317,0.882428,0.897506,0.872673,0.835636,0.847187,0.856678,0.906641,0.850617,0.908276,0.912494,0.884467,0.890694,0.854873,0.892365,0.853376,0.883963,0.877564,0.899929,0.878226,0.872084,0.908428,0.863730,0.851190,0.874200,0.844571,0.844879,0.889411,0.848571,0.869580,0.877899,0.829557,0.882092,0.826925,0.832444,0.868860,0.861287,0.871511,0.700482,0.867085,0.903244,0.916558,0.911283,0.892441,0.888229,0.834790,0.866356,0.812092,0.904261,0.895776,0.849978,0.899050,0.889055,0.846973,0.876042,0.860346,0.878325,0.886414,0.906548,0.869938,0.920298,0.914571,0.857503,0.874406,0.890482,0.894366,0.871174,0.895886,0.849039,0.894730,0.903157,0.840336,0.868527,0.881471,0.865660,0.846223,0.891654,0.867568,0.868598,0.895849,0.859214,0.812768,0.881724,0.854218,0.852639,0.854228,0.859455,0.895797,0.908366,0.876623,0.864736,0.882978,0.856960,0.858782,0.868738,0.865582,0.864429,0.860093,0.883293,0.922780,0.870946,0.892498,0.893657,0.895491,0.846160,0.902060,0.899817,0.868989,0.923011,0.886370,0.884982,0.868125,0.901921,0.802036,0.873602,0.851173,0.876659,1.000000,0.910789,0.910903,0.799445,0.854602,0.887653,0.855360,0.837509,0.848940,0.871942,0.885416,0.850868,0.886923,0.860490,0.858563,0.905478,0.910601,0.890483,0.891150,0.875602,0.894585,0.894419,0.851459,0.824324,0.858979,0.884503,0.824250,0.876476,0.912625,0.912140,0.909149,0.856491,0.895208,0.851260,0.887581,0.844015,0.840709,0.828070,0.855342,0.881331,0.883525,0.888221,0.872524,0.862762,0.828640,0.919044,0.893819,0.914155,0.839949,0.882760,0.848956,0.901438,0.871609,0.878996,0.878392,0.895611,0.913117,0.915326,0.907168,0.828215,0.865835,0.873774,0.845132,0.874014,0.826906,0.894103,0.871439,0.912930,0.897952,0.900545,0.875049,0.884312,0.848622,0.842061,0.869097
0.943670,0.856126,0.879311,0.877620,0.877790,0.844233,0.889138,0.849840,0.860137,0.867168,0.877141,0.882976,0.864187,0.919895,0.864734,0.886961,0.865235,0.784465,0.923997,0.910734,0.899119,0.827580,0.946718,0.900131,0.917489,0.902441,0.881912,0.924002,0.862310,0.898221,0.890188,0.851217,0.937399,0.870133,0.902114,0.950263,0.885637,0.856490,0.929149,0.846493,0.902894,0.896764,0.926597,0.926974,0.914437,0.860155,0.852921,0.802028,0.903868,0.883739,0.867162,0.876746,0.783126,0.825745,0.857748,0.895653,0.861693,0.882727,0.871196,0.871441,0.955692,0.890650,0.866625,0.847848,0.888182,0.860687,0.899892,0.818127,0.920484,0.877389,0.884282,0.864966,0.832184,0.845829,0.844994,0.871624,0.842119,0.873254,0.891302,0.876590,0.871871,0.879921,0.850319,0.843204,0.830480,0.849000,0.885660,0.847668,0.864469,0.867298,0.834517,0.884684,0.848537,0.883226,0.857868,0.869181,0.849186,0.906657,0.881571,0.862312,0.907761,0.852356,0.848701,0.875998,0.836635,0.855051,0.867195,0.855627,0.874440,0.843837,0.822723,0.896460,0.808896,0.829780,0.848797,0.859762,0.836414,0.706620,0.868675,0.942229,0.905041,0.913162,0.947253,0.867829,0.842149,0.810333,0.812263,0.910022,0.897582,0.838286,0.845916,0.860515,0.860009,0.849614,0.870927,0.859336,0.857774,0.858911,0.851385,0.926401,0.901418,0.853819,0.849506,0.893608,0.929237,0.855740,0.876051,0.853120,0.913801,0.917066,0.866467,0.836406,0.866880,0.855721,0.825306,0.856489,0.857853,0.892479,0.955735,0.851514,0.803058,0.878690,0.848147,0.851782,0.851430,0.854603,0.856630,0.881489,0.859283,0.853701,0.845584,0.865349,0.808551,0.864117,0.861631,0.857411,0.875719,0.884457,0.887066,0.873447,0.907566,0.867914,0.882766,0.868624,0.915668,0.872846,0.822522,0.902227,0.888373,0.923331,0.828964,0.926166,0.789400,0.855348,0.849061,0.868933,0.910789,1.000000,0.860703,0.807185,0.858143,0.858623,0.864359,0.836804,0.856196,0.893580,0.838969,0.859163,0.885071,0.843731,0.830305,0.843222,0.942056,0.876312,0.869665,0.862151,0.883072,0.870650,0.784576,0.810009,0.860284,0.884438,0.832310,0.870657,0.884856,0.841530,0.865380,0.857935,0.939313,0.845151,0.876024,0.854260,0.822859,0.833156,0.841791,0.835595,0.877511,0.890203,0.856538,0.849833,0.829156,0.912202,0.844747,0.928548,0.849909,0.850074,0.867414,0.874561,0.877371,0.880265,0.888669,0.905983,0.879787,0.944803,0.948967,0.819666,0.866545,0.860059,0.866747,0.865404,0.814626,0.839981,0.881858,0.922192,0.862568,0.889580,0.867395,0.896686,0.823107,0.820007,0.870285
0.874337,0.893915,0.857130,0.917012,0.885852,0.888884,0.843853,0.862211,0.853445,0.859294,0.904237,0.877346,0.912219,0.838830,0.900650,0.861712,0.858914,0.837630,0.810195,0.856064,0.901081,0.846762,0.834725,0.866323,0.886038,0.884418,0.865568,0.846528,0.869935,0.885562,0.887483,0.843634,0.860564,0.849398,0.893925,0.869297,0.882534,0.871524,0.844246,0.878594,0.892119,0.887542,0.895938,0.873392,0.893426,0.864695,0.838039,0.858984,0.850929,0.833377,0.866846,0.889396,0.843838,0.886506,0.859506,0.879373,0.822791,0.896270,0.869551,0.890312,0.851257,0.865084,0.904228,0.880613,0.825114,0.934100,0.856922,0.900447,0.862320,0.901132,0.836131,0.948336,0.811847,0.914174,0.912093,0.851496,0.856060,0.883200,0.893165,0.904377,0.909603,0.885860,0.862861,0.892887,0.884151,0.856883,0.873139,0.858189,0.888024,0.896792,0.911199,0.881224,0.883876,0.894866,0.867355,0.902078,0.899933,0.843194,0.832826,0.864029,0.863212,0.864455,0.894934,0.881528,0.874146,0.884176,0.883119,0.877497,0.900630,0.879551,0.853148,0.864610,0.881825,0.829622,0.887529,0.837517,0.859441,0.690520,0.848520,0.855662,0.888158,0.908681,0.851078,0.873157,0.860015,0.922049,0.890368,0.869085,0.880927,0.869692,0.883934,0.878184,0.879166,0.858215,0.866919,0.884175,0.894058,0.908361,0.893120,0.883606,0.877902,0.804849,0.900228,0.847851,0.868461,0.863478,0.879550,0.909066,0.856689,0.866168,0.851004,0.879119,0.855538,0.874169,0.863701,0.901525,0.891571,0.856620,0.863338,0.886032,0.849788,0.889852,0.875916,0.912204,0.872768,0.869851,0.891817,0.897694,0.928185,0.884024,0.858968,0.872912,0.899900,0.862695,0.846708,0.908621,0.842810,0.870201,0.898404,0.898272,0.880277,0.910993,0.884796,0.891737,0.879156,0.884871,0.874611,0.897634,0.874657,0.869846,0.889890,0.856665,0.869816,0.879615,0.901849,0.888297,0.910903,0.860703,1.000000,0.806015,0.897460,0.902306,0.868378,0.893526,0.858500,0.845655,0.913459,0.881644,0.889935,0.844064,0.859499,0.895141,0.880793,0.886559,0.913069,0.866061,0.894560,0.911769,0.876765,0.844342,0.886163,0.871935,0.842040,0.871799,0.909781,0.911440,0.914654,0.871568,0.842173,0.797192,0.870528,0.878133,0.859608,0.885169,0.913482,0.894315,0.889761,0.865705,0.853601,0.860961,0.852148,0.903453,0.898892,0.896504,0.856251,0.871858,0.842684,0.895041,0.906395,0.861203,0.880994,0.872754,0.898688,0.862448,0.875269,0.860609,0.868316,0.873536,0.839323,0.863507,0.843681,0.916224,0.853982,0.889582,0.919220,0.899294,0.877656,0.899048,0.863769,0.857272,0.875989
0.834839,0.840666,0.856424,0.826954,0.793230,0.828234,0.789123,0.825603,0.804509,0.840017,0.818520,0.831632,0.838113,0.765513,0.835697,0.834715,0.807065,0.792890,0.770986,0.807644,0.806116,0.797107,0.767165,0.790940,0.822590,0.803983,0.849377,0.814863,0.784403,0.798366,0.857758,0.858306,0.757119,0.845144,0.793621,0.796127,0.824991,0.819055,0.783249,0.802305,0.805939,0.803814,0.808562,0.817078,0.831544,0.796835,0.805544,0.788964,0.809919,0.786462,0.828975,0.821169,0.784839,0.819308,0.830484,0.805859,0.794026,0.851047,0.832069,0.848652,0.790824,0.825833,0.810531,0.844997,0.788601,0.830757,0.797213,0.838018,0.805208,0.812956,0.780944,0.812707,0.811932,0.816857,0.827551,0.841407,0.811125,0.812857,0.844347,0.809854,0.821768,0.826583,0.840195,0.799290,0.806824,0.832864,0.834234,0.812517,0.818053,0.828321,0.812027,0.846138,0.815071,0.823050,0.826653,0.805269,0.848596,0.797492,0.805572,0.847608,0.796790,0.853072,0.862505,0.837258,0.846468,0.853657,0.849134,0.842209,0.840753,0.815136,0.845123,0.801618,0.829759,0.789991,0.856308,0.837955,0.817710,0.721188,0.807146,0.805872,0.823414,0.849146,0.813347,0.799056,0.851155,0.817905,0.798030,0.801711,0.823469,0.833460,0.828408,0.803242,0.831744,0.826604,0.848832,0.822771,0.808666,0.815243,0.827344,0.812002,0.826289,0.787643,0.854493,0.806452,0.794441,0.846072,0.803813,0.822603,0.783957,0.778884,0.822937,0.821887,0.819104,0.867770,0.898837,0.809871,0.828495,0.809287,0.775588,0.843815,0.861598,0.833886,0.838398,0.842867,0.826774,0.828360,0.876735,0.848423,0.812007,0.858569,0.802631,0.840103,0.823432,0.819841,0.874760,0.825067,0.828921,0.821088,0.824477,0.827883,0.830153,0.846955,0.848818,0.822499,0.841903,0.815008,0.829391,0.841109,0.852261,0.815442,0.789497,0.812453,0.804585,0.855383,0.806555,0.844400,0.799445,0.807185,0.806015,1.000000,0.800230,0.818325,0.852996,0.802797,0.837787,0.804542,0.809682,0.824852,0.810648,0.804670,0.845036,0.845482,0.803720,0.842872,0.851255,0.855938,0.837411,0.859141,0.809498,0.807329,0.832314,0.842311,0.829219,0.856081,0.818865,0.822860,0.824817,0.873230,0.784552,0.782934,0.799684,0.819908,0.835773,0.812704,0.845521,0.834440,0.814778,0.828098,0.824944,0.820368,0.811945,0.783192,0.829014,0.808034,0.847434,0.828129,0.800505,0.839577,0.789046,0.824674,0.811863,0.825054,0.838345,0.785960,0.793918,0.812942,0.834746,0.827174,0.793085,0.870471,0.841795,0.828809,0.823876,0.824615,0.826435,0.836653,0.812522,0.853672,0.828133,0.784311,0.873528
0.882162,0.854875,0.873074,0.902609,0.858012,0.866425,0.840692,0.819659,0.834096,0.828930,0.869157,0.855799,0.873113,0.802486,0.859054,0.871899,0.865914,0.856498,0.833412,0.862888,0.878062,0.838185,0.816911,0.865113,0.878264,0.866539,0.858503,0.881699,0.849359,0.832247,0.863183,0.847087,0.839341,0.850132,0.867189,0.831549,0.874546,0.847833,0.840303,0.871625,0.869414,0.888117,0.867317,0.850890,0.888437,0.832386,0.851556,0.878552,0.837504,0.836426,0.844800,0.855945,0.828813,0.822614,0.831909,0.851902,0.839333,0.871543,0.878695,0.850203,0.850863,0.843229,0.885326,0.858015,0.843967,0.897578,0.854150,0.885626,0.876548,0.876675,0.835447,0.887102,0.836785,0.861800,0.893925,0.825574,0.834531,0.885121,0.886483,0.900382,0.897623,0.893250,0.853603,0.881699,0.869202,0.841904,0.863418,0.855683,0.854759,0.876369,0.879252,0.888628,0.883223,0.892478,0.847718,0.917362,0.873975,0.831044,0.844423,0.841104,0.866685,0.869105,0.859700,0.839116,0.860157,0.882578,0.877858,0.861944,0.871329,0.841018,0.832060,0.836219,0.837207,0.821763,0.870623,0.861895,0.852315,0.725314,0.866716,0.834902,0.876884,0.868528,0.841143,0.866376,0.850676,0.850830,0.888218,0.869686,0.869450,0.829536,0.842331,0.855070,0.836515,0.853567,0.863589,0.825996,0.851042,0.859856,0.853547,0.868709,0.872333,0.820649,0.880546,0.860366,0.864590,0.862656,0.872610,0.865765,0.846861,0.845594,0.834795,0.907511,0.873456,0.839554,0.822485,0.843488,0.854396,0.831957,0.835890,0.885996,0.847643,0.848161,0.853048,0.866487,0.856747,0.859927,0.861696,0.847854,0.907518,0.831839,0.842107,0.833252,0.871318,0.839671,0.852256,0.903376,0.853414,0.875310,0.891917,0.851368,0.870557,0.864949,0.836566,0.867177,0.857644,0.858671,0.844792,0.869120,0.882033,0.868341,0.850037,0.836610,0.834286,0.830456,0.876864,0.864406,0.854602,0.858143,0.897460,0.800230,1.000000,0.853118,0.840781,0.875155,0.838757,0.843032,0.888554,0.854211,0.886341,0.826634,0.821469,0.869486,0.854243,0.844394,0.877560,0.843245,0.873662,0.876598,0.829229,0.835091,0.851596,0.850780,0.799801,0.872821,0.889088,0.859385,0.878606,0.841650,0.821007,0.830041,0.868588,0.865054,0.820904,0.841237,0.867554,0.885210,0.872073,0.876349,0.839835,0.815004,0.834602,0.868306,0.857744,0.877202,0.818951,0.854586,0.842645,0.841540,0.866031,0.841122,0.865138,0.851775,0.874786,0.834341,0.854369,0.843025,0.858392,0.885826,0.830999,0.851050,0.820322,0.881292,0.847049,0.868927,0.879938,0.840852,0.835083,0.879241,0.807890,0.844160,0.848271
0.870491,0.877391,0.861205,0.915139,0.848656,0.889287,0.823450,0.867407,0.857634,0.866473,0.879722,0.901181,0.901919,0.820374,0.937791,0.858531,0.842560,0.816386,0.803527,0.862151,0.891629,0.828363,0.838735,0.870896,0.878242,0.864334,0.855503,0.841709,0.905492,0.848937,0.892895,0.843917,0.844193,0.860911,0.874312,0.849292,0.876072,0.860558,0.811956,0.889101,0.885913,0.866232,0.881982,0.850574,0.889333,0.859257,0.828715,0.829880,0.843071,0.801294,0.862548,0.912822,0.780278,0.826897,0.863049,0.873438,0.823080,0.895807,0.869476,0.897027,0.840568,0.842057,0.895906,0.870198,0.844681,0.890970,0.866586,0.879137,0.854848,0.883754,0.828823,0.908773,0.822904,0.872351,0.883018,0.852530,0.868230,0.878021,0.883114,0.883495,0.873427,0.869881,0.880087,0.859537,0.876853,0.863615,0.873936,0.886211,0.883149,0.896978,0.897734,0.867689,0.872511,0.882955,0.870518,0.883060,0.893336,0.847020,0.841029,0.841255,0.866330,0.884324,0.885212,0.874451,0.861204,0.882070,0.881759,0.865391,0.875658,0.919473,0.858611,0.836990,0.828243,0.828542,0.907696,0.841613,0.855720,0.682476,0.849908,0.875951,0.886472,0.909090,0.857106,0.857567,0.880017,0.869580,0.831099,0.848432,0.861685,0.885816,0.872331,0.866237,0.866458,0.843628,0.854272,0.860272,0.874376,0.927890,0.944033,0.874611,0.895965,0.816038,0.884207,0.858190,0.849211,0.879011,0.877954,0.875790,0.833122,0.837068,0.859015,0.880386,0.867911,0.886275,0.878854,0.882234,0.885341,0.865167,0.835007,0.883941,0.857001,0.878351,0.899083,0.895687,0.887215,0.889898,0.906673,0.873131,0.882082,0.882683,0.857217,0.867302,0.887835,0.873805,0.865716,0.889100,0.841927,0.878275,0.891248,0.855604,0.860927,0.902913,0.880638,0.848884,0.872296,0.876924,0.873474,0.902232,0.882142,0.861265,0.945417,0.860526,0.811341,0.871602,0.868658,0.881387,0.887653,0.858623,0.902306,0.818325,0.853118,1.000000,0.855332,0.895576,0.876382,0.862755,0.873147,0.863018,0.907808,0.869686,0.852937,0.909649,0.880243,0.890623,0.939794,0.877105,0.910318,0.886464,0.869391,0.856430,0.855989,0.878623,0.843556,0.871688,0.893570,0.890861,0.906042,0.866433,0.830779,0.817796,0.854740,0.851111,0.912044,0.845039,0.851307,0.892544,0.865394,0.871415,0.889278,0.882151,0.859439,0.895620,0.893735,0.905891,0.848819,0.932146,0.851314,0.921893,0.877179,0.871750,0.893959,0.887002,0.905865,0.873346,0.857993,0.885901,0.853770,0.857250,0.837504,0.876655,0.874996,0.886383,0.855972,0.902089,0.904998,0.909865,0.902926,0.897018,0.838698,0.887371,0.866487
0.862564,0.866157,0.885676,0.877182,0.870080,0.846694,0.854141,0.876043,0.868912,0.865040,0.854258,0.868137,0.875390,0.864828,0.869132,0.879968,0.840416,0.782658,0.832116,0.883361,0.875536,0.834820,0.832452,0.871640,0.871182,0.878024,0.873971,0.854570,0.841969,0.858475,0.883874,0.864108,0.829457,0.865323,0.888590,0.859941,0.876253,0.841937,0.824082,0.829918,0.894656,0.881983,0.863486,0.878062,0.892056,0.863585,0.829596,0.778366,0.856024,0.881877,0.865264,0.877867,0.784618,0.865446,0.850941,0.870592,0.861994,0.862155,0.880630,0.890678,0.868087,0.857217,0.891695,0.845882,0.864808,0.888063,0.846262,0.858346,0.866454,0.870497,0.867590,0.861093,0.853294,0.886348,0.872731,0.850150,0.853102,0.874532,0.879696,0.889442,0.878626,0.870604,0.870460,0.858854,0.826424,0.850326,0.888674,0.869832,0.865598,0.890041,0.852098,0.873310,0.888023,0.889745,0.886150,0.857887,0.882469,0.867844,0.860786,0.907976,0.864260,0.874897,0.893447,0.918257,0.883647,0.865304,0.866049,0.874557,0.887388,0.843294,0.843881,0.867406,0.869804,0.903735,0.894588,0.870416,0.861301,0.716514,0.842787,0.881340,0.849869,0.924660,0.855299,0.872764,0.873256,0.844942,0.827266,0.887545,0.844346,0.877560,0.861810,0.853685,0.920092,0.859352,0.888442,0.858010,0.834175,0.879437,0.835778,0.890400,0.888215,0.868190,0.873788,0.869309,0.845365,0.869046,0.883959,0.870911,0.839086,0.837496,0.857372,0.858422,0.870938,0.897725,0.863826,0.864100,0.869682,0.850102,0.865028,0.886439,0.867317,0.893119,0.836461,0.864919,0.864662,0.852374,0.879135,0.911045,0.882633,0.907750,0.868344,0.898702,0.856832,0.909965,0.883200,0.881476,0.858565,0.877466,0.906895,0.885305,0.863268,0.893327,0.887441,0.886758,0.892143,0.846943,0.856265,0.876952,0.876968,0.858999,0.843959,0.874178,0.832940,0.880805,0.856081,0.895280,0.855360,0.864359,0.868378,0.852996,0.840781,0.855332,1.000000,0.823468,0.859122,0.849144,0.849097,0.878873,0.873873,0.813116,0.857047,0.876455,0.864466,0.881369,0.876568,0.887838,0.880006,0.896211,0.822408,0.806040,0.865146,0.923344,0.924724,0.892902,0.851750,0.874758,0.882134,0.913757,0.861531,0.837780,0.878388,0.887464,0.829358,0.844196,0.897802,0.851264,0.880256,0.871125,0.860249,0.864460,0.843843,0.862472,0.861369,0.888693,0.952195,0.844523,0.824484,0.913832,0.843562,0.859828,0.866672,0.858117,0.849646,0.869397,0.875561,0.803909,0.884340,0.869831,0.820823,0.883105,0.833201,0.874614,0.844024,0.893505,0.856516,0.900669,0.839873,0.892627,0.925032,0.829381,0.925161
0.865833,0.884304,0.841412,0.888774,0.846852,0.897428,0.784777,0.817092,0.786916,0.852636,0.861285,0.863478,0.877231,0.781911,0.911325,0.819071,0.820914,0.860527,0.776276,0.826406,0.857637,0.866344,0.800237,0.821782,0.835771,0.839469,0.830916,0.829141,0.860190,0.838117,0.854892,0.824878,0.810851,0.823674,0.843125,0.815324,0.892303,0.826163,0.779923,0.851862,0.853713,0.833243,0.860840,0.838879,0.828731,0.786448,0.767902,0.873640,0.792345,0.807019,0.814733,0.851781,0.799437,0.819114,0.860736,0.838916,0.774267,0.866007,0.837365,0.850608,0.795789,0.823863,0.866400,0.843406,0.804108,0.889818,0.812428,0.877161,0.844991,0.842765,0.813366,0.897329,0.765958,0.858182,0.847226,0.817388,0.813406,0.826637,0.845390,0.868258,0.851298,0.831559,0.837447,0.868570,0.862162,0.813772,0.824925,0.813776,0.859333,0.848854,0.864587,0.850991,0.863071,0.834490,0.820779,0.858392,0.825218,0.811573,0.802886,0.839519,0.821977,0.818630,0.882681,0.846413,0.852376,0.868151,0.816070,0.851820,0.841453,0.898703,0.849244,0.818362,0.829948,0.806058,0.886354,0.786023,0.792821,0.670059,0.792987,0.831641,0.844742,0.883379,0.818576,0.798155,0.819739,0.855529,0.900032,0.815657,0.831285,0.903703,0.829635,0.803581,0.832815,0.779790,0.809095,0.839881,0.845132,0.861896,0.864970,0.832534,0.838391,0.757552,0.860826,0.815087,0.821104,0.844125,0.835306,0.859624,0.781837,0.821126,0.803869,0.848301,0.821950,0.831741,0.850519,0.866500,0.887060,0.812567,0.821702,0.898343,0.842306,0.855935,0.866734,0.878129,0.827196,0.835245,0.845618,0.841473,0.898618,0.822209,0.808176,0.813128,0.875477,0.848812,0.812032,0.873077,0.790151,0.836614,0.835660,0.841183,0.817005,0.860776,0.829643,0.851067,0.856075,0.824890,0.832484,0.845113,0.858279,0.840089,0.889150,0.819501,0.817757,0.835643,0.902070,0.831936,0.837509,0.836804,0.893526,0.802797,0.875155,0.895576,0.823468,1.000000,0.851299,0.808693,0.847868,0.888866,0.865404,0.799194,0.803757,0.861305,0.869762,0.850746,0.897644,0.831256,0.855318,0.852027,0.840079,0.815351,0.841686,0.862034,0.817160,0.827466,0.863146,0.853191,0.869123,0.838760,0.795567,0.760665,0.829261,0.831656,0.882591,0.855973,0.838085,0.844755,0.839346,0.820391,0.816586,0.839783,0.811770,0.862948,0.855999,0.860919,0.819264,0.858919,0.806638,0.869140,0.889112,0.838386,0.841010,0.831358,0.864392,0.829651,0.832842,0.843726,0.827436,0.801443,0.784621,0.830011,0.809658,0.848157,0.774208,0.850623,0.860974,0.879602,0.842277,0.848884,0.805432,0.844768,0.840055
0.849394,0.867403,0.859225,0.848251,0.840964,0.839682,0.858537,0.879221,0.868076,0.832361,0.852153,0.852734,0.843790,0.812362,0.889136,0.862020,0.823926,0.807750,0.811072,0.880236,0.868792,0.824218,0.823316,0.869031,0.889204,0.859072,0.859599,0.864148,0.825272,0.834587,0.888728,0.838395,0.831801,0.856594,0.886087,0.851540,0.868917,0.836691,0.825377,0.850617,0.876457,0.862899,0.878842,0.847092,0.885696,0.817469,0.853080,0.833656,0.854433,0.854889,0.878728,0.860412,0.755488,0.819179,0.863782,0.879968,0.864469,0.850564,0.884133,0.876992,0.849162,0.832741,0.839362,0.821290,0.873055,0.855569,0.855135,0.849829,0.833502,0.834219,0.842713,0.859214,0.847011,0.827490,0.817691,0.883567,0.870694,0.872397,0.870341,0.852869,0.867681,0.871817,0.894699,0.839239,0.833041,0.864591,0.862705,0.854055,0.850738,0.856685,0.841180,0.860995,0.839017,0.870176,0.831029,0.871314,0.854991,0.863133,0.863579,0.831090,0.855849,0.858319,0.860585,0.862117,0.861246,0.878259,0.862486,0.852829,0.870130,0.878488,0.843494,0.872257,0.823404,0.830855,0.859198,0.872451,0.852569,0.702106,0.862198,0.837331,0.883343,0.909955,0.838435,0.838970,0.849242,0.835859,0.806916,0.848551,0.852216,0.861073,0.844882,0.822106,0.848010,0.836069,0.851625,0.843637,0.830988,0.864606,0.835615,0.843713,0.869072,0.844774,0.837460,0.892467,0.848312,0.882446,0.836756,0.826008,0.854868,0.845003,0.835328,0.855101,0.854560,0.883142,0.871950,0.832795,0.846777,0.849457,0.828339,0.852958,0.836829,0.847148,0.874841,0.832909,0.860339,0.879401,0.861955,0.871946,0.845536,0.868011,0.843440,0.874343,0.844020,0.867141,0.857834,0.860569,0.839601,0.876126,0.881640,0.843252,0.873634,0.861643,0.879838,0.830776,0.878586,0.870505,0.817497,0.871674,0.898524,0.863146,0.831997,0.832140,0.787204,0.874609,0.827462,0.870694,0.848940,0.856196,0.858500,0.837787,0.838757,0.876382,0.859122,0.851299,1.000000,0.873514,0.829378,0.860730,0.879617,0.840774,0.869292,0.887130,0.883068,0.895811,0.888319,0.885076,0.891922,0.866456,0.818763,0.832364,0.829052,0.880593,0.827426,0.885455,0.879388,0.865522,0.863977,0.852342,0.807257,0.852602,0.887860,0.822897,0.868584,0.819670,0.855879,0.862766,0.856282,0.872077,0.882208,0.912517,0.841766,0.851233,0.869302,0.879919,0.849578,0.857821,0.844843,0.871081,0.864685,0.878489,0.881260,0.867156,0.872618,0.827664,0.833648,0.830233,0.886761,0.846699,0.824041,0.877045,0.854837,0.841784,0.852746,0.886650,0.834025,0.878493,0.858288,0.871753,0.850653,0.868320,0.875691
0.858745,0.835842,0.861011,0.845268,0.857231,0.817648,0.847082,0.898688,0.839961,0.838360,0.858583,0.839740,0.864058,0.874197,0.853457,0.871877,0.848448,0.777511,0.870319,0.901842,0.874676,0.808230,0.848188,0.863279,0.900591,0.867024,0.855645,0.893047,0.826022,0.826673,0.883417,0.833786,0.881641,0.905556,0.884158,0.866156,0.850629,0.862474,0.846105,0.824197,0.900450,0.874783,0.885967,0.850247,0.907121,0.829500,0.854231,0.798385,0.853838,0.873945,0.879870,0.874416,0.753824,0.854150,0.834806,0.850394,0.876905,0.838322,0.901462,0.884370,0.889832,0.848751,0.851303,0.803620,0.908957,0.847545,0.862379,0.819557,0.842410,0.834653,0.852346,0.845446,0.844409,0.849666,0.817991,0.868377,0.855797,0.860530,0.887751,0.873979,0.844644,0.860240,0.871817,0.813848,0.825061,0.858296,0.831458,0.873976,0.846248,0.862368,0.828586,0.866585,0.836871,0.861369,0.838988,0.855675,0.847292,0.887820,0.891058,0.822257,0.855316,0.857332,0.846996,0.861055,0.825736,0.867190,0.852166,0.868293,0.867179,0.832709,0.821947,0.905761,0.839474,0.835781,0.845038,0.876713,0.833854,0.711612,0.874640,0.865201,0.888974,0.899439,0.854978,0.829875,0.846460,0.832963,0.815289,0.856861,0.859173,0.829255,0.826296,0.821996,0.871827,0.828926,0.872423,0.828852,0.829438,0.872943,0.830660,0.860095,0.885795,0.887477,0.825575,0.913903,0.865853,0.864211,0.841251,0.868602,0.867788,0.859495,0.871877,0.841960,0.868851,0.903212,0.834424,0.835236,0.828450,0.837940,0.843782,0.850814,0.836378,0.862128,0.851435,0.837602,0.878054,0.868716,0.863151,0.859732,0.839619,0.895076,0.830394,0.888311,0.817263,0.835434,0.862142,0.850136,0.865463,0.873030,0.878048,0.865623,0.876085,0.852847,0.868458,0.860222,0.889617,0.880710,0.836519,0.862554,0.880066,0.860542,0.823632,0.847264,0.797879,0.876708,0.839636,0.887538,0.871942,0.893580,0.845655,0.804542,0.843032,0.862755,0.849144,0.808693,0.873514,1.000000,0.823603,0.824676,0.889056,0.861776,0.849834,0.872244,0.875054,0.882477,0.846627,0.884924,0.881096,0.850701,0.818830,0.831361,0.838602,0.860018,0.835303,0.881428,0.862347,0.843018,0.859783,0.845302,0.828213,0.870635,0.859708,0.851600,0.831256,0.835697,0.841324,0.851399,0.901816,0.873934,0.869689,0.870336,0.852438,0.843778,0.828567,0.867827,0.847832,0.838227,0.831085,0.856102,0.849487,0.857119,0.912479,0.855451,0.860709,0.862880,0.854485,0.809124,0.861487,0.845139,0.810943,0.874764,0.845861,0.828992,0.851251,0.910229,0.838738,0.875898,0.864197,0.887184,0.838047,0.847002,0.865651
0.863793,0.890260,0.847639,0.912861,0.866048,0.883131,0.832519,0.839807,0.874474,0.833974,0.861602,0.847142,0.885207,0.795764,0.886173,0.852804,0.846337,0.837281,0.795963,0.843189,0.905629,0.840935,0.796902,0.846253,0.861482,0.868125,0.849780,0.826889,0.856386,0.861956,0.892357,0.863692,0.815117,0.822607,0.888942,0.824214,0.873621,0.828173,0.819373,0.854913,0.855492,0.878186,0.859082,0.836803,0.883827,0.889114,0.855574,0.845446,0.841380,0.803237,0.837663,0.861688,0.828525,0.833176,0.844105,0.882228,0.817013,0.906063,0.865569,0.855562,0.821489,0.860744,0.879720,0.881286,0.810776,0.915293,0.867784,0.913289,0.848870,0.909938,0.816563,0.895582,0.837193,0.894629,0.917581,0.827845,0.869175,0.886531,0.886408,0.887684,0.876187,0.917525,0.862132,0.876639,0.908433,0.873248,0.877937,0.861121,0.862512,0.897216,0.919437,0.865134,0.885618,0.909259,0.868418,0.911536,0.915059,0.808643,0.808950,0.837768,0.851151,0.868243,0.867811,0.845397,0.870047,0.874873,0.913726,0.874531,0.901321,0.852181,0.873208,0.814772,0.837056,0.808675,0.884108,0.844795,0.898799,0.701887,0.863242,0.836807,0.905255,0.873065,0.821673,0.900935,0.863150,0.880590,0.865043,0.868544,0.873776,0.842770,0.875988,0.922322,0.856306,0.887893,0.884997,0.865029,0.944864,0.894774,0.874288,0.855555,0.849262,0.798319,0.909950,0.841646,0.852930,0.885250,0.898736,0.872983,0.821152,0.834835,0.843485,0.908500,0.872357,0.849665,0.835048,0.884845,0.868363,0.853619,0.819531,0.872982,0.861549,0.876049,0.868668,0.871439,0.873207,0.857525,0.876943,0.866430,0.902513,0.852644,0.893327,0.856426,0.892737,0.868018,0.834960,0.904418,0.875026,0.860177,0.902951,0.843708,0.852408,0.882038,0.854718,0.857931,0.871490,0.888010,0.877946,0.873321,0.876749,0.856189,0.867227,0.831493,0.827187,0.846938,0.869545,0.856372,0.885416,0.838969,0.913459,0.809682,0.888554,0.873147,0.849097,0.847868,0.829378,0.823603,1.000000,0.859531,0.878890,0.845398,0.846922,0.904325,0.850010,0.864334,0.906466,0.845332,0.884004,0.887507,0.869290,0.861124,0.852073,0.859705,0.825831,0.851707,0.950726,0.935435,0.906269,0.839146,0.806139,0.791017,0.876313,0.852605,0.850616,0.832067,0.884729,0.907492,0.862926,0.877714,0.849533,0.828338,0.850923,0.865168,0.907988,0.868782,0.836165,0.846570,0.870003,0.878983,0.847548,0.850724,0.862350,0.872481,0.908431,0.829271,0.845659,0.846347,0.855878,0.913975,0.860678,0.852999,0.833395,0.955487,0.852278,0.880702,0.901348,0.880657,0.860068,0.865545,0.825824,0.853229,0.854427
0.879090,0.939169,0.888709,0.894589,0.826378,0.912787,0.814383,0.857053,0.850496,0.868218,0.865762,0.867715,0.870868,0.828691,0.897708,0.863467,0.861582,0.856574,0.797396,0.846975,0.862651,0.886435,0.808510,0.869228,0.874361,0.845553,0.893700,0.836530,0.848594,0.846499,0.887337,0.876350,0.800571,0.828345,0.861915,0.840164,0.877278,0.839043,0.812263,0.880387,0.862191,0.861054,0.880485,0.859902,0.869089,0.836260,0.826473,0.851669,0.840896,0.804402,0.847304,0.863470,0.812826,0.857551,0.907036,0.899696,0.804544,0.897015,0.856652,0.862595,0.832597,0.852816,0.871813,0.883143,0.822347,0.897911,0.877840,0.891924,0.897089,0.866971,0.829251,0.882264,0.815468,0.863467,0.877458,0.867463,0.886849,0.864463,0.884375,0.862177,0.881631,0.871105,0.854046,0.861423,0.866109,0.863393,0.873722,0.867506,0.880307,0.884300,0.879099,0.878476,0.863592,0.866781,0.893772,0.885093,0.852380,0.832626,0.823723,0.885757,0.861644,0.874277,0.882126,0.887199,0.924400,0.865256,0.865156,0.855039,0.857388,0.902802,0.918857,0.833001,0.846798,0.842162,0.914126,0.832157,0.829783,0.685056,0.840032,0.863122,0.872161,0.888009,0.838590,0.842269,0.864542,0.862878,0.863104,0.838526,0.881891,0.921828,0.883685,0.830101,0.868087,0.830226,0.864954,0.897346,0.860506,0.869078,0.866701,0.860801,0.865359,0.799145,0.882856,0.837698,0.840424,0.872902,0.832041,0.849006,0.838517,0.840086,0.838040,0.857304,0.853474,0.881398,0.846570,0.924660,0.956999,0.872037,0.847631,0.888442,0.839124,0.904207,0.858197,0.879655,0.876654,0.887359,0.874071,0.879102,0.898134,0.860203,0.852893,0.871611,0.894898,0.886204,0.868947,0.876922,0.841174,0.878498,0.861720,0.857585,0.866376,0.892976,0.870375,0.858485,0.852368,0.874924,0.827597,0.882190,0.882998,0.872427,0.882661,0.846984,0.823434,0.860710,0.880614,0.868764,0.850868,0.859163,0.881644,0.824852,0.854211,0.863018,0.878873,0.888866,0.860730,0.824676,0.859531,1.000000,0.881215,0.828060,0.836281,0.884820,0.888030,0.888091,0.912803,0.860668,0.881810,0.878054,0.839008,0.837952,0.843109,0.912019,0.852764,0.888142,0.867799,0.862137,0.907797,0.898361,0.821394,0.794997,0.838095,0.855940,0.895853,0.838791,0.867436,0.855235,0.854063,0.859402,0.883017,0.880235,0.869284,0.866656,0.876967,0.885501,0.861261,0.865477,0.868322,0.906847,0.855753,0.869245,0.882803,0.863628,0.878477,0.851085,0.839158,0.857268,0.862832,0.853368,0.846695,0.875023,0.850559,0.863315,0.845367,0.863973,0.882159,0.912614,0.861939,0.883523,0.857066,0.878332,0.885163
0.895390,0.890299,0.911511,0.889497,0.860945,0.884521,0.858353,0.862487,0.866217,0.847663,0.895155,0.883448,0.877869,0.857977,0.894543,0.920325,0.896974,0.845576,0.850432,0.926127,0.895050,0.832069,0.846124,0.905680,0.923557,0.902412,0.906105,0.892917,0.887989,0.858788,0.934074,0.893299,0.858677,0.857940,0.891315,0.852471,0.878827,0.889667,0.837313,0.882223,0.906068,0.920109,0.924441,0.873646,0.929946,0.848445,0.879195,0.852735,0.869655,0.864933,0.881929,0.887628,0.787304,0.829070,0.848906,0.907661,0.861299,0.893165,0.901722,0.893405,0.872839,0.873584,0.902245,0.855399,0.897919,0.891440,0.919957,0.896871,0.891727,0.881957,0.883881,0.885356,0.875274,0.869158,0.868814,0.860845,0.888337,0.922599,0.899480,0.901870,0.897411,0.920204,0.915403,0.856726,0.885514,0.917396,0.894966,0.896647,0.910974,0.915062,0.887634,0.909847,0.903278,0.898480,0.881170,0.923157,0.880495,0.879742,0.903722,0.885713,0.903641,0.908859,0.889673,0.900704,0.862504,0.886854,0.897449,0.873214,0.868247,0.873275,0.889352,0.857480,0.833789,0.845136,0.877987,0.905448,0.881835,0.706836,0.898896,0.904442,0.912958,0.912595,0.873894,0.892960,0.868248,0.840649,0.836228,0.885162,0.879817,0.853694,0.863020,0.878173,0.857406,0.874278,0.905236,0.852328,0.871869,0.917017,0.890579,0.902244,0.916996,0.864394,0.871315,0.895249,0.875561,0.912490,0.866174,0.867705,0.876971,0.880673,0.900594,0.912562,0.934937,0.873421,0.853436,0.882264,0.872206,0.875711,0.864664,0.889787,0.858794,0.881252,0.884559,0.875293,0.878494,0.909768,0.903872,0.885088,0.883913,0.868447,0.853628,0.861768,0.890128,0.886554,0.876482,0.900710,0.913262,0.925484,0.912149,0.863881,0.896721,0.883950,0.860614,0.860796,0.896527,0.897111,0.858594,0.893976,0.919607,0.903024,0.882903,0.880355,0.815181,0.864043,0.859027,0.887733,0.886923,0.885071,0.889935,0.810648,0.886341,0.907808,0.873873,0.865404,0.879617,0.889056,0.878890,0.881215,1.000000,0.873788,0.834881,0.909180,0.901346,0.887858,0.912973,0.886279,0.901590,0.875363,0.828861,0.879326,0.856938,0.903053,0.858703,0.900196,0.906506,0.888626,0.916823,0.872231,0.855104,0.858373,0.892057,0.868537,0.880753,0.835198,0.860253,0.894668,0.905517,0.939757,0.896759,0.875514,0.862488,0.891339,0.870748,0.926232,0.868526,0.884644,0.893126,0.899157,0.873406,0.886974,0.917448,0.893891,0.903670,0.881438,0.868768,0.873247,0.882273,0.886676,0.868816,0.912200,0.828317,0.884935,0.877510,0.921779,0.887897,0.902714,0.867372,0.904279,0.844834,0.897434,0.889665
0.839472,0.843884,0.861705,0.857678,0.806390,0.826164,0.850317,0.858655,0.888539,0.785264,0.874739,0.854169,0.845176,0.809022,0.854778,0.856028,0.826787,0.769182,0.826425,0.846803,0.856847,0.781196,0.803117,0.840862,0.901014,0.825017,0.839466,0.825638,0.825106,0.801582,0.890973,0.819486,0.812790,0.862116,0.836952,0.832796,0.821389,0.822731,0.832630,0.853906,0.829488,0.843915,0.886339,0.819326,0.885925,0.858604,0.901554,0.790091,0.864130,0.780226,0.911077,0.889707,0.767317,0.803087,0.836785,0.861245,0.821690,0.879626,0.852614,0.858677,0.841259,0.842915,0.828573,0.854259,0.828701,0.822673,0.880308,0.843649,0.847351,0.839172,0.806592,0.835673,0.838386,0.814081,0.859541,0.857217,0.891571,0.863772,0.913985,0.822454,0.836046,0.877345,0.862220,0.787891,0.836448,0.866942,0.837524,0.882456,0.846270,0.852053,0.862620,0.850861,0.812320,0.856340,0.863441,0.869229,0.865321,0.831516,0.830863,0.797897,0.845434,0.883780,0.818531,0.820234,0.832235,0.846194,0.889721,0.863942,0.842126,0.847046,0.833979,0.803450,0.795499,0.788770,0.850395,0.857067,0.871496,0.728825,0.912452,0.846166,0.889948,0.858953,0.844274,0.866277,0.860614,0.812431,0.789772,0.840622,0.871134,0.807630,0.894560,0.863604,0.819497,0.881403,0.856393,0.832273,0.838881,0.863357,0.856294,0.862119,0.858338,0.829898,0.845216,0.849627,0.831752,0.860294,0.818826,0.846705,0.862250,0.804227,0.875413,0.853931,0.864421,0.890837,0.837733,0.845890,0.844507,0.878440,0.814802,0.850372,0.862202,0.840786,0.881484,0.830120,0.879996,0.896332,0.864657,0.816920,0.821312,0.873236,0.849338,0.866871,0.839562,0.817643,0.830223,0.834118,0.868817,0.860118,0.853902,0.806880,0.876033,0.878704,0.859111,0.795346,0.846268,0.887767,0.825215,0.861418,0.870282,0.861371,0.850718,0.832814,0.777679,0.880753,0.813042,0.846932,0.860490,0.843731,0.844064,0.804670,0.826634,0.869686,0.813116,0.799194,0.840774,0.861776,0.845398,0.828060,0.873788,1.000000,0.875239,0.882157,0.858920,0.868949,0.875944,0.847304,0.870619,0.822590,0.802837,0.876729,0.811278,0.826625,0.792755,0.863508,0.872858,0.841420,0.880266,0.820333,0.825576,0.829099,0.825489,0.805220,0.847650,0.777522,0.811795,0.841922,0.839823,0.881480,0.877160,0.847961,0.865042,0.845228,0.869801,0.867902,0.806172,0.855352,0.881251,0.841414,0.813771,0.856325,0.879440,0.891822,0.911465,0.845925,0.819536,0.888796,0.842018,0.886411,0.885926,0.869661,0.872810,0.859448,0.879515,0.889843,0.858718,0.857912,0.866680,0.870966,0.797864,0.878364,0.835543
0.826980,0.847426,0.838580,0.835965,0.813825,0.818954,0.828827,0.872031,0.859491,0.824084,0.856157,0.853445,0.847399,0.801322,0.854239,0.822429,0.799390,0.752379,0.767904,0.824283,0.862797,0.786969,0.801711,0.833415,0.867094,0.835745,0.834229,0.817306,0.808525,0.818223,0.863102,0.795973,0.797262,0.843864,0.871344,0.846282,0.822488,0.789234,0.826811,0.824232,0.826393,0.834324,0.845296,0.823809,0.859904,0.876187,0.850408,0.781113,0.865604,0.786737,0.878242,0.868844,0.766074,0.822726,0.840901,0.848897,0.810020,0.852775,0.843550,0.856238,0.820268,0.830286,0.815758,0.838186,0.795859,0.842206,0.811922,0.835207,0.796546,0.849228,0.795565,0.858834,0.808846,0.825617,0.849739,0.886756,0.866879,0.845472,0.909455,0.811504,0.855385,0.857220,0.844701,0.817577,0.811826,0.837630,0.861131,0.864643,0.818192,0.845024,0.862747,0.824201,0.801583,0.861537,0.842269,0.846656,0.901916,0.814318,0.798531,0.810442,0.829671,0.856267,0.843056,0.824140,0.847448,0.845369,0.876403,0.856236,0.866960,0.847975,0.819922,0.834528,0.819083,0.782440,0.864536,0.828160,0.869303,0.666315,0.850658,0.831640,0.872991,0.889222,0.835385,0.853933,0.862975,0.854922,0.789762,0.808827,0.863217,0.841999,0.890981,0.865367,0.846948,0.889876,0.836422,0.833985,0.833938,0.858908,0.833198,0.838741,0.829188,0.795204,0.844260,0.837719,0.810774,0.838299,0.827596,0.826619,0.829848,0.793672,0.836181,0.828095,0.817466,0.915955,0.864274,0.845137,0.852860,0.844264,0.805557,0.839652,0.863141,0.867920,0.837422,0.820467,0.876389,0.871722,0.855453,0.859723,0.845226,0.907756,0.882180,0.920678,0.838490,0.838526,0.830688,0.848428,0.813167,0.830675,0.865836,0.810756,0.868088,0.871483,0.941477,0.800387,0.856570,0.872446,0.811237,0.863804,0.853690,0.841656,0.817007,0.829262,0.780637,0.909661,0.818524,0.851973,0.858563,0.830305,0.859499,0.845036,0.821469,0.852937,0.857047,0.803757,0.869292,0.849834,0.846922,0.836281,0.834881,0.875239,1.000000,0.866234,0.843970,0.872996,0.881293,0.859320,0.895726,0.854357,0.828288,0.848932,0.801705,0.840144,0.792614,0.862233,0.858354,0.860876,0.850705,0.845438,0.801328,0.803830,0.815792,0.796629,0.837755,0.787958,0.845322,0.843081,0.809119,0.840291,0.874098,0.856155,0.849687,0.817546,0.892292,0.862905,0.821817,0.853510,0.813853,0.857213,0.812819,0.849240,0.868178,0.870210,0.880661,0.818585,0.827877,0.851212,0.856797,0.872429,0.820777,0.863296,0.910863,0.847325,0.858537,0.862748,0.848345,0.870782,0.855558,0.864331,0.833117,0.843841,0.859125
0.866052,0.900659,0.889964,0.910228,0.868144,0.903601,0.846113,0.865266,0.888229,0.857467,0.870360,0.861231,0.900423,0.803888,0.900848,0.885812,0.879867,0.828292,0.805145,0.881418,0.906399,0.846499,0.805161,0.884367,0.890970,0.887054,0.887098,0.848739,0.856638,0.848797,0.917952,0.882927,0.812847,0.865821,0.898783,0.834586,0.882259,0.857921,0.801381,0.899606,0.899079,0.905966,0.889422,0.871615,0.912130,0.864278,0.868477,0.828259,0.840331,0.832908,0.892488,0.911900,0.832066,0.834539,0.864211,0.884140,0.851408,0.907391,0.892285,0.908938,0.846714,0.869308,0.888435,0.889099,0.870828,0.900505,0.887147,0.907877,0.872152,0.909379,0.850804,0.897320,0.863946,0.873155,0.901261,0.876299,0.890797,0.908349,0.905273,0.888051,0.894957,0.917863,0.922666,0.859131,0.882159,0.903224,0.891095,0.899554,0.919217,0.922389,0.901232,0.907113,0.875649,0.914561,0.875561,0.889132,0.906599,0.861074,0.861179,0.873023,0.883300,0.909012,0.875157,0.875639,0.893279,0.891930,0.917602,0.874636,0.882633,0.908898,0.881523,0.853221,0.850556,0.844360,0.907978,0.881369,0.885065,0.727360,0.884975,0.852694,0.908683,0.903031,0.831128,0.892516,0.884252,0.873225,0.842339,0.869626,0.871730,0.869636,0.916438,0.887951,0.862068,0.881422,0.905207,0.894068,0.897283,0.909272,0.876444,0.872221,0.898890,0.845222,0.907708,0.884231,0.853587,0.923418,0.881296,0.864987,0.837844,0.848287,0.866827,0.908575,0.903665,0.893617,0.874561,0.893624,0.875570,0.860117,0.827373,0.889974,0.868094,0.882991,0.889721,0.872377,0.888466,0.904587,0.909793,0.906445,0.895165,0.890562,0.885740,0.873229,0.905341,0.905651,0.881483,0.887577,0.884846,0.900911,0.912430,0.863208,0.872912,0.903367,0.881042,0.861772,0.882519,0.914956,0.883931,0.889411,0.926159,0.853006,0.902425,0.849563,0.835312,0.892948,0.864823,0.906382,0.905478,0.843222,0.895141,0.845482,0.869486,0.909649,0.876455,0.861305,0.887130,0.872244,0.904325,0.884820,0.909180,0.882157,0.866234,1.000000,0.878910,0.910370,0.915560,0.914232,0.908888,0.899633,0.884020,0.867977,0.851885,0.896511,0.857242,0.910232,0.907784,0.933107,0.926949,0.886818,0.824476,0.843046,0.889342,0.861555,0.909531,0.849189,0.884161,0.906779,0.885587,0.903990,0.893052,0.908815,0.869043,0.888659,0.927510,0.889085,0.860541,0.897831,0.871509,0.904897,0.874039,0.889518,0.902780,0.869472,0.941506,0.857685,0.844051,0.856556,0.888427,0.896532,0.847862,0.918475,0.875998,0.914441,0.856614,0.895382,0.902063,0.906874,0.905866,0.904054,0.856900,0.918338,0.888040
0.937947,0.883959,0.881031,0.884088,0.883245,0.887037,0.858831,0.837530,0.880906,0.864070,0.884149,0.895734,0.892100,0.892704,0.898408,0.884709,0.870317,0.799887,0.879515,0.908392,0.901581,0.848996,0.917721,0.906169,0.920858,0.884255,0.888513,0.884954,0.877796,0.900866,0.908295,0.860301,0.895368,0.858204,0.910059,0.918358,0.909725,0.848111,0.897678,0.875781,0.909676,0.894250,0.937418,0.934459,0.906855,0.864686,0.842990,0.809590,0.910474,0.877000,0.877933,0.889243,0.785502,0.839521,0.888393,0.926317,0.853892,0.899274,0.860913,0.877235,0.921003,0.872043,0.875591,0.862046,0.885483,0.864219,0.898955,0.849109,0.926887,0.889117,0.884247,0.881500,0.823787,0.855133,0.856301,0.874766,0.872718,0.874094,0.894656,0.877231,0.884875,0.879063,0.884242,0.834569,0.852969,0.862860,0.901593,0.848498,0.901247,0.876221,0.867600,0.892259,0.842811,0.873659,0.865459,0.876313,0.852384,0.881347,0.873580,0.869093,0.908133,0.858494,0.861951,0.882574,0.871116,0.869554,0.866930,0.853942,0.863609,0.887429,0.844099,0.875674,0.825421,0.833770,0.865602,0.852287,0.844486,0.698710,0.865605,0.929253,0.911612,0.908113,0.912848,0.861127,0.846756,0.840281,0.821571,0.892860,0.908745,0.871782,0.872489,0.851817,0.854170,0.846587,0.860976,0.889173,0.866441,0.878662,0.851628,0.932324,0.899251,0.834170,0.868131,0.876240,0.909113,0.887321,0.870825,0.860904,0.909588,0.901989,0.866893,0.850359,0.867664,0.852550,0.832879,0.886648,0.890599,0.913271,0.945432,0.856981,0.809043,0.901604,0.887915,0.860232,0.844274,0.870041,0.860825,0.881776,0.862583,0.855947,0.865302,0.862586,0.845848,0.897569,0.849704,0.859573,0.855972,0.881935,0.881333,0.861462,0.906793,0.891883,0.887597,0.864735,0.893463,0.871778,0.834272,0.906772,0.913320,0.937186,0.860942,0.914404,0.810798,0.864702,0.863378,0.874208,0.910601,0.942056,0.880793,0.803720,0.854243,0.880243,0.864466,0.869762,0.883068,0.875054,0.850010,0.888030,0.901346,0.858920,0.843970,0.878910,1.000001,0.892759,0.889859,0.867915,0.888692,0.873807,0.817210,0.834144,0.852062,0.898669,0.836432,0.881847,0.887590,0.865917,0.893531,0.856163,0.925826,0.822565,0.877107,0.845434,0.876438,0.835969,0.851641,0.848346,0.864411,0.875498,0.871243,0.880189,0.840850,0.944308,0.876135,0.947469,0.841417,0.862725,0.889661,0.898907,0.875059,0.896055,0.893984,0.923161,0.901529,0.939521,0.932133,0.841967,0.860263,0.855854,0.882111,0.873785,0.818136,0.855433,0.882126,0.911024,0.885884,0.913460,0.869527,0.896453,0.833895,0.863932,0.858028
0.870699,0.894688,0.886978,0.882331,0.865661,0.886279,0.853152,0.908971,0.869734,0.869336,0.879807,0.862579,0.885661,0.841833,0.889281,0.883730,0.868977,0.811905,0.833703,0.886810,0.882210,0.837483,0.846154,0.875808,0.905834,0.881022,0.894285,0.874115,0.862358,0.865382,0.903355,0.889282,0.859413,0.864368,0.901404,0.864878,0.886762,0.863497,0.825488,0.864004,0.893597,0.874835,0.902244,0.885165,0.891522,0.848703,0.863675,0.808474,0.863661,0.836068,0.916427,0.903082,0.811194,0.861305,0.880769,0.893977,0.845280,0.902749,0.875899,0.927194,0.859455,0.856565,0.870289,0.873765,0.867135,0.888718,0.879599,0.875153,0.863505,0.874277,0.854559,0.895978,0.837230,0.883724,0.869986,0.906355,0.908980,0.886863,0.913736,0.882812,0.880896,0.889816,0.894129,0.841592,0.844602,0.885930,0.877412,0.884553,0.887803,0.896060,0.862909,0.897155,0.862958,0.884032,0.877111,0.865529,0.893241,0.876799,0.860136,0.862405,0.877745,0.888354,0.892717,0.877208,0.883394,0.906111,0.886441,0.863788,0.896700,0.880459,0.876296,0.887139,0.887499,0.833129,0.896021,0.869390,0.858954,0.705814,0.875322,0.875240,0.896074,0.911307,0.859078,0.867076,0.900045,0.870102,0.837566,0.861977,0.892235,0.885595,0.892639,0.856940,0.884894,0.860880,0.877048,0.889629,0.885641,0.896628,0.861217,0.871782,0.878787,0.833337,0.898002,0.884039,0.845129,0.885269,0.861571,0.866567,0.860773,0.855341,0.875047,0.868338,0.868021,0.909388,0.902508,0.881471,0.872420,0.874056,0.852386,0.872719,0.857451,0.881290,0.886146,0.893151,0.897280,0.904918,0.911687,0.904607,0.872644,0.912373,0.866032,0.915592,0.876491,0.893748,0.891014,0.871951,0.864303,0.875750,0.888717,0.904542,0.909430,0.932446,0.913895,0.886589,0.888340,0.911727,0.858349,0.887876,0.906293,0.884418,0.880732,0.868908,0.845477,0.907047,0.858733,0.927685,0.890483,0.876312,0.886559,0.842872,0.844394,0.890623,0.881369,0.850746,0.895811,0.882477,0.864334,0.888091,0.887858,0.868949,0.872996,0.910370,0.892759,1.000000,0.906805,0.924843,0.908251,0.892851,0.853599,0.853142,0.879122,0.912380,0.858858,0.911557,0.890737,0.894153,0.903661,0.914089,0.835585,0.833050,0.878093,0.879242,0.889309,0.883247,0.906285,0.873406,0.894959,0.874106,0.903134,0.951735,0.897618,0.881747,0.897497,0.896304,0.862615,0.879582,0.868390,0.907373,0.874401,0.887978,0.925930,0.882882,0.892261,0.866633,0.861220,0.842160,0.914312,0.879412,0.844597,0.902683,0.886035,0.877869,0.860875,0.897676,0.901754,0.914601,0.905771,0.926450,0.867214,0.895611,0.901906
0.884982,0.915467,0.878494,0.927217,0.861445,0.909520,0.860335,0.883506,0.886987,0.864730,0.900389,0.922841,0.898114,0.831052,0.937725,0.882820,0.850754,0.848049,0.805561,0.873212,0.907394,0.847100,0.838872,0.880478,0.900992,0.882067,0.891886,0.863053,0.896923,0.856645,0.915213,0.880612,0.827340,0.852387,0.892976,0.862051,0.882857,0.855144,0.823241,0.890924,0.880201,0.874087,0.894875,0.873659,0.899969,0.894944,0.859862,0.857968,0.876765,0.821664,0.880824,0.915391,0.815351,0.850806,0.884630,0.902452,0.832471,0.922530,0.883383,0.895796,0.848983,0.886756,0.902879,0.901716,0.836444,0.924636,0.885068,0.917107,0.875538,0.896221,0.832652,0.917432,0.840039,0.894583,0.914903,0.873870,0.881818,0.897675,0.905676,0.894225,0.913894,0.911800,0.886524,0.893730,0.895292,0.883491,0.904670,0.893543,0.885325,0.915498,0.910728,0.880253,0.896511,0.913754,0.884020,0.915651,0.923519,0.862312,0.839902,0.865187,0.882471,0.913619,0.905771,0.883112,0.898673,0.899301,0.914111,0.893195,0.902081,0.930885,0.897650,0.855569,0.849237,0.841532,0.929425,0.871560,0.887496,0.695120,0.875073,0.886541,0.903035,0.931338,0.871828,0.897044,0.892802,0.876139,0.864558,0.866291,0.880140,0.900459,0.897041,0.894303,0.882288,0.886174,0.894158,0.889634,0.907332,0.919906,0.926906,0.892123,0.891671,0.818155,0.903473,0.874029,0.848208,0.901136,0.886009,0.885597,0.850767,0.845910,0.866645,0.904778,0.878845,0.906629,0.889737,0.902947,0.922462,0.877735,0.847406,0.918802,0.885154,0.899207,0.899383,0.911559,0.904551,0.894151,0.919138,0.898438,0.911637,0.901357,0.888842,0.883448,0.915068,0.883597,0.875440,0.926028,0.879804,0.898288,0.908589,0.875552,0.892006,0.918835,0.898613,0.869195,0.892267,0.903015,0.873519,0.919133,0.898478,0.878125,0.911988,0.888967,0.841216,0.898718,0.892967,0.888769,0.891150,0.869665,0.913069,0.851255,0.877560,0.939794,0.876568,0.897644,0.888319,0.846627,0.906466,0.912803,0.912973,0.875944,0.881293,0.915560,0.889859,0.906805,1.000000,0.888536,0.909220,0.906217,0.875288,0.867132,0.868074,0.891116,0.850434,0.895916,0.919883,0.911006,0.914182,0.891709,0.842506,0.830013,0.868446,0.869377,0.905694,0.857632,0.897600,0.907680,0.871453,0.897748,0.899245,0.888448,0.862934,0.884708,0.917435,0.920815,0.869842,0.920721,0.867715,0.922642,0.893512,0.883337,0.892276,0.906400,0.921125,0.872706,0.854809,0.906068,0.899747,0.903011,0.858435,0.893721,0.884016,0.906791,0.881076,0.909165,0.909093,0.924785,0.908601,0.904719,0.859226,0.886154,0.898333
0.858539,0.874508,0.890281,0.868929,0.861658,0.848500,0.859635,0.876013,0.862984,0.864762,0.867515,0.860669,0.880860,0.845323,0.876150,0.888927,0.865873,0.823516,0.842331,0.893703,0.872827,0.828921,0.834265,0.868934,0.894465,0.877602,0.891116,0.874391,0.844681,0.847579,0.901123,0.893340,0.836810,0.883487,0.877357,0.854854,0.882301,0.871162,0.818137,0.844569,0.896463,0.878884,0.880135,0.868359,0.901090,0.839380,0.844159,0.823857,0.847576,0.868588,0.891720,0.886098,0.791249,0.856970,0.853681,0.851219,0.876490,0.856562,0.902067,0.939041,0.872653,0.870457,0.875433,0.840425,0.887936,0.880577,0.861349,0.854876,0.857313,0.867522,0.859218,0.880578,0.856150,0.880610,0.853718,0.882803,0.860244,0.885935,0.892761,0.887018,0.881789,0.877678,0.892655,0.853155,0.836319,0.868734,0.862159,0.879672,0.892419,0.897751,0.849571,0.903013,0.875856,0.867632,0.867734,0.856487,0.879450,0.890138,0.881399,0.878430,0.874411,0.888136,0.890435,0.884721,0.863391,0.874786,0.885475,0.854978,0.890842,0.854859,0.866000,0.877124,0.873397,0.844672,0.884273,0.900843,0.846823,0.713409,0.857648,0.864435,0.876822,0.915882,0.851554,0.858541,0.882486,0.845178,0.820476,0.872760,0.847422,0.859366,0.859687,0.837470,0.905208,0.851460,0.893488,0.862079,0.847091,0.889709,0.848492,0.866136,0.885336,0.866481,0.855953,0.901796,0.846975,0.895611,0.860677,0.867209,0.848857,0.851253,0.889312,0.872173,0.875070,0.910024,0.898354,0.851689,0.851202,0.838333,0.841389,0.880615,0.869795,0.878805,0.857524,0.871059,0.872755,0.873765,0.911318,0.928471,0.869299,0.916636,0.850379,0.892936,0.854628,0.868133,0.914770,0.866078,0.865198,0.874128,0.897933,0.905288,0.883139,0.905392,0.893844,0.879919,0.892911,0.888266,0.864888,0.876917,0.899589,0.856984,0.845206,0.862157,0.842524,0.916244,0.869945,0.922080,0.875602,0.862151,0.866061,0.855938,0.843245,0.877105,0.887838,0.831256,0.885076,0.884924,0.845332,0.860668,0.886279,0.847304,0.859320,0.914232,0.867915,0.924843,0.888536,1.000001,0.907295,0.884491,0.830128,0.854724,0.874308,0.894932,0.878545,0.921391,0.878802,0.879857,0.880774,0.926967,0.838777,0.851148,0.893686,0.876828,0.861730,0.870657,0.899233,0.883793,0.895488,0.880721,0.867297,0.914148,0.852189,0.858096,0.864063,0.883523,0.884876,0.872471,0.823323,0.893340,0.861292,0.878410,0.883870,0.862185,0.882054,0.860255,0.859950,0.831294,0.912869,0.858151,0.813492,0.935044,0.862980,0.864343,0.844498,0.904619,0.866243,0.897076,0.893118,0.912754,0.879472,0.854785,0.923676
0.875633,0.880810,0.889663,0.887738,0.847138,0.875603,0.850936,0.877092,0.872529,0.845798,0.895407,0.910917,0.896681,0.848569,0.909292,0.879794,0.855423,0.808429,0.840045,0.880002,0.894143,0.820542,0.873438,0.887834,0.906846,0.871821,0.885307,0.864452,0.891186,0.860960,0.899882,0.861421,0.854542,0.869752,0.897250,0.891090,0.872755,0.852816,0.865604,0.875040,0.874394,0.877786,0.900351,0.877189,0.912940,0.874324,0.861186,0.832809,0.875860,0.834156,0.889112,0.884773,0.790655,0.838301,0.875826,0.880104,0.853288,0.885388,0.880248,0.909852,0.876334,0.871861,0.881775,0.851648,0.850798,0.892997,0.877555,0.868888,0.865383,0.881875,0.842674,0.899564,0.856613,0.863503,0.881329,0.924771,0.899439,0.898212,0.929520,0.873563,0.880343,0.894654,0.886624,0.848678,0.863393,0.864093,0.902199,0.908800,0.876914,0.897406,0.909459,0.886620,0.877773,0.898601,0.896023,0.899587,0.901232,0.872174,0.854921,0.856935,0.877139,0.904613,0.882519,0.883026,0.878168,0.878679,0.904537,0.862841,0.891504,0.874270,0.862535,0.856277,0.838829,0.825007,0.903547,0.887225,0.885120,0.732282,0.873892,0.896477,0.896709,0.913932,0.895261,0.861986,0.901047,0.869415,0.832349,0.870520,0.896528,0.870824,0.897416,0.875955,0.873621,0.867811,0.875527,0.864375,0.861302,0.914382,0.878308,0.902149,0.896316,0.841066,0.879748,0.869573,0.867425,0.873252,0.877372,0.860419,0.871519,0.850848,0.880785,0.891386,0.876366,0.914486,0.876041,0.879499,0.885568,0.876721,0.865883,0.894095,0.868713,0.888173,0.871196,0.862465,0.893087,0.916748,0.903171,0.899851,0.874176,0.893836,0.874684,0.906475,0.877825,0.874383,0.898427,0.880758,0.863444,0.883543,0.907760,0.862333,0.897723,0.917816,0.933572,0.859606,0.874415,0.917923,0.849377,0.906315,0.886223,0.883255,0.897739,0.889633,0.818944,0.898825,0.870743,0.910349,0.894585,0.883072,0.894560,0.837411,0.873662,0.910318,0.880006,0.855318,0.891922,0.881096,0.884004,0.881810,0.901590,0.870619,0.895726,0.908888,0.888692,0.908251,0.909220,0.907295,1.000000,0.895126,0.846347,0.877305,0.844691,0.882385,0.831138,0.911498,0.900565,0.887826,0.898375,0.897664,0.858698,0.835755,0.877408,0.850555,0.897801,0.837398,0.870684,0.887639,0.872984,0.887141,0.913882,0.901399,0.889410,0.879028,0.891846,0.918199,0.847074,0.918365,0.865594,0.917810,0.846133,0.897120,0.924380,0.903178,0.905770,0.882505,0.882367,0.861016,0.906954,0.895443,0.861451,0.923244,0.885699,0.893840,0.901390,0.913702,0.914376,0.901045,0.891426,0.927873,0.847329,0.883315,0.905590
0.903142,0.891721,0.877820,0.898276,0.904746,0.871068,0.853227,0.867477,0.870368,0.890369,0.887678,0.870336,0.913096,0.848674,0.892703,0.881986,0.865934,0.832601,0.829490,0.874682,0.902391,0.870987,0.842173,0.876585,0.884059,0.893492,0.887615,0.872587,0.871605,0.884151,0.890138,0.879492,0.841138,0.867347,0.899258,0.874569,0.883084,0.878763,0.839318,0.870644,0.893027,0.887475,0.879836,0.883706,0.911962,0.866772,0.848952,0.830490,0.857884,0.842516,0.867234,0.889399,0.813689,0.865888,0.865627,0.888817,0.861152,0.900621,0.883603,0.900119,0.860900,0.880954,0.914966,0.900002,0.854243,0.905641,0.863296,0.882371,0.876235,0.883720,0.854238,0.925159,0.846285,0.891762,0.895442,0.859884,0.869700,0.899466,0.884783,0.901931,0.895178,0.896415,0.892096,0.896201,0.851559,0.870645,0.900293,0.871317,0.880955,0.921045,0.877859,0.899907,0.896320,0.909934,0.895439,0.884333,0.902341,0.866438,0.858193,0.877272,0.871231,0.877465,0.907231,0.894798,0.901812,0.889815,0.896089,0.880149,0.893813,0.873202,0.869379,0.859166,0.878134,0.856757,0.904946,0.871211,0.870275,0.709917,0.859214,0.863517,0.891509,0.916385,0.851446,0.885841,0.893019,0.904880,0.848697,0.897034,0.873404,0.883479,0.872271,0.880318,0.885118,0.874438,0.894750,0.876741,0.882626,0.900419,0.882705,0.883861,0.905870,0.842025,0.910033,0.874818,0.882276,0.897958,0.945374,0.878780,0.835115,0.865802,0.851202,0.875679,0.886541,0.878262,0.892411,0.889055,0.875495,0.860586,0.859186,0.873999,0.867696,0.884905,0.867225,0.901698,0.891071,0.874408,0.917784,0.921278,0.898859,0.892360,0.875386,0.873149,0.870541,0.867228,0.914811,0.897468,0.866766,0.917439,0.911052,0.896256,0.880888,0.910661,0.888919,0.897886,0.884946,0.881377,0.885978,0.907493,0.898329,0.857237,0.872496,0.867269,0.847949,0.877686,0.875400,0.907282,0.894419,0.870650,0.911769,0.859141,0.876598,0.886464,0.896211,0.852027,0.866456,0.850701,0.887507,0.878054,0.875363,0.822590,0.854357,0.899633,0.873807,0.892851,0.906217,0.884491,0.895126,1.000000,0.858640,0.845505,0.887336,0.900673,0.868080,0.897513,0.888424,0.895717,0.903247,0.904643,0.845700,0.837010,0.888162,0.899447,0.861620,0.860467,0.902670,0.901248,0.884385,0.881942,0.875682,0.878801,0.864242,0.883311,0.902326,0.887162,0.884321,0.871304,0.848664,0.911347,0.872955,0.876000,0.873014,0.871632,0.885935,0.860547,0.872113,0.853444,0.898670,0.877662,0.839150,0.891994,0.865679,0.897796,0.854591,0.868566,0.901169,0.900973,0.885440,0.906819,0.879659,0.840469,0.908819
0.809116,0.844658,0.835415,0.853393,0.843236,0.861424,0.772860,0.807270,0.828107,0.812094,0.796901,0.839213,0.852399,0.754647,0.880368,0.791934,0.800719,0.787960,0.730744,0.802172,0.886651,0.806811,0.759667,0.838429,0.802756,0.842589,0.838017,0.782491,0.829846,0.846440,0.854013,0.806006,0.758668,0.811022,0.847126,0.778306,0.828370,0.782123,0.774973,0.830050,0.833458,0.822363,0.834773,0.802968,0.827786,0.835597,0.775090,0.806959,0.811992,0.782291,0.797068,0.833017,0.762242,0.855161,0.832064,0.824470,0.780043,0.855802,0.832765,0.838652,0.789687,0.806639,0.820322,0.819879,0.785141,0.885650,0.824308,0.853540,0.797676,0.894552,0.795225,0.860135,0.771008,0.831557,0.847760,0.818118,0.810485,0.827981,0.845787,0.825785,0.837045,0.824041,0.833376,0.838683,0.834185,0.818412,0.827060,0.819956,0.846902,0.886120,0.860333,0.813227,0.834552,0.847330,0.801741,0.849199,0.856795,0.781020,0.788374,0.802911,0.850082,0.824339,0.838064,0.810014,0.832454,0.833224,0.850223,0.836026,0.830885,0.859517,0.820028,0.776327,0.836185,0.796250,0.891462,0.792849,0.821614,0.659585,0.791718,0.811449,0.836505,0.835379,0.795141,0.800251,0.814792,0.930502,0.816158,0.806483,0.829877,0.874935,0.835094,0.840416,0.819380,0.804759,0.810208,0.863920,0.857016,0.895931,0.873547,0.809315,0.815032,0.774586,0.856356,0.795047,0.793329,0.832838,0.835837,0.822309,0.787308,0.776792,0.782350,0.827851,0.789118,0.848582,0.841282,0.847587,0.856206,0.825215,0.762673,0.835442,0.809096,0.859102,0.852820,0.848272,0.807115,0.814158,0.840826,0.845187,0.840418,0.849172,0.837720,0.825659,0.860026,0.829255,0.800648,0.816767,0.784594,0.803804,0.864198,0.784912,0.816089,0.845663,0.844721,0.803465,0.813199,0.827141,0.913586,0.864897,0.837438,0.811955,0.857177,0.809370,0.792544,0.831264,0.819691,0.824660,0.851459,0.784576,0.876765,0.809498,0.829229,0.869391,0.822408,0.840079,0.818763,0.818830,0.869290,0.839008,0.828861,0.802837,0.828288,0.884020,0.817210,0.853599,0.875288,0.830128,0.846347,0.858640,1.000000,0.798919,0.790822,0.842149,0.810061,0.833415,0.856560,0.903093,0.862653,0.816208,0.764857,0.757648,0.796986,0.786071,0.871037,0.788351,0.817989,0.902808,0.790108,0.808725,0.827946,0.830485,0.810050,0.826721,0.864485,0.841735,0.797701,0.852292,0.809035,0.855638,0.808345,0.828619,0.830970,0.829092,0.868536,0.800037,0.814216,0.798761,0.822289,0.842260,0.793640,0.829647,0.827987,0.885405,0.822049,0.849608,0.871563,0.868152,0.810582,0.829868,0.823436,0.821875,0.838323
0.826429,0.853775,0.839043,0.836355,0.796089,0.838419,0.813390,0.846412,0.844318,0.801815,0.879580,0.827695,0.876406,0.769391,0.846503,0.841516,0.811314,0.813669,0.786192,0.814885,0.830642,0.784393,0.780986,0.816191,0.883091,0.789457,0.837800,0.801351,0.822345,0.799262,0.866436,0.850145,0.774231,0.848798,0.818672,0.806092,0.809687,0.789396,0.794592,0.838646,0.804712,0.823913,0.851420,0.804295,0.844914,0.809694,0.858247,0.824310,0.817370,0.759075,0.867581,0.844431,0.777735,0.796960,0.810359,0.852688,0.799192,0.854670,0.833132,0.863504,0.815040,0.831764,0.826236,0.830591,0.801399,0.827262,0.829852,0.864642,0.821523,0.827765,0.775447,0.854148,0.825535,0.815504,0.856421,0.828699,0.873381,0.843013,0.902403,0.819835,0.831795,0.860464,0.860898,0.818311,0.841437,0.833500,0.823412,0.859195,0.836366,0.842585,0.892424,0.846327,0.841973,0.846317,0.889319,0.859903,0.854780,0.779337,0.797766,0.803360,0.818009,0.849158,0.820101,0.815144,0.834143,0.850455,0.872821,0.837221,0.832273,0.845137,0.867551,0.773052,0.797703,0.754768,0.855480,0.845121,0.844872,0.726873,0.860462,0.814427,0.853036,0.842195,0.817435,0.835996,0.878076,0.808168,0.805876,0.806852,0.848831,0.818586,0.861285,0.849324,0.829922,0.837712,0.852875,0.820548,0.840046,0.846743,0.844674,0.819698,0.828025,0.777252,0.839309,0.828201,0.815837,0.865080,0.819738,0.849330,0.821439,0.779626,0.924507,0.864073,0.845202,0.871313,0.830970,0.831630,0.826607,0.829282,0.793421,0.854691,0.863870,0.831109,0.874577,0.826941,0.853038,0.872218,0.851338,0.831794,0.826618,0.863485,0.830807,0.862098,0.854968,0.821674,0.844961,0.846417,0.834128,0.842626,0.839007,0.803961,0.861586,0.857741,0.858694,0.803014,0.811610,0.867595,0.812234,0.834224,0.858522,0.847277,0.833850,0.813600,0.788036,0.850530,0.824710,0.872317,0.824324,0.810009,0.844342,0.807329,0.835091,0.856430,0.806040,0.815351,0.832364,0.831361,0.861124,0.837952,0.879326,0.876729,0.848932,0.867977,0.834144,0.853142,0.867132,0.854724,0.877305,0.845505,0.798919,1.000000,0.802749,0.816824,0.782068,0.868897,0.872667,0.837691,0.857437,0.849829,0.800256,0.774613,0.817219,0.814914,0.869190,0.785893,0.827409,0.854065,0.810170,0.848776,0.850055,0.843650,0.863541,0.833611,0.866899,0.840868,0.780629,0.840203,0.871220,0.839145,0.794672,0.857723,0.859557,0.861851,0.884053,0.824979,0.809403,0.907400,0.833511,0.851966,0.852354,0.887572,0.846953,0.856701,0.844173,0.857523,0.893121,0.847757,0.881501,0.897263,0.767114,0.860916,0.832997
0.870056,0.878098,0.855699,0.883549,0.900485,0.863517,0.830051,0.867333,0.831167,0.871906,0.858280,0.829365,0.890272,0.820780,0.851339,0.853375,0.883156,0.857827,0.840665,0.857114,0.856397,0.866627,0.823053,0.824147,0.862345,0.845841,0.868051,0.859848,0.834606,0.860979,0.857894,0.873444,0.843904,0.873080,0.853537,0.838924,0.887346,0.899520,0.799045,0.808265,0.881524,0.868127,0.868588,0.856025,0.868842,0.820237,0.827361,0.841917,0.809505,0.843992,0.847471,0.856020,0.845482,0.868594,0.838249,0.854198,0.823130,0.879308,0.853081,0.902389,0.828638,0.864824,0.930398,0.882650,0.843973,0.915705,0.826292,0.854608,0.849590,0.844356,0.838649,0.865865,0.798868,0.944009,0.876817,0.824045,0.834896,0.829609,0.839764,0.941931,0.873406,0.836387,0.828916,0.875671,0.848440,0.836216,0.848589,0.850469,0.847688,0.843260,0.818030,0.876591,0.906839,0.869841,0.860019,0.849597,0.849050,0.845867,0.836113,0.860728,0.834739,0.836762,0.938002,0.907637,0.853980,0.868477,0.826949,0.862030,0.889242,0.826678,0.843005,0.864747,0.898485,0.833244,0.861907,0.833192,0.820616,0.681723,0.833939,0.835290,0.860173,0.887923,0.811141,0.847736,0.853644,0.840622,0.881621,0.861842,0.853584,0.859172,0.827551,0.824884,0.898464,0.823363,0.867933,0.861051,0.858856,0.844473,0.844365,0.851550,0.867637,0.817916,0.884613,0.839067,0.848646,0.852681,0.865748,0.881357,0.820507,0.876127,0.851567,0.853030,0.865048,0.844561,0.870178,0.844623,0.842183,0.827496,0.842847,0.853444,0.849391,0.858869,0.848222,0.913053,0.882460,0.835320,0.885032,0.860303,0.908352,0.864715,0.824990,0.850662,0.831373,0.860311,0.868209,0.916111,0.842877,0.847837,0.850612,0.937167,0.852421,0.912411,0.843707,0.948337,0.876857,0.841858,0.851996,0.858693,0.859359,0.843640,0.830523,0.825956,0.898997,0.854380,0.883847,0.876173,0.858979,0.860284,0.886163,0.832314,0.851596,0.855989,0.865146,0.841686,0.829052,0.838602,0.852073,0.843109,0.856938,0.811278,0.801705,0.851885,0.852062,0.879122,0.868074,0.874308,0.844691,0.887336,0.790822,0.802749,1.000000,0.864483,0.867038,0.842549,0.856234,0.842073,0.867318,0.889504,0.815172,0.784116,0.873921,0.963848,0.807482,0.942331,0.910357,0.829071,0.927606,0.829865,0.824346,0.828995,0.854060,0.862727,0.833087,0.844923,0.881649,0.828989,0.818015,0.869189,0.909349,0.830201,0.844029,0.835320,0.844126,0.830230,0.838922,0.814853,0.854576,0.812962,0.807474,0.840775,0.822403,0.874109,0.806559,0.876664,0.865888,0.876740,0.868396,0.882432,0.852208,0.817199,0.872013
0.899645,0.906430,0.899418,0.891812,0.880836,0.879514,0.856641,0.867572,0.871523,0.902067,0.859243,0.868637,0.879226,0.863691,0.902921,0.891872,0.871965,0.817247,0.848098,0.896773,0.892837,0.865620,0.841666,0.918157,0.877911,0.907763,0.907813,0.884435,0.860496,0.873952,0.908331,0.896624,0.841225,0.855991,0.905187,0.864622,0.915306,0.858453,0.838867,0.861504,0.910075,0.897487,0.892790,0.887301,0.901194,0.846623,0.823603,0.813188,0.859170,0.881473,0.861496,0.894159,0.798684,0.858329,0.885337,0.893624,0.854067,0.888400,0.888567,0.886011,0.877050,0.859743,0.885766,0.872150,0.881172,0.897541,0.877950,0.877380,0.892831,0.880865,0.905237,0.877889,0.872193,0.882355,0.868684,0.876136,0.882169,0.895034,0.883789,0.889551,0.891770,0.890882,0.901008,0.858740,0.850578,0.881110,0.903226,0.875403,0.894096,0.906120,0.858345,0.901234,0.879773,0.884476,0.891434,0.880989,0.862407,0.879051,0.875119,0.903778,0.896800,0.876864,0.891151,0.909372,0.899998,0.884311,0.878717,0.874184,0.879450,0.877651,0.878535,0.875884,0.877510,0.901784,0.897390,0.873703,0.859037,0.717824,0.846636,0.885694,0.888407,0.921267,0.861852,0.866394,0.870543,0.866075,0.844534,0.885320,0.871021,0.904571,0.871274,0.852935,0.890620,0.853594,0.882794,0.888692,0.876420,0.886112,0.858049,0.876516,0.894370,0.867923,0.885414,0.880354,0.874332,0.890663,0.881772,0.859039,0.853180,0.879041,0.847928,0.876342,0.878954,0.882940,0.885135,0.891482,0.893257,0.874102,0.870203,0.883030,0.850624,0.903591,0.870905,0.888624,0.863126,0.873387,0.891775,0.904599,0.888039,0.888183,0.863069,0.885651,0.868683,0.918970,0.892458,0.871129,0.871419,0.889759,0.901167,0.886603,0.875875,0.898558,0.882717,0.881098,0.901255,0.872674,0.862165,0.893008,0.914171,0.877895,0.868033,0.872287,0.838271,0.875307,0.863108,0.887136,0.884503,0.884438,0.871935,0.842311,0.850780,0.878623,0.923344,0.862034,0.880593,0.860018,0.859705,0.912019,0.903053,0.826625,0.840144,0.896511,0.898669,0.912380,0.891116,0.894932,0.882385,0.900673,0.842149,0.816824,0.864483,1.000000,0.907221,0.903194,0.885019,0.888304,0.897981,0.903187,0.855413,0.846306,0.883432,0.875321,0.875029,0.851915,0.889897,0.878515,0.891079,0.882642,0.887747,0.899776,0.862238,0.875365,0.879478,0.899110,0.909620,0.866171,0.858571,0.922446,0.856144,0.872503,0.885775,0.865172,0.877160,0.871692,0.881126,0.818543,0.881286,0.872611,0.835339,0.881679,0.842616,0.870048,0.847573,0.892019,0.866326,0.918971,0.861562,0.884486,0.907242,0.870003,0.918505
0.852145,0.866436,0.859883,0.848244,0.856098,0.832787,0.806952,0.861510,0.823750,0.879900,0.830976,0.814287,0.858966,0.847458,0.854168,0.853128,0.845224,0.788454,0.813548,0.869534,0.829435,0.834574,0.790029,0.822148,0.836790,0.856210,0.841973,0.838107,0.819685,0.842394,0.866072,0.853396,0.813160,0.837129,0.850008,0.810942,0.878929,0.837313,0.768977,0.785087,0.892748,0.853997,0.833042,0.837625,0.858129,0.812389,0.786816,0.766913,0.802569,0.852053,0.822486,0.841352,0.752194,0.872319,0.841671,0.844803,0.845608,0.843512,0.853777,0.875970,0.812890,0.828863,0.873496,0.831411,0.867436,0.859902,0.821342,0.836396,0.830968,0.815679,0.832697,0.834093,0.804565,0.886980,0.825951,0.815930,0.834185,0.832409,0.832216,0.873839,0.840533,0.826972,0.861716,0.839001,0.815751,0.837534,0.827667,0.845000,0.866190,0.853834,0.809849,0.864625,0.864456,0.854469,0.870918,0.827683,0.819159,0.846555,0.853896,0.911036,0.817418,0.835965,0.887302,0.913310,0.857865,0.847315,0.813426,0.841162,0.848030,0.833229,0.842562,0.831959,0.878824,0.929363,0.864057,0.831576,0.807509,0.681315,0.801032,0.828809,0.845892,0.901240,0.806605,0.825003,0.842010,0.838225,0.817499,0.847741,0.819663,0.874859,0.814717,0.808724,0.910866,0.804971,0.873961,0.851568,0.839608,0.855278,0.832429,0.832595,0.852364,0.853728,0.840018,0.836866,0.835476,0.868419,0.854329,0.870862,0.782419,0.826262,0.837883,0.828697,0.855408,0.857578,0.853220,0.861877,0.852768,0.817018,0.808122,0.839805,0.840250,0.891631,0.830620,0.878006,0.846859,0.833788,0.858279,0.884183,0.857897,0.869863,0.808190,0.849173,0.820403,0.867463,0.845565,0.858379,0.836089,0.846350,0.852590,0.877155,0.815539,0.864849,0.834267,0.880009,0.868881,0.812695,0.855331,0.848849,0.864349,0.821732,0.821541,0.822131,0.830135,0.838336,0.835910,0.874260,0.824250,0.832310,0.842040,0.829219,0.799801,0.843556,0.924724,0.817160,0.827426,0.835303,0.825831,0.852764,0.858703,0.792755,0.792614,0.857242,0.836432,0.858858,0.850434,0.878545,0.831138,0.868080,0.810061,0.782068,0.867038,0.907221,0.999999,0.850599,0.830145,0.849833,0.868695,0.885854,0.795228,0.809295,0.866746,0.876424,0.819203,0.840146,0.867546,0.832771,0.873892,0.841467,0.835229,0.841555,0.822266,0.826082,0.836859,0.836240,0.950766,0.811301,0.794205,0.892441,0.833379,0.832256,0.846153,0.809273,0.831212,0.821619,0.816999,0.791571,0.859335,0.808021,0.774217,0.850744,0.794190,0.837609,0.789116,0.870961,0.816415,0.905018,0.826510,0.848300,0.950735,0.815721,0.927149
0.871054,0.867904,0.907964,0.871392,0.838556,0.856259,0.843996,0.879133,0.873678,0.867668,0.888683,0.852795,0.874784,0.854406,0.867357,0.911378,0.876646,0.815903,0.843748,0.897011,0.871959,0.812490,0.818828,0.897325,0.901816,0.889698,0.907152,0.881258,0.851595,0.835411,0.917425,0.908310,0.827923,0.867349,0.887022,0.854088,0.867403,0.867293,0.840616,0.886383,0.886544,0.897269,0.891017,0.873963,0.922284,0.855535,0.872446,0.813120,0.875459,0.855497,0.894766,0.888191,0.791984,0.858473,0.843338,0.886433,0.876331,0.867297,0.900476,0.913797,0.885425,0.867580,0.863406,0.845123,0.886365,0.859968,0.895030,0.874057,0.876352,0.868733,0.865443,0.890588,0.889266,0.852454,0.869083,0.879089,0.878357,0.923897,0.920688,0.867155,0.883186,0.917282,0.912328,0.844564,0.848278,0.891719,0.890863,0.901537,0.895903,0.914964,0.877736,0.915278,0.862685,0.878112,0.891872,0.881299,0.882648,0.878564,0.888481,0.877918,0.887416,0.904543,0.861974,0.879723,0.879466,0.885571,0.907447,0.860939,0.882509,0.866835,0.880351,0.865533,0.844704,0.846254,0.880429,0.922564,0.875109,0.737929,0.883747,0.868682,0.886811,0.901303,0.853236,0.877333,0.903340,0.849720,0.811229,0.880657,0.866125,0.854950,0.867884,0.855136,0.881527,0.870832,0.901128,0.857088,0.857546,0.890083,0.857460,0.875865,0.902958,0.869603,0.864069,0.918044,0.855822,0.902640,0.860140,0.865360,0.880319,0.861032,0.895623,0.889671,0.902172,0.904003,0.875823,0.877068,0.864247,0.850488,0.856553,0.875179,0.844089,0.885874,0.873395,0.861236,0.884877,0.901514,0.917754,0.910544,0.858254,0.904023,0.857426,0.900522,0.875591,0.870183,0.922325,0.865279,0.885477,0.921397,0.921221,0.871749,0.903174,0.895555,0.889715,0.861611,0.871233,0.902456,0.859411,0.887528,0.919732,0.874703,0.859611,0.857851,0.820239,0.882086,0.844554,0.923983,0.876476,0.870657,0.871799,0.856081,0.872821,0.871688,0.892902,0.827466,0.885455,0.881428,0.851707,0.888142,0.900196,0.863508,0.862233,0.910232,0.881847,0.911557,0.895916,0.921391,0.911498,0.897513,0.833415,0.868897,0.842549,0.903194,0.850599,1.000000,0.888688,0.881642,0.898941,0.932065,0.843228,0.877720,0.888308,0.865751,0.880350,0.839710,0.889853,0.899698,0.880414,0.920477,0.892389,0.913518,0.859415,0.868508,0.880867,0.893069,0.879280,0.883523,0.862816,0.907221,0.841597,0.889775,0.905644,0.879739,0.886642,0.876521,0.855909,0.861816,0.906488,0.889671,0.852349,0.943459,0.859947,0.869393,0.880392,0.891139,0.880745,0.898144,0.890083,0.929636,0.867036,0.873760,0.904417
0.892538,0.886491,0.872342,0.909736,0.873733,0.872440,0.878214,0.857170,0.890547,0.856032,0.887195,0.873853,0.885399,0.833187,0.897227,0.881170,0.861874,0.839003,0.836088,0.883749,0.912833,0.827823,0.848010,0.889000,0.897782,0.896854,0.876740,0.869604,0.881881,0.863358,0.922437,0.881558,0.856381,0.846502,0.902284,0.866938,0.893501,0.851778,0.849188,0.874268,0.879954,0.903739,0.892840,0.866761,0.911599,0.893452,0.868615,0.852457,0.862244,0.848084,0.869271,0.888160,0.822611,0.848893,0.847663,0.895791,0.849868,0.904313,0.898577,0.876337,0.867876,0.874135,0.880755,0.876118,0.863564,0.908229,0.896380,0.912677,0.868475,0.902499,0.865048,0.903953,0.860856,0.888422,0.900244,0.848820,0.874772,0.905621,0.903509,0.889386,0.893142,0.936948,0.890419,0.863680,0.894280,0.899098,0.899994,0.882122,0.882752,0.905108,0.906281,0.880387,0.874757,0.907458,0.874823,0.921884,0.904885,0.850337,0.855447,0.850840,0.879611,0.880854,0.862149,0.854679,0.858590,0.886263,0.921935,0.890664,0.908130,0.867572,0.874518,0.853865,0.845693,0.821594,0.889519,0.881432,0.910744,0.712374,0.885142,0.874446,0.936455,0.901400,0.858685,0.909875,0.866378,0.877626,0.855535,0.884020,0.882068,0.847272,0.880890,0.924078,0.857518,0.893079,0.892567,0.869506,0.946138,0.904731,0.889739,0.887101,0.881353,0.829231,0.892534,0.898478,0.877162,0.901493,0.895104,0.876939,0.863845,0.877107,0.867640,0.912100,0.892922,0.872108,0.852807,0.884860,0.866532,0.867980,0.855750,0.885244,0.858529,0.878983,0.888410,0.875042,0.886185,0.870706,0.891152,0.869917,0.882075,0.872576,0.893298,0.866516,0.892908,0.865303,0.861783,0.897157,0.896383,0.899884,0.923324,0.864117,0.884681,0.887819,0.870863,0.860065,0.896408,0.902001,0.877270,0.903503,0.907346,0.883370,0.871243,0.865823,0.828036,0.865669,0.871244,0.876303,0.912625,0.884856,0.909781,0.818865,0.889088,0.893570,0.851750,0.863146,0.879388,0.862347,0.950726,0.867799,0.906506,0.872858,0.858354,0.907784,0.887590,0.890737,0.919883,0.878802,0.900565,0.888424,0.856560,0.872667,0.856234,0.885019,0.830145,0.888688,1.000000,0.923041,0.904816,0.856936,0.841959,0.833693,0.895752,0.855313,0.867190,0.843905,0.889145,0.906412,0.881896,0.911582,0.865701,0.868749,0.847112,0.884705,0.909773,0.906281,0.839902,0.867789,0.878038,0.894083,0.865569,0.875468,0.882295,0.893846,0.929546,0.864580,0.875839,0.865182,0.880778,0.917304,0.866046,0.880654,0.856575,0.924613,0.872913,0.905414,0.898608,0.895699,0.882691,0.885501,0.831698,0.868711,0.870455
0.865606,0.878935,0.861363,0.893199,0.884775,0.876960,0.839331,0.840134,0.867981,0.842941,0.847269,0.858954,0.887684,0.817609,0.891684,0.861583,0.847938,0.818043,0.789220,0.879717,0.924717,0.844796,0.815767,0.880242,0.858361,0.913878,0.862862,0.844488,0.862313,0.872238,0.901649,0.853675,0.821943,0.829496,0.920085,0.836370,0.882339,0.837913,0.814777,0.867078,0.885844,0.898251,0.879174,0.869796,0.894002,0.871855,0.838484,0.824596,0.859918,0.837836,0.854506,0.892327,0.809466,0.843039,0.850656,0.893646,0.856780,0.893510,0.881195,0.883882,0.843644,0.845192,0.867754,0.865035,0.850147,0.911851,0.874211,0.899597,0.848460,0.928302,0.852700,0.892249,0.836927,0.880629,0.889699,0.852500,0.870097,0.905493,0.879768,0.879907,0.883956,0.907736,0.896341,0.882185,0.875838,0.880464,0.891446,0.853923,0.904314,0.931305,0.883545,0.875930,0.871155,0.912535,0.843490,0.885337,0.898937,0.846179,0.850441,0.861846,0.887451,0.875333,0.868737,0.863624,0.875107,0.876540,0.901650,0.873512,0.879142,0.878891,0.855692,0.836180,0.837087,0.843055,0.889430,0.862795,0.889713,0.696043,0.850576,0.857312,0.900413,0.892088,0.840117,0.888363,0.855516,0.895955,0.827234,0.881184,0.863727,0.870342,0.880258,0.896802,0.857857,0.875600,0.879148,0.887676,0.914268,0.916522,0.873477,0.874736,0.871479,0.826626,0.897113,0.871242,0.844833,0.889277,0.895618,0.861106,0.832371,0.841545,0.830797,0.889188,0.882604,0.865267,0.861588,0.883489,0.858140,0.851935,0.833079,0.854940,0.841052,0.872789,0.869285,0.864465,0.848518,0.870787,0.889525,0.909757,0.883555,0.876576,0.881990,0.874443,0.888376,0.881380,0.851562,0.879410,0.865380,0.878746,0.936433,0.844592,0.865134,0.883765,0.873834,0.843146,0.887575,0.881356,0.906383,0.890788,0.899312,0.859960,0.866101,0.856187,0.813140,0.862793,0.852871,0.872716,0.912140,0.841530,0.911440,0.822860,0.859385,0.890861,0.874758,0.853191,0.865522,0.843018,0.935435,0.862137,0.888626,0.841420,0.860876,0.933107,0.865917,0.894153,0.911006,0.879857,0.887826,0.895717,0.903093,0.837691,0.842073,0.888304,0.849833,0.881642,0.923041,1.000000,0.917765,0.856319,0.824689,0.823356,0.898101,0.841815,0.867467,0.827802,0.886666,0.923261,0.862872,0.892984,0.872012,0.873751,0.842128,0.884459,0.919696,0.886747,0.858243,0.872203,0.854178,0.897330,0.859386,0.873745,0.881232,0.874818,0.909383,0.855766,0.856148,0.825232,0.873315,0.891708,0.832048,0.878177,0.841467,0.942595,0.855313,0.883403,0.887667,0.897656,0.852506,0.872294,0.863504,0.866646,0.877978
0.895674,0.911487,0.901591,0.917930,0.881217,0.904384,0.847409,0.869834,0.880565,0.873104,0.890304,0.871014,0.894603,0.855268,0.906134,0.907572,0.902494,0.836463,0.837467,0.897326,0.904586,0.869565,0.819182,0.893625,0.895511,0.887251,0.893855,0.865784,0.878978,0.869280,0.924314,0.884271,0.849962,0.846992,0.903767,0.841996,0.882783,0.877079,0.826486,0.907022,0.896038,0.912401,0.907293,0.896404,0.921336,0.871137,0.869381,0.829143,0.866242,0.834558,0.879468,0.899040,0.823315,0.857006,0.886706,0.919814,0.849193,0.922379,0.891356,0.885515,0.853738,0.867049,0.899268,0.905737,0.864843,0.909301,0.904784,0.907531,0.889518,0.898522,0.862396,0.899868,0.838005,0.888725,0.897852,0.864327,0.897175,0.924255,0.904368,0.891032,0.892518,0.910055,0.902337,0.862385,0.895767,0.902435,0.888442,0.887236,0.949136,0.929044,0.909820,0.926518,0.879808,0.912548,0.901070,0.902672,0.884983,0.859674,0.869781,0.900815,0.882425,0.917788,0.881861,0.895709,0.900390,0.880378,0.905555,0.872425,0.872918,0.900575,0.899180,0.849681,0.849279,0.849479,0.906427,0.872928,0.874194,0.715842,0.878808,0.875608,0.924716,0.900226,0.853028,0.898079,0.883513,0.881610,0.847260,0.876481,0.920398,0.882924,0.901120,0.888225,0.878062,0.875591,0.893402,0.892824,0.896006,0.930086,0.906172,0.903379,0.915760,0.841792,0.918941,0.869812,0.875103,0.920297,0.879840,0.870193,0.856626,0.868287,0.867368,0.889990,0.915860,0.885976,0.871333,0.928490,0.911294,0.878836,0.845994,0.872105,0.843002,0.898539,0.896185,0.896609,0.897500,0.912764,0.902576,0.887318,0.899689,0.864155,0.878280,0.870654,0.905323,0.880425,0.885397,0.882265,0.885886,0.913170,0.904516,0.858904,0.878290,0.911142,0.877079,0.865416,0.881934,0.904930,0.892695,0.904190,0.917940,0.896715,0.908918,0.864438,0.836159,0.866877,0.857468,0.896821,0.909149,0.865380,0.914654,0.824817,0.878606,0.906042,0.882134,0.869123,0.863977,0.859783,0.906269,0.907797,0.916823,0.880266,0.850705,0.926949,0.893531,0.903661,0.914182,0.880774,0.898375,0.903247,0.862653,0.857437,0.867318,0.897981,0.868695,0.898941,0.904816,0.917765,1.000000,0.886226,0.834398,0.831659,0.891179,0.874164,0.887509,0.841711,0.878255,0.900538,0.885224,0.917999,0.900279,0.880609,0.873875,0.904118,0.913684,0.903148,0.880149,0.896427,0.885206,0.926168,0.870376,0.892790,0.907375,0.888159,0.921260,0.873006,0.854906,0.879304,0.876283,0.898342,0.861330,0.901994,0.851566,0.918042,0.863766,0.901465,0.912224,0.914950,0.882811,0.897876,0.871474,0.887975,0.898359
0.860288,0.888006,0.902493,0.871204,0.863616,0.876166,0.831700,0.878098,0.849252,0.883205,0.885116,0.855564,0.894102,0.842949,0.872614,0.887334,0.877140,0.831621,0.833007,0.869507,0.853857,0.837412,0.819453,0.851116,0.888711,0.861265,0.903391,0.859725,0.851540,0.848098,0.881812,0.911981,0.815861,0.860722,0.862957,0.853025,0.860691,0.865725,0.802692,0.844994,0.869327,0.862217,0.872574,0.868407,0.885898,0.835572,0.838356,0.812841,0.838028,0.838621,0.884266,0.871821,0.822770,0.867322,0.852258,0.863991,0.841858,0.877447,0.871689,0.929802,0.850664,0.878040,0.884947,0.866845,0.858442,0.878945,0.856341,0.861518,0.869312,0.850334,0.845059,0.892869,0.851264,0.880655,0.876813,0.867696,0.856715,0.873696,0.895892,0.872489,0.873859,0.871306,0.874047,0.849200,0.845374,0.853507,0.864672,0.887669,0.887168,0.894019,0.854121,0.904316,0.876879,0.866000,0.894809,0.846459,0.869048,0.861574,0.854318,0.903202,0.855993,0.888610,0.896752,0.896566,0.887289,0.880923,0.870062,0.850474,0.882400,0.858434,0.887133,0.857124,0.874121,0.853156,0.907623,0.875351,0.832304,0.699032,0.851217,0.856676,0.851515,0.906823,0.839922,0.846557,0.897380,0.845513,0.833505,0.861687,0.851959,0.878428,0.876142,0.822538,0.931319,0.844437,0.890315,0.868953,0.850512,0.874997,0.860458,0.858700,0.884109,0.832976,0.884119,0.877478,0.826813,0.869654,0.861326,0.870588,0.838083,0.848211,0.886559,0.856254,0.873929,0.906767,0.889755,0.877200,0.872218,0.830384,0.841615,0.893697,0.858964,0.894669,0.847830,0.895795,0.875418,0.864126,0.908969,0.926590,0.878983,0.904393,0.842143,0.884307,0.869832,0.873284,0.922556,0.876393,0.854105,0.886697,0.888874,0.907846,0.883256,0.923500,0.897210,0.893798,0.872284,0.885899,0.861173,0.879471,0.892766,0.859871,0.867117,0.854890,0.848263,0.899234,0.868350,0.934201,0.856491,0.857935,0.871568,0.873230,0.841650,0.866433,0.913757,0.838760,0.852342,0.845302,0.839146,0.898361,0.872231,0.820333,0.845438,0.886818,0.856163,0.914089,0.891709,0.926967,0.897664,0.904643,0.816208,0.849829,0.889504,0.903187,0.885854,0.932065,0.856936,0.856319,0.886226,1.000000,0.836198,0.819282,0.862396,0.900022,0.864979,0.883790,0.901351,0.872992,0.881423,0.872797,0.852352,0.893516,0.865327,0.854263,0.859486,0.869140,0.903125,0.874495,0.834529,0.911123,0.851517,0.885351,0.877529,0.859609,0.869364,0.862906,0.842320,0.844265,0.902182,0.846013,0.815277,0.931972,0.847319,0.863393,0.836380,0.875172,0.899343,0.913707,0.895833,0.940220,0.884346,0.844013,0.923748
0.899110,0.821419,0.848225,0.845456,0.853750,0.823996,0.860202,0.788377,0.852232,0.809099,0.843971,0.902955,0.852842,0.877962,0.850517,0.869452,0.816429,0.749263,0.890598,0.875904,0.874429,0.779642,0.934988,0.877687,0.889142,0.872652,0.862398,0.862329,0.839198,0.883018,0.860263,0.823421,0.886355,0.832034,0.867738,0.933854,0.844265,0.803112,0.910737,0.839641,0.859938,0.858823,0.903738,0.923033,0.887818,0.836420,0.818883,0.768692,0.903232,0.857330,0.856212,0.854864,0.757897,0.791082,0.822156,0.863878,0.829672,0.863103,0.830156,0.847531,0.944268,0.867751,0.841912,0.822488,0.845622,0.829558,0.858462,0.793243,0.922512,0.865258,0.846717,0.846402,0.816595,0.806278,0.844862,0.822720,0.799415,0.838659,0.864583,0.839029,0.846973,0.847905,0.831048,0.796165,0.801159,0.795508,0.882324,0.799826,0.856982,0.847451,0.825818,0.850172,0.824410,0.844674,0.832175,0.834869,0.830481,0.874088,0.839716,0.833109,0.894091,0.825276,0.813466,0.845703,0.816012,0.824316,0.841790,0.817052,0.831930,0.811762,0.790486,0.841753,0.776247,0.791762,0.834573,0.838735,0.815686,0.706546,0.833404,0.939723,0.846030,0.877466,0.946848,0.840529,0.804597,0.779356,0.764452,0.901444,0.862613,0.799191,0.848179,0.830420,0.829247,0.832583,0.826520,0.842380,0.801962,0.834110,0.808648,0.945901,0.875781,0.822697,0.836184,0.845352,0.884323,0.819540,0.859006,0.826994,0.897668,0.864625,0.848611,0.815280,0.833526,0.817075,0.797167,0.825097,0.832937,0.890552,0.967838,0.848115,0.789996,0.847999,0.817030,0.810520,0.784035,0.805630,0.830694,0.869476,0.823571,0.834204,0.832218,0.823624,0.801748,0.852792,0.843581,0.819141,0.825616,0.838953,0.865740,0.827519,0.891089,0.853989,0.857487,0.820458,0.877571,0.823692,0.812968,0.874415,0.848517,0.908738,0.813345,0.949094,0.781128,0.838532,0.817323,0.839433,0.895208,0.939313,0.842173,0.784552,0.821007,0.830779,0.861531,0.795567,0.807257,0.828213,0.806139,0.821394,0.855104,0.825576,0.801328,0.824476,0.925826,0.835585,0.842506,0.838777,0.858698,0.845700,0.764857,0.800256,0.815172,0.855413,0.795228,0.843228,0.841959,0.824689,0.834398,0.836198,1.000000,0.807418,0.841991,0.816501,0.807037,0.782865,0.816117,0.824050,0.824078,0.848473,0.810186,0.813271,0.786316,0.923197,0.822682,0.933895,0.818153,0.829691,0.841883,0.845706,0.826264,0.865886,0.822762,0.912781,0.864899,0.964325,0.958857,0.788083,0.825197,0.832173,0.861856,0.850073,0.769803,0.830813,0.874685,0.889977,0.857845,0.852817,0.819802,0.875708,0.789643,0.784486,0.832512
0.827099,0.796857,0.834934,0.817644,0.801036,0.776775,0.827122,0.830439,0.834521,0.777611,0.829073,0.807702,0.793675,0.844249,0.799040,0.916915,0.833050,0.756918,0.873402,0.911974,0.830791,0.778885,0.783540,0.859851,0.850426,0.875410,0.840714,0.889368,0.802817,0.794920,0.874836,0.814620,0.823299,0.826351,0.841756,0.833204,0.820745,0.832403,0.823887,0.826247,0.884034,0.881653,0.851079,0.821157,0.928183,0.805314,0.858406,0.763490,0.840771,0.838282,0.849528,0.861260,0.724225,0.764683,0.805266,0.834650,0.942514,0.813126,0.905805,0.851220,0.864712,0.818259,0.816246,0.795114,0.917728,0.799805,0.875043,0.806569,0.844605,0.817507,0.861856,0.813427,0.917521,0.782276,0.801253,0.812786,0.823973,0.894305,0.851875,0.834770,0.838143,0.873529,0.873553,0.785517,0.797705,0.835029,0.838414,0.837300,0.822942,0.876660,0.797385,0.856534,0.813210,0.831972,0.813631,0.851802,0.825269,0.915603,0.930330,0.825897,0.860685,0.864276,0.810110,0.830082,0.813757,0.827443,0.841462,0.817696,0.814587,0.814587,0.804404,0.855587,0.762616,0.875513,0.815498,0.906855,0.850834,0.711792,0.860459,0.821678,0.860682,0.870850,0.820024,0.849768,0.814873,0.760939,0.743587,0.905981,0.811215,0.774343,0.797991,0.797612,0.799410,0.846530,0.848667,0.788965,0.787329,0.837855,0.783500,0.837302,0.879749,0.960846,0.796367,0.938239,0.834181,0.847755,0.832146,0.784230,0.868832,0.838416,0.801342,0.852106,0.875474,0.841567,0.801137,0.807036,0.794825,0.812392,0.811891,0.819549,0.798612,0.814273,0.814453,0.769779,0.839044,0.841706,0.842714,0.848652,0.807285,0.822161,0.792600,0.817455,0.785446,0.807545,0.857383,0.827113,0.859831,0.895598,0.890929,0.816377,0.842658,0.806619,0.819203,0.781105,0.861328,0.851858,0.788438,0.861536,0.876993,0.827912,0.771144,0.822533,0.725933,0.816401,0.776844,0.838511,0.851260,0.845151,0.797192,0.782934,0.830041,0.817796,0.837780,0.760665,0.852602,0.870635,0.791017,0.794997,0.858373,0.829099,0.803830,0.843046,0.822565,0.833050,0.830013,0.851148,0.835755,0.837010,0.757648,0.774613,0.784116,0.846306,0.809295,0.877720,0.833693,0.823356,0.831659,0.819282,0.807418,1.000000,0.893123,0.795705,0.783755,0.753923,0.795501,0.854330,0.861593,0.901903,0.838493,0.817914,0.788015,0.812657,0.826579,0.842336,0.845531,0.823323,0.814151,0.834592,0.795147,0.839372,0.859947,0.829751,0.828041,0.838016,0.817530,0.802183,0.878930,0.837858,0.800492,0.867223,0.797341,0.805473,0.848571,0.873832,0.784507,0.826735,0.816876,0.838870,0.853917,0.803791,0.866751
0.886100,0.860653,0.879664,0.880707,0.882250,0.841887,0.878561,0.843367,0.864052,0.840704,0.852932,0.834822,0.863393,0.854299,0.859938,0.922534,0.891045,0.805241,0.884992,0.934792,0.889917,0.844968,0.836113,0.877667,0.878998,0.903234,0.865885,0.907791,0.840602,0.871946,0.896340,0.859655,0.883556,0.851331,0.906602,0.869451,0.893586,0.880391,0.833834,0.851499,0.925761,0.927739,0.893340,0.880086,0.931436,0.833105,0.866207,0.810332,0.849724,0.900427,0.868505,0.870041,0.779231,0.808893,0.839195,0.887193,0.927844,0.862693,0.918001,0.907114,0.878548,0.871519,0.893323,0.843970,0.929794,0.875416,0.879775,0.853852,0.877597,0.870315,0.885475,0.877979,0.861958,0.865949,0.843256,0.834276,0.854602,0.907281,0.859089,0.901261,0.881404,0.899243,0.894980,0.859180,0.833792,0.870027,0.871236,0.849306,0.886877,0.910587,0.832233,0.908042,0.884677,0.894787,0.856577,0.879295,0.861460,0.916603,0.925786,0.879876,0.880905,0.884037,0.869383,0.905419,0.854766,0.857528,0.862359,0.857770,0.865047,0.834738,0.831667,0.883631,0.817297,0.875712,0.849011,0.899539,0.875973,0.727930,0.875940,0.858083,0.901752,0.904950,0.832298,0.889004,0.848891,0.816306,0.803299,0.928252,0.866954,0.837142,0.826769,0.848510,0.858364,0.867833,0.890716,0.848885,0.857398,0.876826,0.837930,0.880654,0.913293,0.902350,0.860619,0.923996,0.886697,0.900917,0.892672,0.846940,0.860046,0.906020,0.844541,0.878558,0.916119,0.848948,0.840297,0.842605,0.832079,0.831659,0.865969,0.844154,0.825290,0.850421,0.849179,0.839400,0.862903,0.865166,0.874173,0.892804,0.870052,0.838961,0.844240,0.847035,0.826147,0.870879,0.876639,0.873537,0.887852,0.905865,0.921496,0.874878,0.866027,0.880234,0.856149,0.862016,0.912273,0.875666,0.842834,0.884457,0.903432,0.869150,0.829013,0.856613,0.794023,0.845217,0.843645,0.873457,0.887581,0.876024,0.870528,0.799684,0.868588,0.854740,0.878388,0.829261,0.887860,0.859708,0.876313,0.838095,0.892057,0.825489,0.815792,0.889342,0.877107,0.878093,0.868446,0.893686,0.877408,0.888162,0.796986,0.817219,0.873921,0.883432,0.866746,0.888308,0.895752,0.898101,0.891179,0.862396,0.841991,0.893123,1.000000,0.870120,0.825107,0.835302,0.864084,0.874483,0.903816,0.907014,0.851339,0.856641,0.822972,0.886765,0.877641,0.882506,0.890368,0.854515,0.846312,0.879797,0.880950,0.886587,0.872325,0.852779,0.868431,0.873267,0.864567,0.816876,0.916404,0.849978,0.820016,0.896460,0.813484,0.894601,0.830675,0.903896,0.848216,0.872806,0.856871,0.873945,0.877218,0.837553,0.901897
0.869700,0.878857,0.867538,0.887797,0.886011,0.864890,0.827770,0.878351,0.835481,0.877154,0.868767,0.821091,0.896115,0.822749,0.846184,0.864336,0.875136,0.837789,0.833920,0.857249,0.857199,0.863636,0.809861,0.832726,0.871597,0.851031,0.870540,0.862731,0.835576,0.849251,0.860130,0.882734,0.828944,0.873137,0.856359,0.830316,0.880622,0.881436,0.792069,0.819265,0.883893,0.870023,0.864198,0.847173,0.872999,0.821727,0.832932,0.818501,0.802678,0.837554,0.854641,0.856939,0.828229,0.874281,0.827517,0.859783,0.826251,0.875047,0.856867,0.896337,0.830014,0.853153,0.946634,0.876378,0.844500,0.916649,0.833910,0.867170,0.863641,0.839127,0.835391,0.871053,0.816151,0.946199,0.880379,0.823173,0.848359,0.847091,0.845661,0.949659,0.879406,0.854544,0.837911,0.877408,0.839704,0.848825,0.856164,0.868687,0.847386,0.855572,0.822589,0.883180,0.913906,0.878628,0.873222,0.858324,0.863382,0.841066,0.834776,0.861105,0.835921,0.854576,0.932430,0.907365,0.876273,0.883432,0.841572,0.864163,0.894269,0.828163,0.849831,0.862846,0.903053,0.850591,0.868679,0.849704,0.823345,0.681777,0.841570,0.836514,0.849943,0.889465,0.803889,0.855902,0.872169,0.837051,0.878413,0.862977,0.843627,0.859739,0.828908,0.831629,0.915034,0.829410,0.887247,0.856867,0.856038,0.845446,0.843360,0.852962,0.874732,0.824610,0.892846,0.846779,0.837964,0.861568,0.872961,0.892396,0.814160,0.860660,0.867105,0.862904,0.876748,0.853114,0.848329,0.848408,0.843586,0.830234,0.840799,0.856774,0.850316,0.866091,0.841007,0.913593,0.899588,0.847637,0.882378,0.863970,0.914392,0.879519,0.827521,0.858368,0.847628,0.872725,0.883590,0.925499,0.858454,0.871285,0.864162,0.934037,0.861621,0.909290,0.835892,0.961290,0.868392,0.848245,0.854033,0.854124,0.867345,0.841552,0.841475,0.824138,0.901570,0.848360,0.886656,0.893062,0.844015,0.854260,0.878133,0.819908,0.865054,0.851111,0.887464,0.831656,0.822897,0.851600,0.852605,0.855940,0.868537,0.805220,0.796629,0.861555,0.845434,0.879242,0.869377,0.876828,0.850555,0.899447,0.786071,0.814914,0.963848,0.875321,0.876424,0.865751,0.855313,0.841815,0.874164,0.900022,0.816501,0.795705,0.870120,1.000000,0.814034,0.931628,0.919884,0.839100,0.936813,0.849196,0.837617,0.839250,0.863904,0.858734,0.836693,0.851075,0.887000,0.829679,0.827922,0.873999,0.900873,0.827845,0.853678,0.829166,0.844297,0.829774,0.831152,0.820001,0.863241,0.833699,0.816699,0.846626,0.832585,0.867891,0.809770,0.873559,0.871396,0.875552,0.870749,0.899626,0.849043,0.834432,0.877468
0.850410,0.897409,0.868428,0.877138,0.807750,0.920725,0.783557,0.834141,0.834463,0.847406,0.854710,0.884914,0.877255,0.786049,0.919816,0.848822,0.834052,0.836262,0.769872,0.822987,0.857950,0.835659,0.792180,0.849799,0.855131,0.830219,0.875550,0.797151,0.860198,0.834909,0.899528,0.862922,0.783109,0.835928,0.839427,0.801881,0.863102,0.804735,0.793376,0.889512,0.840912,0.835171,0.858110,0.839633,0.854216,0.817070,0.806126,0.834724,0.827928,0.775049,0.845443,0.850946,0.781230,0.840438,0.877296,0.877173,0.785974,0.900419,0.839653,0.875875,0.809745,0.814986,0.838980,0.868150,0.811447,0.851623,0.861970,0.881814,0.861662,0.849215,0.793804,0.862291,0.822839,0.827037,0.855209,0.871676,0.882616,0.857460,0.889360,0.825791,0.838055,0.861900,0.885763,0.818232,0.869963,0.860619,0.858177,0.878956,0.883839,0.867595,0.894146,0.855095,0.825863,0.856874,0.882833,0.861913,0.853787,0.817560,0.809840,0.827110,0.843848,0.895286,0.857052,0.837756,0.883147,0.879425,0.876933,0.835182,0.838379,0.906264,0.899594,0.803394,0.813620,0.785807,0.913400,0.834771,0.845869,0.690670,0.827762,0.845349,0.868140,0.863375,0.831741,0.816918,0.880813,0.855920,0.826553,0.805991,0.870176,0.899300,0.877388,0.827937,0.836466,0.817414,0.834522,0.891882,0.857524,0.892467,0.875344,0.840465,0.849940,0.781145,0.885398,0.819108,0.814073,0.887053,0.823813,0.828989,0.819998,0.807046,0.840519,0.854195,0.843361,0.868291,0.863765,0.877129,0.890661,0.881657,0.811023,0.862223,0.832246,0.874575,0.895449,0.860480,0.856900,0.891077,0.865786,0.852127,0.837094,0.848740,0.840493,0.850808,0.903316,0.883391,0.856722,0.852597,0.818874,0.863263,0.842608,0.805415,0.845140,0.882074,0.872044,0.824118,0.833975,0.862859,0.840372,0.886859,0.894409,0.853428,0.915468,0.838707,0.800343,0.844624,0.828738,0.869881,0.840709,0.822859,0.859608,0.835773,0.820904,0.912044,0.829358,0.882591,0.868584,0.831256,0.850616,0.895853,0.880753,0.847650,0.837755,0.909531,0.876438,0.889309,0.905694,0.861730,0.897801,0.861620,0.871037,0.869190,0.807482,0.875029,0.819203,0.880350,0.867190,0.867467,0.887509,0.864979,0.807037,0.783755,0.825107,0.814034,1.000000,0.817926,0.832479,0.887246,0.816953,0.853867,0.888165,0.897810,0.868597,0.864749,0.888384,0.881594,0.805916,0.888475,0.867960,0.901332,0.834214,0.882657,0.882641,0.867811,0.892387,0.844566,0.824635,0.871521,0.842686,0.850947,0.855929,0.890868,0.863263,0.865336,0.857259,0.864986,0.898965,0.894745,0.872131,0.889186,0.807007,0.903812,0.860871
0.834455,0.848539,0.850537,0.865931,0.863543,0.857920,0.791153,0.861936,0.782194,0.863018,0.847583,0.808037,0.883530,0.797590,0.841190,0.823065,0.850902,0.826411,0.790914,0.821955,0.833749,0.826556,0.791106,0.799042,0.836382,0.824674,0.841658,0.836715,0.829382,0.825555,0.842313,0.855035,0.821291,0.846175,0.836529,0.804398,0.865498,0.861375,0.761995,0.799928,0.866593,0.834169,0.839947,0.841917,0.832996,0.808138,0.788188,0.817271,0.773123,0.815918,0.831390,0.831960,0.844789,0.868621,0.807013,0.823664,0.778997,0.849193,0.839499,0.886083,0.802253,0.823232,0.893577,0.848244,0.811913,0.899946,0.803472,0.846854,0.822098,0.820873,0.811532,0.861863,0.772057,0.940549,0.847971,0.824802,0.819188,0.813926,0.833460,0.921342,0.881205,0.823445,0.814338,0.860841,0.821485,0.825705,0.819404,0.840788,0.832468,0.830868,0.814649,0.860574,0.868781,0.838184,0.837798,0.823957,0.842027,0.815480,0.808647,0.849920,0.804404,0.820274,0.914756,0.881894,0.828345,0.894786,0.811999,0.842886,0.895625,0.826408,0.821567,0.884275,0.920102,0.801668,0.847939,0.808339,0.793468,0.662518,0.805511,0.812170,0.828948,0.865311,0.788538,0.816849,0.844094,0.842876,0.901536,0.810355,0.818447,0.839362,0.810028,0.804812,0.886739,0.783280,0.846635,0.837140,0.847341,0.831433,0.827331,0.813876,0.833594,0.772852,0.865441,0.823648,0.811791,0.828149,0.835535,0.883949,0.790364,0.844815,0.826240,0.832285,0.826292,0.845172,0.850029,0.839181,0.819237,0.801380,0.812948,0.849624,0.832173,0.844427,0.831305,0.929509,0.861694,0.822293,0.866293,0.841645,0.901225,0.862439,0.807454,0.847045,0.839170,0.852503,0.838253,0.896628,0.821622,0.823476,0.827570,0.949739,0.839982,0.888983,0.830023,0.959237,0.853604,0.836654,0.817894,0.829386,0.839999,0.815927,0.835640,0.801287,0.934431,0.844235,0.880287,0.872247,0.828070,0.833156,0.885169,0.812704,0.841237,0.845039,0.844196,0.855973,0.819670,0.835697,0.832067,0.838791,0.835198,0.777522,0.787958,0.849189,0.835969,0.883247,0.857632,0.870657,0.837398,0.860467,0.788351,0.785893,0.942331,0.851915,0.840146,0.839710,0.843905,0.827802,0.841711,0.883790,0.782865,0.753923,0.835302,0.931628,0.817926,1.000000,0.937763,0.815556,0.929938,0.805002,0.809251,0.833874,0.850026,0.837543,0.817529,0.830056,0.850346,0.818943,0.786680,0.851958,0.913170,0.801250,0.842337,0.795743,0.822483,0.804739,0.811257,0.788806,0.838027,0.799724,0.772482,0.824723,0.822520,0.838002,0.774782,0.847924,0.855168,0.853790,0.863530,0.876648,0.823845,0.821893,0.841565
0.855165,0.879626,0.865114,0.889935,0.863118,0.867625,0.839408,0.884970,0.847080,0.859373,0.878034,0.847894,0.889992,0.827459,0.856459,0.862129,0.850641,0.837588,0.793925,0.846077,0.866460,0.831508,0.807172,0.839827,0.868659,0.857348,0.874731,0.844016,0.833335,0.839347,0.883081,0.882156,0.821647,0.845663,0.877434,0.829809,0.885305,0.854645,0.802632,0.839020,0.883218,0.865249,0.852328,0.863802,0.869320,0.860324,0.834569,0.830546,0.829367,0.837594,0.870725,0.874403,0.848119,0.896590,0.846196,0.859431,0.814011,0.876809,0.861774,0.893239,0.835299,0.856022,0.893629,0.877738,0.824693,0.913614,0.836341,0.886677,0.840549,0.858139,0.815357,0.886584,0.816020,0.950254,0.892143,0.850747,0.854502,0.866321,0.883543,0.921676,0.913111,0.886475,0.859854,0.887576,0.847232,0.867138,0.867947,0.862001,0.858219,0.874163,0.873501,0.883859,0.881824,0.892390,0.868299,0.869694,0.900567,0.832911,0.820450,0.874577,0.832734,0.871313,0.917723,0.888912,0.880074,0.903198,0.882393,0.865893,0.927044,0.849072,0.852155,0.889810,0.939878,0.841586,0.877109,0.859762,0.848412,0.683708,0.845319,0.830283,0.858386,0.901500,0.826777,0.873027,0.881584,0.873220,0.894011,0.845281,0.848043,0.846367,0.862538,0.857336,0.909639,0.851768,0.897144,0.866901,0.883524,0.865685,0.842665,0.851431,0.858500,0.804553,0.893451,0.851921,0.830451,0.870082,0.862486,0.901119,0.825876,0.842665,0.856821,0.871182,0.854240,0.884305,0.877861,0.868118,0.853902,0.837375,0.835351,0.876666,0.863933,0.878411,0.849537,0.928299,0.885051,0.855529,0.905105,0.890497,0.913734,0.915397,0.853713,0.896731,0.881737,0.876535,0.869775,0.915045,0.869533,0.861313,0.880282,0.949857,0.879319,0.907498,0.867861,0.937319,0.871928,0.874513,0.844382,0.862056,0.880180,0.845905,0.839432,0.844337,0.930959,0.887763,0.883696,0.900429,0.855342,0.841791,0.913482,0.845521,0.867554,0.851307,0.897802,0.838085,0.855879,0.841324,0.884729,0.867436,0.860253,0.811795,0.845322,0.884161,0.851641,0.906285,0.897600,0.899233,0.870684,0.902670,0.817989,0.827409,0.910357,0.889897,0.867546,0.889853,0.889145,0.886666,0.878255,0.901351,0.816117,0.795501,0.864084,0.919884,0.832479,0.937763,1.000000,0.865005,0.918508,0.847946,0.852984,0.872461,0.864251,0.852331,0.868334,0.867856,0.890949,0.836090,0.817842,0.889118,0.892476,0.829468,0.868407,0.840840,0.861680,0.826271,0.836101,0.826554,0.884980,0.878857,0.815051,0.864089,0.851687,0.881033,0.834793,0.876137,0.874139,0.881643,0.872080,0.894654,0.876280,0.839532,0.892165
0.858715,0.879754,0.872395,0.878270,0.865673,0.875775,0.826623,0.845818,0.852711,0.842215,0.858027,0.869106,0.874074,0.811615,0.897918,0.873304,0.842777,0.838385,0.798820,0.866981,0.896313,0.830412,0.791790,0.872612,0.852779,0.908008,0.888391,0.842980,0.867043,0.853080,0.916114,0.878411,0.806036,0.821773,0.885460,0.818309,0.860849,0.828877,0.820721,0.884415,0.865943,0.870255,0.863802,0.831470,0.909106,0.858477,0.851955,0.846115,0.857628,0.824910,0.846216,0.864008,0.794513,0.852143,0.839471,0.874512,0.849992,0.876494,0.890446,0.872099,0.841221,0.849872,0.856191,0.852711,0.848329,0.895335,0.884291,0.896884,0.860957,0.882482,0.829331,0.892696,0.875878,0.857580,0.877943,0.834188,0.854959,0.915678,0.893443,0.873314,0.876137,0.919539,0.901271,0.873538,0.895474,0.879838,0.872160,0.873157,0.889368,0.925073,0.902599,0.878793,0.875074,0.890094,0.856348,0.899146,0.890033,0.841668,0.845870,0.845380,0.877210,0.890930,0.868326,0.838425,0.872076,0.890149,0.916171,0.851643,0.873029,0.868473,0.890708,0.824540,0.840356,0.827834,0.901562,0.894648,0.878422,0.709694,0.859948,0.844969,0.890855,0.878409,0.839264,0.870075,0.864463,0.893630,0.830017,0.879406,0.865564,0.854005,0.865087,0.874422,0.859091,0.871319,0.881951,0.860332,0.886804,0.920306,0.880066,0.851094,0.863886,0.839683,0.875754,0.877127,0.842117,0.899800,0.879823,0.846342,0.837264,0.838577,0.835882,0.899232,0.874343,0.864470,0.866130,0.884636,0.866811,0.858513,0.814189,0.864886,0.850126,0.870546,0.882365,0.862994,0.853561,0.862437,0.891333,0.889007,0.872150,0.859814,0.870204,0.843341,0.901877,0.846176,0.871288,0.877257,0.860852,0.888211,0.921083,0.827922,0.855550,0.871547,0.854319,0.835415,0.880626,0.884512,0.902510,0.889515,0.904814,0.859351,0.868140,0.840937,0.817514,0.849644,0.833018,0.864277,0.881331,0.835595,0.894315,0.834440,0.885210,0.892544,0.851264,0.844755,0.862766,0.851399,0.907492,0.855235,0.894668,0.841922,0.843081,0.906779,0.848346,0.873406,0.907680,0.883793,0.887639,0.901248,0.902808,0.854065,0.829071,0.878515,0.832771,0.899698,0.906412,0.923261,0.900538,0.872992,0.824050,0.854330,0.874483,0.839100,0.887246,0.815556,0.865005,1.000000,0.853695,0.902119,0.858995,0.853382,0.835091,0.863871,0.894367,0.881325,0.844059,0.868480,0.855052,0.888409,0.833164,0.857362,0.875499,0.877222,0.898837,0.843183,0.847086,0.849877,0.881480,0.901224,0.841649,0.898326,0.832841,0.915373,0.868022,0.895143,0.893416,0.886408,0.855465,0.887574,0.847826,0.860997,0.888421
0.873481,0.868613,0.887038,0.886774,0.885906,0.857123,0.839710,0.887948,0.839229,0.853078,0.878796,0.830787,0.886796,0.854783,0.851720,0.899414,0.900378,0.823678,0.856379,0.908647,0.870012,0.842543,0.825968,0.860222,0.890364,0.885785,0.871734,0.906607,0.851907,0.833981,0.890794,0.877079,0.881420,0.874197,0.886682,0.841584,0.880723,0.921998,0.808474,0.845531,0.920048,0.906123,0.887054,0.870402,0.915688,0.842282,0.865804,0.820918,0.823392,0.882856,0.884310,0.890854,0.810578,0.846622,0.832846,0.858899,0.866770,0.864878,0.900308,0.908651,0.858119,0.866592,0.924347,0.859705,0.898204,0.911236,0.864841,0.871361,0.868497,0.850729,0.870102,0.883488,0.851055,0.938597,0.868124,0.840960,0.865761,0.889793,0.866633,0.949810,0.901569,0.893669,0.870903,0.863764,0.841981,0.888441,0.866204,0.876403,0.870787,0.888855,0.838882,0.913666,0.903348,0.884200,0.863676,0.873774,0.874549,0.890365,0.894948,0.878945,0.849937,0.874192,0.920121,0.925831,0.852798,0.890772,0.864446,0.872198,0.901066,0.836340,0.842983,0.926667,0.898571,0.863294,0.853956,0.886624,0.840668,0.700221,0.877073,0.858811,0.881998,0.914734,0.822605,0.877463,0.862990,0.833171,0.871946,0.881641,0.850214,0.840204,0.835199,0.846879,0.885161,0.849044,0.908924,0.840124,0.860422,0.877370,0.843977,0.869726,0.910334,0.877730,0.874138,0.903185,0.860650,0.878983,0.873122,0.893194,0.845619,0.891090,0.862192,0.887540,0.914604,0.878436,0.854004,0.856924,0.842750,0.828664,0.853213,0.875564,0.854547,0.861214,0.847003,0.903901,0.899238,0.872667,0.911848,0.876829,0.908649,0.882096,0.831268,0.868975,0.851512,0.867198,0.879763,0.911767,0.904339,0.898199,0.896096,0.949110,0.874053,0.900349,0.839985,0.936933,0.912122,0.889762,0.842264,0.863000,0.891099,0.844840,0.848679,0.837025,0.885214,0.874365,0.888338,0.896798,0.883525,0.877511,0.889761,0.814778,0.872073,0.865394,0.880256,0.839346,0.856282,0.901816,0.862926,0.854063,0.905517,0.839823,0.809119,0.885587,0.864411,0.894959,0.871453,0.895488,0.872984,0.884385,0.790108,0.810170,0.927606,0.891079,0.873892,0.880414,0.881896,0.862872,0.885224,0.881423,0.824078,0.861593,0.903816,0.936813,0.816953,0.929938,0.918508,0.853695,1.000000,0.889683,0.862709,0.857772,0.868513,0.865722,0.835218,0.872807,0.897986,0.844224,0.826782,0.881048,0.908487,0.833028,0.891235,0.838028,0.854890,0.848328,0.840006,0.815522,0.884047,0.858484,0.807729,0.872926,0.834089,0.869403,0.817387,0.896899,0.862657,0.876509,0.871149,0.891206,0.865569,0.848351,0.879751
0.890650,0.864166,0.912968,0.886030,0.854176,0.849975,0.881827,0.850827,0.882208,0.837517,0.884934,0.857588,0.857379,0.860097,0.866179,0.934529,0.893660,0.810414,0.866929,0.926104,0.892970,0.819077,0.830538,0.899504,0.914757,0.918277,0.905248,0.899357,0.859206,0.839359,0.942900,0.899950,0.854678,0.844834,0.892972,0.855893,0.858658,0.875781,0.845814,0.881398,0.888763,0.926440,0.905948,0.877485,0.954399,0.866854,0.910947,0.811339,0.882810,0.859142,0.886380,0.882635,0.790330,0.812796,0.831691,0.908181,0.888400,0.886664,0.915845,0.876336,0.878362,0.872732,0.867335,0.861472,0.909026,0.864377,0.939180,0.874888,0.892733,0.873815,0.884578,0.868494,0.909123,0.840644,0.857331,0.857451,0.877993,0.964129,0.895311,0.867015,0.886871,0.946575,0.929990,0.850838,0.864055,0.928445,0.893019,0.902938,0.910035,0.932969,0.862980,0.919302,0.867101,0.912183,0.879509,0.905003,0.883598,0.885799,0.917714,0.885212,0.899078,0.928398,0.848058,0.873311,0.859406,0.875661,0.933332,0.868378,0.865362,0.854254,0.874273,0.854748,0.803048,0.846738,0.862982,0.929842,0.902108,0.722549,0.921105,0.886406,0.924190,0.899194,0.868772,0.926461,0.876839,0.817385,0.801397,0.903340,0.878787,0.820858,0.866715,0.898431,0.845954,0.913520,0.921303,0.844516,0.869454,0.904592,0.877395,0.901314,0.917452,0.894521,0.866202,0.925606,0.887210,0.926456,0.876334,0.846678,0.881321,0.878380,0.879310,0.892882,0.943640,0.875231,0.840009,0.870680,0.847501,0.863021,0.849405,0.858019,0.835821,0.862255,0.861736,0.848995,0.882358,0.899163,0.898333,0.883682,0.853483,0.856941,0.863292,0.855395,0.863190,0.850645,0.888878,0.872364,0.936394,0.961394,0.929977,0.840241,0.896214,0.864955,0.854615,0.837540,0.900564,0.897572,0.857976,0.895666,0.943900,0.894931,0.851012,0.875542,0.789546,0.854742,0.819517,0.884059,0.888221,0.890203,0.865705,0.828098,0.876349,0.871415,0.871125,0.820391,0.872077,0.873934,0.877714,0.859402,0.939757,0.881480,0.840291,0.903990,0.875498,0.874106,0.897748,0.880721,0.887141,0.881942,0.808725,0.848776,0.829865,0.882642,0.841467,0.920477,0.911582,0.892984,0.917999,0.872797,0.848473,0.901903,0.907014,0.849196,0.853867,0.805002,0.847946,0.902119,0.889683,1.000000,0.881588,0.861983,0.842352,0.871394,0.886714,0.907466,0.875354,0.867745,0.889210,0.885051,0.849428,0.888150,0.898057,0.890907,0.907169,0.872672,0.852925,0.866551,0.893842,0.921450,0.870984,0.922723,0.836133,0.882878,0.880718,0.907624,0.865375,0.880874,0.865847,0.893516,0.849368,0.864540,0.895213
0.862935,0.875367,0.885189,0.868444,0.816356,0.861959,0.831720,0.879863,0.861909,0.843982,0.874906,0.859367,0.859421,0.837640,0.877324,0.866398,0.855963,0.785191,0.810330,0.863822,0.863140,0.828305,0.817019,0.877227,0.883570,0.856110,0.872226,0.855322,0.855568,0.837292,0.894230,0.843504,0.814420,0.866767,0.869250,0.842917,0.846790,0.841514,0.840571,0.889690,0.860537,0.858517,0.883493,0.845893,0.890981,0.851578,0.866725,0.799843,0.859957,0.797271,0.876699,0.889897,0.760917,0.833766,0.875471,0.886792,0.840578,0.881718,0.864901,0.879574,0.851403,0.843981,0.854299,0.864393,0.837309,0.852655,0.890137,0.856761,0.852307,0.849446,0.823021,0.856701,0.843548,0.845422,0.860192,0.917404,0.939376,0.890918,0.908007,0.855678,0.861757,0.881462,0.872337,0.821105,0.841421,0.889452,0.882767,0.887058,0.863683,0.880838,0.878374,0.877934,0.830598,0.876616,0.894955,0.880666,0.874298,0.858046,0.845665,0.848589,0.863658,0.900688,0.862762,0.870694,0.881129,0.867144,0.884384,0.846400,0.866032,0.883831,0.860602,0.830653,0.822443,0.822878,0.888112,0.868063,0.867350,0.714486,0.875853,0.868395,0.891931,0.882700,0.860055,0.856524,0.910265,0.835253,0.806087,0.847765,0.903567,0.885915,0.880455,0.852798,0.839465,0.853980,0.871438,0.859315,0.858313,0.889148,0.867211,0.867095,0.887724,0.835454,0.863541,0.854968,0.849706,0.870404,0.844674,0.832969,0.852800,0.834595,0.843657,0.858587,0.874156,0.895824,0.855832,0.875690,0.876467,0.881383,0.820409,0.840775,0.846485,0.879155,0.892362,0.860120,0.892198,0.966644,0.892865,0.868670,0.852818,0.874468,0.853949,0.897079,0.854888,0.874842,0.875009,0.855178,0.879691,0.886242,0.871159,0.846684,0.876957,0.899098,0.892669,0.838822,0.852669,0.896830,0.824785,0.897515,0.880074,0.862695,0.869917,0.849173,0.799045,0.858919,0.813788,0.878229,0.872524,0.856538,0.853601,0.824944,0.839835,0.889278,0.860249,0.816586,0.882208,0.869689,0.849533,0.883017,0.896759,0.877160,0.874098,0.893052,0.871243,0.903134,0.899245,0.867297,0.913882,0.875682,0.827946,0.850055,0.824346,0.887747,0.835229,0.892389,0.865701,0.872012,0.900279,0.852352,0.810186,0.838493,0.851339,0.837617,0.888165,0.809251,0.852984,0.858995,0.862709,0.881588,1.000000,0.891409,0.918833,0.846270,0.880930,0.880780,0.837067,0.897490,0.877173,0.905866,0.834417,0.866982,0.936549,0.874791,0.880655,0.847222,0.824399,0.873303,0.881007,0.880073,0.857009,0.879540,0.884629,0.853426,0.891266,0.874293,0.878082,0.886544,0.873396,0.886287,0.843543,0.902024,0.886314
0.845098,0.873182,0.860374,0.851904,0.832055,0.861900,0.831462,0.879302,0.850280,0.848373,0.865839,0.845398,0.846882,0.823306,0.878864,0.864603,0.836757,0.796112,0.802096,0.869355,0.860190,0.816585,0.828743,0.866426,0.903519,0.864569,0.874872,0.848092,0.833260,0.838585,0.884943,0.865643,0.832475,0.843990,0.898903,0.848035,0.861810,0.845449,0.805693,0.849514,0.871289,0.856193,0.884143,0.870779,0.873478,0.815133,0.841626,0.793371,0.855440,0.829119,0.908848,0.884111,0.773097,0.828475,0.862926,0.880588,0.835338,0.871660,0.844251,0.904282,0.842014,0.831293,0.837801,0.840562,0.860151,0.850048,0.855521,0.853122,0.838831,0.849739,0.839812,0.870655,0.826498,0.838500,0.831735,0.896471,0.899461,0.876019,0.886903,0.843122,0.855792,0.875759,0.900624,0.818506,0.823961,0.869855,0.859048,0.870280,0.870774,0.874198,0.847878,0.870821,0.833692,0.872594,0.855712,0.845382,0.865145,0.860368,0.839151,0.839500,0.860860,0.868022,0.857915,0.851885,0.877299,0.876287,0.872438,0.832111,0.867113,0.885140,0.856348,0.865361,0.841878,0.815777,0.870547,0.854094,0.830179,0.686268,0.861154,0.854387,0.874639,0.901780,0.835291,0.845515,0.876292,0.838951,0.793842,0.836789,0.853502,0.864649,0.867520,0.829514,0.857923,0.837628,0.859742,0.873569,0.848522,0.875782,0.830165,0.844745,0.865103,0.818002,0.864806,0.873540,0.823644,0.883194,0.841048,0.832522,0.838385,0.830730,0.863177,0.846411,0.851401,0.890055,0.883466,0.854666,0.846997,0.855811,0.835430,0.849921,0.825486,0.859082,0.850263,0.849323,0.871279,0.893580,0.894173,0.896304,0.838139,0.896504,0.838817,0.897608,0.862885,0.889603,0.882569,0.850948,0.834422,0.877094,0.875509,0.865595,0.894523,0.895297,0.897172,0.841554,0.861924,0.889918,0.832026,0.860968,0.896028,0.856411,0.863871,0.847256,0.797506,0.892626,0.836005,0.916278,0.862762,0.849833,0.860961,0.820368,0.815004,0.882151,0.864460,0.839783,0.912517,0.870336,0.828338,0.880235,0.875514,0.847961,0.856155,0.908815,0.880189,0.951735,0.888448,0.914148,0.901399,0.878801,0.830485,0.843650,0.828995,0.899776,0.841555,0.913518,0.868749,0.873751,0.880609,0.893516,0.813271,0.817914,0.856641,0.839250,0.897810,0.833874,0.872461,0.853382,0.857772,0.861983,0.891409,1.000001,0.877262,0.865058,0.884704,0.884579,0.838452,0.865413,0.848006,0.889856,0.856647,0.896905,0.905315,0.868082,0.880391,0.846074,0.838531,0.825481,0.892886,0.853600,0.825143,0.897957,0.864059,0.843802,0.846532,0.870172,0.858982,0.892240,0.890702,0.893438,0.849585,0.895911,0.874771
0.836958,0.877319,0.881465,0.857083,0.837434,0.866001,0.814398,0.883220,0.834817,0.830430,0.874436,0.828063,0.864454,0.810930,0.862674,0.841496,0.848656,0.802986,0.796414,0.828338,0.845771,0.832769,0.790886,0.820133,0.872863,0.821068,0.848000,0.826674,0.840340,0.816263,0.865369,0.848081,0.796488,0.866998,0.853293,0.810322,0.834573,0.834019,0.805828,0.842748,0.825482,0.825348,0.860460,0.821521,0.857722,0.824000,0.863944,0.807161,0.831251,0.775299,0.876482,0.852917,0.799710,0.837291,0.857463,0.870191,0.801835,0.875938,0.833984,0.875416,0.805646,0.826296,0.848417,0.862420,0.808010,0.860442,0.851070,0.846537,0.841057,0.824296,0.795875,0.849723,0.817696,0.862436,0.852028,0.902211,0.952004,0.849985,0.880149,0.850737,0.849433,0.852752,0.848213,0.826797,0.828531,0.872624,0.841912,0.887853,0.831483,0.847435,0.850342,0.865073,0.841146,0.862684,0.904704,0.847627,0.864735,0.803963,0.806017,0.832583,0.819103,0.871222,0.877565,0.863750,0.878096,0.881363,0.863176,0.842723,0.860133,0.839858,0.845981,0.818257,0.843806,0.786817,0.875626,0.830480,0.827112,0.719178,0.877072,0.832527,0.861656,0.856695,0.815050,0.840328,0.923023,0.825488,0.835375,0.817164,0.886319,0.872109,0.870943,0.840716,0.851040,0.831193,0.865458,0.846885,0.851401,0.851848,0.839557,0.829022,0.839259,0.793604,0.872992,0.821750,0.817975,0.852043,0.835069,0.841860,0.816059,0.813560,0.859016,0.834668,0.854253,0.882352,0.851249,0.844606,0.841455,0.863431,0.799009,0.830556,0.858549,0.853283,0.861167,0.876219,0.891330,0.933586,0.866310,0.834673,0.862035,0.866485,0.822389,0.897700,0.836533,0.864841,0.852349,0.861890,0.859128,0.858213,0.839409,0.863731,0.870813,0.908476,0.874233,0.867970,0.846877,0.875736,0.816956,0.858187,0.864474,0.846682,0.848183,0.812456,0.843092,0.858253,0.815968,0.877589,0.828640,0.829156,0.852148,0.811945,0.834602,0.859439,0.843843,0.811770,0.841766,0.852438,0.850923,0.869284,0.862488,0.865042,0.849687,0.869043,0.840850,0.897618,0.862934,0.852189,0.889410,0.864242,0.810050,0.863541,0.854060,0.862238,0.822266,0.859415,0.847112,0.842128,0.873875,0.865327,0.786316,0.788015,0.822972,0.863904,0.868597,0.850026,0.864251,0.835091,0.868513,0.842352,0.918833,0.877262,1.000000,0.824259,0.855938,0.847249,0.820924,0.854237,0.874573,0.874277,0.836474,0.852111,0.917466,0.859632,0.866354,0.810680,0.799095,0.864255,0.864415,0.857924,0.848444,0.855167,0.889212,0.854067,0.848033,0.851180,0.867786,0.860245,0.871124,0.883803,0.807704,0.894164,0.853024
0.914129,0.875495,0.867394,0.902307,0.883471,0.894431,0.851986,0.825106,0.872098,0.852333,0.868266,0.890585,0.894382,0.852354,0.894618,0.882539,0.867061,0.805734,0.858038,0.893034,0.897252,0.835119,0.906186,0.892550,0.904444,0.879648,0.873222,0.871196,0.885464,0.891984,0.892211,0.849066,0.902120,0.847004,0.897991,0.896209,0.886939,0.851661,0.865306,0.896111,0.904475,0.903697,0.920797,0.920850,0.903531,0.855011,0.826875,0.810034,0.881618,0.844211,0.872730,0.896318,0.803392,0.820680,0.853158,0.908620,0.843280,0.916749,0.859778,0.878881,0.904133,0.855015,0.893551,0.879894,0.867057,0.883518,0.886111,0.871218,0.925577,0.901203,0.861758,0.897902,0.815474,0.855291,0.885101,0.832796,0.850654,0.876633,0.876037,0.892292,0.885607,0.874601,0.878815,0.847386,0.865476,0.852492,0.889717,0.845867,0.913197,0.888675,0.873128,0.887692,0.859386,0.891426,0.855649,0.882553,0.860269,0.867884,0.859941,0.857628,0.905643,0.861157,0.856321,0.886557,0.856598,0.874639,0.864248,0.850505,0.863105,0.877371,0.847141,0.852641,0.821121,0.823209,0.867528,0.841300,0.850120,0.692493,0.846655,0.918941,0.898783,0.893560,0.894449,0.867908,0.833898,0.840847,0.826170,0.899446,0.895129,0.849103,0.874132,0.858210,0.846658,0.849993,0.850175,0.884995,0.863260,0.889760,0.869231,0.925750,0.909523,0.823780,0.897247,0.858542,0.895967,0.888505,0.883655,0.864612,0.883681,0.878039,0.853008,0.867253,0.871445,0.839261,0.834662,0.886074,0.875850,0.898162,0.934709,0.854923,0.806494,0.876148,0.874187,0.870988,0.837903,0.854762,0.868423,0.889358,0.873802,0.845237,0.862405,0.838318,0.873799,0.896576,0.848245,0.871989,0.840735,0.873031,0.887896,0.857971,0.893625,0.889510,0.872390,0.862178,0.876367,0.865940,0.854728,0.896621,0.891816,0.915681,0.887421,0.909710,0.820975,0.849047,0.868870,0.866167,0.919044,0.912202,0.903453,0.783192,0.868306,0.895620,0.862472,0.862948,0.851233,0.843778,0.865168,0.866656,0.891339,0.845228,0.817546,0.888659,0.944308,0.881747,0.884708,0.858096,0.879028,0.883311,0.826721,0.833611,0.862727,0.875365,0.826082,0.868508,0.884705,0.884459,0.904118,0.854263,0.923197,0.812657,0.886765,0.858734,0.864749,0.837543,0.852331,0.863871,0.865722,0.871394,0.846270,0.865058,0.824259,1.000000,0.880627,0.936713,0.842117,0.869204,0.875062,0.889259,0.887319,0.886108,0.866536,0.910889,0.900094,0.940137,0.927457,0.830187,0.845437,0.850450,0.876042,0.867223,0.812765,0.885651,0.865133,0.900313,0.905014,0.896211,0.868628,0.899215,0.822386,0.853334,0.843690
0.878645,0.892404,0.851773,0.892216,0.850251,0.894830,0.849042,0.848259,0.862894,0.865222,0.887425,0.857380,0.878299,0.807411,0.895407,0.863613,0.837076,0.809594,0.792947,0.850479,0.901271,0.842780,0.814197,0.855901,0.872882,0.881140,0.852014,0.830736,0.850553,0.865072,0.904806,0.846305,0.813693,0.823132,0.894129,0.863752,0.871704,0.810469,0.809995,0.871936,0.865955,0.871730,0.872896,0.862976,0.890203,0.861232,0.874665,0.814937,0.859083,0.796657,0.877262,0.882346,0.835757,0.830893,0.869454,0.913773,0.836359,0.917007,0.865373,0.869149,0.823360,0.857669,0.858383,0.902036,0.832394,0.878536,0.876695,0.906521,0.854006,0.888726,0.819376,0.895754,0.834660,0.852358,0.884623,0.869444,0.895526,0.893657,0.898468,0.851210,0.875087,0.911243,0.895185,0.858707,0.875020,0.881425,0.890955,0.867399,0.886790,0.905635,0.896853,0.869310,0.837527,0.916153,0.872769,0.884361,0.894683,0.835829,0.828440,0.853072,0.866987,0.878933,0.852074,0.839606,0.896063,0.878262,0.905596,0.859946,0.881409,0.910636,0.874921,0.828693,0.832225,0.836419,0.891662,0.847967,0.885706,0.703915,0.884025,0.843986,0.919451,0.894642,0.834163,0.885203,0.879275,0.871174,0.816013,0.868714,0.887803,0.865147,0.910601,0.895705,0.855360,0.879489,0.875317,0.896685,0.910977,0.882733,0.874824,0.856383,0.858225,0.809112,0.903012,0.857763,0.851902,0.901625,0.882230,0.844700,0.825306,0.836135,0.842139,0.874235,0.860615,0.871231,0.851365,0.901433,0.878109,0.864310,0.829168,0.852925,0.846148,0.872101,0.885203,0.859855,0.880757,0.890208,0.867007,0.887012,0.884289,0.863081,0.891327,0.873882,0.890484,0.885721,0.843152,0.884427,0.851210,0.883218,0.890264,0.832215,0.867171,0.897898,0.891442,0.830739,0.879587,0.895396,0.852635,0.892087,0.900430,0.866544,0.872121,0.849066,0.801938,0.877078,0.836610,0.877908,0.893819,0.844747,0.898892,0.829014,0.857744,0.893735,0.861369,0.855999,0.869302,0.828567,0.907988,0.876967,0.870748,0.869801,0.892292,0.927510,0.876135,0.897497,0.917435,0.864063,0.891846,0.902326,0.864485,0.866899,0.833087,0.879478,0.836859,0.880867,0.909773,0.919696,0.913684,0.859486,0.822682,0.826579,0.877641,0.836693,0.888384,0.817529,0.868334,0.894367,0.835218,0.886714,0.880930,0.884704,0.855938,0.880627,1.000000,0.883035,0.839300,0.876267,0.868039,0.893667,0.852112,0.880576,0.885912,0.877762,0.933557,0.850975,0.840552,0.879150,0.883845,0.893271,0.846919,0.881849,0.880758,0.904703,0.857153,0.878128,0.890476,0.895241,0.896793,0.878914,0.854821,0.903840,0.877062
0.919808,0.870468,0.890995,0.902536,0.870150,0.883752,0.881055,0.846752,0.899976,0.846938,0.885868,0.938482,0.878267,0.892641,0.908622,0.905330,0.861234,0.802908,0.863664,0.913514,0.918105,0.823706,0.924132,0.929603,0.926538,0.897643,0.901342,0.892253,0.911296,0.889061,0.921323,0.863910,0.893451,0.844645,0.917914,0.919019,0.891418,0.858247,0.892673,0.893324,0.905282,0.910796,0.928339,0.931218,0.929342,0.898020,0.857142,0.820865,0.932878,0.867402,0.888988,0.900218,0.794366,0.836906,0.867285,0.918987,0.857486,0.910436,0.882252,0.883180,0.922209,0.881630,0.893356,0.872992,0.876561,0.893494,0.912504,0.863676,0.926905,0.907949,0.882987,0.894875,0.848524,0.870821,0.882943,0.879541,0.871992,0.913468,0.906965,0.888555,0.911183,0.898174,0.890112,0.857803,0.857702,0.875991,0.929662,0.882469,0.900325,0.912459,0.887341,0.889335,0.869955,0.906216,0.869631,0.905715,0.897868,0.891953,0.873902,0.865741,0.929720,0.897389,0.873693,0.880877,0.867298,0.880453,0.903727,0.864717,0.883755,0.882534,0.847987,0.879525,0.833005,0.838069,0.898228,0.873293,0.884855,0.680061,0.878456,0.963148,0.908518,0.920287,0.942785,0.900455,0.862643,0.856698,0.824147,0.902825,0.895137,0.857106,0.889015,0.893385,0.860272,0.880571,0.871837,0.880700,0.861256,0.915715,0.882285,0.959610,0.911861,0.846904,0.886688,0.884754,0.896825,0.889131,0.891828,0.856321,0.916665,0.881743,0.871494,0.881692,0.885091,0.878066,0.854621,0.890555,0.890000,0.924092,0.934124,0.888099,0.833254,0.892852,0.859873,0.873146,0.866690,0.879724,0.891529,0.896414,0.878058,0.881056,0.891229,0.873884,0.882712,0.899503,0.872285,0.885104,0.876115,0.901169,0.910664,0.865697,0.923083,0.900846,0.903538,0.852237,0.897417,0.881115,0.857915,0.925401,0.913000,0.933973,0.895228,0.959396,0.819231,0.884120,0.866046,0.882787,0.914155,0.928548,0.896504,0.808034,0.877202,0.905891,0.888693,0.860919,0.879919,0.867827,0.868782,0.885501,0.926232,0.867902,0.862905,0.889085,0.947469,0.896304,0.920815,0.883523,0.918199,0.887162,0.841735,0.840868,0.844923,0.899110,0.836240,0.893069,0.906281,0.886747,0.903148,0.869140,0.933895,0.842336,0.882506,0.851075,0.881594,0.830056,0.867856,0.881325,0.872807,0.907466,0.880780,0.884579,0.847249,0.936713,0.883035,1.000000,0.858976,0.899330,0.885071,0.911963,0.871953,0.896468,0.894684,0.946324,0.907721,0.942646,0.940434,0.849256,0.883030,0.900920,0.893570,0.890359,0.847011,0.883994,0.907649,0.929798,0.894049,0.907180,0.864276,0.902906,0.843937,0.872119,0.878227
0.855174,0.863792,0.877943,0.865474,0.863742,0.824516,0.839206,0.874156,0.848506,0.865961,0.844107,0.837846,0.863138,0.866459,0.855390,0.878870,0.851375,0.789012,0.829551,0.892049,0.854497,0.835174,0.804767,0.840746,0.850576,0.864983,0.860949,0.861506,0.819093,0.834889,0.877704,0.866351,0.831146,0.850858,0.861578,0.830232,0.871493,0.870015,0.790543,0.814770,0.902961,0.882299,0.849552,0.859216,0.887901,0.840837,0.827986,0.777978,0.825977,0.884652,0.849402,0.864691,0.777526,0.862786,0.834568,0.847798,0.865681,0.846086,0.884779,0.880677,0.839531,0.851521,0.888679,0.841978,0.882425,0.874480,0.839526,0.841170,0.849755,0.830202,0.854551,0.850820,0.835266,0.893683,0.845677,0.831536,0.829651,0.869531,0.852501,0.889418,0.864535,0.856320,0.871285,0.865177,0.820116,0.853930,0.848526,0.863072,0.867954,0.881270,0.821640,0.889063,0.886999,0.873500,0.869924,0.840721,0.855275,0.870144,0.882512,0.912234,0.835960,0.870549,0.898585,0.935341,0.858204,0.856176,0.843389,0.867165,0.873614,0.828724,0.845379,0.870324,0.875038,0.926917,0.871765,0.862458,0.835948,0.692444,0.836201,0.851060,0.851164,0.921063,0.824456,0.865113,0.859648,0.830671,0.825421,0.869014,0.824887,0.858584,0.828400,0.830376,0.923212,0.845133,0.901370,0.843019,0.830199,0.869702,0.840976,0.859670,0.886485,0.879473,0.851963,0.869637,0.841146,0.880532,0.866011,0.875959,0.812667,0.841074,0.838885,0.842047,0.879438,0.883374,0.869896,0.861996,0.860471,0.818073,0.833614,0.864865,0.853591,0.882921,0.826377,0.880852,0.865444,0.839242,0.886660,0.896319,0.874596,0.884246,0.832969,0.870506,0.832545,0.868043,0.867188,0.871741,0.870090,0.877053,0.883838,0.897902,0.832396,0.870423,0.858003,0.888689,0.890033,0.835756,0.849446,0.853130,0.880960,0.835216,0.824876,0.841234,0.836722,0.859775,0.850790,0.873700,0.839949,0.849909,0.856251,0.847434,0.818951,0.848819,0.952195,0.819264,0.849578,0.847832,0.836165,0.861261,0.868526,0.806172,0.821817,0.860541,0.841417,0.862615,0.869842,0.884876,0.847074,0.884321,0.797701,0.780629,0.881649,0.909620,0.950766,0.879280,0.839902,0.858243,0.880149,0.903125,0.818153,0.845531,0.890368,0.887000,0.805916,0.850346,0.890949,0.844059,0.897986,0.875354,0.837067,0.838452,0.820924,0.842117,0.839300,0.858976,1.000000,0.827451,0.794031,0.904476,0.858993,0.835450,0.849935,0.827276,0.828613,0.841409,0.834208,0.800283,0.885525,0.838182,0.787865,0.870184,0.813003,0.855245,0.803606,0.887676,0.816186,0.896070,0.834577,0.860775,0.952554,0.803744,0.928885
0.856967,0.856034,0.880775,0.903352,0.815739,0.880714,0.829557,0.840757,0.857339,0.826657,0.873543,0.898967,0.877659,0.806593,0.911362,0.870217,0.857276,0.790476,0.819325,0.857179,0.866224,0.812938,0.829867,0.882418,0.876750,0.851893,0.871404,0.862634,0.915953,0.833459,0.878416,0.844833,0.831056,0.853525,0.859640,0.850707,0.846666,0.854110,0.818489,0.893194,0.874541,0.867432,0.891454,0.862319,0.894363,0.862734,0.843401,0.799552,0.848277,0.797886,0.864319,0.901405,0.787084,0.802348,0.847438,0.852041,0.829547,0.880385,0.865205,0.890705,0.847304,0.854298,0.881171,0.864765,0.836028,0.880677,0.869246,0.857763,0.858894,0.880875,0.840436,0.894862,0.820042,0.843242,0.875740,0.865938,0.857882,0.883285,0.891554,0.859932,0.878767,0.863571,0.858474,0.826251,0.841554,0.850056,0.888141,0.873183,0.877699,0.903765,0.895425,0.878223,0.851247,0.869261,0.865183,0.873695,0.887902,0.867156,0.844582,0.843794,0.876983,0.904078,0.861053,0.856450,0.862288,0.850733,0.878797,0.836840,0.845720,0.904841,0.837426,0.831984,0.795082,0.821611,0.908431,0.842621,0.844910,0.698713,0.851084,0.872057,0.865699,0.882636,0.860781,0.854778,0.888824,0.848953,0.807591,0.845817,0.870092,0.870061,0.880927,0.860495,0.831858,0.844491,0.847256,0.854275,0.840970,0.914067,0.919745,0.890152,0.906999,0.818625,0.879530,0.856373,0.823406,0.855882,0.855956,0.839969,0.856450,0.835700,0.853021,0.875814,0.858590,0.889526,0.865048,0.876711,0.878570,0.847659,0.827654,0.878008,0.838199,0.860460,0.857918,0.874581,0.876992,0.895197,0.900514,0.873053,0.859640,0.870805,0.854930,0.853181,0.874873,0.862168,0.878929,0.859779,0.855112,0.877053,0.885519,0.840988,0.876775,0.908331,0.896512,0.824072,0.858420,0.892373,0.851012,0.914216,0.872593,0.845826,0.931817,0.879844,0.791587,0.870916,0.849594,0.885632,0.882760,0.850074,0.871858,0.828129,0.854586,0.932146,0.844523,0.858919,0.857821,0.838227,0.846570,0.865477,0.884644,0.855352,0.853510,0.897831,0.862725,0.879582,0.920721,0.872471,0.918365,0.871304,0.852292,0.840203,0.828989,0.866171,0.811301,0.883523,0.867789,0.872203,0.896427,0.874495,0.829691,0.823323,0.854515,0.829679,0.888475,0.818943,0.836090,0.868480,0.844224,0.867745,0.897490,0.865413,0.854237,0.869204,0.876267,0.899330,0.827451,1.000000,0.848070,0.919870,0.844316,0.894224,0.890545,0.878227,0.900015,0.875754,0.844416,0.879917,0.868495,0.868957,0.830836,0.898147,0.869485,0.864409,0.860128,0.879775,0.901792,0.886282,0.886004,0.900059,0.827271,0.856116,0.871317
0.873817,0.871292,0.874502,0.864819,0.805910,0.871535,0.829967,0.832335,0.887236,0.808534,0.856606,0.837068,0.847178,0.810058,0.860634,0.872129,0.848498,0.810504,0.830576,0.845433,0.851205,0.816476,0.821154,0.875536,0.895012,0.838548,0.879267,0.836880,0.834549,0.841898,0.904204,0.871268,0.811913,0.829817,0.846366,0.833755,0.839873,0.804073,0.855430,0.883036,0.837681,0.869323,0.903853,0.840546,0.886389,0.834251,0.873660,0.797561,0.888802,0.771278,0.857774,0.839643,0.787138,0.802410,0.845429,0.925646,0.818800,0.903895,0.839508,0.833099,0.851242,0.833323,0.831015,0.862578,0.827898,0.834567,0.936200,0.862645,0.900148,0.866496,0.827331,0.839650,0.865821,0.809975,0.861374,0.849702,0.909628,0.884742,0.885056,0.831632,0.849446,0.883286,0.874470,0.808657,0.863539,0.877909,0.877764,0.875120,0.850309,0.862199,0.865630,0.857367,0.833920,0.871584,0.881524,0.894537,0.841101,0.809074,0.822378,0.828396,0.879590,0.873724,0.826978,0.827105,0.876077,0.874525,0.886864,0.825805,0.845169,0.851130,0.877884,0.791861,0.779654,0.795914,0.850463,0.854219,0.867369,0.731884,0.893817,0.863114,0.887043,0.836243,0.860057,0.860735,0.863230,0.810068,0.794959,0.858603,0.895419,0.820457,0.875502,0.860161,0.814110,0.855678,0.856443,0.862347,0.866803,0.854451,0.843662,0.879025,0.852245,0.814704,0.864343,0.843151,0.858701,0.872140,0.837815,0.815889,0.902028,0.829006,0.870097,0.870317,0.867759,0.838281,0.812745,0.865584,0.849532,0.927031,0.844547,0.823119,0.810166,0.852029,0.881408,0.827927,0.846556,0.894134,0.844621,0.823532,0.825386,0.827886,0.846725,0.851481,0.857969,0.864237,0.837336,0.847712,0.866104,0.881575,0.860107,0.798824,0.915714,0.862584,0.844841,0.816753,0.827355,0.870947,0.813327,0.876592,0.888904,0.916943,0.848382,0.847402,0.774182,0.816922,0.798549,0.852118,0.848956,0.867414,0.842684,0.800505,0.842645,0.851314,0.824484,0.806638,0.844843,0.831085,0.870003,0.868322,0.893126,0.881251,0.813853,0.871509,0.889661,0.868390,0.867715,0.823323,0.865594,0.848664,0.809035,0.871220,0.818015,0.858571,0.794205,0.862816,0.878038,0.854178,0.885206,0.834529,0.841883,0.814151,0.846312,0.827922,0.867960,0.786680,0.817842,0.855052,0.826782,0.889210,0.877173,0.848006,0.874573,0.875062,0.868039,0.885071,0.794031,0.848070,1.000000,0.862958,0.807250,0.887675,0.885175,0.916162,0.898816,0.863982,0.843457,0.867490,0.831880,0.884203,0.960921,0.862167,0.832340,0.866798,0.922386,0.876883,0.883578,0.862975,0.843355,0.879998,0.785975,0.886419,0.825866
0.890814,0.907092,0.880788,0.912607,0.862822,0.893286,0.832187,0.885312,0.875795,0.882538,0.889318,0.891784,0.898797,0.881596,0.913293,0.883152,0.858787,0.813001,0.828844,0.878844,0.880615,0.849412,0.851357,0.888369,0.874330,0.881263,0.894087,0.866152,0.928708,0.862541,0.919017,0.879593,0.851599,0.854589,0.901478,0.868164,0.889427,0.867738,0.841727,0.897244,0.906132,0.887023,0.895812,0.888973,0.913936,0.903155,0.830887,0.807589,0.869407,0.842650,0.863242,0.907323,0.809088,0.860789,0.891028,0.895446,0.851157,0.891500,0.868563,0.898434,0.860382,0.856853,0.898182,0.883574,0.865818,0.901587,0.889583,0.884437,0.876572,0.877164,0.853789,0.907775,0.842955,0.896734,0.889045,0.876432,0.890726,0.908168,0.906161,0.891377,0.889555,0.890404,0.882304,0.865482,0.871071,0.887537,0.910693,0.906195,0.899080,0.917540,0.910873,0.886969,0.874745,0.888004,0.912898,0.880407,0.895736,0.872818,0.860784,0.895175,0.865983,0.900697,0.904763,0.906730,0.900100,0.878061,0.896098,0.852102,0.893297,0.905060,0.891509,0.866327,0.856039,0.874309,0.924837,0.872925,0.861237,0.689348,0.850436,0.894397,0.896314,0.921604,0.873120,0.881972,0.894023,0.886681,0.840463,0.870064,0.884848,0.910663,0.899053,0.887885,0.891541,0.861180,0.880307,0.887452,0.887224,0.928861,0.902755,0.903359,0.905301,0.846613,0.894088,0.877313,0.855508,0.887124,0.891280,0.864169,0.862207,0.865489,0.859730,0.879181,0.885970,0.893978,0.893135,0.937480,0.912756,0.890120,0.861975,0.872019,0.837225,0.928823,0.877725,0.900541,0.905493,0.896864,0.921263,0.911798,0.882068,0.888263,0.884934,0.880063,0.904354,0.896531,0.887073,0.885741,0.868550,0.904516,0.905842,0.886715,0.872482,0.921300,0.901613,0.875212,0.884565,0.900123,0.871497,0.927218,0.906175,0.880723,0.921326,0.885373,0.829973,0.872506,0.869296,0.896494,0.901438,0.874561,0.895041,0.839577,0.841540,0.921893,0.913832,0.869140,0.871081,0.856102,0.878983,0.906847,0.899157,0.841414,0.857213,0.904897,0.898907,0.907373,0.922642,0.893340,0.917810,0.911347,0.855638,0.839145,0.869189,0.922446,0.892441,0.907221,0.894083,0.897330,0.926168,0.911123,0.845706,0.834592,0.879797,0.873999,0.901332,0.851958,0.889118,0.888409,0.881048,0.885051,0.905866,0.889856,0.874277,0.889259,0.893667,0.911963,0.904476,0.919870,0.862958,1.000000,0.858031,0.882814,0.903411,0.893144,0.898096,0.884339,0.869182,0.865506,0.888055,0.886443,0.862072,0.896183,0.866388,0.885707,0.872038,0.901562,0.902217,0.945176,0.886876,0.907302,0.905338,0.868368,0.915558
0.872632,0.873464,0.855506,0.889445,0.883867,0.864365,0.843616,0.857599,0.807515,0.861231,0.881821,0.844192,0.878738,0.824559,0.866762,0.857928,0.852753,0.819822,0.821516,0.870614,0.890889,0.842278,0.834857,0.833603,0.876298,0.875011,0.842991,0.878947,0.830962,0.861841,0.860564,0.828592,0.877695,0.859356,0.877654,0.854862,0.873345,0.882482,0.803585,0.848502,0.901162,0.877430,0.898346,0.878514,0.864874,0.818122,0.826970,0.841205,0.816826,0.853243,0.852471,0.870932,0.820889,0.831353,0.838016,0.865077,0.819632,0.874499,0.855222,0.881003,0.842831,0.859641,0.891342,0.864736,0.848571,0.896294,0.842459,0.852833,0.858262,0.854289,0.834863,0.890688,0.776610,0.898726,0.841394,0.845164,0.829588,0.842160,0.838506,0.913229,0.899087,0.858324,0.843515,0.879521,0.827098,0.839409,0.829905,0.834928,0.860121,0.856232,0.827693,0.874199,0.872614,0.880196,0.830504,0.845799,0.863225,0.867099,0.851248,0.849805,0.849194,0.856886,0.900314,0.902343,0.833548,0.880350,0.831796,0.874993,0.877647,0.875512,0.823034,0.904452,0.852944,0.815088,0.854158,0.823040,0.820710,0.667346,0.838932,0.842745,0.871573,0.912866,0.829248,0.856718,0.835207,0.832356,0.866482,0.856077,0.850996,0.863412,0.821679,0.828164,0.862515,0.826932,0.863538,0.855444,0.854054,0.866999,0.864511,0.853908,0.885168,0.798145,0.869558,0.863946,0.856905,0.865130,0.853587,0.880621,0.822354,0.879832,0.826051,0.827703,0.860181,0.850781,0.850091,0.845174,0.849157,0.822972,0.855657,0.856268,0.810776,0.854715,0.849783,0.909139,0.871103,0.844724,0.874433,0.867685,0.908072,0.846531,0.817955,0.829433,0.838822,0.868574,0.828175,0.901829,0.853751,0.864936,0.870908,0.910234,0.861178,0.881306,0.849409,0.915121,0.889339,0.863592,0.827865,0.862400,0.863464,0.851183,0.850357,0.838973,0.860305,0.846434,0.887376,0.853017,0.871609,0.877371,0.906395,0.789046,0.866031,0.877179,0.843562,0.889112,0.864685,0.849487,0.847548,0.855753,0.873406,0.813771,0.812819,0.874039,0.875059,0.874401,0.893512,0.861292,0.846133,0.872955,0.808345,0.794672,0.909349,0.856144,0.833379,0.841597,0.865569,0.859386,0.870376,0.851517,0.826264,0.795147,0.880950,0.900873,0.834214,0.913170,0.892476,0.833164,0.908487,0.849428,0.834417,0.856647,0.836474,0.887319,0.852112,0.871953,0.858993,0.844316,0.807250,0.858031,1.000000,0.840252,0.855608,0.835401,0.858237,0.855809,0.844906,0.827711,0.870737,0.820370,0.790902,0.838839,0.829782,0.867239,0.796921,0.879629,0.855283,0.876551,0.880854,0.874217,0.825962,0.836441,0.853547
0.884764,0.866750,0.885580,0.861754,0.864096,0.868939,0.859151,0.841361,0.887242,0.838521,0.878850,0.879588,0.864563,0.849794,0.887177,0.899919,0.869620,0.791763,0.876741,0.898745,0.884711,0.833922,0.845083,0.873475,0.909810,0.879506,0.891594,0.873814,0.851793,0.892312,0.888164,0.862098,0.861685,0.865135,0.897057,0.876258,0.861903,0.840764,0.859643,0.857225,0.881414,0.885266,0.913661,0.888705,0.901580,0.834596,0.857204,0.793956,0.893463,0.845083,0.885736,0.862117,0.766311,0.816883,0.864322,0.892000,0.874511,0.887693,0.866477,0.904346,0.879079,0.873552,0.851971,0.851907,0.889645,0.845506,0.882416,0.843627,0.890513,0.876203,0.872267,0.885981,0.840719,0.810636,0.846025,0.881257,0.865626,0.883360,0.885897,0.837310,0.875377,0.872392,0.875723,0.816447,0.835201,0.842606,0.862194,0.859189,0.891594,0.896758,0.860206,0.881863,0.848052,0.876800,0.864079,0.865321,0.858627,0.884672,0.883637,0.861577,0.890440,0.892246,0.841430,0.855801,0.867246,0.856238,0.867492,0.835227,0.850227,0.868029,0.846417,0.844451,0.784981,0.826115,0.869958,0.857528,0.840109,0.743568,0.876608,0.875136,0.891052,0.887317,0.870273,0.861308,0.869521,0.820658,0.775506,0.892412,0.890094,0.850895,0.862940,0.840181,0.858804,0.859915,0.863937,0.868769,0.840797,0.893859,0.852709,0.892878,0.894928,0.851958,0.870909,0.887906,0.873908,0.878109,0.876195,0.830308,0.892527,0.870813,0.876395,0.847492,0.867061,0.873292,0.851037,0.859739,0.856369,0.869605,0.864566,0.863305,0.821457,0.872210,0.860407,0.829562,0.848061,0.876926,0.867521,0.886821,0.834457,0.862584,0.853950,0.859941,0.835477,0.876929,0.880392,0.829712,0.853967,0.884468,0.895113,0.826857,0.903464,0.887226,0.917209,0.822769,0.870352,0.885295,0.847080,0.898688,0.888166,0.900866,0.857394,0.883921,0.769166,0.860207,0.818565,0.896393,0.878996,0.880265,0.861203,0.824674,0.841122,0.871750,0.859828,0.838386,0.878489,0.857119,0.850724,0.869245,0.886974,0.856325,0.849240,0.889518,0.896055,0.887978,0.883337,0.878410,0.897120,0.876000,0.828619,0.857723,0.830201,0.872503,0.832256,0.889775,0.875468,0.873745,0.892790,0.885351,0.865886,0.839372,0.886587,0.827845,0.882657,0.801250,0.829468,0.857362,0.833028,0.888150,0.866982,0.896905,0.852111,0.886108,0.880576,0.896468,0.835450,0.894224,0.887675,0.882814,0.840252,1.000000,0.882807,0.903825,0.895822,0.898289,0.869359,0.847236,0.886820,0.856292,0.863973,0.911651,0.836507,0.864627,0.871861,0.894339,0.884783,0.889881,0.872472,0.899285,0.839450,0.853751,0.882251
0.877131,0.877617,0.896405,0.870570,0.836837,0.876677,0.836809,0.899611,0.850253,0.852774,0.895773,0.856929,0.869013,0.861702,0.874615,0.883011,0.879214,0.801404,0.843285,0.894381,0.871479,0.827378,0.838779,0.873665,0.908756,0.876329,0.878990,0.882993,0.872370,0.848986,0.909171,0.859941,0.855951,0.875340,0.892830,0.866409,0.872095,0.860786,0.850742,0.872792,0.893140,0.885743,0.901713,0.867590,0.905828,0.849435,0.882550,0.808967,0.860071,0.821708,0.894016,0.887691,0.782374,0.851385,0.865925,0.897263,0.858184,0.889072,0.888063,0.903730,0.871582,0.849651,0.863444,0.855172,0.874468,0.867486,0.902492,0.867602,0.867833,0.858558,0.844895,0.882820,0.853244,0.865023,0.852264,0.908837,0.931833,0.906045,0.925441,0.875366,0.872362,0.902716,0.896099,0.840906,0.860653,0.909866,0.870169,0.910585,0.879057,0.897470,0.877516,0.896519,0.851181,0.887227,0.890524,0.883785,0.883335,0.874300,0.872778,0.865232,0.870736,0.901626,0.872477,0.868807,0.877956,0.893244,0.894192,0.862145,0.873829,0.880591,0.864088,0.863815,0.836360,0.843230,0.878833,0.874645,0.865805,0.714202,0.897367,0.877902,0.912326,0.899005,0.865657,0.870122,0.907489,0.849160,0.822632,0.864298,0.904136,0.865870,0.873440,0.865240,0.865569,0.853479,0.892639,0.861477,0.876989,0.903377,0.857278,0.875885,0.887934,0.842333,0.872895,0.891221,0.863590,0.888329,0.848889,0.862063,0.873030,0.861121,0.877932,0.877757,0.887407,0.906786,0.847171,0.891325,0.866316,0.869045,0.848084,0.854617,0.842407,0.879112,0.888196,0.864389,0.904122,0.951034,0.884107,0.871139,0.866886,0.884297,0.850602,0.913138,0.866986,0.876788,0.868814,0.877201,0.889277,0.906428,0.888839,0.874137,0.895715,0.903542,0.896306,0.861570,0.875644,0.919195,0.828311,0.889016,0.910689,0.883797,0.876252,0.860395,0.802116,0.877954,0.846545,0.908532,0.878392,0.888669,0.880994,0.811863,0.865138,0.893959,0.866672,0.841010,0.881260,0.912479,0.862350,0.882803,0.917448,0.879440,0.868178,0.902780,0.893984,0.925930,0.892276,0.883870,0.924380,0.873014,0.830970,0.859557,0.844029,0.885775,0.846153,0.905644,0.882295,0.881232,0.907375,0.877529,0.822762,0.859947,0.872325,0.853678,0.882641,0.842337,0.868407,0.875499,0.891235,0.898057,0.936549,0.905315,0.917466,0.866536,0.885912,0.894684,0.849935,0.890545,0.885175,0.903411,0.855608,0.882807,1.000000,0.872575,0.895143,0.872896,0.853190,0.862291,0.900288,0.890689,0.854272,0.904489,0.874680,0.862047,0.885084,0.903556,0.890971,0.898496,0.899584,0.919805,0.854387,0.917780,0.890156
0.894815,0.871603,0.871422,0.882124,0.857542,0.874558,0.863030,0.850085,0.902382,0.820038,0.889059,0.916153,0.865533,0.874388,0.895832,0.882480,0.838228,0.798835,0.856308,0.879411,0.895904,0.816738,0.896311,0.897029,0.920317,0.872537,0.889673,0.859682,0.885094,0.882502,0.906079,0.865220,0.869429,0.848525,0.896354,0.899052,0.859964,0.833386,0.899565,0.882565,0.857297,0.869937,0.918591,0.892942,0.911263,0.887431,0.869243,0.813164,0.969609,0.827189,0.892430,0.883688,0.792547,0.827137,0.871531,0.918712,0.841168,0.906486,0.850746,0.870473,0.902149,0.881621,0.848076,0.870686,0.846634,0.858055,0.911732,0.852400,0.906653,0.888330,0.846043,0.877984,0.851681,0.836331,0.889278,0.867998,0.884911,0.887142,0.902308,0.849509,0.878231,0.879408,0.874816,0.832073,0.865907,0.858619,0.905945,0.866052,0.873241,0.880221,0.889234,0.862848,0.846415,0.884096,0.863505,0.890954,0.882275,0.854600,0.836798,0.831620,0.903477,0.880019,0.858085,0.847168,0.872853,0.874405,0.903530,0.841087,0.874628,0.871186,0.856066,0.836351,0.803874,0.798292,0.876191,0.861462,0.872552,0.705801,0.888758,0.921157,0.894818,0.893839,0.933592,0.882363,0.862558,0.835177,0.800841,0.885861,0.900918,0.837190,0.894707,0.880888,0.852963,0.890472,0.861950,0.874139,0.857667,0.893888,0.863199,0.929985,0.877300,0.833525,0.875076,0.863853,0.877177,0.868850,0.879066,0.844380,0.927157,0.848113,0.881662,0.867961,0.861314,0.869901,0.865602,0.873734,0.878037,0.939600,0.899459,0.874160,0.840750,0.883154,0.874982,0.853138,0.851463,0.872378,0.890809,0.879144,0.840647,0.877559,0.880968,0.874385,0.866279,0.868988,0.863409,0.860668,0.862899,0.876246,0.896780,0.826658,0.932502,0.892293,0.899698,0.825017,0.882338,0.869197,0.856155,0.905346,0.888004,0.939597,0.870795,0.922115,0.797922,0.878750,0.834760,0.870904,0.895611,0.905983,0.872754,0.825054,0.851775,0.887002,0.858117,0.831358,0.867156,0.855451,0.872481,0.863628,0.893891,0.891822,0.870210,0.869472,0.923161,0.882882,0.906400,0.862185,0.903178,0.871632,0.829092,0.861851,0.835320,0.865172,0.809273,0.879739,0.893846,0.874818,0.888159,0.859609,0.912781,0.829751,0.852779,0.829166,0.867811,0.795743,0.840840,0.877222,0.838028,0.890907,0.874791,0.868082,0.859632,0.910889,0.877762,0.946324,0.827276,0.878227,0.916162,0.893144,0.835401,0.903825,0.872575,1.000000,0.911012,0.919799,0.905761,0.868199,0.859215,0.897976,0.927867,0.884156,0.843241,0.883397,0.929849,0.914390,0.892815,0.898600,0.852520,0.895994,0.818487,0.855246,0.852322
0.896652,0.906012,0.883741,0.913140,0.870955,0.907051,0.873864,0.849478,0.903621,0.851058,0.893449,0.887022,0.893480,0.817201,0.900558,0.876189,0.870348,0.827136,0.832864,0.864705,0.902031,0.832043,0.843570,0.885272,0.913366,0.884690,0.885199,0.854820,0.872973,0.861325,0.925560,0.872797,0.835989,0.858865,0.898546,0.878569,0.876124,0.838409,0.856331,0.898029,0.877301,0.891100,0.907929,0.874201,0.912985,0.891839,0.881541,0.832690,0.872652,0.819322,0.907340,0.911585,0.846873,0.827009,0.877264,0.899620,0.835023,0.930182,0.872467,0.885605,0.868695,0.892921,0.865372,0.907807,0.856692,0.887673,0.903043,0.899802,0.888091,0.913829,0.842914,0.902652,0.850607,0.860846,0.905081,0.869871,0.890917,0.905378,0.914603,0.865859,0.892250,0.923649,0.902078,0.856423,0.881846,0.908000,0.901867,0.897135,0.904448,0.907724,0.915157,0.883578,0.860416,0.913316,0.880613,0.899767,0.905458,0.847263,0.843367,0.855378,0.887124,0.892104,0.864731,0.851861,0.891174,0.879864,0.934080,0.869909,0.878348,0.907498,0.875901,0.830496,0.825352,0.821273,0.894139,0.864102,0.882312,0.717902,0.907731,0.880965,0.936655,0.896104,0.872255,0.904255,0.867178,0.867195,0.834979,0.871712,0.911953,0.858631,0.940753,0.925358,0.847963,0.903808,0.899136,0.893313,0.919636,0.902446,0.893504,0.896892,0.885033,0.824521,0.905872,0.878162,0.867291,0.912123,0.874212,0.866017,0.857901,0.863340,0.880830,0.885791,0.893336,0.885784,0.858088,0.900780,0.883499,0.893005,0.856906,0.881397,0.852951,0.892937,0.900136,0.869335,0.881074,0.894517,0.888728,0.882951,0.876909,0.875103,0.896371,0.864671,0.894355,0.883639,0.859738,0.880467,0.889655,0.906034,0.906617,0.841238,0.893052,0.909061,0.881788,0.841247,0.886289,0.917100,0.874859,0.903819,0.918133,0.888534,0.894366,0.881363,0.809003,0.898649,0.857400,0.879548,0.913117,0.879787,0.898688,0.838345,0.874786,0.905865,0.849646,0.864392,0.872618,0.860709,0.908431,0.878477,0.903670,0.911465,0.880661,0.941506,0.901529,0.892261,0.921125,0.882054,0.905770,0.885935,0.868536,0.884053,0.844126,0.877160,0.831212,0.886642,0.929546,0.909383,0.921260,0.869364,0.864899,0.828041,0.868431,0.844297,0.892387,0.822483,0.861680,0.898837,0.854890,0.907169,0.880655,0.880391,0.866354,0.900094,0.933557,0.907721,0.828613,0.900015,0.898816,0.898096,0.858237,0.895822,0.895143,0.911012,1.000000,0.881927,0.871298,0.891078,0.872317,0.908756,0.882742,0.907644,0.875802,0.910025,0.878115,0.904626,0.918331,0.911548,0.907970,0.901125,0.823300,0.899670,0.869432
0.914115,0.837414,0.871054,0.875898,0.863035,0.854585,0.853506,0.818547,0.865726,0.839362,0.867027,0.905251,0.879853,0.899749,0.874562,0.891682,0.854753,0.765464,0.898609,0.907679,0.895109,0.795803,0.924357,0.902272,0.900634,0.885099,0.870975,0.884653,0.874608,0.896562,0.878336,0.835236,0.903751,0.849730,0.891814,0.932943,0.862600,0.836211,0.898013,0.869166,0.897940,0.894808,0.922978,0.929681,0.910767,0.855074,0.837440,0.773102,0.906770,0.861777,0.871976,0.887659,0.764682,0.808268,0.835372,0.887002,0.856021,0.882321,0.866958,0.881356,0.953319,0.882050,0.863930,0.835988,0.876303,0.843709,0.891881,0.817359,0.930364,0.895161,0.874949,0.879041,0.826451,0.828439,0.855791,0.843839,0.833009,0.870330,0.887390,0.860982,0.863295,0.863035,0.853228,0.807870,0.831019,0.823456,0.883260,0.835993,0.890575,0.886741,0.855798,0.876422,0.836727,0.859583,0.852648,0.854649,0.848869,0.904300,0.870774,0.856259,0.922899,0.858213,0.827411,0.872638,0.826873,0.842071,0.851585,0.836417,0.847320,0.856984,0.818672,0.863667,0.784616,0.821425,0.860229,0.851780,0.838049,0.702908,0.854362,0.944632,0.877258,0.896470,0.932953,0.859457,0.840612,0.802884,0.777181,0.915315,0.882142,0.829439,0.856553,0.844812,0.851444,0.846726,0.845611,0.871383,0.834772,0.876889,0.848300,0.941831,0.909504,0.847027,0.852649,0.887931,0.892906,0.849044,0.866833,0.856439,0.911103,0.882784,0.873776,0.836847,0.863595,0.848569,0.813719,0.864917,0.860205,0.882506,0.955950,0.862695,0.796248,0.872750,0.853835,0.838955,0.819024,0.846177,0.862673,0.889919,0.840564,0.853745,0.844599,0.849158,0.826478,0.873004,0.861005,0.834917,0.849391,0.872486,0.893456,0.845905,0.897369,0.878487,0.887181,0.833912,0.890618,0.862798,0.834469,0.898959,0.869593,0.917372,0.860106,0.945371,0.777774,0.855753,0.849750,0.866319,0.915326,0.944803,0.862448,0.785960,0.834341,0.873346,0.869397,0.829651,0.827664,0.862880,0.829271,0.851085,0.881438,0.845925,0.818585,0.857685,0.939521,0.866633,0.872706,0.860255,0.882505,0.860547,0.800037,0.824979,0.830230,0.871692,0.821619,0.876521,0.864580,0.855766,0.873006,0.862906,0.964325,0.838016,0.873267,0.829774,0.844566,0.804739,0.826271,0.843183,0.848328,0.872672,0.847222,0.846074,0.810680,0.940137,0.850975,0.942646,0.841409,0.875754,0.863982,0.884339,0.855809,0.898289,0.872896,0.919799,0.881927,1.000000,0.946482,0.824129,0.847529,0.844595,0.866927,0.880400,0.797714,0.851284,0.881961,0.916875,0.888689,0.890185,0.865047,0.904491,0.816280,0.820793,0.852640
0.912136,0.841982,0.852394,0.869178,0.880231,0.832283,0.870411,0.817036,0.862410,0.843292,0.845309,0.899848,0.866003,0.888974,0.867145,0.861905,0.840615,0.776466,0.892228,0.886577,0.902626,0.815579,0.939290,0.906817,0.883069,0.889938,0.873685,0.880349,0.861775,0.915546,0.875600,0.834807,0.904240,0.852259,0.895227,0.939779,0.883658,0.836466,0.930651,0.838042,0.893732,0.886389,0.906465,0.924918,0.891915,0.855449,0.810122,0.795959,0.898873,0.873574,0.847605,0.866328,0.771514,0.822444,0.848503,0.867212,0.848982,0.870441,0.857796,0.869309,0.949502,0.860265,0.859151,0.832730,0.858933,0.866255,0.859879,0.817483,0.907330,0.905719,0.887113,0.868528,0.819980,0.840010,0.851323,0.847426,0.812275,0.861417,0.879892,0.862871,0.856672,0.856000,0.843534,0.840099,0.818373,0.816157,0.886476,0.818357,0.865143,0.869894,0.845693,0.861924,0.848908,0.865223,0.840124,0.855805,0.859980,0.878858,0.857979,0.842937,0.914512,0.830223,0.845288,0.852471,0.830524,0.837793,0.859220,0.845582,0.863468,0.824054,0.800935,0.855615,0.804772,0.815928,0.851808,0.835016,0.837289,0.695327,0.826445,0.942537,0.877904,0.896845,0.939191,0.858348,0.818016,0.844093,0.797429,0.908055,0.877843,0.830331,0.845917,0.861796,0.847914,0.840297,0.834798,0.856874,0.839169,0.868845,0.833807,0.933611,0.879134,0.833029,0.855126,0.862628,0.910598,0.838758,0.884915,0.844243,0.902678,0.884531,0.853694,0.839400,0.834997,0.833534,0.829711,0.849323,0.847186,0.894831,0.963933,0.852505,0.805385,0.875153,0.835067,0.831836,0.817609,0.819490,0.843814,0.885073,0.852832,0.857943,0.855563,0.852318,0.816861,0.870075,0.858392,0.842804,0.821065,0.846224,0.885799,0.851120,0.889526,0.864052,0.879934,0.839097,0.884871,0.839490,0.843108,0.888403,0.869619,0.919207,0.839062,0.937184,0.785433,0.849248,0.852057,0.856741,0.907168,0.948967,0.875269,0.793918,0.854369,0.857993,0.875561,0.832842,0.833648,0.854485,0.845659,0.839158,0.868768,0.819536,0.827877,0.844051,0.932133,0.861220,0.854809,0.859950,0.882367,0.872113,0.814216,0.809403,0.838922,0.881126,0.816999,0.855909,0.875839,0.856148,0.854906,0.842320,0.958857,0.817530,0.864567,0.831152,0.824635,0.811257,0.836101,0.847086,0.840006,0.852925,0.824399,0.838531,0.799095,0.927457,0.840552,0.940434,0.834208,0.844416,0.843457,0.869182,0.844906,0.869359,0.853190,0.905761,0.871298,0.946482,1.000000,0.786438,0.846191,0.849197,0.856284,0.853852,0.794628,0.860925,0.875492,0.903439,0.871463,0.875473,0.840240,0.885480,0.820530,0.802411,0.855074
0.847609,0.858865,0.849568,0.871721,0.787540,0.862431,0.809012,0.852567,0.846103,0.810574,0.928336,0.839315,0.867135,0.796691,0.867219,0.858163,0.820510,0.819888,0.784432,0.818603,0.831187,0.791009,0.775749,0.810692,0.877598,0.802932,0.829924,0.809917,0.839498,0.787341,0.870589,0.835302,0.777689,0.835029,0.813959,0.805278,0.809848,0.813712,0.789986,0.884226,0.806374,0.827187,0.855257,0.811766,0.866270,0.830057,0.859222,0.821142,0.826976,0.749450,0.866761,0.868585,0.798193,0.816982,0.829736,0.865604,0.790467,0.883665,0.829267,0.842313,0.793254,0.846552,0.839845,0.870548,0.800538,0.830583,0.856786,0.870713,0.826984,0.815950,0.771520,0.873751,0.817922,0.820579,0.862780,0.826874,0.872708,0.850451,0.893959,0.824574,0.846106,0.866190,0.845775,0.823325,0.848037,0.848618,0.835384,0.862159,0.836032,0.844757,0.901594,0.849215,0.821255,0.845679,0.892463,0.867408,0.864159,0.792743,0.806016,0.819594,0.811765,0.878512,0.840634,0.829546,0.848386,0.857683,0.867869,0.848784,0.828464,0.903652,0.869866,0.780017,0.798330,0.778773,0.882765,0.841127,0.840717,0.688074,0.864553,0.817487,0.862454,0.857819,0.810392,0.850107,0.897784,0.809590,0.813870,0.810479,0.860089,0.855931,0.863560,0.843265,0.825299,0.852206,0.860446,0.825881,0.843945,0.850322,0.900203,0.832347,0.846871,0.781272,0.849086,0.834777,0.814873,0.860403,0.810561,0.855716,0.815763,0.790901,0.878576,0.856134,0.854444,0.871312,0.828101,0.855504,0.872600,0.829174,0.793880,0.853157,0.842220,0.855359,0.879663,0.870558,0.889499,0.897946,0.865240,0.820799,0.847029,0.852598,0.808659,0.845223,0.860132,0.810745,0.831463,0.867694,0.851470,0.875972,0.836937,0.808240,0.868245,0.872080,0.845363,0.806298,0.827817,0.859943,0.813202,0.863548,0.860739,0.848430,0.858730,0.812158,0.798861,0.846993,0.825101,0.863065,0.828215,0.819666,0.860609,0.812942,0.843025,0.885901,0.803909,0.843726,0.830233,0.809124,0.846347,0.857268,0.873247,0.888796,0.851212,0.856556,0.841967,0.842160,0.906068,0.831294,0.861016,0.853444,0.798761,0.907400,0.814853,0.818543,0.791571,0.861816,0.865182,0.825232,0.879304,0.844265,0.788083,0.802183,0.816876,0.820001,0.871521,0.788806,0.826554,0.849877,0.815522,0.866551,0.873303,0.825481,0.864255,0.830187,0.879150,0.849256,0.800283,0.879917,0.867490,0.865506,0.827711,0.847236,0.862291,0.868199,0.891078,0.824129,0.786438,1.000000,0.843264,0.856330,0.849349,0.866675,0.868279,0.843214,0.847580,0.852802,0.883256,0.865028,0.881981,0.887101,0.790710,0.859347,0.842955
0.855941,0.865906,0.883852,0.857747,0.866814,0.851709,0.884680,0.892442,0.863288,0.841975,0.894565,0.853533,0.852078,0.855709,0.859480,0.905053,0.861021,0.792045,0.851074,0.901073,0.875241,0.814390,0.829730,0.860938,0.892640,0.891572,0.885261,0.893772,0.848518,0.855051,0.895479,0.864863,0.848442,0.851244,0.888193,0.870709,0.866163,0.860955,0.829718,0.845073,0.890823,0.880319,0.888877,0.856735,0.899935,0.854187,0.867806,0.808278,0.856633,0.869207,0.893600,0.875278,0.790612,0.831977,0.856505,0.867360,0.895478,0.868452,0.894755,0.915128,0.857967,0.884584,0.866805,0.853925,0.882964,0.868172,0.866526,0.854079,0.854834,0.844433,0.851952,0.891612,0.852334,0.856484,0.843403,0.896623,0.878062,0.898725,0.900101,0.871200,0.892148,0.904301,0.880944,0.853147,0.816535,0.873663,0.862409,0.876684,0.859015,0.904499,0.851081,0.889980,0.878343,0.898516,0.868473,0.875340,0.892251,0.898054,0.892895,0.867409,0.860269,0.913622,0.890990,0.885824,0.866753,0.872597,0.884405,0.869447,0.882904,0.855061,0.842525,0.880624,0.847994,0.856944,0.881077,0.894851,0.873431,0.733208,0.883352,0.855867,0.883952,0.916329,0.846325,0.873717,0.887573,0.838795,0.812327,0.896129,0.864483,0.858823,0.854320,0.850130,0.876700,0.864880,0.904367,0.842757,0.862318,0.886855,0.844070,0.865886,0.886755,0.868057,0.864691,0.903623,0.853548,0.881514,0.873505,0.845379,0.851718,0.869401,0.846516,0.863552,0.875737,0.896103,0.880490,0.853073,0.852525,0.832238,0.836178,0.873127,0.853381,0.871651,0.853880,0.865401,0.892653,0.888443,0.889310,0.903261,0.870152,0.877384,0.841846,0.873087,0.847672,0.858989,0.880361,0.867592,0.889303,0.896813,0.901881,0.885226,0.878190,0.907369,0.894088,0.866885,0.896045,0.914711,0.843103,0.896946,0.894749,0.860962,0.836274,0.855644,0.807929,0.887696,0.849046,0.901119,0.865835,0.866545,0.868316,0.834746,0.858392,0.853770,0.884340,0.827436,0.886761,0.861487,0.855878,0.862832,0.882273,0.842018,0.856797,0.888427,0.860263,0.914312,0.899747,0.912869,0.906954,0.898670,0.822289,0.833511,0.854576,0.881286,0.859335,0.906488,0.880778,0.873315,0.876283,0.902182,0.825197,0.878930,0.916404,0.863241,0.842686,0.838027,0.884980,0.881480,0.884047,0.893842,0.881007,0.892886,0.864415,0.845437,0.883845,0.883030,0.885525,0.868495,0.831880,0.888055,0.870737,0.886820,0.900288,0.859215,0.872317,0.847529,0.846191,0.843264,1.000000,0.876133,0.812298,0.913126,0.867040,0.875010,0.846502,0.896771,0.862069,0.890968,0.892242,0.904145,0.889332,0.856293,0.933632
0.863583,0.860388,0.880875,0.895459,0.833318,0.855283,0.870192,0.856224,0.902941,0.814507,0.874857,0.879474,0.847108,0.821810,0.865210,0.877945,0.846883,0.796142,0.814293,0.858364,0.884738,0.803823,0.817741,0.880607,0.898256,0.869820,0.896987,0.847987,0.866702,0.822776,0.926048,0.883028,0.822168,0.832065,0.886449,0.841942,0.842625,0.828448,0.851201,0.877982,0.848486,0.887718,0.877565,0.857795,0.914544,0.915971,0.900517,0.808706,0.887993,0.811486,0.882904,0.879968,0.808614,0.823593,0.842302,0.883697,0.825041,0.892405,0.868278,0.851958,0.859010,0.863059,0.852027,0.871929,0.825972,0.883362,0.905119,0.885102,0.865878,0.888717,0.830975,0.866621,0.875207,0.853309,0.904751,0.863190,0.878430,0.929113,0.923771,0.860334,0.885528,0.944272,0.890819,0.853118,0.868886,0.908493,0.911651,0.899321,0.865076,0.909014,0.907257,0.877052,0.861267,0.924513,0.878521,0.919157,0.925356,0.832002,0.824997,0.835953,0.871171,0.919844,0.846084,0.830490,0.871647,0.875874,0.966610,0.869307,0.904530,0.844544,0.861894,0.838127,0.821738,0.813742,0.883859,0.903983,0.909065,0.723892,0.914251,0.870356,0.902805,0.879996,0.866704,0.924273,0.885780,0.855392,0.831498,0.862653,0.881216,0.816453,0.901849,0.931158,0.838965,0.919984,0.906739,0.849917,0.888695,0.897828,0.857931,0.889735,0.870010,0.825926,0.891488,0.865585,0.850452,0.893971,0.878253,0.851081,0.871212,0.830594,0.862999,0.912579,0.881084,0.885117,0.847593,0.871505,0.860826,0.886428,0.832952,0.868529,0.852010,0.865952,0.851161,0.857256,0.891583,0.880179,0.890882,0.856713,0.856790,0.881506,0.901052,0.879813,0.890786,0.852301,0.854356,0.879441,0.913826,0.901253,0.905778,0.831127,0.899219,0.883336,0.874178,0.837143,0.874632,0.902440,0.851040,0.892748,0.905157,0.874043,0.861596,0.871972,0.811143,0.874515,0.839245,0.875321,0.873774,0.860059,0.873536,0.827174,0.885826,0.857250,0.869831,0.801443,0.846699,0.845139,0.913975,0.853368,0.886676,0.886411,0.872429,0.896532,0.855854,0.879412,0.903011,0.858151,0.895443,0.877662,0.842260,0.851966,0.812962,0.872611,0.808021,0.889671,0.917304,0.891708,0.898342,0.846013,0.832173,0.837858,0.849978,0.833699,0.850947,0.799724,0.878857,0.901224,0.858484,0.921450,0.880073,0.853600,0.857924,0.850450,0.893271,0.900920,0.838182,0.868957,0.884203,0.886443,0.820370,0.856292,0.890689,0.897976,0.908756,0.844595,0.849197,0.856330,0.876133,1.000000,0.894655,0.884558,0.860960,0.896917,0.910213,0.896651,0.883861,0.870101,0.856469,0.882285,0.827239,0.855770,0.868901
0.862286,0.851146,0.847248,0.858289,0.791895,0.850995,0.817352,0.812609,0.892950,0.797299,0.843401,0.855730,0.830899,0.816366,0.846560,0.852690,0.816635,0.792552,0.821212,0.819021,0.843265,0.790513,0.836220,0.860291,0.883823,0.820935,0.873708,0.812493,0.837808,0.833539,0.896386,0.850888,0.811622,0.818574,0.835369,0.838684,0.824357,0.784096,0.881042,0.865918,0.815069,0.850103,0.884363,0.834003,0.880070,0.861187,0.857138,0.791828,0.902151,0.759318,0.844668,0.828192,0.777765,0.800302,0.834000,0.905829,0.803074,0.891894,0.813219,0.817975,0.860157,0.818441,0.823624,0.853479,0.800529,0.823304,0.919774,0.851058,0.898167,0.857820,0.795383,0.825418,0.856505,0.805419,0.869034,0.837372,0.883757,0.869836,0.888520,0.822206,0.838630,0.870298,0.849575,0.798691,0.860925,0.855039,0.881398,0.871015,0.827561,0.839928,0.869109,0.828484,0.820063,0.857655,0.876601,0.892049,0.847393,0.798697,0.793795,0.795558,0.867231,0.857476,0.815009,0.808590,0.860942,0.857270,0.887433,0.809840,0.852352,0.831271,0.865510,0.780427,0.772873,0.772643,0.839581,0.850849,0.867080,0.707063,0.874569,0.875424,0.869102,0.826288,0.880909,0.865657,0.848728,0.809124,0.784460,0.849353,0.874282,0.794320,0.870262,0.869497,0.806542,0.862091,0.833732,0.848446,0.845027,0.844433,0.827354,0.884550,0.834568,0.804805,0.856882,0.817652,0.853771,0.851143,0.837505,0.805997,0.911366,0.806299,0.850879,0.863592,0.847252,0.822167,0.805196,0.860440,0.847323,0.948678,0.860984,0.815225,0.803424,0.860346,0.861392,0.818820,0.839463,0.866467,0.843122,0.812587,0.812618,0.828402,0.859176,0.840124,0.857937,0.849134,0.822531,0.842941,0.844093,0.858800,0.845934,0.789180,0.901403,0.849761,0.841585,0.806159,0.813268,0.850261,0.803305,0.877840,0.862451,0.909351,0.841810,0.862916,0.772348,0.808454,0.797411,0.831870,0.845132,0.866747,0.839323,0.793085,0.830999,0.837504,0.820823,0.784621,0.824041,0.810943,0.860678,0.846695,0.868816,0.885926,0.820777,0.847862,0.882111,0.844597,0.858435,0.813492,0.861451,0.839150,0.793640,0.852354,0.807474,0.835339,0.774217,0.852349,0.866046,0.832048,0.861330,0.815277,0.861856,0.800492,0.820016,0.816699,0.855929,0.772482,0.815051,0.841649,0.807729,0.870984,0.857009,0.825143,0.848444,0.876042,0.846919,0.893570,0.787865,0.830836,0.960921,0.862072,0.790902,0.863973,0.854272,0.927867,0.882742,0.866927,0.856284,0.849349,0.812298,0.894655,1.000000,0.842821,0.825467,0.853794,0.945516,0.876430,0.869427,0.857268,0.823004,0.866697,0.778178,0.854228,0.812783
0.865984,0.885328,0.927048,0.870132,0.846501,0.878652,0.862387,0.861023,0.868301,0.838864,0.891961,0.873255,0.875737,0.839361,0.875787,0.921906,0.899743,0.816592,0.852817,0.895788,0.871153,0.828564,0.827651,0.880084,0.912439,0.878364,0.917732,0.869869,0.854534,0.848131,0.927649,0.910444,0.832026,0.866615,0.870227,0.862724,0.856463,0.871767,0.828067,0.881925,0.877745,0.896870,0.895581,0.876782,0.926435,0.840964,0.882826,0.823047,0.861852,0.851597,0.900566,0.878204,0.796378,0.826793,0.857952,0.875168,0.872313,0.883623,0.900093,0.933832,0.871612,0.902053,0.864438,0.864615,0.888352,0.862452,0.895414,0.871374,0.876676,0.870326,0.863479,0.886028,0.885289,0.841853,0.867486,0.876500,0.868754,0.912316,0.917251,0.858519,0.872915,0.911331,0.926291,0.835243,0.857551,0.901518,0.879650,0.893853,0.916140,0.921543,0.878986,0.922187,0.873859,0.884760,0.886804,0.872129,0.885269,0.886419,0.895052,0.896448,0.876599,0.926095,0.872862,0.879404,0.881925,0.868841,0.913195,0.855803,0.863074,0.866358,0.887048,0.849389,0.821445,0.831194,0.889518,0.925990,0.873677,0.744229,0.896318,0.874727,0.892652,0.901523,0.857753,0.871509,0.889272,0.829558,0.799101,0.880792,0.878713,0.850343,0.881888,0.852401,0.866114,0.879763,0.917471,0.858760,0.847378,0.901990,0.858684,0.883994,0.911774,0.867780,0.873822,0.900570,0.845307,0.916811,0.858540,0.849740,0.867061,0.869475,0.910383,0.879848,0.914018,0.903833,0.878041,0.869154,0.867220,0.851190,0.850325,0.890065,0.864755,0.877653,0.871578,0.851938,0.874855,0.897886,0.916145,0.920323,0.846650,0.885688,0.846609,0.878069,0.866957,0.867748,0.923496,0.854286,0.903840,0.923245,0.909506,0.860646,0.890015,0.904457,0.893504,0.846992,0.893851,0.909744,0.850731,0.891758,0.919719,0.870658,0.861299,0.873652,0.799795,0.907707,0.847761,0.918629,0.874014,0.865404,0.863507,0.870471,0.851050,0.876655,0.883105,0.830011,0.877045,0.874764,0.852999,0.875023,0.912200,0.869661,0.863296,0.918475,0.873785,0.902683,0.893721,0.935044,0.923244,0.891994,0.829647,0.887572,0.840775,0.881679,0.850744,0.943459,0.880654,0.878177,0.901994,0.931972,0.850073,0.867223,0.896460,0.846626,0.890868,0.824723,0.864089,0.898326,0.872926,0.922723,0.879540,0.897957,0.855167,0.867223,0.881849,0.890359,0.870184,0.898147,0.862167,0.896183,0.838839,0.911651,0.904489,0.884156,0.907644,0.880400,0.853852,0.866675,0.913126,0.884558,0.842821,1.000000,0.850602,0.880484,0.872166,0.903249,0.894332,0.903828,0.896883,0.929699,0.851303,0.859761,0.921049
0.821678,0.846449,0.851037,0.854762,0.797813,0.831048,0.814628,0.885214,0.853085,0.836726,0.857043,0.848662,0.863772,0.786428,0.857017,0.820293,0.803180,0.758098,0.756525,0.799715,0.846419,0.786450,0.788032,0.818719,0.851166,0.807751,0.821428,0.814044,0.825183,0.783369,0.855449,0.804296,0.788053,0.868016,0.838590,0.821695,0.821339,0.809681,0.791782,0.838760,0.823668,0.820053,0.826895,0.799960,0.846489,0.857732,0.831552,0.781338,0.816327,0.751455,0.870797,0.865509,0.778144,0.827112,0.844900,0.838308,0.791301,0.865352,0.851060,0.859897,0.793577,0.806567,0.830750,0.858399,0.788360,0.844642,0.820861,0.837601,0.807613,0.828700,0.774762,0.854773,0.806780,0.836037,0.831345,0.877791,0.887240,0.839504,0.879626,0.824790,0.861697,0.847658,0.841382,0.825025,0.787085,0.855556,0.838023,0.892935,0.803917,0.843650,0.840918,0.822563,0.817207,0.858279,0.875065,0.832411,0.887402,0.795485,0.797253,0.793973,0.809395,0.871843,0.848960,0.834545,0.851011,0.869541,0.875860,0.874276,0.864125,0.857207,0.830329,0.823203,0.837887,0.785192,0.881444,0.821980,0.860168,0.692148,0.847656,0.814467,0.864384,0.866757,0.816309,0.840647,0.889823,0.852859,0.812041,0.796639,0.853439,0.854147,0.869865,0.855726,0.835731,0.860382,0.841133,0.835373,0.839086,0.857713,0.869003,0.821015,0.832524,0.783762,0.851754,0.829324,0.807030,0.844377,0.827235,0.837610,0.799430,0.782343,0.823750,0.814728,0.827196,0.911467,0.872319,0.845117,0.852000,0.840793,0.773047,0.835960,0.856962,0.846560,0.847128,0.856597,0.906526,0.888969,0.867796,0.831322,0.840377,0.889448,0.845539,0.884854,0.840580,0.839644,0.848522,0.845706,0.832918,0.847122,0.849157,0.833099,0.849353,0.881188,0.900664,0.829281,0.825696,0.875019,0.814136,0.864480,0.856566,0.817802,0.849415,0.808569,0.812254,0.880733,0.829283,0.857333,0.826906,0.814626,0.843681,0.841795,0.820322,0.874996,0.833201,0.809658,0.854837,0.845861,0.833395,0.850559,0.828317,0.872810,0.910863,0.875998,0.818136,0.886035,0.884016,0.862980,0.885699,0.865679,0.827987,0.846953,0.822403,0.842616,0.794190,0.859947,0.856575,0.841467,0.851566,0.847319,0.769803,0.797341,0.813484,0.832585,0.863263,0.822520,0.851687,0.832841,0.834089,0.836133,0.884629,0.864059,0.889212,0.812765,0.880758,0.847011,0.813003,0.869485,0.832340,0.866388,0.829782,0.836507,0.874680,0.843241,0.875802,0.797714,0.794628,0.868279,0.867040,0.860960,0.825467,0.850602,1.000000,0.838163,0.838332,0.842733,0.853643,0.848561,0.885237,0.871889,0.816769,0.869978,0.858696
0.865427,0.898608,0.874275,0.912918,0.884567,0.893091,0.848134,0.840669,0.876461,0.833251,0.857391,0.864898,0.891632,0.807048,0.891796,0.867991,0.863898,0.846738,0.807061,0.859714,0.918449,0.847339,0.809911,0.867190,0.864930,0.878857,0.869207,0.831756,0.855107,0.871941,0.897628,0.868834,0.821419,0.837423,0.889376,0.830899,0.874621,0.850613,0.814639,0.870390,0.869621,0.893500,0.875787,0.851004,0.891615,0.875216,0.855763,0.854763,0.851117,0.826072,0.860023,0.876691,0.829111,0.838795,0.854776,0.884431,0.833654,0.910482,0.882850,0.881889,0.834448,0.869464,0.888304,0.892212,0.825906,0.922605,0.867917,0.911667,0.861061,0.919739,0.835590,0.894435,0.840731,0.891673,0.918971,0.830967,0.871354,0.890480,0.879964,0.891272,0.880851,0.905097,0.873586,0.879252,0.895721,0.874143,0.886345,0.860281,0.886333,0.908302,0.903858,0.878392,0.901833,0.919465,0.871381,0.905621,0.911089,0.827825,0.832129,0.850379,0.871018,0.891085,0.884494,0.873319,0.880312,0.870598,0.903793,0.894463,0.887304,0.856306,0.875365,0.822728,0.835992,0.809523,0.894376,0.862197,0.914042,0.726286,0.861358,0.855052,0.899508,0.880877,0.829631,0.892599,0.865122,0.882158,0.850565,0.880657,0.884935,0.856591,0.881112,0.899131,0.869465,0.892476,0.882969,0.880246,0.913843,0.908713,0.890013,0.877410,0.871320,0.816137,0.918781,0.851555,0.848594,0.892344,0.894830,0.874449,0.831504,0.844213,0.853203,0.902301,0.890556,0.862326,0.865218,0.874981,0.874451,0.859426,0.832530,0.878300,0.868385,0.874709,0.884775,0.879295,0.869098,0.863193,0.890832,0.883092,0.900666,0.861459,0.884202,0.862690,0.896990,0.882950,0.860767,0.900111,0.871498,0.872039,0.920531,0.841212,0.861081,0.911878,0.861752,0.860112,0.882170,0.883325,0.904298,0.888305,0.883141,0.864975,0.881986,0.850455,0.826660,0.858144,0.868012,0.860960,0.894103,0.839981,0.916224,0.828809,0.881292,0.886383,0.874614,0.848157,0.841784,0.828992,0.955487,0.863315,0.884935,0.859448,0.847325,0.914441,0.855433,0.877869,0.906791,0.864343,0.893840,0.897796,0.885405,0.856701,0.874109,0.870048,0.837609,0.869393,0.924613,0.942595,0.918042,0.863393,0.830813,0.805473,0.894601,0.867891,0.865336,0.838002,0.881033,0.915373,0.869403,0.882878,0.853426,0.843802,0.854067,0.885651,0.904703,0.883994,0.855245,0.864409,0.866798,0.885707,0.867239,0.864627,0.862047,0.883397,0.910025,0.851284,0.860925,0.843214,0.875010,0.896917,0.853794,0.880484,0.838163,1.000000,0.853480,0.888027,0.914227,0.886098,0.863451,0.886349,0.836713,0.863632,0.871170
0.869420,0.847642,0.851062,0.855165,0.801729,0.835657,0.834327,0.837642,0.889108,0.812462,0.859477,0.896997,0.833666,0.849634,0.858359,0.871739,0.826053,0.796908,0.846737,0.851764,0.870915,0.787259,0.865657,0.880568,0.896487,0.853532,0.891293,0.840078,0.846863,0.855683,0.905667,0.851801,0.831618,0.843828,0.856023,0.876622,0.835579,0.801944,0.911470,0.861199,0.838412,0.861172,0.892409,0.856451,0.903720,0.871414,0.869570,0.809236,0.925207,0.797840,0.859101,0.849655,0.763443,0.821897,0.855430,0.899678,0.853219,0.882319,0.845325,0.842997,0.893705,0.835984,0.824429,0.842103,0.828766,0.838176,0.918034,0.848930,0.883078,0.872655,0.818281,0.831226,0.873276,0.810608,0.871838,0.878719,0.876610,0.875972,0.911840,0.829795,0.853429,0.879571,0.863525,0.806428,0.855888,0.847625,0.896146,0.875061,0.835647,0.861039,0.869213,0.840290,0.823950,0.877073,0.872309,0.906472,0.867700,0.849584,0.832451,0.816080,0.885240,0.883943,0.826877,0.823002,0.863750,0.863868,0.900653,0.828034,0.861810,0.838767,0.854646,0.812436,0.787895,0.804959,0.859626,0.887376,0.884883,0.708867,0.877539,0.888857,0.882184,0.865890,0.916638,0.855260,0.857764,0.832220,0.780507,0.869554,0.889298,0.811505,0.870997,0.859205,0.827173,0.866301,0.850070,0.859920,0.844056,0.869400,0.837717,0.901954,0.859219,0.845585,0.848904,0.849296,0.868347,0.848862,0.842809,0.817242,0.933443,0.828134,0.856741,0.874743,0.845092,0.861858,0.834642,0.854213,0.854417,0.934086,0.870803,0.837494,0.817765,0.874687,0.865339,0.821629,0.850471,0.878670,0.860280,0.849969,0.816740,0.865185,0.851920,0.873811,0.850809,0.841268,0.853460,0.853995,0.851019,0.861721,0.872683,0.812070,0.921486,0.859375,0.882332,0.809716,0.832734,0.867826,0.817870,0.912413,0.867642,0.913335,0.826818,0.894048,0.770042,0.842822,0.802840,0.864207,0.871439,0.881858,0.853982,0.823876,0.847049,0.855972,0.844024,0.774208,0.852746,0.851251,0.852278,0.845367,0.877510,0.879515,0.858537,0.856614,0.882126,0.860875,0.881076,0.844498,0.901390,0.854591,0.822049,0.844173,0.806559,0.847573,0.789116,0.880392,0.872913,0.855313,0.863766,0.836380,0.874685,0.848571,0.830675,0.809770,0.857259,0.774782,0.834793,0.868022,0.817387,0.880718,0.891266,0.846532,0.848033,0.865133,0.857153,0.907649,0.803606,0.860128,0.922386,0.872038,0.796921,0.871861,0.885084,0.929849,0.878115,0.881961,0.875492,0.847580,0.846502,0.910213,0.945516,0.872166,0.838332,0.853480,1.000000,0.900028,0.874097,0.870436,0.831943,0.883691,0.813103,0.845902,0.853750
0.901986,0.878566,0.892039,0.900515,0.884698,0.868765,0.883369,0.885850,0.900218,0.848299,0.886500,0.898510,0.881822,0.883297,0.894612,0.913070,0.880735,0.813338,0.893832,0.920268,0.914294,0.835952,0.880098,0.906831,0.922926,0.897589,0.899322,0.891061,0.869309,0.887991,0.929374,0.873700,0.893694,0.873902,0.908603,0.892972,0.901617,0.860611,0.878109,0.862437,0.926084,0.916739,0.925852,0.897291,0.934548,0.883811,0.884408,0.823622,0.904681,0.886014,0.892004,0.897367,0.787858,0.853932,0.873799,0.904503,0.889435,0.894029,0.903203,0.901898,0.915284,0.898245,0.899655,0.853778,0.903098,0.904679,0.914107,0.859138,0.897466,0.899608,0.880272,0.883093,0.864994,0.883850,0.879428,0.879407,0.869665,0.897263,0.912764,0.911533,0.891375,0.900352,0.889053,0.859361,0.872015,0.869121,0.884274,0.886152,0.890093,0.901881,0.891155,0.891379,0.897338,0.903502,0.875737,0.912031,0.886893,0.903696,0.894337,0.879986,0.917314,0.907678,0.888254,0.895620,0.856513,0.869756,0.901018,0.873208,0.893848,0.878579,0.857113,0.886190,0.849806,0.866722,0.887443,0.899718,0.879438,0.715321,0.898025,0.911590,0.913788,0.929698,0.906031,0.895417,0.864249,0.849218,0.843226,0.912319,0.896307,0.859206,0.878948,0.877506,0.893360,0.884257,0.902370,0.879480,0.869245,0.913284,0.882516,0.909224,0.906033,0.893160,0.865132,0.906074,0.896168,0.893984,0.873470,0.879256,0.911929,0.891050,0.901601,0.886336,0.887127,0.902800,0.855640,0.872171,0.883296,0.887044,0.889674,0.892196,0.858665,0.896782,0.878891,0.868368,0.882144,0.874762,0.882678,0.887422,0.880675,0.896916,0.875124,0.886043,0.860640,0.883339,0.865052,0.892697,0.896371,0.888085,0.914530,0.882337,0.904896,0.895693,0.898423,0.874644,0.919314,0.907176,0.865592,0.916389,0.901766,0.921951,0.868260,0.909695,0.826172,0.892927,0.873735,0.889474,0.912930,0.922192,0.889582,0.824615,0.868927,0.902089,0.893505,0.850623,0.886650,0.910229,0.880702,0.863973,0.921779,0.889843,0.862748,0.895382,0.911024,0.897676,0.909165,0.904619,0.913702,0.868566,0.849608,0.857523,0.876664,0.892019,0.870961,0.891139,0.905414,0.883403,0.901465,0.875172,0.889977,0.873832,0.903896,0.873559,0.864986,0.847924,0.876137,0.895143,0.896899,0.907624,0.874293,0.870172,0.851180,0.900313,0.878128,0.929798,0.887676,0.879775,0.876883,0.901562,0.879629,0.894339,0.903556,0.914390,0.904626,0.916875,0.903439,0.852802,0.896771,0.896651,0.876430,0.903249,0.842733,0.888027,0.900028,1.000000,0.887262,0.916610,0.885461,0.908510,0.872934,0.859128,0.912185
0.876703,0.894398,0.876976,0.903824,0.866677,0.917129,0.829958,0.848031,0.870030,0.849416,0.894059,0.885757,0.926317,0.811993,0.894523,0.865634,0.876734,0.829876,0.824625,0.844263,0.882178,0.832554,0.835696,0.873121,0.893975,0.853969,0.885727,0.838904,0.888520,0.882154,0.887229,0.867889,0.840654,0.859255,0.874947,0.859585,0.854160,0.842561,0.839697,0.897020,0.863810,0.874101,0.896905,0.872250,0.885477,0.867137,0.842389,0.832612,0.848412,0.801285,0.884071,0.888408,0.830087,0.844094,0.864309,0.881965,0.808238,0.916174,0.849976,0.905331,0.857273,0.883373,0.890932,0.894002,0.821157,0.900219,0.872473,0.899923,0.880945,0.903204,0.825655,0.922791,0.826878,0.876977,0.919011,0.851419,0.875875,0.877454,0.913639,0.882130,0.882348,0.891632,0.858453,0.852110,0.879726,0.859955,0.886721,0.876060,0.891229,0.898416,0.931452,0.881919,0.877427,0.886321,0.893929,0.885088,0.897180,0.831393,0.821688,0.852880,0.872191,0.888871,0.877436,0.865921,0.879293,0.878292,0.897504,0.851418,0.875447,0.887654,0.873587,0.827226,0.841109,0.792993,0.908740,0.850937,0.860061,0.711906,0.857591,0.869572,0.886036,0.880599,0.858587,0.865438,0.886357,0.882821,0.851171,0.858418,0.903196,0.877965,0.909075,0.884527,0.871308,0.864559,0.867942,0.886230,0.891470,0.913383,0.896047,0.890249,0.886082,0.789985,0.917327,0.845765,0.848641,0.865043,0.876777,0.886187,0.859125,0.849763,0.884956,0.885900,0.869124,0.882757,0.856420,0.894576,0.887475,0.868845,0.855838,0.889901,0.843890,0.891056,0.895245,0.891763,0.872365,0.883502,0.891903,0.882018,0.883796,0.874010,0.870492,0.863634,0.900347,0.877342,0.869708,0.882078,0.858322,0.875820,0.890666,0.857949,0.890117,0.932831,0.891447,0.874925,0.855054,0.905300,0.865044,0.909881,0.876676,0.881253,0.917405,0.870525,0.842471,0.877592,0.874234,0.905767,0.897952,0.862568,0.919220,0.826435,0.879938,0.904998,0.856516,0.860974,0.834025,0.838738,0.901348,0.882159,0.887897,0.858718,0.848345,0.902063,0.885884,0.901754,0.909093,0.866243,0.914376,0.901169,0.871563,0.893121,0.865888,0.866326,0.816415,0.880745,0.898608,0.887667,0.912224,0.899343,0.857845,0.784507,0.848216,0.871396,0.898965,0.855168,0.874139,0.893416,0.862657,0.865375,0.878082,0.858982,0.867786,0.905014,0.890476,0.894049,0.816186,0.901792,0.883578,0.902217,0.855283,0.884783,0.890971,0.892815,0.918331,0.888689,0.871463,0.883256,0.862069,0.883861,0.869427,0.894332,0.853643,0.914227,0.874097,0.887262,1.000000,0.900068,0.902186,0.950615,0.810816,0.870930,0.865484
0.900968,0.929116,0.887648,0.901161,0.884930,0.900836,0.852118,0.900126,0.887604,0.899229,0.895527,0.883565,0.903163,0.875294,0.911065,0.878763,0.870880,0.825530,0.843435,0.886980,0.892496,0.874810,0.851927,0.885032,0.899965,0.895454,0.903572,0.863801,0.893588,0.883658,0.929529,0.889300,0.850021,0.863970,0.899444,0.876149,0.905752,0.857216,0.850215,0.875293,0.905250,0.894950,0.907523,0.878876,0.904644,0.890172,0.838218,0.825563,0.872009,0.849904,0.875517,0.905612,0.795587,0.874889,0.914432,0.901093,0.856248,0.912553,0.871076,0.908301,0.868431,0.887684,0.895167,0.888045,0.878486,0.900916,0.884670,0.881941,0.885661,0.886740,0.856435,0.903385,0.832542,0.895782,0.893919,0.888247,0.878946,0.882016,0.912940,0.893915,0.883765,0.888266,0.895134,0.871220,0.875987,0.882729,0.888143,0.895222,0.901970,0.905960,0.893191,0.880788,0.872633,0.891026,0.891538,0.886148,0.885739,0.872592,0.862649,0.889683,0.878864,0.883443,0.908604,0.901239,0.902092,0.875255,0.888117,0.867900,0.891440,0.917277,0.892024,0.858226,0.861916,0.872420,0.919219,0.862959,0.854025,0.681038,0.855070,0.889161,0.913741,0.929649,0.869383,0.869557,0.867312,0.890965,0.841131,0.874629,0.890493,0.919368,0.901926,0.865485,0.900395,0.868048,0.898415,0.892549,0.897558,0.913113,0.889020,0.890444,0.892866,0.849427,0.895831,0.877335,0.876771,0.905169,0.879876,0.887696,0.862292,0.878020,0.873399,0.875689,0.874227,0.903095,0.882523,0.929629,0.922217,0.890725,0.872555,0.886424,0.848033,0.964594,0.890108,0.903743,0.892347,0.883144,0.899396,0.917441,0.890352,0.904180,0.876850,0.883967,0.884637,0.896248,0.864954,0.885543,0.868131,0.887065,0.895780,0.884890,0.883736,0.916517,0.907241,0.877235,0.897245,0.900194,0.874207,0.924268,0.908501,0.892381,0.891445,0.876311,0.822434,0.892195,0.887269,0.899749,0.900545,0.889580,0.899294,0.836653,0.840852,0.909865,0.900669,0.879602,0.878493,0.875898,0.880657,0.912614,0.902714,0.857912,0.870782,0.906874,0.913460,0.914601,0.924785,0.897076,0.901045,0.900973,0.868152,0.847757,0.876740,0.918971,0.905018,0.898144,0.895699,0.897656,0.914950,0.913707,0.852817,0.826735,0.872806,0.875552,0.894745,0.853790,0.881643,0.886408,0.876509,0.880874,0.886544,0.892240,0.860245,0.896211,0.895241,0.907180,0.896070,0.886282,0.862975,0.945176,0.876551,0.889881,0.898496,0.898600,0.911548,0.890185,0.875473,0.865028,0.890968,0.870101,0.857268,0.903828,0.848561,0.886098,0.870436,0.916610,0.900068,0.999999,0.902334,0.908050,0.903023,0.876674,0.917575
0.863101,0.878701,0.858873,0.882857,0.845499,0.871834,0.845697,0.896960,0.865183,0.874642,0.904838,0.839843,0.900077,0.825946,0.866756,0.862544,0.862162,0.793658,0.830431,0.852014,0.862278,0.820336,0.821253,0.840330,0.894352,0.848487,0.859291,0.855078,0.853383,0.844299,0.885863,0.863017,0.833511,0.872829,0.862004,0.870091,0.854625,0.843608,0.812300,0.855185,0.879596,0.861440,0.882550,0.844707,0.874994,0.857188,0.853010,0.794793,0.814625,0.795108,0.893704,0.904415,0.792377,0.822848,0.853675,0.855404,0.817818,0.886250,0.861647,0.912765,0.850514,0.879754,0.877022,0.874245,0.846769,0.859227,0.853039,0.859959,0.857649,0.852991,0.817475,0.894468,0.821614,0.868166,0.870890,0.872571,0.875247,0.868901,0.904422,0.876414,0.868919,0.895578,0.868667,0.848719,0.835632,0.870383,0.836713,0.883918,0.865327,0.883837,0.877512,0.879142,0.852733,0.877290,0.887619,0.849731,0.887777,0.858248,0.832075,0.841661,0.843301,0.881798,0.865593,0.861425,0.862755,0.861916,0.882969,0.868925,0.889470,0.897727,0.854611,0.854880,0.831059,0.804633,0.876059,0.850314,0.842081,0.694982,0.867445,0.846371,0.898507,0.893878,0.829653,0.865476,0.894128,0.832235,0.816066,0.851087,0.872091,0.853480,0.873101,0.863014,0.873915,0.855019,0.898829,0.853365,0.890891,0.880357,0.878751,0.840214,0.876708,0.802457,0.870552,0.879830,0.849872,0.891651,0.859272,0.886186,0.829440,0.854900,0.889317,0.859341,0.858994,0.892681,0.850413,0.874590,0.859580,0.830458,0.827676,0.862542,0.836185,0.880251,0.886377,0.882949,0.916603,0.881732,0.884546,0.878333,0.870859,0.891299,0.843482,0.866054,0.850053,0.861431,0.867800,0.874847,0.871013,0.881970,0.869831,0.880881,0.867899,0.906715,0.889296,0.863385,0.870621,0.926185,0.829856,0.881109,0.881549,0.842627,0.880223,0.834138,0.803727,0.892073,0.871583,0.907828,0.875049,0.867395,0.877656,0.812522,0.835083,0.902926,0.839873,0.842277,0.858288,0.864197,0.860068,0.861939,0.867372,0.866680,0.855558,0.905866,0.869527,0.905771,0.908601,0.893118,0.891426,0.885440,0.810582,0.881501,0.868396,0.861562,0.826510,0.890083,0.882691,0.852506,0.882811,0.895833,0.819802,0.816876,0.856871,0.870749,0.872131,0.863530,0.872080,0.855465,0.871149,0.865847,0.873396,0.890702,0.871124,0.868628,0.896793,0.864276,0.834577,0.886004,0.843355,0.886876,0.880854,0.872472,0.899584,0.852520,0.907970,0.865047,0.840240,0.881981,0.892242,0.856469,0.823004,0.896883,0.885237,0.863451,0.831943,0.885461,0.902186,0.902334,1.000000,0.923163,0.825237,0.874848,0.874020
0.883224,0.881144,0.902574,0.894447,0.862429,0.893405,0.855959,0.896895,0.869899,0.867728,0.915322,0.881901,0.925389,0.856769,0.882798,0.899783,0.879317,0.825883,0.863804,0.887789,0.876662,0.819224,0.858076,0.879178,0.922344,0.870223,0.896462,0.883960,0.882004,0.870043,0.899836,0.890177,0.864930,0.895164,0.878989,0.881980,0.865475,0.870090,0.853308,0.883125,0.883938,0.887535,0.907061,0.885769,0.908833,0.860489,0.866703,0.824429,0.865239,0.836177,0.913085,0.900312,0.825184,0.865566,0.849441,0.885297,0.850213,0.900187,0.878725,0.934585,0.894738,0.888289,0.896526,0.872897,0.868164,0.886068,0.884599,0.882997,0.890526,0.876869,0.850841,0.916135,0.864213,0.875648,0.893918,0.883114,0.886459,0.893662,0.933951,0.893914,0.893670,0.900300,0.885402,0.846107,0.862243,0.874530,0.885981,0.899185,0.888653,0.895378,0.894072,0.910557,0.877513,0.887952,0.906179,0.882276,0.898714,0.877210,0.871032,0.873974,0.884391,0.908779,0.885697,0.891078,0.878876,0.905474,0.894403,0.875201,0.893178,0.883236,0.875821,0.873510,0.857059,0.828700,0.902608,0.899776,0.870793,0.731446,0.877066,0.883606,0.881387,0.905946,0.878276,0.870706,0.914435,0.855425,0.841424,0.882935,0.884657,0.868081,0.889421,0.863880,0.901444,0.864272,0.894401,0.873412,0.867255,0.896770,0.879904,0.894035,0.908462,0.837612,0.898336,0.896799,0.867461,0.880957,0.870187,0.902489,0.881555,0.861738,0.922290,0.893000,0.894860,0.914807,0.875842,0.879760,0.874313,0.865449,0.880871,0.901661,0.867695,0.891304,0.891499,0.897530,0.900232,0.900670,0.908792,0.910151,0.883474,0.912638,0.855651,0.894585,0.888033,0.883604,0.911890,0.893429,0.882754,0.904681,0.906615,0.895052,0.918654,0.925816,0.906549,0.895762,0.883435,0.913849,0.855371,0.903465,0.902111,0.894397,0.893495,0.882801,0.848803,0.906205,0.884514,0.941044,0.884312,0.896686,0.899048,0.853672,0.879241,0.897018,0.892627,0.848884,0.871753,0.887184,0.865545,0.883523,0.904279,0.870966,0.864331,0.904054,0.896453,0.926450,0.904719,0.912754,0.927873,0.906819,0.829868,0.897263,0.882432,0.884486,0.848300,0.929636,0.885501,0.872294,0.897876,0.940220,0.875708,0.838870,0.873945,0.899626,0.889186,0.876648,0.894654,0.887574,0.891206,0.893516,0.886287,0.893438,0.883803,0.899215,0.878914,0.902906,0.860775,0.900059,0.879998,0.907302,0.874217,0.899285,0.919805,0.895994,0.901125,0.904491,0.885480,0.887101,0.904145,0.882285,0.866697,0.929699,0.871889,0.886349,0.883691,0.908510,0.950615,0.908050,0.923163,1.000000,0.844205,0.877948,0.903012
0.835752,0.855265,0.842438,0.844778,0.844239,0.810003,0.812266,0.870068,0.841182,0.860626,0.833867,0.825892,0.848244,0.860915,0.849640,0.863811,0.831276,0.766910,0.814993,0.875873,0.836303,0.826552,0.789214,0.837375,0.834370,0.868134,0.849709,0.849742,0.823000,0.837693,0.867207,0.834798,0.819401,0.827601,0.870408,0.829085,0.865123,0.837156,0.793227,0.799108,0.901744,0.860825,0.843258,0.844938,0.877695,0.840969,0.798025,0.757360,0.833950,0.859309,0.830496,0.856116,0.760810,0.874578,0.854083,0.846627,0.874875,0.834885,0.868766,0.874181,0.823834,0.817760,0.856661,0.830624,0.871461,0.859519,0.826335,0.832773,0.821853,0.823294,0.837264,0.849993,0.818713,0.877253,0.828769,0.838983,0.833682,0.857806,0.851939,0.865183,0.859125,0.837853,0.861997,0.844226,0.809008,0.828143,0.838113,0.849204,0.853972,0.877928,0.825077,0.858633,0.850080,0.854432,0.852497,0.837613,0.839135,0.867757,0.868118,0.892988,0.827391,0.850721,0.881087,0.897343,0.864410,0.837952,0.829394,0.836224,0.854972,0.844366,0.830747,0.857185,0.873215,0.938072,0.871125,0.841705,0.827189,0.675644,0.807313,0.822511,0.849456,0.906329,0.817240,0.837789,0.834714,0.868297,0.803656,0.861263,0.824659,0.866035,0.831527,0.812680,0.901112,0.828486,0.863004,0.850199,0.826816,0.874908,0.825614,0.840786,0.861555,0.878721,0.837432,0.858380,0.837752,0.855002,0.854592,0.848551,0.821076,0.825027,0.804359,0.832904,0.839156,0.879408,0.868947,0.879873,0.868008,0.821139,0.805683,0.836118,0.828935,0.895162,0.815442,0.862992,0.858315,0.836850,0.868458,0.893535,0.858018,0.885013,0.831169,0.865231,0.831422,0.856987,0.853877,0.849444,0.823868,0.850008,0.872654,0.874108,0.826911,0.863611,0.866537,0.852527,0.865528,0.835807,0.850474,0.866418,0.869618,0.826909,0.818390,0.829482,0.815798,0.852469,0.830200,0.873951,0.848622,0.823107,0.863769,0.828133,0.807890,0.838698,0.925032,0.805432,0.850653,0.838047,0.825824,0.857066,0.844834,0.797864,0.833117,0.856900,0.833895,0.867214,0.859226,0.879472,0.847329,0.879659,0.823436,0.767114,0.852208,0.907242,0.950735,0.867036,0.831698,0.863504,0.871474,0.884346,0.789643,0.853917,0.877218,0.849043,0.807007,0.823845,0.876280,0.847826,0.865569,0.849368,0.843543,0.849585,0.807704,0.822386,0.854821,0.843937,0.952554,0.827271,0.785975,0.905338,0.825962,0.839450,0.854387,0.818487,0.823300,0.816280,0.820530,0.790710,0.889332,0.827239,0.778178,0.851303,0.816769,0.836713,0.813103,0.872934,0.810816,0.903023,0.825237,0.844205,1.000000,0.812962,0.938025
0.838027,0.883520,0.858415,0.862759,0.800685,0.892665,0.808454,0.852903,0.845056,0.836336,0.858866,0.827302,0.851406,0.787201,0.876617,0.841848,0.830754,0.805031,0.768815,0.828113,0.853239,0.812598,0.781046,0.850372,0.868541,0.830628,0.841310,0.808794,0.832840,0.807808,0.887955,0.836739,0.778387,0.825060,0.858222,0.806348,0.850508,0.797956,0.781741,0.872968,0.841415,0.854180,0.857596,0.813203,0.860827,0.818362,0.854305,0.811803,0.823648,0.770451,0.872040,0.862822,0.803671,0.813928,0.853699,0.895136,0.798628,0.887361,0.841056,0.853625,0.804626,0.805028,0.840775,0.855663,0.820505,0.850650,0.868999,0.880861,0.851828,0.837543,0.794797,0.850527,0.824902,0.835078,0.847426,0.867881,0.939198,0.870340,0.881161,0.844531,0.859095,0.882041,0.882868,0.819461,0.860143,0.887457,0.846027,0.895686,0.854371,0.853154,0.863378,0.852997,0.819872,0.873821,0.874501,0.870898,0.856260,0.806381,0.808976,0.819083,0.844767,0.871077,0.841357,0.835846,0.879291,0.892594,0.871448,0.833438,0.844893,0.887363,0.871238,0.809197,0.815064,0.805529,0.867685,0.835546,0.863971,0.717196,0.871951,0.823813,0.877005,0.857354,0.810447,0.842973,0.870084,0.825903,0.815717,0.816761,0.857434,0.851752,0.883461,0.836772,0.835202,0.832603,0.853662,0.864560,0.867266,0.855403,0.841919,0.820810,0.832312,0.788418,0.863842,0.836998,0.828760,0.875951,0.809537,0.825464,0.814590,0.808568,0.839670,0.868777,0.860090,0.857667,0.824801,0.874533,0.852242,0.863425,0.799066,0.836646,0.829139,0.851168,0.881815,0.846556,0.868454,0.928455,0.846679,0.831164,0.866587,0.840222,0.841709,0.859429,0.884281,0.896892,0.824441,0.872489,0.842926,0.866327,0.846807,0.820752,0.851326,0.882822,0.852631,0.830268,0.827420,0.879687,0.807496,0.853401,0.889086,0.851248,0.878560,0.805511,0.798912,0.843498,0.819601,0.862690,0.842061,0.820007,0.857272,0.784311,0.844160,0.887371,0.829381,0.844768,0.868320,0.847002,0.853229,0.878332,0.897434,0.878364,0.843841,0.918338,0.863932,0.895611,0.886154,0.854785,0.883315,0.840469,0.821875,0.860916,0.817199,0.870003,0.815721,0.873760,0.868711,0.866646,0.887975,0.844013,0.784486,0.803791,0.837553,0.834432,0.903812,0.821893,0.839532,0.860997,0.848351,0.864540,0.902024,0.895911,0.894164,0.853334,0.903840,0.872119,0.803744,0.856116,0.886419,0.868368,0.836441,0.853751,0.917780,0.855246,0.899670,0.820793,0.802411,0.859347,0.856293,0.855770,0.854228,0.859761,0.869978,0.863632,0.845902,0.859128,0.870930,0.876674,0.874848,0.877948,0.812962,1.000000,0.838772
0.882638,0.899154,0.899945,0.871571,0.870599,0.858262,0.860821,0.893768,0.864712,0.892595,0.878284,0.872264,0.877817,0.867860,0.879290,0.904459,0.874388,0.816701,0.856481,0.902507,0.875792,0.857281,0.826118,0.866006,0.879336,0.897479,0.896674,0.882195,0.853691,0.870671,0.907482,0.888085,0.838119,0.870555,0.875710,0.866753,0.898214,0.858358,0.833593,0.837198,0.905887,0.880650,0.878859,0.868723,0.906433,0.846882,0.835443,0.818828,0.845497,0.873669,0.867956,0.869778,0.780270,0.879364,0.885738,0.867463,0.884446,0.875823,0.899527,0.918101,0.859496,0.883560,0.890556,0.865988,0.881735,0.890491,0.864005,0.868269,0.866812,0.849533,0.859750,0.875583,0.853102,0.882246,0.860114,0.892324,0.862493,0.889225,0.892409,0.887150,0.874277,0.882145,0.894159,0.871204,0.842003,0.862690,0.866325,0.882892,0.892531,0.904790,0.858721,0.906551,0.889104,0.887187,0.900767,0.878593,0.870264,0.898519,0.889317,0.915241,0.862068,0.906690,0.907789,0.915542,0.886199,0.863273,0.875478,0.871094,0.880692,0.859569,0.876846,0.857848,0.877451,0.902349,0.908544,0.893458,0.858991,0.736480,0.845836,0.865200,0.890726,0.935272,0.858944,0.856614,0.890147,0.869542,0.836048,0.893800,0.882910,0.899456,0.863724,0.839427,0.909673,0.860649,0.901705,0.872264,0.859655,0.896448,0.871470,0.871861,0.894015,0.883006,0.870738,0.878777,0.870921,0.892994,0.873530,0.871943,0.840389,0.864611,0.861652,0.864733,0.879425,0.905318,0.894581,0.878691,0.890642,0.845434,0.837099,0.882312,0.875127,0.906006,0.869056,0.878867,0.891809,0.887048,0.890625,0.919966,0.881307,0.900680,0.846355,0.883164,0.850151,0.872309,0.901370,0.875066,0.876976,0.885075,0.891830,0.890435,0.863936,0.907421,0.896247,0.878814,0.902590,0.887406,0.865791,0.910470,0.898468,0.864883,0.844148,0.867759,0.831152,0.889122,0.856923,0.909282,0.869097,0.870285,0.875989,0.873528,0.848271,0.866487,0.925161,0.840055,0.875691,0.865651,0.854427,0.885163,0.889665,0.835543,0.859125,0.888040,0.858028,0.901906,0.898333,0.923676,0.905590,0.908819,0.838323,0.832997,0.872013,0.918505,0.927149,0.904417,0.870455,0.877978,0.898359,0.923748,0.832512,0.866751,0.901897,0.877468,0.860871,0.841565,0.892165,0.888421,0.879751,0.895213,0.886314,0.874771,0.853024,0.843690,0.877062,0.878227,0.928885,0.871317,0.825866,0.915558,0.853547,0.882251,0.890156,0.852322,0.869432,0.852640,0.855074,0.842955,0.933632,0.868901,0.812783,0.921049,0.858696,0.871170,0.853750,0.912185,0.865484,0.917575,0.874020,0.903012,0.938025,0.838772,1.000000
