Word,splutter,deflate,stream,crimp,floured,punch,devein,select,sterilize,overmix,invert,pressure,thread,scramble,knead,steep,absorbed,rise,smoking,marinate,frost,foam,crockpot,caramelize,refrigerate,grease,evaporated,overcook,massage,charred,evaporate,condensed,griddle,presentation,dredge,barbecue,curdle,dollop,scorching,tilt,muddle,deglaze,freezing,parboil,baste,scrub,defrost,rising,preheat,roux,store,tie,slit,distribute,bubbling,blanch,flavoring,pierce,decorate,insert,broil,unmold,grate,prick,dressing,shred,ice,flatten,sizzle,sear,caramelized,unroll,sweeten,flake,tuck,stop,settle,moisten,rotate,crumble,snap,skim,soak,sieve,stretch,drip,sweat,handle,submerge,spray,flip,immerse,powdered,sift,shake,wilt,scrape,smoke,marinade,dissolve,toast,squeeze,grind,blitz,bubble,slash,blot,style,trim,twist,whip,carve,divide,meld,swirl,thicken,garnish,,thaw,braise,uncover,process,bake,rinse,repeat,scatter,square,char,uncovered,whirl,seal,wipe,assemble,wash,strain,pop,strip,brush,smear,poach,ladle,seasoning,poke,dress,burn,reduce,dust,stack,reheat,dripping,transfer,soften,drizzle,arrange,measure,fold,beat,simmer,saute,mould,shape,stirring,raise,tear,pick,stand,scoop,stuff,smash,sort,clean,prepare,squash,mash,dash,crush,drain,splash,glaze,break,chill,drop,test,dice,lard,unwrap,slather,rub,moist,scald,pat,steam,split,pack,mound,replace,foil,roast,unfold,yield,smooth,press,puree,roll,sprout,serve,skin,whisk,melt,hold,check,wrap,boil,reserve,pull,fill,start,sprinkle,spread,move,minced,cream,combine,dump,peel,coat,dip,throw,fry,season,zest,mince,push,chop,separate,butter,slice,wet,sit,save,wait,wok,open,stew,blend,touch,cool,toss,cut,taste,rest,pre-heat,cover,stir-fry,pan-fry,turn,remove,dry,warm,pour,note,top,heat,cook,place,stir,take,put,mix,set,add
splutter,1.0,0.0,0.0,0.02881370882822444,0.021980932477784362,0.0,0.0,0.0,0.07837826258722665,0.05726239431081352,0.05268956226293423,0.08259088593306559,0.0,0.3147975386498197,0.0,0.0,0.0,0.2105583114224181,0.04583372931189448,0.05433543469709517,0.0,0.0,0.16899037850323279,0.03550737225398153,0.0,0.11129391301802458,0.0,0.15242768247179522,0.0,0.0,0.07904215844763807,0.0,0.10366224654280815,0.0,0.046515844248922814,0.1976071622949808,0.3047415208756984,0.0,0.051242379862733396,0.0,0.030452789969505078,0.0,0.0,0.11075526013366507,0.10736790457742945,0.0,0.021495797729931782,0.0,0.05023118332200707,0.04071043818168605,0.0,0.30547535233487283,0.05267244218039719,0.0,0.226540734025972,0.0,0.0,0.08265035044879561,0.0,0.0,0.0835308102896799,0.0,0.031158776295690176,0.0988616699534598,0.0,0.030611943906502116,0.020037642666173125,0.09961797292984689,0.4188478652559194,0.0,0.0,0.0,0.0,0.0,0.0,0.10494720724439982,0.023495969267265077,0.0,0.06052670018977255,0.026129519132230102,0.0,0.2013630591784578,0.0,0.05428320678721321,0.041879661033270336,0.02545083550864594,0.1468962458676953,0.0,0.0,0.0,0.06625507790337525,0.0,0.027626531380586176,0.0,0.0,0.0,0.0,0.03651100090403479,0.0,0.0,0.0,0.033141095021724014,0.0,0.0,0.0,0.059688690173269845,0.0658587670739099,0.0,0.0,0.08513685954634356,0.03233858313640171,0.0,0.0,0.0,0.0,0.0266367747325629,0.0,0.0,0.02107153654443938,0.11796881709350333,0.13768184795683142,0.052104824709560016,0.08025654764500734,0.04916642424230582,0.0,0.0,0.0,0.0,0.09922173095015217,0.0,0.09339091518941177,0.042438450675185764,0.0,0.047283303644574996,0.0,0.0,0.04310440433839053,0.0,0.04853839023626393,0.12102473582892931,0.0,0.0,0.04870109399123078,0.05886493774317829,0.0791501746827285,0.03744233798458843,0.0,0.0,0.0,0.12455137042223444,0.05617540922762793,0.06633212960622455,0.0,0.0,0.0,0.0,0.0,0.03987197185367057,0.14695317666256208,0.0,0.0,0.0,0.11467680652847972,0.0,0.07789133976165323,0.025912388235069122,0.0,0.0,0.0,0.0,0.0,0.14588061965444132,0.0,0.0,0.0,0.05073800539865015,0.0,0.04773016712239548,0.05212415692093979,0.0,0.0,0.0,0.06596204775328955,0.0,0.1285694269822957,0.0,0.0,0.1982194477858445,0.0,0.026037252800926107,0.0,0.14510491072507536,0.0,0.0,0.0,0.0,0.05681445493186506,0.16409227796151002,0.0,0.0,0.0,0.049411887380737145,0.0,0.06243380013551727,0.0,0.05754083789011546,0.0,0.0,0.02864088408694893,0.052975062832286195,0.13547314966899837,0.0,0.12734036344170974,0.0,0.06739353739018374,0.035969052408381,0.07855154647754015,0.0,0.0,0.03058380844679778,0.0,0.10139815787849693,0.0,0.0,0.08571058891574262,0.0,0.0,0.0,0.1283781464221687,0.044893740523858916,0.0,0.022639875554622747,0.0,0.0,0.0,0.06242166954962354,0.04746449864580179,0.039606845656877436,0.031825631391721176,0.0,0.026587457668312754,0.0495191834193173,0.08188745247235153,0.0765574005760068,0.0,0.0,0.026955905322535514,0.0307688262437885,0.06711651767012168,0.0,0.10480484256956107,0.0,0.1061927834014003,0.06435196868954463,0.1335651486765786,0.14485812258791667,0.0,0.1467102965079219,0.0,0.0,0.2350196670301229,0.0,0.04215351970877991,0.06410113590568191,0.0,0.0,0.07200333203133874,0.03196018637725296,0.0,0.03471921719990338,0.0
deflate,0.0,1.0,0.0,0.1375502074380652,0.0,0.2161273336408927,0.2067968252209345,0.0,0.0,0.0,0.0,0.1181103300262087,0.0,0.0,0.14987196086775717,0.0384901656238958,0.0,0.25767809866217045,0.0,0.04196091772611574,0.0,0.0,0.0,0.0,0.14156115650390572,0.0,0.0,0.0,0.07194763289579716,0.0,0.08444226549330133,0.05145777672685859,0.0,0.0,0.0,0.0,0.0,0.0,0.0,0.0,0.10758294678789478,0.08691717985451605,0.0,0.0,0.0,0.04802125361626879,0.07632070695906995,0.27460038604543346,0.0,0.14023162376833714,0.0,0.059426418857510335,0.0,0.0,0.22707353425326482,0.0,0.0,0.0,0.0,0.0,0.0,0.17319798044697846,0.14874503551553236,0.1877861989180269,0.09917194896836912,0.14613457988085224,0.0,0.12784659671149964,0.0,0.0,0.0,0.28501941402343195,0.0,0.0,0.1713778380475628,0.0,0.0,0.0,0.04674216560619691,0.0,0.0,0.10153347704935292,0.0,0.0,0.1999241436395527,0.04518152299168064,0.07469959064107169,0.0,0.0,0.0,0.05116594517628007,0.0,0.13188288758132816,0.07492649948790858,0.0,0.2958762022736564,0.0553764990919543,0.0,0.11413307646877383,0.0,0.0,0.05883363421153009,0.0,0.0,0.21665083595923534,0.0,0.10064011154228966,0.057062764310428594,0.1383781783920783,0.06904487222469939,0.37339150309210234,0.0,0.0,0.0,0.0,0.0,0.0,0.0,0.07481437004527466,0.0,0.04233200395668354,0.13067152592143508,0.0,0.0458530662984889,0.0,0.0,0.16828888315267382,0.0,0.11814985359094671,0.0,0.14200043522403352,0.0395784953330009,0.0,0.04409685044699114,0.33997778182454874,0.10317881664552117,0.04019956993708763,0.0,0.0,0.0,0.0,0.0,0.0,0.0,0.0,0.06646940348729491,0.0,0.12216386704570495,0.0,0.2097349879542202,0.09099746517650559,0.17435054292190308,0.0,0.0,0.0,0.216926042294241,0.275612431182586,0.0,0.0,0.2358422825392186,0.16400531332874493,0.0,0.1279566180043378,0.0,0.07264219070655994,0.0,0.05769701090262019,0.11173091110930983,0.14819292915098417,0.0,0.062350024109256455,0.0,0.1435064474791034,0.0,0.0,0.1272437365370346,0.20009874130916722,0.0,0.0,0.0,0.0,0.09314383834549854,0.0,0.0,0.0,0.05735677567145067,0.0,0.0,0.0,0.0,0.05097012088454431,0.0,0.0,0.0,0.15400163803641273,0.0,0.0,0.0,0.15271354965168624,0.0,0.19071808122403155,0.0,0.0,0.2578411142973413,0.0,0.0,0.1772392568056027,0.23251284254449064,0.18022735864495237,0.0,0.0,0.0,0.0,0.0,0.23186529569753217,0.0,0.0,0.0,0.0,0.04645325444498627,0.0,0.08885123711739065,0.0,0.0,0.14744226088251713,0.0,0.0,0.0,0.0,0.0,0.0,0.0,0.0,0.0,0.055773288517027925,0.0,0.0,0.0,0.0,0.0,0.0,0.0,0.076369002730897,0.0,0.0,0.0,0.0,0.0,0.05443061220948398,0.0,0.0,0.0,0.08139154063595315,0.0,0.0,0.05779341718776063,0.0,0.125830911395763,0.0,0.0,0.0,0.0,0.0,0.0,0.0,0.0,0.06715097972295102,0.0,0.0,0.05359728512111398,0.17917970876599434
stream,0.0,0.0,1.0,0.0,0.021508796759742165,0.0,0.0,0.0,0.0,0.0,0.01996864641778039,0.0,0.031184843691331912,0.0,0.0,0.12398387549451956,0.10681083348792693,0.027421568346096513,0.0,0.08109828234816427,0.0,0.0,0.0,0.0,0.02901696722538536,0.0,0.051991471297740996,0.0,0.0,0.0,0.09308957632301597,0.0,0.0,0.0,0.0,0.0,0.0,0.0,0.0,0.15768561327547015,0.0,0.05250402286306844,0.05242763810914469,0.046024591550160435,0.10051758694440133,0.0,0.0,0.029222403040475436,0.0,0.0,0.02497238672389797,0.0,0.0,0.0,0.020594911079569976,0.0,0.0,0.02174223011191238,0.03739920862953946,0.05738822746399254,0.0,0.0,0.0,0.0,0.09142802651555958,0.0,0.04126715566212869,0.0,0.0,0.0,0.0,0.0,0.06205050663682901,0.0,0.0,0.07698768009214316,0.07127053406195495,0.11573291621673623,0.02220073479607493,0.0,0.0,0.05596550676317843,0.15710346470666403,0.0,0.0,0.2907417076706319,0.02069054245561271,0.024044266765490773,0.14833384358085513,0.26338607813539516,0.02430186031642717,0.12960397413126806,0.0,0.0,0.023963829575523742,0.0,0.0,0.02741610955884357,0.17416521982390168,0.13489018033717792,0.0,0.08876686215293135,0.0,0.03079267864194605,0.0,0.0,0.055473081458928916,0.0,0.0,0.032265742442827615,0.03330035789178619,0.0,0.0,0.11384128849523849,0.052084535134475834,0.13168751180242874,0.027254895881321264,0.0,0.0,0.04351957864206825,0.017202560961955143,0.0,0.0,0.0,0.04781339512653579,0.0,0.0,0.05984384868876628,0.02412681192617001,0.051520348400225666,0.0683289796848735,0.0,0.025568072211854975,0.0,0.08060194956737411,0.0,0.0,0.09536374918150041,0.018395407186710268,0.10058418945105166,0.1562531776575362,0.030590060830288108,0.0,0.06368769551890989,0.0,0.07327620324879532,0.03217694206538896,0.025040943530959023,0.0,0.12669452254624206,0.020262794912442348,0.0,0.20336991313554983,0.02510545749120099,0.0,0.0,0.0,0.0,0.020010603659153584,0.0,0.0,0.10745736744319112,0.028492647605980165,0.0,0.029519786384747133,0.07860027936396174,0.0,0.03551306920138684,0.0,0.0,0.0,0.0,0.0,0.0,0.03266885463942993,0.0,0.3718494841089057,0.23104240139520893,0.028197323928584307,0.0,0.024124784292267627,0.13157361709327375,0.02419437907874348,0.0,0.0,0.023308214538554452,0.03276963932474725,0.04785402933274887,0.04351378466997015,0.050955980074381,0.023819130078021607,0.0,0.03481415486746812,0.0,0.0,0.06650327526824219,0.028266113591172277,0.022274794549038305,0.0,0.04189933586632491,0.0,0.018726451038201836,0.0,0.0,0.0,0.0,0.0,0.0,0.11210278826307786,0.020076847353157585,0.0,0.03323030175385571,0.07046521823710267,0.02697420725570882,0.0,0.06298729051014285,0.028812111773839893,0.035785465059021894,0.0,0.022063513082307935,0.0,0.0,0.0,0.2686369410833583,0.0,0.0,0.11078317491617576,0.08118603809454264,0.03812141363699625,0.0485718491653347,0.038769062396958,0.0,0.02531619050390212,0.0,0.0,0.034171216338183166,0.0,0.12429244506370157,0.022959378515119862,0.022703984348762554,0.03836099883443699,0.0,0.03103426018825541,0.0673243407199674,0.08870387908107266,0.030601363299152574,0.0,0.022196987060588487,0.0,0.028036860336994294,0.10715391365860995,0.0,0.01812380259510618,0.01886364058627392,0.02463659098600053,0.02744965517332149,0.027253717868140258,0.06935831340941317,0.0,0.20932849588068705,0.08906934183149263,0.03352435833017941,0.0,0.023121650351460608,0.044371963669631004,0.0,0.02728830942001025,0.05596715535473158,0.0,0.10531411255706637,0.03989871238890168
crimp,0.02881370882822444,0.1375502074380652,0.0,1.0000000000000002,0.02477877165483127,0.27714188957267666,0.0,0.0,0.0,0.07506974437207665,0.0,0.08343072764286466,0.08799132577217011,0.0,0.2560589109834113,0.027188667785310764,0.0,0.1960205733831369,0.0,0.029640336265891225,0.0,0.0,0.0,0.0,0.0999959130625199,0.0,0.0,0.0,0.050822340123392054,0.0,0.026810488063543487,0.0,0.0,0.0,0.0,0.0,0.036479194422746906,0.0,0.0,0.0,0.21582340888840856,0.0,0.0,0.0,0.0,0.0,0.024231886614762443,0.1752286006768064,0.0,0.0,0.0,0.04197760996342626,0.0,0.0,0.0,0.0,0.0,0.0,0.0,0.0,0.0,0.0,0.14019527437382595,0.0,0.0,0.1377348659126208,0.022588130536683012,0.1515966271227434,0.0,0.07836356755818825,0.0,0.11993622415722274,0.0,0.0,0.24183050137649126,0.0,0.0264866496392231,0.11777001819907801,0.033017712229429376,0.02945541044186571,0.0,0.0,0.0,0.0,0.29294259654268584,0.028690340690995863,0.0,0.0,0.0,0.0,0.0361425798712502,0.0,0.12430235096986506,0.0,0.0,0.12450476273789424,0.0,0.0,0.0,0.0,0.0,0.23487582284072045,0.0,0.0,0.0,0.0,0.0,0.040307972610659264,0.13111578141736266,0.04877188920255357,0.14550367744370354,0.0,0.0,0.09699188771137081,0.0,0.030027231983285035,0.0,0.0,0.023753623417878095,0.0,0.0,0.09230370017093019,0.0,0.0,0.0,0.0,0.20849182899689547,0.0,0.037700794326952745,0.0,0.164286327064717,0.0,0.09785458468424858,0.0,0.0,0.0,0.0,0.0,0.0,0.0,0.0,0.0,0.0,0.0,0.0,0.04220817947922881,0.0,0.08629406350001464,0.0,0.0,0.06332568644550973,0.12315766671446166,0.0,0.0,0.0,0.0,0.11188660983234738,0.0,0.0,0.16659417712942526,0.11585000757577195,0.0,0.1430836886362134,0.0,0.0,0.0292106420761288,0.0,0.0,0.1046804619701813,0.0,0.0,0.0,0.17016560446495133,0.06748318087719238,0.0,0.15088177376390305,0.0,0.0,0.0,0.0,0.0,0.0,0.0,0.0,0.09275047550966693,0.0,0.0,0.0,0.0,0.029351400006588618,0.1115646087174333,0.028649563574912367,0.0,0.0,0.1087836154273712,0.0,0.0,0.0,0.10787373606980605,0.0,0.134719361868188,0.0,0.0,0.2639830472075657,0.0,0.064864913458419,0.09126065757588714,0.09439005919711634,0.15959536350150488,0.0,0.0,0.15496276662990108,0.0,0.0,0.1193876556230031,0.04054736700404849,0.0,0.0,0.0,0.06729029447810869,0.0,0.0,0.0894986188409896,0.0,0.07591815676237179,0.0,0.0,0.0,0.0,0.0,0.0,0.025521588186887514,0.0803094125928501,0.0,0.0,0.0,0.0,0.0,0.035876551362109384,0.0,0.029971637605067637,0.0,0.0,0.0,0.07557501143141283,0.0,0.030386983055037568,0.03468523095426317,0.03844867406327755,0.0,0.03982218185821342,0.0,0.08451667435327948,0.0,0.0,0.040824090897659544,0.0,0.0,0.0,0.0,0.0,0.0,0.0,0.0722602378687758,0.0,0.0,0.0,0.03602823315563115,0.08607768421795038,0.07699847554607497,0.0
floured,0.021980932477784362,0.0,0.021508796759742165,0.02477877165483127,1.0,0.0,0.0,0.0,0.0,0.0,0.0,0.0,0.026951747597793993,0.02030762596143369,0.0,0.02143080883521265,0.030770702304089452,0.04779852217309397,0.0,0.04526798003769572,0.0690849115340404,0.0,0.0,0.020530034445010458,0.025078143230502274,0.17122676664466968,0.0,0.0,0.0,0.0,0.020452748076773983,0.0,0.0,0.0,0.32204683242299564,0.0,0.027828653167513078,0.0,0.0,0.0,0.06589414590337096,0.021272060064425957,0.0,0.039777116955576654,0.0,0.0,0.018485626639173695,0.025255692757146005,0.0,0.5455310500532679,0.021582582569880875,0.03052275018809178,0.0,0.0,0.0,0.0,0.0,0.018790894191728778,0.0,0.0,0.019840715773428993,0.0,0.026795446829760067,0.034653286979663196,0.0,0.02632519029368082,0.0331194586870624,0.0,0.01696873635926238,0.018469493805833046,0.0,0.0,0.0,0.0,0.0,0.10661542746955503,0.020205703498752645,0.09514231723825928,0.0,0.022470463343957248,0.0,0.0,0.03350601436129445,0.0,0.03601502895415659,0.055070851309479085,0.017881964823832575,0.026426850492242415,0.023789990345717642,0.04195944653313868,0.0,0.02764110025600792,0.02375784099074478,0.0,0.04331120142405515,0.0,0.0,0.021110323253999478,0.0,0.023315980864634305,0.03518159429128515,0.028500170902329775,0.0,0.026612815854786344,0.0,0.0,0.0,0.0,0.0,0.0,0.027810039032280097,0.0,0.0,0.0,0.025911380180381548,0.022906685239799014,0.0,0.0,0.01812077700804858,0.0176320030422614,0.0,0.0,0.019062994184530075,0.054157092409664376,0.0,0.04074446140966602,0.0,0.02303979322580035,0.1330383725482531,0.02563070460314658,0.11430566822069466,0.04674619174280692,0.0,0.01969544144093655,0.0,0.023157472856149074,0.0,0.04642227402128419,0.020218236646951097,0.043465340298738775,0.025148138562583352,0.0,0.03496255013895171,0.0,0.0,0.0321990878950762,0.13817197139993337,0.02164183333215209,0.0,0.0,0.04830886735776976,0.0,0.08629025068685026,0.0,0.0,0.0,0.0,0.0,0.01729432234579098,0.0,0.0,0.21239607853115156,0.033964898223980085,0.0,0.0,0.0222837384432499,0.025769824557326664,0.027344958225157884,0.0,0.0,0.0,0.0,0.0,0.0,0.0,0.0,0.0,0.0326934686607498,0.021711856007598236,0.0,0.02085003547018426,0.044594483759732066,0.0,0.0,0.017993059705962787,0.0,0.0283214197477868,0.023806758455317927,0.0,0.022391117558642336,0.06922908239719149,0.04200693083833287,0.03008840846232367,0.0,0.0,0.033084516243966106,0.04733330332306564,0.03730048007653508,0.0,0.036211832131076975,0.0,0.02058208414769085,0.0,0.0,0.0,0.04948308776932602,0.0,0.0,0.04733942974639392,0.0,0.0,0.036523143950541716,0.02030004057043207,0.0,0.028072181232163613,0.030932114348115082,0.0,0.04531123096482685,0.0,0.02630099479231119,0.0,0.0,0.0,0.0,0.0,0.0230944860104111,0.025619187284365474,0.02515266952141228,0.03294673298943005,0.0,0.0,0.019469493150159063,0.0,0.0,0.0,0.0,0.0,0.058072004900639046,0.02736891865353399,0.0,0.022864274306828667,0.0,0.0,0.019395197832131547,0.0,0.05530759620549168,0.023181126272855374,0.06657798933411223,0.02795679112077293,0.0,0.030378896925827587,0.0,0.0,0.03158829807880797,0.021292368449784375,0.0,0.0,0.0,0.0,0.0,0.0,0.0,0.0,0.08053752288419268,0.022074475984577825,0.20365707599752342,0.0,0.027484631187501336,0.0,0.029857300223294775,0.04385233774929643
punch,0.0,0.2161273336408927,0.0,0.27714188957267666,0.0,1.0,0.0,0.0,0.08575048182378742,0.13557653905053194,0.07314334769104945,0.07533826975767968,0.0,0.0,0.30196827182216224,0.02455147217137883,0.0,0.21163001632618977,0.0,0.026765338291988745,0.0,0.05873425628421852,0.0,0.0,0.09029669626300937,0.0,0.0,0.0,0.04589276970377854,0.0,0.0,0.0,0.0,0.06867993443033218,0.0,0.0,0.0,0.06127817931632926,0.0517690509142139,0.0,0.06293147219979112,0.0,0.0,0.0,0.0,0.09983719602031453,0.0,0.22552822488093252,0.0,0.043003775045106864,0.0,0.0379059441593848,0.0,0.0,0.0,0.0,0.0,0.0,0.0,0.0,0.0,0.3531985146826899,0.09487903054964089,0.05989098204922583,0.0,0.09321391615403854,0.0,0.30650299711811535,0.0,0.0,0.0,0.10830287430733157,0.0,0.0,0.1093156694291702,0.0,0.0,0.0,0.02981512185019198,0.0,0.0,0.0,0.0,0.0,0.31627010072963246,0.0,0.0,0.0,0.0,0.0,0.032636889417224285,0.0,0.08412328167078262,0.0,0.0,0.11242828231602503,0.0,0.0,0.0,0.0,0.0,0.06848692359940631,0.0,0.0,0.0,0.0,0.0,0.036398255171956724,0.0,0.04404120459145839,0.17134430283132648,0.0,0.0,0.0,0.0,0.0,0.0,0.0,0.0,0.0,0.0,0.08335059826970427,0.0,0.0,0.10067051131756678,0.0,0.10734533781559491,0.0,0.07536348039743793,0.0,0.09057689612959557,0.0,0.0,0.0,0.0,0.0,0.0,0.0,0.0,0.0,0.0,0.0,0.0,0.0,0.0,0.0,0.0,0.12877309890721433,0.0,0.0,0.0,0.11121184939652212,0.058271711468909096,0.0,0.0,0.07217790133269417,0.17580311294021467,0.0,0.0,0.15043518630642935,0.10461300492947567,0.0,0.1780015607445625,0.0,0.0,0.0,0.0,0.0,0.09452686204568335,0.0,0.0,0.0,0.2533213806133378,0.1388584190652759,0.0,0.22461401268159126,0.0,0.0,0.0,0.0,0.0,0.0,0.0,0.0,0.0,0.0,0.0,0.0,0.0,0.0,0.10074327318518611,0.0,0.0,0.0,0.09823202548784069,0.0,0.0,0.0,0.19459138040401622,0.0,0.12165210483905019,0.0,0.0,0.31228798697942367,0.0,0.0,0.08240872677206518,0.14831145802280538,0.11496045570522531,0.0,0.0,0.0,0.0,0.0,0.10780751479915943,0.0,0.0,0.0,0.0,0.029630835962628534,0.0470359397718263,0.0,0.0,0.0,0.06855438919522044,0.0,0.0,0.0,0.0,0.0,0.07481023945016957,0.0,0.07251971019478927,0.0,0.0,0.0,0.0,0.0,0.0,0.0,0.0,0.0,0.0,0.0,0.0,0.0,0.0,0.0,0.03471930139221362,0.0,0.0,0.0,0.0,0.0,0.0,0.03686431198137765,0.0,0.0,0.0,0.0,0.0,0.0,0.0,0.0,0.06897414823811739,0.0,0.0,0.08445368604644092,0.0,0.03418775245008409,0.0
devein,0.0,0.2067968252209345,0.0,0.0,0.0,0.0,1.0,0.0,0.3235198148115953,0.0,0.0,0.0,0.0,0.0,0.0,0.10612505045720495,0.0,0.0,0.0,0.0,0.0,0.0,0.0,0.0,0.0,0.0,0.0,0.0,0.0,0.0,0.08536326925415473,0.05201902180494512,0.0,0.0,0.0,0.0,0.0,0.0,0.0,0.0,0.0,0.08786517727098911,0.0,0.0,0.0,0.25133320147434796,0.077153129653199,0.0,0.0,0.0,0.0,0.0,0.0,0.0,0.0,0.0,0.0,0.0,0.0,0.0,0.0,0.1027240183827663,0.0,0.0,0.0,0.0,0.0,0.0,0.0,0.0,0.0,0.11648616459598468,0.0,0.0,0.0,0.0,0.0,0.0,0.0,0.0,0.0,0.10264089302959323,0.0,0.0,0.0,0.045674313567032075,0.0,0.0,0.0,0.0,0.0,0.0,0.0,0.07574371569371276,0.0,0.12092328558099741,0.523677551717688,0.0,0.0,0.0,0.0,0.19826577079990737,0.0,0.0,0.0,0.0,0.10173778366988681,0.0,0.1398874560266209,0.0,0.0,0.0,0.0,0.0,0.0,0.0,0.0,0.0,0.07563036326590944,0.0,0.04279371509885629,0.0,0.0,0.4336175433927035,0.0,0.0,0.0,0.0,0.0,0.0,0.0,0.541416360883712,0.0,0.417009580945078,0.2087989927726343,0.0,0.04063802282416329,0.0,0.0,0.0,0.0,0.0,0.0,0.0,0.0,0.06719437895113224,0.0,0.0,0.0,0.21202254752595745,0.09198996587702667,0.0,0.0,0.0,0.0,0.0,0.0,0.0,0.0,0.0,0.0,0.0,0.0,0.0,0.07343449217368103,0.0,0.05832630671462713,0.0,0.0,0.0,0.3263269904739275,0.0,0.0,0.0,0.0,0.0,0.20228119925497395,0.0,0.0,0.0,0.0,0.0,0.0,0.0,0.0,0.057982360570141264,0.0,0.0,0.0,0.0,0.0,0.0,0.0,0.0,0.0,0.0,0.0,0.0,0.0,0.0,0.0,0.0,0.0,0.0,0.0,0.0,0.04856834937950031,0.0,0.0,0.0,0.0,0.0,0.0,0.0,0.211806887456229,0.0,0.0,0.0,0.0,0.0,0.0,0.0,0.0,0.0,0.04040316670758663,0.0,0.0,0.0,0.0,0.0,0.15767037312000776,0.0,0.0,0.0,0.05638160247188528,0.0,0.0,0.0,0.0,0.0,0.0,0.0,0.07720195218241734,0.0,0.0,0.0,0.0,0.0,0.0,0.0,0.0,0.0,0.08227927043085441,0.0,0.0,0.0,0.15821052311450154,0.1272033371821875,0.0,0.0,0.0,0.0,0.0,0.0,0.0,0.0,0.06788338907398547,0.0,0.0,0.0,0.0
select,0.0,0.0,0.0,0.0,0.0,0.0,0.0,1.0000000000000002,0.0,0.04822422380947601,0.0,0.0,0.05108911433458905,0.0,0.0,0.0,0.0,0.0,0.0,0.0,0.0,0.0,0.0,0.0,0.0,0.0,0.0,0.0,0.037967914246926505,0.0825901881699474,0.0,0.0,0.0,0.0,0.0,0.0,0.0,0.0,0.0,0.0,0.1584685242598262,0.0,0.0,0.0,0.0,0.0,0.0,0.0,0.0,0.0,0.0,0.06171084578204934,0.0,0.0,0.0,0.0,0.0,0.0,0.0,0.0,0.0,0.0,0.0,0.0,0.0,0.0,0.0,0.0,0.0,0.0,0.0,0.0,0.0,0.0,0.0,0.0,0.03766588460401364,0.0,0.0,0.0,0.0,0.0,0.0,0.04571526469874304,0.0,0.0,0.0,0.20399288461916568,0.0,0.0,0.0,0.0,0.0,0.06765991177291447,0.05325101974369271,0.0,0.0,0.0,0.0,0.0,0.0,0.0,0.0,0.0,0.0,0.0,0.0,0.0,0.0,0.0,0.0,0.0,0.0,0.0,0.0,0.0,0.0,0.0,0.0,0.0,0.0,0.04388071366189508,0.0,0.0,0.0,0.0,0.0,0.0,0.0,0.0,0.0,0.0,0.0,0.0,0.0,0.0,0.0,0.0,0.0,0.0,0.0,0.047621956467199085,0.0,0.0,0.0,0.0,0.0,0.17908131853812187,0.0,0.0,0.04502679709619331,0.0,0.0,0.0,0.06612048983570153,0.0,0.0,0.0,0.0,0.0,0.17277742780146513,0.0477484545706513,0.0,0.0,0.5379762997859692,0.0,0.0,0.05528599125407964,0.0,0.19720915981595544,0.0,0.06181803475511161,0.0,0.0,0.0,0.0,0.0,0.0,0.0,0.0,0.0,0.0,0.0,0.0,0.0,0.0,0.0,0.0,0.0,0.0,0.0,0.0,0.0,0.0,0.0,0.1408621136282199,0.0,0.0,0.0,0.0,0.0,0.041612823644143544,0.042389119536714204,0.0,0.0,0.0,0.0,0.0,0.0,0.0,0.0,0.07384243195381524,0.0,0.0,0.0,0.0,0.13568172734019301,0.0,0.0,0.0,0.0,0.0,0.0519642718259995,0.0,0.0,0.0,0.0,0.0,0.0,0.0,0.0,0.0,0.0,0.04277453317972727,0.0,0.0,0.0,0.0,0.0,0.0,0.0,0.0,0.06896251689686651,0.0,0.04388001164858571,0.0,0.0,0.0493248457008381,0.056522993989187545,0.0,0.0,0.0,0.0853484417032355,0.030903688349947334,0.0,0.0,0.0,0.0,0.0,0.0,0.0,0.11060173342841487,0.0,0.05137957835545485,0.08867606487791391,0.0457838520772557,0.19023249491417857,0.0,0.04997802467545501,0.0,0.0
sterilize,0.07837826258722665,0.0,0.0,0.0,0.0,0.08575048182378742,0.3235198148115953,0.0,1.0,0.0,0.0,0.0,0.0,0.0,0.0,0.0,0.0,0.0,0.06129928343418214,0.0,0.0,0.0974171925154736,0.07533745173434307,0.0,0.07800365738031743,0.0,0.0,0.0,0.0,0.0,0.0,0.0,0.13864072436720976,0.11391318827591067,0.06221156261127144,0.0,0.0,0.1016365672967674,0.08586463706714885,0.0,0.0,0.0,0.0,0.0,0.0,0.38356506030022525,0.0,0.0,0.0,0.1282557713957097,0.06713098177522774,0.0,0.08893052628174876,0.0,0.0,0.06828308877206114,0.0,0.06813405151827562,0.0,0.0,0.0,0.13355708714745865,0.0,0.08149809501370296,0.16104184923085144,0.0,0.0,0.08212156467446995,0.06562399462237704,0.0,0.0,0.0,0.0,0.0,0.0,0.0,0.0,0.0,0.0,0.0,0.0,0.0,0.0,0.0,0.0,0.0,0.0,0.0,0.0,0.0,0.0,0.0,0.0,0.0,0.0,0.0,0.24473460467070596,0.0,0.0,0.0,0.0,0.0,0.0,0.0,0.0,0.100776542921578,0.0,0.0,0.0,0.0,0.0,0.0,0.0,0.0,0.0,0.0,0.0,0.0,0.0,0.0,0.0,0.0,0.0,0.202646108683508,0.0,0.0,0.0,0.0,0.0,0.0,0.0,0.2623737750024363,0.0,0.2602249575317812,0.0,0.0,0.0,0.0,0.0,0.0,0.0,0.0,0.08222542452662115,0.0,0.0,0.0,0.0,0.08433900643304548,0.0,0.0,0.0,0.11199312109105314,0.09665001131372336,0.0,0.0,0.0,0.0,0.0,0.0,0.0,0.0,0.0,0.0,0.0,0.0,0.0,0.0,0.0,0.0,0.0,0.2830141256168608,0.21968339134664353,0.0,0.0,0.0,0.0,0.0,0.0,0.0,0.0,0.06485244973023248,0.0,0.0,0.0,0.0,0.0,0.0,0.0,0.0,0.0684901488899054,0.0,0.0,0.0,0.0,0.0,0.0,0.0,0.0,0.0,0.0,0.0,0.0,0.10934517634014071,0.0,0.0,0.15135930754583077,0.0,0.0,0.0,0.0,0.0,0.0,0.0,0.09835547520787857,0.0,0.0,0.0,0.0,0.0,0.0,0.07801425419818253,0.08409701170210596,0.134044833398334,0.0,0.0,0.0,0.0,0.0,0.0,0.0,0.12408097011358644,0.0,0.0,0.0,0.0,0.0,0.08013759509790541,0.0,0.0,0.08278505271965587,0.0,0.06622831057873861,0.0,0.0,0.11319101844911673,0.0,0.0,0.0,0.0,0.1022302044186445,0.0,0.0,0.0,0.0,0.0,0.0,0.0,0.10867475127283549,0.0,0.0,0.0,0.0,0.0,0.0,0.0,0.0,0.0,0.0,0.12892119442434496,0.0,0.0
overmix,0.05726239431081352,0.0,0.0,0.07506974437207665,0.0,0.13557653905053194,0.0,0.04822422380947601,0.0,1.0000000000000002,0.031005556680912368,0.0,0.043348749306521994,0.2051447404816808,0.1920615452801312,0.0,0.0,0.07301096023615364,0.0,0.0,0.0,0.0,0.0,0.0,0.0,0.022003702327154796,0.0,0.17674077125443774,0.21646646275699427,0.0,0.0,0.1111042232604843,0.0,0.0,0.0,0.03070663640878507,0.03624812806343758,0.0,0.0,0.0,0.04142190717668764,0.0,0.0,0.0,0.0,0.0,0.0,0.07780575054879096,0.0,0.0,0.0,0.05236121271901503,0.0,0.0,0.0,0.0,0.0,0.024889036802077665,0.0,0.0,0.0,0.0,0.0,0.02977085672868278,0.0,0.0,0.0,0.029998607155760297,0.0,0.0,0.0,0.0,0.0,0.0,0.0,0.0,0.03195923457225278,0.0,0.0,0.0,0.0,0.0320327664251999,0.0,0.07073242460846851,0.10911109940408727,0.0,0.0,0.16239675954151114,0.0,0.0,0.0,0.0,0.0,0.0574089528022948,0.1782167058379731,0.0,0.0,0.0,0.0,0.11041511585194931,0.0,0.0,0.0,0.0,0.0,0.0,0.0,0.0,0.0,0.05009940509898682,0.0,0.0,0.0,0.14068808677551353,0.12270588405055308,0.0,0.0,0.0,0.0,0.0,0.053421245266562015,0.06789393633197377,0.0,0.02893234045170644,0.12702080454229986,0.0,0.0,0.0,0.0,0.1213767173062014,0.0,0.024973215402573714,0.0,0.027824204420160578,0.0,0.0,0.02536510068619624,0.0,0.028562769266531292,0.0,0.0,0.159377759299132,0.0,0.03463950136094473,0.0,0.0,0.0,0.0,0.0,0.0,0.038204916347063085,0.0,0.0,0.0,0.056102764262869975,0.0,0.1328819783655161,0.0,0.0,0.0,0.0,0.04051422331186644,0.14714090069669544,0.0,0.04583572620854888,0.0,0.0,0.04690976945382475,0.0,0.05154827780749364,0.0,0.05245216179852479,0.0,0.0,0.0,0.029857148829853977,0.0,0.02808716448843845,0.030672839789255217,0.0,0.0,0.1125063803542543,0.0,0.0,0.025419210475896632,0.0,0.0,0.03153268180251875,0.0,0.0,0.0,0.0,0.0,0.0,0.0,0.0,0.0,0.025498680606180473,0.0,0.0,0.0,0.06438496923404685,0.2477628837944859,0.12219246041440081,0.0,0.0,0.0,0.11210222405473924,0.0,0.031173561570406436,0.03920832308370678,0.06265477710156107,0.0,0.0,0.03965821794174387,0.0,0.0,0.0,0.0,0.0,0.0,0.0,0.17391030989966216,0.0,0.05043702032519873,0.0,0.0,0.11911293525742435,0.0,0.026418048597262413,0.0,0.0,0.0,0.03629388646998199,0.0,0.0,0.0,0.023306936805401225,0.0,0.0,0.0,0.0,0.10670147180296138,0.0,0.2564770947311815,0.0,0.0,0.2883019545374827,0.08745456112594824,0.0,0.0,0.0,0.02814104556109885,0.026221559257326416,0.0,0.0852428173188638,0.0,0.0,0.0,0.0,0.13829903484238637,0.0,0.0,0.04359520595755364,0.0,0.15322612293726068,0.0423708851740212,0.0,0.04240599765153271,0.0,0.0
invert,0.05268956226293423,0.0,0.01996864641778039,0.0,0.0,0.07314334769104945,0.0,0.0,0.0,0.031005556680912368,1.0000000000000002,0.0,0.0,0.0,0.0,0.0,0.03750188853796822,0.0,0.04803762592842971,0.0,0.0,0.0,0.0,0.0,0.030564064572699348,0.02024654151708702,0.0,0.03381379956663422,0.0,0.0,0.05701536643421295,0.0,0.0,0.10687510633340808,0.0,0.05650896196076222,0.033353442927073686,0.03178566386564065,0.02685317464326078,0.07272828515200563,0.0,0.0,0.06422160495608852,0.0,0.025794130906025062,0.0,0.02215555633862434,0.0,0.0,0.0,0.02630383921362757,0.0,0.0,0.0,0.022414171767056207,0.0,0.0,0.02290146037431563,0.037433772154855084,0.059507831011329226,0.02579107587672273,0.11803359264882263,0.0,0.027393430332524647,0.031550401892056934,0.0,0.0,0.10288880623771506,0.0,0.0,0.0,0.03665888322310922,0.0,0.0,0.0,0.08378842126899348,0.018447573085773373,0.0,0.2839019835440779,0.0,0.0,0.0294747095598808,0.0,0.029392432243176225,0.0,0.0,0.0,0.06052066319757461,0.0,0.0,0.3483395255404505,0.0,0.0,0.0,0.026080685186112788,0.0,0.0,0.0,0.0,0.0,0.0,0.026020325682311277,0.0,0.0,0.0,0.0,0.0,0.038098601354451526,0.0,0.3329797811960294,0.0,0.0,0.0,0.0,0.02405598020188482,0.0,0.0,0.0,0.021718273539652905,0.0,0.09245489359094297,0.05642583113490892,0.0,0.026621875874909426,0.05203701278396967,0.0,0.0,0.0,0.026258064655646302,0.023795402568346443,0.031558706980304684,0.022978916681643067,0.027826639313704687,0.02560223282413132,0.0,0.0,0.023339506983530905,0.02795407826530841,0.046302191436629225,0.0,0.03269022938650915,0.0,0.0,0.06374655428509841,0.041478039651816644,0.0,0.0,0.0,0.03161046934498808,0.03336237328002866,0.11833692088678427,0.0,0.0,0.06319173514688747,0.0,0.07678581602087355,0.0,0.0,0.0,0.030921410746542054,0.0,0.0,0.071717467876526,0.0,0.07430282931396198,0.02034479490315631,0.0,0.0,0.0,0.0,0.0,0.0,0.0,0.08289539614107354,0.0,0.027472831361632515,0.02056230349295565,0.025844193556946435,0.028223383274628026,0.025357280187629012,0.0,0.02070063445037207,0.026331600382882094,0.0,0.0233892957003278,0.05866798166826416,0.0,0.08013118207938767,0.0,0.0,0.0259232035937384,0.0,0.0,0.09742809044508711,0.025125132484001243,0.030715479538846624,0.029773177682884833,0.023462419544135412,0.0,0.0,0.0,0.0471354459348909,0.0,0.03380568961890189,0.0,0.05930690694353445,0.0,0.0,0.0,0.1574531118848988,0.036077244153133285,0.0836423884335416,0.0,0.029356985925974462,0.03649121152944753,0.11446896856505082,0.12710152584420703,0.0,0.0,0.1099885803951994,0.0,0.0,0.0,0.02532522072694665,0.046409245627362636,0.0,0.023784709954110986,0.09465193453356248,0.0,0.02430836909954045,0.0,0.0,0.027552507522349914,0.0,0.0,0.0,0.026936134249045156,0.02144570293901521,0.024987505491745082,0.024709550967400698,0.0417496348349792,0.0,0.07811483821727461,0.0,0.0,0.03330454842185302,0.0,0.024157767846868645,0.03634121517083399,0.030513508942786705,0.06414556434219248,0.0,0.10584497366391521,0.0,0.0,0.5140729032455102,0.02966118723345028,0.0,0.0,0.09586835096139767,0.2241921407206356,0.0,0.0,0.05819838995885753,0.16724888362156803,0.0,0.06868608636508503,0.11493844970010929,0.0,0.027259369021578994,0.04342318300448271
pressure,0.08259088593306559,0.1181103300262087,0.0,0.08343072764286466,0.0,0.07533826975767968,0.0,0.0,0.0,0.0,0.0,1.0000000000000002,0.0,0.05837768958917179,0.09090445577183204,0.0233461118300526,0.0,0.08114264394208237,0.02218275561008134,0.05174872597379732,0.07174800115481159,0.0,0.3477706956945844,0.034369944269922154,0.08586355857299773,0.03235156699971694,0.0,0.08709655877269039,0.04363965330536398,0.0,0.0,0.0,0.05017078722534492,0.0,0.02251288778944469,0.22083298374329183,0.0,0.0,0.024800451685675507,0.0,0.0,0.0,0.0,0.08482103886333642,0.023822363865994824,0.0,0.0,0.08647145980557541,0.024311049534171538,0.0,0.05468537295431383,0.07268867837507448,0.0,0.0,0.02717501978220563,0.0,0.0,0.0,0.0,0.0,0.11065482164603883,0.0,0.09022092207249072,0.07677505502957867,0.0,0.08863755686252661,0.0,0.07754502729562962,0.028407868703824408,0.0,0.0,0.10298571904142945,0.0,0.0,0.10394879074687857,0.05079268663523146,0.0,0.0,0.0576452482561288,0.0,0.0,0.0,0.0,0.0,0.12126347962604786,0.0,0.05613555082125871,0.0,0.0,0.05300004138590451,0.06310091913146426,0.0,0.07999322923236371,0.0,0.0,0.10690858916682375,0.0,0.18239476925956238,0.0,0.0,0.0,0.24605039033919524,0.0,0.0,0.0,0.0,0.0,0.034611274213279454,0.0,0.04187899122078062,0.0936370787285257,0.0,0.0,0.0,0.0,0.0,0.0,0.0,0.0,0.1791390975242904,0.0226988081006801,0.209048650089679,0.2223095020526425,0.0,0.0,0.0,0.10207519303054931,0.0,0.03183536888516222,0.0,0.0,0.0,0.0,0.05322674150644312,0.0,0.08436785420322229,0.0,0.14304682724758108,0.041995221071649894,0.21666657004329132,0.07519375997472037,0.0,0.0,0.0,0.0383073559110663,0.0,0.0,0.07409818210473143,0.0,0.03081207111049984,0.0,0.10575187730961877,0.0,0.0,0.08838170723566963,0.0,0.09607375124288711,0.038594730151817865,0.06607798779270695,0.2141746750816701,0.09947700467463336,0.0,0.0,0.0,0.0,0.0,0.0,0.0,0.08988604336464687,0.0,0.0,0.036707384048426835,0.08704346985456317,0.0,0.0,0.07717936399377553,0.0,0.0,0.04509761206363247,0.0,0.0,0.0,0.03192452385653924,0.0,0.0,0.0,0.055153772530693784,0.046361819154224555,0.0,0.0,0.030915796876257475,0.2739961777960202,0.0,0.0,0.09340930093003505,0.0,0.027497242484836985,0.07355468267560829,0.09262801420420846,0.0,0.11567956593839751,0.12458352165071551,0.0,0.15639287052155398,0.0,0.0,0.07836285081249507,0.08104997622765928,0.10931644490373019,0.0,0.03331941055232544,0.0,0.0775622083470028,0.0,0.21412720018336462,0.0,0.03801762990848355,0.0,0.0745762519612213,0.02817610305291196,0.0,0.0,0.0,0.0,0.06518869522041708,0.0479694674901134,0.0,0.0,0.11199565138591563,0.050536814011195495,0.0,0.0,0.2027440233334134,0.0,0.0,0.10930400786009728,0.0,0.0,0.0,0.0,0.0,0.02396645353308484,0.0,0.10141701579385992,0.0,0.0,0.0,0.0,0.03301474906701688,0.0,0.033626714553382946,0.04998397696702552,0.0,0.08524825262939903,0.08135368558370196,0.03505444985325523,0.0,0.0,0.0,0.0,0.0,0.0,0.2612071976343693,0.052784850489880776,0.0,0.0,0.0,0.0,0.0,0.032509296646099785,0.0
thread,0.0,0.0,0.031184843691331912,0.08799132577217011,0.026951747597793993,0.0,0.0,0.05108911433458905,0.0,0.043348749306521994,0.0,0.0,1.0,0.0,0.0,0.03107177175786066,0.04461335296177857,0.03436078721906664,0.0,0.03387358919356796,0.0,0.0,0.0,0.0,0.036359912897397324,0.0,0.0,0.0,0.034129353805340705,0.0,0.0,0.0,0.0,0.0,0.0,0.0,0.0,0.0,0.0,0.0,0.04388268767305067,0.0,0.0,0.057671435022958295,0.0,0.0,0.0,0.036617335676444554,0.0,0.0,0.031291823127769784,0.4035199074056447,0.0,0.08774609213632252,0.0,0.0,0.0,0.027244252885694348,0.0,0.0,0.0,0.0,0.0,0.0,0.0,0.0,0.0,0.0,0.0,0.0,0.0,0.0,0.0,0.0,0.0,0.0,0.033857859393621514,0.0,0.0,0.0,0.0,0.0,0.04857918517005017,0.041093446246774114,0.0,0.0,0.025926428342512232,0.04802800749840486,0.0,0.0,0.0,0.04007585364112086,0.0,0.06081948700995244,0.04786733560100136,0.0,0.0,0.0,0.0,0.03380501600789792,0.0,0.0,0.0,0.03858498045651069,0.0,0.0,0.0,0.1128809452734332,0.0,0.0,0.0,0.0,0.0,0.1072777896161102,0.03756799368081251,0.0,0.0,0.0,0.0,0.0,0.0,0.03944436852806306,0.0,0.0,0.0,0.09542939517033001,0.0,0.0,0.0,0.037161052088411146,0.04928493016958033,0.0,0.10823197482213735,0.0,0.0,0.0,0.0,0.0,0.0,0.06301885960184075,0.0,0.042807371260936165,0.0,0.0,0.0,0.0,0.0,0.22521299479664217,0.0,0.0,0.04047458279701702,0.0,0.035957950695785355,0.0,0.05943570080539166,0.0,0.0,0.0,0.02507442629754364,0.0,0.0,0.04292108039176562,0.0,0.0,0.0,0.0,0.0,0.049696571260619035,0.0,0.17034221538352565,0.0,0.05556822442198918,0.0,0.0,0.0,0.0,0.0,0.0,0.0,0.0,0.030229728996900733,0.06465596476999556,0.0,0.0,0.0,0.0,0.041062224810474224,0.03451657707863727,0.0,0.0,0.0,0.0,0.04362411925220869,0.0,0.0,0.04796806995742808,0.03541905052102886,0.027911586463174824,0.0,0.05250225465415217,0.0,0.03740576244862301,0.0381035747383071,0.0,0.0,0.0,0.0,0.0,0.0,0.0,0.0,0.06637695369854468,0.029432310844161286,0.0,0.0,0.0,0.0,0.0,0.0,0.0,0.0,0.0,0.14570054440805502,0.0,0.0,0.0,0.03714435353525897,0.03646796593071592,0.04776830288984242,0.0,0.0,0.0,0.0,0.03845002301824818,0.0,0.0,0.0,0.0,0.0,0.0,0.0,0.0,0.06199039860796333,0.028120411360692606,0.12303341047938877,0.0,0.0,0.04433809819969278,0.05080851287874701,0.0,0.0,0.0,0.0,0.051416538178664234,0.030871051939435994,0.0,0.0,0.0,0.0,0.0,0.0,0.0,0.0,0.04618509714961478,0.1117159066419529,0.04115509943353111,0.0,0.0,0.14013138542643172,0.0,0.0
scramble,0.3147975386498197,0.0,0.0,0.0,0.02030762596143369,0.0,0.0,0.0,0.0,0.2051447404816808,0.0,0.05837768958917179,0.0,1.0000000000000002,0.0,0.0,0.0,0.0,0.02296317228207724,0.052745715703812854,0.080496922994204,0.0,0.08466592690235485,0.05950047491982528,0.0,0.03629650381338048,0.0,0.09016072301515211,0.0,0.0,0.05275560142966347,0.0,0.051935857331424244,0.0,0.04515490692499581,0.09169407069716658,0.0,0.0,0.02567296213066882,0.0,0.0,0.02478595315404659,0.0,0.08780514751189748,0.024660463976466485,0.0,0.0,0.0,0.025166342208520938,0.0,0.0,0.4188378633894569,0.0,0.0,0.28423560926287117,0.04892825724927053,0.0,0.0,0.0,0.0,0.12932523097825413,0.0,0.0,0.0,0.0,0.0,0.05628045934872358,0.0,0.04917906372099631,0.06542579810727714,0.0,0.0,0.0,0.0,0.0,0.05257963592874408,0.0,0.0,0.0303245026095376,0.0,0.0,0.0,0.0,0.0,0.0,0.0,0.05811046865935966,0.030792254080041766,0.027719815779868172,0.0,0.033194479072485676,0.0,0.0,0.0,0.11326430746572339,0.0,0.0,0.06118227724792113,0.0,0.09400701838936243,0.040993178157049295,0.0,0.0,0.05931397168368748,0.0,0.0,0.0,0.0,0.0,0.0,0.0,0.0,0.0,0.1197813130803904,0.10447133265603208,0.0,0.0,0.0,0.0,0.09492657487792161,0.023497380135083058,0.0,0.21072896574626757,0.023862866119566672,0.0,0.0,0.0,0.026845694955920957,0.03295537638440316,0.1033396850404435,0.0,0.020597452069992098,0.0,0.02294889575456334,0.0,0.026982813871351572,0.0,0.0,0.02355805055415451,0.09594663738067924,0.029302314041791625,0.1012913545201922,0.0,0.0,0.03965505588750612,0.0,0.0,0.0,0.06802982768834685,0.03189607773330323,0.0,0.0,0.027093627618026972,0.0,0.0,0.0,0.21235473172631758,0.19933034079594542,0.10694784156755906,0.0,0.0,0.0,0.0,0.0,0.0,0.0,0.03002669522046288,0.03186202236715124,0.0,0.0,0.0,0.03799879504353916,0.0,0.0,0.0,0.0,0.0,0.04726214535159753,0.025298398192834234,0.0,0.0,0.0,0.03304766793751407,0.0,0.020965300662899946,0.0,0.0,0.0,0.0,0.057755411109273014,0.030503933119751997,0.11836863721106407,0.0,0.0,0.0,0.0,0.05515220600348762,0.09717327320837846,0.0,0.0,0.0,0.02398200136480656,0.1803223409247998,0.0,0.0,0.0,0.0,0.1482035103452968,0.026460586320911358,0.0,0.034491628465788515,0.04255633597568334,0.08029094239496351,0.0,0.032709374026068966,0.0,0.03935513696720382,0.0,0.0,0.0,0.0,0.0,0.1105274094216677,0.06079766564336084,0.0,0.026909422342601925,0.057099397426997295,0.2655261900608996,0.07272756226658676,0.0,0.0,0.0,0.0,0.0,0.0,0.0,0.0,0.0192231359081663,0.0,0.0,0.0,0.10009834489175944,0.0,0.054113043056615615,0.1866645617262047,0.0,0.0,0.20982676072868298,0.03257492283108796,0.0,0.034809743800208376,0.05174247485806291,0.0,0.09963189852725451,0.08421580847203147,0.0,0.0,0.0,0.05386235959223859,0.0,0.0,0.0,0.110423179245981,0.029610706756668687,0.0,0.09738172759138014,0.0,0.0,0.09322738016765601,0.0,0.05109622602877047
knead,0.0,0.14987196086775717,0.0,0.2560589109834113,0.0,0.30196827182216224,0.0,0.0,0.0,0.1920615452801312,0.0,0.09090445577183204,0.0,0.0,1.0,0.02962422980133502,0.0,0.17915977009327114,0.0,0.032295518848628635,0.0,0.05504617077184272,0.0,0.10357595412210693,0.10895355120558177,0.0,0.04947336007489385,0.0,0.3884691320475553,0.04527290703571521,0.04429047701183239,0.05397982784774363,0.0,0.0,0.0,0.0,0.0,0.0,0.0,0.0,0.07593419983817772,0.0,0.049888401949545136,0.0,0.057821248243636846,0.0503748736949614,0.0,0.19092558617456912,0.0,0.05000328977685027,0.0,0.0457379660484581,0.0,0.0,0.0,0.0,0.0,0.0,0.0,0.0,0.0,0.0,0.1144826747948368,0.0,0.0,0.11247351904415478,0.0,0.16517665942491555,0.0,0.0931803328540654,0.11327361328076774,0.13068011621582967,0.0,0.0,0.13190217227917223,0.0,0.0,0.0,0.035975440294556,0.0,0.0,0.0,0.0,0.0,0.267744999115631,0.0,0.0,0.19917568595501,0.0,0.0,0.039380233712572224,0.0,0.10150460267563421,0.0,0.07674830259930353,0.13565790467677064,0.058090614828957284,0.06151394363796668,0.0,0.0,0.0,0.08263750332089942,0.05537619207860346,0.0,0.0,0.0,0.0,0.04391876251065236,0.0,0.0531408771106577,0.1188174869705186,0.0,0.0,0.0,0.0,0.0,0.0,0.0,0.0,0.05137837200861611,0.0,0.10057226955616017,0.0,0.0,0.0,0.0,0.12952473616870408,0.0,0.0,0.05643993194309822,0.0,0.0,0.0,0.0,0.0,0.06747918840139104,0.0,0.0,0.07670995696843011,0.0,0.0,0.06863538656925643,0.0,0.07144852744649334,0.0,0.0,0.0,0.09402428937678865,0.0,0.0,0.0,0.13419013573429264,0.0,0.0,0.0,0.0,0.12190941709753522,0.0,0.0,0.18151769059875605,0.27922490893108975,0.0,0.10738987673905076,0.25268726170918887,0.0,0.0,0.0,0.0,0.1140577422035361,0.07057492990605856,0.0,0.0,0.18540904654682333,0.07352832708894547,0.0,0.16439776947180118,0.0,0.0,0.0,0.0,0.0,0.0,0.0,0.0,0.0,0.0,0.0,0.0,0.0,0.0,0.22088577951304045,0.0,0.0,0.0,0.11852845632185002,0.0,0.0,0.0,0.11753706993275437,0.0,0.14678752803138845,0.07809042978671746,0.0,0.3487107972514554,0.0,0.0,0.09943579116111244,0.10284552471260519,0.13871326876471085,0.0,0.0,0.0,0.0,0.0,0.13008240688899447,0.0,0.0,0.0,0.0,0.03575307776394219,0.0,0.0633645113309409,0.0,0.0,0.08271890847249808,0.0,0.0,0.0,0.0,0.0,0.0,0.0,0.15285488183324963,0.0,0.0,0.0,0.0,0.0,0.0,0.0,0.0,0.0,0.0,0.0,0.0,0.3620906602247574,0.0,0.05729942030853319,0.041892907920355646,0.0,0.0,0.0,0.0,0.04454009775460228,0.0,0.04448111469574281,0.0,0.0,0.0,0.0,0.0,0.0,0.0,0.0,0.0,0.05318593796379194,0.0,0.0,0.0,0.04125153179828918,0.0
steep,0.0,0.0384901656238958,0.12398387549451956,0.027188667785310764,0.02143080883521265,0.02455147217137883,0.10612505045720495,0.0,0.0,0.0,0.0,0.0233461118300526,0.03107177175786066,0.0,0.02962422980133502,1.0000000000000002,0.10642355216698471,0.05376516140534446,0.11317350664274642,0.6425298804732653,0.0,0.0,0.0,0.0,0.05689324208870483,0.0,0.05180295740805026,0.09862819202827837,0.19237443282051103,0.07308618184100568,0.0927520463842724,0.0,0.0,0.0,0.0,0.06656571029727078,0.0,0.0,0.06326432416530636,0.059156835251167994,0.0,0.052313650532236584,0.05223754273887417,0.04585771274181009,0.18480505893025895,0.0,0.0,0.05729603778650556,0.0,0.0,0.024881840300827462,0.0,0.0,0.0,0.0,0.0,0.12139114493065449,0.08846244412188997,0.0,0.0,0.0,0.0,0.029401477690733657,0.0,0.15171584917033984,0.028885485658867265,0.0,0.025270617254697328,0.051966666873473684,0.0,0.0,0.03356130985258462,0.0,0.0,0.0338751586873326,0.0,0.0,0.0561861267618742,0.02903842213074518,0.0,0.0,0.05576258357010275,0.11588390255275575,0.0,0.03951772392728721,0.14888321713380154,0.02061552140810701,0.0,0.11701182089011179,0.12550328235923508,0.1135858235337589,0.19230345188169956,0.026068444997662123,0.0,0.0,0.03483970710042869,0.0,0.24012388416131808,0.2432981095782345,0.13440108718513336,0.06669676071564128,0.1499161670808738,0.0,0.03068102864474656,0.0,0.0,0.05527194373195314,0.0,0.0,0.0,0.03051474556035,0.0,0.0,0.10561006491329898,0.029872366827962894,0.10388051150370822,0.0,0.0,0.0,0.04336178266432921,0.0,0.025829002903374296,0.0,0.0,0.0,0.07588113229892009,0.025136113019262343,0.17471403518512071,0.0,0.02954878530723937,0.03918914397252415,0.0,0.0,0.0,0.08030969803745323,0.0,0.0,0.06942593677504355,0.0,0.10021948508086331,0.0618459579521101,0.08930764115813289,0.0,0.09296807039951321,0.0,0.18557441869611346,0.0,0.0490974970392523,0.0,0.12623514571670538,0.0,0.03446275420432668,0.08577640073296607,0.0,0.0,0.07777723010395336,0.03130881605890972,0.0,0.019938047975756133,0.0283086377953147,0.03241787898523411,0.0,0.0,0.0,0.0,0.0,0.0,0.0,0.029292346364744083,0.0,0.0,0.0,0.028365999573765323,0.0,0.0,0.02515145374844159,0.11670416951084543,0.09778817328756503,0.0,0.0,0.024037311158475336,0.05141149441290527,0.0,0.0,0.0,0.0,0.032650821141328404,0.02744601856833596,0.0,0.11399602440177165,0.0,0.0,0.034687923553243946,0.0,0.023002128876944167,0.038142036382675604,0.028163624569674944,0.0221940292223859,0.030185908441212755,0.04174741466497274,0.037698020581953165,0.0,0.0,0.030949203148803436,0.0,0.0,0.025537132153167958,0.026412821030329672,0.165747499138945,0.0,0.0,0.0,0.07020972109408644,0.0,0.12452596176588984,0.0,0.0,0.0,0.0,0.028858936988182468,0.0,0.0,0.0,0.0,0.02124389691640641,0.0,0.17823668752535973,0.028997674589910073,0.14817908089320542,0.14180544784499574,0.21008161556064864,0.0,0.0,0.0,0.0,0.0805795531341064,0.0,0.08114534936650754,0.0,0.0,0.09557205866811465,0.0,0.0,0.06708023196475821,0.0,0.0,0.0,0.0,0.0,0.1168375575818049,0.0,0.0,0.0,0.12785183252218632,0.02454726211186858,0.035903977124542207,0.09722733637530043,0.06910682975032761,0.0,0.05874067462750402,0.0,0.0,0.0,0.0,0.025448927828461823,0.0,0.0,0.0,0.0,0.0,0.0
absorbed,0.0,0.0,0.10681083348792693,0.0,0.030770702304089452,0.0,0.0,0.0,0.0,0.0,0.03750188853796822,0.0,0.04461335296177857,0.0,0.0,0.10642355216698471,1.0000000000000002,0.03922957317018663,0.06314515798193451,0.07734668227091997,0.0,0.0,0.0,0.0,0.08168823812891138,0.0,0.1409107093042516,0.0,0.0,0.0,0.11301495871161149,0.11316876082495624,0.0,0.14048665693458237,0.0,0.037140338031314744,0.05323879133051312,0.04178205578574803,0.035298329640425855,0.04246917092029795,0.0,0.03755639321281011,0.037501754811838324,0.15766050208575322,0.11779324438862332,0.0,0.029123339843323034,0.04180586550762346,0.0,0.0,0.07030198082053182,0.0,0.0,0.0,0.0,0.0,0.0,0.031104654419947444,0.049206458705927436,0.04440036005366577,0.03390220747349396,0.02745217501041386,0.05126217189852384,0.0,0.0843244109987686,0.050362527584247085,0.0,0.0,0.0,0.0,0.0,0.048187872065396,0.0,0.0487825347084857,0.05906214054904823,0.0,0.0,0.09658498457397341,0.0,0.04298807785873857,0.0,0.09585690604282583,0.1882670334205635,0.0,0.0,0.10688446683757326,0.029600099416226697,0.04515606082411858,0.2700359053578838,0.09009982239486913,0.0,0.2941617367914745,0.04545095054928256,0.0,0.0,0.0,0.0,0.0,0.09863243850349754,0.37744469712414475,0.0,0.04639360818635307,0.04892157143221683,0.04405231767358862,0.0,0.0,0.24131043561935028,0.05008037251886371,0.0,0.0,0.0,0.0,0.046605328374852276,0.0,0.04289122794429902,0.07457666015444694,0.0,0.0,0.028548534346794694,0.031129774802208517,0.03230707331211057,0.03708570055672872,0.0,0.0504212873456313,0.0,0.0,0.08765081537791218,0.0,0.0,0.04242662435785257,0.05626840741303624,0.0,0.0,0.04849010430297751,0.05765498235375561,0.0,0.0,0.04984144203594646,0.0,0.15808794806499948,0.08737081536593717,0.0,0.0,0.04189722288871745,0.054522622964280246,0.12550641522317324,0.0,0.035823827218770525,0.04155176368720308,0.13447986344540916,0.03805431076177011,0.0,0.08210609663142591,0.04714901795704044,0.0,0.0,0.0,0.0,0.028627372093329467,0.040646000481450346,0.05652133891387237,0.0,0.0,0.0,0.0,0.0,0.0,0.0,0.051071898849963625,0.0,0.0,0.0,0.0,0.04851331600831669,0.0,0.04385215461319259,0.14975646845313031,0.11915129420208713,0.0,0.07380729595824673,0.0345131605407684,0.07381745606300019,0.0,0.09338130288238246,0.03733401184039834,0.043773726338586755,0.04688057763238022,0.2691513492504876,0.16498076368516915,0.03644907037330449,0.0,0.0496122265209521,0.10833870854665723,0.08526506324395129,0.07313158491428225,0.05476495338219063,0.07957444346542573,0.031866546493018635,0.0,0.05994161389329139,0.20619719736344239,0.0,0.043502698692905475,0.0,0.0,0.07795855719324866,0.0,0.0,0.08018769166013759,0.03770509406994691,0.0,0.0624077890100008,0.16092240130273075,0.0,0.0,0.0,0.0,0.0,0.0,0.0,0.038944198951784005,0.0,0.05332939406973874,0.0,0.0,0.0,0.0848151193731762,0.04163533066707644,0.05453688012109559,0.0,0.0,0.03724694389242709,0.0,0.04389823730676157,0.05168732298333344,0.0,0.07840285778994005,0.13949034696821272,0.0,0.0,0.0,0.0,0.0,0.06420992208455018,0.0,0.0,0.0,0.0,0.0,0.0,0.04786069504191316,0.0,0.0,0.026986515114503888,0.03524535637608226,0.0,0.0,0.1187959104865863,0.0,0.09173061077776795,0.0,0.0,0.0,0.043423351595943196,0.03653998261051103,0.0,0.0,0.0,0.0,0.0,0.09098973290344985
rise,0.2105583114224181,0.25767809866217045,0.027421568346096513,0.1960205733831369,0.04779852217309397,0.21163001632618977,0.0,0.0,0.0,0.07301096023615364,0.0,0.08114264394208237,0.03436078721906664,0.0,0.17915977009327114,0.05376516140534446,0.03922957317018663,1.0,0.0,0.058613297129082254,0.0,0.0,0.0,0.0,0.12922565866553543,0.0,0.0,0.0,0.049428539885070705,0.0,0.026075211715351897,0.0,0.0,0.0,0.0,0.0,0.26657441516795527,0.0,0.0,0.0,0.03338749775650635,0.0,0.0,0.050711852615092305,0.0,0.0,0.023567328287526224,0.7009494831890725,0.0,0.0,0.02751563788695887,0.040826376025179203,0.0,0.0,0.08671371861511198,0.0,0.0,0.023956513937924976,0.0,0.0,0.0,0.0,0.1363504257037462,0.0,0.0,0.13395749382648559,0.021968652140984903,0.08783152899383367,0.0,0.0,0.0,0.1166469789668629,0.07312485927730701,0.0,0.11773780404450221,0.0,0.025760254544273678,0.0,0.032112203056446166,0.02864759722440961,0.0,0.0,0.042716822938845836,0.0,0.3865524330026953,0.02790350947473266,0.02279771974492806,0.0,0.0,0.0,0.03515137135318925,0.035239643030618,0.12089336496125033,0.0,0.0,0.12109022559625744,0.0,0.0,0.0,0.029725547643489492,0.0,0.036334872331697805,0.09729333464336495,0.03392868308700559,0.08273355012013166,0.0,0.0,0.039202528396666284,0.0,0.04743432248231093,0.22000040489707168,0.0,0.0,0.0,0.033034422636226565,0.09385235647738392,0.0,0.0,0.023102181435858942,0.0,0.0,0.08977227562448414,0.0,0.0,0.0,0.0,0.11561566987441299,0.0,0.036666851852241215,0.03267658929900175,0.04333740115726131,0.0,0.0,0.0,0.0,0.11609817975498792,0.0,0.0,0.0,0.05541396913094901,0.0,0.0,0.0,0.0,0.0,0.04105062218307861,0.0,0.11151862964382155,0.0,0.0,0.06158898253448716,0.1197800736166045,0.03161867387727584,0.0,0.0,0.0,0.10881812492845144,0.0,0.02204853425795337,0.16202533981846745,0.11267282667901274,0.0,0.23501739664026683,0.0,0.0,0.02840954161935372,0.0,0.0,0.10180960532549736,0.0,0.0,0.0,0.09858995880043783,0.0,0.0,0.08741735972961588,0.0,0.0,0.0,0.0,0.026581713475219426,0.0568535143056065,0.0,0.0,0.0,0.0,0.036106982456871425,0.03035124007045279,0.0,0.02854643927032731,0.03501683866010474,0.027863850669100382,0.03835971664482675,0.0,0.10580022999608249,0.04217945492327634,0.031144806247215665,0.0245433160872528,0.10491530403622273,0.04616647043586665,0.13102468983572182,0.0,0.0,0.25674332480955386,0.0,0.06308599632045302,0.08875783842254226,0.09180141635452609,0.1552184683183373,0.0,0.0,0.0,0.025880524891681946,0.0,0.11611345489836197,0.03943535741030816,0.0,0.0,0.0,0.06544486138210034,0.07745072102361958,0.0,0.0,0.0,0.07383610495737024,0.0,0.0326619058674901,0.0320671422986868,0.04200379503056307,0.0,0.0,0.024821659855943732,0.0,0.0,0.0,0.0,0.0,0.0,0.03489263866314178,0.0,0.02914966688244055,0.0,0.0,0.024726940743394408,0.0,0.0,0.029553621503382373,0.033733990160295255,0.03739422102269688,0.0,0.038730060432287446,0.0,0.0,0.020784761558451284,0.027145643859951114,0.03970449216442018,0.0,0.0,0.05893393982880019,0.0,0.0,0.0,0.0746046055085736,0.07027850431384451,0.028142752878130926,0.0,0.0,0.03504016059075721,0.0,0.07488679605028759,0.0
smoking,0.04583372931189448,0.0,0.0,0.0,0.0,0.0,0.0,0.0,0.06129928343418214,0.0,0.04803762592842971,0.02218275561008134,0.0,0.02296317228207724,0.0,0.11317350664274642,0.06314515798193451,0.0,1.0000000000000002,0.024769092534991977,0.0,0.0,0.11771697774061185,0.0,0.09358491206882019,0.0,0.0,0.0,0.0,0.0,0.0,0.0,0.29634474905930486,0.17995481659347737,0.054798408510809,0.1781277015620309,0.0,0.05352025843510459,0.1849293946094733,0.0,0.0,0.0,0.06766614633839325,0.02108529306632605,0.06586966227480559,0.0,0.10113214585702134,0.0,0.022898148046130457,0.030741525168883115,0.08054041614865996,0.03451408709334307,0.0,0.0,0.025595671024191077,0.03687250949902171,0.0,0.0,0.06303046456406884,0.05687414608963437,0.06586186074239042,0.03516455745253765,0.0,0.0,0.3066591305019102,0.0,0.0,0.0,0.09557671634227083,0.0,0.0,0.061725717365430935,0.0,0.0,0.0,0.04784073417313598,0.0,0.0,0.02759141334187837,0.0,0.0,0.06385722161616104,0.0,0.0,0.0,0.0,0.0,0.05784215256451054,0.0,0.0,0.03020272432990285,0.0,0.06978105176161638,0.0,0.0,0.0,0.0,0.07905480875887282,0.19170256953243303,0.0,0.0,0.0,0.0,0.0,0.0,0.0,0.0,0.06414989471748678,0.0,0.0,0.0,0.0,0.0,0.0,0.0,0.0,0.0,0.0,0.03656892671865828,0.03987533789587033,0.06276299161758192,0.047504514574892125,0.021555785028881648,0.0,0.0,0.0,0.0,0.0,0.029985171508575974,0.0,0.0,0.0,0.0,0.03528346581097032,0.0,0.0,0.050565250416849186,0.0,0.0,0.023040368648387197,0.055043353269713345,0.1616522982350511,0.0,0.05366778045139198,0.10592116763461004,0.0,0.0,0.0,0.05322526833952647,0.0851964452164648,0.048745245015790584,0.0,0.0,0.06039500877989205,0.0,0.0,0.0,0.0,0.03666991305093975,0.052065041061541965,0.0,0.0,0.0,0.0,0.0,0.0,0.0,0.0,0.0,0.0,0.0,0.08934909840362437,0.0,0.0,0.0,0.0,0.07917093468279927,0.0,0.0,0.042696235466086245,0.035019982424861304,0.0,0.030069145000990196,0.0,0.0,0.1282180027514038,0.0,0.04885431306840918,0.0,0.15326692065804903,0.0,0.02278631240470827,0.0,0.04932435432066138,0.04230534839366914,0.0,0.07603082910466706,0.04081909737726179,0.0,0.0,0.0,0.0,0.0,0.0,0.0,0.18159337604403541,0.06043283058661011,0.0,0.0,0.13093268469717817,0.031382964135898174,0.07994056140526319,0.04304306972915088,0.05311144031561692,0.0,0.0,0.03580813394270924,0.0,0.0,0.0,0.05979120634501279,0.0,0.0,0.0,0.050273022657688474,0.0,0.0,0.0,0.10445845599230198,0.0,0.0,0.057185402908157726,0.0,0.0,0.0,0.0,0.04535468796075474,0.0,0.0,0.04470349390567535,0.0,0.05833651922153961,0.0,0.02056224591775152,0.0,0.0,0.0,0.0,0.0,0.05520377374984436,0.0929790319509137,0.0,0.0,0.1033784732538663,0.045147146218897156,0.0,0.0,0.0,0.0,0.0,0.0,0.0,0.0,0.05562265800061528,0.0,0.0,0.0,0.0,0.0,0.0,0.0
marinate,0.05433543469709517,0.04196091772611574,0.08109828234816427,0.029640336265891225,0.04526798003769572,0.026765338291988745,0.0,0.0,0.0,0.0,0.0,0.05174872597379732,0.03387358919356796,0.052745715703812854,0.032295518848628635,0.6425298804732653,0.07734668227091997,0.058613297129082254,0.024769092534991977,1.0000000000000002,0.08682753889286245,0.0,0.09132441076715168,0.025802629324749433,0.06202344447626977,0.039151013222681115,0.028237078206012962,0.10752173663302751,0.2097213045811937,0.07967654109657661,0.05055786230292399,0.0,0.0560203111453476,0.0,0.1983123394366954,0.058274141605074735,0.0,0.0,0.02769199163123458,0.03224557567726567,0.0,0.0552506745359333,0.028473964680987725,0.07498922180289311,0.13522038069026268,0.0,0.0,0.06246256124445943,0.1887012235894639,0.0,0.027125496521355225,0.07927781942493142,0.0,0.0,0.030343415915369255,0.0,0.1323372805117752,0.0964393184461966,0.0,0.0,0.05153299334608971,0.0,0.032052680636977506,0.0,0.2406121905327708,0.03149016034522187,0.0199681523962184,0.027549330441285554,0.021326706273201407,0.023212893469035923,0.0,0.03658761500965562,0.0,0.0,0.03692976435923185,0.056714719193729835,0.06592259511913184,0.030626283417970458,0.06436623624928461,0.0,0.0,0.030395415860825618,0.08422229110524722,0.0,0.043081133467682345,0.08115418995589334,0.02247447324959055,0.03321388618700663,0.09368134951399315,0.06841010970038418,0.07045799595339601,0.1749039393179808,0.028419100257536346,0.0,0.0,0.0379812884550298,0.0,0.2883083903231615,0.3143553957031485,0.0879122165924067,0.11692802403649283,0.035225283924708285,0.0,0.03344761182101937,0.0,0.0,0.030127974846373747,0.0,0.0,0.0,0.0332663345853798,0.0,0.0,0.1151331820231369,0.03256603099609186,0.05662383528232698,0.0,0.0,0.0,0.09306804594715835,0.025345312735819716,0.028158067085667038,0.04951298953556631,0.025739542072198602,0.0,0.0,0.027402697630919116,0.21942537890995942,0.03554712550878146,0.03221327134051008,0.042722924657073745,0.02221732215565408,0.0,0.02475369324143069,0.043775709682406024,0.029104855610721153,0.0,0.037843121403295966,0.025410754531302412,0.10925652046093087,0.06531815041409539,0.09736072896042229,0.0,0.10135122803337177,0.042773695928961006,0.16251109162364652,0.0,0.05352473808383044,0.0,0.10321355749651046,0.0,0.03757034479699218,0.0915650961984291,0.0,0.0,0.0,0.034132008357334535,0.0,0.06520773115696762,0.03086129670302471,0.03534107819245343,0.0,0.0,0.0,0.0,0.0,0.03238812056538595,0.03436778554241474,0.03193370867317937,0.0,0.0,0.04098717978030497,0.030923830932929296,0.0,0.0,0.027419421671060668,0.06361383454399898,0.05330298567693393,0.02728797041314979,0.0,0.02620481412664128,0.0560473942439281,0.03564667525700969,0.0,0.022614099905900395,0.0,0.03559502531085057,0.02992089299663617,0.0,0.02767469276228872,0.03290289045621342,0.052339473887720395,0.03781581821523321,0.0,0.025076286934233073,0.04158139682221434,0.09019281425832643,0.09527075708170907,0.03290784542125824,0.04551188085684454,0.04109734303389696,0.02586804661317741,0.0,0.03373996827411778,0.0,0.0,0.02783987763811464,0.02879452951691677,0.14835078898021864,0.0,0.037204194902046746,0.04590314486098333,0.10205427049218316,0.0,0.07170204577749137,0.0,0.042450190125899095,0.0,0.0,0.031461217716155836,0.0,0.0,0.0,0.0,0.023159510909924432,0.029025692264100122,0.1621099282104988,0.031612465625777623,0.06211234138925413,0.15459239090529542,0.12339250310815343,0.0,0.0,0.0,0.0,0.0,0.0,0.0649661357084417,0.0,0.0,0.07459637809269465,0.02676075577493986,0.0,0.07312902007297423,0.0,0.0,0.0,0.0,0.035136751491133836,0.12737308508661613,0.03754732816160929,0.06544713015792798,0.0,0.060190971289557846,0.08028224580343553,0.03914152630270676,0.0,0.03766918056161746,0.0,0.03201873225625982,0.0,0.0,0.0,0.031939417022746525,0.027743719714341405,0.0,0.0,0.0,0.0,0.0,0.05511464771282006
frost,0.0,0.0,0.0,0.0,0.0690849115340404,0.0,0.0,0.0,0.0,0.0,0.0,0.07174800115481159,0.0,0.080496922994204,0.0,0.0,0.0,0.0,0.0,0.08682753889286245,1.0000000000000002,0.0,0.0,0.08137852277399789,0.0,0.18044248260510398,0.0,0.0,0.0,0.0,0.0,0.0,0.0,0.0,0.16798889465595554,0.0,0.0,0.0,0.0,0.0,0.0,0.08431982075039607,0.0,0.0,0.0,0.0,0.0,0.0,0.0,0.0,0.0,0.1209884147033349,0.0,0.0,0.0,0.0,0.0,0.0,0.0,0.0,0.07864614863385282,0.0,0.0,0.0,0.0,0.0,0.062977254142533,0.0,0.0672619766886853,0.0732107939871229,0.0,0.0,0.0,0.0,0.0,0.0,0.0,0.0,0.0,0.0,0.0,0.0,0.0,0.0,0.0,0.0,0.0,0.104752773814788,0.21311779262703043,0.0933225619339022,0.0,0.0,0.0,0.0,0.0,0.0,0.0,0.08367871599502222,0.0,0.0,0.13945549774538843,0.09610608008378671,0.0,0.0,0.0,0.0,0.0,0.3490879665135053,0.0,0.0,0.0,0.0,0.0,0.0,0.0,0.0,0.2499605969962958,0.0,0.0,0.0698910839613615,0.0944304477861089,0.0,0.07556335623993055,0.08117955284136655,0.0,0.0,0.0,0.09132689683283389,0.0,0.0,0.0,0.070070876663989,0.0,0.07807029910925123,0.0,0.0917933643638076,0.0,0.10324839578239807,0.15408785061579655,0.0,0.09968411754108002,0.0,0.0,0.0,0.0,0.0,0.0,0.0,0.0,0.0,0.0,0.0,0.2306477937034893,0.0,0.0,0.0,0.0,0.0,0.0,0.0,0.0,0.0,0.0,0.0,0.0,0.0,0.1021484040972962,0.10839203955748154,0.0,0.0,0.0,0.0,0.0,0.0,0.0,0.0,0.0,0.0,0.16547106869455835,0.0,0.0,0.0,0.0,0.0,0.07132226801555426,0.0,0.09711485535279046,0.08163396907344991,0.0,0.0,0.10377192907829068,0.07987694437128323,0.0,0.0,0.0,0.0,0.35211126397276904,0.0715452485812453,0.0,0.0,0.0,0.15686081644461292,0.0,0.0,0.0,0.0,0.0,0.0,0.09001678820511153,0.0,0.0,0.5614809259939656,0.0,0.0,0.11127466180518915,0.0,0.0,0.0,0.1313139897717194,0.0,0.0,0.0,0.0,0.0,0.0,0.43950297657042553,0.11996485369709564,0.0,0.0,0.0,0.0,0.0,0.0,0.0,0.0,0.19246268071519876,0.0,0.06539556352596654,0.0,0.0,0.0,0.0,0.0,0.0,0.0,0.0,0.0,0.0,0.11081726964479835,0.0,0.0,0.0,0.0,0.060588835148223774,0.0,0.0,0.0,0.0,0.0,0.0,0.0,0.1537296025385358,0.08913987649829169,0.1936768982162274,0.0,0.0,0.0,0.0,0.0,0.0,0.17382525469125434
foam,0.0,0.0,0.0,0.0,0.0,0.05873425628421852,0.0,0.0,0.0974171925154736,0.0,0.0,0.0,0.0,0.0,0.05504617077184272,0.0,0.0,0.0,0.0,0.0,0.0,1.0,0.0,0.0,0.0,0.0,0.046580153826977784,0.07702021485768575,0.13865749071086517,0.042625343633941645,0.04170036620027981,0.11625579128637353,0.0,0.07802412595300172,0.0,0.0,0.07304900049754925,0.06961533118523645,0.05881244620428866,0.0,0.0,0.0925885766974883,0.046970924017978116,0.0,0.0,0.04742894685490823,0.0,0.0,0.0,0.04885461799585095,0.0,0.0,0.0,0.0,0.36901220392693956,0.0,0.0,0.0,0.0,0.0,0.0,0.09147909164186753,0.0,0.0,0.0,0.0,0.0,0.0,0.0,0.0,0.04759708143744041,0.0,0.0,0.0669345661900762,0.0,0.0,0.0,0.0,0.0,0.06134388290511552,0.0,0.0,0.0,0.06694933653043891,0.0,0.0,0.0,0.0,0.0,0.0,0.0,0.0,0.12722169239361947,0.0,0.0,0.0,0.05469347080004962,0.0,0.0,0.0,0.0,0.0,0.05213778771987224,0.0,0.5277657041754101,0.0,0.0,0.0,0.0,0.0,0.0,0.0,0.0,0.0,0.0,0.0,0.0,0.0,0.0,0.0,0.0,0.0,0.0,0.0,0.0,0.0,0.060132887093569495,0.0,0.0,0.05313931998784526,0.0,0.0,0.0,0.0,0.0,0.0,0.0,0.0,0.0,0.0,0.0,0.0,0.0,0.0,0.0,0.0,0.0,0.05776747504199689,0.0,0.0,0.0,0.08574347141760355,0.06619982084809843,0.0,0.0,0.0,0.0,0.2006858313703615,0.0,0.06772248831845715,0.1551059748448958,0.0,0.0,0.05190300608524139,0.0,0.0,0.0,0.0,0.0,0.06644770208402781,0.0,0.0,0.0,0.06922838435187416,0.10948908402730435,0.06257691833927566,0.0,0.0,0.0,0.0,0.0,0.0,0.0,0.0,0.0,0.0,0.0,0.0,0.0,0.0,0.0,0.0,0.0,0.0,0.05502777687262363,0.0,0.0,0.0,0.0,0.0,0.09379282721005275,0.0,0.0,0.13154765390308976,0.0,0.0,0.0,0.0,0.0,0.0,0.0,0.0,0.0,0.0,0.0,0.0,0.0,0.0,0.0,0.0,0.053435375550591184,0.09464883232843181,0.0,0.0,0.0,0.0,0.0,0.0,0.0,0.0,0.08498848453845292,0.0,0.06152959629459248,0.0,0.0,0.0,0.0,0.0,0.0,0.0,0.0,0.0,0.0,0.0,0.0,0.1739607392612746,0.0,0.05394854540155988,0.0,0.0,0.0,0.0,0.0,0.0,0.0,0.0,0.0,0.0,0.0,0.0,0.0,0.0,0.0,0.0,0.0,0.05007561984945373,0.0,0.0,0.0,0.0,0.0
crockpot,0.16899037850323279,0.0,0.0,0.0,0.0,0.0,0.0,0.0,0.07533745173434307,0.0,0.0,0.3477706956945844,0.0,0.08466592690235485,0.0,0.0,0.0,0.0,0.11771697774061185,0.09132441076715168,0.0,0.0,1.0000000000000002,0.03002450417580016,0.13802209262992934,0.0,0.03080599524574835,0.11972112464277479,0.0,0.05638092730278103,0.0,0.0,0.26624074785149043,0.0,0.11946888643458463,0.2708076155951039,0.037524482671236155,0.0,0.20146223586272188,0.0,0.0,0.031109692384732074,0.0635388481316741,0.07774212811448723,0.08272909771424554,0.0,0.0,0.0,0.11404132098550948,0.037781651577339107,0.044552088254289975,0.12725450730634655,0.0,0.0,0.09437203123900659,0.07541786227206539,0.0,0.025765419625223857,0.0,0.0,0.22251038463718742,0.0,0.0,0.0,0.10687689185881288,0.0,0.0,0.0,0.024816222156926138,0.05402206171484746,0.0,0.0,0.0,0.0,0.0,0.1763902675423953,0.0,0.0,0.10173039493151483,0.0,0.0,0.0,0.0,0.0,0.0,0.0,0.0,0.0,0.0,0.0,0.11135837936308905,0.0,0.0,0.0,0.0,0.04281430179072794,0.0,0.0,0.0,0.0,0.07717789715886617,0.11082094329753873,0.0,0.0,0.0,0.11993204321242248,0.0,0.0,0.0,0.0,0.0,0.0,0.0,0.0,0.0,0.0,0.0,0.0,0.0,0.42757139866628,0.07882727020380238,0.0,0.1352348580571624,0.0,0.0,0.0,0.0,0.03369494433974207,0.11055625537770929,0.0,0.0,0.0,0.0,0.04336374348337089,0.0,0.03386704695176036,0.0,0.0,0.0,0.14590126234397754,0.0,0.0,0.0,0.0,0.26451815981186033,0.0,0.0,0.0,0.10830481286455773,0.10700259873527772,0.0,0.0,0.0,0.0,0.0,0.0,0.0,0.18724652077845905,0.2257326524184811,0.0,0.0,0.0,0.0,0.0,0.0,0.0,0.0,0.0,0.0,0.0,0.0,0.19479465882863356,0.0,0.0,0.0,0.0,0.0,0.0,0.0,0.0,0.04303991968361794,0.0,0.11086586824317678,0.0,0.0,0.0,0.0,0.0,0.0,0.13740185313330172,0.0,0.11348433776331376,0.0,0.0,0.0,0.0,0.09549102990772348,0.31748704079043033,0.0,0.0,0.0,0.0,0.0,0.0,0.0,0.10045098476987371,0.0,0.0,0.06642316280088732,0.0,0.11570996005560696,0.0,0.1865358388280246,0.06527450807178621,0.0,0.0,0.2777721188717581,0.0,0.0,0.0,0.0,0.0,0.0,0.0,0.0,0.0,0.0,0.0,0.15062466840694505,0.0,0.0,0.0,0.11734652790741429,0.0,0.0,0.0,0.0,0.0,0.0,0.05494105519343337,0.0,0.2094450546879592,0.0,0.2440487326289178,0.0,0.0,0.0,0.0,0.0,0.06784600744799854,0.11677714981370459,0.16749972746248276,0.029131936817809224,0.14906737904901995,0.33098397608283003,0.0,0.0,0.0,0.08574992726433399,0.0,0.0,0.0,0.0729066363495834,0.07433080929099369,0.0,0.0,0.0,0.0,0.0,0.0,0.0
caramelize,0.03550737225398153,0.0,0.0,0.0,0.020530034445010458,0.0,0.0,0.0,0.0,0.0,0.0,0.034369944269922154,0.0,0.05950047491982528,0.10357595412210693,0.0,0.0,0.0,0.0,0.025802629324749433,0.08137852277399789,0.0,0.03002450417580016,1.0000000000000004,0.0,0.03669402198648467,0.02785030635468749,0.09114816043014423,0.0,0.05097144518194161,0.0,0.0,0.0,0.0,0.0751247314764232,0.06681922821829808,0.0339241868298127,0.0,0.05462537199313313,0.0,0.0,0.05318227333278033,0.0,0.06533907331830763,0.0,0.0,0.0,0.0,0.026773708422307602,0.0,0.0,0.03595425203783866,0.0,0.0,0.0,0.027213103665924783,0.0,0.023293350018243505,0.0,0.0,0.26843202319289683,0.0,0.0,0.0,0.0,0.0,0.01871501559586298,0.0,0.07215289482437147,0.6683503432968732,0.5965524425322125,0.0,0.11065959126617768,0.0,0.0,0.0,0.0,0.0,0.0,0.0,0.0,0.0,0.0,0.0,0.0,0.0,0.05874689269233171,0.031129489882437307,0.028023402334216577,0.0,0.0,0.0,0.0,0.0,0.0,0.03870647293560122,0.0,0.061852343632358454,0.0,0.0,0.45266246873159777,0.0,0.0,0.0,0.0,0.0,0.0,0.0,0.0,0.0,0.0,0.0,0.0,0.0,0.0,0.0,0.0,0.0,0.0,0.09828533813064838,0.0,0.0,0.10626205228744226,0.024124211482019545,0.0,0.0,0.0,0.057601782674278144,0.0,0.0,0.0,0.020823034720033617,0.0,0.023200231342200558,0.0,0.13469709254344903,0.0,0.0,0.02381605758608058,0.0713974584874062,0.029623232067547158,0.0,0.0,0.0,0.04218781160191494,0.0,0.07007206201424389,0.0,0.032151387494901956,0.0,0.0,0.0,0.027390356179236575,0.0,0.0,0.0,0.0,0.07087043581320468,0.07128454138016334,0.0,0.0,0.0,0.0,0.0,0.0,0.0,0.030355546646202526,0.032210974238326376,0.0,0.0,0.0,0.0,0.0,0.06612602142433348,0.0,0.0,0.0,0.0,0.08698107158835613,0.0,0.0,0.0,0.0,0.0,0.02119491197921146,0.0,0.07509822976583547,0.0,0.0,0.02729562407549184,0.030838011240019496,0.12099024773415218,0.0,0.0,0.0,0.0,0.026979858154571244,0.10061153082611315,0.0,0.0,0.0,0.024244651492734463,0.0,0.0,0.0,0.0,0.0,0.0,0.22634177256404114,0.0,0.0,0.0430224116345964,0.11233796401933896,0.0,0.03306760606607694,0.0,0.0,0.0,0.10154417817460919,0.0,0.0,0.06150047578239804,0.0,0.0,0.0,0.09252010239312881,0.0,0.0,0.09496032831824652,0.0,0.0,0.0,0.0,0.0,0.0,0.0,0.0,0.019433667090641534,0.0,0.0,0.0,0.026394205561124248,0.0,0.13137312385693478,0.0,0.0,0.0,0.0,0.032931682365818976,0.0,0.0,0.02445386701151041,0.026336865879811554,0.08520391746646022,0.22017785566677103,0.0,0.0,0.0,0.025455739834785024,0.0,0.0,0.0,0.042701295341501896,0.1814149859382735,0.0,0.0,0.0,0.0,0.0,0.07785705404787041,0.05165583029611006
refrigerate,0.0,0.14156115650390572,0.02901696722538536,0.0999959130625199,0.025078143230502274,0.09029669626300937,0.0,0.0,0.07800365738031743,0.0,0.030564064572699348,0.08586355857299773,0.036359912897397324,0.0,0.10895355120558177,0.05689324208870483,0.08168823812891138,0.12922565866553543,0.09358491206882019,0.06202344447626977,0.0,0.0,0.13802209262992934,0.0,1.0,0.0,0.0,0.0,0.05230431402542003,0.0,0.0,0.0,0.09526643752099404,0.11449672060659022,0.04274843462944162,0.030269400664761453,0.0,0.03405240378022083,0.028768162577895967,0.0,0.0,0.0,0.21390724182954657,0.0536622904532073,0.02763359495918256,0.0,0.02373554170859413,0.13771219184232916,0.0,0.03911875086103863,0.27671087632394775,0.04320167249742741,0.0,0.0,0.0,0.04692046034767102,0.0,0.025350314431238988,0.040103297191531544,0.03618632353294451,0.027630322065723318,0.022373541237259265,0.10813430177188127,0.0,0.14445964833293398,0.10623655912531654,0.0,0.09294160589222288,0.0,0.0,0.0,0.16270669977847116,0.0,0.0,0.12458784114857133,0.0,0.0,0.0,0.0339805051214899,0.0,0.0,0.0,0.04520210644208193,0.0,0.14534036450276586,0.0,0.02412410108360073,0.036802220172986344,0.0,0.0,0.037196493563360994,0.03728990092571722,0.0958758987474056,0.0,0.0,0.12813530805729048,0.0,0.0,0.0,0.0314549930493144,0.0,0.0,0.0,0.0359026687573205,0.0,0.0,0.0,0.08229888624263174,0.0,0.05019407217908119,0.112228736923485,0.0,0.0,0.0,0.03495637984110294,0.0,0.0,0.0,0.02326707483938972,0.13394213776344632,0.026330286643206385,0.12522013709941465,0.0,0.0,0.0,0.0,0.12234224028124843,0.0,0.0,0.03457772760329683,0.04585879017356199,0.0,0.0,0.04489839397982832,0.0,0.0,0.0,0.0,0.0,0.058637978171301654,0.035021476834428036,0.0,0.0,0.03414626504718727,0.0444359746647438,0.0,0.0,0.1180068324522108,0.03386471556384249,0.03574155351293584,0.03101428905946302,0.12674893086055095,0.033458262198108935,0.038426481586903545,0.0,0.0,0.11514921118748664,0.0875637671093524,0.02333132765624227,0.20457856312510458,0.1192281811773849,0.0,0.0,0.0,0.0,0.0,0.0,0.0,0.10773293283861024,0.0,0.0,0.06970155148855244,0.10432596586590324,0.0,0.0,0.09250334007847044,0.022028668778268357,0.0,0.0,0.027165590983636148,0.28010359670939633,0.06016127671591039,0.0,0.0,0.0,0.03567561663049838,0.038207702540389,0.06320077242816224,0.0,0.04706274090679052,0.03705413369915827,0.0,0.04059150179192634,0.1387706482084339,0.13887262186972066,0.04463347411956308,0.06485322535027867,0.094527380305265,0.11101932246314344,0.048852455944226096,0.13864776378556892,0.0,0.0,0.18744470204328517,0.0,0.16754223970326,0.0939218084099694,0.09714246304159455,0.13102124396768378,0.11454336798573307,0.0,0.050862390335620206,0.02738626518656461,0.1801922974203039,0.12286898665632479,0.0,0.0,0.0,0.0,0.033770473192805114,0.0,0.0,0.0,0.0,0.07813192194395813,0.0,0.034562189883296554,0.0339328227090709,0.04444759425721008,0.0,0.0,0.0,0.0,0.0,0.0,0.0,0.028857038305191107,0.0,0.0,0.2705793690414038,0.0,0.04550852745950184,0.0,0.09523460167840031,0.0,0.0,0.0,0.0,0.039569833210829894,0.07024708956519751,0.039006498893363675,0.0,0.0,0.021994028106524545,0.028724989331557052,0.04201451694135333,0.0,0.0,0.0731291293960679,0.0,0.0,0.0,0.0,0.03539006097780216,0.029780110589957956,0.0,0.0,0.0,0.0,0.038964023124219815,0.0
grease,0.11129391301802458,0.0,0.0,0.0,0.17122676664466968,0.0,0.0,0.0,0.0,0.022003702327154796,0.02024654151708702,0.03235156699971694,0.0,0.03629650381338048,0.0,0.0,0.0,0.0,0.0,0.039151013222681115,0.18044248260510398,0.0,0.0,0.03669402198648467,0.0,1.0,0.0,0.023996627052090116,0.0,0.0,0.0,0.0,0.0,0.0,0.11046353616163121,0.020051347418099916,0.02366992592024251,0.0,0.0,0.0,0.0,0.03802026936645361,0.0,0.0,0.0,0.0,0.0,0.0,0.0,0.06257372742716043,0.0,0.05455433937481874,0.0,0.0,0.0,0.0,0.0,0.016252471197970568,0.0,0.0,0.03546197950947597,0.0,0.0,0.019440285912608508,0.0,0.0,0.02839678909596667,0.019589006302466818,0.09220470938076157,0.03301114830594894,0.0,0.0,0.0,0.0,0.0,0.09527867208759379,0.0,0.05145104580479214,0.0,0.0,0.0,0.10359903482158721,0.0,0.020858916884019814,0.0,0.0,0.06113514938240531,0.04723359990423984,0.04252065095858521,0.14678177148014251,0.0,0.0,0.0,0.0,0.0,0.0,0.0,0.037731191718108244,0.0,0.0,0.06288124834382583,0.04333475830500232,0.0,0.0,0.0,0.0,0.0,0.0,0.0,0.03271477096047255,0.0,0.0,0.0,0.0,0.0,0.0,0.0,0.0,0.0,0.031514272858696846,0.0348839232694631,0.02002184970636535,0.03407193152105886,0.05549704248968494,0.0,0.0,0.0,0.04117979838056468,0.0,0.0,0.0717729645300674,0.04790278196173185,0.0,0.05337145321944585,0.0,0.04139013114717272,0.016563339578557528,0.1623935532991167,0.17109244779582797,0.0,0.04494811500712641,0.0,0.0,0.12323165077815137,0.0,0.0,0.10166458090458756,0.0,0.0,0.09358730659688325,0.0,0.0,0.04156011325243692,0.0,0.0,0.0,0.0,0.0,0.059126107812731754,0.0,0.0,0.18981133218116308,0.028889167578857358,0.0,0.029930600608068514,0.0,0.046059275323048085,0.0488745647758672,0.0,0.0,0.0,0.0,0.0,0.0,0.0,0.019496634412554482,0.0,0.01834083960384122,0.33633403133109463,0.0,0.0,0.0,0.0,0.0,0.30644495496202884,0.0,0.15274645498712935,0.1387908861518971,0.0,0.0,0.046791331636157445,0.03601695205395885,0.0,0.0,0.0,0.0,0.04093725372175563,0.04891071164443732,0.0,0.0,0.0,0.08971646098716629,0.0,0.023990871668381722,0.0,0.0,0.0,0.0,0.040589063219104014,0.02035624823853767,0.025602924962748044,0.06527904523133594,0.0,0.0,0.0760710599908738,0.0,0.0,0.0,0.20653633633064947,0.0,0.0,0.07929385602971158,0.0,0.0,0.03293523275590641,0.07936315740204197,0.0,0.0,0.10099474038539061,0.017250911610117128,0.0,0.0,0.0,0.0,0.0,0.27519356177297943,0.0,0.08185999843704475,0.0,0.0,0.0,0.0,0.031466150694826944,0.0,0.0,0.0,0.0,0.0,0.07575837149640452,0.0,0.0,0.0,0.01837602379310867,0.07153327496821058,0.05774433416796211,0.055663320534487325,0.0,0.0,0.0,0.0,0.09030888171194237,0.0,0.040193658923801,0.08732997502494805,0.0,0.18200157540827977,0.027668069134190544,0.0,0.0,0.0,0.07837876014487201
evaporated,0.0,0.0,0.051991471297740996,0.0,0.0,0.0,0.0,0.0,0.0,0.0,0.0,0.0,0.0,0.0,0.04947336007489385,0.05180295740805026,0.1409107093042516,0.0,0.0,0.028237078206012962,0.0,0.046580153826977784,0.03080599524574835,0.02785030635468749,0.0,0.0,1.0,0.0,0.07464574104977284,0.18222179193892352,0.198789760524501,0.6478679913508676,0.0,0.0,0.0,0.029485976106867606,0.0348071805641146,0.0,0.05604718532784389,0.031008577625102608,0.0,0.056278457864834645,0.06959729435123518,0.1340794952162933,0.09691963321193393,0.04262729510199005,0.0,0.0,0.027470586343052567,0.0,0.0,0.0,0.0,0.0,0.0,0.027921418360348137,0.0,0.023899639631615604,0.0,0.0,0.0807456043095786,0.0,0.058817928177894,0.0,0.03128780971858302,0.05778568134357084,0.0,0.050554103651949706,0.023019177455507724,0.050110102063999865,0.042778407933746036,0.0,0.0,0.0,0.0,0.0,0.0,0.11159034086719401,0.0,0.04932427913913282,0.0,0.11074914871059521,0.1534367400181493,0.0,0.0,0.07804096983834746,0.0,0.0,0.1468650036651527,0.06578577533294724,0.0,0.12657907526882697,0.10410879011567821,0.0,0.0,0.10941109856012204,0.049156367040532764,0.0,0.07201580721763252,0.13495262965325358,0.07158912823670985,0.033873978925911936,0.10299175470738803,0.0,0.0,0.0,0.10977469700983673,0.0,0.0,0.0,0.0,0.0,0.0,0.0,0.0,0.15501527850990143,0.0,0.0,0.0,0.07056707668467381,0.0,0.0,0.051720344600378304,0.07362952319219151,0.0,0.0,0.0,0.03125495485192142,0.0,0.04775955665999663,0.0,0.0,0.0,0.07080944274377425,0.04209639503312934,0.03141459480604311,0.0,0.03639139146886494,0.0,0.09952213425482931,0.03241815049460364,0.0,0.0,0.0,0.04328589461552643,0.14500497895764508,0.0,0.0,0.032988238024275945,0.06616940034660344,0.0,0.06894305867631106,0.029974605292717168,0.0,0.0,0.0,0.0,0.031273692210937544,0.0439923792364641,0.0,0.0,0.0,0.0,0.046648405747744516,0.0,0.0,0.0,0.0,0.0,0.059720613536917495,0.0,0.0,0.056746444623418796,0.0,0.0,0.050315715955042056,0.11804373882994668,0.1227368339287204,0.0,0.0,0.0,0.0,0.0,0.0,0.0,0.0,0.0,0.0,0.24091917532278423,0.054619128615277485,0.0,0.09978448132088358,0.0,0.0,0.0,0.0,0.0,0.048970097349730096,0.0,0.0,0.0,0.0,0.0,0.05168610565337934,0.0,0.0,0.0,0.0,0.12016168860523382,0.0,0.0,0.0,0.2776649222707972,0.0,0.0,0.0,0.0,0.0,0.0,0.0,0.04468435518935957,0.0,0.0,0.0,0.0,0.0,0.03096359259992621,0.0,0.041904075317130876,0.0,0.0,0.04273693426504839,0.05530041109239769,0.0,0.0,0.0,0.0,0.16116144175541447,0.0,0.0,0.0,0.02708120561360208,0.0,0.07277769473834936,0.0,0.06684528504279148,0.0,0.04848685702827105,0.0,0.0,0.0,0.02509036307430299,0.027022373469711577,0.041470834392950025,0.05416239670780787,0.0,0.0,0.13725193624350418,0.02611831308639739,0.030790436324125207,0.0,0.0,0.0,0.06894820970980634,0.0,0.045006021982055354,0.0,0.0,0.0,0.0,0.0
overcook,0.15242768247179522,0.0,0.0,0.0,0.0,0.0,0.0,0.0,0.0,0.17674077125443774,0.03381379956663422,0.08709655877269039,0.0,0.09016072301515211,0.0,0.09862819202827837,0.0,0.0,0.0,0.10752173663302751,0.0,0.07702021485768575,0.11972112464277479,0.09114816043014423,0.0,0.023996627052090116,0.0,1.0,0.10780342776419855,0.047309129831256375,0.0,0.0,0.0,0.0,0.0,0.12998916688587947,0.03953120241048032,0.0,0.0,0.0,0.0,0.0,0.0,0.1655751430589677,0.04870097809335441,0.0,0.0,0.0,0.0,0.0,0.0,0.0,0.0,0.0,0.0,0.0,0.0785772261079738,0.17378447435439065,0.0,0.0,0.08808775987245929,0.0,0.0,0.03246727006744525,0.05956918792804467,0.0,0.0,0.03271564836207382,0.07533689766150224,0.0,0.0,0.0,0.0,0.0,0.0,0.0,0.0,0.0,0.0,0.06808451201319109,0.0,0.03493404600386767,0.0,0.10914243699741318,0.0,0.0,0.14886995893584537,0.0,0.0,0.0,0.0,0.0,0.07198520945394016,0.0,0.0,0.0,0.0,0.24915814601864789,0.06855582401776499,0.0,0.04317321869248567,0.0,0.0,0.0,0.0,0.13737956530788867,0.0,0.0,0.0,0.05463702070757026,0.0,0.0,0.0,0.0683620370720672,0.0,0.0,0.0,0.0,0.0,0.07828163397901278,0.05825972739768853,0.03343854121223356,0.08463487272096336,0.03155280748853296,0.0,0.0,0.0,0.1130934571448374,0.0,0.0,0.0,0.027235095594231453,0.0,0.03034430508849946,0.0,0.0,0.027662474807896187,0.0,0.03114976341131408,0.18092764103813255,0.0,0.05780937906517988,0.0,0.09795567594228606,0.0,0.0728632999281104,0.0,0.0,0.0,0.0,0.0,0.0951651922460506,0.0,0.0,0.0,0.0,0.0,0.10235217805443325,0.07198887490288024,0.0,0.0,0.0,0.04824787094299429,0.0,0.04998717084673831,0.0,0.0,0.0,0.0,0.0,0.0,0.0,0.0,0.07683538346194146,0.0,0.10201441450030584,0.0,0.030631082040588516,0.03345094775904663,0.0,0.0,0.0,0.14019231054529835,0.0,0.027721485442743075,0.0,0.0,0.03438866759406457,0.0,0.0,0.0,0.17893262969255433,0.0,0.0,0.0,0.0,0.0,0.10794253739032937,0.0,0.0,0.10409903267472286,0.03171033472936473,0.0,0.040067214706219025,0.0,0.0,0.0,0.0,0.0,0.033997021036193065,0.0427595089402951,0.0,0.08450039567487833,0.0,0.043250151785778686,0.0,0.0,0.0,0.0,0.0,0.0,0.0,0.0,0.0,0.05500521450287152,0.0,0.0,0.0,0.13714317289870082,0.12060231906812299,0.0732661316543792,0.0,0.0,0.0,0.0,0.0,0.0,0.02541789840319863,0.0,0.0,0.0,0.0,0.052551696882671764,0.0807339219506188,0.0,0.11052857908848794,0.0,0.0,0.043072372945190875,0.23808690887393644,0.0,0.0,0.030689843242979558,0.06786263350715963,0.08863103266319139,0.09296345068010756,0.0,0.0,0.0,0.0,0.1508250889524686,0.0,0.10820895868125753,0.0,0.0,0.0,0.04620851138006618,0.0,0.0,0.0,0.0
massage,0.0,0.07194763289579716,0.0,0.050822340123392054,0.0,0.04589276970377854,0.0,0.037967914246926505,0.0,0.21646646275699427,0.0,0.04363965330536398,0.034129353805340705,0.0,0.3884691320475553,0.19237443282051103,0.0,0.049428539885070705,0.0,0.2097213045811937,0.0,0.13865749071086517,0.0,0.0,0.05230431402542003,0.0,0.07464574104977284,0.10780342776419855,1.0,0.10246210354550152,0.06682577195062793,0.08144513017377936,0.0,0.0,0.0,0.0,0.0,0.0,0.0,0.0,0.07657548804932271,0.0,0.07527195904372216,0.0,0.035158856073989525,0.25776478616633003,0.0,0.05267462079459676,0.0,0.0,0.0,0.041225049929989564,0.0,0.0,0.0,0.0,0.05672751331868159,0.03121598289619671,0.0,0.0,0.0,0.0,0.14898945632636607,0.0,0.04300497827357497,0.05399411211966214,0.0,0.04723702961055574,0.0,0.0,0.07627539034974988,0.06273438322844653,0.0,0.04280650080384089,0.06332104427240948,0.0,0.025162156729171985,0.0,0.05427998818583888,0.04915247398421847,0.0,0.0,0.0,0.08418333679086831,0.13432797435633625,0.0,0.030525574662806178,0.17597437794284046,0.0,0.0,0.05941716357527002,0.0,0.10069688407507366,0.04519923857385282,0.03557358386416997,0.06512402365716374,0.08764751343713426,0.11221272230916164,0.049492729798033805,0.0,0.031168182687220172,0.0,0.08355197399093951,0.0,0.03932173268640158,0.0,0.0,0.0,0.0,0.0,0.05703960156829542,0.0,0.0,0.04935282855580934,0.044232262959069485,0.0,0.0,0.0,0.0,0.0,0.0,0.07759467499780268,0.0,0.0,0.0,0.0,0.046985607950057656,0.0816459286514376,0.0,0.08515695190934233,0.0,0.03218566099935982,0.0,0.0,0.0,0.0,0.0,0.0,0.05787025153675029,0.03709895706665023,0.0,0.07354768218452745,0.0,0.0434450754609262,0.0,0.052602439941507845,0.04511062361227933,0.045137362694136506,0.0,0.0,0.030079509281624933,0.13312232338108637,0.0,0.0,0.04417084971577327,0.15385005453755002,0.05852391559494873,0.04197433888522611,0.0,0.052915840887234944,0.06059702832356704,0.03189767372022508,0.0,0.2322159922667274,0.059073416123091166,0.0,0.0,0.03693301754326905,0.05475463533985781,0.1470689423598218,0.0,0.04129665599389027,0.09642122279986695,0.055470019171890636,0.0,0.09715474101556634,0.0,0.0,0.0,0.0,0.0,0.03806271449943615,0.0,0.0,0.0,0.0,0.0,0.08495261812285818,0.0,0.0,0.12259835059439397,0.0,0.0,0.0,0.04299666414614631,0.0,0.0,0.0,0.05642492371625964,0.0,0.14561947245956244,0.0867105379431533,0.028317446426858985,0.1500098356203431,0.0,0.0,0.04773521182841871,0.0493720907777223,0.10103501504643075,0.0,0.0,0.049329382958050214,0.0,0.0,0.06244744649273865,0.0,0.0,0.0,0.0,0.05394448609230321,0.0,0.0,0.03471399027925036,0.0,0.03971009404201838,0.0,0.0,0.0,0.0,0.06626735777048604,0.05289325756448807,0.0,0.09860255783962513,0.028574916511340222,0.0,0.0,0.0,0.0,0.0,0.0,0.0,0.0,0.04606942533913621,0.0,0.029313415627624802,0.412550414173546,0.0,0.16382393525514902,0.03775937956881093,0.054599568260356224,0.0,0.0,0.0,0.020644768016094873,0.0,0.06711340738040193,0.0,0.0,0.035054988621249665,0.0,0.0,0.0,0.0,0.03432339414964824,0.0,0.11083255279405511,0.0,0.0,0.033387106213462456,0.0,0.0
charred,0.0,0.0,0.0,0.0,0.0,0.0,0.0,0.0825901881699474,0.0,0.0,0.0,0.0,0.0,0.0,0.04527290703571521,0.07308618184100568,0.0,0.0,0.0,0.07967654109657661,0.0,0.042625343633941645,0.05638092730278103,0.05097144518194161,0.0,0.0,0.18222179193892352,0.047309129831256375,0.10246210354550152,1.0,0.03429660548352344,0.04179961437913586,0.0671614858008069,0.0,0.0,0.05396503706733127,0.06370387002091628,0.0,0.5100734995898739,0.0,0.0,0.05281372743845412,0.038631393367244374,0.0,0.036088753809308434,0.03900809577952513,0.0,0.0,0.050276484145928516,0.0,0.0,0.0,0.0,0.0,0.0,0.051101593901030994,0.05822786890631233,0.13240994397725875,0.0,0.0,0.1477800671681199,0.0,0.0,0.0,0.04414239388857335,0.0,0.0,0.0,0.04212954525038164,0.1510761714561776,0.03914637862859048,0.0,0.0,0.0,0.0,0.0,0.0,0.0,0.0,0.0,0.0,0.07288075517645518,0.0,0.0,0.10673222933842617,0.0,0.0,0.0,0.0,0.0,0.08585168896568945,0.0,0.0,0.0,0.0,0.07268419235006517,0.12448135751443107,0.19765227290516363,0.050801736474960085,0.0,0.1630144788915949,0.0,0.04288089767902692,0.0,0.0,0.08375712247050396,0.07223949719243362,0.0,0.0,0.0,0.0,0.0,0.0,0.05065813505978235,0.0,0.0,0.0,0.0,0.0,0.08755257366213318,0.0,0.0,0.09465823018300848,0.0,0.0,0.07964048496433457,0.0,0.4154729929162364,0.0,0.04370461123848863,0.0,0.05681890766362357,0.0,0.0,0.0,0.05749478216420509,0.0,0.09073852710997482,0.0,0.0,0.0,0.04283832749627983,0.06833896810316926,0.04459413097049274,0.07922155600185189,0.05399369367487502,0.0,0.059613812660450446,0.060374853500317655,0.0,0.0,0.0,0.0,0.0,0.0,0.0,0.0,0.05723690317318251,0.08051455944926096,0.0,0.0,0.0,0.0,0.0426878007393253,0.0,0.0,0.0,0.0,0.0,0.05465013455079223,0.0,0.0,0.0,0.0,0.0,0.0,0.0,0.0,0.0,0.0,0.0,0.0,0.10388632794046025,0.0,0.0,0.0,0.0,0.0,0.0,0.05125655323643098,0.0,0.05003093141207489,0.0,0.0,0.0,0.0,0.0,0.08962474598402385,0.0,0.13263683487428646,0.10181744742589846,0.0,0.0,0.04729778314513678,0.0,0.0,0.06897247044472501,0.0,0.11276404704945914,0.0,0.0,0.0,0.047253913470863676,0.0,0.0,0.0,0.09303753697593774,0.0,0.11540361407582707,0.0,0.0,0.0,0.0,0.0,0.0,0.0,0.07720481886366991,0.0,0.0766925595261035,0.0680200275896253,0.05429220297725548,0.0,0.05060522201509933,0.0,0.0,0.08457167803623997,0.0,0.0,0.0,0.0,0.0,0.04956384212851855,0.0,0.09029528753206034,0.0,0.06116989771741669,0.0,0.044370161383255106,0.0,0.05604364296994999,0.0,0.045920215373918,0.10797995706913499,0.07589964487244688,0.16329337188448625,0.0,0.0,0.09032145961678431,0.0478015626389698,0.0,0.0,0.15881082246681374,0.0,0.12618855415301025,0.21734115444891577,0.041184860825229055,0.0,0.0,0.0,0.0,0.0
evaporate,0.07904215844763807,0.08444226549330133,0.09308957632301597,0.026810488063543487,0.020452748076773983,0.0,0.08536326925415473,0.0,0.0,0.0,0.05701536643421295,0.0,0.0,0.05275560142966347,0.04429047701183239,0.0927520463842724,0.11301495871161149,0.026075211715351897,0.0,0.05055786230292399,0.0,0.04170036620027981,0.0,0.0,0.0,0.0,0.198789760524501,0.0,0.06682577195062793,0.03429660548352344,1.0,0.24488493562255853,0.0,0.0,0.0,0.0,0.030110442275560877,0.0,0.0,0.05552017054815632,0.028335615065952766,0.04909767040807137,0.2323774520939992,0.060016590662586716,0.13183660099161498,0.0941597443361639,0.10899978755326735,0.0,0.0,0.0,0.0,0.0,0.0,0.0,0.0,0.0,0.0,0.0,0.0,0.0,0.0,0.08368220760529707,0.08164861696220765,0.0,0.05602012941889152,0.08021569456937541,0.01864456195922796,0.04525800071515104,0.0,0.0,0.038296895345781345,0.0,0.0,0.0,0.0,0.0,0.02186245468560921,0.08949907234155177,0.06338852434083472,0.06846992573739892,0.0,0.27629734422086155,0.12306124157358284,0.0,0.0389680536765156,0.3019609311336936,0.0457128958959847,0.0,0.14810352498264195,0.11778797177627204,0.06938775127694244,0.10152052342858245,0.025705846971382666,0.0873726448921932,0.0,0.06239560644581256,0.10858185915754048,0.0,0.12894270569989985,0.13609069321166167,0.0,0.1600941999270357,0.09220222635718436,0.0,0.0,0.0,0.4307737199689274,0.0,0.16136437073816245,0.09212658134963557,0.030090301888562324,0.0,0.0,0.0,0.0,0.3920341359438358,0.0,0.0,0.10684846571507493,0.04069611835342583,0.0493638322163857,0.0,0.04952226937629009,0.08642779022918969,0.0,0.0,0.0,0.0,0.031118768089260434,0.04275621350849648,0.08689808146032477,0.046152934432172006,0.0,0.08311752403625182,0.16063248117442477,0.0,0.046877176605572696,0.0651579793586039,0.0,0.07981997925662013,0.058043979510338364,0.0,0.0,0.0,0.0,0.3190874019335358,0.0,0.0,0.06317252610398963,0.11847484385541855,0.05226991594663094,0.061720508791116686,0.05366886601783688,0.0,0.0,0.06597608410924025,0.0,0.05988916825778094,0.0,0.0,0.0,0.0,0.03674982404690505,0.041761467975521195,0.08470888639098226,0.02411087651422747,0.06728114191093576,0.0,0.0,0.053464217044996126,0.07270707363550169,0.0,0.05080162530485136,0.0,0.0,0.04504458677290397,0.21758439211648947,0.12377188095468471,0.0,0.0,0.0,0.0,0.0,0.0,0.0,0.06688438973065294,0.0,0.0,0.10784011011370837,0.12550882015588116,0.0,0.14181708633731413,0.0,0.0,0.0,0.0,0.0,0.0,0.0,0.0,0.0,0.0,0.0,0.04627141295450104,0.0,0.053540415661731226,0.056025045833436656,0.0,0.13147946977362607,0.0,0.0,0.0,0.10518735086815985,0.0,0.073292249430302,0.15481535304795918,0.08226562162301937,0.0,0.0,0.028457524721613572,0.04000317349189326,0.0,0.0,0.0,0.04660626304018348,0.0,0.05543962585822882,0.0,0.0,0.0,0.0,0.0593256458369684,0.04950707982083579,0.0,0.065037867314948,0.0,0.0,0.1292567028852675,0.02961301218212717,0.0,0.024739012971423592,0.0,0.08905476436216528,0.04197098445491673,0.0,0.05984250020728943,0.025081844971790848,0.072037000590742,0.0,0.0,0.032869791318114655,0.0480480835352155,0.05431291158336326,0.0,0.0,0.0,0.0,0.41903539367806425,0.050016609375390486,0.0551295933865629,0.0,0.0,0.06331613705391395,0.059644620874888116,0.0,0.040291142121187784,0.07830552268684446,0.029738212476715983,0.0,0.032305426693344685,0.0
condensed,0.0,0.05145777672685859,0.0,0.0,0.0,0.0,0.05201902180494512,0.0,0.0,0.1111042232604843,0.0,0.0,0.0,0.0,0.05397982784774363,0.0,0.11316876082495624,0.0,0.0,0.0,0.0,0.11625579128637353,0.0,0.0,0.0,0.0,0.6478679913508676,0.0,0.08144513017377936,0.04179961437913586,0.24488493562255853,1.0000000000000002,0.0,0.0,0.0,0.0,0.07163391051579673,0.0,0.0,0.0,0.0,0.0,0.04606101308752358,0.14629263221118316,0.07783847547400642,0.0806345357450936,0.05423424090209954,0.0,0.0,0.0,0.0,0.0,0.0,0.0,0.0631951725300101,0.0,0.0,0.0,0.0,0.0,0.0,0.02556107714312723,0.0,0.0,0.0,0.0,0.0,0.0,0.0,0.0,0.046675040716225615,0.0,0.0,0.06563792375276174,0.0,0.0,0.0,0.08962087167347604,0.0,0.0,0.0,0.24528067233908604,0.1232287156782555,0.0,0.0,0.03210643218450105,0.0,0.0,0.09332109177695051,0.0,0.0,0.10165868275925144,0.06115520738050966,0.053243503435542475,0.0,0.0,0.09298504223045893,0.0,0.0,0.08575172044475496,0.0,0.04180775595652332,0.05112778538485596,0.0,0.12058901537987526,0.0,0.24312251427550954,0.0,0.09833288712242208,0.0,0.0,0.0,0.0,0.0,0.0,0.0,0.0,0.0,0.053163823156803874,0.0,0.03008153608543805,0.0,0.0,0.11291998370331592,0.12239300993361621,0.0,0.05896800536321892,0.0,0.0,0.052109916178898374,0.0,0.028124865923788486,0.0,0.10859504141832922,0.05195598113949915,0.0,0.028566207612542492,0.0,0.0,0.07992860630596611,0.0,0.0,0.0,0.0,0.0,0.2739146533001825,0.0,0.0,0.0,0.0,0.0,0.0,0.0,0.0,0.0,0.0,0.0,0.0,0.0,0.06641058241822494,0.1521012942932388,0.0,0.0,0.050897551891018314,0.05162025127137052,0.0,0.04100006031524185,0.0,0.0,0.06516049107649681,0.04430653701369141,0.0,0.0,0.0,0.0,0.0,0.11238462800537949,0.07798954861696689,0.0,0.0,0.0,0.0,0.0,0.0,0.0,0.04075828583193518,0.0,0.0,0.2628642079183089,0.0,0.0,0.07904726791288415,0.0,0.0,0.053961790271298736,0.0,0.0,0.0,0.0,0.0,0.0,0.0,0.0,0.12899934022469037,0.0,0.0,0.03414077396866739,0.0,0.0,0.0,0.0,0.0,0.14931933716357315,0.0,0.04466313385792441,0.0,0.0,0.0,0.0,0.0,0.0,0.0,0.0,0.0,0.028401117184441868,0.0,0.0,0.0,0.0,0.0,0.0,0.0,0.060337657805294806,0.0,0.03963304437099851,0.0,0.0,0.12943260839631102,0.0,0.0,0.0,0.0,0.05426856034996872,0.0,0.0,0.07293414018334146,0.0,0.05290346544690083,0.0,0.0,0.0,0.0,0.0,0.0,0.0,0.0,0.0,0.3039774805820009,0.0,0.0,0.0,0.0,0.0,0.0,0.0,0.04910556539975067,0.04771814303370686,0.0,0.0,0.0,0.0
griddle,0.10366224654280815,0.0,0.0,0.0,0.0,0.0,0.0,0.0,0.13864072436720976,0.0,0.0,0.05017078722534492,0.0,0.051935857331424244,0.0,0.0,0.0,0.0,0.29634474905930486,0.0560203111453476,0.0,0.0,0.26624074785149043,0.0,0.09526643752099404,0.0,0.0,0.0,0.0,0.0671614858008069,0.0,0.0,1.0,0.0,0.28511480928540467,0.11117659162591957,0.0,0.0,0.08881934839550887,0.0,0.0,0.0,0.03321793804510772,0.047688653772749466,0.05074776563894217,0.0,0.0,0.0,0.051788791873754327,0.06952817518891491,0.08198755924778531,0.07806058680329972,0.0,0.0,0.05788978553507618,0.11558253160131882,0.0,0.030692007866744468,0.0,0.0,0.05074175512780613,0.0,0.0,0.0,0.19668158882877518,0.037957996899944925,0.0,0.0,0.0,0.032175791569617175,0.0,0.0,0.0,0.03676716380325887,0.0,0.10820149385831383,0.0,0.0,0.06240356033101727,0.03239990930492898,0.055115134461740246,0.039501324496163434,0.0,0.0,0.057848802678956694,0.0,0.0,0.0,0.0,0.0,0.2407664972552368,0.0,0.0,0.0,0.0,0.0,0.04308815424551104,0.0,0.0,0.0,0.0,0.0,0.03687195511897543,0.03902023162827401,0.0,0.08614763094716948,0.03915376306309016,0.0,0.04832714826802586,0.0,0.0,0.039861025697191535,0.03512621377102801,0.0,0.0,0.0,0.0,0.0,0.0,0.09018613955261925,0.04835430271556436,0.0,0.04875276648081555,0.0,0.0,0.0431650938850908,0.0,0.0401377315715228,0.06781752844937572,0.0,0.0,0.03079581301955861,0.0,0.07980069234367015,0.0,0.0,0.0280785684453225,0.049180225904588024,0.0,0.05211045252314815,0.0,0.0,0.07028942769058802,0.0,0.08160452635841546,0.0,0.038746210423044235,0.0,0.0,0.06563764084714054,0.0,0.0,0.0,0.0,0.0,0.0,0.0,0.0,0.1458573442678805,0.0,0.0,0.0,0.0,0.03670591704422281,0.0,0.0,0.0,0.0,0.0,0.0,0.0,0.2020810526690109,0.09249413868003971,0.0,0.0,0.0,0.0,0.0,0.0,0.030506048299904897,0.10977550159439387,0.0,0.06800745148213762,0.03519052135928735,0.0,0.0,0.0,0.0,0.0,0.0836475199901351,0.0,0.051535852957209055,0.04411621355411115,0.0,0.0,0.0,0.16655858370992166,0.09232064245050423,0.13809525120814792,0.0,0.05518499390413557,0.0,0.0,0.0,0.0,0.18485622982050393,0.037383036574507145,0.0,0.0,0.0,0.07097891911351245,0.0,0.09735060561752251,0.12012226155056359,0.0,0.0,0.08098733541291217,0.043091452147492895,0.06254868787517665,0.0,0.029352057054917075,0.0,0.0,0.0,0.0,0.0,0.04184496435605784,0.0,0.03949972905856559,0.0,0.0,0.028072844009588573,0.0,0.033085892141050954,0.038956488875302224,0.04583779749820452,0.11281567177936119,0.0,0.0,0.10110599063498936,0.0,0.20940663316118374,0.0,0.046505676884700885,0.0,0.0,0.0334246062188387,0.0,0.04372025931312464,0.12485449668754507,0.07163355571940513,0.0,0.0,0.03909134636564812,0.1368871776946621,0.0,0.0,0.048954175579705515,0.0,0.0,0.0,0.044970092173128445,0.0,0.0,0.036055228860324556,0.0,0.0,0.0,0.0,0.0,0.0
presentation,0.0,0.0,0.0,0.0,0.0,0.06867993443033218,0.0,0.0,0.11391318827591067,0.0,0.10687510633340808,0.0,0.0,0.0,0.0,0.0,0.14048665693458237,0.0,0.17995481659347737,0.0,0.0,0.07802412595300172,0.0,0.0,0.11449672060659022,0.0,0.0,0.0,0.0,0.0,0.0,0.0,0.0,1.0000000000000002,0.0,0.10584473825462808,0.0,0.3516784511485548,0.16936663801034468,0.0,0.0,0.0,0.0,0.0,0.09662796623833114,0.0,0.08299742130020638,0.0,0.0,0.05712734225044617,0.09853739584143932,0.0,0.0,0.0,0.0,0.0,0.0,0.0,0.31830102670359095,0.12653477963310655,0.09661652172526115,0.18520440453732306,0.0,0.0,0.118191660728501,0.0,0.0,0.0,0.0,0.0,0.0,0.1373286560157027,0.0,0.0,0.0,0.0,0.0,0.0,0.0,0.0,0.0,0.0,0.0,0.0,0.0,0.0,0.0,0.12868842051219487,0.0,0.0,0.0,0.0,0.0,0.0,0.0,0.0,0.0,0.0,0.0,0.0,0.0,0.0,0.0,0.0,0.0,0.0,0.0,0.14272201605930712,0.0,0.0,0.0,0.0,0.0,0.0,0.0,0.0,0.0,0.0,0.08135930650232633,0.0,0.09207061377875063,0.1056890291387989,0.0,0.0,0.0,0.15321335243660028,0.0,0.0,0.0,0.0,0.0,0.0,0.0,0.0,0.0,0.0,0.0,0.0,0.0,0.0,0.12246159380175388,0.0,0.0,0.11940119086996712,0.1553818048652189,0.0,0.0,0.06754944472083539,0.11841668074700831,0.12497952695821207,0.10844943195303627,0.0,0.07740966929326348,0.1343680679593708,0.0,0.0,0.0,0.0,0.0,0.11583538303903543,0.0,0.0,0.0,0.0,0.0,0.0,0.0,0.0,0.0,0.0,0.0,0.0,0.0,0.0,0.0,0.0,0.07702890145585532,0.0,0.0,0.09499147006708374,0.0,0.0,0.0,0.0,0.0,0.12474896170387442,0.0,0.10869208881827264,0.0,0.0,0.0,0.0,0.0,0.10973784634364218,0.09412181640245065,0.0,0.11153396167643821,0.0,0.0,0.0,0.0,0.0,0.0,0.0,0.0,0.22217092030424254,0.0,0.0,0.0,0.1074542135113245,0.0,0.17785341876113658,0.0,0.0,0.0,0.0,0.0,0.0,0.0,0.0,0.06248377558942318,0.0,0.0,0.0,0.0,0.0,0.0,0.0,0.0,0.0,0.0993798834736009,0.0,0.0,0.0,0.0,0.0,0.10090605030619292,0.0,0.0,0.0,0.0,0.0,0.0,0.0,0.0,0.0,0.0,0.0,0.0,0.0,0.13639624752808283,0.0,0.0,0.0,0.0,0.0,0.0,0.0,0.0,0.0,0.0,0.0,0.0,0.12375044298024646,0.0,0.0,0.0,0.0,0.0,0.0,0.0
dredge,0.046515844248922814,0.0,0.0,0.0,0.32204683242299564,0.0,0.0,0.0,0.06221156261127144,0.0,0.0,0.02251288778944469,0.0,0.04515490692499581,0.0,0.0,0.0,0.0,0.054798408510809,0.1983123394366954,0.16798889465595554,0.0,0.11946888643458463,0.0751247314764232,0.04274843462944162,0.11046353616163121,0.0,0.0,0.0,0.0,0.0,0.0,0.28511480928540467,0.0,1.0000000000000002,0.04988771893981451,0.0,0.0,0.023706746377237426,0.0,0.04272147538532541,0.022887670777932273,0.0,0.02139909239202108,0.02277179244294163,0.0,0.0,0.0,0.2812457920503334,0.22685372408311882,0.03678986963440355,0.06786868866186663,0.0,0.0,0.025976595504720597,0.13854483821182173,0.0,0.0,0.0,0.0,0.04411671141549984,0.0,0.0,0.03728520046303007,0.08825595101117077,0.0,0.01709447015523567,0.0,0.018257510092208697,0.06758467777465839,0.05560386834587355,0.04737979173022419,0.0,0.0,0.0,0.04855271811744551,0.0564354584469768,0.040422745212346456,0.02800203921624583,0.0,0.0,0.0,0.0,0.0,0.0,0.03570435562086052,0.0,0.028433966993896987,0.09010003725680721,0.10817547301313897,0.030652212724447025,0.0,0.0,0.0,0.04660068259436049,0.0,0.0,0.02271365007384895,0.0,0.0,0.03785363265912937,0.0,0.0,0.0,0.0,0.0,0.0,0.0,0.0,0.0,0.0,0.04282319854842032,0.0,0.0,0.0,0.0,0.0,0.0,0.0,0.05943992960245614,0.07296196018270037,0.03646379666158903,0.042387412972295146,0.14492193071719872,0.0,0.04383899894717449,0.0,0.024789663086069468,0.03043142219955015,0.0,0.0,0.05029656006475427,0.0,0.15376547053431017,0.0,0.024916280471904827,0.0,0.11968106983088772,0.0716957639409628,0.023383264150142184,0.027058137028335965,0.0,0.037617952126578445,0.06056711027554645,0.03661799319125909,0.0,0.263205223859486,0.0,0.0,0.029453252079111404,0.0,0.0,0.06615945818111578,0.04635835855249067,0.0,0.0,0.0,0.0,0.09368403252401225,0.0,0.0,0.0,0.0,0.0,0.0,0.0,0.027727040008669865,0.029421804912086416,0.0,0.05048404746565909,0.04678652756052164,0.1420480960504723,0.0,0.0,0.0,0.0,0.0,0.03517653414994155,0.21559823461407507,0.0,0.13158414941521618,0.0,0.030516645417316204,0.0,0.079818644251985,0.0,0.13418591642536679,0.0,0.0,0.1389649584940576,0.07448702388797168,0.04480712869978974,0.0,0.03786068003236409,0.0,0.0,0.15150983034136803,0.06084673892610498,0.0,0.0,0.0,0.02214529126324932,0.0,0.0,0.0,0.1596008576609269,0.03605175149953599,0.0,0.02443404877513063,0.0,0.07847806933363102,0.1383244206012003,0.04368365301221763,0.05390186490707537,0.030204260429609147,0.0,0.036341044168347256,0.048752614167357246,0.18143967771953345,0.0,0.0,0.0,0.0,0.0,0.0,0.14712616407536502,0.06512623133936249,0.0,0.017724516938807933,0.0,0.0,0.0,0.0,0.0,0.0,0.0,0.0,0.017750893147061717,0.0,0.04536878825087067,0.06386096889143038,0.12872728829541394,0.0,0.020868261057473268,0.0,0.05950820229146762,0.0,0.043164834956852006,0.030080106451454695,0.056025337240758664,0.0321437691345457,0.08710209909276286,0.0,0.033987425979114146,0.04581904316602426,0.0,0.0,0.0,0.0,0.0,0.0,0.043368616797770924,0.0,0.07003808013832524,0.0,0.0,0.0,0.0,0.0,0.0,0.04718291816630752
barbecue,0.1976071622949808,0.0,0.0,0.0,0.0,0.0,0.0,0.0,0.0,0.03070663640878507,0.05650896196076222,0.22083298374329183,0.0,0.09169407069716658,0.0,0.06656571029727078,0.037140338031314744,0.0,0.1781277015620309,0.058274141605074735,0.0,0.0,0.2708076155951039,0.06681922821829808,0.030269400664761453,0.020051347418099916,0.029485976106867606,0.12998916688587947,0.0,0.05396503706733127,0.0,0.0,0.11117659162591957,0.10584473825462808,0.04988771893981451,1.0000000000000002,0.06894846722813981,0.03147922268833022,0.1919455445249538,0.0,0.0,0.02977665999850503,0.0,0.11878376879684985,0.14407302684767065,0.0,0.021941957692483912,0.0,0.08221852699719229,0.0,0.0260502475475708,0.08120115001411406,0.3446891928369681,0.0,0.06021882939931865,0.02881135001777517,0.0,0.04734205681696864,0.03707287834880486,0.0334518920930679,0.3057361134843393,0.020682877234743522,0.0,0.02712933406959448,0.031246228842807824,0.0,0.0,0.027336876549039685,0.055228249636047215,0.05170724751012745,0.0,0.24766754128690735,0.0,0.0,0.0,0.11255469750284766,0.0,0.0,0.06491420409921325,0.0,0.0,0.02919054797255034,0.0,0.029109063880045943,0.0,0.0,0.06219714254551672,0.034021248300929285,0.0,0.0,0.15954529746432278,0.0,0.0,0.0,0.0,0.04097973363830387,0.0,0.13215359802718218,0.0,0.0,0.07387086875301281,0.0,0.0,0.0,0.0,0.0,0.0,0.037731298022286135,0.0,0.04565416138356778,0.0,0.0,0.0,0.0,0.0,0.0,0.0,0.0,0.021508890676335223,0.33961482374512497,0.12332160102715388,0.055881837522040186,0.2679602012600511,0.026365218061506383,0.0,0.08208557492482081,0.0,0.03225113539745122,0.07054598904157126,0.0,0.0,0.02275738013261875,0.0,0.0253554052479773,0.0,0.37953705598921056,0.02311449403341255,0.0,0.026028438363277114,0.2671660055801528,0.03237506741845667,0.0,0.0,0.06313198259557253,0.2518180294164517,0.0,0.0,0.0,0.06534538021950018,0.10131913063833184,0.02867068410571833,0.0,0.0,0.035522771866865054,0.0,0.08413670771270175,0.0,0.07503271060857584,0.2494249043250382,0.03062330171369871,0.0,0.0,0.04031545018229395,0.0,0.04176879221067712,0.0,0.0,0.0,0.0,0.0,0.0,0.0813421927720148,0.0,0.0,0.0,0.02720796960439201,0.02036406517654889,0.025595033270922326,0.027951285550480452,0.025112814165873614,0.0,0.0,0.07074355313000551,0.0,0.023163802744095477,0.03297977692568265,0.0,0.0574696701896764,0.0,0.028898716913989354,0.0,0.27460885000443197,0.0,0.029011301122562824,0.024882904566062406,0.0,0.09041900148561263,0.3008834427488595,0.19010451204910817,0.0,0.0,0.026496846286876388,0.0,0.03347977365344031,0.0,0.05873513727834075,0.0,0.0,0.06357696856295685,0.05681515810512904,0.10956399842245171,0.047018957080667514,0.21770638040265594,0.0,0.03613940481967307,0.0,0.0842456486866848,0.0,0.0,0.0,0.0,0.0,0.0,0.0,0.04596182052627764,0.0,0.0,0.0,0.2713916566300539,0.024074015484122906,0.0,0.0,0.0,0.0,0.0,0.0871681634921044,0.02667644671423825,0.021238947891058336,0.0,0.0,0.0,0.13184641102737804,0.04391168514298968,0.2857973376357331,0.0,0.0,0.0,0.0,0.03599085455515152,0.0,0.11057450414656114,0.02589006128834035,0.053527783675872596,0.24023309549062555,0.3578794292752423,0.07767935229921719,0.0,0.0,0.02695077486732126,0.0,0.1260279726557803,0.0,0.04520917501361361,0.10386157633894612,0.0,0.0,0.038611381230522906,0.0,0.0,0.0,0.0
curdle,0.3047415208756984,0.0,0.0,0.036479194422746906,0.027828653167513078,0.0,0.0,0.0,0.0,0.03624812806343758,0.033353442927073686,0.0,0.0,0.0,0.0,0.0,0.05323879133051312,0.26657441516795527,0.0,0.0,0.0,0.07304900049754925,0.037524482671236155,0.0339241868298127,0.0,0.02366992592024251,0.0348071805641146,0.03953120241048032,0.0,0.06370387002091628,0.030110442275560877,0.07163391051579673,0.0,0.0,0.0,0.06894846722813981,1.0000000000000002,0.0,0.06827053038958387,0.0,0.03855433025423225,0.035150322899529664,0.0,0.0,0.0,0.0,0.027214455082370734,0.0,0.03346165358318816,0.0,0.0,0.0,0.0,0.0,0.07055101813030541,0.03401080767107567,0.0,0.1475021478461881,0.0,0.0,0.09835543391870927,0.0,0.08503970302368466,0.032025245700603555,0.0,0.08354726752047406,0.025368378189372476,0.032270242458743464,0.02803943578659493,0.0610386271098952,0.0,0.0,0.0,0.19287422547045574,0.052528707506531644,0.0,0.02974674437647762,0.0,0.0,0.07131366540424386,0.0,0.034458437813403846,0.0,0.10765652159679212,0.05302116108339769,0.032221675532162215,0.0,0.0,0.0,0.0,0.0,0.0,0.14367297085823857,0.17402679824858525,0.0,0.04837516597883773,0.0,0.0,0.0,0.08068159300696434,0.08720201962434809,0.041957821392849086,0.04350988454928635,0.0,0.13462543845957753,0.0,0.0,0.0,0.0,0.05389316714568438,0.04094181240678752,0.0,0.23106264862825832,0.0,0.0,0.03372311735559214,0.0,0.0,0.026677325122327473,0.05827085843344741,0.0574665526385592,0.032983293512727475,0.06300004785513665,0.031123233036377797,0.0,0.0,0.14378672681781973,0.03807135599337793,0.04234117590974091,0.0,0.0,0.026864304460240053,0.0,0.029931183744569653,0.105854458687799,0.03826581186614845,0.08548629514028443,0.0,0.03072567618683996,0.0,0.0,0.0,0.0,0.03726256695064648,0.05272612650401057,0.04740335009022059,0.0,0.0,0.040182651338537705,0.0,0.07112009381397945,0.0,0.0,0.0,0.0,0.0,0.0,0.038094179787840556,0.053586688537614384,0.07414069804156892,0.22007467894240407,0.0,0.09759397019732065,0.0760829441792293,0.04930662248225195,0.03280601792778771,0.0,0.0,0.045422343510645766,0.0974035453783608,0.0,0.0,0.0,0.043146790195599714,0.0,0.07111931706563449,0.05127507217712123,0.03021405638316365,0.03299553115109865,0.20067088258659513,0.0,0.0,0.0,0.08305149627304786,0.06054820906361244,0.0,0.0,0.07511041351680403,0.0,0.06707804225777701,0.0,0.06547410466667541,0.14350109017073182,0.04158622911263061,0.09591126275027606,0.0,0.0,0.08707955882913801,0.0,0.0,0.16472870764710165,0.0312786156288069,0.03869044559072,0.12057809493572419,0.0,0.07284877573917758,0.0,0.0,0.11131081659768263,0.03353416993516702,0.04217736129355632,0.0,0.03144997328020274,0.0,0.042661324301385875,0.04553811742284337,0.0,0.0,0.0,0.038720204371119664,0.03463620547439512,0.0,0.04743011540977771,0.0,0.054256348181092214,0.0,0.0,0.0,0.05104294587946705,0.028418547204343333,0.0,0.06178959903263591,0.0,0.039042229863379935,0.04596968964462812,0.0,0.038239333709387015,0.025071847428639302,0.04029239700055703,0.0,0.03366068017383726,0.032987352710315214,0.05183623387969169,0.060096279262933566,0.0,0.0,0.034127148190610974,0.038954443574004974,0.04248596582380627,0.0,0.04472367326125227,0.030562326809637688,0.16677482121578188,0.050515219330715525,0.06597468773469527,0.09169780345011468,0.0,0.0,0.031814462704226484,0.04407787264327118,0.14877168673203048,0.0,0.0,0.16513949209341705,0.0,0.0,0.04557940742574416,0.04046274846440453,0.0,0.043955780978817506,0.08092448091706993
dollop,0.0,0.0,0.0,0.0,0.0,0.06127817931632926,0.0,0.0,0.1016365672967674,0.0,0.03178566386564065,0.0,0.0,0.0,0.0,0.0,0.04178205578574803,0.0,0.05352025843510459,0.0,0.0,0.06961533118523645,0.0,0.0,0.03405240378022083,0.0,0.0,0.0,0.0,0.0,0.0,0.0,0.0,0.3516784511485548,0.0,0.03147922268833022,0.0,1.0,0.09127773822402344,0.0,0.0,0.0,0.0,0.0,0.028738067827418695,0.0,0.024684215302049915,0.0,0.0,0.0509706299419835,0.029305950186760295,0.0,0.0,0.0,0.0,0.0,0.0,0.07719179209583461,0.041706165140500254,0.09455801417642826,0.02873466412137312,0.1187090506164208,0.05412369488235816,0.0923324514881799,0.035151313795358866,0.0,0.0,0.0,0.0,0.0,0.0,0.04084283654996313,0.0,0.05150564102856822,0.06235906821317674,0.0,0.0,0.0,0.0,0.04538772984904337,0.0,0.0,0.0,0.0,0.0,0.0,0.0,0.03827314908151075,0.0,0.0,0.0,0.0,0.0,0.0,0.0,0.0,0.0,0.0,0.0,0.0,0.0,0.0,0.051652438968139786,0.0,0.0,0.0,0.0,0.042446872656534,0.0,0.0,0.0,0.0,0.0,0.0,0.0,0.0,0.0,0.0,0.024197024522783564,0.0,0.0273826682552716,0.031432913329805495,0.0,0.0,0.0,0.0,0.0,0.0,0.0,0.0,0.0,0.0,0.0,0.0,0.0,0.0,0.0,0.0,0.0,0.0,0.036421232133234456,0.0,0.09315647218407655,0.03551103945862106,0.04621201315931286,0.0,0.0,0.060269524434690136,0.03521823686955915,0.03717008918417068,0.03225388314211519,0.0,0.20666830403667802,0.03996232976001312,0.580010815223581,0.0,0.0,0.0,0.03552198531196734,0.034450534603824634,0.0,0.0,0.0,0.0,0.07107832006895,0.0,0.5992106398079423,0.0,0.0,0.0,0.0,0.0,0.0,0.0,0.2630899900519318,0.0,0.02290912125015613,0.043555292617271216,0.0,0.07098605457951863,0.0,0.04579782212436605,0.0,0.04929698603999921,0.0,0.0371015169045735,0.09896257368541928,0.03232605158075077,0.0,0.0,0.0,0.0,0.0,0.03263706972451443,0.07033617220103426,0.0,0.03317125135193735,0.0,0.0,0.12653377328782334,0.0,0.0,0.0,0.0,0.0,0.06607572554342551,0.0,0.0,0.0,0.031957895798135835,0.0,0.05289528291518887,0.0,0.11710847250169797,0.0,0.11265532439537328,0.0,0.06036508221261746,0.0,0.0,0.09686790742575666,0.0,0.0,0.0,0.0,0.0,0.0,0.0,0.0,0.0,0.08866954184571384,0.03932611810761161,0.0,0.0,0.0,0.0,0.030010410347909838,0.0,0.0,0.09856930739728509,0.0,0.0,0.0,0.0,0.0,0.0,0.0,0.0,0.0,0.0,0.04056552947828173,0.0,0.0,0.0,0.0,0.0,0.0,0.0,0.0,0.0,0.0,0.0,0.0,0.03680454802564883,0.0,0.0,0.0,0.0,0.0,0.0,0.0
scorching,0.051242379862733396,0.0,0.0,0.0,0.0,0.0517690509142139,0.0,0.0,0.08586463706714885,0.0,0.02685317464326078,0.024800451685675507,0.0,0.02567296213066882,0.0,0.06326432416530636,0.035298329640425855,0.0,0.1849293946094733,0.02769199163123458,0.0,0.05881244620428866,0.20146223586272188,0.05462537199313313,0.028768162577895967,0.0,0.05604718532784389,0.0,0.0,0.5100734995898739,0.0,0.0,0.08881934839550887,0.16936663801034468,0.023706746377237426,0.1919455445249538,0.06827053038958387,0.09127773822402344,1.0,0.0,0.0,0.05659971965424277,0.0,0.023573482084979367,0.04936416756897611,0.0,0.020853726612088067,0.0,0.07948085679787556,0.04306102377772417,0.02475826214542125,0.03858695305846687,0.0,0.0,0.028616111260289345,0.054764850522127366,0.0,0.07721994642510986,0.035234215681401976,0.03179281548814881,0.34958143912485756,0.100287817848104,0.0,0.0,0.029696544085938928,0.0,0.0,0.0,0.1788603805337168,0.13009587102220962,0.0,0.03450485814731965,0.0,0.0,0.0,0.053486223142128086,0.0,0.0,0.030847362949523473,0.0,0.0,0.03905263376821796,0.0,0.0,0.0571917051837242,0.0,0.0,0.032333933963994914,0.0,0.0,0.07976984033434537,0.0,0.0,0.0,0.0,0.07789461395435189,0.042598721155840256,0.17676748548351817,0.0,0.0,0.14041435346495554,0.0,0.0,0.0529335588234793,0.0,0.04488065774566887,0.038709020243079435,0.035859980440373425,0.0,0.0,0.0,0.0,0.0,0.0,0.0,0.0,0.0,0.0,0.020442137943198647,0.18104690002109278,0.04703596053695876,0.026555163823530042,0.12554337227617599,0.0,0.0,0.042674786847436474,0.0,0.20999171217787174,0.03352359870687884,0.0,0.0,0.03044600713487845,0.0,0.0,0.0,0.06161633934790906,0.0,0.048621593715842154,0.0,0.02575926812378492,0.030769396899515526,0.0,0.03661894950140671,0.030000447635038133,0.39240691287463514,0.0,0.0,0.050916918776721824,0.09445595284676114,0.06384808199563635,0.027248735801135585,0.0,0.0583492856266554,0.03376098812135289,0.0,0.0,0.0,0.061339974105300385,0.3199237287062421,0.029104511586753857,0.0,0.0,0.0,0.0,0.0,0.0,0.0,0.0,0.0,0.0,0.0,0.03865397686634899,0.0,0.04960186189591392,0.0,0.0,0.01935409109133232,0.0,0.0,0.023867321613453375,0.0,0.0,0.03361748156697535,0.04773830022707985,0.0,0.03134411529612152,0.0,0.02730970516438703,0.0,0.11993323463995517,0.0,0.0790926685224365,0.0,0.027572459611392187,0.02364881458654393,0.0,0.05697916853851136,0.27072741433388947,0.0,0.0,0.05455815428793692,0.0,0.044478815925407686,0.0,0.0,0.05582211544166565,0.03695840722074821,0.0,0.12084762351823969,0.026998679679178527,0.03508633911342884,0.04468700971388776,0.1391410424810303,0.0,0.0,0.0,0.040033705072996625,0.0,0.061838204957129855,0.0,0.047098556319712534,0.0,0.0,0.0,0.0,0.0,0.04136965250874002,0.0,0.3338413462608142,0.0,0.07490983050678789,0.0,0.0,0.0,0.0,0.04531713154613285,0.02535340440252594,0.0,0.0,0.0,0.0,0.22107846342553733,0.0,0.16372974966662462,0.04604320595127599,0.0,0.0,0.0,0.0,0.0,0.06968052294662588,0.049212040934906665,0.05300147093972353,0.3303898028896927,0.3820895184919084,0.0,0.0,0.04839811106903418,0.05122825400940132,0.0,0.0,0.04445928238003161,0.0,0.16632770657622553,0.035645681912470924,0.0,0.0,0.0,0.0,0.0,0.0
tilt,0.0,0.0,0.15768561327547015,0.0,0.0,0.0,0.0,0.0,0.0,0.0,0.07272828515200563,0.0,0.0,0.0,0.0,0.059156835251167994,0.04246917092029795,0.0,0.0,0.03224557567726567,0.0,0.0,0.0,0.0,0.0,0.0,0.031008577625102608,0.0,0.0,0.0,0.05552017054815632,0.0,0.0,0.0,0.0,0.0,0.0,0.0,0.0,1.0,0.0,0.2077529380077287,0.03126871476089266,0.0,0.02921067169935831,0.0,0.0,0.0,0.0,0.0,0.0,0.0,0.10272596538246322,0.0,0.0,0.0,0.0,0.0,0.0,0.0,0.0,0.05323864184009735,0.0,0.0,0.03572938491354313,0.0,0.0,0.0,0.0,0.0,0.0,0.0,0.0,0.0,0.0,0.0,0.0,0.0336322858833284,0.0,0.0,0.0,0.03337875842858915,0.04624439951696057,0.0,0.0,0.08911956047611783,0.0,0.0,0.07004175654577165,0.07512463511661863,0.0,0.038149750356574745,0.0,0.0,0.0,0.0,0.0,0.0,0.08223907391031146,0.06436059643545744,0.0,0.03868268320739355,0.0,0.0,0.0,0.0,0.03308506779260114,0.0,0.0,0.0,0.0,0.0,0.0,0.0,0.0,0.062181525261674024,0.0,0.0,0.0,0.02595580003509085,0.0,0.0,0.0,0.0,0.0,0.0,0.0,0.0,0.0,0.0,0.0,0.0,0.0,0.0,0.04807234239595603,0.0,0.0,0.041557464233689785,0.0,0.029995041192328018,0.03702018733893397,0.0,0.0,0.0,0.0,0.043703145531328536,0.0,0.0,0.0,0.075562719018901,0.07379961042609931,0.0,0.03422975976164054,0.0,0.0,0.0,0.0,0.0,0.13449042664350666,0.0,0.0,0.0,0.0,0.0,0.0,0.11151129476571767,0.0,0.0,0.0,0.0,0.0,0.0,0.0,0.0,0.0,0.0,0.0698576004251026,0.058534730716613984,0.0,0.0,0.0,0.0,0.0,0.0,0.0,0.0,0.0,0.0,0.0,0.030390993448732778,0.0,0.0,0.0,0.0746763737099796,0.0,0.0,0.0,0.0,0.0,0.0,0.0,0.0,0.0,0.0,0.0,0.0,0.0,0.0,0.06685996616520311,0.0,0.0,0.0,0.028017751566238546,0.0,0.0,0.09450761789302432,0.0,0.0,0.0,0.0,0.0,0.0,0.0,0.0,0.0,0.0,0.03535914237076876,0.0781463218710667,0.0,0.0,0.0,0.0,0.0,0.0,0.0,0.0,0.0,0.0485725524303058,0.0,0.0,0.0,0.33116307507869275,0.0,0.02676890386269529,0.0,0.0,0.09548022232762392,0.0,0.0,0.0,0.0,0.0,0.06600913530132288,0.12678173600911033,0.0,0.0,0.0,0.04136645091241013,0.08600968447377604,0.36039532606187474,0.0,0.0,0.0,0.0,0.0,0.0,0.0,0.0,0.0,0.0,0.0
muddle,0.030452789969505078,0.10758294678789478,0.0,0.21582340888840856,0.06589414590337096,0.06293147219979112,0.0,0.1584685242598262,0.0,0.04142190717668764,0.0,0.0,0.04388268767305067,0.0,0.07593419983817772,0.0,0.0,0.03338749775650635,0.0,0.0,0.0,0.0,0.0,0.0,0.0,0.0,0.0,0.0,0.07657548804932271,0.0,0.028335615065952766,0.0,0.0,0.0,0.04272147538532541,0.0,0.03855433025423225,0.0,0.0,0.0,1.0,0.0,0.0,0.0,0.0,0.0,0.025610328682206467,0.0,0.0,0.0,0.0,0.05300616005511834,0.0,0.0,0.07529380458056681,0.0,0.0,0.0,0.0,0.0,0.0,0.05344062991153269,0.03712290710462047,0.11810635509611289,0.0,0.03647140501118191,0.023873066780058794,0.06477481823226382,0.0,0.0,0.0,0.0,0.0,0.0550395508765007,0.0,0.0,0.06034624012306998,0.05204928069167216,0.0,0.031130995075963574,0.0,0.0,0.0,0.03926685182928639,0.12763333580500602,0.07629617488085996,0.09501693707947843,0.10775967617797,0.0,0.058131392460341526,0.0,0.0,0.032914551853123926,0.05811607452953613,0.1057437819904332,0.0,0.0,0.0,0.0,0.0,0.0,0.248236842557276,0.0981520962496259,0.0,0.12239673263456335,0.0,0.0,0.0,0.0,0.0,0.038528541887369885,0.0,0.0,0.1517487547235823,0.056872760954570244,0.03173534495000075,0.0,0.0,0.02510485926236571,0.0,0.0,0.03769107524324044,0.0,0.04665708957072209,0.0,0.056448129622489636,0.0,0.0,0.0398454214334805,0.0,0.0,0.08165603044795978,0.0,0.0,0.0,0.07702941772314972,0.0,0.06431427611661888,0.0,0.04770093085375005,0.0,0.04090459326312615,0.0484377629227451,0.0,0.0,0.044609211272970836,0.11444706558252762,0.07914587865229399,0.0,0.0,0.10560349410155476,0.0,0.052973930467369576,0.0,0.05679379730967009,0.14393264162254718,0.0,0.053969577451974136,0.0,0.0,0.0,0.19812798775293994,0.0470555975273502,0.0,0.20250969267719973,0.030872302948636195,0.0,0.13844594961140036,0.10246633100325242,0.16939162244606015,0.0,0.053098229379242474,0.35759224549150137,0.24642762758482284,0.0,0.06446937280606634,0.0,0.04529413551980326,0.0,0.0,0.0,0.11847778751479879,0.0,0.0,0.0,0.0,0.0,0.0,0.0,0.031021067959013344,0.2007876801852125,0.030279307237608123,0.0,0.0,0.0,0.1209926658119404,0.0,0.0,0.0,0.0,0.0,0.03574308474424599,0.03640987943503762,0.0,0.0,0.06855478403406494,0.0,0.0,0.03412306276935119,0.0,0.0,0.06342651307724682,0.0,0.0,0.0,0.04285392271269157,0.0,0.06277501653882035,0.0,0.036437884116553756,0.0,0.07233239651758588,0.13012777370224982,0.0,0.0,0.0,0.0,0.0,0.0,0.0,0.0,0.026973395524222774,0.08487785063853913,0.03674092816707298,0.0,0.0,0.0,0.0,0.03791740556461377,0.0,0.03167658805988873,0.0,0.05923493937110185,0.0,0.037690472253127986,0.07662416563384145,0.032115560627708054,0.19171906190366242,0.04855008594059607,0.0,0.04208748507473335,0.0,0.0,0.02654453735338847,0.0,0.0,0.0,0.0,0.045072846260802144,0.0,0.0,0.0,0.0,0.12050297488868832,0.0,0.11465090403413569,0.0,0.038077715847050976,0.125153857766542,0.0413648553661406,0.0
deglaze,0.0,0.08691717985451605,0.05250402286306844,0.0,0.021272060064425957,0.0,0.08786517727098911,0.0,0.0,0.0,0.0,0.0,0.0,0.02478595315404659,0.0,0.052313650532236584,0.03755639321281011,0.0,0.0,0.0552506745359333,0.08431982075039607,0.0925885766974883,0.031109692384732074,0.05318227333278033,0.0,0.03802026936645361,0.056278457864834645,0.0,0.0,0.05281372743845412,0.04909767040807137,0.0,0.0,0.0,0.022887670777932273,0.02977665999850503,0.035150322899529664,0.0,0.05659971965424277,0.2077529380077287,0.0,1.0000000000000002,0.027651591057032233,0.0,0.0258316197038609,0.0,0.0,0.0,0.027741401761026827,0.0,0.0,0.03725376160322481,0.07455562981264494,0.0,0.0,0.028196678250663663,0.0,0.024135251307880645,0.0,0.0,0.10575770285409047,0.04317514048687466,0.10651258022948984,0.0,0.1102891501781682,0.0,0.019391440230078143,0.0,0.043956866102068545,0.07314657437372389,0.10330777891956433,0.07578700577997119,0.0,0.0,0.0,0.0,0.0,0.029741747387779294,0.0,0.06717244070437459,0.0,0.029517547654794175,0.04089490834206924,0.0,0.0,0.07881032720123585,0.0,0.03225461605180513,0.18495816001303436,0.06643431635864903,0.0,0.033736637525864185,0.0,0.0,0.0,0.11877929603528747,0.09070849426372828,0.025765664791842145,0.07272576625122734,0.05691544748253508,0.11523487545186384,0.034207921407033826,0.0,0.0,0.0,0.0,0.02925783076442243,0.0,0.0,0.0,0.0,0.0,0.07282469495507549,0.0,0.07876565607092226,0.12346491602852197,0.0,0.0,0.0,0.16243836120173677,0.0,0.0,0.07549707298768615,0.10010494667060282,0.0,0.0,0.0,0.059683707991198695,0.0,0.0,0.0,0.1712506669707318,0.0,0.09627083243684993,0.13027009266623726,0.05998855259745932,0.0,0.036750151553860286,0.02467685131390804,0.02652525436787134,0.06343165779995037,0.0,0.0,0.07949820764361071,0.04371262331713851,0.03864762326751173,0.0,0.0,0.03331344853697539,0.20476560779224998,0.05984954607958555,0.13898973560240502,0.13404045776331963,0.0,0.0,0.0,0.0,0.03158200008329009,0.10389244842040676,0.07712406606851252,0.08831928469098012,0.0,0.0,0.0,0.0,0.0,0.03145269986156495,0.03337518894898312,0.0,0.0,0.0,0.0,0.0,0.0,0.09937464481535631,0.0,0.14679581720308865,0.11622400033235097,0.09689450632308337,0.0,0.0,0.0,0.0,0.0,0.0219609685453588,0.0,0.0,0.0,0.0,0.055157584619114366,0.03195260237493495,0.05220096585358773,0.0,0.0,0.0,0.0,0.02795500244926353,0.0714824899639131,0.0,0.0,0.0,0.025120936069343222,0.0,0.0,0.0,0.0,0.0,0.0,0.14906351999577083,0.0,0.0,0.0445773886477825,0.0508503121314241,0.0,0.03426278237907781,0.0,0.0,0.0,0.0,0.0,0.0,0.08590531356057868,0.0,0.0,0.0,0.028187383865446277,0.03126884339316435,0.0,0.04231718152207738,0.0,0.0,0.0773917286902877,0.0,0.0,0.0,0.0,0.0,0.1282647718689795,0.0,0.0,0.0,0.17377546592229462,0.0,0.07349516474694834,0.0,0.0,0.0,0.0,0.034121945931686014,0.0,0.0,0.025337713352096083,0.08082044556693493,0.11659358332098474,0.0546963500759573,0.0,0.0,0.03658123440178481,0.026375797283747407,0.031093980077381737,0.0,0.0,0.0,0.1006448828029167,0.0,0.0,0.0,0.0,0.0,0.0,0.053522848569974114
freezing,0.0,0.0,0.05242763810914469,0.0,0.0,0.0,0.0,0.0,0.0,0.0,0.06422160495608852,0.0,0.0,0.0,0.049888401949545136,0.05223754273887417,0.037501754811838324,0.0,0.06766614633839325,0.028473964680987725,0.0,0.046970924017978116,0.0635388481316741,0.0,0.21390724182954657,0.0,0.06959729435123518,0.0,0.07527195904372216,0.038631393367244374,0.2323774520939992,0.04606101308752358,0.03321793804510772,0.0,0.0,0.0,0.0,0.0,0.0,0.03126871476089266,0.0,0.027651591057032233,1.0,0.0,0.025794038928009164,0.042984903973586015,0.0,0.0,0.05035102407714212,0.0,0.07410355524824214,0.0,0.0,0.0,0.0,0.03272088230513286,0.0,0.0,0.0,0.0,0.0,0.04701157214840682,0.0,0.0,0.03155028938803897,0.03858652838560084,0.039504291260415166,0.0,0.0,0.0,0.043137284520995044,0.0,0.0,0.037375976753782354,0.0,0.0,0.0,0.029698478016565534,0.07140027370803101,0.03293640661231386,0.05602776421500875,0.029474604457471482,0.040835412948381215,0.0,0.0,0.0786956710830634,0.0,0.0,0.0618493067712463,0.06633766530925454,0.07815774991889059,0.033687556243800355,0.08021865154952415,0.0,0.0,0.0,0.04956874959746167,0.07730844009848364,0.07261996217268075,0.056832644828312726,0.0,0.03415815448411186,0.08473503462543064,0.1310411570674206,0.0,0.04142610711909344,0.029215265412637643,0.0,0.04912737843766529,0.10377056718942616,0.0,0.040521068685425744,0.03570785487777997,0.0,0.0,0.054908449203440915,0.0,0.0,0.041542617104419796,0.07225384165695667,0.0,0.0,0.0,0.0,0.0,0.0,0.0,0.0,0.0,0.04816022109634524,0.0,0.0,0.0,0.0,0.042449550078272065,0.0,0.028543510375386664,0.036696686102452435,0.0,0.23181549340319146,0.032690112818036694,0.0,0.033800318463031914,0.0,0.0,0.03859139730553685,0.03938779362525921,0.0,0.12850419418818443,0.06672450862958304,0.0,0.0,0.030226068228604054,0.0,0.0,0.16732048681408604,0.0,0.0645034956363478,0.0,0.0,0.0,0.0,0.0,0.08435346435154889,0.0,0.0,0.0,0.0,0.0,0.060221621662506,0.0,0.0,0.0,0.0,0.0,0.0,0.1297841479177413,0.05168820280082921,0.0,0.031011185910563645,0.07968307312881062,0.0,0.0,0.03577322731000603,0.0,0.0,0.0,0.0,0.0,0.08460020594524739,0.0,0.0,0.04484671651821037,0.0,0.0,0.0,0.0,0.0,0.04032369151302267,0.0,0.0,0.0,0.0,0.05211971069155198,0.0,0.0,0.0,0.0,0.15680270322664883,0.21648548038980187,0.0,0.0,0.07206462110384179,0.0,0.0,0.0,0.09266326928612564,0.043804986492013955,0.0,0.0,0.09857264701622723,0.0,0.0,0.09366047618231288,0.0,0.0,0.03122335234737732,0.0,0.0,0.0,0.0,0.09427668180534617,0.055764337259005946,0.033633748367407734,0.03960155399539468,0.0,0.03294207662368167,0.04289125293368714,0.0,0.10742545553543763,0.0,0.0,0.0,0.023637873014391016,0.0,0.06740606345714946,0.0871217443527584,0.04889362293231514,0.0444442058272617,0.0,0.0,0.09773837833895804,0.0,0.0,0.0,0.0,0.0,0.03652801469716723,0.17225046056195648,0.03104874342907928,0.0,0.0,0.12879632449442305,0.0,0.0,0.045383586467381436,0.0,0.0,0.0,0.0,0.0
parboil,0.11075526013366507,0.0,0.046024591550160435,0.0,0.039777116955576654,0.0,0.0,0.0,0.0,0.0,0.0,0.08482103886333642,0.057671435022958295,0.08780514751189748,0.0,0.04585771274181009,0.15766050208575322,0.050711852615092305,0.02108529306632605,0.07498922180289311,0.0,0.0,0.07774212811448723,0.06533907331830763,0.0536622904532073,0.0,0.1340794952162933,0.1655751430589677,0.0,0.0,0.060016590662586716,0.14629263221118316,0.047688653772749466,0.0,0.02139909239202108,0.11878376879684985,0.0,0.0,0.023573482084979367,0.0,0.0,0.0,0.0,1.0,0.08579650508879591,0.0,0.0,0.05404221149365327,0.023108292458715714,0.0,0.046182478660804764,0.0348308350916325,0.0,0.0,0.025830571560307273,0.2291495112282587,0.04865824725183873,0.04020881501169415,0.0,0.03949158141107069,0.08578634344241058,0.0,0.0,0.0,0.0,0.0,0.0,0.0,0.05400485381875902,0.0,0.0,0.0,0.0,0.0,0.0,0.04827978553048625,0.0,0.07271213740800885,0.027844629511912952,0.0,0.0,0.07216401756894548,0.2194190664470467,0.0,0.0,0.0,0.14498052219762325,0.0,0.1118704518179875,0.0,0.030479905425509154,0.14162529348528002,0.0,0.0,0.0,0.0,0.0,0.06718590573049299,0.0,0.2846943189904086,0.0,0.0,0.0,0.05694618780389917,0.07478898302152616,0.0,0.0715290659646006,0.0,0.046966093233485794,0.0538969522566093,0.0,0.0,0.0,0.0,0.05544525352227462,0.0,0.0,0.0,0.0,0.09635706035443192,0.02157581454134682,0.0,0.0824236678167051,0.13610059196897634,0.0,0.0,0.0,0.0,0.03026035604490806,0.05484466303157254,0.0727378595539862,0.0,0.0,0.06268289007467041,0.0,0.0,0.0,0.0,0.0,0.530319736646484,0.0,0.0,0.0,0.0,0.03641215005830057,0.09448507704947247,0.0,0.046309263629905055,0.0,0.02928768457648735,0.0,0.0,0.053069048866656185,0.0,0.0,0.0,0.0,0.07337061367587831,0.125617733191736,0.0,0.0,0.0,0.0,0.0,0.0,0.0,0.0,0.0,0.0,0.0,0.0,0.034891334690966454,0.0,0.0,0.0,0.0,0.05034344536997167,0.0632752914531604,0.0,0.029646895378399315,0.04461497205262965,0.12719533536397348,0.030345100191796193,0.0,0.0,0.0,0.06060226383524397,0.05094177727738548,0.21326972220758084,0.0,0.0,0.21539578427079142,0.06438327189295724,0.0,0.0,0.11793733702086816,0.07841055816056391,0.13983132374329302,0.0,0.07748619328791186,0.0,0.0,0.0,0.0,0.0,0.0,0.0,0.0,0.0,0.0,0.03167097671011319,0.0,0.39569446162898586,0.04505792988327764,0.04266432055959888,0.0433445642245144,0.036136757867142134,0.0,0.0,0.03685506736184104,0.02852540440810378,0.0,0.0,0.03886986295768423,0.0,0.035099180436268855,0.23905806054883927,0.05382176204695547,0.2857412495229916,0.0,0.0,0.0,0.042288365542053306,0.0,0.03785934312571918,0.0,0.0,0.10501260957468367,0.0,0.03792491564848749,0.0,0.022780744889779107,0.0,0.12012654072219614,0.0,0.0,0.0,0.0,0.0,0.0,0.03196307725148178,0.0,0.0,0.10097494597747335,0.21883609356448835,0.0,0.04552482662864548,0.0894332033587944,0.0,0.03630129586590238,0.0,0.0,0.0775690156730157,0.0,0.07868952638009388,0.0,0.04558260863142822,0.03851367379179297,0.0,0.0,0.06664712583431776
baste,0.10736790457742945,0.0,0.10051758694440133,0.0,0.0,0.0,0.0,0.0,0.0,0.0,0.025794130906025062,0.023822363865994824,0.0,0.024660463976466485,0.057821248243636846,0.18480505893025895,0.11779324438862332,0.0,0.06586966227480559,0.13522038069026268,0.0,0.0,0.08272909771424554,0.0,0.02763359495918256,0.0,0.09691963321193393,0.04870097809335441,0.035158856073989525,0.036088753809308434,0.13183660099161498,0.07783847547400642,0.05074776563894217,0.09662796623833114,0.02277179244294163,0.14407302684767065,0.0,0.028738067827418695,0.04936416756897611,0.02921067169935831,0.0,0.0258316197038609,0.025794038928009164,0.08579650508879591,1.0,0.0,0.020031290946288673,0.0,0.024590633562425024,0.03985952156747231,0.023781838209768313,0.03706514896943587,0.0,0.0,0.02748754028807264,0.0,0.05994094962523477,0.03298427075009682,0.1074452560290367,0.21328832181548366,0.047411712331086944,0.018881848980933712,0.0,0.0,0.2318204018417852,0.0,0.08121263196188083,0.0,0.0,0.0,0.049996623250578784,0.03314404496934047,0.12211369738694261,0.0,0.0,0.05137681707005018,0.0,0.24876480381918029,0.02963079518887963,0.0,0.0,0.06593122850898303,0.26176259348254327,0.0,0.0,0.07351608244042922,0.04810159555566765,0.09244307940780323,0.22712203676024734,0.12718677172772552,0.1132172583458505,0.21594350231288134,0.0,0.0,0.0611789871501636,0.0,0.0,0.2792650183616234,0.26788435784906733,0.09010999387067989,0.032933762808699106,0.031909934390372464,0.0,0.0,0.0,0.0,0.12983332562185368,0.034445723533795575,0.0,0.0,0.06553419217468412,0.0,0.0,0.052148512022867015,0.0,0.10527395503301185,0.05363688853410425,0.0,0.01963593463755388,0.10518965586085594,0.17454704942159893,0.025507873128400412,0.02314905160573508,0.034680207769450674,0.0,0.0749377086975107,0.0,0.26702285365209594,0.21363910630676824,0.0,0.09143888802142501,0.0,0.0,0.03335192297773212,0.039655607229264846,0.053790224152131735,0.0,0.03428138503261403,0.0,0.0839909238784623,0.1612310815268304,0.22339812310628915,0.0,0.3240395852388139,0.07624904418214742,0.14190662711866445,0.06332334060070277,0.0,0.028579670883476058,0.29926845433707816,0.026174091801640147,0.0,0.08766601316706925,0.032429511917596805,0.0,0.07681023248136565,0.0,0.0,0.03938031987499662,0.02795667893267355,0.0,0.0,0.0,0.0,0.0,0.0,0.10363685612977477,0.06988874742185862,0.0,0.0,0.0,0.037129529471827065,0.0,0.0,0.06429141107205036,0.0,0.10300382465787514,0.24062229709993527,0.05549156111632843,0.02292603486374455,0.0,0.0,0.032291665018723124,0.0,0.0,0.03010795646408256,0.0,0.026232656636444862,0.2952386374410386,0.025069993252741736,0.0,0.058594260313811555,0.0,0.026485048492984338,0.022716145383976722,0.0,0.21144557554168353,0.043836185526052396,0.0,0.0,0.0,0.0,0.0,0.0,0.0,0.05362058573267902,0.0,0.0,0.0551538041514755,0.025933897469711052,0.03370259331077266,0.04292462971964148,0.1337961220005765,0.0,0.0,0.07289134415473988,0.03845484353430928,0.07042481500827476,0.0,0.0,0.0,0.05051025877055955,0.0,0.06536636389791455,0.0,0.0,0.029168294947425285,0.06027228882626866,0.018755474455979883,0.2678452688076708,0.21378864748978155,0.0,0.0,0.0,0.0,0.14682573221276385,0.024353509064011913,0.42266860648752047,0.0,0.0,0.0,0.02424207460869128,0.0,0.044164152800937544,0.0,0.0,0.0,0.0,0.0,0.05769246313103932,0.06693244111219541,0.0,0.05715099984866972,0.054066167679341,0.04848413622016623,0.0,0.0,0.16233135518411834,0.0,0.0900520547260184,0.0,0.06597501890166942,0.0,0.029866965614548067,0.0,0.0,0.0,0.06476737051686018,0.0,0.0,0.0
scrub,0.0,0.04802125361626879,0.0,0.0,0.0,0.09983719602031453,0.25133320147434796,0.0,0.38356506030022525,0.0,0.0,0.0,0.0,0.0,0.0503748736949614,0.0,0.0,0.0,0.0,0.0,0.0,0.04742894685490823,0.0,0.0,0.0,0.0,0.04262729510199005,0.0,0.25776478616633003,0.03900809577952513,0.0941597443361639,0.0806345357450936,0.0,0.0,0.0,0.0,0.0,0.0,0.0,0.0,0.0,0.0,0.042984903973586015,0.0,0.0,1.0000000000000004,0.050612296191299797,0.0,0.0,0.0,0.0,0.0,0.0,0.0,0.0,0.08947110684404323,0.0,0.0,0.0,0.0,0.0,0.023854022584587076,0.0,0.0,0.0,0.0,0.0,0.0,0.0,0.0,0.04355792477551091,0.0,0.0,0.0,0.0,0.0,0.0,0.0,0.0,0.0,0.0,0.0673322171466559,0.0,0.0,0.0,0.029962256838832992,0.0,0.0,0.0,0.0,0.0,0.0,0.0,0.04968772349937773,0.0,0.0,0.24017935123589007,0.0,0.0,0.0,0.0,0.03901569363503753,0.0477133002041034,0.0,0.0,0.0,0.06673977924281384,0.0,0.09176588674615357,0.0,0.0,0.0,0.0,0.0,0.0,0.0,0.0,0.0,0.0496133645371973,0.0,0.028072590100298136,0.0,0.0,0.24645494695056475,0.0,0.0,0.0,0.0,0.0,0.04862984100600014,0.0,0.1907073124599441,0.0,0.3226307830955808,0.048486186265402645,0.0,0.026658460350870203,0.0,0.0,0.0,0.0,0.0,0.0,0.0,0.0,0.04407937597803119,0.0,0.0,0.0,0.0,0.0,0.0,0.0,0.0,0.0,0.0,0.0,0.0,0.0,0.0,0.0,0.0,0.0,0.04749844247604368,0.04817287756515431,0.0,0.03826193862069608,0.0,0.0,0.06080885469176971,0.5819091245596366,0.0,0.0,0.0,0.0,0.0,0.0469726590862709,0.0,0.0,0.0,0.0,0.0,0.0,0.0,0.0,0.03803631064919547,0.0,0.0,0.0,0.0,0.0,0.0,0.0,0.0,0.0,0.0,0.0,0.07845963904117138,0.0,0.0,0.0,0.0,0.0685395725108191,0.05262794037299884,0.0,0.0,0.03186073844790402,0.0,0.0,0.0,0.0,0.0,0.0,0.0,0.041680379812625554,0.0,0.0,0.0,0.0,0.0,0.0,0.0,0.08402177293881308,0.0,0.026504395215885455,0.0,0.0,0.0,0.0,0.0,0.0,0.0,0.05630810642013894,0.0,0.03698621659126513,0.0,0.0,0.0,0.0,0.0,0.0,0.0,0.0506443236712052,0.0,0.07095021724994656,0.06806335340952761,0.0,0.049370394389369694,0.0,0.0,0.0,0.0,0.0,0.0,0.0,0.0,0.0,0.08344513057247976,0.0,0.0,0.0,0.0,0.0,0.0,0.0,0.04582613085965052,0.04453136521778597,0.0,0.08081018156614396,0.0,0.0
defrost,0.021495797729931782,0.07632070695906995,0.0,0.024231886614762443,0.018485626639173695,0.0,0.077153129653199,0.0,0.0,0.0,0.02215555633862434,0.0,0.0,0.0,0.0,0.0,0.029123339843323034,0.023567328287526224,0.10113214585702134,0.0,0.0,0.0,0.0,0.0,0.02373554170859413,0.0,0.0,0.0,0.0,0.0,0.10899978755326735,0.05423424090209954,0.0,0.08299742130020638,0.0,0.021941957692483912,0.027214455082370734,0.024684215302049915,0.020853726612088067,0.0,0.025610328682206467,0.0,0.0,0.0,0.020031290946288673,0.050612296191299797,1.0,0.0,0.0,0.0,0.020427121898861735,0.0,0.0,0.0,0.0,0.0,0.0,0.0,0.029070441798674067,0.02623107040671433,0.02002891846159332,0.05412979615975064,0.026204052340263722,0.0,0.024501514785462527,0.025744174698996487,0.3461419820027636,0.0,0.0,0.0,0.0,0.02846867600554031,0.0,0.0,0.0,0.0,0.01975974931177907,0.0,0.0,0.021974524303176382,0.0,0.10701183386044376,0.0,0.0,0.03522015175737539,0.06902310639769976,0.0,0.02667752714923165,0.0,0.0,0.0,0.0,0.02323348861350985,0.07896924588771184,0.0,0.0,0.058364402488853745,0.0,0.0,0.0,0.0,0.08987922329872607,0.0,0.0,0.0,0.0,0.10607026577869634,0.029586737043325782,0.14584453390487234,0.0,0.027196251774285866,0.0,0.0,0.0,0.0,0.022401118472821325,0.0,0.0,0.9225495252469708,0.0,0.0637026134446278,0.021909678687516858,0.0,0.048327121805754,0.0,0.0,0.0,0.0,0.028125801296225383,0.0,0.0,0.04171399906813724,0.0,0.046476147285968716,0.07705962953601465,0.0,0.04236858447463488,0.0,0.0,0.0,0.02538668576692089,0.0,0.0,0.024752254308555197,0.03221115234214629,0.10154426865911483,0.0,0.0,0.024548162165459554,0.025908661480617667,0.06972457558832276,0.0,0.0,0.027854936494742598,0.0,0.0,0.0,0.0,0.0,0.02401305077462412,0.0,0.0,0.033215268864425725,0.0,0.07656168457001153,0.021791920553276174,0.06081012021241276,0.0,0.0,0.0,0.06571419215685115,0.0,0.0,0.0,0.0,0.0,0.0906225053507832,0.0,0.0,0.019692039979773552,0.0,0.0,0.0,0.0,0.0,0.08631239174898031,0.0,0.022532222703606726,0.0,0.021896929735540284,0.0,0.021373340979065042,0.0,0.022749011631961902,0.01951175795318298,0.0,0.023121352168609305,0.0,0.0,0.0,0.0,0.0,0.0,0.0,0.0,0.09444771367027649,0.05063662231754523,0.0,0.024086543661525142,0.09849998975565517,0.0,0.036869590820211115,0.0,0.0,0.06624308642672408,0.03024942067668024,0.0,0.0,0.0,0.02572051320947863,0.0,0.0,0.0,0.0,0.04212372705975479,0.0,0.0,0.0,0.0,0.0,0.0,0.019039787647002357,0.0,0.0,0.058782601148719596,0.0,0.020918151655378366,0.0,0.026764867234723648,0.0,0.022359643579179318,0.0,0.0804895810704299,0.0,0.0,0.0,0.022669502397904363,0.025876110335316196,0.0,0.0,0.057983797855234095,0.0,0.0,0.0,0.0,0.0,0.0,0.1326202645285792,0.0,0.0,0.0,0.0,0.0,0.07956193924004269,0.0,0.0,0.07077418891293902,0.026878025911112553,0.0,0.029198328460835362,0.0
rising,0.0,0.27460038604543346,0.029222403040475436,0.1752286006768064,0.025255692757146005,0.22552822488093252,0.0,0.0,0.0,0.07780575054879096,0.0,0.08647145980557541,0.036617335676444554,0.0,0.19092558617456912,0.05729603778650556,0.04180586550762346,0.7009494831890725,0.0,0.06246256124445943,0.0,0.0,0.0,0.0,0.13771219184232916,0.0,0.0,0.0,0.05267462079459676,0.0,0.0,0.0,0.0,0.0,0.0,0.0,0.0,0.0,0.0,0.0,0.0,0.0,0.0,0.05404221149365327,0.0,0.0,0.0,1.0,0.0,0.0,0.02932265033494879,0.04350753391753471,0.0,0.0,0.09240839920339186,0.0,0.0,0.02552979088953044,0.0,0.0,0.0,0.0,0.10889987655614983,0.0,0.0,0.10698869817371376,0.0,0.09359961864779251,0.0,0.0,0.0,0.124307442586841,0.07792712959044529,0.0,0.12546990454609547,0.0,0.0,0.0,0.03422108204714114,0.0,0.0,0.0,0.0455221306371878,0.0,0.3630072390952397,0.0,0.024294896133646108,0.0,0.0,0.0,0.037459839209180126,0.03755390788177846,0.0965546858602585,0.0,0.0,0.1290424869932593,0.0,0.0,0.0,0.03167768972486792,0.0,0.0,0.10368280188120556,0.03615685431581733,0.08816684429080152,0.13922081713978476,0.0,0.04177704464435352,0.0,0.050549438749636445,0.19666488283908407,0.0,0.0,0.0,0.03520386581472229,0.06889423692286722,0.0,0.0,0.0,0.0,0.0,0.09566781837745479,0.0,0.0,0.0,0.0,0.12320840515840129,0.0,0.0,0.034822532775352556,0.04618346359188217,0.0,0.0,0.0,0.0,0.0,0.0,0.0,0.0,0.05905312634124261,0.0,0.0,0.0,0.0,0.0,0.0,0.0,0.11884230328631676,0.0,0.0,0.0,0.1276462944520276,0.033695141721484925,0.0,0.0,0.0,0.11596445048777386,0.0,0.023496509988253887,0.17266590018434336,0.12007229897893293,0.0,0.20430592386526264,0.0,0.0,0.0,0.0,0.0,0.10849566599048772,0.0,0.0,0.0,0.10506457819800014,0.0,0.0,0.09315824997721928,0.0,0.0,0.0,0.0,0.028327393053354466,0.06058720961313544,0.0,0.0,0.0,0.0,0.03847820739546693,0.03234447274943177,0.0,0.0,0.03731647145829815,0.0,0.04087888359139501,0.0,0.11274836375872838,0.04494947248234279,0.03319015416210542,0.026155129626405274,0.11180532276509819,0.04919832407124642,0.1396293693456009,0.0,0.0,0.2736042235383116,0.17784038589239282,0.0,0.09458676085367468,0.09783021724139762,0.13194885490095418,0.0,0.0,0.0,0.02758015587359523,0.0,0.12373888081952153,0.0,0.0,0.0,0.0,0.03400956312361884,0.0825370801903757,0.0,0.0,0.0,0.07868508433837505,0.0,0.03480688505060409,0.03417306205032936,0.044762276618192126,0.0,0.0,0.0,0.0,0.0,0.0,0.0,0.0,0.0,0.0,0.0,0.0,0.0,0.0,0.02635081331751343,0.0,0.0,0.0,0.0,0.0398499817485976,0.0,0.0,0.0,0.0,0.022149742556490392,0.028928357986556238,0.04231197347657358,0.0,0.0,0.06280426125537357,0.0,0.0,0.0,0.07950405401073841,0.0,0.029990949346641264,0.0,0.0,0.0,0.0,0.039239882616617414,0.0
preheat,0.05023118332200707,0.0,0.0,0.0,0.0,0.0,0.0,0.0,0.0,0.0,0.0,0.024311049534171538,0.0,0.025166342208520938,0.0,0.0,0.0,0.0,0.022898148046130457,0.1887012235894639,0.0,0.0,0.11404132098550948,0.026773708422307602,0.0,0.0,0.027470586343052567,0.0,0.0,0.050276484145928516,0.0,0.0,0.051788791873754327,0.0,0.2812457920503334,0.08221852699719229,0.03346165358318816,0.0,0.07948085679787556,0.0,0.0,0.027741401761026827,0.05035102407714212,0.023108292458715714,0.024590633562425024,0.0,0.0,0.0,1.0000000000000002,0.0,0.0,0.037825493626754025,0.0,0.0,0.02805141241544727,0.06418391192608904,0.0,0.022975761011239458,0.0,0.0,0.1022119754946537,0.0,0.0,0.0,0.0,0.0,0.03766124232189627,0.0,0.02212933450232548,0.048173016288842234,0.0,0.051164136491288544,0.0,0.0,0.0,0.052430747499452666,0.06094310239628192,0.0,0.03023863348011464,0.0,0.0,0.0,0.0,0.0,0.0,0.0,0.0,0.0,0.0,0.0,0.03310048310307754,0.0,0.0,0.0,0.0,0.03817873646598139,0.0,0.0,0.0,0.0,0.06882173650826848,0.0,0.0,0.0,0.0,0.0,0.0,0.0,0.0,0.0,0.0,0.04624359659494349,0.0,0.0,0.0,0.0,0.0,0.0,0.039604471300135516,0.08968975511163352,0.02343084319622869,0.03937625306600952,0.1450354721631349,0.0,0.0,0.0,0.0,0.0300467448113686,0.03286205747604802,0.0,0.0,0.0,0.0,0.035732570649338574,0.0,0.030200213628902284,0.0,0.0,0.0,0.07355101281946325,0.0,0.0,0.0,0.0,0.081155375109684,0.0,0.0,0.0,0.18915873734223893,0.03180575841422875,0.0,0.0,0.0,0.05006111884148847,0.0,0.0,0.0,0.030064757847940368,0.08247994111278226,0.0,0.0,0.0,0.0,0.0,0.0,0.0,0.0,0.0,0.0,0.054516337046664545,0.05052348679981493,0.09336345990304173,0.0,0.0,0.0,0.0,0.0,0.0,0.0,0.0,0.0818041778436854,0.0,0.032954087689495065,0.0,0.06528802911771747,0.0,0.0,0.0,0.0,0.06437854179134725,0.0,0.05125219966316864,0.0,0.04088470907298589,0.0,0.0,0.06993790929885993,0.1596908753785884,0.0,0.0,0.0,0.0,0.0,0.0,0.0,0.08277357123149656,0.03893129680634727,0.0,0.05923143252942766,0.052307074605733056,0.08474631281245829,0.0,0.11710988354892582,0.0,0.0,0.0,0.03924369601817298,0.0,0.0,0.0,0.0,0.0,0.0,0.0,0.0,0.0,0.0,0.0,0.05942442586628277,0.0,0.0,0.0,0.0,0.0,0.0,0.0,0.0,0.0,0.0,0.0,0.06896170729139707,0.05077370860682229,0.0,0.06996435707948034,0.0,0.0,0.05066428717545293,0.0,0.0,0.0,0.03471117392639881,0.7300186047397624,0.025977780601145445,0.05881004425813642,0.10154738999168088,0.0,0.0,0.0,0.07074764179421217,0.0,0.0,0.046832578790422665,0.05777447829419125,0.1123882481888722,0.0,0.0,0.0,0.0,0.0,0.0,0.0
roux,0.04071043818168605,0.14023162376833714,0.0,0.0,0.5455310500532679,0.043003775045106864,0.0,0.0,0.1282557713957097,0.0,0.0,0.0,0.0,0.0,0.05000328977685027,0.0,0.0,0.0,0.030741525168883115,0.0,0.0,0.04885461799585095,0.037781651577339107,0.0,0.03911875086103863,0.06257372742716043,0.0,0.0,0.0,0.0,0.0,0.0,0.06952817518891491,0.05712734225044617,0.22685372408311882,0.0,0.0,0.0509706299419835,0.04306102377772417,0.0,0.0,0.0,0.0,0.0,0.03985952156747231,0.0,0.0,0.0,0.0,1.0,0.03366611565811905,0.0,0.0,0.0,0.0,0.034243896086473144,0.0,0.0,0.0,0.0,0.0,0.06697873655300901,0.0,0.0,0.18599744749323405,0.0,0.0,0.0,0.03408574632968411,0.0,0.11183146527544488,0.0,0.0,0.0,0.0,0.0,0.0,0.0,0.0,0.0,0.0,0.0455470985115698,0.0,0.0,0.0,0.0,0.03367767862699466,0.05308462003886181,0.0,0.0,0.0,0.0,0.0,0.0,0.052907031855032385,0.0,0.0,0.042405109498957226,0.12111095431165297,0.0,0.0,0.0,0.0,0.0,0.0,0.0,0.0,0.0,0.0,0.0,0.11117469227383445,0.08122992028515315,0.0,0.0,0.0,0.0,0.0,0.0,0.0,0.03541807535094886,0.0,0.0,0.0,0.0,0.0,0.0,0.0,0.0,0.0,0.0,0.0,0.0,0.0,0.032768134125331284,0.14158931969297803,0.0465172967921316,0.0,0.0,0.0,0.0,0.0,0.04731433087922214,0.0,0.04925359114901236,0.0,0.0,0.0,0.04229592164423731,0.07749644590743214,0.051554682813009366,0.0,0.0,0.04846987744259438,0.0,0.0,0.11011464697001344,0.0,0.0,0.032570952676126017,0.0,0.0,0.0,0.1357796407182353,0.0,0.0,0.0,0.0,0.1185619251598919,0.0,0.0,0.0,0.05087018900824622,0.0,0.08131584964363112,0.0,0.0,0.0,0.0,0.0,0.0,0.03252343427123894,0.0,0.0,0.0,0.07228668721669836,0.0,0.0,0.04483603274625206,0.0,0.034347736514412495,0.0,0.0,0.0,0.0,0.0,0.0,0.0,0.0,0.0,0.0,0.0,0.0,0.07291727709147029,0.0,0.0,0.07590653106835876,0.0,0.0,0.0,0.0,0.0,0.0,0.0,0.049325165763918516,0.0,0.0,0.0,0.0,0.0,0.0,0.03912406515387958,0.2658392782235456,0.0,0.0,0.0,0.0,0.0,0.0,0.031024820157028423,0.0,0.06222647398190004,0.0,0.0,0.0,0.0,0.05285338415441956,0.0,0.0,0.0,0.041516615516740116,0.0,0.03321342701721689,0.0,0.0,0.0,0.0,0.0,0.0,0.0,0.051268338324544985,0.0,0.0,0.0,0.0307040584732148,0.0,0.0,0.0,0.0,0.0,0.0,0.0,0.0,0.0,0.0,0.0,0.0,0.0,0.0,0.0,0.0,0.19013441320729488
store,0.0,0.0,0.02497238672389797,0.0,0.021582582569880875,0.0,0.0,0.0,0.06713098177522774,0.0,0.02630383921362757,0.05468537295431383,0.031291823127769784,0.0,0.0,0.024881840300827462,0.07030198082053182,0.02751563788695887,0.08054041614865996,0.027125496521355225,0.0,0.0,0.044552088254289975,0.0,0.27671087632394775,0.0,0.0,0.0,0.0,0.0,0.0,0.0,0.08198755924778531,0.09853739584143932,0.03678986963440355,0.0260502475475708,0.0,0.029305950186760295,0.02475826214542125,0.0,0.0,0.0,0.07410355524824214,0.046182478660804764,0.023781838209768313,0.0,0.020427121898861735,0.02932265033494879,0.0,0.03366611565811905,1.0,0.0,0.0,0.0,0.0,0.04038037028350401,0.0,0.02181681671389434,0.034513429284029416,0.1542419267104339,0.07908674054719776,0.019254966234759457,0.0,0.0,0.12432388871474905,0.0,0.0,0.0,0.0,0.0,0.0,0.03379899221799841,0.0,0.0,0.13484969565112276,0.0,0.0,0.0,0.0,0.0,0.0,0.0,0.03890153212906896,0.0,0.0,0.0,0.020761521248817645,0.03167247863359878,0.0,0.0,0.0,0.15486419156788112,0.0,0.0,0.0,0.0,0.0,0.07364727204157202,0.0,0.027070584073231655,0.0,0.0,0.0,0.030898312758317892,0.0,0.0,0.0,0.0351263927724887,0.0,0.0,0.0,0.0,0.0,0.0,0.030083923970379726,0.0,0.0,0.0,0.020023953099922897,0.0,0.022660193792754395,0.026011924801635094,0.05313975253334566,0.0,0.0,0.0,0.0,0.0,0.0,0.02975805083405516,0.03946668285520914,0.0,0.0,0.09354290736648471,0.0,0.0,0.0,0.0,0.0,0.05046462148257071,0.030139947305942345,0.0,0.0,0.02938672843759798,0.0382421889635152,0.0,0.0,0.12125222918006248,0.029144423219227382,0.030759654842808064,0.13219645526384466,0.0,0.028794624063599276,0.1637904594334105,0.09116468548746244,0.08860105510715222,0.0,0.0,0.02007924992602049,0.0285091205542531,0.0,0.0,0.0,0.0,0.0,0.0,0.0,0.0,0.0,0.0,0.0,0.05998607936893727,0.0,0.0,0.0,0.0,0.018958164423962077,0.0,0.0,0.02337906778324895,0.06255914755117291,0.24625785498035832,0.0,0.0,0.0,0.030702908687539436,0.03288205539397412,0.05439142271713322,0.0,0.040502818819149605,0.0,0.05617327324016848,0.034933584636129035,0.22618644199589408,0.023165030754881567,0.18536189999971514,0.05581354561142472,0.022351208110421263,0.0,0.04204307130981365,0.0,0.0,0.0,0.0,0.0,0.14418907289516902,0.0,0.0,0.0,0.2763067232203742,0.0,0.043772847496335476,0.023568982928161012,0.39824787961025176,0.0,0.0,0.0,0.0,0.0,0.0,0.0,0.0,0.0,0.0,0.0,0.0,0.029744678866211634,0.029203037131428952,0.03825218893885336,0.052128125818887004,0.0,0.0,0.0,0.0,0.0,0.0,0.024834749774715614,0.0,0.0,0.4491321636691956,0.0,0.03916524211943095,0.0,0.022518432168043907,0.0,0.0,0.0,0.0,0.0,0.06045557667087012,0.033569510126413266,0.051557880947703597,0.0943677544592916,0.018928352202566133,0.02472110667719719,0.0,0.0,0.0,0.0629358983616638,0.0,0.0,0.12228972216312897,0.0,0.030457155706708046,0.02562915802180298,0.0,0.0,0.12005125390790676,0.0,0.0,0.0
tie,0.30547535233487283,0.059426418857510335,0.0,0.04197760996342626,0.03052275018809178,0.0379059441593848,0.0,0.06171084578204934,0.0,0.05236121271901503,0.0,0.07268867837507448,0.4035199074056447,0.4188378633894569,0.0457379660484581,0.0,0.0,0.040826376025179203,0.03451408709334307,0.07927781942493142,0.1209884147033349,0.0,0.12725450730634655,0.03595425203783866,0.04320167249742741,0.05455433937481874,0.0,0.0,0.041225049929989564,0.0,0.0,0.0,0.07806058680329972,0.0,0.06786868866186663,0.08120115001411406,0.0,0.0,0.03858695305846687,0.0,0.05300616005511834,0.03725376160322481,0.0,0.0348308350916325,0.03706514896943587,0.0,0.0,0.04350753391753471,0.037825493626754025,0.0,0.0,1.0000000000000002,0.0,0.0,0.2989015499708977,0.0,0.0,0.0,0.0,0.0,0.07180780716996037,0.0,0.045394050660944846,0.0,0.0,0.04459739109568194,0.027824295537779663,0.03901625938531027,0.029717350229426058,0.03234562694402158,0.0,0.051816572477105256,0.0,0.0,0.24833368863992172,0.0790281983468524,0.040897110211509304,0.0,0.045578307355416174,0.0,0.0,0.0,0.0,0.04963701870773505,0.06101290488967071,0.0,0.0,0.10429466334624082,0.04166341323774846,0.0,0.049891936865366186,0.0,0.040248055737990375,0.07346422094605524,0.05781924004251297,0.05379033821921745,0.0,0.03697051190574157,0.0,0.0,0.06161353073371367,0.0,0.0,0.0,0.0,0.0,0.0,0.0538515842488843,0.0,0.06515940470977727,0.04711286692603663,0.0,0.0,0.0,0.0,0.0,0.0,0.0,0.0,0.09674907458287099,0.0353170117127338,0.08752345995500566,0.06899306588112243,0.035866344137056944,0.0,0.0,0.07761718644333608,0.040349592922453166,0.04953256095251927,0.0,0.0,0.030958364371961186,0.0,0.03449262919946183,0.0,0.0405556852746414,0.0,0.0,0.03540820051287427,0.03806042810588386,0.044041938389507214,0.05170727895022555,0.0,0.0,0.05960230737200934,0.0,0.0,0.03728200239012738,0.0,0.04794041482162692,0.04888948985730339,0.053208346421307326,0.040722240455124,0.0,0.07179273733986631,0.0,0.048338862327327044,0.0,0.06057509802135914,0.13112032174775917,0.050051186421826946,0.05184462888725267,0.0,0.0,0.0,0.0,0.04513069715429477,0.1079180136561125,0.04522555868946043,0.06596452095685977,0.0,0.12423410520845685,0.0437953369298056,0.0,0.0,0.03883227835222044,0.0,0.0,0.038023976296648186,0.0,0.0,0.0,0.04967127692185143,0.0,0.03151124784192907,0.0,0.0,0.0,0.0,0.0,0.09394979629271616,0.07293158429718474,0.0,0.0,0.07102770918746507,0.0,0.08289482036765775,0.09903890737856723,0.0466051628914867,0.0,0.05820339624133436,0.08122805015215682,0.0460255350879802,0.14335092716398776,0.0,0.0,0.03942774179209029,0.04077975088738937,0.081496595369393,0.0,0.05184157721050588,0.1441401049204187,0.07110292746976372,0.0,0.10074238671279989,0.0,0.05915152349907145,0.0,0.0,0.0,0.0,0.0,0.05642210648365526,0.0,0.03279925393556568,0.040445376403372944,0.0,0.0,0.02884980892015104,0.0,0.0,0.0,0.0,0.04644401203073717,0.0,0.0,0.0,0.028892740897975135,0.0,0.0,0.0,0.037289337677394924,0.07487857204590083,0.03396681252766619,0.04764432566342261,0.0,0.0,0.05355625314526427,0.16170019285866022,0.0,0.05231971064185519,0.0,0.0,0.08887539919516074,0.07457865536237598,0.0,0.0,0.0,0.0,0.0,0.0,0.0,0.0,0.10029271272585026,0.0,0.04971148995957581,0.0,0.0,0.05426546607876064,0.050581123261209636,0.07679860489809458
slit,0.05267244218039719,0.0,0.0,0.0,0.0,0.0,0.0,0.0,0.08893052628174876,0.0,0.0,0.0,0.0,0.0,0.0,0.0,0.0,0.0,0.0,0.0,0.0,0.0,0.0,0.0,0.0,0.0,0.0,0.0,0.0,0.0,0.0,0.0,0.0,0.0,0.0,0.3446891928369681,0.0,0.0,0.0,0.10272596538246322,0.0,0.07455562981264494,0.0,0.0,0.0,0.0,0.0,0.0,0.0,0.0,0.0,0.0,1.0,0.0,0.0,0.0,0.0,0.14711835849836774,0.0,0.0,0.0,0.0,0.0,0.17597465132311912,0.0,0.13960347848981708,0.0,0.05518804862848164,0.04410120801730008,0.0,0.0,0.223609148532088,0.0,0.1352237836646032,0.0,0.0,0.0,0.0,0.0,0.19177553509384537,0.20270470300565557,0.0,0.0,0.0,0.0,0.0,0.0,0.0,0.0,0.0,0.0,0.0,0.0,0.0,0.0,0.0,0.0,0.0,0.0,0.0,0.0,0.0,0.13560918946533917,0.143510208959244,0.0,0.3674784982649649,0.0,0.0,0.177739568858001,0.0,0.0,0.2932050317706833,0.2079125709384285,0.0,0.08514615593422313,0.0,0.0,0.0,0.0,0.0,0.0,0.0,0.0,0.0,0.0,0.0,0.1214827700888935,0.0,0.0,0.0,0.0,0.0,0.0,0.0,0.0,0.3672346232578472,0.0,0.0,0.0,0.0,0.0,0.0,0.1775451365892014,0.0,0.0,0.0,0.0,0.0,0.0,0.0,0.0,0.07526259195533729,0.0,0.0,0.0,0.0,0.0,0.0,0.0,0.0833715871018454,0.09547368690138287,0.0,0.0,0.13499852782114552,0.0,0.0,0.0,0.0,0.0,0.0,0.0,0.0794654489892606,0.0,0.0,0.0,0.0,0.0,0.0,0.0,0.11219639616049587,0.0,0.0,0.0,0.2588502867828544,0.0,0.0,0.0,0.0,0.0,0.0,0.0,0.0,0.32450484076847946,0.0,0.0,0.0,0.0,0.0,0.20111984049059198,0.0,0.0,0.0,0.0,0.0,0.0,0.0,0.0,0.0,0.0,0.0,0.0,0.0,0.0,0.0,0.0,0.0,0.0,0.0,0.0,0.0,0.21590439961830257,0.05651560573307803,0.0,0.0,0.0,0.0,0.0,0.0,0.0,0.0,0.0,0.20649491516483445,0.0,0.3650539550865749,0.14327577324687393,0.0,0.2922192233172804,0.0,0.0,0.0,0.0,0.0,0.0,0.0,0.0,0.0,0.0912749633524872,0.0,0.160796163629959,0.0,0.0,0.0,0.0,0.0,0.0,0.0,0.0,0.07303255218903441,0.08222153873254666,0.0,0.0,0.0,0.0,0.0,0.0,0.0,0.0,0.0,0.0,0.0,0.0
distribute,0.0,0.0,0.0,0.0,0.0,0.0,0.0,0.0,0.0,0.0,0.0,0.0,0.08774609213632252,0.0,0.0,0.0,0.0,0.0,0.0,0.0,0.0,0.0,0.0,0.0,0.0,0.0,0.0,0.0,0.0,0.0,0.0,0.0,0.0,0.0,0.0,0.0,0.0,0.0,0.0,0.0,0.0,0.0,0.0,0.0,0.0,0.0,0.0,0.0,0.0,0.0,0.0,0.0,0.0,1.0,0.0,0.0,0.0,0.0,0.0,0.0,0.0,0.0,0.0,0.0,0.0,0.0,0.0,0.06994875247773959,0.0,0.0,0.0,0.0,0.0,0.0,0.0,0.0,0.0,0.0,0.0,0.0,0.0,0.0,0.0,0.0,0.0,0.0,0.0,0.0,0.0,0.08405344752187692,0.0,0.0,0.0,0.0,0.0,0.0,0.0,0.0,0.0,0.0,0.0,0.0,0.0,0.0,0.0,0.0,0.0,0.10177336998376792,0.24276416262471065,0.0,0.0,0.0,0.25044105275781864,0.0,0.0,0.0,0.08879340550683137,0.0,0.0,0.0,0.0,0.0,0.0,0.0,0.0,0.33973678019465614,0.0,0.0,0.0,0.0,0.0,0.0,0.33965935790279234,0.0,0.0,0.0,0.0,0.19605752425020093,0.14041403431606606,0.0,0.0,0.0,0.0,0.0,0.0,0.0,0.0,0.07045874463878497,0.0,0.0,0.0,0.0,0.0,0.0,0.0,0.0,0.0,0.0,0.0,0.0,0.0,0.0,0.0,0.07731728403189424,0.0,0.0,0.0,0.0,0.0,0.10434349332622056,0.0,0.0,0.0,0.0,0.0,0.0,0.0,0.0,0.0,0.0642578905807684,0.0,0.0,0.0,0.07412525702295991,0.0,0.0,0.18441059509062563,0.0,0.0,0.0,0.0,0.0,0.09292632056203502,0.0,0.0,0.0,0.0,0.0,0.1761569154284376,0.0,0.0,0.0,0.0,0.0,0.0,0.0,0.0,0.0,0.0,0.0,0.0,0.0,0.0,0.0,0.0,0.0,0.0,0.09076776479989539,0.1182714374684975,0.0,0.0,0.0,0.0,0.0,0.0,0.0,0.0,0.0,0.0,0.0,0.0,0.0,0.0,0.06969206945671115,0.277749949062996,0.1827328957783752,0.06825886508476811,0.0,0.0,0.0,0.0,0.0,0.0,0.0,0.0,0.0,0.0,0.0,0.09209228319206267,0.0,0.0,0.0,0.0,0.0,0.0,0.0,0.0,0.0,0.0,0.0,0.0,0.0,0.0,0.0,0.07186728788460249,0.0,0.0,0.10721940722303688,0.0,0.0,0.0
bubbling,0.226540734025972,0.22707353425326482,0.020594911079569976,0.0,0.0,0.0,0.0,0.0,0.0,0.0,0.022414171767056207,0.02717501978220563,0.0,0.28423560926287117,0.0,0.0,0.0,0.08671371861511198,0.025595671024191077,0.030343415915369255,0.0,0.36901220392693956,0.09437203123900659,0.0,0.0,0.0,0.0,0.0,0.0,0.0,0.0,0.0631951725300101,0.05788978553507618,0.0,0.025976595504720597,0.06021882939931865,0.07055101813030541,0.0,0.028616111260289345,0.0,0.07529380458056681,0.0,0.0,0.025830571560307273,0.02748754028807264,0.0,0.0,0.09240839920339186,0.02805141241544727,0.0,0.0,0.2989015499708977,0.0,0.0,1.0,0.0,0.0,0.0,0.0,0.026537258137131762,0.027484284693172576,0.05009810549800171,0.0,0.06571272579165073,0.0,0.0,0.0,0.0,0.0,0.0,0.0,0.0,0.0,0.06464567291346615,0.0,0.14502359412046428,0.01902613323840913,0.0,0.05872052459734049,0.0,0.0,0.0,0.0,0.0,0.0,0.0,0.05227981337103557,0.026988926240626782,0.0,0.0,0.06427796194944817,0.0,0.06023072192482743,0.0,0.02689863804809436,0.0,0.0,0.0,0.0,0.0,0.0,0.02683638552543503,0.0,0.0,0.6808581648236015,0.0,0.0,0.0,0.0,0.03621727172559762,0.0,0.0,0.0,0.0,0.02481043345775177,0.0,0.0,0.0,0.0,0.04884934564441323,0.045500449123978035,0.0,0.02640694848184746,0.0,0.05366901835559797,0.0,0.05807658391860353,0.0,0.0638149622604632,0.024541683484430137,0.03254846374899276,0.0,0.028699349486138857,0.0,0.0,0.07221149716858417,0.0,0.02883078522902503,0.020648260667319444,0.028225639988779402,0.0,0.0,0.0,0.0,0.04420111265440115,0.0,0.0,0.0,0.0,0.035552645017642326,0.0227443441155687,0.0,0.0,0.02818007914633884,0.0,0.0,0.0,0.20267285736171659,0.04492253487741481,0.0654066512702684,0.14980197359124806,0.0,0.031982092535325184,0.0,0.03313502321145692,0.020982856483928187,0.0,0.0,0.0,0.0,0.0,0.04235497801883448,0.0,0.0,0.0,0.0,0.0,0.0,0.0,0.0,0.0,0.08653819832627857,0.06399367610399617,0.0,0.0,0.02616273097937037,0.0,0.02279523485003867,0.0,0.18942177776490918,0.026736217455142618,0.02791440798635721,0.0,0.0,0.053146047959151996,0.03167879067184223,0.03172781529425672,0.05000549968709679,0.0,0.0,0.0,0.0210198468827553,0.0,0.07150763495167238,0.0,0.0,0.0,0.0,0.0,0.022535623882545673,0.03844574976202226,0.037299958935565265,0.05272998052798015,0.03027769143988058,0.0,0.029126356771951814,0.07620749194374453,0.0,0.0,0.024765593103556575,0.0,0.0,0.0,0.026119480410927313,0.0,0.0,0.024530655524157813,0.024083959600049037,0.021395038386322684,0.0,0.0,0.0,0.02841662026409165,0.0,0.0,0.0,0.0,0.0,0.025771173615680577,0.02548450177056544,0.04305900355195372,0.027653798790021115,0.03483497198406455,0.025189811825160596,0.0,0.03434905896688901,0.0,0.0249154134074981,0.0,0.03147048579330835,0.06740576897061348,0.0,0.020343393134409728,0.021173837795849665,0.05530758275365418,0.030811366635920438,0.0305914332302192,0.0,0.0,0.024393473866706,0.0999775090019162,0.0,0.0,0.02595331860120441,0.021136555201516208,0.0,0.03063026114920186,0.025880131073595988,0.0,0.02811428823661882,0.0447850382073429
blanch,0.0,0.0,0.0,0.0,0.0,0.0,0.0,0.0,0.06828308877206114,0.0,0.0,0.0,0.0,0.04892825724927053,0.0,0.0,0.0,0.0,0.03687250949902171,0.0,0.0,0.0,0.07541786227206539,0.027213103665924783,0.04692046034767102,0.0,0.027921418360348137,0.0,0.0,0.051101593901030994,0.0,0.0,0.11558253160131882,0.0,0.13854483821182173,0.02881135001777517,0.03401080767107567,0.0,0.054764850522127366,0.0,0.0,0.028196678250663663,0.03272088230513286,0.2291495112282587,0.0,0.08947110684404323,0.0,0.0,0.06418391192608904,0.034243896086473144,0.04038037028350401,0.0,0.0,0.0,0.0,1.0000000000000004,0.0,0.02335282644975048,0.0,0.0,0.12670148598357847,0.0,0.0,0.0,0.09686927453043266,0.03739001341429193,0.2811996347875408,0.0,0.022492508858726324,0.09346315151907326,0.0,0.052003813904049234,0.0,0.03621699931724565,0.0,0.0,0.0,0.0,0.0,0.03191509411643622,0.054290420600618186,0.0,0.0,0.0,0.0,0.0,0.0,0.0,0.0,0.0,0.0,0.0,0.0,0.0,0.0,0.03880530470023051,0.0,0.0,0.0,0.0,0.06995120065280261,0.0,0.03632022259087286,0.09855303878033726,0.08255205554234674,0.040141540731681954,0.0,0.0,0.047604006259313006,0.0,0.0,0.08626708712806594,0.03460060359754992,0.0,0.0,0.0,0.0,0.0,0.0,0.046743372780221976,0.0,0.04002247427809441,0.05053700599636514,0.07828287761731753,0.0,0.0,0.0,0.03053985531171656,0.0,0.0,0.0,0.0,0.0,0.14551271371283891,0.0,0.0306958427743107,0.02765841552682791,0.0,0.0,0.0,0.0,0.0,0.03275221725341083,0.0,0.04229553249586987,0.0,0.03816643252512368,0.0,0.032233481731870746,0.0,0.0,0.0,0.0,0.050882694140739024,0.0,0.0,0.0,0.03055816396824758,0.08205264481422965,0.0,0.0,0.0,0.0,0.03615666902247334,0.0,0.0,0.0,0.0,0.0,0.05541102891451864,0.0513526502253902,0.11739821012686014,0.0,0.0,0.0,0.0,0.0,0.04790175806550574,0.0,0.03004957185061935,0.5549746540566565,0.0,0.0,0.03466394892090815,0.06635950001771289,0.0,0.0,0.0,0.0,0.17989253816889886,0.0,0.026710973529585614,0.043456081755946833,0.04155568622788664,0.0,0.0,0.04223584177755032,0.12314220476822484,0.03907330951152138,0.0,0.0,0.0,0.0,0.0,0.0,0.1751770743945864,0.03957021564324269,0.0534741124133811,0.060203505927537045,0.0,0.05117870830085167,0.0,0.09797965453321282,0.05916240762874888,0.0,0.0,0.0,0.04244665433961337,0.0,0.0,0.028912848323194944,0.0,0.0,0.06162045859175838,0.0,0.0,0.149686203522964,0.05681830618037608,0.040945328611721774,0.0,0.0,0.027652776748537132,0.0,0.03259081226647937,0.03837356448130639,0.0,0.03192058830857974,0.0,0.0,0.04979654690515309,0.0,0.06629899858242708,0.0,0.04820767807119184,0.0,0.0,0.28547870973271045,0.0,0.04306605236580395,0.06149311985939847,0.0,0.058622616701515584,0.02640411351908981,0.07734957062231326,0.0529231850319105,0.0,0.0,0.0,0.02552073763740067,0.0,0.0,0.04760116908214681,0.0,0.11423270174434277,0.0,0.0,0.0,0.0,0.0,0.0,0.0
flavoring,0.0,0.0,0.0,0.0,0.0,0.0,0.0,0.0,0.0,0.0,0.0,0.0,0.0,0.0,0.0,0.12139114493065449,0.0,0.0,0.0,0.1323372805117752,0.0,0.0,0.0,0.0,0.0,0.0,0.0,0.0785772261079738,0.05672751331868159,0.05822786890631233,0.0,0.0,0.0,0.0,0.0,0.0,0.0,0.0,0.0,0.0,0.0,0.0,0.0,0.04865824725183873,0.05994094962523477,0.0,0.0,0.0,0.0,0.0,0.0,0.0,0.0,0.0,0.0,0.0,1.0000000000000002,0.05321890036312546,0.0,0.06780557418130537,0.0,0.0,0.0,0.0,0.07331749448576899,0.0,0.0,0.0,0.0,0.0,0.0,0.0,0.14204150086372025,0.0,0.0,0.0,0.0,0.0,0.0,0.0,0.0,0.0,0.08197396171453572,0.0,0.0,0.0,0.0,0.0,0.06207887149011558,0.0,0.0,0.0,0.0,0.0,0.0,0.0,0.0,0.19130705279742882,0.08437820665712777,0.0,0.28480044620630696,0.0,0.0,0.0,0.0,0.0,0.0,0.0,0.08063903254723791,0.09253905930840553,0.0,0.0,0.0,0.08413969453673804,0.0,0.0,0.0,0.0,0.0,0.0,0.0,0.0,0.0,0.0,0.0,0.0,0.0,0.13919492961040503,0.0,0.0,0.0,0.0,0.0,0.0,0.0,0.0,0.0,0.0,0.0,0.0,0.0,0.35124968740447826,0.0,0.07406779885522041,0.0,0.08967982906107613,0.0,0.0,0.0,0.0,0.0,0.0,0.0,0.0,0.0,0.0,0.0,0.0,0.0,0.0,0.0,0.0,0.0,0.0,0.0,0.0,0.0,0.0,0.0,0.0,0.0,0.0,0.0,0.0,0.0,0.0,0.0,0.0,0.0,0.050902614987758554,0.0,0.05455119885316215,0.0,0.0,0.0,0.0,0.0,0.14483237431610316,0.0,0.0,0.0,0.0,0.0,0.0,0.0,0.08094274773127735,0.0,0.0,0.0,0.0,0.0,0.0,0.0,0.0,0.0,0.0,0.0,0.0,0.0,0.0,0.0,0.0,0.0,0.07736278715595266,0.07325304911157372,0.07442100214446652,0.0,0.0,0.0,0.06327877777160323,0.0489770567684384,0.0,0.0,0.06673810675648442,0.0,0.0602639853289665,0.0,0.0,0.0,0.33535088909255445,0.0901756325779057,0.0,0.0726075483511541,0.0,0.06500308184789015,0.0,0.0,0.0,0.0,0.0651156674268403,0.0,0.0,0.0,0.0,0.0,0.0,0.0,0.0,0.0,0.2930363202127943,0.0,0.0,0.0,0.0,0.0,0.0,0.07816443147537143,0.0,0.0,0.062327972741627005,0.0,0.0,0.0,0.0,0.054006192133629595,0.0,0.07826364102171111,0.0661265432270572,0.0,0.0,0.11443063238442004
pierce,0.08265035044879561,0.0,0.02174223011191238,0.0,0.018790894191728778,0.0,0.0,0.0,0.06813405151827562,0.024889036802077665,0.02290146037431563,0.0,0.027244252885694348,0.0,0.0,0.08846244412188997,0.031104654419947444,0.023956513937924976,0.0,0.0964393184461966,0.0,0.0,0.025765419625223857,0.023293350018243505,0.025350314431238988,0.016252471197970568,0.023899639631615604,0.17378447435439065,0.03121598289619671,0.13240994397725875,0.0,0.0,0.030692007866744468,0.0,0.0,0.04734205681696864,0.1475021478461881,0.07719179209583461,0.07721994642510986,0.0,0.0,0.024135251307880645,0.0,0.04020881501169415,0.03298427075009682,0.0,0.0,0.02552979088953044,0.022975761011239458,0.0,0.02181681671389434,0.0,0.14711835849836774,0.0,0.0,0.02335282644975048,0.05321890036312546,1.0,0.0,0.08202907439063456,0.06753374988641882,0.0,0.07799186821450974,0.5459824627484876,0.04034510804312042,0.035652364428912564,0.0,0.06443998217249464,0.05304081112237397,0.06904003071883992,0.0,0.0,0.0,0.10875313533849085,0.08985898395578645,0.0,0.03842065841404593,0.0,0.0,0.09583528771619462,0.05176734864482093,0.0569658291445328,0.09865560462176118,0.023594136216665427,0.04877537153072921,0.0416172598077107,0.018076036442010213,0.0,0.0,0.0,0.03923321054753352,0.02794108703641722,0.0,0.0,0.0,0.03321581970375895,0.03632989162388781,0.1052723332767644,0.04643159027655167,0.023569027449860093,0.08911590741474458,0.0,0.10906309626453355,0.06355171997812382,0.0,0.32403960545960575,0.03301259925511058,0.0,0.0453916761309459,0.03700464250517921,0.0,0.07487960012287072,0.032992588562395786,0.04630034196625126,0.026192594439013832,0.0,0.0,0.0,0.0,0.04001049481784442,0.07845076724163294,0.022647304838895776,0.04325769614516331,0.02137013230273235,0.0,0.03639476348522555,0.031024642350576892,0.1365792585038353,0.05468752599909948,0.025908872710866837,0.03436170158179752,0.04441139747123016,0.0,0.020551636002957084,0.0,0.026274438175984207,0.01873528200875882,0.041466438013834025,0.021097158011708316,0.04393706636517056,0.0,0.0391532220836663,0.6444154735104121,0.06634356563836652,0.03620331788424138,0.04934896395648071,0.0,0.021876710520228413,0.027590596850122565,0.0,0.0,0.05766237457583018,0.09847462511761926,0.0,0.0,0.0,0.0,0.02615659051483199,0.10546315554158031,0.0,0.0,0.0,0.03267738966656633,0.03447633800612813,0.1362787505767398,0.04237199179770708,0.0,0.0,0.0,0.0,0.0,0.06088239012781334,0.0,0.0,0.07940995059770865,0.02205321832643917,0.0,0.08350873871425343,0.022655707563341506,0.09023345986529525,0.02107631933566681,0.11107280776271586,0.0,0.13714259431346995,0.018775248819141842,0.0,0.028628789984429685,0.04735593925824071,0.0,0.02342364104064901,0.0,0.022863546304413458,0.11328799701964615,0.0,0.06101662722173993,0.03344358000834246,0.02469434044294127,0.07925149923867988,0.0,0.0366048364193691,0.04652937409151202,0.021476822586285808,0.0,0.02713678266458737,0.0,0.0,0.03151960651610342,0.0,0.05153184117148228,0.023025552883249947,0.028960223700729672,0.0,0.042114837200471954,0.0,0.029292527015583155,0.0,0.0,0.08698566398538865,0.05273809220914336,0.0,0.11438924737288506,0.0432993860893676,0.0,0.0,0.03725401334552337,0.0,0.06117892316420479,0.025425649550374314,0.0683518976882386,0.08168171771842415,0.049621794426138,0.10940396756060727,0.0,0.09322859848303698,0.036590206325012066,0.0386482606309593,0.10213503095207685,0.017215071968830983,0.052041339457156416,0.0,0.043475866756232516,0.02265009200401424,0.03559229128894223,0.06086957520221047,0.0,0.0,0.04407835313614413,0.0,0.07023673804556411,0.051222569316477444,0.05776474062656542,0.02098499749810417,0.11451252477466205,0.05116522985481495,0.09614660032104269,0.06296242390077095,0.0,0.0972296744765031,0.02184475103646848,0.0,0.10215104017786687,0.037916652582912824,0.0,0.057666682780725044,0.05271411052819505,0.0,0.03129616919392045,0.0,0.0,0.05677293706282694,0.0
decorate,0.0,0.0,0.03739920862953946,0.0,0.0,0.0,0.0,0.0,0.0,0.0,0.037433772154855084,0.0,0.0,0.0,0.0,0.0,0.049206458705927436,0.0,0.06303046456406884,0.0,0.0,0.0,0.0,0.0,0.040103297191531544,0.0,0.0,0.0,0.0,0.0,0.0,0.0,0.0,0.31830102670359095,0.0,0.03707287834880486,0.0,0.041706165140500254,0.035234215681401976,0.0,0.0,0.0,0.0,0.0,0.1074452560290367,0.0,0.029070441798674067,0.0,0.0,0.0,0.034513429284029416,0.0,0.0,0.0,0.0,0.0,0.0,0.0,1.0,0.09250989276607582,0.03384062935455982,0.02740231237833854,0.0,0.0,0.08641021774046143,0.0,0.05892997852947692,0.0,0.0,0.0,0.0,0.048100346245151235,0.22803679942913413,0.0,0.0,0.0,0.0,0.08474153064145698,0.0,0.0,0.0,0.0,0.05825981041337516,0.0,0.0,0.0,0.0,0.04507404182030596,0.04412014752056441,0.04732191405861995,0.0,0.04806197607293999,0.0,0.0,0.0,0.0,0.0,0.0391505235032983,0.05180338489235939,0.0,0.0,0.0,0.0,0.0,0.0,0.0,0.0,0.22104700762598012,0.0,0.0,0.04755329860031432,0.0,0.0,0.0,0.0,0.03916889299893465,0.43411985610355996,0.0,0.028496680347471,0.0,0.03224839250778883,0.03701834011474501,0.0,0.0,0.0,0.0,0.0,0.085457712356625,0.0,0.0,0.0,0.0,0.0,0.0,0.0,0.0,0.0,0.0,0.0,0.0,0.04289305112637155,0.0436829628555816,0.0,0.1327678934228293,0.05442359104831665,0.0,0.045949047726537275,0.0,0.04147629133195146,0.043774975264869904,0.03798519098908637,0.0,0.043123477329987975,0.20810846261140922,0.0,0.0,0.0,0.0,0.0,0.04057217330504006,0.0,0.0,0.0,0.0,0.0,0.0,0.0,0.05071307610071429,0.0,0.0,0.0,0.0,0.0,0.0,0.046651504606869766,0.0,0.0269799249363266,0.07374346623091445,0.040266106714621705,0.03327144336168407,0.0,0.0,0.0,0.0,0.0,0.04369421813167205,0.0,0.03807018329568331,0.062138190897679864,0.0,0.0,0.0,0.0,0.038436467365724716,0.03296684093131125,0.0,0.03906556963694942,0.0,0.0,0.0,0.0,0.0,0.0,0.0,0.0,0.07781695752571867,0.0,0.0,0.0,0.03763660859539847,0.0,0.062294434908882784,0.0,0.0,0.0,0.05289183766436393,0.0,0.05110206055540699,0.0,0.0,0.0,0.0,0.0,0.047431518077903564,0.0,0.0,0.0,0.043735125936093175,0.0,0.06936116585997139,0.0553626722754082,0.0,0.0,0.0,0.0,0.04879689459633021,0.0353430674906157,0.06119287363317315,0.0,0.0,0.0,0.0,0.0,0.0,0.0,0.0,0.0,0.0,0.0,0.0,0.04777376348815326,0.0,0.0,0.0,0.0,0.0,0.0,0.0,0.0,0.0442971865630024,0.0,0.047873173833131014,0.0,0.04334447979058408,0.0,0.0,0.0,0.046996873045079116,0.0,0.0,0.0
insert,0.0,0.0,0.05738822746399254,0.0,0.0,0.0,0.0,0.0,0.0,0.0,0.059507831011329226,0.0,0.0,0.0,0.0,0.0,0.04440036005366577,0.0,0.05687414608963437,0.0,0.0,0.0,0.0,0.0,0.03618632353294451,0.0,0.0,0.0,0.0,0.0,0.0,0.0,0.0,0.12653477963310655,0.0,0.0334518920930679,0.0,0.09455801417642826,0.03179281548814881,0.0,0.0,0.0,0.0,0.03949158141107069,0.21328832181548366,0.0,0.02623107040671433,0.0,0.0,0.0,0.1542419267104339,0.0,0.0,0.0,0.026537258137131762,0.0,0.06780557418130537,0.08202907439063456,0.09250989276607582,1.0,0.030535343678453154,0.02472587070677965,0.057515397340289744,0.09811853470626014,0.07797034943971656,0.0,0.053174163178468736,0.0,0.0,0.0,0.0,0.04340228393093935,0.07995423266453458,0.05473328115279925,0.1528490846253556,0.09920129939336364,0.021841003721596256,0.07646464653076532,0.028606417762195323,0.048231986421391926,0.0,0.0,0.11910044223429782,0.0,0.0,0.0,0.0,0.07165343777123112,0.19005593442610963,0.04269988285863484,0.03131379096214151,0.12219524207455815,0.0,0.0,0.030878226613503038,0.0,0.0,0.035326609261286925,0.04674363897969998,0.0,0.0,0.030806763980394992,0.05488927829677743,0.0,0.0,0.0,0.0,0.04510683817872531,0.06544754689306827,0.11668127226710692,0.04290866758389785,0.0,0.0,0.0,0.028481077194983544,0.03534318456952304,0.03511887983924103,0.0,0.0257133494471432,0.0,0.05126472116680924,0.0334026807234097,0.0,0.0,0.061609220063311466,0.0,0.0,0.07711087726659921,0.031088235032290874,0.02817256631187635,0.03736393038806622,0.0,0.286514929553621,0.0,0.0,0.0,0.0,0.03309623030561357,0.023703120987768406,0.0,0.03870359631431428,0.03941635569814117,0.09899419328507912,0.11980017311894539,0.049107924071512925,0.0,0.041461107278089285,0.0617187212505105,0.03742521443851732,0.03949938106125908,0.12812554940318394,0.0,0.0930439864612204,0.15874663628477162,0.0,0.0,0.0,0.0,0.037747997507828715,0.036609403527072065,0.0,0.0,0.036713765920567056,0.0,0.11356976690177675,0.024087219447723962,0.0,0.20607997110057233,0.0,0.0,0.0,0.0,0.0,0.0,0.10065612125436552,0.0,0.024344738737507945,0.1128255043965711,0.036333231106370385,0.11674758515773126,0.0,0.18103849213264805,0.03117529765482445,0.05238621912144178,0.0,0.06945995551812065,0.0,0.060519522979359267,0.05606902267502656,0.0,0.030691776285910386,0.0,0.0,0.10322822040118135,0.07474384186686682,0.47630495480288093,0.03524995301832533,0.0,0.0,0.0,0.0,0.024129682486762043,0.0,0.0,0.0,0.07021641108276955,0.0,0.0,0.0,0.059830276651508446,0.0,0.09902840382126046,0.0,0.0975457120371444,0.059452999562978615,0.14156223461433842,0.03712540659506686,0.11025872041982379,0.0,0.07978737144162362,0.08344514500909034,0.0,0.0,0.12694797508959205,0.0,0.04891092912691211,0.028159906791503434,0.16610027609532613,0.0,0.06258651443156552,0.049955283253600956,0.04179051917513685,0.09154989451074544,0.0,0.05275723322872957,0.04403079893487335,0.03189103551146863,0.055216036542456354,0.029583956540033506,0.08210348123989862,0.04942947918223889,0.0,0.03998872199684396,0.0,0.0,0.03943091932178025,0.0,0.02860158867487131,0.0,0.03612646819609691,0.07594513939625812,0.0,0.08394335904543851,0.0,0.0,0.035369833950499224,0.0985564947249579,0.0,0.0,0.2585965834816578,0.1147689401112045,0.12171522154101488,0.0,0.06890398242479867,0.25484513096571604,0.0,0.09868158672583269,0.202865350433969,0.0,0.03227372931281778,0.14428406634700852
broil,0.0835308102896799,0.0,0.0,0.0,0.019840715773428993,0.0,0.0,0.0,0.0,0.0,0.02579107587672273,0.11065482164603883,0.0,0.12932523097825413,0.0,0.0,0.03390220747349396,0.0,0.06586186074239042,0.05153299334608971,0.07864614863385282,0.0,0.22251038463718742,0.26843202319289683,0.027630322065723318,0.03546197950947597,0.0807456043095786,0.08808775987245929,0.0,0.1477800671681199,0.0,0.0,0.05074175512780613,0.09661652172526115,0.04411671141549984,0.3057361134843393,0.09835543391870927,0.02873466412137312,0.34958143912485756,0.0,0.0,0.10575770285409047,0.0,0.08578634344241058,0.047411712331086944,0.0,0.02002891846159332,0.0,0.1022119754946537,0.0,0.07908674054719776,0.07180780716996037,0.0,0.0,0.027484284693172576,0.12670148598357847,0.0,0.06753374988641882,0.03384062935455982,0.030535343678453154,1.0,0.018879612634916505,0.0,0.0,0.028521984159109785,0.0,0.05498646664345081,0.0,0.24824644180407424,0.3981813544709658,0.1379756369203843,0.033140119424070184,0.0,0.0,0.0,0.051370732054734816,0.0,0.0,0.02962728574915928,0.0,0.0,0.0,0.0,0.0,0.0,0.0,0.056774400627660156,0.061139342537130575,0.02708248552660207,0.0,0.032431276101646735,0.0,0.0,0.0,0.0,0.11222058055930276,0.0,0.05977558260884154,0.0,0.0,0.4258382225476367,0.0,0.0,0.10879015962975684,0.0,0.0,0.0,0.03444164381910702,0.0,0.0,0.0,0.0,0.0,0.0,0.0,0.0,0.0,0.0,0.019633608978437276,0.2688714184441855,0.04517559071726693,0.02550485200316338,0.4259224545966279,0.023314214330954,0.0,0.0,0.0,0.21924152927614382,0.032197670830212376,0.0,0.0,0.020123878239319732,0.0,0.07625374550033247,0.0,0.11513135661307985,0.0,0.0,0.02301640704377306,0.09374064527786484,0.058181002620813646,0.0,0.0,0.028813867692366067,0.4176577144326531,0.0,0.0,0.08159226371990652,0.12179189296218046,0.06132275789395125,0.026170991770175338,0.0,0.0264706945982399,0.03242567100085766,0.08938753394852612,0.0,0.0,0.12740473321882564,0.45619722710203214,0.027953367773493717,0.0,0.0,0.0,0.0,0.0,0.0,0.029336325507273803,0.031129455060568537,0.0,0.0,0.0,0.03712513189003098,0.0,0.04764000535427546,0.0,0.0,0.018588596636816196,0.046175500501356166,0.02471674084505433,0.022923319528672773,0.0,0.0,0.032287840428423385,0.04585015141557502,0.020483269307158034,0.030104390509890642,0.0,0.0262295496686236,0.0,0.07913742968977128,0.029802590817364003,0.3695667586042081,0.0,0.026481911632141277,0.022713454907990652,0.0,0.08079950371419317,0.46616593651710425,0.0,0.0,0.0,0.023430610434757134,0.04271958648013596,0.0,0.0,0.053614234967800815,0.0,0.05154704136697922,0.19995398204872605,0.02593082588660626,0.033698601611633655,0.0844974322301704,0.2399249510594618,0.0,0.031957324524811086,0.0,0.03845028898373178,0.0,0.0,0.0,0.0,0.0,0.0,0.059399813942246284,0.0,0.026290724545580107,0.055786575808250485,0.05477071889366498,0.40606825658829554,0.05111194747608297,0.0,0.0,0.0,0.0,0.0,0.0,0.024350624660421177,0.018781160168709253,0.0,0.0,0.0,0.23784234239104557,0.0,0.2820387340482443,0.04422210163500922,0.0,0.0,0.0,0.03182596461351067,0.0,0.06692451370539038,0.12145122280959672,0.1564580989776107,0.42889035672926135,0.5349291240267875,0.0,0.0,0.0,0.07380310542836015,0.0,0.0,0.0,0.04126755200032765,0.25362183837078156,0.0,0.0,0.0,0.0,0.0,0.0,0.049921428514441056
unmold,0.0,0.17319798044697846,0.0,0.0,0.0,0.3531985146826899,0.1027240183827663,0.0,0.13355708714745865,0.0,0.11803359264882263,0.0,0.0,0.0,0.0,0.0,0.02745217501041386,0.0,0.03516455745253765,0.0,0.0,0.09147909164186753,0.0,0.0,0.022373541237259265,0.0,0.0,0.0,0.0,0.0,0.08368220760529707,0.02556107714312723,0.0,0.18520440453732306,0.0,0.020682877234743522,0.0,0.1187090506164208,0.100287817848104,0.05323864184009735,0.05344062991153269,0.04317514048687466,0.04701157214840682,0.0,0.018881848980933712,0.023854022584587076,0.05412979615975064,0.0,0.0,0.06697873655300901,0.019254966234759457,0.0,0.0,0.0,0.05009810549800171,0.0,0.0,0.0,0.02740231237833854,0.02472587070677965,0.018879612634916505,1.0,0.0,0.04664035081069614,0.0230955610012211,0.0,0.0,0.0,0.0,0.0,0.0,0.08407398215040048,0.0,0.0,0.0,0.0,0.0,0.0,0.054004348435873054,0.0,0.0,0.11324121206911897,0.0,0.0,0.0,0.022443418042807257,0.037106189198023366,0.02514670872522466,0.0,0.0,0.05911543668366693,0.0,0.0,0.037218903639015304,0.0,0.05941921481580886,0.027507658807710243,0.0,0.0,0.0,0.0,0.029224952152013768,0.0,0.0,0.04779859736542582,0.0,0.04999185387429855,0.02788898140357648,0.06873781802856505,0.07848796057564145,0.0,0.0,0.0,0.0,0.0,0.0,0.0,0.0,0.05306143983365719,0.0,0.0390192584197972,0.020652450473998198,0.0,0.02277699969677944,0.1567951569164214,0.0,0.0,0.0,0.0,0.0,0.0,0.01966017649355015,0.0,0.021904619043833617,0.10259952948906093,0.051252927342975645,0.06970120487157251,0.0,0.0,0.0,0.02392993881735972,0.0,0.0,0.023331912508534423,0.03036280166151457,0.033017935446666515,0.0,0.07919809121215583,0.023139531646289447,0.12860548033075833,0.11568404824719072,0.0,0.09075867425302028,0.0262565555898271,0.0,0.05620884019182957,0.0,0.0,0.0,0.19509111488672504,0.0,0.0,0.0,0.0,0.03608419870823855,0.0,0.02866034718985344,0.0,0.0,0.0,0.030971679647027798,0.0,0.0,0.0,0.0,0.0,0.11444886058324966,0.0,0.0,0.018562065022248758,0.0,0.04626816370233039,0.0,0.0,0.0,0.12382663801406553,0.0,0.021239271469575154,0.0,0.0,0.0,0.0,0.0,0.07131942134383686,0.018392127996762615,0.0,0.02179459531855844,0.0,0.15136018214105498,0.0,0.0,0.0,0.0,0.0,0.0,0.043413909331309744,0.02386548770291842,0.0,0.0,0.02099738109856836,0.0,0.03475392812788381,0.0,0.0,0.031220952191603167,0.06312094293986466,0.07008683891322667,0.0,0.0,0.0,0.07325886658080308,0.0,0.0,0.0,0.01985328491780818,0.0,0.0,0.052193353655017705,0.0,0.0,0.11651756884935537,0.0,0.0,0.0,0.027704759532790543,0.0,0.01971781956421047,0.0,0.0,0.0,0.0,0.0,0.037935451049700315,0.0,0.0,0.0,0.0,0.0,0.0,0.0,0.02665287750172763,0.0,0.08451735679016038,0.0,0.0,0.0,0.08296988852927732,0.06250510297500486,0.0,0.052864114935520255,0.0,0.0,0.0,0.024181789875545846,0.0,0.0,0.03335650084623681,0.0,0.0,0.0,0.0
grate,0.031158776295690176,0.14874503551553236,0.0,0.14019527437382595,0.026795446829760067,0.09487903054964089,0.0,0.0,0.0,0.0,0.0,0.09022092207249072,0.0,0.0,0.1144826747948368,0.029401477690733657,0.05126217189852384,0.1363504257037462,0.0,0.032052680636977506,0.0,0.0,0.0,0.0,0.10813430177188127,0.0,0.058817928177894,0.0,0.14898945632636607,0.0,0.08164861696220765,0.0,0.0,0.0,0.0,0.0,0.08503970302368466,0.05412369488235816,0.0,0.0,0.03712290710462047,0.10651258022948984,0.0,0.0,0.0,0.0,0.026204052340263722,0.10889987655614983,0.0,0.0,0.0,0.045394050660944846,0.0,0.0,0.0,0.0,0.0,0.07799186821450974,0.0,0.057515397340289744,0.0,0.0,1.0,0.09328945724499285,0.0,0.37121291363311354,0.024426515535581773,0.15695133687220503,0.0,0.0,0.0,0.12969749921967755,0.0,0.1671953119369397,0.24449422437234097,0.0,0.028642324244023108,0.0,0.035704931818583245,0.33209711417930576,0.0,0.0,0.0,0.09631091938292412,0.203768650687929,0.031025367569557847,0.0,0.0,0.0,0.10868553281402603,0.03908412372982239,0.0,0.4820529105002507,0.0,0.0,0.21638326244808737,0.0,0.0,0.0,0.07768609291096548,0.0,0.04040003536847877,0.15991797150814313,0.0,0.0,0.0,0.0,0.04358852617675087,0.0,0.0527412973539859,0.15734581628129807,0.0,0.03991093662446565,0.0,0.0,0.15041870266101848,0.0,0.0,0.025686864634542766,0.0,0.0,0.09981604110864135,0.0,0.0,0.0,0.0,0.20361145454469864,0.0,0.04076915691785776,0.0,0.0,0.0,0.0,0.0,0.0,0.0,0.0,0.0,0.0,0.0,0.0,0.0,0.09412201873599453,0.0,0.0,0.045643385587119285,0.10553243320355787,0.09331729685590531,0.0,0.0,0.06847958759803457,0.2140420746415227,0.0514682447651575,0.0,0.0,0.0,0.12099274921645384,0.0,0.03589016295578664,0.1801528129643496,0.1736813277602871,0.0,0.048146486357504854,0.0,0.07181503138110752,0.03158801483452273,0.0,0.0,0.23376020163392908,0.0,0.0,0.0,0.17617620930851258,0.04154486081671641,0.055678975964666616,0.25972842706729304,0.0,0.044006733742277385,0.0,0.13872346229256516,0.0,0.046272506579463885,0.0,0.2000096786211116,0.0319713524710019,0.0,0.0,0.15142292624941128,0.0,0.031740228660697915,0.038934539454165265,0.03098127171762835,0.050125510672652064,0.04004223935416906,0.19476365508250965,0.0,0.0,0.0,0.11665327884090153,0.0,0.14568379531333225,0.0,0.03725396882865066,0.1969570576506104,0.0,0.0701440880082193,0.09868810818339477,0.10207220308199168,0.1725843853985798,0.0,0.0,0.0,0.0,0.0,0.1291042842211328,0.043847404212706824,0.0,0.060990753146908175,0.0,0.07276686403038476,0.1858845401716197,0.0,0.04566915717918151,0.0,0.08209692398302927,0.0,0.0,0.0,0.0,0.0,0.0,0.377628949675633,0.0,0.1036259762624338,0.04426295326757573,0.0,0.10149492744462768,0.0,0.0387964439016541,0.0,0.03241094566892468,0.0,0.0,0.0,0.0,0.0,0.03286009492764034,0.03750816524562043,0.041577904501834115,0.0,0.043063198268698026,0.0,0.0,0.0,0.0,0.044146649892882965,0.0,0.0,0.0,0.04244137456714932,0.0,0.0,0.0,0.07814129726406657,0.0,0.0,0.0,0.03896047065366473,0.0,0.0832651669020549,0.07791996301749379
prick,0.0988616699534598,0.1877861989180269,0.0,0.0,0.034653286979663196,0.05989098204922583,0.0,0.0,0.08149809501370296,0.02977085672868278,0.027393430332524647,0.07677505502957867,0.0,0.0,0.0,0.0,0.0,0.0,0.0,0.0,0.0,0.0,0.0,0.0,0.0,0.019440285912608508,0.0,0.03246727006744525,0.0,0.0,0.0,0.0,0.0,0.0,0.03728520046303007,0.02712933406959448,0.032025245700603555,0.0923324514881799,0.0,0.0,0.11810635509611289,0.0,0.0,0.0,0.0,0.0,0.0,0.0,0.0,0.0,0.0,0.0,0.17597465132311912,0.0,0.06571272579165073,0.0,0.0,0.5459824627484876,0.0,0.09811853470626014,0.0,0.04664035081069614,0.09328945724499285,1.0000000000000002,0.0,0.042645339869614385,0.0,0.07707945840218554,0.0404154185462257,0.0,0.0,0.0,0.0,0.13008434342814695,0.10748422923740492,0.0,0.0,0.04542604971016814,0.0,0.11463274544689309,0.0619211716381119,0.028300970837493347,0.0,0.028221969959268824,0.0,0.04012364387382939,0.0486714779272458,0.0,0.0,0.05073421742881596,0.0,0.0,0.0,0.0,0.05236865811411095,0.0,0.0,0.0,0.0,0.0,0.0,0.0,0.13045510113942715,0.04383874744405273,0.06269650500107299,0.15363179984545264,0.0,0.0,0.054294953136007004,0.0442628583451591,0.07443782050357507,0.08956673835497532,0.03946386656141995,0.0,0.0,0.0,0.0,0.0,0.0,0.0,0.04719770638361642,0.027089423870082736,0.0,0.06628175315635014,0.0,0.04926514849392532,0.03710992071820743,0.0,0.07698205494579112,0.0,0.09252220781067842,0.057211704030536666,0.0,0.024582703454920345,0.0,0.2679651641989855,0.022410083640025245,0.05613033388979098,0.02523522599703497,0.0,0.0,0.0,0.4724519044302666,0.030604022919175338,0.0,0.0,0.049262356022147104,0.0,0.0,0.0,0.0,0.06897246790962112,0.13403541828862464,0.0,0.0,0.07372805949198505,0.07637487998591849,0.0,0.06122691248668236,0.0,0.0,0.0,0.039086843487228726,0.04123864364346962,0.1630089260121685,0.0,0.0,0.0,0.0,0.0,0.0,0.0728240682115749,0.0,0.0,0.09498568710697608,0.026378811218117353,0.0,0.13941891697073389,0.02709947473334409,0.10793215611938853,0.0,0.13962776180250003,0.0,0.16404220698349226,0.022457889675882612,0.0,0.0,0.027859145734568613,0.0,0.0,0.05205244327498888,0.07886397973016454,0.0991280401721245,0.0,0.07298463502349065,0.0,0.0,0.022528101589826,0.0,0.0,0.0,0.02568935926641722,0.0,0.03245948307318157,0.0,0.0,0.0,0.06443156561670448,0.0,0.02754186276620878,0.03464058000641692,0.0,0.0,0.0,0.03503806241827721,0.0,0.0,0.1588342704726987,0.0,0.0,0.13682594155494743,0.05179227424336791,0.0,0.0,0.04456114162623719,0.0,0.0,0.0,0.0,0.023340363832779387,0.0,0.13086283208534644,0.0,0.11151477136402067,0.043767133249766554,0.0,0.12216814164540256,0.02059169445702485,0.0,0.0,0.0,0.0,0.04257348378062544,0.0,0.0,0.06687379942293714,0.0,0.048507540202446874,0.08401320959395106,0.0,0.0,0.0,0.024862632817585634,0.0,0.0,0.07531208684957913,0.0,0.0669288052849034,0.0,0.0,0.12218729097492953,0.0,0.0,0.0,0.0,0.0,0.037434705755710264,0.0,0.0,0.0,0.0
dressing,0.0,0.09917194896836912,0.09142802651555958,0.0,0.0,0.0,0.0,0.0,0.16104184923085144,0.0,0.031550401892056934,0.0,0.0,0.0,0.0,0.15171584917033984,0.0843244109987686,0.0,0.3066591305019102,0.2406121905327708,0.0,0.0,0.10687689185881288,0.0,0.14445964833293398,0.0,0.03128780971858302,0.05956918792804467,0.04300497827357497,0.04414239388857335,0.05602012941889152,0.0,0.19668158882877518,0.118191660728501,0.08825595101117077,0.031246228842807824,0.0,0.035151313795358866,0.029696544085938928,0.03572938491354313,0.0,0.1102891501781682,0.03155028938803897,0.0,0.2318204018417852,0.0,0.024501514785462527,0.0,0.0,0.18599744749323405,0.12432388871474905,0.0,0.0,0.0,0.0,0.09686927453043266,0.07331749448576899,0.04034510804312042,0.08641021774046143,0.07797034943971656,0.028521984159109785,0.0230955610012211,0.0,0.0,1.0000000000000002,0.0,0.049668104470047124,0.0,0.0,0.0,0.0,0.04054053780376994,0.07468241987139658,0.0,0.0,0.0,0.0,0.10535806538603135,0.0,0.0,0.0,0.033679333988889816,0.09576409507717884,0.0,0.0,0.08992208169275226,0.0,0.03798986990803678,0.1078583789656577,0.11568558191098317,0.0,0.07900148684983468,0.0,0.0,0.0,0.0,0.0,0.2486111606118466,0.7859354234510535,0.06494016329910396,0.04028332864626289,0.03903102058500663,0.0,0.0,0.0,0.0,0.0333829986701268,0.042132701617796385,0.0,0.0,0.1187023252838418,0.0,0.0,0.0637860805773418,0.0,0.17388550153834043,0.03280330311681805,0.0,0.024017929954611366,0.02618953189049495,0.027179995106680007,0.03120026224355747,0.0,0.0,0.0,0.0,0.0,0.2545856773747356,0.0,0.0,0.0,0.0,0.0,0.09269463300616142,0.1486373465363826,0.0,0.0,0.04193168900072058,0.0,0.030265146395069872,0.07350521389452583,0.27568403199837743,0.0,0.34074259052763434,0.04586997438783737,0.1120827341007824,0.038727353373109945,0.0,0.03495756866558221,0.11313813526473317,0.03201515563792249,0.0,0.15690339557977154,0.03966654809542103,0.0,0.07787319191297735,0.0,0.0,0.0,0.03419554855740541,0.0,0.0,0.09602350196341879,0.0,0.0,0.0,0.0,0.12658974734954392,0.0,0.0,0.0,0.1439018005431146,0.0,0.0,0.039319406901529366,0.0,0.09322622689698724,0.19476423877270638,0.11425744023075093,0.02804225567349869,0.09200242504933984,0.0,0.0,0.0,0.0,0.03682690958075558,0.0,0.03208678992099109,0.052372090302763755,0.1278276829610582,0.0,0.0,0.0,0.03239550606022115,0.02778552682833171,0.0,0.03292573393590081,0.0,0.0,0.0,0.0,0.0,0.0,0.0,0.0,0.28031137352162616,0.0,0.0,0.0674620398413341,0.03172135904783126,0.0,0.052503777842194364,0.028270051285336963,0.13953123241521398,0.0,0.04457896276701256,0.0,0.04307048035035417,0.0,0.0,0.0,0.06667734013964574,0.0,0.0399768276495782,0.0,0.0,0.03567755127901448,0.036861388010144665,0.0,0.2691583178155115,0.21483669650973883,0.0,0.0,0.0,0.0,0.041127611431456594,0.029788287934599526,0.10058529416888796,0.0,0.11744237326003756,0.0,0.09395427937588499,0.0,0.027009957714185243,0.0,0.0,0.0,0.0,0.0,0.21559531812048127,0.04026528322371647,0.0,0.0,0.0,0.0,0.0,0.0,0.0417389556053947,0.0,0.0728131443540881,0.0,0.040349069498936116,0.0,0.03653213872056175,0.0,0.0,0.0,0.0396104946653075,0.0,0.0,0.13446325313093996
shred,0.030611943906502116,0.14613457988085224,0.0,0.1377348659126208,0.02632519029368082,0.09321391615403854,0.0,0.0,0.0,0.0,0.0,0.08863755686252661,0.0,0.0,0.11247351904415478,0.028885485658867265,0.050362527584247085,0.13395749382648559,0.0,0.03149016034522187,0.0,0.0,0.0,0.0,0.10623655912531654,0.0,0.05778568134357084,0.0,0.05399411211966214,0.0,0.08021569456937541,0.0,0.037957996899944925,0.0,0.0,0.0,0.08354726752047406,0.0,0.0,0.0,0.03647140501118191,0.0,0.03858652838560084,0.0,0.0,0.0,0.025744174698996487,0.10698869817371376,0.0,0.0,0.0,0.04459739109568194,0.13960347848981708,0.0,0.0,0.03739001341429193,0.0,0.035652364428912564,0.0,0.0,0.0,0.0,0.37121291363311354,0.042645339869614385,0.0,1.0,0.023997833429355766,0.24991516836179695,0.0,0.0,0.0,0.12742132531936223,0.0,0.13132916862903765,0.17830371332206754,0.0,0.028139655254406055,0.0,0.035078315003247866,0.2972486612386575,0.13534292048685015,0.0,0.0,0.0,0.20019253790866298,0.030480876485809934,0.0,0.0,0.0,0.0,0.03839820254486696,0.0,0.17029922898492988,0.0,0.0,0.21258576490640238,0.0,0.0,0.0,0.07632271228940156,0.0,0.039691020108887747,0.19638375844792513,0.09581963571748157,0.0,0.15280370386911069,0.0,0.042823553326590644,0.1186740710926884,0.051815694584247236,0.15458441808551113,0.24940727739715543,0.1254678352760535,0.0,0.0,0.1477788743900324,0.0,0.0,0.0252360635688796,0.0,0.0,0.09806428283287486,0.0,0.0,0.0,0.0,0.3169061957194167,0.0,0.04005366362405795,0.0,0.0,0.0,0.0,0.0,0.0,0.0,0.03261654822979122,0.0,0.0,0.0,0.0,0.0,0.0816494086149325,0.0,0.0,0.04484235022698902,0.04500826470002561,0.09167959067938435,0.0,0.0,0.06727777992299998,0.2102856646351649,0.1048146613945301,0.0,0.0,0.0,0.11886934252356592,0.0,0.0,0.17699115500328674,0.17063324350578288,0.0,0.04730152191101834,0.09013651260094026,0.0,0.031033649365938547,0.0,0.0,0.15418183504194533,0.0,0.0,0.0,0.17308434021391028,0.04081575402242832,0.0,0.19036392168087535,0.0,0.0,0.0,0.10896499884575472,0.03551148621084692,0.0,0.0,0.2894885939126335,0.031410259477766794,0.0,0.0,0.0389646137273283,0.0,0.031183191859663287,0.03825124345339764,0.03043755451023024,0.31366840595713386,0.039339503367149274,0.14931406546376777,0.0,0.0,0.0,0.1606837405237238,0.0,0.14312706403797104,0.0,0.03660016661934738,0.193500487425244,0.0,0.06891306857186685,0.0969561449807885,0.10028084946298786,0.16955555233695818,0.0,0.0,0.0,0.0,0.0,0.12683852116532168,0.04307788808736895,0.0,0.050055772251971,0.0,0.07148981522288836,0.4261071698865885,0.0,0.044867669531030475,0.0,0.08065613386147238,0.0,0.0,0.0,0.0,0.0,0.0,0.613877594882952,0.0,0.36101105746355583,0.13914925078464513,0.0,0.40505935294535733,0.0,0.03811557145950763,0.0,0.031842137873400504,0.0,0.0,0.0,0.0,0.0,0.07111000231439599,0.036849901922931465,0.1482094287887332,0.0,0.042307444853612576,0.0,0.0,0.0,0.0,0.0433718820455682,0.0,0.0,0.0,0.041696534075509405,0.0,0.0,0.0,0.07676992786651182,0.0,0.0,0.0,0.03827671956378699,0.0,0.08180387427229616,0.0765524780065951
ice,0.020037642666173125,0.0,0.04126715566212869,0.022588130536683012,0.0331194586870624,0.0,0.0,0.0,0.0,0.0,0.0,0.0,0.0,0.05628045934872358,0.0,0.0,0.0,0.021968652140984903,0.0,0.0199681523962184,0.062977254142533,0.0,0.0,0.01871501559586298,0.0,0.02839678909596667,0.0,0.0,0.0,0.0,0.01864456195922796,0.0,0.0,0.0,0.01709447015523567,0.0,0.025368378189372476,0.0,0.0,0.0,0.023873066780058794,0.019391440230078143,0.039504291260415166,0.0,0.08121263196188083,0.0,0.3461419820027636,0.0,0.03766124232189627,0.0,0.0,0.027824295537779663,0.0,0.0,0.0,0.2811996347875408,0.0,0.0,0.05892997852947692,0.053174163178468736,0.05498646664345081,0.0,0.024426515535581773,0.0,0.049668104470047124,0.023997833429355766,1.0000000000000002,0.0,0.015468564675636171,0.05118626851335328,0.0,0.0,0.09777305878508177,0.0,0.0,0.0,0.018419358093012993,0.09350577362928325,0.0,0.020483895097927248,0.0,0.0,0.06428522830496226,0.0,0.03283101303935265,0.01995184993935289,0.0,0.024090506055242232,0.07036996116021912,0.05221609935736742,0.0,0.05303270097712607,0.02165745828906206,0.0,0.0,0.0,0.0,0.06244359942462186,0.057161058389071207,0.0,0.03207126065045382,0.025980528398552832,0.0,0.10682610536341702,0.0,0.0,0.0,0.0,0.0,0.0,0.1399146950264945,0.0,0.0,0.0,0.0,0.06410141800638255,0.04294557259269926,0.0,0.3703829853062843,0.01607319329181269,0.0,0.0,0.01737767339957056,0.01866925751049388,0.0,0.0,0.0,0.11529891684783844,0.026217903757477425,0.05819168598309656,0.0,0.016114541096110404,0.0,0.017954207272366112,0.0,0.021110167487757604,0.0,0.0,0.018430783210911725,0.03789515663470299,0.02292484246270006,0.04820079605963764,0.0,0.10035277929803192,0.0,0.029352431616371168,0.05070124675204776,0.0,0.045225755667892824,0.0,0.044037978038505746,0.0,0.06878031002481164,0.0,0.0,0.0,0.06370765769147775,0.0,0.03015603005431019,0.0,0.0,0.0,0.03096213022322391,0.0,0.0,0.02031367816827552,0.02349156645522499,0.08088543207746847,0.0,0.0,0.0,0.0,0.0,0.0,0.05147635399332019,0.0,0.0,0.1183460788692021,0.06422291231597677,0.0,0.3929637254684429,0.0,0.0,0.0,0.01640232966565857,0.0,0.0,0.0,0.06856472343407444,0.020411564113115118,0.023864936409653478,0.03829318298902332,0.0,0.0,0.0,0.0,0.020879186864188538,0.01645360959336224,0.0,0.0,0.0,0.01876246368953436,0.0,0.0,0.0,0.0451083879968581,0.0,0.09502239075172059,0.04315424644688513,0.04103896490842593,0.0,0.033294206615929946,0.08148608868341889,0.0,0.025590376430056027,0.08655955110452923,0.0,0.05638720082247568,0.0,0.023975777003357297,0.0,0.0,0.0,0.09990246009125597,0.0,0.021052749181739765,0.04467205862520265,0.09211694776963208,0.0,0.07653472181198431,0.061088458777070656,0.017748234613280442,0.0,0.0,0.0,0.05384362714949892,0.0,0.08256097494475641,0.024949287874540288,0.0,0.020842890029557852,0.0,0.0,0.0,0.0,0.0,0.4012707957448014,0.02412081928774181,0.025485187725182237,0.0,0.02769316005167022,0.03439803693613774,0.0,0.04236146360267273,0.0,0.0,0.0,0.0,0.03580732154392968,0.048878544768081796,0.0,0.05282437219945772,0.04532856798414911,0.07341736327169955,0.0,0.0,0.0,0.07691221204891974,0.0,0.027217676659335985,0.039975441204999664
flatten,0.09961797292984689,0.12784659671149964,0.0,0.1515966271227434,0.0,0.30650299711811535,0.0,0.0,0.08212156467446995,0.029998607155760297,0.10288880623771506,0.07754502729562962,0.0,0.0,0.16517665942491555,0.025270617254697328,0.0,0.08783152899383367,0.0,0.027549330441285554,0.0,0.0,0.0,0.0,0.09294160589222288,0.019589006302466818,0.050554103651949706,0.03271564836207382,0.04723702961055574,0.0,0.04525800071515104,0.0,0.0,0.0,0.0,0.027336876549039685,0.032270242458743464,0.0,0.0,0.0,0.06477481823226382,0.0,0.0,0.0,0.0,0.0,0.0,0.09359961864779251,0.0,0.0,0.0,0.03901625938531027,0.05518804862848164,0.06994875247773959,0.0,0.0,0.0,0.06443998217249464,0.0,0.0,0.0,0.0,0.15695133687220503,0.07707945840218554,0.0,0.24991516836179695,0.0,1.0000000000000002,0.04072460107725952,0.0,0.0,0.11147520870030436,0.0,0.0,0.11251766993043967,0.0,0.0,0.0,0.03068844619251403,0.049722816820173675,0.0,0.02851747647096198,0.0,0.02843787122706807,0.1312596719706426,0.0,0.0,0.0,0.0,0.07834215801287524,0.033592867062693856,0.0,0.08658736382373332,0.0,0.0,0.18598176129670205,0.0,0.0,0.0,0.0,0.0,0.07049299614912245,0.05658588278528205,0.0,0.0,0.06253938871053027,0.0,0.03746440819388425,0.0,0.08993270393442415,0.1013559257585036,0.0,0.06896231795772717,0.0,0.0,0.10137618407785953,0.0,0.0,0.0,0.0,0.04755877418505431,0.11308870853612915,0.0,0.025757292614986847,0.0,0.0760736686882791,0.11048962469861294,0.0,0.0,0.0,0.0,0.022232643699699347,0.0,0.024770763921624483,0.0,0.0,0.022581523318982864,0.0,0.025428278335118508,0.0,0.0,0.0,0.05102703106575477,0.03083814716200967,0.0,0.0,0.0,0.08020636639061761,0.0,0.0,0.0,0.3922145870777901,0.09169765127243976,0.0,0.0,0.0,0.103993462104329,0.0,0.0,0.15484163182770808,0.10767725816940599,0.0,0.18942540173287423,0.0,0.04080569334322149,0.0,0.0,0.0,0.09729567882404852,0.0,0.0,0.07338118058451942,0.4437656618867543,0.1429257657665701,0.0,0.2175405514690712,0.0,0.025004866635713437,0.02730678878548385,0.0,0.0,0.0,0.0,0.06908857125611975,0.022629695076431068,0.0,0.0,0.028072271355940127,0.0,0.0,0.10369417686553639,0.0,0.0,0.0,0.10110937140261443,0.0,0.0,0.022700444119471284,0.10026368035314709,0.0,0.1252154558454447,0.025885885775465828,0.0,0.20199270889714832,0.0,0.0,0.08482258734494585,0.08773122234062733,0.11832779946039305,0.02775256113692349,0.034905584368319385,0.0,0.0,0.0,0.14627144702281003,0.0,0.0,0.08460024879500758,0.11023509345235745,0.030498762327630075,0.04504540251953422,0.05218849100950746,0.0,0.0,0.11546447730999758,0.0,0.0,0.0,0.0,0.02351892026061435,0.0,0.043082246532638625,0.07464390839627481,0.0,0.0,0.0,0.1314479736525199,0.02074922325270505,0.0,0.0,0.0,0.0,0.04289917575521593,0.0,0.0,0.0,0.0,0.0,0.07089725818992618,0.0,0.0,0.0,0.025052834775630767,0.0,0.0,0.11383234927050351,0.0,0.06744081822851272,0.0,0.0,0.12312203759497468,0.0,0.0,0.0,0.07099449224173883,0.0,0.03772108549617537,0.08692744618043502,0.0,0.0351891569244296,0.0
sizzle,0.4188478652559194,0.0,0.0,0.0,0.01696873635926238,0.0,0.0,0.0,0.06562399462237704,0.0,0.0,0.028407868703824408,0.0,0.04917906372099631,0.0,0.051966666873473684,0.0,0.0,0.09557671634227083,0.021326706273201407,0.0672619766886853,0.0,0.024816222156926138,0.07215289482437147,0.0,0.09220470938076157,0.023019177455507724,0.07533689766150224,0.0,0.04212954525038164,0.0,0.0,0.0,0.0,0.018257510092208697,0.055228249636047215,0.02803943578659493,0.0,0.1788603805337168,0.0,0.0,0.043956866102068545,0.0,0.05400485381875902,0.0,0.0,0.0,0.0,0.02212933450232548,0.03408574632968411,0.0,0.029717350229426058,0.04410120801730008,0.0,0.0,0.022492508858726324,0.0,0.05304081112237397,0.0,0.0,0.24824644180407424,0.0,0.0,0.0404154185462257,0.0,0.0,0.015468564675636171,0.04072460107725952,1.0000000000000002,0.05834907067635686,0.0,0.0,0.0,0.0,0.0,0.0,0.0,0.0,0.0,0.0,0.0,0.045039164681554174,0.0,0.0,0.0,0.0,0.0818583143135337,0.02572952852213957,0.02316224687165238,0.0,0.0,0.0,0.0,0.0,0.0,0.03199214966737515,0.0,0.051122959150956125,0.0,0.0,0.0919229362371529,0.0,0.0,0.04348075560910958,0.0,0.04997572226850749,0.0,0.0,0.0,0.0,0.0,0.0,0.0,0.0,0.0,0.0,0.0,0.0,0.0,0.08123600548197137,0.0,0.0,0.14359834139563693,0.01993943973206381,0.0,0.0,0.0,0.13715014592454466,0.0,0.0,0.0,0.017210910547200368,0.0,0.01917574031228065,0.0,0.04785290801723304,0.0,0.0,0.019684740587146463,0.05901230477909014,0.024484557802854613,0.0,0.040776105831991934,0.0,0.15887670620936337,0.0,0.0,0.0,0.02657415989470342,0.0509797533805714,0.0,0.05553809401841863,0.02263901378425193,0.0,0.0,0.0,0.0,0.05857670352192555,0.21715778425607934,0.0,0.0,0.0,0.0,0.0,0.0,0.0,0.02508983944768241,0.02662341026212897,0.0,0.0,0.0,0.0586394842712885,0.0,0.040744028604711845,0.09630912967110732,0.0,0.0,0.0,0.021138948002149303,0.0,0.0,0.0,0.0,0.039213259253735644,0.08899883695457739,0.0,0.0,0.044336028605928494,0.0,0.07595500545524099,0.02548861201268161,0.15895530216536494,0.0,0.0,0.0,0.0,0.022299723912371717,0.20610817143488963,0.0,0.0,0.0,0.020038987289784777,0.036535849242340886,0.0,0.0,0.0,0.0,0.0,0.07174346364775863,0.0,0.0,0.03555941235863606,0.08152680069676763,0.0,0.027331444127390463,0.0,0.0,0.0,0.0,0.0,0.0,0.08489792893701947,0.0,0.0,0.0,0.022485094721501363,0.0,0.0,0.2691606153473881,0.0,0.0,0.0,0.0,0.0,0.0,0.052263971815979984,0.039740738070322336,0.01606255334047501,0.0,0.0,0.0,0.09939895631784654,0.0,0.06607632008561068,0.03782087261700084,0.0,0.0,0.0,0.0272190988003122,0.0,0.0,0.020211910671374046,0.021768270035824946,0.2287636326390548,0.15012294768336817,0.0,0.0,0.0538924935283473,0.02103999090909564,0.0,0.0,0.0,0.03529399937392922,0.08028448946736463,0.0,0.0,0.0,0.0,0.0,0.0,0.042695211645225446
sear,0.0,0.0,0.0,0.07836356755818825,0.018469493805833046,0.0,0.0,0.0,0.0,0.0,0.0,0.0,0.0,0.06542579810727714,0.0931803328540654,0.0,0.0,0.0,0.0,0.023212893469035923,0.0732107939871229,0.0,0.05402206171484746,0.6683503432968732,0.0,0.03301114830594894,0.050110102063999865,0.0,0.0,0.1510761714561776,0.0,0.0,0.032175791569617175,0.0,0.06758467777465839,0.05170724751012745,0.0610386271098952,0.0,0.13009587102220962,0.0,0.0,0.07314657437372389,0.0,0.0,0.0,0.0,0.0,0.0,0.048173016288842234,0.0,0.0,0.03234562694402158,0.0,0.0,0.0,0.09346315151907326,0.0,0.06904003071883992,0.0,0.0,0.3981813544709658,0.0,0.0,0.0,0.0,0.0,0.05118626851335328,0.0,0.05834907067635686,1.0000000000000002,0.39221584829723216,0.0,0.0,0.0,0.0,0.0,0.0,0.0,0.0,0.0,0.0,0.03491578484354713,0.0,0.0,0.05113338283103499,0.0,0.0,0.02800511231982619,0.025210773864822747,0.0,0.04112991273380136,0.0,0.0,0.0,0.0,0.06964323065746002,0.0380862348827811,0.022371071952355406,0.0,0.0,0.49108983777648346,0.0,0.0,0.053945204362720205,0.0,0.04012644572924943,0.03460857032930268,0.0,0.0,0.0,0.0,0.0,0.0,0.0,0.0,0.0,0.0,0.0,0.0,0.10257456837443571,0.0,0.0,0.11089939105136196,0.021702933608377564,0.0,0.038154242928986434,0.0,0.1147034547126779,0.0,0.0,0.0,0.045953945409429736,0.0,0.020871690703510103,0.0,0.14872258947979722,0.0,0.04347110402357314,0.0214257082346193,0.0,0.02665003327908632,0.0,0.03273990096484543,0.0,0.07590708404803387,0.0,0.06303913024600713,0.0,0.05784889000323617,0.0,0.0,0.0,0.024641264735672155,0.0,0.0,0.0,0.0,0.05484222526144752,0.11220224935575082,0.0,0.0,0.0,0.0,0.0,0.0,0.0,0.02730884754511322,0.02897805119460986,0.0,0.0,0.0,0.0,0.0,0.0,0.0,0.0,0.0,0.042984241608519644,0.0782510310554448,0.0,0.0,0.0,0.0,0.0,0.01906763949002343,0.0,0.06756083596470648,0.0,0.0,0.04911208124262718,0.02774288855224859,0.06929242496251903,0.0,0.0,0.0,0.0,0.02427196721967575,0.10500227749393724,0.0,0.0,0.04877880421291698,0.02181128540086149,0.0,0.0,0.0,0.0,0.0330433998981659,0.047984547135715754,0.19986731259129129,0.0,0.0,0.1639798977964198,0.04527690394452138,0.0,0.02974870534421182,0.0,0.0,0.0,0.14664015890291887,0.0,0.0,0.0,0.0,0.055294602684807695,0.0,0.08323412523451622,0.1890149533220562,0.05098543141786763,0.07348389574260186,0.0,0.0,0.0,0.0,0.0,0.0,0.040516683821699116,0.0,0.017483165696415007,0.0,0.0,0.0,0.04749018979259878,0.0,0.08651751272945546,0.0,0.0,0.0,0.0,0.029626423915668453,0.0,0.0,0.04399900511686907,0.11571227523927458,0.12196917894768569,0.3280361325683348,0.0,0.0,0.04327129491316779,0.04580164056331861,0.0,0.0,0.039749706693099324,0.0,0.22366142275188725,0.031869731697078,0.0,0.0,0.0,0.0,0.0,0.04647128285364559
caramelized,0.0,0.0,0.0,0.0,0.0,0.0,0.0,0.0,0.0,0.0,0.0,0.0,0.0,0.0,0.11327361328076774,0.0,0.0,0.0,0.0,0.0,0.0,0.04759708143744041,0.0,0.5965524425322125,0.0,0.0,0.042778407933746036,0.0,0.07627539034974988,0.03914637862859048,0.038296895345781345,0.046675040716225615,0.0,0.0,0.05560386834587355,0.0,0.0,0.0,0.0,0.0,0.0,0.10330777891956433,0.043137284520995044,0.0,0.049996623250578784,0.04355792477551091,0.0,0.0,0.0,0.11183146527544488,0.0,0.0,0.0,0.0,0.0,0.0,0.0,0.0,0.0,0.0,0.1379756369203843,0.0,0.0,0.0,0.0,0.0,0.0,0.0,0.0,0.39221584829723216,1.0000000000000002,0.0,0.19098794025009094,0.0,0.0,0.0,0.0,0.0,0.0,0.0,0.0,0.0,0.0,0.0,0.0,0.0,0.0,0.06658513810785324,0.0,0.0,0.0,0.0,0.0,0.0,0.06636238557165823,0.0,0.05022953796777433,0.053189606903085336,0.0,0.0,0.2968183948452389,0.0,0.04788244281305887,0.0,0.0,0.0,0.0,0.0,0.0,0.0,0.0,0.10188837099554007,0.0,0.0,0.0,0.0,0.0,0.0,0.0,0.044425625294686535,0.0,0.0,0.0,0.0,0.0,0.0,0.0,0.0,0.0,0.048802232732115466,0.0,0.0,0.0,0.0,0.0,0.058347608573643135,0.0,0.0,0.0,0.0,0.0,0.05934734493281343,0.0,0.06177979924437344,0.0,0.0,0.07346554463020882,0.0,0.09720539677662889,0.0,0.0,0.0,0.0,0.0,0.0,0.0,0.0,0.0,0.0,0.0,0.0,0.0,0.0,0.04766682341903761,0.0,0.0,0.0,0.0,0.0,0.06102442075586845,0.0,0.0,0.0,0.0693284033396935,0.0,0.0,0.0,0.0,0.15116914941333837,0.0,0.0,0.0,0.0,0.0,0.0,0.0,0.07873512198613719,0.0,0.0,0.0,0.0,0.0,0.0,0.0,0.0,0.0,0.0,0.0,0.0,0.0,0.0,0.0,0.0,0.052814505274201715,0.0,0.0,0.0,0.0,0.06733692291674026,0.0,0.0,0.0,0.05643524176648685,0.0,0.0,0.0,0.0,0.0,0.10646180716229242,0.0,0.0,0.20619244845815182,0.0,0.0,0.0,0.06847912121228404,0.0,0.0,0.0,0.0,0.0,0.0,0.0565077174297422,0.0,0.0,0.0,0.0,0.0,0.0,0.0,0.0,0.0,0.0,0.05391972863145309,0.0,0.06830463651341477,0.0,0.049545411361083175,0.0,0.0,0.0,0.0,0.0,0.038512736314471774,0.13882658839685855,0.0,0.0,0.0,0.0,0.0,0.0,0.0,0.0,0.0,0.0,0.04598858349442486,0.0,0.0,0.0,0.08162755190175096,0.0
unroll,0.0,0.28501941402343195,0.0,0.11993622415722274,0.0,0.10830287430733157,0.11648616459598468,0.0,0.0,0.0,0.03665888322310922,0.10298571904142945,0.0,0.0,0.13068011621582967,0.03356130985258462,0.048187872065396,0.1166469789668629,0.061725717365430935,0.03658761500965562,0.0,0.0,0.0,0.0,0.16270669977847116,0.0,0.0,0.0,0.06273438322844653,0.0,0.0,0.0,0.0,0.1373286560157027,0.04737979173022419,0.24766754128690735,0.0,0.04084283654996313,0.03450485814731965,0.0,0.0,0.07578700577997119,0.0,0.0,0.03314404496934047,0.0,0.02846867600554031,0.124307442586841,0.051164136491288544,0.0,0.03379899221799841,0.051816572477105256,0.223609148532088,0.0,0.0,0.052003813904049234,0.0,0.0,0.048100346245151235,0.04340228393093935,0.033140119424070184,0.08407398215040048,0.12969749921967755,0.0,0.04054053780376994,0.12742132531936223,0.0,0.11147520870030436,0.0,0.0,0.0,1.0,0.0,0.0,0.1494320596274473,0.0,0.0,0.0,0.04075660048904769,0.0,0.0,0.0,0.0,0.0,0.1743228698276652,0.0,0.0,0.04414099729647014,0.0,0.0,0.04461389324070375,0.0,0.11499463259317985,0.0,0.0,0.2579877935455638,0.0,0.0,0.0,0.0,0.0,0.0,0.0,0.0,0.0,0.0,0.0,0.09871021090746682,0.0,0.06020333539501952,0.13460841084696507,0.06440077304332094,0.0,0.0,0.0,0.0,0.0,0.0,0.027906791567323282,0.0,0.03158084229891573,0.20502746479569733,0.0,0.0,0.0,0.0,0.1467386606600065,0.0,0.0,0.0,0.0,0.0,0.0,0.0497626772588469,0.1163449976713371,0.22518685209849565,0.0,0.0,0.0,0.0,0.04200515368367891,0.0,0.0,0.04095541481051194,0.05329700839576572,0.0,0.0,0.10652018062934678,0.04061772118972689,0.2257462088427054,0.11654367796056903,0.1520240949635095,0.0,0.11580636943745748,0.0,0.0,0.1381112605659701,0.0,0.0,0.2453738323224704,0.14300362310415857,0.0,0.0,0.0,0.0,0.0,0.0,0.0,0.248891313204522,0.07592173852842864,0.07036112773087992,0.07725300403226133,0.12512973824928864,0.0,0.0,0.1109495477480833,0.13913464787550237,0.0,0.0,0.03258271573098938,0.049391068676621554,0.0,0.0,0.0,0.09092284889699959,0.042789736321197314,0.0,0.03728212048589418,0.0,0.05216150911129547,0.17172943768047888,0.0,0.0,0.09457858379555938,0.1665653864818895,0.0,0.2418653739647736,0.0,0.41788039836855007,0.0,0.16629568916368484,0.10007168674310146,0.0,0.35126767095126965,0.0,0.19148007458730978,0.1668682321645981,0.11651376407010733,0.15714835541369965,0.03685752089597081,0.07012280020705215,0.061004923717743166,0.0,0.0,0.14737044619383788,0.0,0.0,0.0,0.0,0.04050468582866388,0.0,0.0,0.0,0.0,0.09371230700445037,0.0,0.0,0.0,0.0,0.0,0.0,0.0,0.0,0.0,0.0,0.0,0.03461145669544573,0.0,0.0,0.0,0.0,0.0,0.0,0.0,0.0,0.0,0.0,0.0,0.04746050353948751,0.0,0.046784834015545645,0.0467309559729978,0.0709689519487699,0.0,0.0,0.050392684734875515,0.0,0.0,0.0,0.0,0.0,0.06522101436299715,0.0,0.10665547057023073,0.0,0.0,0.0,0.0,0.0,0.046733888099725035,0.0
sweeten,0.0,0.0,0.06205050663682901,0.0,0.0,0.0,0.0,0.0,0.0,0.0,0.0,0.0,0.0,0.0,0.0,0.0,0.0,0.07312485927730701,0.0,0.0,0.0,0.0,0.0,0.11065959126617768,0.0,0.0,0.0,0.0,0.0,0.0,0.0,0.0,0.0,0.0,0.0,0.0,0.0,0.0,0.0,0.0,0.0,0.0,0.0,0.0,0.12211369738694261,0.0,0.0,0.07792712959044529,0.0,0.0,0.0,0.0,0.0,0.0,0.0,0.0,0.14204150086372025,0.0,0.22803679942913413,0.07995423266453458,0.0,0.0,0.0,0.0,0.07468241987139658,0.0,0.09777305878508177,0.0,0.0,0.0,0.19098794025009094,0.0,1.0,0.0,0.0,0.0,0.0,0.14059802605902164,0.0,0.0,0.0,0.0,0.09666115635025008,0.0,0.10928131562314695,0.0,0.0,0.0,0.0732014822468817,0.07851365977949058,0.0,0.07974152594602117,0.0,0.0,0.0,0.0,0.0,0.06495618242996647,0.08594904533714293,0.0,0.0,0.0,0.0,0.0,0.0,0.0,0.0,0.0,0.0,0.0,0.16328226566814247,0.0,0.0,0.0,0.0,0.13449299587677432,0.16618317481300476,0.0,0.0,0.0,0.0,0.0,0.0,0.0,0.0,0.0,0.0,0.14178627147646902,0.0,0.0,0.0,0.0,0.0,0.0,0.0,0.0,0.0,0.0,0.0,0.0,0.0,0.17697626980288567,0.0,0.1508933847740637,0.0,0.0,0.07623588293415137,0.0,0.0,0.0,0.0,0.0,0.07154786730310862,0.0,0.0,0.0,0.0,0.0,0.0,0.0,0.0,0.0,0.10306055196144583,0.0,0.0,0.0,0.0,0.0841400708857763,0.0,0.0,0.0,0.0,0.0,0.0,0.07740135693513679,0.0,0.0,0.12235070228651736,0.25945948558663706,0.0,0.0,0.0,0.0,0.0,0.0,0.0,0.0,0.0,0.10309593084950024,0.0,0.0,0.0,0.0,0.0,0.0,0.0,0.0,0.0,0.0,0.0,0.0,0.0,0.0,0.0,0.0,0.0,0.0,0.0,0.0,0.0,0.0,0.0,0.0,0.0,0.0,0.08775494039289546,0.0,0.08478545038368548,0.0,0.0,0.0,0.19295003656025078,0.0,0.0786955081440736,0.0,0.0,0.0,0.0725626777037373,0.0,0.1980441375282097,0.09185439984803519,0.0,0.0,0.0,0.0,0.08096085834326167,0.0,0.10152751757701048,0.0,0.0,0.0,0.0,0.0,0.0,0.0,0.0,0.0,0.0,0.0,0.0,0.0,0.0,0.0,0.0,0.0,0.0,0.0,0.0,0.06336225311585462,0.07349521472626627,0.0,0.07942827668049897,0.08021041714799197,0.0,0.0,0.0,0.0,0.07797437137454752,0.0,0.0,0.0
flake,0.0,0.0,0.0,0.0,0.0,0.0,0.0,0.0,0.0,0.0,0.0,0.0,0.0,0.0,0.0,0.0,0.0487825347084857,0.0,0.0,0.0,0.0,0.0669345661900762,0.0,0.0,0.0,0.0,0.0,0.0,0.04280650080384089,0.0,0.0,0.06563792375276174,0.03676716380325887,0.0,0.0,0.0,0.19287422547045574,0.05150564102856822,0.0,0.0,0.0550395508765007,0.0,0.037375976753782354,0.0,0.0,0.0,0.0,0.0,0.0,0.0,0.0,0.0,0.1352237836646032,0.0,0.06464567291346615,0.03621699931724565,0.0,0.10875313533849085,0.0,0.05473328115279925,0.0,0.0,0.1671953119369397,0.13008434342814695,0.0,0.13132916862903765,0.0,0.0,0.0,0.0,0.0,0.0,0.0,1.0,0.10808961641533577,0.0,0.0,0.0,0.0,0.622827663337042,0.5132170329356218,0.0,0.0,0.0671593085576707,0.0756921693033549,0.0,0.0382163906297244,0.0602387889707313,0.0,0.0,0.0,0.0,0.09959851826266125,0.0,0.0,0.0,0.0,0.0,0.0,0.07392828636480282,0.0,0.0,0.23097921270816124,0.14968904895705365,0.17258557102811095,0.2074086110013219,0.0,0.0,0.11495098180670313,0.0,0.0,0.20287734370434451,0.23944550290582067,0.0,0.05537643298621172,0.0,0.0,0.0,0.0,0.0,0.0,0.0,0.0,0.0,0.0,0.0,0.17315323640994099,0.0,0.0,0.0,0.0,0.040294730140695297,0.0,0.0,0.0969941029075528,0.0,0.08492215754727891,0.0,0.0,0.04644591464291025,0.0,0.0,0.21712155615970424,0.0,0.0,0.0,0.10007234150425766,0.08859423264532408,0.0,0.0,0.0,0.0,0.04897863948510214,0.0,0.0,0.057890584833463314,0.0,0.05254963252884321,0.034154095607765035,0.06793488516805017,0.20165372645891738,0.0,0.0,0.21052545602580272,0.14229798274528227,0.0,0.0,0.0,0.31568233960404274,0.08925055799353081,0.0,0.0,0.054332178800251305,0.12833519895662862,0.05298569055767037,0.2710561204242499,0.04698318511087088,0.041878054258788704,0.0,0.3069795095550567,0.034397406002561526,0.09168671538807821,0.0,0.3694411418092609,0.030424844555577483,0.0,0.0,0.0377422006545732,0.0,0.0,0.05967474759079246,0.0,0.35602421033106857,0.0381053291102653,0.12859606845399948,0.0,0.0,0.0,0.15538125490975918,0.0,0.0,0.0,0.03545193190429038,0.07427169675768021,0.0,0.0,0.0,0.0,0.0,0.0,0.0,0.0,0.0,0.0,0.0,0.0,0.0,0.10652593119724975,0.0,0.0,0.35836043826771546,0.0,0.043460063487182544,0.0,0.0,0.0,0.0,0.0,0.0,0.0,0.0,0.34274247504612565,0.0,0.308478644025281,0.3003321588711413,0.0,0.26151695658364416,0.0,0.0,0.0,0.0,0.0,0.0,0.0,0.0,0.0,0.03760851451234601,0.055610746310963695,0.16771925136383092,0.0,0.0,0.0,0.0,0.0,0.0,0.0,0.0,0.0,0.04388697521565566,0.04038841413111143,0.0,0.0,0.0,0.0,0.0,0.0,0.0,0.0,0.0,0.0,0.07415084378222124
tuck,0.0,0.1713778380475628,0.0,0.24183050137649126,0.0,0.1093156694291702,0.0,0.0,0.0,0.0,0.0,0.10394879074687857,0.0,0.0,0.13190217227917223,0.0338751586873326,0.05906214054904823,0.11773780404450221,0.0,0.03692976435923185,0.0,0.0,0.0,0.0,0.12458784114857133,0.0,0.0,0.0,0.06332104427240948,0.0,0.0,0.0,0.0,0.0,0.0,0.0,0.052528707506531644,0.06235906821317674,0.0,0.0,0.0,0.0,0.0,0.0,0.0,0.0,0.0,0.12546990454609547,0.0,0.0,0.13484969565112276,0.24833368863992172,0.0,0.0,0.0,0.0,0.0,0.08985898395578645,0.0,0.1528490846253556,0.0,0.0,0.24449422437234097,0.10748422923740492,0.0,0.17830371332206754,0.0,0.11251766993043967,0.0,0.0,0.0,0.1494320596274473,0.0,0.10808961641533577,1.0,0.0,0.0,0.0,0.041137736136850525,0.0952505824871657,0.0,0.0,0.0,0.0,0.17595305142086437,0.09903377186453435,0.0,0.0,0.0,0.0,0.04503110038990825,0.08635189845599216,0.16091474446746437,0.0,0.0,0.15512413584874196,0.0,0.0,0.0,0.08950668237968257,0.0,0.0,0.10839768622403984,0.0,0.0,0.0,0.11029696640300952,0.05022088538256534,0.3150171622526393,0.060766327326641445,0.13586720238630492,0.13474283441026397,0.04598371978902099,0.0,0.0,0.0,0.0,0.0,0.0,0.0,0.0,0.11500388748019306,0.0,0.0,0.0,0.0,0.3462478389816307,0.0,0.0,0.0,0.0,0.0,0.0,0.0,0.0,0.0,0.0,0.0,0.0,0.0,0.0,0.0,0.10844347192994254,0.0,0.0,0.14569486163944795,0.0,0.2823893364401744,0.0,0.0,0.07420722238253985,0.15344574940034425,0.05929956912769986,0.23780840168162973,0.0,0.0,0.13940280903009733,0.0,0.04135115174244022,0.20756457179905818,0.20010839593822946,0.0,0.0,0.0,0.08274228968217834,0.0,0.0,0.0,0.1808151744593119,0.0,0.0,0.0,0.1262998899124495,0.047866259227268705,0.06415099833385941,0.15525436033022658,0.0,0.05070272673065916,0.0,0.08968293221442772,0.0,0.1229707278582485,0.0,0.1495224431219747,0.03683606143187722,0.0,0.0,0.04569535332699769,0.0,0.0,0.04485875561430496,0.0,0.057752526800883455,0.12122382955692432,0.22439857587580642,0.10335734687491759,0.0,0.0,0.13440305190438173,0.0,0.16785080451814754,0.0,0.04292247209742175,0.22692572300906202,0.0,0.0,0.11370433011667194,0.11760334338766451,0.15861792940964284,0.0,0.0,0.0,0.0,0.0,0.14874858200013938,0.0,0.0,0.0702710068876096,0.0,0.04088346569467618,0.08629038141326056,0.0,0.052618101812246194,0.0,0.09458865832935631,0.0,0.0,0.0,0.0,0.0,0.0,0.08252969842658985,0.0,0.04331273512998759,0.05099793220194778,0.0,0.04242201683401752,0.0,0.0,0.0,0.0,0.0,0.0,0.0,0.0,0.0,0.0,0.0,0.04790433078573765,0.0,0.0,0.0,0.06637371869990413,0.0,0.0,0.050863932295037266,0.0,0.0,0.0,0.04889918505095483,0.0,0.08601268161198422,0.0,0.0,0.0,0.0,0.0,0.08443825120254944,0.0,0.047170920396371566,0.08977613778101318
stop,0.10494720724439982,0.0,0.07698768009214316,0.0,0.10661542746955503,0.0,0.0,0.0,0.0,0.0,0.08378842126899348,0.05079268663523146,0.0,0.05257963592874408,0.0,0.0,0.0,0.0,0.04784073417313598,0.056714719193729835,0.0,0.0,0.1763902675423953,0.0,0.0,0.09527867208759379,0.0,0.0,0.0,0.0,0.0,0.0,0.10820149385831383,0.0,0.04855271811744551,0.11255469750284766,0.0,0.0,0.053486223142128086,0.0,0.0,0.0,0.0,0.04827978553048625,0.05137681707005018,0.0,0.0,0.0,0.052430747499452666,0.0,0.0,0.0790281983468524,0.0,0.0,0.14502359412046428,0.0,0.0,0.0,0.0,0.09920129939336364,0.051370732054734816,0.0,0.0,0.0,0.0,0.0,0.0,0.0,0.0,0.0,0.0,0.0,0.0,0.0,0.0,1.0,0.07112329125820721,0.13975925893971008,0.15633135485765184,0.0,0.0,0.0,0.0,0.0,0.0,0.0,0.0,0.10088972034965484,0.0,0.0,0.17112689213782906,0.0,0.0,0.0,0.10055220597749134,0.0,0.0,0.0,0.0,0.0,0.0,0.10031949425172042,0.0,0.18200122305625238,0.0,0.0,0.0,0.0,0.0,0.1353870244279176,0.0,0.0,0.0,0.0,0.09274610153027578,0.0,0.0,0.0,0.0,0.0913040551778177,0.12113561496528771,0.0,0.049357088604934804,0.0,0.20062496021742518,0.0,0.0,0.0,0.16989425041376366,0.09174146320525856,0.3166331110962072,0.0,0.1072836065450789,0.0,0.0,0.0,0.0,0.10777493825740816,0.07718711096022679,0.05275639534097771,0.0,0.0,0.0,0.0,0.08261606732863033,0.0,0.0,0.0,0.0,0.06645126192758792,0.08502266807124198,0.0,0.0,0.10534247561970583,0.0,0.0,0.0,0.0,0.08396447381366329,0.0,0.0,0.14447025988519674,0.11955512210147143,0.0,0.12386499543471925,0.22830429606610556,0.0,0.0,0.0,0.0,0.0,0.07916546678510519,0.0,0.0,0.0,0.0,0.0,0.0,0.0,0.0,0.0,0.07980980730624752,0.17037003937312512,0.0,0.0,0.09780124590946408,0.0,0.08521290727984507,0.0,0.0,0.09994504702437748,0.05217467324117496,0.0,0.0,0.0,0.11842132226388243,0.05930229279600866,0.09346501662192067,0.0,0.0,0.0,0.07857617064444192,0.0,0.0,0.0,0.0,0.0,0.0,0.0,0.08424243229034198,0.07185874879832112,0.13943431437439038,0.09855732944096394,0.11318374784412127,0.0,0.10887984069195966,0.43387450729270727,0.0,0.0,0.0925784797896108,0.0,0.0,0.0,0.09763956708918499,0.0,0.0,0.09170023860010079,0.09003040459252086,0.03998935378942472,0.0,0.0,0.0,0.10622671113943362,0.0,0.0,0.0,0.0,0.10092183380010473,0.2804036550329523,0.09526589661104354,0.16096271441699697,0.05168756996213976,0.13021972606564558,0.04708214487754034,0.0,0.128403291133036,0.0,0.09313853647480813,0.0,0.1176426391567673,0.17945403690884487,0.0,0.07604745835364587,0.03957590892846527,0.10337511221235555,0.11517872685165804,0.11435657410653165,0.0,0.0,0.09118742757034662,0.37373487313010545,0.0,0.0,0.09701842275886699,0.07901244845472923,0.13852605424871897,0.11450172022509131,0.09674483391255041,0.0,0.10509653673262218,0.16741495902070758
settle,0.023495969267265077,0.0,0.07127053406195495,0.0264866496392231,0.020205703498752645,0.0,0.0,0.03766588460401364,0.0,0.03195923457225278,0.018447573085773373,0.0,0.033857859393621514,0.0,0.0,0.0,0.0,0.025760254544273678,0.0,0.06592259511913184,0.0,0.0,0.0,0.0,0.0,0.0,0.0,0.0,0.025162156729171985,0.0,0.02186245468560921,0.0,0.0,0.0,0.0564354584469768,0.0,0.02974674437647762,0.0,0.0,0.0,0.06034624012306998,0.0,0.0,0.0,0.0,0.0,0.01975974931177907,0.0,0.06094310239628192,0.0,0.0,0.040897110211509304,0.0,0.0,0.01902613323840913,0.0,0.0,0.03842065841404593,0.0,0.021841003721596256,0.0,0.0,0.028642324244023108,0.0,0.0,0.028139655254406055,0.018419358093012993,0.0,0.0,0.0,0.0,0.0,0.0,0.0,0.0,0.07112329125820721,0.9999999999999999,0.0,0.020509636414003257,0.024019241071070514,0.0,0.0,0.0685078165762891,0.030296493185913466,0.03849736649351745,0.1217612015431843,0.0,0.05762179839386783,0.0,0.0,0.022450712728748778,0.0,0.02539535128181135,0.044839684720101185,0.05742903162793335,0.0,0.0,0.0,0.0,0.0,0.0,0.052551741536008334,0.0,0.0,0.0,0.056827695483510555,0.0,0.0,0.0,0.02980796141248739,0.029726847261111248,0.0,0.0,0.0,0.02041977233235526,0.024485529581294782,0.0,0.0,0.019369752402923962,0.0,0.05712478925959534,0.029080696594701718,0.0,0.0,0.1433818348650801,0.0,0.0,0.0,0.11086113890963406,0.020198582594622577,0.026788416278744738,0.0,0.0236204733622077,0.0,0.0,0.0,0.0,0.023728649140379407,0.01699417233494782,0.0,0.0,0.03156009899791819,0.0,0.0,0.0,0.03441841152013475,0.0,0.0,0.0,0.0,0.10019810449938704,0.0,0.0,0.023193097430395913,0.04381947655684625,0.0,0.0,0.0,0.0,0.0,0.0,0.031643932022937866,0.06262820524411383,0.0,0.027271173289149353,0.590451800357789,0.0,0.03663922036421566,0.0,0.04026216142127243,0.0,0.04096814665881823,0.0,0.0,0.0,0.0,0.042609048874899226,0.0,0.0,0.0,0.0,0.07388308860963408,0.022351418668148167,0.0,0.0,0.02153275601174489,0.0,0.01876120006903497,0.0,0.02393442637382642,0.022004753540159502,0.023362117986606267,0.0,0.0,0.0,0.02607264779895447,0.0,0.0,0.0,0.0,0.0,0.04487771645856958,0.02809218495537321,0.0,0.0,0.05289371188654222,0.0,0.0,0.02632778260830933,0.01854753202247639,0.0,0.0796360216305803,0.0,0.024919498766697,0.0,0.05703602564192055,0.026617404434088988,0.0,0.0,0.048496659378012806,0.0,0.0,0.03443784516314166,0.02149715942443189,0.0,0.0,0.020189506234129538,0.01982186134442519,0.0,0.0,0.0,0.0208114288676199,0.02338777826013547,0.02834760690001798,0.0,0.0,0.0,0.0,0.3497982142991758,0.020974551897474446,0.6710582017359603,0.0,0.07437323422301464,0.0,0.029080231355320865,0.02827036315705215,0.13571270728947651,0.08147868204916649,0.03745900879116932,0.0259012062881633,0.3668083278109667,0.055662611161696234,0.016743256702049108,0.020480541667726927,0.0,0.025358730351309002,0.025177718194453854,0.0,0.0,0.020076601386331893,0.08228465559263641,0.0,0.0,0.11433494481510759,0.0173960541979314,0.030341947522871632,0.02520967480122234,0.05067917800661374,0.033121516281343334,0.47127665867677565,0.03685950451639721
moisten,0.0,0.0,0.11573291621673623,0.11777001819907801,0.09514231723825928,0.0,0.0,0.0,0.0,0.0,0.0,0.0,0.0,0.0,0.0,0.0561861267618742,0.09658498457397341,0.0,0.0,0.030626283417970458,0.0,0.0,0.0,0.0,0.0,0.05145104580479214,0.11159034086719401,0.0,0.0,0.0,0.08949907234155177,0.08962087167347604,0.0,0.0,0.040422745212346456,0.0,0.0,0.0,0.0,0.0336322858833284,0.05204928069167216,0.029741747387779294,0.029698478016565534,0.07271213740800885,0.24876480381918029,0.0,0.0,0.0,0.0,0.0,0.0,0.0,0.0,0.0,0.0,0.0,0.0,0.0,0.08474153064145698,0.07646464653076532,0.0,0.0,0.0,0.04542604971016814,0.10535806538603135,0.0,0.09350577362928325,0.0,0.0,0.0,0.0,0.0,0.14059802605902164,0.0,0.0,0.13975925893971008,0.0,1.0000000000000002,0.0,0.0,0.0,0.07591122685144827,0.30138555073897066,0.11655797982469801,0.0,0.12814424204000704,0.0,0.0,0.26150145910175226,0.201442505960499,0.0,0.24863083188167684,0.0,0.0,0.05677547385478516,0.0,0.0,0.062121183131539796,0.16030704988648836,0.10374992762902646,0.0,0.03674013548818307,0.0,0.0,0.0,0.0,0.07524330456966752,0.0,0.0,0.0,0.07545409119778566,0.0,0.0,0.0,0.0,0.12120925489764384,0.06175589481945535,0.0,0.0,0.02465236459634104,0.0,0.0,0.0,0.08407633901095635,0.0,0.053410804305395944,0.0,0.13559803865358558,0.0,0.0,0.105279976251206,0.03810553840081725,0.0,0.03840039763174898,0.045658269448179724,0.0,0.0,0.10032424634839301,0.0,0.06821584994662697,0.035161126009231644,0.06931292591914436,0.0458314543592454,0.14430767385373805,0.0,0.09939133600934133,0.12631636026143359,0.0,0.0,0.07176814802958935,0.0,0.0,0.15105954466542895,0.0,0.0,0.0,0.0,0.0,0.0,0.0,0.0,0.07801479382447596,0.0,0.0,0.0,0.0,0.0,0.08046779469885708,0.0,0.0,0.0,0.0,0.0,0.0,0.07402319054050653,0.0,0.09719061091315756,0.31990222872456475,0.06389130886084847,0.0,0.0,0.0,0.0,0.0,0.0,0.0,0.0,0.0,0.33992885752228286,0.028864833676106334,0.056432649578250324,0.03928903130208321,0.0,0.0,0.0,0.0,0.0,0.0,0.0,0.0,0.0,0.0,0.0,0.0,0.0,0.0,0.0,0.0,0.06350242568425009,0.0,0.0,0.0,0.1008272770653592,0.0,0.0,0.08392489396558941,0.0,0.14048226482592302,0.0,0.0,0.0,0.0,0.0,0.075260858784587,0.0,0.0,0.03358349456998623,0.06939569447463742,0.0,0.11005721765741873,0.08784543335116102,0.0,0.0,0.0,0.0,0.07742733823760224,0.0,0.6261908704982492,0.0,0.0,0.0,0.0,0.0,0.02542463638090115,0.0,0.07250122091029965,0.0,0.052589443375137296,0.0,0.0,0.0,0.0,0.0,0.0,0.0,0.0,0.0,0.09407713728985437,0.0,0.10368321824633417,0.0,0.07596164578809339,0.0,0.0,0.0,0.07480488766421427,0.0,0.0745711958818923,0.0,0.0,0.0
rotate,0.06052670018977255,0.04674216560619691,0.02220073479607493,0.033017712229429376,0.0,0.02981512185019198,0.0,0.0,0.0,0.0,0.2839019835440779,0.0576452482561288,0.0,0.0303245026095376,0.035975440294556,0.02903842213074518,0.0,0.032112203056446166,0.02759141334187837,0.06436623624928461,0.0,0.0,0.10173039493151483,0.0,0.0339805051214899,0.0,0.0,0.0,0.05427998818583888,0.0,0.06338852434083472,0.0,0.06240356033101727,0.0,0.02800203921624583,0.06491420409921325,0.0,0.0,0.030847362949523473,0.0,0.0,0.0,0.07140027370803101,0.027844629511912952,0.02963079518887963,0.0,0.0,0.03422108204714114,0.03023863348011464,0.0,0.0,0.045578307355416174,0.0,0.0,0.05872052459734049,0.0,0.0,0.0,0.0,0.028606417762195323,0.02962728574915928,0.054004348435873054,0.035704931818583245,0.0,0.0,0.035078315003247866,0.0,0.03068844619251403,0.0,0.0,0.0,0.04075660048904769,0.0,0.0,0.041137736136850525,0.15633135485765184,0.020509636414003257,0.0,1.0000000000000002,0.0,0.0,0.0,0.0,0.0,0.04799002462703015,0.0,0.0,0.029093303272057325,0.0,0.0,0.3187116001450935,0.0,0.03165732216076205,0.0,0.02899597514037058,0.04230907642415087,0.0,0.0,0.0,0.0,0.0,0.028928868672146134,0.0,0.0,0.0,0.0,0.0,0.0,0.0,0.3189486696754692,0.037056875887469226,0.0,0.0,0.0,0.026744949334479594,0.0,0.0,0.0,0.0,0.05265822044209868,0.04904820419961863,0.03136654549501167,0.20293369446023174,0.0,0.05785369204435461,0.0,0.11938019453010146,0.0,0.06879073416206542,0.026455244423343342,0.03508632831281616,0.0,0.030937091415446007,0.0,0.0,0.0,0.0,0.03107877544890783,0.02225824415091166,0.030426445903036305,0.0,0.0,0.0,0.0,0.047647556036560526,0.0,0.0,0.02932435713530679,0.0,0.038324751210926454,0.024517763143988843,0.04185130768219469,0.0,0.030377332596540317,0.0,0.08536890793267406,0.03802118908656939,0.0,0.04842522889891189,0.03437779532683952,0.03936802670417018,0.11679296776082346,0.03447579607685821,0.0,0.035718622913068786,0.022618929028826753,0.0,0.0,0.03557240356287053,0.0,0.0,0.04565747483233908,0.034447455036127464,0.0,0.0,0.030543734933070586,0.0,0.0,0.0,0.0,0.0,0.023014544197347057,0.068983382658062,0.0,0.0,0.028202688021811223,0.0,0.02457262192415935,0.0,0.0,0.028820890310161246,0.030090946559575643,0.0,0.0,0.027933611088275294,0.03414884520009429,0.034201692363963886,0.21909488590789145,0.03665753858062648,0.0,0.17904108829493987,0.022658803638199377,0.0,0.03758447789227204,0.0,0.0,0.031012099866612512,0.03207552980650308,0.065639343717738,0.11127232716262958,0.19424135660198294,0.04020830646141641,0.056841435681902724,0.03263849964183542,0.04057018651155959,0.03139739325757094,0.1885960786469264,0.0,0.0,0.290836357740613,0.0,0.0,0.0,0.02815606512569509,0.02579842751238176,0.0,0.026443356592393184,0.025961830952039043,0.02306324952467387,0.0,0.0,0.0,0.030632317267428582,0.0,0.0,0.0,0.0,0.0,0.02778060019850663,0.027471576013730424,0.04641639455236401,0.029810017177024667,0.037551119869319936,0.027153908542396073,0.0,0.03702731930584112,0.0,0.026858114767154634,0.0,0.033924298400781,0.07266152278397373,0.0,0.02192960552654895,0.022824801510654615,0.0596200183716201,0.19573631062066876,0.03297670446606809,0.0,0.0,0.026295478624665768,0.10777294227434367,0.0,0.0,0.027976947369049206,0.10436425890546124,0.11198753986295346,0.03301855987047781,0.027898053273098154,0.0,0.030306411846601482,0.04827701135644151
crumble,0.026129519132230102,0.0,0.0,0.02945541044186571,0.022470463343957248,0.0,0.0,0.0,0.0,0.0,0.0,0.0,0.0,0.0,0.0,0.0,0.04298807785873857,0.02864759722440961,0.0,0.0,0.0,0.06134388290511552,0.0,0.0,0.0,0.0,0.04932427913913282,0.06808451201319109,0.04915247398421847,0.0,0.06846992573739892,0.0,0.03239990930492898,0.0,0.0,0.0,0.07131366540424386,0.04538772984904337,0.0,0.0,0.031130995075963574,0.06717244070437459,0.03293640661231386,0.0,0.0,0.0,0.021974524303176382,0.0,0.0,0.0,0.0,0.0,0.19177553509384537,0.0,0.0,0.03191509411643622,0.0,0.09583528771619462,0.0,0.048231986421391926,0.0,0.0,0.33209711417930576,0.11463274544689309,0.0,0.2972486612386575,0.020483895097927248,0.049722816820173675,0.0,0.0,0.0,0.0,0.0,0.622827663337042,0.0952505824871657,0.0,0.024019241071070514,0.0,0.0,1.0000000000000002,0.45225640492250996,0.0,0.0,0.05918203312863108,0.042812350615996815,0.026017643562124246,0.0,0.0,0.0,0.0,0.0,0.0,0.11821548694577033,0.0,0.0,0.06855109065059,0.0,0.0,0.0,0.06514698240270912,0.0,0.03387917057735839,0.34947024602896803,0.13190877697560502,0.0,0.18277232971960958,0.0,0.0,0.10129694542062037,0.0,0.033058786186457315,0.17877929261062692,0.22314194416130095,0.0,0.07671419482431881,0.1261400104974583,0.0,0.0,0.021540814521914555,0.0,0.0,0.0,0.0,0.0,0.0,0.0,0.09942944382948302,0.0,0.034188713176049955,0.0,0.0,0.0,0.0,0.0,0.0,0.0,0.02784059462544007,0.0,0.0,0.0,0.0,0.0,0.19133155783683095,0.0,0.0,0.038276205254034724,0.038417825316150504,0.0,0.0,0.0,0.05742647520331437,0.14360510992173092,0.04316088903913408,0.0,0.0,0.0,0.0,0.0,0.030097224958792648,0.07511536023639737,0.12660906918335624,0.0,0.04037528702955157,0.12408518409621794,0.060223553667411105,0.02648947539322958,0.0,0.0,0.27818515529425214,0.0,0.0,0.0,0.055813333980407,0.1742880379931218,0.04669197705087573,0.44245987551323945,0.0,0.036903721133131964,0.0,0.2194588558601932,0.030311634608841696,0.03880378146081373,0.0,0.41213924459924756,0.02681093949732123,0.0,0.0,0.033259129932350556,0.0,0.026617120781016666,0.0,0.025980665107139058,0.2398989690541834,0.033579125488532674,0.1390459384898763,0.0,0.0,0.0,0.03933067567552663,0.0,0.08291120561963426,0.0,0.031240902467481502,0.0,0.0,0.058822312924949875,0.0,0.0,0.029278736771734325,0.0,0.0,0.0,0.0,0.0,0.0,0.036770108569155274,0.0,0.09387263395900225,0.0,0.03126493142713349,0.35974347806902307,0.0,0.03829781712035026,0.0,0.0,0.0,0.0,0.0,0.0,0.0,0.0,0.43627820940296047,0.0,0.2718371246258787,0.1688118780854153,0.0,0.23045361128072928,0.0,0.032534410644713935,0.0,0.02717957909877793,0.0,0.0,0.0,0.0,0.08803211242400748,0.0606975555568124,0.031454069700928816,0.14779732703769377,0.0,0.03611247927000913,0.0,0.0,0.0,0.0,0.0,0.0,0.0,0.0,0.0355910225172695,0.0,0.0,0.0,0.0655287134033285,0.0,0.0,0.0,0.032671962264655185,0.0,0.0354924386492614,0.0653431041426965
snap,0.0,0.0,0.0,0.0,0.0,0.0,0.0,0.0,0.0,0.0,0.0,0.0,0.0,0.0,0.0,0.0,0.0,0.0,0.0,0.0,0.0,0.0,0.0,0.0,0.0,0.0,0.0,0.0,0.0,0.0,0.0,0.0,0.055115134461740246,0.0,0.0,0.0,0.0,0.0,0.0,0.0,0.0,0.0,0.05602776421500875,0.0,0.0,0.0,0.0,0.0,0.0,0.0,0.0,0.0,0.20270470300565557,0.0,0.0,0.054290420600618186,0.0,0.05176734864482093,0.0,0.0,0.0,0.0,0.0,0.0619211716381119,0.0,0.13534292048685015,0.0,0.0,0.0,0.0,0.0,0.0,0.0,0.5132170329356218,0.0,0.0,0.0,0.0,0.0,0.45225640492250996,1.0,0.0,0.0,0.0,0.0,0.0,0.0,0.0,0.0,0.0,0.0,0.0,0.0,0.0,0.0,0.0,0.0,0.0,0.0,0.0,0.0,0.0,0.2120347750664855,0.22438859045164578,0.0,0.3109120285978494,0.0,0.0,0.172315135665263,0.0,0.0,0.3041195164614398,0.20199576648009782,0.0,0.0,0.0,0.0,0.0,0.0,0.0,0.0,0.0,0.0,0.0,0.0,0.0,0.06206277549626843,0.0,0.0,0.0,0.0,0.0,0.0,0.0,0.0,0.0,0.047359333689322984,0.0,0.0,0.0,0.0,0.0,0.1912050236168097,0.0,0.0,0.0,0.06535214614644504,0.0,0.0,0.0,0.0,0.0,0.0,0.0,0.0,0.0,0.0,0.0,0.0,0.0,0.0,0.0,0.0,0.21107996142237456,0.0,0.0,0.0,0.0,0.14013429158861088,0.0,0.0,0.0,0.0,0.13311389089745418,0.0,0.12032430279138434,0.0,0.0,0.0,0.17542717950719328,0.051562793015821715,0.0,0.0,0.26848592459994003,0.0,0.0,0.0,0.0,0.0,0.0,0.0,0.0,0.3365844530972816,0.0,0.0,0.0,0.0,0.0,0.06690498599630257,0.0,0.0,0.0,0.0,0.0,0.0,0.0,0.0,0.0,0.0,0.0,0.18165182669821542,0.0,0.0,0.0,0.0,0.0,0.0,0.07268114346301638,0.0,0.0,0.22394138742192238,0.0,0.0,0.0,0.0,0.0,0.0,0.0,0.0,0.0,0.0,0.21418163724008296,0.0,0.3145945776384686,0.22402203326082476,0.0,0.2472375171495186,0.0,0.0,0.0,0.0,0.0,0.0,0.0,0.0,0.22013707026684795,0.05637634562583629,0.0,0.2514164307098558,0.20168880169589148,0.0,0.0,0.0,0.0,0.0,0.0,0.0,0.0,0.0,0.0,0.0,0.0,0.0,0.0,0.0,0.0,0.0,0.0,0.0,0.0,0.0
skim,0.2013630591784578,0.10153347704935292,0.05596550676317843,0.0,0.0,0.0,0.10264089302959323,0.0,0.0,0.0320327664251999,0.0294747095598808,0.0,0.0,0.0,0.0,0.05576258357010275,0.09585690604282583,0.0,0.06385722161616104,0.030395415860825618,0.0,0.0,0.0,0.0,0.0,0.10359903482158721,0.11074914871059521,0.03493404600386767,0.0,0.07288075517645518,0.27629734422086155,0.24528067233908604,0.039501324496163434,0.0,0.0,0.02919054797255034,0.034458437813403846,0.0,0.03905263376821796,0.03337875842858915,0.0,0.029517547654794175,0.029474604457471482,0.07216401756894548,0.06593122850898303,0.0673322171466559,0.10701183386044376,0.0,0.0,0.0455470985115698,0.0,0.0,0.0,0.0,0.0,0.0,0.0,0.0569658291445328,0.0,0.0,0.0,0.11324121206911897,0.0,0.028300970837493347,0.033679333988889816,0.0,0.0,0.02851747647096198,0.045039164681554174,0.03491578484354713,0.0,0.0,0.0,0.0,0.0,0.0,0.0,0.07591122685144827,0.0,0.0,0.0,1.0000000000000002,0.10437795142795056,0.030366199401083392,0.06277503207419295,0.14735666766293337,0.04449996485635779,0.0,0.11205688969741984,0.07081419629832567,0.05049405003390573,0.08610756829584444,0.0,0.10505696860544915,0.0,0.0,0.12440266594877489,0.0,0.07752042874134409,0.10296783820541677,0.0,0.11895580055179947,0.0,0.0,0.0,0.04926212149899353,0.34059836741203736,0.0,0.1940247047756695,0.047625831382815065,0.0,0.0,0.0,0.0,0.0,0.058613725433395165,0.0,0.0,0.10489974813718961,0.024466529733046406,0.11013878986267192,0.029147605503323005,0.0,0.22553953132203747,0.0,0.04684090296838265,0.0,0.04355573961955564,0.0,0.0,0.0,0.11265283784351031,0.0,0.21690115373854763,0.14783059239846544,0.0,0.2715824130494109,0.09254128009358395,0.027152530658324767,0.06770162409620936,0.03489607382652213,0.0,0.04019386591271361,0.03292923434403236,0.0,0.30058474878099795,0.0,0.0,0.0,0.13934886952222886,0.0,0.0,0.03226575308143001,0.0,0.0,0.0,0.0,0.0,0.04303759369756309,0.0,0.0,0.0,0.04205655682452849,0.0,0.14542672677694077,0.0,0.08089892233658946,0.0,0.0,0.0,0.08742306887634892,0.0,0.0,0.0,0.0,0.02838300241155951,0.2504419835554213,0.12034768630081798,0.1003397706499488,0.0,0.0,0.0,0.0,0.0,0.11968011710373759,0.4001644352049051,0.0,0.19179337669175142,0.12966707230395774,0.02864724430859318,0.0,0.038992862075294926,0.0,0.0,0.0,0.0,0.0,0.024239726213011802,0.0,0.0,0.059884381385933466,0.027641167753206172,0.0,0.0349256673747044,0.0,0.0,0.25244214020087263,0.0,0.06302373064670949,0.029634419491021174,0.03727247819206777,0.0,0.10006721921465744,0.0,0.12582684517385645,0.0,0.0,0.0,0.06787514530514586,0.0,0.0,0.057717595234383814,0.0,0.0,0.22420247505711538,0.15142848277142934,0.0787386901087563,0.0,0.040994613136902794,0.025113701958542387,0.09786865702842631,0.0,0.0,0.0,0.07820160638495635,0.11957896892486736,0.0,0.1317890072047746,0.0,0.0,0.0,0.0,0.15288765366723267,0.025232979965643453,0.0,0.0,0.0,0.0,0.037545194532562776,0.0,0.0,0.0,0.02675162885030175,0.0,0.03773934819859981,0.08103409683614023,0.11709862626475417,0.42585210145913294,0.0,0.033143943214661756,0.1314707530118509,0.13342853068532684,0.0,0.0,0.03912558330222058,0.0,0.1344335445556932,0.0,0.0,0.0,0.0
soak,0.0,0.0,0.15710346470666403,0.0,0.03350601436129445,0.0,0.0,0.0,0.0,0.0,0.0,0.0,0.04857918517005017,0.0,0.0,0.11588390255275575,0.1882670334205635,0.042716822938845836,0.0,0.08422229110524722,0.0,0.0,0.0,0.0,0.04520210644208193,0.0,0.1534367400181493,0.0,0.0,0.0,0.12306124157358284,0.1232287156782555,0.0,0.0,0.0,0.0,0.0,0.0,0.0,0.04624439951696057,0.0,0.04089490834206924,0.040835412948381215,0.2194190664470467,0.26176259348254327,0.0,0.0,0.0455221306371878,0.0,0.0,0.03890153212906896,0.0,0.0,0.0,0.0,0.0,0.08197396171453572,0.09865560462176118,0.05825981041337516,0.11910044223429782,0.0,0.0,0.0,0.0,0.09576409507717884,0.0,0.06428522830496226,0.0,0.0,0.0,0.0,0.0,0.09666115635025008,0.0,0.0,0.0,0.0685078165762891,0.30138555073897066,0.0,0.0,0.0,0.10437795142795056,1.0,0.0,0.0,0.19059346106693525,0.032231352613749945,0.0,0.37234693547037634,0.14973138443857567,0.0,0.6633062849329197,0.0,0.0,0.0,0.0,0.0,0.04270831933884741,0.16391121730471217,0.1846820666987764,0.0,0.050517693317569286,0.0,0.047968277552878656,0.0,0.09582439511283054,0.10345955816285704,0.0,0.07912321026848317,0.09079954479138158,0.0518746949084012,0.0,0.0,0.0,0.04670397462082765,0.12393439048961316,0.04245718358938468,0.0,0.0,0.03389700603122212,0.0695275245002309,0.0,0.0,0.05490340653333582,0.0,0.0,0.0,0.0932236645312451,0.09751324300022106,0.04619807084632346,0.061270296928445385,0.0,0.0,0.05280055408226107,0.06278012921688748,0.0,0.0,0.054272016808082545,0.0,0.28249740079100855,0.048346554982250434,0.04765264319252375,0.0,0.09921153956358848,0.0,0.13666310600727985,0.050124658063782176,0.039008328682479686,0.0,0.09868121725612086,0.0,0.0,0.13644710047920106,0.0,0.0,0.0,0.0,0.0,0.031172156261046406,0.0,0.0,0.0,0.0,0.0,0.0,0.07555343301946446,0.0,0.055321616544466115,0.0,0.0,0.0,0.0,0.0,0.0,0.050890950569793834,0.0,0.13363710857945194,0.30049238501010916,0.043925280946889335,0.04994576672943998,0.037581152399598,0.1339051058979705,0.0,0.0,0.0,0.0,0.05104795112874472,0.04291049859023643,0.3996172577385532,0.039689151820934084,0.0,0.054022425548795244,0.054232860442896255,0.0,0.0,0.13905441209971647,0.04403244023842604,0.03469927185568457,0.0,0.06527002718689555,0.0,0.0,0.0,0.0,0.0,0.0,0.0,0.0,0.08731584745163737,0.0,0.0,0.0,0.1752273391688789,0.07590855050884433,0.07187606577828544,0.1307204366889553,0.0,0.055745949882115196,0.0,0.062089287048703284,0.048056404431073806,0.0,0.0,0.11722543647110005,0.0,0.059131165543279164,0.22244647469106696,0.0930459829587929,0.0593848483047061,0.07566434765585843,0.06039374382288632,0.0,0.07124269889897386,0.0,0.06378117830390816,0.053231302436826305,0.0,0.36851446401387744,0.09279483187127993,0.06389164754138633,0.07752175075017187,0.0,0.0,0.16840477161921585,0.0,0.0,0.07859604328206685,0.0,0.0,0.0,0.10300021964160107,0.0,0.0,0.0293854379419766,0.038378435605254495,0.0,0.0766951258191167,0.1293560817524017,0.0,0.15539811544426543,0.0,0.05222363873773652,0.0,0.0,0.09277914955170603,0.0,0.07679247046162686,0.11615122557194316,0.0,0.10123173624154914,0.11227960829024224
sieve,0.05428320678721321,0.0,0.0,0.0,0.0,0.0,0.0,0.04571526469874304,0.0,0.07073242460846851,0.029392432243176225,0.0,0.041093446246774114,0.0,0.0,0.0,0.0,0.0,0.0,0.0,0.0,0.06694933653043891,0.0,0.0,0.0,0.020858916884019814,0.0,0.10914243699741318,0.08418333679086831,0.0,0.0,0.0,0.0,0.0,0.0,0.029109063880045943,0.10765652159679212,0.0,0.0,0.0,0.03926685182928639,0.0,0.0,0.0,0.0,0.0,0.0,0.0,0.0,0.0,0.0,0.04963701870773505,0.0,0.0,0.0,0.0,0.0,0.023594136216665427,0.0,0.0,0.0,0.0,0.09631091938292412,0.028221969959268824,0.0,0.0,0.0,0.02843787122706807,0.0,0.0,0.0,0.0,0.0,0.0671593085576707,0.0,0.0,0.030296493185913466,0.11655797982469801,0.0,0.05918203312863108,0.0,0.030366199401083392,0.0,1.0000000000000002,0.0,0.0,0.0,0.04297614285038192,0.0,0.09947129643223694,0.0,0.0,0.23335838506875548,0.15866309671397094,0.04283237135590374,0.0,0.0,0.0,0.0,0.0,0.05479366083625446,0.0,0.21609670699627817,0.0,0.0,0.0,0.07000741762723998,0.0,0.0,0.04749288603168136,0.0,0.0,0.06416193105713737,0.0,0.0,0.0,0.0,0.0,0.0,0.0,0.05064190099867346,0.06436162214073618,0.059379414657702044,0.027427079123749653,0.0,0.0,0.0,0.0,0.0,0.0,0.0,0.16892254746722477,0.0,0.026376596026199423,0.3925855217733495,0.0,0.07533405601109336,0.0,0.02707673559884277,0.0,0.0,0.03830464343998505,0.0,0.03283731387786258,0.0,0.0,0.0965855130357482,0.0,0.0,0.0,0.036217231209351865,0.08272174381020933,0.0,0.0,0.0531839087497,0.0,0.0,0.0,0.0,0.0,0.0,0.03840639198431268,0.04193915785106869,0.06704743454937706,0.04345103333464505,0.0,0.0,0.0444691973894916,0.0,0.1347024077203106,0.0,0.04972323598435358,0.0,0.06678867300414339,0.0,0.08867538710397567,0.04518571255223138,0.02662587508508104,0.029077025595431263,0.05572268564449147,0.0,0.0,0.0,0.0,0.024096726573136374,0.0,0.0,0.029892132654297368,0.10436640202474187,0.0,0.0,0.0,0.08058316421496824,0.0,0.0,0.0,0.0,0.0803939558172906,0.0,0.0,0.09048742831879693,0.06103521588618101,0.034095619542786094,0.03482817395615623,0.0,0.0,0.0,0.0,0.0,0.029551696351277745,0.037168433757419725,0.059395040367156315,0.0,0.0,0.03759492195976021,0.0,0.0,0.0,0.0,0.0,0.0,0.0,0.041797377755455375,0.0,0.0478129361685914,0.0,0.0,0.0,0.0,0.02504359819702883,0.0,0.0,0.0,0.03440562638138983,0.0,0.0,0.0,0.022094348051827577,0.0,0.0,0.0,0.0,0.10115012004110985,0.0,0.03529481619469305,0.09607627103221453,0.0,0.039674359632919286,0.08290456735561852,0.0,0.0,0.0,0.026676952890058347,0.02485733159746378,0.0,0.08080789382519245,0.0,0.08753067767415748,0.0,0.0,0.13110375835967394,0.0,0.0,0.041327080510815156,0.0,0.036826167155400893,0.040166457399150673,0.0,0.04019974308167424,0.0,0.0
stretch,0.041879661033270336,0.1999241436395527,0.0,0.29294259654268584,0.03601502895415659,0.31627010072963246,0.0,0.0,0.0,0.10911109940408727,0.0,0.12126347962604786,0.0,0.0,0.267744999115631,0.03951772392728721,0.0,0.3865524330026953,0.0,0.043081133467682345,0.0,0.0,0.0,0.0,0.14534036450276586,0.0,0.0,0.0,0.13432797435633625,0.10673222933842617,0.0389680536765156,0.0,0.057848802678956694,0.0,0.0,0.0,0.05302116108339769,0.0,0.0571917051837242,0.0,0.12763333580500602,0.0,0.0,0.0,0.0,0.0,0.03522015175737539,0.3630072390952397,0.0,0.0,0.0,0.06101290488967071,0.0,0.0,0.0,0.0,0.0,0.04877537153072921,0.0,0.0,0.0,0.0,0.203768650687929,0.0,0.0,0.20019253790866298,0.03283101303935265,0.1312596719706426,0.0,0.05113338283103499,0.0,0.1743228698276652,0.10928131562314695,0.0756921693033549,0.17595305142086437,0.0,0.03849736649351745,0.0,0.04799002462703015,0.042812350615996815,0.0,0.06277503207419295,0.0,0.0,1.0,0.04170035000461241,0.05397654379757217,0.08508081421646368,0.0,0.0,0.12647930664690446,0.0,0.18066887380902774,0.0,0.0,0.1809630718341672,0.06847517897893367,0.0,0.0,0.0,0.0,0.05430058519974835,0.0,0.0,0.06953026273834825,0.07214327070017233,0.062222691604924725,0.05858614869527637,0.0,0.07088813869578577,0.3287792130116003,0.0,0.0,0.0,0.07821325905405453,0.1402574868730579,0.0,0.0,0.0345250138738904,0.0,0.0,0.13416001731400096,0.0,0.0,0.0,0.06859745053321702,0.17278163179246242,0.06378640258081501,0.05479671140256736,0.0,0.0,0.10585231238844368,0.0,0.0,0.0,0.0,0.12083525808567241,0.07815662633986921,0.0,0.06559986185590816,0.0,0.0,0.05886301403171544,0.0,0.0,0.061348029160689835,0.0797664115431316,0.1254252324860055,0.0,0.0,0.09204154518418985,0.17900511754314027,0.0,0.0,0.0,0.08176422828638628,0.16262305286261988,0.0742207072672442,0.0,0.24213848032859636,0.1683837050238598,0.0,0.35122132955879176,0.15796278816517859,0.10445598052983925,0.042456588841286017,0.0,0.0,0.1521491832326359,0.0,0.0,0.0,0.22407595048699297,0.0,0.0,0.13064071745186875,0.0,0.0,0.0,0.0,0.0,0.06730401635113505,0.0,0.0,0.0,0.0,0.0,0.0,0.0,0.042661175291803195,0.13661501852564162,0.04164108197321555,0.0,0.0,0.15811296515946233,0.0,0.0,0.0,0.15679048913587346,0.0,0.28350894598160803,0.0,0.0,0.3836896041912255,0.0,0.0942787547686342,0.1920526677096575,0.1371924630616581,0.23196596334649844,0.0,0.0,0.0,0.0,0.0,0.1735255457343457,0.05893409959976339,0.0,0.0,0.09940162608836718,0.09780395645602113,0.0,0.0,0.0,0.0,0.11034423546212858,0.0,0.06649951648710213,0.0,0.0,0.0,0.0,0.0370946853343152,0.0,0.0,0.0,0.07284487912398036,0.0,0.0,0.05214524166413745,0.0,0.043562667721647796,0.0,0.0,0.0,0.0,0.0,0.04416635698498251,0.1289579029124064,0.05588372696303052,0.0,0.05788006978794736,0.0,0.0,0.0,0.05526842795828988,0.05933630755339155,0.0,0.07779738986929823,0.1500593563256597,0.0,0.0,0.07146593220745637,0.1114927197412454,0.1050275855208015,0.057298538138109034,0.0,0.0,0.05236570554594733,0.0,0.11191443889338717,0.0
drip,0.02545083550864594,0.04518152299168064,0.2907417076706319,0.028690340690995863,0.055070851309479085,0.0,0.045674313567032075,0.0,0.0,0.0,0.0,0.0,0.0,0.0,0.0,0.14888321713380154,0.10688446683757326,0.02790350947473266,0.0,0.08115418995589334,0.0,0.0,0.0,0.0,0.0,0.0,0.07804096983834746,0.0,0.0,0.0,0.3019609311336936,0.03210643218450105,0.0,0.0,0.03570435562086052,0.0,0.032221675532162215,0.0,0.0,0.08911956047611783,0.07629617488085996,0.07881032720123585,0.0786956710830634,0.0,0.07351608244042922,0.029962256838832992,0.06902310639769976,0.0,0.0,0.0,0.0,0.0,0.0,0.0,0.0,0.0,0.0,0.0416172598077107,0.0,0.0,0.0,0.022443418042807257,0.031025367569557847,0.04012364387382939,0.08992208169275226,0.030480876485809934,0.01995184993935289,0.0,0.0,0.0,0.0,0.0,0.0,0.0,0.09903377186453435,0.0,0.1217612015431843,0.12814424204000704,0.0,0.026017643562124246,0.0,0.14735666766293337,0.19059346106693525,0.0,0.04170035000461241,1.0000000000000002,0.1256640134000827,0.0,0.17627788917310439,0.23765339692763132,0.0,0.0960135467325578,0.02750824623601044,0.046749446393686986,0.05014829394701684,0.0,0.03455146968646454,0.0,0.2069755396123884,0.16197980526302735,0.0,0.16706251223461083,0.0,0.0,0.0,0.06155576361351785,0.31617452236580623,0.0,0.19385444150502457,0.0,0.032200122975443835,0.0,0.0,0.0,0.0,0.1830183459114147,0.0,0.0,0.06766080175962252,0.13140341252992144,0.07107567664672576,0.0,0.0,0.06760297800700629,0.0,0.04717636916786106,0.0,0.0,0.09594134871864704,0.0,0.0,0.05835213139574566,0.0,0.027513674870594,0.166605234427851,0.0,0.025082015744328567,0.1583404046280026,0.0,0.07549014770337163,0.09317071419583241,0.0,0.04048172721737686,0.0,0.0,0.413454520509066,0.04717369509331694,0.0,0.0,0.1901727949973347,0.05593488984028419,0.0,0.13042071047693138,0.0,0.0,0.0,0.0,0.0,0.0,0.0,0.0,0.0,0.03932658628745996,0.0,0.045324180677950195,0.13428360798680702,0.035999323826723,0.0,0.0,0.0,0.038902512858099855,0.0,0.0,0.0,0.0,0.0,0.4602493375707703,0.18517198215276484,0.0,0.0,0.0,0.1561816532172387,0.0,0.0,0.0,0.03578703833614874,0.0,0.0,0.0,0.10241243450778365,0.04984548621289182,0.02530584779233091,0.0,0.0,0.0,0.0,0.0,0.0,0.0,0.0,0.0,0.0,0.0,0.0,0.0,0.05729447231366729,0.029976657798625544,0.0,0.19678836059029142,0.0,0.0,0.0,0.07051379561341295,0.0,0.03921561594069115,0.03581504811063671,0.0,0.05246404751689196,0.0,0.03045286149026641,0.0,0.0,0.0,0.0,0.02493706123118417,0.0,0.0889902721959459,0.0,0.0,0.0,0.0,0.02254294116513087,0.0,0.0,0.03479904145458183,0.0,0.0,0.12224517825404457,0.09129899744828002,0.0,0.07627211538832132,0.0,0.047649478138019175,0.13551981878763325,0.0,0.06403843580463357,0.07732909053607784,0.07708796961873353,0.0,0.0,0.1830656869469387,0.0,0.0,0.0,0.0,0.0,0.0,0.2975485065798348,0.0,0.08849261598676285,0.0,0.0,0.0,0.06382668190262161,0.0,0.0,0.041898008692482246,0.03182334635147406,0.0,0.179922503081785,0.0
sweat,0.1468962458676953,0.07469959064107169,0.02069054245561271,0.0,0.017881964823832575,0.0,0.0,0.0,0.0,0.0,0.0,0.05613555082125871,0.025926428342512232,0.05811046865935966,0.0,0.02061552140810701,0.029600099416226697,0.02279771974492806,0.0,0.02247447324959055,0.0,0.0,0.0,0.05874689269233171,0.02412410108360073,0.06113514938240531,0.0,0.14886995893584537,0.030525574662806178,0.0,0.0457128958959847,0.0,0.0,0.0,0.0,0.06219714254551672,0.0,0.0,0.0,0.0,0.09501693707947843,0.0,0.0,0.14498052219762325,0.04810159555566765,0.0,0.0,0.024294896133646108,0.0,0.03367767862699466,0.020761521248817645,0.0,0.0,0.0,0.05227981337103557,0.0,0.0,0.018076036442010213,0.0,0.0,0.056774400627660156,0.037106189198023366,0.0,0.0486714779272458,0.0,0.0,0.0,0.0,0.0818583143135337,0.0,0.0,0.0,0.0,0.0382163906297244,0.0,0.0,0.0,0.0,0.0,0.0,0.0,0.04449996485635779,0.032231352613749945,0.0,0.05397654379757217,0.1256640134000827,1.0,0.04295664480377457,0.0,0.0,0.0,0.02658955611302336,0.0,0.0,0.0,0.11074306359778975,0.0,0.060407394747676486,0.0,0.02242897626318696,0.0,0.0,0.0,0.025600390503362616,0.08498545630686657,0.0,0.05448161433160423,0.0,0.0,0.0,0.0,0.0,0.0,0.0,0.0644149087265947,0.0,0.0,0.0,0.0,0.2800761137143726,0.07152219088635807,0.0,0.05454894275763409,0.0,0.0,0.0,0.0,0.0,0.0,0.02465564148856784,0.10995716346458304,0.02873441580903653,0.0,0.0,0.0,0.0534849262177567,0.0,0.0,0.0,0.1915443035066855,0.0,0.0,0.0,0.0,0.0,0.0,0.04027344401303295,0.020818517947702942,0.0,0.05036943402172644,0.0,0.0,0.02385740691381992,0.0,0.0,0.04128212622903387,0.0,0.10344157683881709,0.09485687372314217,0.0,0.0,0.0,0.0,0.0,0.05273901636430294,0.06981315199306865,0.0,0.0,0.0,0.0,0.0,0.0,0.0387446053616976,0.0,0.0,0.0,0.0,0.0,0.0,0.0,0.020056842273219272,0.12516234552774247,0.0,0.0,0.07062480697663957,0.0,0.02724399436381282,0.06670632989715182,0.0,0.0,0.042554423483813504,0.11532581618870288,0.02894376192520159,0.0,0.0,0.031825889454236256,0.023499857039416167,0.07016708322212341,0.0,0.034834233568375124,0.0,0.0,0.0,0.0,0.0,0.0,0.0,0.0,0.0,0.0,0.0,0.0,0.07399004019876716,0.0,0.0,0.0,0.0,0.0,0.0,0.0,0.0,0.04267658505036884,0.0,0.0,0.0,0.0,0.024644562320547556,0.024195792187633985,0.20882168736494844,0.0,0.0,0.0,0.0,0.0,0.0,0.051638278052196965,0.0,0.0,0.08574461070394966,0.0,0.0,0.0,0.0,0.37629510005948796,0.0,0.0,0.0,0.03965635958773299,0.0,0.0,0.0,0.0,0.048287408639786505,0.05942172153262139,0.07760689896458547,0.0,0.0,0.06811867634683122,0.03129606750173834,0.0,0.0,0.0,0.06974293341738627,0.0,0.021234701673278802,0.0,0.0,0.0,0.0,0.0,0.0
handle,0.0,0.0,0.024044266765490773,0.0,0.026426850492242415,0.0,0.0,0.20399288461916568,0.0,0.16239675954151114,0.06052066319757461,0.0,0.04802800749840486,0.030792254080041766,0.19917568595501,0.0,0.04515606082411858,0.0,0.05784215256451054,0.03321388618700663,0.104752773814788,0.0,0.0,0.031129489882437307,0.036802220172986344,0.04723359990423984,0.0,0.0,0.17597437794284046,0.0,0.0,0.0,0.0,0.12868842051219487,0.028433966993896987,0.034021248300929285,0.0,0.03827314908151075,0.032333933963994914,0.0,0.10775967617797,0.03225461605180513,0.0,0.0,0.09244307940780323,0.0,0.02667752714923165,0.0,0.0,0.05308462003886181,0.03167247863359878,0.10429466334624082,0.0,0.0,0.026988926240626782,0.0,0.0,0.0,0.04507404182030596,0.07165343777123112,0.061139342537130575,0.02514670872522466,0.0,0.0,0.03798986990803678,0.0,0.024090506055242232,0.0,0.02572952852213957,0.02800511231982619,0.06658513810785324,0.04414099729647014,0.0,0.0602387889707313,0.0,0.10088972034965484,0.05762179839386783,0.0,0.029093303272057325,0.0,0.0,0.0,0.0,0.04297614285038192,0.08508081421646368,0.0,0.04295664480377457,1.0,0.03607252904294489,0.0,0.03184675636889241,0.0,0.0,0.06360593234576545,0.2635811289105304,0.0,0.0,0.09731396586409201,0.0,0.0,0.05334550638344131,0.031331099712064804,0.0,0.0,0.05533490270821475,0.0,0.0,0.04587456331255648,0.0,0.04228315138259477,0.0,0.0,0.0,0.0,0.18403738230466693,0.0,0.1251336125385819,0.0,0.02615099450147703,0.08127967163388253,0.0521372543903232,0.0752227119677858,0.02890503112334101,0.031053378492188092,0.06265781820559153,0.0,0.0,0.034935012507507475,0.031617361443372315,0.028652067605149302,0.03799987007295342,0.07209678460183853,0.033506083729844476,0.029864004695558534,0.0,0.10675087709019236,0.0,0.03365953309664512,0.0547632655921612,0.05220693595145817,0.07749421317793914,0.11763346551570492,0.0,0.11423001226947145,0.049943748285805896,0.0,0.06348123030589686,0.0,0.03806219718711135,0.040171666436069633,0.1888373533338745,0.0,0.03525765383476367,0.07608923035930494,0.06215874796399167,0.0650711710131951,0.0,0.05906774192732483,0.0,0.037232501051907146,0.0,0.044887510069906766,0.03733863970895214,0.0,0.29558949805464757,0.024497187526196958,0.03907453224095535,0.09343631208640304,0.0,0.05711262983764269,0.0,0.058114083115843755,0.06107139025113103,0.0,0.0,0.0,0.024759089832818215,0.0,0.032921474327176695,0.030532725980653458,0.0,0.07848882302992653,0.031705905884766065,0.0,0.027282699966779022,0.07064217435231968,0.0,0.061549574314250684,0.0,0.0,0.13798636577213402,0.03055509545867999,0.0,0.03527259436822341,0.03025319670269238,0.036984539082448885,0.07057916146939949,0.027367996074732916,0.0,0.0,0.0,0.09486829341502104,0.039849290352284315,0.0,0.0,0.07141150490384542,0.0,0.0,0.0344338604604884,0.06084859691078788,0.0,0.2255115814635866,0.0,0.03534877558883376,0.042565573086847226,0.03400460868347148,0.0377572865693138,0.0,0.0,0.028913478911701443,0.0,0.06726919414627025,0.04885072817201984,0.030494123152556,0.0,0.035017942640418014,0.028639192617845765,0.028117681458082452,0.0,0.0,0.0,0.0,0.13949466184095982,0.0402116111632381,0.0,0.0,0.032433825706805454,0.025015574917615968,0.03008747990613512,0.029752794590356246,0.05027077631262138,0.0,0.10549982529658969,0.0,0.04125085267061557,0.04010203946754293,0.0,0.13796638825296215,0.09552691353873292,0.03674134608935118,0.07723773703025319,0.0,0.023750623129624813,0.24905944637668676,0.0,0.1512502588200716,0.03571506468196162,0.0,0.04933059283690323,0.02847903497723446,0.11672232464144836,0.0,0.0,0.1569110017546251,0.02467662860039835,0.12956764417987443,0.03576039572701255,0.03021468619384795,0.04698349100648045,0.03282303301390495,0.1187787669585924
submerge,0.0,0.0,0.14833384358085513,0.0,0.023789990345717642,0.0,0.0,0.0,0.0,0.0,0.0,0.0,0.0,0.027719815779868172,0.0,0.11701182089011179,0.2700359053578838,0.0,0.0,0.09368134951399315,0.21311779262703043,0.0,0.0,0.028023402334216577,0.0,0.04252065095858521,0.1468650036651527,0.0,0.0,0.0,0.14810352498264195,0.09332109177695051,0.0,0.0,0.09010003725680721,0.0,0.0,0.0,0.0,0.07004175654577165,0.0,0.18495816001303436,0.0618493067712463,0.1118704518179875,0.22712203676024734,0.0,0.0,0.0,0.0,0.0,0.0,0.04166341323774846,0.0,0.0,0.0,0.0,0.06207887149011558,0.0,0.04412014752056441,0.19005593442610963,0.02708248552660207,0.0,0.0,0.0,0.1078583789656577,0.0,0.07036996116021912,0.0,0.02316224687165238,0.025210773864822747,0.0,0.0,0.0732014822468817,0.0,0.0,0.0,0.0,0.26150145910175226,0.0,0.0,0.0,0.11205688969741984,0.37234693547037634,0.0,0.0,0.17627788917310439,0.0,0.03607252904294489,1.0,0.18768957031817382,0.0,0.4859163599568753,0.0,0.0,0.0,0.0,0.0,0.06115849905536048,0.20546411202703288,0.36484922056856595,0.04802271395231255,0.07651408632315403,0.0,0.0,0.0,0.0,0.11107093153865606,0.0,0.05991999775791708,0.06876248450812228,0.03928470030546981,0.0,0.0,0.0,0.0,0.15535281788690536,0.03215282009982801,0.0,0.0,0.15330827527582472,0.06503589253541711,0.0,0.026020899144557914,0.0695332285668605,0.0,0.0,0.0,0.10204748159493787,0.0,0.0,0.0,0.02412951601640095,0.10799725406987397,0.06687004008083854,0.09508676882934967,0.03160984364784072,0.0,0.08220038379189201,0.02759779977785731,0.10069730513042136,0.10755277387146532,0.03608734104147193,0.0,0.07513288715204816,0.0,0.14671721743969507,0.037959397610470166,0.0,0.0,0.14946254826292313,0.0,0.0,0.13507103282495472,0.0,0.0,0.0,0.0,0.0,0.0,0.0,0.0,0.0,0.0,0.0,0.0,0.0,0.035175691671947014,0.07922079551602075,0.10874760595544267,0.0,0.0,0.0,0.0,0.0,0.03853971083444481,0.0,0.1702922975808301,0.2854534987106614,0.06290119337131644,0.03782392322417665,0.0,0.0405350561597868,0.0,0.0,0.024560443515783834,0.0,0.0,0.0,0.3026301019191207,0.060113179939345535,0.035734766624295464,0.06841749721194132,0.0,0.0,0.0,0.17935473527130208,0.11004819086358471,0.02463722881357579,0.0,0.0,0.0,0.02809444993832537,0.0,0.0,0.0,0.0,0.0,0.0,0.16324662604216786,0.0,0.0,0.1754841904598224,0.13269964318304803,0.05748553630297341,0.0927501340092639,0.09899457121036631,0.0,0.04221640123820694,0.0,0.04702020972259386,0.03639310937956841,0.0,0.0,0.08877480914493516,0.0,0.15574301259463644,0.2814932827395321,0.12675971827638605,0.0,0.05730060151135234,0.045736175038653945,0.0,0.05395208743185783,0.0,0.04830147876962211,0.04031205902594863,0.0,0.4225231707296094,0.0,0.04838513711007051,0.0,0.0,0.0,0.05294871118286334,0.0,0.0,0.0,0.0,0.03816089094489945,0.0,0.0,0.0,0.0,0.020864292523907955,0.0,0.0,0.058081209692210575,0.13887262574438433,0.0,0.15245748536667728,0.0,0.039548955426065444,0.0,0.03468836924654938,0.11966811807891359,0.0,0.05815492877844535,0.08796130935832891,0.0,0.0,0.14488757283337278
spray,0.0,0.0,0.26338607813539516,0.0,0.04195944653313868,0.0,0.0,0.0,0.0,0.0,0.0,0.05300004138590451,0.0,0.0,0.0,0.12550328235923508,0.09009982239486913,0.0,0.0,0.06841010970038418,0.0933225619339022,0.0,0.0,0.0,0.0,0.14678177148014251,0.06578577533294724,0.0,0.0,0.0,0.11778797177627204,0.0,0.0,0.0,0.10817547301313897,0.0,0.0,0.0,0.0,0.07512463511661863,0.058131392460341526,0.06643431635864903,0.06633766530925454,0.0,0.12718677172772552,0.0,0.0,0.0,0.0,0.0,0.0,0.0,0.0,0.08405344752187692,0.0,0.0,0.0,0.0,0.04732191405861995,0.04269988285863484,0.0,0.0,0.10868553281402603,0.05073421742881596,0.11568558191098317,0.0,0.05221609935736742,0.07834215801287524,0.0,0.0,0.0,0.0,0.07851365977949058,0.0,0.0,0.0,0.0,0.201442505960499,0.0,0.0,0.0,0.07081419629832567,0.14973138443857567,0.09947129643223694,0.0,0.23765339692763132,0.0,0.0,0.18768957031817382,1.0,0.0,0.1235223074911152,0.19272928143315649,0.0,0.06340985521635542,0.0,0.0,0.034690113184389075,0.22037449097245287,0.1365432426016825,0.0,0.1530599410808623,0.0,0.0,0.0,0.0,0.07019112140498207,0.0,0.0,0.0,0.04213556200843595,0.0,0.08286810512155296,0.0,0.0,0.16662665720648354,0.03448612652070446,0.0,0.0,0.05506613203415972,0.0,0.0,0.0,0.049305253946124776,0.0,0.26006701238642416,0.0,0.07572153444846105,0.0,0.0,0.0,0.04255828280917898,0.0,0.0,0.1019871454545124,0.0,0.0,0.47327799073417576,0.12257949274891834,0.06363552255887969,0.07853961431275645,0.03870617274279678,0.05118699480532498,0.1629992905075689,0.0,0.09271774242684448,0.2926342600372882,0.0,0.0,0.1603089350638215,0.0,0.0,0.16681068075785316,0.0,0.0,0.0,0.0,0.0,0.0,0.0,0.0,0.0,0.0,0.0,0.0,0.0,0.0,0.04493534677037218,0.0,0.0,0.0,0.0,0.0,0.0,0.04133650920141644,0.0,0.14820532764921984,0.44302407831733354,0.16731363361735357,0.0,0.0,0.0,0.0,0.08301981654763281,0.0,0.0,0.16098787641734058,0.0603027773561653,0.05505880081353418,0.0644755490346936,0.06302697091326134,0.0,0.0,0.0,0.0,0.0,0.0,0.0,0.0,0.0,0.0,0.05560614553744454,0.0,0.0,0.0,0.2007093142973563,0.0,0.0,0.1418457423649064,0.0,0.0,0.0,0.05944063388379302,0.0,0.0,0.04686588252012876,0.0,0.3344961692677752,0.5080927720148151,0.0,0.0,0.0,0.0,0.04202765591349631,0.0,0.062393844131254976,0.0750156496725603,0.038752392895302294,0.0,0.061458863866300055,0.04905521550081829,0.0,0.0,0.0,0.0,0.18540910218342968,0.0,0.15726954176229732,0.0,0.0,0.0,0.0,0.0,0.05679116006904263,0.0,0.08097320213812062,0.0,0.05873467474450895,0.0,0.0,0.0,0.0,0.0,0.0,0.0,0.0,0.0,0.08776036356605374,0.0,0.11384656118430321,0.0,0.042418993928071934,0.06584736950859356,0.06865720855950726,0.0,0.0,0.0,0.041642529891300406,0.0,0.0,0.0
flip,0.06625507790337525,0.05116594517628007,0.02430186031642717,0.0361425798712502,0.0,0.032636889417224285,0.0,0.0,0.0,0.0,0.3483395255404505,0.06310091913146426,0.0,0.033194479072485676,0.039380233712572224,0.1135858235337589,0.0,0.03515137135318925,0.03020272432990285,0.07045799595339601,0.0,0.0,0.11135837936308905,0.0,0.037196493563360994,0.0,0.0,0.0,0.05941716357527002,0.08585168896568945,0.06938775127694244,0.0,0.2407664972552368,0.0,0.030652212724447025,0.15954529746432278,0.0,0.0,0.07976984033434537,0.0,0.0,0.0,0.07815774991889059,0.030479905425509154,0.1132172583458505,0.0,0.0,0.037459839209180126,0.03310048310307754,0.0,0.0,0.049891936865366186,0.0,0.0,0.06427796194944817,0.0,0.0,0.03923321054753352,0.0,0.03131379096214151,0.032431276101646735,0.05911543668366693,0.03908412372982239,0.0,0.0,0.03839820254486696,0.0,0.033592867062693856,0.0,0.04112991273380136,0.0,0.04461389324070375,0.0,0.0,0.04503110038990825,0.17112689213782906,0.022450712728748778,0.0,0.3187116001450935,0.0,0.0,0.05049405003390573,0.0,0.0,0.12647930664690446,0.0,0.0,0.03184675636889241,0.0,0.0,1.0000000000000002,0.0,0.034653439546469,0.0,0.03174021689248155,0.046313298853447815,0.055079049730415906,0.0,0.0,0.0,0.0,0.0316667593230768,0.0,0.0,0.0,0.05802953499153494,0.05004976659239322,0.0,0.0,0.3491346610713938,0.040564018707149804,0.0,0.0,0.0,0.029276149139503067,0.0,0.0,0.0,0.0,0.05764190822736913,0.05369023224589243,0.034335143148658265,0.031160026421553504,0.0,0.06332909049028732,0.15604809825670948,0.16070419024211527,0.051307561254478815,0.07530123791067271,0.028959025929479368,0.038406974251370816,0.03936590337864311,0.03386504460688525,0.0,0.0,0.0,0.0,0.09688660681229044,0.024364812480892336,0.03330607049959646,0.0,0.0,0.04734735893326338,0.0,0.052157023713663285,0.0,0.0,0.032099677669103245,0.0,0.041951888491295414,0.02683817723464742,0.04581220588844322,0.0,0.03325230900363218,0.0,0.19683963391869871,0.04161959659144408,0.0,0.05300829721637998,0.03763138417235102,0.04309390183190084,0.0,0.03773865992514639,0.0,0.03909911057907864,0.02475963335514961,0.0,0.0,0.03893905271357478,0.0,0.0,0.04997859692339835,0.03770763662707147,0.0,0.0,0.033434460016913074,0.0,0.0,0.0,0.0,0.0,0.025192690398204775,0.07551211907667388,0.0,0.0,0.030871851366604502,0.0,0.026898227968331648,0.0,0.0,0.03154856165555557,0.03293881877320426,0.0,0.0,0.030577308410561492,0.037380765710813675,0.03743861444448285,0.05900616243274126,0.040126887254557236,0.0,0.1206552157188847,0.02480328178372851,0.0,0.041141554105917404,0.0,0.0,0.08173342104484861,0.03511122726761493,0.07185159306404769,0.026591888725387022,0.045365733159382325,0.04401370748134852,0.062221031998049035,0.035727477784828786,0.04440983664151649,0.03436891041013298,0.20644521911562266,0.0,0.07995520695593576,0.06758614854419108,0.0,0.0,0.0,0.030820815978840586,0.02824004644658055,0.0,0.08243590862118157,0.028418914740907332,0.02524600530296961,0.0,0.0,0.0,0.033531425974834966,0.0,0.0,0.16571031090335656,0.0,0.0,0.03040981623950472,0.03007154533803182,0.05080934244587037,0.032631301626756426,0.04110503900758122,0.029723813130681412,0.0,0.04053166482676003,0.0,0.029400024793294628,0.0,0.03713496731713271,0.07953836633313655,0.0,0.024005070786880595,0.02498499005358021,0.10971858481432084,0.08408527078666234,0.036097691044540234,0.06257751158015826,0.0,0.028784139550336128,0.11797280644533081,0.05748470749227267,0.0,0.030624746130604317,0.07102994583421637,0.0,0.03614350773487934,0.030538385326910007,0.0,0.03317467616064833,0.05284605204536898
immerse,0.0,0.0,0.12960397413126806,0.0,0.02764110025600792,0.0,0.0,0.0,0.0,0.0,0.0,0.0,0.04007585364112086,0.0,0.0,0.19230345188169956,0.2941617367914745,0.035239643030618,0.0,0.1749039393179808,0.0,0.0,0.0,0.0,0.03728990092571722,0.0,0.12657907526882697,0.0,0.0,0.0,0.10152052342858245,0.10165868275925144,0.0,0.0,0.0,0.0,0.0,0.0,0.0,0.038149750356574745,0.0,0.033736637525864185,0.033687556243800355,0.14162529348528002,0.21594350231288134,0.0,0.0,0.03755390788177846,0.0,0.0,0.15486419156788112,0.0,0.0,0.0,0.0,0.0,0.0,0.02794108703641722,0.04806197607293999,0.12219524207455815,0.0,0.0,0.0,0.0,0.07900148684983468,0.0,0.05303270097712607,0.0,0.0,0.0,0.0,0.0,0.07974152594602117,0.0,0.08635189845599216,0.0,0.0,0.24863083188167684,0.0,0.0,0.0,0.08610756829584444,0.6633062849329197,0.0,0.0,0.0960135467325578,0.02658955611302336,0.0,0.4859163599568753,0.1235223074911152,0.0,1.0000000000000002,0.0,0.0,0.0,0.0,0.0,0.035232627906182166,0.13522009337635865,0.36277630607939304,0.0,0.041675044087196765,0.0,0.03957187968255588,0.0,0.0,0.0853499311731129,0.0,0.0,0.0,0.04279451525482919,0.0,0.0,0.0,0.03852888114139974,0.10224083580194247,0.03502545111833998,0.0,0.0,0.027963652494874605,0.0,0.0,0.0,0.04529307926690884,0.0,0.0,0.0,0.0769057348855337,0.0,0.03811153108596859,0.050545505109999736,0.0,0.0,0.043558311448899004,0.05179105539254232,0.0,0.0,0.044772208401512824,0.0,0.23304887573695438,0.03988394318963564,0.0393114941617734,0.0,0.08184548845648203,0.0,0.11274150884410719,0.04135080597469166,0.09373481345536923,0.0,0.08140799410365791,0.0675609217108102,0.0,0.1125633130613114,0.08370749718419081,0.0,0.0,0.0,0.0,0.0257157621648629,0.0,0.0,0.0,0.0,0.0,0.0,0.0,0.0,0.045638085531189344,0.1184634487675695,0.0,0.0,0.0,0.0,0.0,0.04198296615213622,0.0,0.11024518393434307,0.24789400645115922,0.036236571778851714,0.0,0.031002923535232117,0.12972835457939763,0.0,0.0,0.0,0.0,0.042112485233200776,0.03539941757257066,0.3296679982905484,0.03274193739454887,0.0,0.044566305755301544,0.04473990599144088,0.06836356735133788,0.0,0.14329520566920065,0.03632497383971129,0.02862548919818457,0.0,0.05384512003520919,0.0,0.0,0.0,0.0,0.0,0.0,0.0,0.0,0.07203202587225778,0.0,0.0,0.0,0.14455543405829796,0.0,0.0,0.04759881270925358,0.0,0.04598814329101272,0.0,0.0,0.0,0.0,0.0,0.04268492162878337,0.0,0.0,0.2991127963476101,0.07675915480874995,0.04899008661484941,0.06242001202557299,0.04982238441861539,0.0,0.0,0.0,0.0,0.04391366133698961,0.0,0.3040094573994889,0.0,0.0,0.0,0.0,0.0,0.13892709308016393,0.0,0.0,0.0,0.0,0.0,0.0,0.0,0.0,0.06042901848047963,0.02424179215893748,0.03166064978050706,0.0,0.0,0.10671351077115569,0.0,0.07774562272782876,0.0,0.12139141572730959,0.0,0.0,0.0328236032024427,0.0,0.0,0.11916939064003702,0.0,0.0,0.0
powdered,0.027626531380586176,0.13188288758132816,0.0,0.12430235096986506,0.02375784099074478,0.08412328167078262,0.0,0.0,0.0,0.0,0.0,0.07999322923236371,0.0,0.0,0.10150460267563421,0.026068444997662123,0.04545095054928256,0.12089336496125033,0.06978105176161638,0.028419100257536346,0.0,0.12722169239361947,0.0,0.0,0.0958758987474056,0.0,0.10410879011567821,0.07198520945394016,0.10069688407507366,0.0,0.025705846971382666,0.06115520738050966,0.0,0.0,0.0,0.0,0.14367297085823857,0.0,0.0,0.0,0.032914551853123926,0.0,0.08021865154952415,0.0,0.0,0.0,0.02323348861350985,0.0965546858602585,0.0,0.0,0.0,0.040248055737990375,0.0,0.0,0.06023072192482743,0.0,0.0,0.0,0.0,0.0,0.0,0.0,0.4820529105002507,0.0,0.0,0.17029922898492988,0.02165745828906206,0.08658736382373332,0.0,0.0,0.0,0.11499463259317985,0.0,0.09959851826266125,0.16091474446746437,0.0,0.02539535128181135,0.0,0.03165732216076205,0.11821548694577033,0.0,0.0,0.0,0.23335838506875548,0.18066887380902774,0.02750824623601044,0.0,0.0,0.0,0.19272928143315649,0.034653439546469,0.0,1.0000000000000002,0.0,0.0,0.11937493903740641,0.0,0.0,0.0,0.06887938291520065,0.0,0.035820175808330725,0.1418190229937591,0.0,0.11493225133747166,0.0,0.0,0.03864721049465838,0.0,0.04676239825901815,0.13950866009139412,0.0,0.03538652264841659,0.0,0.0,0.028790055164498007,0.0,0.0,0.022774930734145066,0.0,0.0,0.08850061908096123,0.0,0.0,0.0,0.0,0.2367313466874279,0.0,0.036147452719670146,0.0,0.0,0.0,0.0,0.0,0.0,0.0,0.0,0.0,0.0,0.0,0.0,0.0,0.0,0.0,0.0,0.04046912536848119,0.2971325154158535,0.08273859042075836,0.0,0.0,0.06071655246513579,0.198221550596273,0.0,0.0,0.0,0.0,0.10727667708548937,0.0,0.0,0.2230254913696556,0.2989586395531848,0.0,0.04268846772408555,0.0,0.0,0.028007110253462347,0.0,0.0,0.13914533873158985,0.0,0.0,0.0,0.09719339660612893,0.10153797121302277,0.0,0.1779612601834219,0.0,0.0,0.0,0.03073211864264875,0.0,0.0,0.0,0.07090261359834373,0.028346991677015435,0.0,0.0,0.03516461179852776,0.0,0.02814206870001628,0.034520812557325815,0.02746914921161117,0.04444314437847392,0.035502940538133576,0.18618276815307855,0.0,0.0,0.0,0.10342914105366187,0.0,0.21683003191970118,0.0,0.03303075605823626,0.24382880199567888,0.0,0.06219236051287762,0.08750055174651872,0.09050101630339866,0.1530197429374828,0.0,0.0,0.0,0.0,0.0,0.11446866608482895,0.03887674140165586,0.0,0.0,0.0,0.06451781140327814,0.10045243510087784,0.0,0.040491975421707876,0.0,0.07279018999794509,0.0,0.0,0.0,0.0,0.0,0.0,0.12054459762210412,0.0,0.03333108086240811,0.039245182668269304,0.0,0.0326456334193061,0.0,0.0343983718979506,0.0,0.028736751376236547,0.0,0.0,0.0,0.0,0.09307564766399759,0.02913498383481328,0.03325613606750252,0.03686451844444915,0.0,0.03818143520877441,0.0,0.0,0.0,0.0,0.0391420637652634,0.0,0.0,0.0,0.037630103158985156,0.0,0.0,0.0,0.06928298404594424,0.0,0.0,0.0,0.03454380412444995,0.0,0.0738259976739697,0.0690867408607012
sift,0.0,0.07492649948790858,0.0,0.0,0.0,0.0,0.07574371569371276,0.06765991177291447,0.0,0.0574089528022948,0.0,0.0,0.06081948700995244,0.0,0.0,0.0,0.0,0.0,0.0,0.0,0.0,0.0,0.0,0.0,0.0,0.0,0.0,0.0,0.04519923857385282,0.0,0.0873726448921932,0.053243503435542475,0.0,0.0,0.0,0.0,0.17402679824858525,0.0,0.0,0.0,0.05811607452953613,0.0,0.0,0.0,0.0,0.04968772349937773,0.07896924588771184,0.0,0.0,0.0,0.0,0.07346422094605524,0.0,0.0,0.0,0.0,0.0,0.0,0.0,0.0,0.0,0.037218903639015304,0.0,0.0,0.0,0.0,0.0,0.0,0.0,0.0,0.0,0.0,0.0,0.0,0.0,0.0,0.044839684720101185,0.0,0.0,0.0,0.0,0.10505696860544915,0.0,0.15866309671397094,0.0,0.046749446393686986,0.0,0.06360593234576545,0.0,0.0,0.0,0.0,0.0,1.0,0.0633931463825657,0.0,0.2110146527882293,0.0,0.0,0.0,0.08109620019323459,0.060875323508332344,0.0,0.0,0.0,0.0,0.20774560039046597,0.0,0.14318028265642324,0.0,0.0,0.0,0.0,0.0,0.0,0.0,0.0,0.0,0.0774106349304125,0.0,0.043801041192761896,0.052238182816573143,0.08788324826166631,0.047444294104518975,0.0,0.0,0.0,0.0,0.0,0.0,0.0,0.1224472499613506,0.0,0.045627132721524966,0.07565192361314295,0.0,0.04159460583409704,0.0,0.12565504784251771,0.0,0.0,0.05669197832980271,0.0,0.0,0.0,0.06877607502787848,0.0,0.0,0.0,0.0,0.05360254795487092,0.0,0.0,0.0,0.07871372062387677,0.0,0.0,0.0,0.0,0.0,0.0,0.05684256911337569,0.0,0.0,0.07516307498048748,0.0,0.05969925623721617,0.06581569617528754,0.0,0.07232365091618881,0.06451374182932011,0.07359182500495663,0.0,0.0,0.0,0.0,0.07329040064420216,0.0,0.0,0.0,0.0,0.0,0.0,0.0,0.0,0.059347213905581356,0.0,0.0,0.1544652885548033,0.0,0.0,0.0,0.0,0.0,0.0,0.0,0.0,0.08321002607459074,0.0,0.0,0.21484949366274342,0.1774546899235544,0.050462501427257285,0.0,0.0,0.0,0.04971160524206977,0.0,0.0,0.0,0.0,0.08790637476284775,0.0,0.0,0.06503297439174965,0.0,0.0,0.0,0.0,0.0,0.0,0.0,0.061861325968676835,0.0,0.04135422141286176,0.0,0.0,0.0,0.0,0.0,0.0,0.0,0.0,0.0509213204997739,0.05770877538162082,0.0,0.0,0.0,0.0,0.0,0.1591777504003761,0.0,0.16111625447507305,0.0,0.05223734709863388,0.0,0.0,0.05871919784561601,0.0672882969975773,0.0,0.0,0.0,0.0,0.0367895685145343,0.0,0.0,0.0,0.25974552129354267,0.0,0.0,0.0,0.0,0.0,0.06116527246687404,0.0,0.05450379073792247,0.06948130383784762,0.0,0.05949678052011133,0.0,0.0
shake,0.0,0.0,0.023963829575523742,0.0,0.04331120142405515,0.0,0.0,0.05325101974369271,0.0,0.1782167058379731,0.026080685186112788,0.0,0.04786733560100136,0.11326430746572339,0.07674830259930353,0.0,0.0,0.0,0.0,0.0,0.0,0.0,0.0,0.0,0.0,0.0,0.0,0.0,0.03557358386416997,0.0,0.0,0.0,0.0,0.0,0.04660068259436049,0.0,0.0,0.0,0.0,0.0,0.1057437819904332,0.0,0.0,0.0,0.0611789871501636,0.0,0.0,0.0,0.0,0.052907031855032385,0.0,0.05781924004251297,0.0,0.0,0.02689863804809436,0.0,0.0,0.0,0.0,0.030878226613503038,0.0,0.0,0.0,0.05236865811411095,0.0,0.0,0.0,0.0,0.0,0.0,0.06636238557165823,0.0,0.0,0.0,0.0,0.10055220597749134,0.05742903162793335,0.05677547385478516,0.02899597514037058,0.0,0.0,0.0,0.0,0.04283237135590374,0.0,0.05014829394701684,0.0,0.2635811289105304,0.0,0.06340985521635542,0.03174021689248155,0.0,0.0,0.0633931463825657,1.0,0.0,0.0,0.06508612113535969,0.0,0.060962282539412396,0.0,0.031226285302709125,0.0,0.0,0.0,0.0,0.0,0.0,0.0,0.04214169820736017,0.0,0.0,0.0,0.07767656475077464,0.30796335383304274,0.0,0.0,0.0,0.0,0.05436196651561157,0.02246795138022859,0.041113510669009576,0.0,0.0508936595061675,0.06244820404371755,0.06157374828132754,0.0,0.0,0.03151158937997436,0.09557060646643943,0.03787274609792884,0.0439293296577326,0.03339399317419081,0.0,0.0,0.0713977737512176,0.0,0.10370108797698,0.024025906096457154,0.0,0.0,0.18292601316458376,0.05283602205178228,0.07559761636637041,0.0,0.0,0.0615702581273422,0.0,0.0,0.0,0.2623985069445397,0.0,0.05778408393483457,0.03278978051803926,0.06195080338132431,0.0,0.07336666403879577,0.0,0.0,0.0,0.0,0.044737344327284816,0.03721372780023508,0.0,0.03855525504104079,0.02441523514453686,0.0,0.05179954931419429,0.0,0.05692156643360656,0.0,0.057919669470838854,0.0,0.0,0.0,0.0,0.0,0.049406946125023755,0.0,0.0,0.0,0.02484226850910769,0.03159983760663541,0.0,0.0,0.030442434249781568,0.0,0.026524082622636513,0.0,0.0,0.09616716355322012,0.0,0.0,0.0,0.0,0.2211982207514849,0.0,0.0,0.0,0.0,0.0,0.0634469146367129,0.28124787853259836,0.0,0.0,0.0,0.0,0.061893767020857374,0.0,0.02622200445600095,0.0,0.11258727638397975,0.0,0.035230520530159154,0.0,0.033890850372806224,0.037630974128097065,0.06847513093113217,0.0,0.02881675236068986,0.0,0.06704415318323124,0.12036283709723797,0.030392108747175146,0.0,0.0,0.028543383658497068,0.09378813097928594,0.0,0.0,0.0,0.0,0.2751302763261224,0.04007708807556964,0.0,0.0,0.0,0.0,0.029986825876613516,0.029653260210129297,0.050102601503071685,0.0,0.10514688837521721,0.0,0.16216230164820572,0.12354969722662276,0.0,0.4168837150953254,0.05295854425532753,0.03661843235428668,0.033284716286032495,0.0,0.023671168288970035,0.1342910043123661,0.0,0.1507442693499026,0.0355955842473729,0.0,0.0,0.028383761805925722,0.11633184420417202,0.0,0.0,0.0783382485616938,0.024594075920300617,0.19228492718360707,0.03564076364288851,0.030113606611057053,0.04682631341282528,0.03271322752191037,0.05211098115391783
wilt,0.0,0.2958762022736564,0.0,0.12450476273789424,0.0,0.11242828231602503,0.12092328558099741,0.0,0.0,0.0,0.0,0.10690858916682375,0.0,0.0,0.13565790467677064,0.03483970710042869,0.0,0.12109022559625744,0.0,0.0379812884550298,0.0,0.0,0.04281430179072794,0.03870647293560122,0.12813530805729048,0.0,0.10941109856012204,0.0,0.06512402365716374,0.07268419235006517,0.06239560644581256,0.0,0.0,0.0,0.0,0.04097973363830387,0.04837516597883773,0.0,0.07789461395435189,0.0,0.0,0.11877929603528747,0.0,0.0,0.0,0.0,0.0,0.1290424869932593,0.03817873646598139,0.0,0.0,0.05379033821921745,0.0,0.0,0.0,0.03880530470023051,0.0,0.03321581970375895,0.0,0.0,0.11222058055930276,0.05941921481580886,0.21638326244808737,0.0,0.0,0.21258576490640238,0.0,0.18598176129670205,0.03199214966737515,0.06964323065746002,0.0,0.2579877935455638,0.0,0.0,0.15512413584874196,0.0,0.0,0.0,0.04230907642415087,0.06855109065059,0.0,0.0,0.0,0.0,0.1809630718341672,0.0,0.11074306359778975,0.0,0.0,0.0,0.046313298853447815,0.0,0.11937493903740641,0.0,0.0,1.0,0.0,0.0,0.0,0.0,0.09949487159271818,0.0,0.07801295719802667,0.0,0.0,0.0,0.0,0.051650855814501594,0.0,0.0624965646705777,0.13973583354647484,0.0,0.0,0.0,0.0,0.13976376297556614,0.0,0.0,0.0,0.06648529016195537,0.0,0.11827846452919688,0.07188115250867139,0.0,0.0,0.0,0.15232814154630242,0.043438267740121925,0.0,0.0,0.0,0.0,0.0,0.0,0.12077674141068365,0.04366013601995188,0.11859796722566368,0.0,0.0,0.0,0.0,0.0,0.0,0.0,0.060158918436714635,0.0,0.0,0.11057768334168275,0.045847191984834286,0.18984344261954822,0.08236714449632519,0.2536322584231537,0.0,0.0,0.0,0.0,0.14337211171210656,0.04346430900050901,0.06114079373501419,0.2134746866472763,0.14845083118426894,0.0,0.0,0.0,0.0,0.0,0.0,0.0,0.13413811456216573,0.0,0.0,0.0,0.20876255251302767,0.0,0.0,0.18510476495932082,0.1170066185197754,0.0,0.0,0.0,0.0,0.0,0.0,0.0,0.0,0.0,0.0,0.0,0.0,0.03892297704207542,0.04613604679810754,0.037992269705754325,0.0,0.0,0.13939591776772922,0.0,0.0,0.06805884730966558,0.13822999339936343,0.0,0.17263012462788396,0.0,0.0,0.2333871199294231,0.0,0.0,0.11694190406247906,0.12095193635770377,0.24876462460725202,0.0,0.0,0.0,0.03588346997681801,0.0,0.1529839926750473,0.0,0.0,0.0,0.0,0.042047565981899765,0.06210250482543196,0.0,0.0,0.0,0.09728193989094455,0.0,0.0,0.0,0.05823846016260891,0.0,0.0,0.05939597103219103,0.0,0.0,0.0,0.0,0.0,0.0,0.0,0.0,0.0,0.037637573490099684,0.0,0.06856804021539205,0.0,0.0,0.0,0.0,0.04926834052119882,0.0,0.0,0.03487069215367754,0.24280534079729685,0.05763634010357486,0.07527512680108132,0.05231221260072779,0.0,0.0,0.03629934140498411,0.0,0.0,0.0,0.0,0.09582451191390932,0.0,0.0,0.0,0.0,0.0,0.04851404728272963,0.0
scrape,0.0,0.0553764990919543,0.0,0.0,0.0,0.0,0.523677551717688,0.0,0.24473460467070596,0.0,0.0,0.0,0.0,0.0,0.058090614828957284,0.0,0.0,0.0,0.0,0.0,0.0,0.05469347080004962,0.0,0.0,0.0,0.0,0.049156367040532764,0.0,0.08764751343713426,0.12448135751443107,0.10858185915754048,0.09298504223045893,0.04308815424551104,0.0,0.0,0.0,0.0,0.0,0.042598721155840256,0.0,0.0,0.09070849426372828,0.04956874959746167,0.0,0.0,0.24017935123589007,0.058364402488853745,0.0,0.0,0.0,0.0,0.0,0.0,0.0,0.0,0.0,0.0,0.03632989162388781,0.0,0.0,0.0,0.027507658807710243,0.0,0.0,0.0,0.0,0.0,0.0,0.0,0.0380862348827811,0.05022953796777433,0.0,0.0,0.0,0.0,0.0,0.0,0.0,0.0,0.0,0.0,0.12440266594877489,0.0,0.0,0.06847517897893367,0.03455146968646454,0.0,0.0,0.0,0.0,0.055079049730415906,0.0,0.0,0.2110146527882293,0.0,0.0,1.0,0.0,0.0,0.0,0.0,0.04499158935785599,0.055021377545452985,0.0,0.0,0.05373525867001998,0.12330808065557816,0.0,0.10582134287200634,0.0,0.0,0.0,0.0,0.0,0.0,0.0,0.0,0.0,0.05721246800837632,0.0,0.03237236938086318,0.0,0.0,0.41535106499063734,0.0,0.05109418678598267,0.0,0.04751072149965522,0.0,0.05607830165846237,0.0,0.6200503421475799,0.0,0.39944272595994795,0.05591264382962225,0.0,0.030741642382129196,0.05821425189610839,0.09286883399475472,0.0,0.0,0.0,0.0438435803421883,0.0,0.0,0.0508308580056394,0.0,0.0,0.0,0.0,0.0,0.0,0.0,0.0,0.0,0.0,0.0,0.0,0.0,0.0,0.0,0.0,0.0,0.054773610819538784,0.05555134674451397,0.0,0.044122384355404866,0.0,0.0,0.07012273177059988,0.4022661755340514,0.0,0.0,0.0,0.0,0.0,0.054167295048630784,0.0,0.0,0.0,0.0,0.0,0.0,0.0,0.0,0.043862197745976376,0.0,0.0,0.0,0.0,0.0,0.0,0.0,0.0,0.0,0.0,0.0,0.0,0.0,0.0,0.06532204919621679,0.09454010205515216,0.0,0.060688775756771625,0.0,0.0,0.08099074540588838,0.0,0.0,0.0,0.0,0.0,0.0,0.0,0.04806441608730138,0.0,0.0,0.0,0.07403839662714734,0.0,0.0,0.0,0.0,0.0,0.030563979635634498,0.0,0.04953155970314436,0.0,0.0,0.0,0.0,0.0,0.06493261981374253,0.0,0.04265126449733361,0.054257845319786314,0.0,0.0,0.0,0.0,0.0,0.0,0.058401335504515345,0.0,0.0,0.07848837638426748,0.0,0.05693228298284443,0.0,0.0,0.0,0.0,0.0,0.0,0.04116618561649127,0.0,0.0,0.15417280380133258,0.0,0.0,0.0,0.05323074925756874,0.0,0.0,0.042678294709723195,0.052845157150947196,0.05135207683771866,0.0,0.0,0.0,0.0
smoke,0.03651100090403479,0.0,0.02741610955884357,0.0,0.021110323253999478,0.0,0.0,0.0,0.0,0.0,0.0,0.18239476925956238,0.0,0.06118227724792113,0.06151394363796668,0.24012388416131808,0.0,0.0,0.07905480875887282,0.2883083903231615,0.08367871599502222,0.0,0.0,0.061852343632358454,0.0,0.037731191718108244,0.0,0.24915814601864789,0.11221272230916164,0.19765227290516363,0.0,0.0,0.0,0.0,0.02271365007384895,0.13215359802718218,0.0,0.0,0.17676748548351817,0.0,0.0,0.025765664791842145,0.07730844009848364,0.06718590573049299,0.2792650183616234,0.0,0.0,0.0,0.0,0.042405109498957226,0.07364727204157202,0.03697051190574157,0.0,0.0,0.0,0.0,0.19130705279742882,0.1052723332767644,0.0391505235032983,0.035326609261286925,0.05977558260884154,0.0,0.0,0.0,0.2486111606118466,0.0,0.06244359942462186,0.0,0.051122959150956125,0.022371071952355406,0.053189606903085336,0.0,0.06495618242996647,0.0,0.0,0.0,0.0,0.062121183131539796,0.0,0.0,0.0,0.0,0.04270831933884741,0.0,0.0,0.0,0.060407394747676486,0.09731396586409201,0.06115849905536048,0.034690113184389075,0.0,0.035232627906182166,0.0,0.0,0.06508612113535969,0.0,0.0,1.0000000000000002,0.2861167588241372,0.0,0.14772464352794354,0.0,0.0,0.0,0.0,0.0,0.0,0.0,0.0,0.0,0.034859733456522456,0.0,0.0,0.16643677161007103,0.0,0.028713406007987954,0.028531177019045815,0.0,0.0,0.09669247445851119,0.0,0.1396670357652344,0.05743248361912841,0.024806090997915958,0.0,0.0,0.0,0.43289766690428866,0.0,0.0,0.0,0.021411605287199032,0.0,0.023855994227055692,0.0,0.08527484286042541,0.0,0.09083314403049805,0.024489227021254105,0.07341553333581782,0.11137645272474479,0.2994726152569306,0.0,0.34508204051875896,0.0,0.1773957144680549,0.03368371077243275,0.0,0.0,0.0,0.0,0.0,0.05977693402590395,0.0,0.0,0.09243293845306037,0.0,0.04153173996429376,0.029211134434271032,0.07653767244160174,0.0,0.0,0.0,0.0,0.0,0.0,0.031213557092152684,0.07029748972063914,0.0,0.0,0.0,0.0,0.0,0.0,0.03419865842767131,0.0,0.0,0.054058869786853245,0.055816101891350445,0.0,0.0,0.0,0.0,0.0,0.021793993790885324,0.0,0.0,0.0,0.045551430414320665,0.0,0.031709658721273966,0.09701406384403988,0.0,0.0,0.0,0.0,0.0277424535509474,0.05437849139630298,0.0,0.0,0.0,0.024929935288860387,0.0,0.0,0.0,0.0,0.0,0.0,0.02750649099927384,0.0803117397908096,0.0,0.04423845557617599,0.034287970483467135,0.0,0.03400227384715635,0.03877323797245886,0.0,0.037461212207659196,0.0,0.0,0.0,0.05373604523477653,0.0,0.03477046022676996,0.0,0.027973068112911892,0.0,0.03206075872115364,0.05564898278645195,0.38309064176702967,0.30577516091268053,0.0,0.0,0.0,0.0,0.03577137210672591,0.0,0.06484141661243001,0.0,0.0,0.0,0.0,0.0,0.03275963752297948,0.0,0.0,0.0,0.0,0.033862508214613896,0.18413080138418356,0.0,0.0,0.0,0.08382305814972578,0.035964071027163196,0.0,0.0,0.0,0.0,0.0324727865765742,0.0,0.03509422329599827,0.2266076677265239,0.030781125898210696,0.0,0.0,0.0,0.03445183648376085,0.0,0.0,0.05311590092191233
marinade,0.0,0.11413307646877383,0.17416521982390168,0.0,0.0,0.0,0.0,0.0,0.0,0.0,0.0,0.0,0.0,0.0,0.0,0.2432981095782345,0.09863243850349754,0.0,0.19170256953243303,0.3143553957031485,0.0,0.0,0.0,0.0,0.0,0.0,0.07201580721763252,0.06855582401776499,0.049492729798033805,0.050801736474960085,0.12894270569989985,0.0,0.0,0.0,0.0,0.0,0.0,0.0,0.0,0.08223907391031146,0.0,0.07272576625122734,0.07261996217268075,0.0,0.26788435784906733,0.0,0.0,0.0,0.0,0.12111095431165297,0.0,0.0,0.0,0.0,0.0,0.0,0.08437820665712777,0.04643159027655167,0.05180338489235939,0.04674363897969998,0.0,0.0,0.0,0.0,0.7859354234510535,0.0,0.057161058389071207,0.0,0.0,0.0,0.0,0.0,0.08594904533714293,0.0,0.0,0.0,0.0,0.16030704988648836,0.0,0.0,0.0,0.07752042874134409,0.16391121730471217,0.0,0.0,0.2069755396123884,0.0,0.0,0.20546411202703288,0.22037449097245287,0.0,0.13522009337635865,0.0,0.0,0.0,0.0,0.0,0.2861167588241372,1.0,0.14947413458770065,0.04636049081043162,0.0898385179160628,0.0,0.0,0.0,0.0,0.07683834752889226,0.0,0.0,0.0,0.13660981466607125,0.0,0.0,0.07340887910248804,0.0,0.18240650295552369,0.03775202506360233,0.0,0.0,0.06028099431408012,0.0,0.0,0.0,0.0,0.0,0.0,0.0,0.29299259403415473,0.0,0.0,0.0,0.0,0.0,0.0,0.22688360377232167,0.0,0.0,0.09651504718759764,0.0,0.06966192161755093,0.08597745781164277,0.3172738564947065,0.0,0.2471903727828868,0.0,0.1797407289495725,0.044569780365778286,0.0,0.0,0.17549048110159174,0.0,0.0,0.1213258610595776,0.0,0.0,0.08962117877007883,0.0,0.0,0.0,0.0,0.0,0.0,0.11050965324767237,0.0,0.0,0.0,0.0,0.14568713698483904,0.0,0.0,0.0,0.0,0.0,0.0,0.04525115137174948,0.0,0.16224064017783033,0.20747374961253096,0.039057426024069745,0.0,0.0,0.0,0.0,0.0,0.0,0.0,0.0,0.0,0.060272968813604264,0.07058150011964733,0.0,0.0,0.0,0.0,0.0,0.0,0.0,0.0,0.0,0.0,0.0,0.0,0.0,0.0,0.0,0.0,0.0,0.0,0.15527879066703137,0.0,0.0,0.0,0.06506976939930119,0.0,0.0,0.05130416634252961,0.0,0.04956811354934325,0.0,0.0,0.0,0.07673631546073445,0.0,0.046007750927266416,0.0,0.0,0.08211976734762205,0.04242231457857948,0.0,0.3097636699591576,0.24724706296601495,0.0,0.0,0.0,0.0,0.04733214249910134,0.0,0.17216325175826735,0.0,0.0,0.0,0.0,0.0,0.062169385623240876,0.0,0.0,0.0,0.0,0.0,0.08121303728194802,0.0,0.0,0.0,0.0,0.0,0.0,0.0,0.09607142869314148,0.0,0.12462803639760459,0.0,0.046436149359480296,0.0,0.0,0.0,0.0,0.0,0.04558615277434378,0.0,0.0,0.15474844360201587
dissolve,0.0,0.0,0.13489018033717792,0.0,0.023315980864634305,0.0,0.0,0.0,0.0,0.11041511585194931,0.0,0.0,0.03380501600789792,0.09400701838936243,0.0,0.13440108718513336,0.37744469712414475,0.029725547643489492,0.0,0.0879122165924067,0.0,0.0,0.0,0.0,0.0314549930493144,0.0,0.13495262965325358,0.0,0.0,0.0,0.13609069321166167,0.08575172044475496,0.0,0.0,0.0,0.0,0.08068159300696434,0.0,0.0,0.06436059643545744,0.0,0.05691544748253508,0.056832644828312726,0.2846943189904086,0.09010999387067989,0.0,0.0,0.03167768972486792,0.0,0.0,0.027070584073231655,0.0,0.0,0.0,0.0,0.0,0.0,0.023569027449860093,0.0,0.0,0.0,0.0,0.07768609291096548,0.0,0.06494016329910396,0.07632271228940156,0.0,0.0,0.0,0.0,0.0,0.0,0.0,0.07392828636480282,0.08950668237968257,0.0,0.0,0.10374992762902646,0.0,0.06514698240270912,0.0,0.10296783820541677,0.1846820666987764,0.0,0.0,0.16197980526302735,0.02242897626318696,0.0,0.36484922056856595,0.1365432426016825,0.0,0.36277630607939304,0.06887938291520065,0.0,0.060962282539412396,0.0,0.0,0.0,0.14947413458770065,1.0000000000000002,0.0,0.07030794877701502,0.07413899183118834,0.11224477171162209,0.0,0.0,0.10206185214384542,0.0,0.0,0.0,0.0,0.0,0.07062880358331226,0.23639019025893487,0.0887297418539238,0.11301841367971174,0.0,0.0,0.0,0.04717612399195755,0.0,0.0686001406247497,0.0,0.0382058803631767,0.0,0.0,0.13283185504995054,0.0,0.0,0.2822498422031318,0.04263643700948094,0.0,0.0846273117837805,0.03674255897312063,0.08737418158521121,0.0,0.0,0.0755330247123715,0.0,0.23732241423228198,0.0672862691863057,0.054518076446354806,0.0,0.0,0.0,0.13481683052307067,0.0,0.027144901071036377,0.0,0.13733948469266072,0.0,0.0,0.09332176557148576,0.0,0.0,0.07648139553288197,0.06089280453640215,0.0,0.021691908534831456,0.0,0.08565618317942747,0.0,0.0,0.0,0.0,0.0,0.0,0.0,0.1773247144500275,0.0,0.0,0.0,0.0,0.07352029450296559,0.0,0.06645646158672812,0.15647971126344176,0.14347996415595438,0.0,0.061338967744201695,0.026151765494142182,0.05593393274004529,0.0,0.14151621562637445,0.05657843601152197,0.0,0.03552296727573588,0.10004620802116997,0.12501139204108871,0.055237337059072036,0.0,0.0375928281643636,0.1264443950946687,0.07086116482287512,0.0607774051318336,0.04149722006644111,0.03064105216907786,0.024146338322426155,0.0,0.045419747288170866,0.0,0.0,0.3326616066569468,0.0,0.0,0.0,0.0,0.051370538739906754,0.12152174271813648,0.0,0.0,0.0,0.14739815471099726,0.0,0.0,0.0,0.0,0.0,0.0,0.0,0.05901862028203564,0.06548564273568608,0.22154552834528468,0.0,0.0,0.0,0.09640084003252503,0.08613164787191607,0.04132440139825231,0.0,0.0,0.05644648747237206,0.0,0.06652629835488678,0.07833039504356139,0.0,0.0651581974734711,0.1498381292572017,0.0,0.0,0.0,0.0,0.0,0.07298097878208308,0.16582785326145294,0.0,0.0,0.18640453745836727,0.0,0.0,0.0,0.0,0.0,0.020448576824628202,0.026706574543238017,0.0,0.0,0.12760852186260896,0.0,0.13901464740448308,0.0,0.0,0.0,0.0,0.02768755574446276,0.052413796759392846,0.0,0.0,0.15257459166749276,0.0,0.26995191721324063
toast,0.0,0.0,0.0,0.0,0.03518159429128515,0.0,0.0,0.0,0.0,0.0,0.0,0.0,0.0,0.040993178157049295,0.0,0.06669676071564128,0.0,0.0,0.0,0.11692802403649283,0.13945549774538843,0.0,0.07717789715886617,0.45266246873159777,0.0,0.06288124834382583,0.07158912823670985,0.04317321869248567,0.031168182687220172,0.1630144788915949,0.0,0.0,0.0,0.0,0.03785363265912937,0.07387086875301281,0.08720201962434809,0.0,0.14041435346495554,0.0,0.0,0.11523487545186384,0.0,0.0,0.032933762808699106,0.0,0.0,0.0,0.06882173650826848,0.0,0.0,0.06161353073371367,0.0,0.0,0.0,0.06995120065280261,0.28480044620630696,0.08911590741474458,0.0,0.0,0.4258382225476367,0.0,0.0,0.0,0.04028332864626289,0.0,0.03207126065045382,0.0,0.0919229362371529,0.49108983777648346,0.2968183948452389,0.0,0.0,0.0,0.0,0.0,0.0,0.0,0.0,0.0,0.0,0.0,0.0,0.05479366083625446,0.0,0.0,0.0,0.05334550638344131,0.04802271395231255,0.0,0.0,0.0,0.0,0.08109620019323459,0.0,0.09949487159271818,0.0,0.14772464352794354,0.04636049081043162,0.0,1.0,0.0,0.0,0.0,0.0,0.0,0.05446357889987951,0.0,0.0,0.0,0.0,0.0,0.0,0.04622944347719738,0.0,0.0,0.0,0.0,0.0,0.15543982221902208,0.0,0.0,0.3501758488077039,0.0413408084253773,0.0,0.0,0.0,0.20128984384683646,0.0,0.0,0.0,0.07852122064750996,0.0,0.03975741632248597,0.0,0.19125418651173823,0.0,0.0,0.0408127359871531,0.0,0.050764285612308016,0.11604138384432336,0.0,0.04069557346874799,0.10844364210332343,0.04927339719320629,0.0,0.0,0.08264504429673132,0.0,0.0,0.0,0.04693788513471759,0.0,0.0,0.0,0.0,0.07834961285877906,0.11021358970553809,0.0,0.0,0.0,0.0,0.0,0.0,0.0,0.05201922721841468,0.055198807893634745,0.0,0.0,0.0,0.0,0.0,0.05665891267934855,0.0,0.0,0.0,0.0,0.04382777106146976,0.0,0.0,0.0,0.0,0.0,0.03632097141821124,0.0,0.0,0.0,0.08119379294115478,0.07016331911596801,0.05284600973770575,0.10916306100018652,0.0,0.0,0.0,0.0,0.04623442918096202,0.3315551266747012,0.0,0.0,0.0,0.04154720221418266,0.0,0.0,0.0,0.0,0.0,0.0,0.4098964181436249,0.0,0.0,0.07372598597509394,0.11080616950881908,0.0,0.05666678757489859,0.0,0.0,0.0,0.0,0.0,0.0,0.05269559565262176,0.0,0.0,0.0,0.04661876190098136,0.0,0.0,0.10498178648551387,0.12316381031924345,0.04954580988478149,0.0,0.0,0.0,0.0,0.0,0.0,0.033302788312711086,0.0,0.0,0.0,0.06784622555160423,0.0,0.16766820150956907,0.0,0.0,0.0,0.0,0.05643385993467205,0.0511441335508703,0.0,0.06285859117940433,0.06769883407424421,0.1347513478128931,0.24914899486882,0.0,0.0,0.06809612654261739,0.0654339022409363,0.0,0.0,0.0,0.0,0.29624826042926805,0.0,0.0,0.0,0.0,0.0,0.06671044063670695,0.08852077034380712
squeeze,0.033141095021724014,0.05883363421153009,0.08876686215293135,0.23487582284072045,0.028500170902329775,0.06848692359940631,0.19826577079990737,0.0,0.0,0.0,0.026020325682311277,0.24605039033919524,0.0,0.0,0.08263750332089942,0.1499161670808738,0.04639360818635307,0.036334872331697805,0.0,0.035225283924708285,0.09610608008378671,0.0,0.11082094329753873,0.0,0.0,0.04333475830500232,0.033873978925911936,0.0,0.0,0.0,0.1600941999270357,0.04180775595652332,0.0,0.0,0.0,0.0,0.041957821392849086,0.0,0.0,0.03868268320739355,0.248236842557276,0.034207921407033826,0.03415815448411186,0.0,0.031909934390372464,0.03901569363503753,0.08987922329872607,0.0,0.0,0.0,0.0,0.0,0.0,0.0,0.02683638552543503,0.0,0.0,0.0,0.0,0.030806763980394992,0.0,0.029224952152013768,0.04040003536847877,0.0,0.03903102058500663,0.039691020108887747,0.025980528398552832,0.07049299614912245,0.0,0.0,0.0,0.0,0.0,0.0,0.0,0.10031949425172042,0.052551741536008334,0.03674013548818307,0.028928868672146134,0.03387917057735839,0.0,0.11895580055179947,0.050517693317569286,0.0,0.05430058519974835,0.16706251223461083,0.0,0.031331099712064804,0.07651408632315403,0.1530599410808623,0.0316667593230768,0.041675044087196765,0.035820175808330725,0.060875323508332344,0.031226285302709125,0.0,0.04499158935785599,0.0,0.0898385179160628,0.07030794877701502,0.0,1.0,0.0,0.0,0.0,0.0,0.2376044350391256,0.0,0.11242773162612384,0.042044168101268334,0.041929756485906355,0.0,0.0,0.0,0.028802115268825784,0.10246438788251887,0.0,0.0,0.08810528281477945,0.028354290674786873,0.05680931783520303,0.0,0.0,0.03725411254825775,0.06230367783275047,0.0,0.0,0.0,0.07480154818215595,0.028490126857850035,0.03778509578714295,0.032156229422652616,0.03331670820857118,0.035827244766617417,0.11191780069728588,0.0,0.03266083216941099,0.1574111087425944,0.08022268558826247,0.03276678490432428,0.04044110184329074,0.0,0.0,0.0,0.0,0.1502930346659818,0.0,0.0,0.0,0.08254522289209285,0.09923987174273996,0.0,0.03739281997463124,0.03271389390433622,0.0,0.0,0.0,0.0,0.0,0.0,0.0,0.0,0.0883371644483261,0.0,0.09748542271509561,0.05795637173424692,0.04687692909939815,0.0,0.0,0.0,0.050657349727326134,0.0,0.07912763976304375,0.07761814083539614,0.0,0.07016058667518925,0.21810555760748288,0.06394373385006082,0.06040802038823557,0.0,0.0,0.024784775119274818,0.031526704922254845,0.0,0.0,0.07697247931980865,0.07387819583044009,0.08856411625893411,0.0,0.0669588651517634,0.2731628668130776,0.032952297617342266,0.0,0.0,0.0,0.036775503421216035,0.0,0.0,0.0,0.0,0.0,0.08166637349060593,0.0,0.0,0.0,0.0746066489849317,0.03903444600867677,0.0,0.11017364849340501,0.026161317891735068,0.0,0.04330104585290747,0.03060678040704101,0.035148985220688,0.1702294728625408,0.0804493878911342,0.03754388335921079,0.0,0.0998945075538615,0.06840460073814128,0.0,0.0,0.0,0.03032177115480093,0.03247207800091565,0.06425485602357124,0.0671038897787065,0.027958761047507046,0.0,0.0,0.126719885385246,0.02935454731806107,0.2611464617734901,0.0,0.045313967752431066,0.14641215871944727,0.0,0.05306098323161919,0.07118209664362071,0.029584632562519274,0.08445957448627273,0.0,0.10248678407326003,0.029242530769313296,0.0,0.03987538377451952,0.03495065140187906,0.06881841671382713,0.0,0.036533684948644486,0.07901055954293718,0.0,0.023616385220115502,0.0,0.0,0.03576852193852196,0.16266720870058826,0.1474224781248238,0.0,0.06672862778001099,0.11606261307230678,0.0,0.06781138918776974,0.18394655294256324,0.02453715693184565,0.0,0.09011624760145809,0.07148304608484674,0.0,0.07765397153306011,0.05199037876396471
grind,0.0,0.0,0.0,0.0,0.0,0.0,0.0,0.0,0.0,0.0,0.0,0.0,0.0,0.0,0.05537619207860346,0.0,0.04892157143221683,0.09729333464336495,0.0,0.0,0.0,0.05213778771987224,0.0,0.0,0.0,0.0,0.10299175470738803,0.0,0.08355197399093951,0.04288089767902692,0.09220222635718436,0.05112778538485596,0.03687195511897543,0.0,0.0,0.0,0.04350988454928635,0.051652438968139786,0.0,0.0,0.0981520962496259,0.0,0.08473503462543064,0.0,0.0,0.0477133002041034,0.0,0.10368280188120556,0.0,0.0,0.0,0.0,0.13560918946533917,0.0,0.0,0.03632022259087286,0.0,0.10906309626453355,0.0,0.05488927829677743,0.0,0.0,0.15991797150814313,0.13045510113942715,0.0,0.19638375844792513,0.0,0.05658588278528205,0.0,0.0,0.04788244281305887,0.0,0.0,0.23097921270816124,0.10839768622403984,0.0,0.0,0.0,0.0,0.34947024602896803,0.2120347750664855,0.0,0.0,0.21609670699627817,0.0,0.0,0.0,0.0,0.0,0.0,0.0,0.0,0.1418190229937591,0.0,0.0,0.07801295719802667,0.055021377545452985,0.0,0.0,0.07413899183118834,0.0,0.0,1.0,0.15011568269123304,0.0,0.2079997531779139,0.0,0.0,0.11527860742098472,0.0,0.0,0.2034555711653916,0.17322353867875123,0.0,0.0,0.11256221851623066,0.0,0.0,0.0,0.0,0.0,0.0,0.0,0.0,0.0,0.0,0.1131533411369042,0.0,0.0,0.05345790904820796,0.0,0.0,0.0,0.0,0.15604766253944924,0.0,0.03168333422953898,0.0,0.0,0.0,0.0,0.0,0.2177403815241558,0.0,0.0,0.0,0.16211419831477358,0.0,0.0,0.0,0.0,0.07716888551669739,0.04911823513357574,0.0,0.0,0.0,0.0,0.0,0.034251439330957784,0.0,0.04619257630111135,0.0,0.0,0.1934264097394084,0.0685359995002263,0.0,0.0,0.0,0.14179376275704,0.06684607961266487,0.0,0.0,0.16040769145048428,0.13469022643644013,0.05313670683560249,0.09215762290593062,0.0,0.041997412293281404,0.0,0.19164554157219563,0.03449544319279826,0.04415973128208702,0.0,0.4019984770472783,0.030511559416384018,0.0,0.0,0.037849770955230455,0.0,0.0,0.0,0.0,0.27301138212472276,0.03821393437540471,0.15823796157029935,0.0,0.0,0.0,0.04475935085677474,0.0,0.0,0.0,0.03555297463385265,0.05785294773032793,0.0,0.0,0.0,0.0,0.0,0.0,0.0,0.0,0.0,0.0,0.0,0.0,0.0,0.106829544294736,0.0,0.0,0.4533390377955777,0.0,0.04358393045876394,0.0,0.0,0.0,0.0,0.0,0.0,0.0,0.0,0.25948317343007243,0.061898488035632346,0.24633960596950022,0.19211238938154887,0.0,0.20054002984673233,0.0,0.0,0.0,0.0,0.0,0.0,0.0,0.0,0.07482081949709907,0.0377157037896855,0.05427198605513522,0.1681972735772238,0.0,0.0,0.0,0.0,0.0,0.0,0.0,0.0,0.0,0.0,0.04050352649275977,0.0,0.0,0.0,0.0,0.0,0.050375840941454274,0.0,0.0,0.0,0.0,0.07436218356690007
blitz,0.0,0.0,0.03079267864194605,0.0,0.026612815854786344,0.0,0.0,0.0,0.0,0.0,0.0,0.0,0.03858498045651069,0.05931397168368748,0.0,0.03068102864474656,0.04405231767358862,0.03392868308700559,0.0,0.03344761182101937,0.0,0.0,0.0,0.0,0.0359026687573205,0.0,0.0,0.0,0.0,0.0,0.0,0.0,0.03902023162827401,0.0,0.0,0.0,0.0,0.0,0.0529335588234793,0.0,0.0,0.0,0.1310411570674206,0.05694618780389917,0.0,0.0,0.0,0.03615685431581733,0.0,0.0,0.030898312758317892,0.0,0.143510208959244,0.0,0.0,0.09855303878033726,0.0,0.06355171997812382,0.0,0.0,0.10879015962975684,0.0,0.0,0.04383874744405273,0.0,0.09581963571748157,0.10682610536341702,0.0,0.04348075560910958,0.053945204362720205,0.0,0.0,0.0,0.14968904895705365,0.0,0.18200122305625238,0.0,0.0,0.0,0.13190877697560502,0.22438859045164578,0.0,0.047968277552878656,0.0,0.0,0.0,0.025600390503362616,0.0,0.0,0.0,0.0,0.03957187968255588,0.0,0.0,0.0,0.0,0.0,0.0,0.0,0.11224477171162209,0.0,0.0,0.15011568269123304,1.0000000000000002,0.0,0.220118475449358,0.0,0.0,0.12199510302172129,0.0,0.09751368852801537,0.2153095350468892,0.14300829840949816,0.10048757990936685,0.03709555731900196,0.0,0.0,0.0,0.0,0.0,0.0,0.07830006898093007,0.0,0.0,0.0,0.0,0.043938999677830014,0.059037255180679274,0.0,0.21477656287320437,0.048665147455091214,0.0,0.0,0.0,0.0,0.0,0.03352930530544068,0.0,0.0,0.062226365836837015,0.0,0.0,0.13536870376677917,0.0,0.08176240913634611,0.0,0.04626779749234387,0.03098313803712302,0.0,0.0,0.0,0.0,0.03550576143198774,0.0,0.0,0.0,0.10005124018849693,0.0,0.237211806986785,0.0,0.0,0.0,0.0,0.1494396968677582,0.0,0.08838399146621223,0.0,0.0,0.0,0.0,0.0,0.0,0.0,0.059911321814175175,0.0,0.0,0.0,0.05806958353372817,0.0,0.12419835758574234,0.0663548316084853,0.06384288358645371,0.0,0.24774221151402825,0.0,0.0,0.04054584673976518,0.03408251381095967,0.0,0.0,0.0,0.0,0.28136947818657176,0.0,0.0,0.04736484742054463,0.03497363819720052,0.07381021327836992,0.04736717194211713,0.051842012470702074,0.0,0.0,0.12936197180774,0.0,0.0,0.0,0.0,0.14923022419732412,0.0,0.09492455855313575,0.0,0.0,0.15021325453558199,0.0,0.0,0.0,0.13622542140239033,0.05145655690821961,0.0,0.0,0.15854528694702474,0.0,0.0927242455505643,0.18472075182572895,0.0,0.0,0.10683356541059164,0.10488815803328275,0.12631989331372456,0.0,0.0,0.15163561111209006,0.0,0.22272563440761456,0.15860238232281507,0.0,0.17503840425301895,0.0,0.10855334166095236,0.0,0.0,0.051153490830026994,0.0,0.02776678308475284,0.17779814110792286,0.0,0.039913139760238296,0.0,0.17799697773145412,0.0,0.0,0.0,0.0,0.22361535643990482,0.08163631009594088,0.0,0.0,0.0,0.08282358480805267,0.0,0.0,0.0,0.0,0.0,0.031602523040931314,0.0,0.0,0.0,0.08918001675567436,0.0,0.0
bubble,0.0,0.21665083595923534,0.0,0.0,0.0,0.0,0.0,0.0,0.0,0.0,0.0,0.0,0.0,0.0,0.0,0.0,0.0,0.08273355012013166,0.0,0.0,0.0,0.5277657041754101,0.0,0.0,0.0,0.0,0.0,0.0,0.03932173268640158,0.0,0.0,0.12058901537987526,0.0,0.0,0.0,0.0,0.13462543845957753,0.0,0.0,0.0,0.12239673263456335,0.0,0.0,0.07478898302152616,0.0,0.0,0.0,0.08816684429080152,0.0,0.0,0.0,0.0,0.0,0.0,0.6808581648236015,0.08255205554234674,0.0,0.0,0.0,0.0,0.0,0.04779859736542582,0.0,0.06269650500107299,0.0,0.0,0.0,0.0,0.0,0.0,0.0,0.0,0.0,0.17258557102811095,0.0,0.0,0.0,0.0,0.0,0.0,0.0,0.0,0.0,0.0,0.06953026273834825,0.0,0.08498545630686657,0.05533490270821475,0.0,0.0,0.0,0.0,0.11493225133747166,0.0,0.0,0.0,0.0,0.0,0.0,0.0,0.0,0.0,0.0,0.0,1.0000000000000002,0.0,0.0,0.0,0.0,0.0,0.0,0.0,0.0,0.0,0.050868378730336866,0.0,0.0,0.0,0.0,0.0,0.0,0.0,0.0,0.0,0.0,0.0,0.11082172563173755,0.0,0.0,0.0,0.0,0.037014438870484376,0.0,0.0,0.0,0.06889698211149756,0.0,0.0,0.0,0.04266487112163279,0.0,0.0,0.0,0.0,0.0,0.0,0.05187851882673324,0.0,0.0,0.0,0.0,0.0,0.0,0.0,0.0,0.05317785988423159,0.0,0.14073504007890014,0.0,0.12480895866264159,0.28585209556556285,0.0,0.0,0.0,0.0679361331122681,0.0,0.0,0.0,0.0,0.0,0.0,0.0,0.04990913461587033,0.0,0.0,0.0,0.0,0.0,0.0,0.0,0.0,0.10596941075621993,0.0,0.0,0.0,0.0,0.0,0.0,0.0,0.0,0.05481677849928538,0.0,0.0,0.0,0.10141327791584627,0.0,0.0,0.0,0.0,0.0,0.0,0.0,0.0,0.13645085448371588,0.0,0.0,0.0,0.0,0.0,0.0,0.0,0.0,0.07633632127003542,0.0,0.0,0.0,0.0,0.0,0.0,0.0,0.0,0.0,0.0,0.0,0.0,0.0,0.0,0.0,0.0,0.0,0.0,0.0,0.0,0.0,0.0,0.0,0.0,0.0,0.0,0.0,0.0,0.0,0.0,0.0,0.0,0.0,0.0,0.05108361720458124,0.0,0.0,0.0,0.0,0.0,0.0,0.0,0.0,0.0,0.0,0.04031424843046037,0.0,0.0,0.0,0.0,0.0,0.0,0.0,0.0,0.0,0.0,0.0,0.0
slash,0.059688690173269845,0.0,0.0,0.0,0.0,0.0,0.0,0.0,0.100776542921578,0.0,0.0,0.0,0.0,0.0,0.0,0.0,0.0,0.0,0.0,0.0,0.0,0.0,0.11993204321242248,0.0,0.0,0.0,0.0,0.13737956530788867,0.0,0.08375712247050396,0.0,0.0,0.08614763094716948,0.0,0.0,0.0,0.0,0.0,0.04488065774566887,0.0,0.0,0.0,0.04142610711909344,0.0,0.0,0.0,0.0,0.13922081713978476,0.0,0.0,0.0,0.0,0.3674784982649649,0.0,0.0,0.040141540731681954,0.0,0.32403960545960575,0.0,0.0,0.0,0.0,0.0,0.15363179984545264,0.0,0.15280370386911069,0.0,0.06253938871053027,0.04997572226850749,0.04012644572924943,0.0,0.0,0.0,0.2074086110013219,0.0,0.0,0.056827695483510555,0.0,0.0,0.18277232971960958,0.3109120285978494,0.04926212149899353,0.09582439511283054,0.0,0.07214327070017233,0.06155576361351785,0.0,0.0,0.0,0.0,0.05802953499153494,0.0,0.0,0.0,0.0,0.0,0.05373525867001998,0.0,0.0,0.0,0.0,0.0,0.2079997531779139,0.220118475449358,0.0,1.0,0.048828677462298437,0.0,0.19454575730777676,0.0,0.0,0.3356153411721333,0.19815178693056204,0.0,0.0,0.0,0.0,0.0,0.0,0.0,0.05767355007762622,0.0,0.0,0.0,0.0,0.05383121013294966,0.09177661189371314,0.050055785080380964,0.08088789215250007,0.0,0.0,0.03840547379055931,0.0,0.0,0.0,0.0,0.0350167967255282,0.06133268427733534,0.0,0.0,0.0,0.0,0.29637707651693823,0.0,0.0,0.0,0.04832041836143897,0.0,0.0,0.0,0.0,0.08528796742466677,0.0,0.0,0.0,0.0,0.0,0.0,0.0,0.0,0.0,0.0,0.0,0.2070631096379865,0.0,0.06267208179934826,0.0,0.0,0.0,0.0,0.0,0.09005066725318846,0.0,0.0,0.0,0.0,0.0,0.0,0.0,0.17208880018266998,0.03812477290073389,0.0,0.0,0.2962913930449761,0.0,0.0,0.0,0.0,0.0,0.0,0.0,0.0,0.3714424755564905,0.0,0.0,0.0,0.0,0.0,0.049468565371413045,0.0,0.06882123344726784,0.0,0.0,0.0,0.0,0.0,0.046620403574405514,0.0,0.0,0.0,0.0,0.0,0.0,0.0,0.0,0.0,0.0,0.05373937148522793,0.07800449987465218,0.0,0.24713364672108734,0.06404378344567828,0.0,0.0,0.0,0.0,0.052184875938258365,0.0,0.0,0.0,0.0,0.23636313805678022,0.0,0.3705003077921654,0.2197588938420841,0.057164340143129315,0.3338709198048635,0.0,0.07697393832647378,0.0,0.06430481462029397,0.0,0.0,0.0,0.0,0.0,0.10687979061624614,0.0,0.2466319758922783,0.0,0.08543937625000082,0.0,0.0,0.0,0.043371383863600364,0.0,0.0,0.14381165136648488,0.0,0.0,0.0,0.0560822243990516,0.0,0.0,0.04496449391118102,0.0,0.0,0.0,0.0,0.0839724073528987,0.0
blot,0.0658587670739099,0.10064011154228966,0.055473081458928916,0.0,0.0,0.0,0.10173778366988681,0.0,0.0,0.0,0.0,0.0,0.0,0.0,0.0,0.05527194373195314,0.24131043561935028,0.0,0.0,0.030127974846373747,0.0,0.0,0.0,0.0,0.0,0.0,0.10977469700983673,0.0,0.0,0.07223949719243362,0.4307737199689274,0.24312251427550954,0.03915376306309016,0.0,0.0,0.0,0.0,0.0,0.038709020243079435,0.03308506779260114,0.0,0.02925783076442243,0.029215265412637643,0.0715290659646006,0.12983332562185368,0.06673977924281384,0.10607026577869634,0.0,0.0,0.0,0.0,0.0,0.0,0.0,0.0,0.0,0.0,0.03301259925511058,0.0,0.0,0.0,0.04999185387429855,0.0,0.0,0.0333829986701268,0.0,0.0,0.0,0.0,0.03460857032930268,0.0,0.0,0.0,0.0,0.11029696640300952,0.0,0.0,0.07524330456966752,0.0,0.0,0.0,0.34059836741203736,0.10345955816285704,0.07000741762723998,0.062222691604924725,0.31617452236580623,0.05448161433160423,0.0,0.11107093153865606,0.07019112140498207,0.05004976659239322,0.0853499311731129,0.0,0.20774560039046597,0.0,0.0,0.12330808065557816,0.0,0.07683834752889226,0.10206185214384542,0.05446357889987951,0.2376044350391256,0.0,0.0,0.0,0.048828677462298437,1.0,0.0,0.3120604379363572,0.0,0.0,0.0,0.0,0.0,0.0,0.058097999171827085,0.0,0.0,0.10397676372447383,0.02425125537845677,0.05883287890713959,0.0,0.0590217077282527,0.10300650270579571,0.0,0.04642876257638849,0.0,0.04317250448823214,0.0,0.0,0.10356700592870545,0.14286190699983842,0.0,0.09906125612879138,0.14652987113907903,0.0,0.05586922916873538,0.09172703448693637,0.0,0.06710593588087999,0.034589032744166665,0.0,0.039840210995680775,0.0,0.0,0.5482060750228531,0.0,0.0,0.0,0.07060043587716469,0.0,0.0,0.031981855477407665,0.0,0.0,0.0,0.0,0.0,0.0,0.0,0.0,0.0,0.0,0.0,0.10095787607318377,0.0,0.08018711467595978,0.0,0.0,0.0,0.08665385702105333,0.0,0.0,0.0,0.0,0.0,0.2661049257294509,0.0928233012518757,0.0,0.0,0.0,0.0,0.0,0.0,0.0,0.07971425687844513,0.0,0.0,0.2322638563691466,0.028395184981153114,0.0,0.038649774465059634,0.0,0.0,0.0,0.0,0.0,0.05588320796259179,0.0,0.0,0.0593574749675114,0.0,0.0,0.0,0.0,0.0,0.10698138664317447,0.0,0.062469201946201695,0.0,0.0,0.0,0.09918675491232043,0.0,0.08735128214242484,0.0,0.0,0.0,0.06727793032379493,0.0,0.0,0.0,0.0,0.0,0.055546348543969885,0.0,0.07804588974518445,0.0,0.0,0.0,0.0,0.0,0.0,0.0,0.07751353167529879,0.04930354658173901,0.0,0.10866818178574406,0.0,0.0,0.0,0.0,0.10613738708243937,0.025010961823481666,0.0,0.0,0.0,0.0,0.0,0.0,0.0,0.0,0.06473129833743989,0.0,0.037407289916745724,0.0,0.0,0.6004244746018783,0.0,0.03285231865400922,0.0,0.048370234942675484,0.0,0.0,0.0387813279139318,0.0,0.09332620923353224,0.0,0.0,0.0,0.0
style,0.0,0.057062764310428594,0.0,0.040307972610659264,0.0,0.036398255171956724,0.0,0.0,0.0,0.0,0.038098601354451526,0.034611274213279454,0.1128809452734332,0.0,0.04391876251065236,0.0,0.05008037251886371,0.039202528396666284,0.06414989471748678,0.0,0.3490879665135053,0.0,0.0,0.0,0.08229888624263174,0.0,0.0,0.0,0.0,0.0,0.0,0.0,0.0,0.14272201605930712,0.0,0.037731298022286135,0.0,0.042446872656534,0.035859980440373425,0.0,0.0,0.0,0.0,0.0,0.034445723533795575,0.0,0.029586737043325782,0.04177704464435352,0.0,0.0,0.0351263927724887,0.0538515842488843,0.0,0.10177336998376792,0.0,0.0,0.0,0.0,0.22104700762598012,0.04510683817872531,0.03444164381910702,0.02788898140357648,0.04358852617675087,0.0,0.042132701617796385,0.042823553326590644,0.0,0.03746440819388425,0.0,0.0,0.0,0.09871021090746682,0.0,0.0,0.05022088538256534,0.0,0.0,0.0,0.0,0.0,0.0,0.0,0.0,0.0,0.05858614869527637,0.0,0.0,0.04587456331255648,0.0,0.0,0.0,0.0,0.03864721049465838,0.0,0.0,0.051650855814501594,0.0,0.0,0.0,0.0,0.0,0.0,0.0,0.0,0.0,0.0,0.0,1.0000000000000002,0.0,0.0625677236664236,0.04523897742913134,0.0,0.0,0.0,0.0,0.0,0.42417517514331077,0.0,0.029002785505887627,0.0,0.03282112861598905,0.07596802196697638,0.0,0.0,0.0,0.11068494226396249,0.07453000368530427,0.0,0.0,0.0,0.0,0.0,0.0,0.0,0.0,0.0,0.0,0.0,0.0,0.0,0.043654837908922564,0.0,0.0,0.04256387224552101,0.05539016188510377,0.0,0.0,0.12644077038998985,0.042212916255947364,0.044552425147486745,0.038659813466813804,0.05109201243417983,0.23499182375783953,0.21180449896208314,0.0,0.0,0.04641620950830554,0.0,0.0,0.16719782089216284,0.04806042681276402,0.0,0.0,0.0,0.0,0.0,0.0,0.0,0.04342673588479221,0.13423266920533636,0.0,0.0,0.042053400443218376,0.0,0.0,0.037287744909597055,0.027459092299593882,0.0,0.0,0.033862349000796856,0.0,0.0,0.0,0.0,0.0,0.044470233755940475,0.0,0.03874631524905036,0.0,0.0,0.04618857760167662,0.0,0.0,0.03911910457707386,0.10175495620797201,0.0,0.03975937979548947,0.0,0.04475146705546333,0.0,0.055888386775404815,0.0,0.0,0.1376492194499157,0.0,0.07919899792957746,0.037859524104406746,0.03915775774920354,0.04006620522905257,0.038305040199472284,0.0,0.06340079306932839,0.0,0.0,0.04952802166770667,0.0,0.0,0.0,0.0,0.0,0.0,0.0,0.0,0.0,0.03149468086526884,0.0,0.0,0.0,0.0,0.0,0.0,0.0,0.0,0.0,0.0,0.0,0.035970765473438984,0.0,0.0,0.0,0.0,0.0,0.0,0.0,0.0,0.0,0.0,0.0,0.049324437774815266,0.0,0.04862223242711429,0.0,0.0,0.0,0.0,0.0,0.0,0.0,0.0,0.0,0.0,0.26087424124075564,0.0,0.04411428401140613,0.09245366025017236,0.0,0.0,0.0,0.0,0.048569285693148764,0.0
trim,0.0,0.1383781783920783,0.0,0.13111578141736266,0.0,0.0,0.1398874560266209,0.0,0.0,0.0,0.0,0.0,0.0,0.0,0.0,0.0,0.0,0.0,0.0,0.0,0.0,0.0,0.0,0.0,0.0,0.0,0.0,0.0,0.0,0.0,0.16136437073816245,0.09833288712242208,0.04832714826802586,0.0,0.0,0.0,0.0,0.0,0.0,0.0,0.0,0.0,0.04912737843766529,0.046966093233485794,0.0,0.09176588674615357,0.14584453390487234,0.0,0.0,0.0,0.0,0.0,0.177739568858001,0.24276416262471065,0.0,0.047604006259313006,0.08063903254723791,0.0453916761309459,0.0,0.06544754689306827,0.0,0.06873781802856505,0.0,0.054294953136007004,0.0,0.1186740710926884,0.0,0.0,0.0,0.0,0.0,0.0,0.0,0.11495098180670313,0.3150171622526393,0.0,0.0,0.0,0.0,0.10129694542062037,0.172315135665263,0.1940247047756695,0.07912321026848317,0.0,0.0,0.19385444150502457,0.0,0.0,0.05991999775791708,0.0,0.0,0.0,0.0,0.14318028265642324,0.0,0.0,0.10582134287200634,0.0,0.0,0.0,0.0,0.11242773162612384,0.11527860742098472,0.12199510302172129,0.0,0.19454575730777676,0.3120604379363572,0.0,1.0000000000000004,0.08932089281233632,0.0,0.19029550548072602,0.22949094230141093,0.0,0.0,0.0,0.0,0.0,0.14296600966355477,0.0,0.08089405395095096,0.0,0.0,0.08762260399394259,0.0,0.0,0.17563657155191384,0.0,0.0,0.0,0.0,0.0756322554453448,0.14972088270378064,0.08426657530260195,0.1397179296109084,0.0,0.11834564651571322,0.0,0.0,0.0,0.0,0.0,0.10395393325236811,0.0,0.0,0.28519156143927016,0.057303368435857795,0.0,0.0,0.0,0.0,0.0,0.0,0.0,0.0,0.0,0.0,0.0,0.0,0.0,0.0,0.0,0.0,0.11475949640626956,0.1388150983861928,0.0,0.11025570907394439,0.0,0.0,0.0,0.11914735289400252,0.0,0.0,0.0,0.0,0.0,0.13535654546902925,0.0,0.0,0.14450827928207563,0.045212313596349044,0.05265410975606443,0.0,0.16799863859669048,0.0,0.10960553888180313,0.0,0.0,0.0,0.0,0.0,0.0,0.21060966222870497,0.0,0.0,0.07812785809661561,0.0,0.0,0.05866496035418392,0.0,0.0,0.0,0.0,0.0,0.0,0.0,0.09180999279772598,0.0,0.0,0.0,0.0,0.0,0.0,0.07467239532002434,0.1908118775264106,0.07183291471959832,0.0,0.06372972561402594,0.0,0.061078175733299545,0.18739977678095127,0.0,0.0,0.06441720204035771,0.07637513919702031,0.05816822663037261,0.0,0.0,0.0,0.0,0.0,0.1340190310622794,0.0700825261474306,0.21246074458044106,0.4238374711138637,0.0,0.1547029564139554,0.0,0.0,0.06285118515472357,0.0,0.0,0.14593682438031919,0.0,0.0,0.0,0.04943302852251148,0.0,0.1366895406939678,0.0,0.0,0.0,0.0,0.0,0.0,0.0,0.07544616141256466,0.24045572105591487,0.0,0.06016043618847772,0.0,0.0,0.0,0.0,0.05212805635611433,0.0,0.2038636270643135,0.06382690643039422,0.0,0.0,0.11045115787910591
twist,0.08513685954634356,0.06904487222469939,0.032265742442827615,0.04877188920255357,0.0,0.04404120459145839,0.0,0.0,0.0,0.05009940509898682,0.3329797811960294,0.04187899122078062,0.0,0.0,0.0531408771106577,0.0,0.0,0.04743432248231093,0.0,0.0,0.0,0.0,0.0,0.0,0.05019407217908119,0.03271477096047255,0.0,0.05463702070757026,0.0,0.0,0.09212658134963557,0.0,0.0,0.0,0.0,0.04565416138356778,0.05389316714568438,0.0,0.0,0.0,0.0,0.0,0.10377056718942616,0.0538969522566093,0.0,0.0,0.0,0.050549438749636445,0.0,0.0,0.0,0.06515940470977727,0.0,0.0,0.03621727172559762,0.0,0.09253905930840553,0.03700464250517921,0.0,0.11668127226710692,0.0,0.07848796057564145,0.0527412973539859,0.0442628583451591,0.0,0.051815694584247236,0.0,0.08993270393442415,0.0,0.0,0.0,0.06020333539501952,0.0,0.0,0.060766327326641445,0.1353870244279176,0.02980796141248739,0.0,0.3189486696754692,0.0,0.0,0.047625831382815065,0.09079954479138158,0.04749288603168136,0.07088813869578577,0.0,0.0,0.04228315138259477,0.06876248450812228,0.0,0.3491346610713938,0.0,0.04676239825901815,0.0,0.04214169820736017,0.0624965646705777,0.0,0.0,0.0,0.0,0.0,0.042044168101268334,0.0,0.0,0.0,0.0,0.0,0.0625677236664236,0.08932089281233632,1.0000000000000002,0.05473831234635069,0.0,0.0,0.0,0.03887013897510097,0.0,0.0,0.0,0.0,0.0,0.10967753685593468,0.09191987863291169,0.0,0.043016165059636166,0.084082456910383,0.0,0.09017990354206794,0.0,0.042428311539023836,0.03844909236862571,0.050993196531763825,0.037129797971930036,0.044962846171986905,0.04136860521147685,0.0,0.0,0.037712447069153505,0.04516876460549516,0.07481601667815196,0.0,0.0,0.0,0.0,0.051501485357296976,0.0,0.0,0.0,0.04331627482853046,0.0,0.0,0.035633227374891135,0.06182037468479246,0.0,0.044149313014331885,0.0,0.12407207334723515,0.056162741034088574,0.0,0.0,0.1523427801167487,0.05815221306664532,0.0,0.11588253398564433,0.0,0.12006001324571333,0.03287353076735784,0.0,0.0,0.052545534141837394,0.0,0.0,0.0,0.050883824071689475,0.0,0.0,0.08950862658720807,0.0,0.04175957025352091,0.04560391308213567,0.05638295591562056,0.0,0.09387286167451736,0.042547132053228714,0.0,0.03779289668397052,0.04098876349210136,0.0,0.08259527028453992,0.0,0.0,0.09777454697353424,0.0,0.0,0.0,0.08252388751576017,0.13928799955040955,0.0,0.037911051668608094,0.05414843395779229,0.0,0.06762389748172755,0.07616240613629269,0.0,0.22117688467523083,0.0,0.0,0.04580931253270819,0.04738015084042086,0.04847935521523527,0.08165460710778485,0.05829434021404231,0.05843729373208466,0.0,0.13312752735268074,0.20003092272271775,0.12806524122029453,0.20537321414675191,0.0,0.0,0.10889146485443192,0.05425008584167645,0.0,0.0,0.11484435164906516,0.11309696885439284,0.06675220180573956,0.038431815026449205,0.037731983131964734,0.0,0.03927795405664474,0.0,0.0,0.12494461141432137,0.0,0.0720015248546753,0.0,0.0,0.03465240022075421,0.040375316364332975,0.11205242358939152,0.06745990371526031,0.0,0.1262195342713614,0.0,0.0,0.053814162416004015,0.0,0.03903460950896679,0.11840251249073538,0.04930434441957081,0.04481571192880771,0.0,0.07371137281519935,0.0,0.0,0.4164116755220593,0.13450701392476364,0.0,0.0,0.10725529936339212,0.36225419183932134,0.0,0.0,0.040660680217930505,0.09293500253539787,0.0,0.19767412539284462,0.11379196013778725,0.0,0.10281416211663982,0.19691466275681188
whip,0.03233858313640171,0.37339150309210234,0.03330035789178619,0.14550367744370354,0.027810039032280097,0.17134430283132648,0.0,0.0,0.0,0.0,0.0,0.0936370787285257,0.0,0.0,0.1188174869705186,0.03051474556035,0.0,0.22000040489707168,0.0,0.0332663345853798,0.0,0.0,0.0,0.0,0.112228736923485,0.0,0.0,0.0,0.05703960156829542,0.0,0.030090301888562324,0.0,0.0,0.0,0.0,0.0,0.04094181240678752,0.0,0.0,0.0,0.038528541887369885,0.0,0.0,0.0,0.06553419217468412,0.0,0.027196251774285866,0.19666488283908407,0.0,0.11117469227383445,0.0,0.04711286692603663,0.0,0.0,0.0,0.0,0.0,0.0,0.04755329860031432,0.04290866758389785,0.0,0.0,0.15734581628129807,0.07443782050357507,0.1187023252838418,0.15458441808551113,0.1399146950264945,0.1013559257585036,0.0,0.0,0.0,0.13460841084696507,0.16328226566814247,0.0,0.13586720238630492,0.0,0.029726847261111248,0.07545409119778566,0.037056875887469226,0.033058786186457315,0.0,0.0,0.0518746949084012,0.0,0.3287792130116003,0.032200122975443835,0.0,0.0,0.03928470030546981,0.04213556200843595,0.040564018707149804,0.04279451525482919,0.13950866009139412,0.0,0.0,0.13973583354647484,0.0,0.034859733456522456,0.13660981466607125,0.0,0.0,0.041929756485906355,0.0,0.09751368852801537,0.0,0.0,0.0,0.04523897742913134,0.0,0.05473831234635069,0.9999999999999999,0.0,0.0,0.0,0.0,0.14317993667685563,0.03465474938261834,0.0,0.026659481091770472,0.0,0.0,0.1035955107192309,0.0,0.0,0.0,0.0,0.13341829963057306,0.07609178136034732,0.13598126732915644,0.09391507306339006,0.11257699415120799,0.0,0.0,0.0,0.10578365435540216,0.0,0.0,0.0,0.0,0.0,0.0,0.0388954298812494,0.0,0.0809792536568418,0.0,0.04737164275735887,0.04091315806270572,0.0968506957334002,0.0,0.0,0.07107252273549185,0.13822394290420464,0.03839726243545949,0.0,0.0,0.1719775137032132,0.3213209432818748,0.0,0.0,0.18697418229836177,0.13002231415874038,0.0,0.262030729516651,0.0,0.0,0.032784074513908225,0.0,0.13373458011788647,0.11748636186896075,0.0,0.0,0.0,0.11377095058213836,0.0,0.041538627594703885,0.10087798224919203,0.0,0.06566138449599969,0.03585305180619993,0.0,0.0,0.0,0.0,0.0,0.0,0.0,0.0,0.0,0.0553280155240106,0.03294205181781656,0.040408770519983185,0.032154357462701615,0.0,0.0,0.12209146737578025,0.0,0.0,0.0,0.12107027952994856,0.0,0.1512000176662384,0.0,0.0,0.20441470880280754,0.0,0.07280004837335777,0.10242486934585911,0.6432186979076167,0.1791191811351314,0.0,0.0,0.0,0.07438265248189312,0.0,0.13399273414752888,0.092602694970548,0.0,0.0455014148122561,0.0,0.07552213410727956,0.0,0.18344610636198927,0.0,0.04223315372767997,0.0852054707243193,0.0,0.0,0.03894187603113937,0.0,0.06175937223185654,0.04929507516799732,0.028643726716160074,0.0,0.0,0.0,0.04344888872279791,0.0,0.05448630244015421,0.040265446069007636,0.0,0.03363816509022835,0.0,0.0,0.0,0.0,0.0,0.034104321094103204,0.03892838757782552,0.043152224869495666,0.0,0.04469375832080619,0.0,0.0,0.0,0.0,0.0458182341375224,0.0,0.0,0.06800865359366971,0.0394423363542002,0.0,0.042626405222911466,0.08609230584725798,0.08110006676705797,0.0,0.0,0.0,0.08228182818641658,0.0,0.08641794840322126,0.1420524732472825
carve,0.0,0.0,0.0,0.0,0.0,0.0,0.0,0.0,0.0,0.0,0.0,0.0,0.0,0.0,0.0,0.0,0.0,0.0,0.0,0.0,0.0,0.0,0.0,0.0,0.0,0.0,0.0,0.0,0.0,0.0,0.0,0.0,0.039861025697191535,0.0,0.04282319854842032,0.0,0.0,0.0,0.0,0.0,0.0,0.0,0.040521068685425744,0.0,0.0,0.0,0.0,0.0,0.04624359659494349,0.08122992028515315,0.0,0.0,0.2932050317706833,0.0,0.0,0.08626708712806594,0.0,0.07487960012287072,0.0,0.0,0.0,0.0,0.0,0.08956673835497532,0.0,0.24940727739715543,0.0,0.0,0.0,0.0,0.10188837099554007,0.06440077304332094,0.0,0.20287734370434451,0.13474283441026397,0.0,0.0,0.0,0.0,0.17877929261062692,0.3041195164614398,0.0,0.0,0.0,0.0,0.0,0.0,0.0,0.0,0.0,0.0,0.0,0.0,0.0,0.0,0.0,0.0,0.0,0.0,0.0,0.0,0.0,0.2034555711653916,0.2153095350468892,0.0,0.3356153411721333,0.0,0.0,0.19029550548072602,0.0,0.0,1.0000000000000002,0.19382275397661994,0.0,0.0,0.0,0.0,0.0,0.0,0.0,0.0,0.0495632548676399,0.0,0.0,0.0,0.0,0.08977156322146339,0.0,0.0,0.0,0.0,0.0,0.0,0.044976918022144256,0.0,0.0,0.03425178284745793,0.0,0.0,0.0,0.0,0.0,0.1834686186615012,0.0,0.0,0.0,0.047264759532037445,0.09604920855454227,0.1151105043100633,0.12149011681326326,0.0,0.0,0.0,0.19362892561975634,0.0,0.0,0.0,0.0,0.0,0.0,0.0,0.0,0.0,0.20253939052823816,0.0,0.0,0.0,0.0,0.0,0.06862021896711214,0.06359438133595985,0.06982345445864603,0.0,0.0,0.0,0.0,0.0,0.0,0.0,0.16832916672926995,0.08193290655058348,0.0,0.0,0.28981829873515497,0.2525243387772259,0.0,0.0,0.0,0.0,0.04714505023527406,0.0,0.0,0.36332755142642764,0.051461962431436276,0.0,0.0,0.05230425725367498,0.08543912830221631,0.04838782291133051,0.0,0.0,0.0,0.0,0.0,0.0,0.10418786166306934,0.04900318429755235,0.0,0.0,0.0,0.06337897416552438,0.0,0.0,0.0,0.0,0.0,0.0,0.052565324489804104,0.0,0.0,0.319017294142283,0.0,0.0,0.0,0.0,0.0,0.0,0.0,0.0,0.0,0.0,0.30511397269572543,0.0,0.4495197951287719,0.21495780923870567,0.0,0.35220396122175035,0.0,0.0,0.0,0.0,0.0,0.0,0.0,0.0,0.0,0.0407731738959139,0.0,0.4020250339636914,0.0,0.0,0.04223676240249493,0.0,0.0,0.0,0.0,0.0,0.0,0.0,0.0,0.0,0.058948601198986005,0.0,0.05803322062272277,0.0,0.0,0.0,0.0,0.0,0.0,0.0
divide,0.0,0.0,0.0,0.0,0.0,0.0,0.0,0.0,0.0,0.0,0.0,0.0,0.0,0.0,0.0,0.0,0.046605328374852276,0.0,0.0,0.0,0.0,0.0,0.0,0.0,0.0,0.0,0.0,0.0,0.0,0.0,0.0,0.0,0.03512621377102801,0.0,0.0,0.0,0.23106264862825832,0.0,0.0,0.0,0.0,0.07282469495507549,0.03570785487777997,0.0,0.0,0.0,0.0,0.0,0.0,0.0,0.0,0.0,0.2079125709384285,0.25044105275781864,0.0,0.03460060359754992,0.0,0.032992588562395786,0.0,0.0,0.0,0.0,0.03991093662446565,0.03946386656141995,0.0,0.1254678352760535,0.0,0.06896231795772717,0.0,0.0,0.0,0.0,0.0,0.23944550290582067,0.04598371978902099,0.0,0.0,0.0,0.0,0.22314194416130095,0.20199576648009782,0.0,0.0,0.06416193105713737,0.0,0.0,0.0,0.0,0.0,0.08286810512155296,0.0,0.0,0.03538652264841659,0.0,0.0,0.0,0.0,0.0,0.0,0.07062880358331226,0.0,0.0,0.17322353867875123,0.14300829840949816,0.0,0.19815178693056204,0.0,0.0,0.22949094230141093,0.0,0.0,0.19382275397661994,1.0000000000000002,0.0,0.08316934412718782,0.0,0.0,0.0,0.0,0.0,0.0,0.0,0.0,0.0,0.0,0.08046856167539387,0.21483872533063222,0.0,0.0,0.0,0.0,0.0,0.10882346507748616,0.0,0.09266517296495429,0.0,0.17212553144890802,0.0,0.0,0.0,0.0,0.0,0.12185960533800086,0.0,0.0,0.0,0.041650509943489865,0.0,0.0,0.0,0.0,0.0,0.0,0.0,0.0,0.0,0.0,0.0,0.0,0.08143597490719132,0.13726264439909655,0.0,0.0,0.2011295244902749,0.0,0.0,0.0,0.0,0.03976279667445605,0.08526722909713318,0.0,0.0,0.0,0.03777077343666661,0.0,0.03414175597315643,0.04488628529193085,0.0,0.0,0.37627316811854516,0.03286222029200209,0.09516662686846675,0.0,0.3168959457886392,0.02906695766712326,0.0,0.0,0.036057733892002404,0.0,0.0,0.0,0.0,0.3401345446896314,0.03640465561349383,0.03122416218300632,0.0,0.0,0.0,0.04264017249354915,0.0,0.0,0.0,0.03386968179894406,0.0,0.0,0.0,0.0,0.0,0.0,0.0,0.0,0.0,0.0,0.0,0.0,0.0,0.0,0.135809193377436,0.11660354455378766,0.0,0.17304387817107053,0.0,0.04152040360583683,0.0,0.0,0.0,0.0,0.0,0.0,0.0,0.0,0.1655023288358226,0.0,0.2346763992208915,0.39288314182230516,0.0,0.2853759545685478,0.0,0.0,0.0,0.0,0.0,0.0,0.0,0.0,0.0,0.03593001427687995,0.0,0.16023379742988295,0.0,0.0,0.0,0.0,0.0,0.0,0.0,0.0,0.0,0.0,0.03858584459311715,0.0,0.0,0.0,0.0,0.0,0.0,0.0,0.0,0.0,0.0,0.07084142807244609
meld,0.0,0.0,0.11384128849523849,0.09699188771137081,0.0,0.0,0.0,0.0,0.0,0.14068808677551353,0.0,0.0,0.1072777896161102,0.1197813130803904,0.0,0.10561006491329898,0.0,0.0,0.0,0.1151331820231369,0.0,0.0,0.0,0.0,0.0,0.0,0.0,0.0683620370720672,0.04935282855580934,0.05065813505978235,0.0,0.0,0.0,0.0,0.0,0.0,0.0,0.0,0.0,0.0,0.1517487547235823,0.0,0.0,0.0,0.052148512022867015,0.0,0.0,0.0,0.0,0.0,0.0,0.0,0.0,0.0,0.0,0.0,0.08413969453673804,0.04630034196625126,0.0,0.0,0.0,0.0,0.0,0.0,0.0637860805773418,0.0,0.0,0.0,0.0,0.0,0.0,0.0,0.0,0.0,0.0,0.0,0.0,0.0,0.0,0.0,0.0,0.0,0.0,0.0,0.0,0.0,0.0,0.0,0.0,0.0,0.0,0.0,0.0,0.0,0.07767656475077464,0.0,0.0,0.16643677161007103,0.07340887910248804,0.23639019025893487,0.04622944347719738,0.0,0.0,0.10048757990936685,0.0,0.0,0.0,0.0,0.0,0.0,0.0,0.0,0.0,1.0000000000000002,0.07164635018063203,0.0,0.0,0.0,0.0,0.0,0.0,0.08740852611129904,0.0,0.0,0.0,0.0,0.0,0.12109932367929022,0.0,0.1676494840809712,0.0,0.0,0.40374191122961783,0.0,0.0,0.0,0.0,0.0,0.0,0.0,0.0,0.13136721905244664,0.0,0.0644388439498906,0.0,0.07802128049755386,0.0,0.0,0.0,0.0,0.0,0.0,0.0,0.0,0.0,0.0974506174124755,0.0775880376751014,0.0,0.0,0.0,0.0,0.0,0.0,0.0,0.0,0.0,0.0,0.0,0.0,0.0,0.0,0.0,0.0,0.0,0.0,0.0,0.0,0.0,0.0,0.0,0.0,0.0,0.0,0.0,0.0,0.0,0.0,0.0,0.0,0.0,0.0,0.0,0.0,0.0,0.0,0.0,0.0,0.0,0.0,0.0,0.0,0.0,0.20810224017141388,0.0,0.0,0.0,0.0,0.06545501271434194,0.0,0.0,0.0,0.0,0.0,0.0,0.0,0.0,0.0,0.0,0.0,0.0,0.0,0.08344011339988854,0.2884256947571934,0.0,0.0,0.0,0.0,0.06954847468423346,0.0,0.0982894351325149,0.07845262861299114,0.0,0.0,0.0,0.0,0.0,0.0,0.0,0.0,0.0,0.0,0.0,0.0,0.0,0.4259541192820059,0.0,0.0,0.23751184372668716,0.0,0.08098347215497018,0.0,0.0,0.0,0.0,0.0,0.0,0.0,0.0,0.0,0.0,0.0,0.0,0.0,0.0,0.0,0.06678430511821455,0.0,0.0,0.299351305872234,0.0,0.16826749636181812
swirl,0.0,0.0,0.052084535134475834,0.0,0.025911380180381548,0.0,0.0,0.0,0.0,0.12270588405055308,0.02405598020188482,0.0,0.03756799368081251,0.10447133265603208,0.0,0.029872366827962894,0.04289122794429902,0.033034422636226565,0.0,0.03256603099609186,0.0,0.0,0.0,0.0,0.03495637984110294,0.0,0.0,0.0,0.044232262959069485,0.0,0.0,0.0,0.0,0.0,0.0,0.0,0.0,0.0,0.0,0.0,0.056872760954570244,0.07876565607092226,0.0,0.05544525352227462,0.0,0.0,0.0,0.03520386581472229,0.0,0.0,0.030083923970379726,0.0,0.08514615593422313,0.0,0.02481043345775177,0.0,0.0,0.026192594439013832,0.0,0.028481077194983544,0.0,0.0,0.0,0.0,0.0,0.0,0.0,0.0,0.0,0.0,0.0,0.0,0.0,0.05537643298621172,0.0,0.09274610153027578,0.02041977233235526,0.0,0.026744949334479594,0.07671419482431881,0.0,0.0,0.04670397462082765,0.0,0.07821325905405453,0.0,0.0644149087265947,0.18403738230466693,0.0,0.0,0.029276149139503067,0.03852888114139974,0.0,0.0,0.30796335383304274,0.0,0.0,0.0,0.0,0.0887297418539238,0.0,0.028802115268825784,0.0,0.03709555731900196,0.050868378730336866,0.0,0.0,0.0,0.0,0.03887013897510097,0.0,0.0,0.08316934412718782,0.07164635018063203,1.0000000000000002,0.0,0.0,0.0,0.0,0.0,0.020723711425629426,0.0,0.0,0.0,0.05760020296241447,0.0,0.0,0.0,0.029065270518974808,0.6507597391005506,0.08231507274577775,0.04163683239644887,0.03080153887551844,0.0,0.0,0.0,0.0,0.03094260211272165,0.02216071844985375,0.10857915683590026,0.0,0.06058671147939115,0.0,0.0,0.0,0.0,0.05835715086544665,0.030166513503934525,0.0,0.0,0.20311567426277913,0.0,0.03456993382730295,0.030244232670164246,0.0,0.05981875470134928,0.0676710372063142,0.054299910545589476,0.024106525569191264,0.08807943507757929,0.10086491932527152,0.0,0.034324738510990535,0.0,0.11198217304519038,0.022519822967460943,0.0,0.0,0.0,0.0,0.0,0.0,0.05614182833688339,0.0,0.0,0.0,0.0,0.0,0.0,0.0,0.029062827853608714,0.13431353302403215,0.029146667828066217,0.0,0.0,0.02807911641830125,0.03947717728714483,0.057649154485704034,0.0,0.0,0.09035695283896489,0.0,0.04194017975557183,0.0,0.0,0.08011566932192474,0.03405183579834498,0.026834168198581317,0.0,0.050475609261875574,0.0,0.022559522864075136,0.10785854029349912,0.0,0.0,0.0,0.0,0.05708880819076874,0.0,0.02418632852418981,0.0,0.04003213159113401,0.02829619092799204,0.032495492289707065,0.0,0.031259823880216885,0.03470959302423397,0.0,0.0,0.026579640041071086,0.0,0.0,0.06611119277568936,0.02803269780292704,0.0,0.0,0.062038033793074245,0.1215673995038527,0.045924393298029956,0.0,0.0,0.0,0.25377126532567007,0.0,0.0,0.0,0.0,0.0,0.027658877995632065,0.027351207817041603,0.0462130186082146,0.0,0.03738658760586127,0.027034932222920704,0.11165209507074035,0.03686508210289224,0.0,0.20970981729980487,0.0,0.03377565725182054,0.03070074540942271,0.0,0.021833519773405096,0.07641542286107211,0.029679395017653848,0.13904163687232227,0.032832215251203355,0.0,0.04534872488439576,0.026180263562321383,0.10730072929657612,0.0,0.0,0.027854364860423295,0.053454353250751964,0.13779092880629698,0.03287388726389401,0.02777581644322232,0.0,0.030173622663328528,0.04806548301909398
thicken,0.0266367747325629,0.0,0.13168751180242874,0.030027231983285035,0.022906685239799014,0.0,0.0,0.0,0.0,0.0,0.0,0.0,0.0,0.0,0.0,0.10388051150370822,0.07457666015444694,0.09385235647738392,0.0,0.05662383528232698,0.0,0.0,0.0,0.0,0.0,0.0,0.15501527850990143,0.0,0.0,0.0,0.3920341359438358,0.0,0.0,0.0,0.0,0.0,0.03372311735559214,0.0,0.0,0.062181525261674024,0.03173534495000075,0.12346491602852197,0.054908449203440915,0.0,0.10527395503301185,0.0,0.022401118472821325,0.06889423692286722,0.0,0.0,0.0,0.0,0.0,0.0,0.0,0.0,0.0,0.0,0.03916889299893465,0.03534318456952304,0.0,0.0,0.15041870266101848,0.0,0.17388550153834043,0.1477788743900324,0.06410141800638255,0.10137618407785953,0.0,0.0,0.0,0.0,0.13449299587677432,0.0,0.0,0.0,0.024485529581294782,0.12120925489764384,0.0,0.1261400104974583,0.0,0.058613725433395165,0.12393439048961316,0.0,0.1402574868730579,0.1830183459114147,0.0,0.0,0.15535281788690536,0.16662665720648354,0.0,0.10224083580194247,0.028790055164498007,0.0,0.0,0.13976376297556614,0.0,0.028713406007987954,0.18240650295552369,0.11301841367971174,0.0,0.10246438788251887,0.11256221851623066,0.0,0.0,0.0,0.058097999171827085,0.0,0.0,0.0,0.14317993667685563,0.0,0.0,0.0,0.0,1.0000000000000002,0.02854456389832234,0.0,0.02195898902970691,0.04557887136262871,0.0,0.0,0.0,0.0,0.0,0.0,0.0,0.06267558570967513,0.034852422911348206,0.0,0.0,0.0,0.0,0.0,0.08441593428841705,0.0,0.0,0.0729756861242424,0.0,0.0526718545440159,0.06500814285286897,0.03203754473419754,0.0,0.14563209854235035,0.0,0.11576280868107723,0.03369951522976007,0.0,0.0,0.13268955090256349,0.058541302499095824,0.13825157014708203,0.1665872210812579,0.0,0.0,0.0,0.0,0.0,0.0,0.0,0.0,0.0,0.13227342598720382,0.0,0.0,0.02700371886916555,0.0,0.03719350378216845,0.0,0.0,0.0,0.0,0.11379369033053564,0.0,0.034214704499359296,0.10089814504051473,0.12267125571829915,0.220872714423951,0.0994237925342738,0.0,0.0,0.0,0.0,0.0,0.0,0.0,0.0,0.0,0.04557280322692571,0.08050099638049041,0.0,0.026485030985794338,0.0,0.0,0.0,0.0,0.0,0.0,0.0,0.0,0.0,0.0,0.0,0.0,0.0,0.05996423779179156,0.0,0.0,0.14725448229718607,0.0,0.0,0.0,0.04919969689939114,0.0,0.0,0.07627536169889176,0.0,0.03747878907541482,0.0,0.0318718814241915,0.08960557283864073,0.0,0.0,0.03478677458888457,0.0,0.0,0.06209131675507233,0.032075801686476356,0.0,0.05087020908818669,0.04060356655504367,0.1092937885947818,0.0,0.0,0.0,0.035788156098484424,0.0,0.20879176836607685,0.03316600519949859,0.0,0.027707219643664092,0.0,0.0,0.0470066969242658,0.0,0.0,0.0280911849031522,0.032064691462787946,0.0,0.0,0.03681353531543092,0.0,0.0,0.0,0.0,0.0,0.0,0.07264026315182841,0.05601764239325457,0.09423210920422107,0.0,0.035110689568323916,0.0709128580985655,0.0668008304556259,0.0,0.0,0.0,0.06777422847316786,0.0,0.03618145776910042,0.0
garnish,0.0,0.0,0.027254895881321264,0.0,0.0,0.0,0.0,0.0,0.0,0.0,0.0,0.0,0.0,0.0,0.0,0.0,0.0,0.0,0.0,0.0,0.2499605969962958,0.0,0.0,0.0,0.0,0.0,0.0,0.0,0.0,0.0,0.0,0.0,0.0,0.0,0.0,0.0,0.0,0.0,0.0,0.0,0.0,0.0,0.0,0.0,0.05363688853410425,0.0,0.0,0.0,0.0,0.0,0.0,0.0,0.0,0.08879340550683137,0.0,0.0,0.0,0.0,0.43411985610355996,0.03511887983924103,0.0,0.0,0.0,0.0,0.03280330311681805,0.0,0.04294557259269926,0.0,0.0,0.0,0.0,0.0,0.16618317481300476,0.0,0.0,0.0,0.0,0.06175589481945535,0.0,0.0,0.0,0.0,0.04245718358938468,0.0,0.0,0.0,0.0,0.1251336125385819,0.03215282009982801,0.03448612652070446,0.0,0.03502545111833998,0.0,0.0,0.0,0.0,0.0,0.028531177019045815,0.03775202506360233,0.0,0.0,0.0,0.0,0.0,0.0,0.0,0.0,0.42417517514331077,0.0,0.0,0.03465474938261834,0.0,0.0,0.0,0.0,0.02854456389832234,1.0,0.0,0.0,0.0,0.0,0.0,0.0,0.0,0.0,0.0,0.0,0.062277816506953125,0.0,0.0,0.0,0.0,0.10952380208860635,0.0,0.0,0.0,0.0,0.0,0.0,0.0,0.0,0.031834219173186865,0.0,0.06627800019857212,0.0,0.0,0.03348564201017578,0.0,0.0,0.0,0.0,0.0,0.19968980027669309,0.0,0.0,0.0,0.0,0.0,0.0,0.0,0.0,0.0,0.0,0.0,0.0,0.0,0.0,0.036957456042393005,0.0,0.0,0.0,0.0,0.0,0.0,0.03399756164259971,0.0,0.0,0.053740989922012,0.02934416492402395,0.0,0.0,0.0,0.0,0.0,0.0,0.0,0.0,0.0,0.0452835764506599,0.0,0.0,0.0,0.0,0.0,0.0,0.0,0.0,0.0,0.0,0.0,0.0,0.0,0.0,0.0,0.0,0.0,0.0,0.0,0.0,0.0,0.0,0.0,0.0,0.0,0.0,0.03854524149945194,0.0,0.03724093077890731,0.0,0.0,0.0,0.0,0.0,0.034566001102098405,0.0,0.0,0.0,0.03187223332857381,0.0,0.050547362444119566,0.04034587692815956,0.0,0.0,0.0,0.0,0.035561027366347385,0.0,0.04459467086781299,0.0,0.0,0.0,0.0,0.0,0.0,0.0,0.0,0.0,0.0,0.0,0.0,0.0,0.0,0.0,0.0,0.0,0.0,0.0,0.0,0.0,0.03228183835570536,0.0,0.4661441554391793,0.0,0.0,0.0,0.0,0.0,0.13301421964830434,0.0,0.0,0.0
,0.0,0.0,0.0,0.0,0.0,0.0,0.0,0.0,0.0,0.0,0.0,0.0,0.0,0.0,0.0,0.0,0.0,0.0,0.0,0.0,0.0,0.0,0.0,0.0,0.0,0.0,0.0,0.0,0.0,0.0,0.0,0.0,0.0,0.0,0.0,0.0,0.0,0.0,0.0,0.0,0.0,0.0,0.0,0.0,0.0,0.0,0.0,0.0,0.0,0.0,0.0,0.0,0.0,0.0,0.0,0.0,0.0,0.0,0.0,0.0,0.0,0.0,0.0,0.0,0.0,0.0,0.0,0.0,0.0,0.0,0.0,0.0,0.0,0.0,0.0,0.0,0.0,0.0,0.0,0.0,0.0,0.0,0.0,0.0,0.0,0.0,0.0,0.0,0.0,0.0,0.0,0.0,0.0,0.0,0.0,0.0,0.0,0.0,0.0,0.0,0.0,0.0,0.0,0.0,0.0,0.0,0.0,0.0,0.0,0.0,0.0,0.0,0.0,0.0,0.0,0.0,0.0,0.0,0.0,0.0,0.0,0.0,0.0,0.0,0.0,0.0,0.0,0.0,0.0,0.0,0.0,0.0,0.0,0.0,0.0,0.0,0.0,0.0,0.0,0.0,0.0,0.0,0.0,0.0,0.0,0.0,0.0,0.0,0.0,0.0,0.0,0.0,0.0,0.0,0.0,0.0,0.0,0.0,0.0,0.0,0.0,0.0,0.0,0.0,0.0,0.0,0.0,0.0,0.0,0.0,0.0,0.0,0.0,0.0,0.0,0.0,0.0,0.0,0.0,0.0,0.0,0.0,0.0,0.0,0.0,0.0,0.0,0.0,0.0,0.0,0.0,0.0,0.0,0.0,0.0,0.0,0.0,0.0,0.0,0.0,0.0,0.0,0.0,0.0,0.0,0.0,0.0,0.0,0.0,0.0,0.0,0.0,0.0,0.0,0.0,0.0,0.0,0.0,0.0,0.0,0.0,0.0,0.0,0.0,0.0,0.0,0.0,0.0,0.0,0.0,0.0,0.0,0.0,0.0,0.0,0.0,0.0,0.0,0.0,0.0,0.0,0.0,0.0,0.0,0.0,0.0,0.0,0.0,0.0,0.0,0.0,0.0,0.0,0.0,0.0,0.0,0.0,0.0,0.0,0.0,0.0,0.0,0.0,0.0,0.0,0.0,0.0,0.0,0.0,0.0,0.0
thaw,0.02107153654443938,0.07481437004527466,0.0,0.023753623417878095,0.01812077700804858,0.0,0.07563036326590944,0.0,0.0,0.0,0.021718273539652905,0.0,0.0,0.0,0.0,0.0,0.028548534346794694,0.023102181435858942,0.03656892671865828,0.0,0.0,0.0,0.0,0.0,0.02326707483938972,0.0,0.0,0.0,0.0,0.0,0.10684846571507493,0.053163823156803874,0.0,0.08135930650232633,0.0,0.021508890676335223,0.026677325122327473,0.024197024522783564,0.020442137943198647,0.0,0.02510485926236571,0.0,0.041542617104419796,0.0,0.01963593463755388,0.0496133645371973,0.9225495252469708,0.0,0.039604471300135516,0.0,0.020023953099922897,0.0,0.0,0.0,0.0,0.0,0.0,0.0,0.028496680347471,0.0257133494471432,0.019633608978437276,0.05306143983365719,0.025686864634542766,0.0,0.024017929954611366,0.0252360635688796,0.3703829853062843,0.0,0.0,0.0,0.0,0.027906791567323282,0.0,0.0,0.0,0.0,0.019369752402923962,0.0,0.0,0.021540814521914555,0.0,0.10489974813718961,0.0,0.0,0.0345250138738904,0.06766080175962252,0.0,0.02615099450147703,0.0,0.0,0.0,0.0,0.022774930734145066,0.0774106349304125,0.0,0.0,0.05721246800837632,0.0,0.0,0.0,0.0,0.08810528281477945,0.0,0.0,0.0,0.0,0.10397676372447383,0.029002785505887627,0.14296600966355477,0.0,0.026659481091770472,0.0,0.0,0.0,0.0,0.02195898902970691,0.0,0.0,1.0,0.0,0.06244531903580719,0.021477248760025495,0.0,0.047373292492399646,0.0,0.0,0.0,0.0,0.0275706841542249,0.0,0.0,0.04089069253545463,0.0,0.04555885053837194,0.07553870855456017,0.0,0.04153235843163421,0.0,0.0,0.03985045502550132,0.02488563037300083,0.0,0.0,0.024263720647767426,0.031575402887743576,0.0995400959206783,0.0,0.0,0.07162295188985461,0.025397303885408153,0.06834842609767763,0.0,0.0,0.027305165394011625,0.0,0.0,0.0,0.0,0.0,0.02353910672672562,0.0,0.0,0.032559701226419546,0.0,0.07505059149651565,0.021361814810551615,0.059609914757588936,0.0,0.0,0.0,0.06441719534759481,0.0,0.0,0.0,0.0,0.0,0.08883389475649581,0.0,0.0,0.01930337944567534,0.0382319979585571,0.0,0.0,0.0,0.0,0.08460884959129072,0.0,0.02208750566467126,0.0,0.021464751433298995,0.0,0.0209514967146354,0.0,0.022300015843807582,0.01912665563391751,0.0,0.022665007519088242,0.0,0.0,0.0,0.0,0.0,0.0,0.0,0.0,0.09258360518394654,0.04963721054024429,0.0,0.023611149089216542,0.06499243110120867,0.0,0.03614189806339747,0.037223491094642555,0.0,0.06493565086507737,0.029652389794738304,0.0,0.0,0.0,0.02521286908466759,0.0,0.0,0.0,0.0,0.041292333751897004,0.0,0.0,0.0,0.0,0.0,0.0,0.01866400057549522,0.0,0.0,0.057622412708029334,0.0,0.020505291433528448,0.0,0.02623661076128564,0.0,0.021918332723389073,0.0,0.07890096335482974,0.0,0.0,0.0,0.14459421029651304,0.025365395199980382,0.0,0.0,0.056839375344077014,0.036172892412160734,0.0,0.0,0.0,0.0,0.0,0.13000274684646665,0.03765489269579366,0.0,0.0,0.0,0.04766741241461215,0.07799163033194144,0.0,0.0,0.06937732327121146,0.026347536032113292,0.0,0.02862204291875747,0.0
braise,0.11796881709350333,0.0,0.04351957864206825,0.0,0.0176320030422614,0.0,0.0,0.0,0.0,0.0,0.0,0.1791390975242904,0.0,0.09492657487792161,0.05137837200861611,0.04336178266432921,0.031129774802208517,0.0,0.03987533789587033,0.09306804594715835,0.0698910839613615,0.0,0.42757139866628,0.09828533813064838,0.13394213776344632,0.031514272858696846,0.07056707668467381,0.07828163397901278,0.0,0.08755257366213318,0.04069611835342583,0.0,0.09018613955261925,0.0,0.05943992960245614,0.33961482374512497,0.05827085843344741,0.0,0.18104690002109278,0.02595580003509085,0.0,0.16243836120173677,0.07225384165695667,0.09635706035443192,0.10518965586085594,0.0,0.0,0.0,0.08968975511163352,0.03541807535094886,0.0,0.09674907458287099,0.0,0.0,0.04884934564441323,0.046743372780221976,0.0,0.04001049481784442,0.0,0.0,0.2688714184441855,0.0,0.0,0.0,0.02618953189049495,0.0,0.01607319329181269,0.0,0.08123600548197137,0.10257456837443571,0.044425625294686535,0.0,0.0,0.0,0.0,0.0913040551778177,0.0,0.02465236459634104,0.05265822044209868,0.0,0.0,0.024466529733046406,0.03389700603122212,0.0,0.0,0.13140341252992144,0.2800761137143726,0.08127967163388253,0.15330827527582472,0.05506613203415972,0.05764190822736913,0.027963652494874605,0.0,0.0,0.05436196651561157,0.06648529016195537,0.0,0.09669247445851119,0.06028099431408012,0.04717612399195755,0.15543982221902208,0.028354290674786873,0.0,0.0,0.0,0.0,0.02425125537845677,0.0,0.0,0.0,0.0,0.0,0.0,0.0,0.0,0.04557887136262871,0.0,0.0,0.0,0.9999999999999998,0.04080298492928394,0.0,0.27994664167232125,0.020718823993327664,0.0,0.0,0.0,0.07563271274134606,0.05722670860416451,0.0,0.0,0.017883643230904498,0.0,0.01992527341844117,0.03523688267447518,0.12381553437078156,0.0,0.030461496537651782,0.02045416927756312,0.3527558563689692,0.05257728588190646,0.048615467184258396,0.0,0.050608056792011344,0.20718415100882492,0.03203427448799507,0.0,0.0,0.1117048369375288,0.11077449243901764,0.0,0.0,0.04861422899294754,0.0,0.0,0.0,0.0,0.27191557856166887,0.2014970835980714,0.0,0.0,0.0,0.0,0.0,0.0,0.0,0.026070540322226828,0.027664054694384856,0.0,0.0,0.0,0.06598455881375206,0.0,0.0,0.0,0.0,0.05120541141566634,0.04290578190791126,0.021965218127786623,0.0,0.0,0.0,0.057386972039025576,0.0,0.0182030260835117,0.0,0.0,0.0,0.0,0.11711077304913928,0.02648489993807402,0.35722351068909675,0.0,0.0,0.0,0.0,0.07259993355124754,0.3453766357179867,0.0,0.0,0.0,0.020822262623254147,0.0,0.0,0.0,0.0,0.0,0.0,0.17512935458307743,0.0,0.059894396242700744,0.036949343405070924,0.1745468690459323,0.0,0.028399763883448913,0.0,0.0683398341147468,0.0,0.0,0.0,0.0,0.04488202770079189,0.0,0.0,0.0,0.02336398245227269,0.025918145218021563,0.0,0.2193561219018227,0.0,0.0,0.0,0.0,0.0,0.0,0.0,0.0,0.10631621201516386,0.0,0.0,0.0,0.12962182353364152,0.0,0.6755079044885477,0.0,0.0,0.0,0.0,0.02828302725044992,0.0,0.06044680060103717,0.08496103713862801,0.04523827766195755,0.2411006452419392,0.28928189589247144,0.0,0.0,0.03032148434653045,0.08844188350564025,0.02577320436572418,0.0,0.0,0.09328102915527103,0.14113587001161534,0.0,0.0,0.0,0.0,0.0,0.0,0.04436406375114035
uncover,0.13768184795683142,0.04233200395668354,0.017202560961955143,0.0,0.0,0.0,0.04279371509885629,0.0,0.0,0.053421245266562015,0.09245489359094297,0.0226988081006801,0.0,0.023497380135083058,0.0,0.0,0.03230707331211057,0.0,0.06276299161758192,0.025345312735819716,0.0944304477861089,0.0,0.07882727020380238,0.0,0.026330286643206385,0.0348839232694631,0.0,0.05825972739768853,0.0,0.0,0.0493638322163857,0.03008153608543805,0.04835430271556436,0.09207061377875063,0.07296196018270037,0.12332160102715388,0.0574665526385592,0.0273826682552716,0.04703596053695876,0.0,0.0,0.0,0.0,0.02157581454134682,0.17454704942159893,0.028072590100298136,0.0637026134446278,0.0,0.02343084319622869,0.0,0.022660193792754395,0.0353170117127338,0.0,0.0,0.045500449123978035,0.0,0.0,0.07845076724163294,0.03224839250778883,0.05126472116680924,0.04517559071726693,0.0390192584197972,0.0,0.04719770638361642,0.027179995106680007,0.0,0.0,0.04755877418505431,0.0,0.0,0.0,0.03158084229891573,0.0,0.0,0.0,0.12113561496528771,0.05712478925959534,0.0,0.04904820419961863,0.0,0.0,0.11013878986267192,0.0695275245002309,0.05064190099867346,0.0,0.07107567664672576,0.07152219088635807,0.0521372543903232,0.06503589253541711,0.0,0.05369023224589243,0.0,0.0,0.043801041192761896,0.02246795138022859,0.0,0.03237236938086318,0.0,0.0,0.0,0.0,0.05680931783520303,0.0,0.0,0.0,0.05767355007762622,0.05883287890713959,0.03282112861598905,0.08089405395095096,0.10967753685593468,0.0,0.0,0.0,0.0,0.020723711425629426,0.0,0.0,0.0,0.06244531903580719,0.04080298492928394,1.0,0.07291446648053411,0.022057251877567945,0.07267344757615685,0.044828771363150804,0.0,0.0,0.0,0.39799808956738214,0.020499229378500055,0.027187149762227875,0.06272875377629432,0.02397205344545087,0.06988998572901654,0.04274185437208498,0.0,0.06371310741552882,0.024081839371247957,0.06252956841998306,0.02357637237282575,0.028161932066711897,0.0,0.0,0.08237443564734227,0.07265284131695325,0.03885713466001643,0.0,0.0,0.027231741930138078,0.2257608073304292,0.043937563299921656,0.0,0.0,0.05443832563373552,0.0,0.0,0.0,0.0,0.037522990111905845,0.02663813271406359,0.0,0.0,0.09685205333382024,0.0,0.1428091623783711,0.06299972988147515,0.033728909911942835,0.0,0.0,0.0,0.03644899992718811,0.03537835577906674,0.0,0.0,0.0,0.04733451095365016,0.059121623981039005,0.04452843781940802,0.04862767973117139,0.021844753476563,0.0,0.017833152965570764,0.053452773362573425,0.0,0.04029875402909838,0.381476357465712,0.0,0.09402671820060185,0.0,0.0,0.02233228436321967,0.02331640584642058,0.0,0.025235910116275646,0.021644763204799824,0.026460727391728108,0.36179614605524335,0.08219344300555413,0.08906406321376124,0.0,0.0,0.0636548508859679,0.0,0.05824575430533716,0.0,0.05109162938819544,0.028086082816934328,0.0,0.0,0.09295586425051815,0.09427259272729752,0.17190127982681797,0.04404440985691434,0.025290414256679983,0.09961514960616119,0.024328724995865244,0.06365475533518758,0.0,0.0,0.020686257079571887,0.0,0.0,0.0,0.02181713493821757,0.10332546584502067,0.06313455737085472,0.08615408737787562,0.020116900802552976,0.0178708929940071,0.04188227810455992,0.0,0.0,0.02373589478182751,0.0,0.032604327233842906,0.0,0.023204902415719823,0.03695002700352256,0.07737635615818342,0.02128674863413684,0.08262420644793943,0.02309872364473994,0.5461227303365552,0.021040599392165557,0.0,0.028691154750838478,0.0473043720525883,0.020811399300479524,0.06261435615897801,0.026286734051440934,0.14966169683246627,0.0,0.13793789553046362,0.01768612809612865,0.04619743490526306,0.16087725461275038,0.025552477164053594,0.07355908751960341,0.0,0.020375432534988715,0.3027640240656826,0.0,0.0,0.05013666576135252,0.017654986611741405,0.0,0.24694333568748617,0.021617210716610706,0.0,0.08441141300630657,0.037408141602007484
process,0.052104824709560016,0.13067152592143508,0.0,0.09230370017093019,0.0,0.08335059826970427,0.0,0.04388071366189508,0.0,0.06789393633197377,0.05642583113490892,0.209048650089679,0.03944436852806306,0.0,0.10057226955616017,0.025829002903374296,0.03708570055672872,0.08977227562448414,0.047504514574892125,0.028158067085667038,0.0,0.0,0.0,0.0,0.12522013709941465,0.02002184970636535,0.0,0.03343854121223356,0.07759467499780268,0.0,0.0,0.0,0.0,0.1056890291387989,0.03646379666158903,0.055881837522040186,0.032983293512727475,0.031432913329805495,0.026555163823530042,0.0,0.03769107524324044,0.0,0.0,0.0,0.025507873128400412,0.0,0.021909678687516858,0.09566781837745479,0.03937625306600952,0.0,0.026011924801635094,0.08752345995500566,0.0,0.0,0.0,0.04002247427809441,0.0,0.022647304838895776,0.03701834011474501,0.0334026807234097,0.02550485200316338,0.020652450473998198,0.09981604110864135,0.027089423870082736,0.03120026224355747,0.09806428283287486,0.0,0.11308870853612915,0.0,0.0,0.0,0.20502746479569733,0.0,0.0,0.11500388748019306,0.0,0.029080696594701718,0.0,0.03136654549501167,0.0,0.0,0.029147605503323005,0.0,0.06436162214073618,0.13416001731400096,0.0,0.0,0.0752227119677858,0.0,0.0,0.034335143148658265,0.0,0.08850061908096123,0.052238182816573143,0.041113510669009576,0.11827846452919688,0.0,0.1396670357652344,0.0,0.0686001406247497,0.0,0.0,0.0,0.07830006898093007,0.0,0.0,0.0,0.07596802196697638,0.0,0.09191987863291169,0.1035955107192309,0.0495632548676399,0.0,0.08740852611129904,0.0,0.0,0.0,0.0,0.021477248760025495,0.0,0.07291446648053411,1.0000000000000002,0.0,0.0263264319597058,0.0,0.0,0.11293103007219724,0.0,0.0,0.07541050708075592,0.0,0.02272390155260173,0.0,0.06361578559292493,0.0,0.0,0.023080490100027377,0.18677352038894138,0.025990147701022277,0.0,0.19870887952045999,0.036767480223234644,0.0,0.06303910858640968,0.04101772519135995,0.0,0.0,0.0819786255908444,0.031259663080674106,0.0329921247585251,0.06339234214239324,0.11699873477652538,0.0,0.08912533704935151,0.05104964144132167,0.0,0.10629132670375802,0.0,0.0,0.34622009382264385,0.11005652081442525,0.036865145604121706,0.04025614177258314,0.0,0.04170734577685695,0.0,0.0,0.042684650964653084,0.09944554759005714,0.1053352382946599,0.05415038270044246,0.1071822609234577,0.09630066248115884,0.0,0.0,0.31954675681104566,0.020334107422997648,0.02555738019467166,0.027910166170990056,0.025075870486346123,0.038011688514325716,0.0,0.0,0.0,0.09310454365746487,0.03293126008875697,0.0,0.057385126057584536,0.0,0.04014383753786293,0.03420373435584564,0.0,0.0,0.07278829480084795,0.12818980754742693,0.0,0.07397964470150559,0.023202038603181416,0.10247913079618387,0.0,0.12798224673274067,0.05858587605787392,0.09852105791150748,0.2064559884699726,0.0,0.14736431397277752,0.12842287955958356,0.08966975257129625,0.12094239903238918,0.056731576831462315,0.08964383085627234,0.10396130777506259,0.0,0.0,0.14950349616532033,0.0,0.0,0.0,0.0,0.031172670329738444,0.0,0.0,0.1207756870124285,0.0,0.11801580822574345,0.0,0.0,0.0,0.0,0.024038599990378922,0.0,0.0,0.0,0.033024930502949086,0.0,0.0,0.026637202761257375,0.021207703089929888,0.0,0.0,0.0,0.0,0.09709097133396444,0.0,0.03387843717836172,0.0,0.0,0.03808222978131521,0.11610352466207582,0.0,0.036005913324874336,0.035964448432010826,0.02560640825016816,0.02385980825912348,0.0,0.11634761629177179,0.0,0.0,0.0,0.0,0.12584257180812775,0.05019451793575144,0.16125159538275108,0.3706448594365119,0.0,0.035348335109949905,0.03855457969148103,0.0,0.1161592389077239,0.03596670501585941,0.0
bake,0.08025654764500734,0.0,0.0,0.0,0.019062994184530075,0.0,0.0,0.0,0.0,0.0,0.0,0.2223095020526425,0.0,0.21072896574626757,0.0,0.0,0.0,0.0,0.021555785028881648,0.04951298953556631,0.07556335623993055,0.0,0.1352348580571624,0.10626205228744226,0.0,0.03407193152105886,0.051720344600378304,0.08463487272096336,0.0,0.09465823018300848,0.04952226937629009,0.0,0.04875276648081555,0.0,0.042387412972295146,0.2679602012600511,0.06300004785513665,0.0,0.12554337227617599,0.0,0.0,0.07549707298768615,0.0,0.0824236678167051,0.02314905160573508,0.0,0.0,0.0,0.1450354721631349,0.0,0.05313975253334566,0.06899306588112243,0.0,0.0,0.02640694848184746,0.05053700599636514,0.0,0.04325769614516331,0.0,0.0,0.4259224545966279,0.0,0.0,0.0,0.0,0.0,0.01737767339957056,0.0,0.14359834139563693,0.11089939105136196,0.0,0.0,0.0,0.0,0.0,0.049357088604934804,0.0,0.0,0.20293369446023174,0.0,0.0,0.0,0.0,0.059379414657702044,0.0,0.0,0.05454894275763409,0.02890503112334101,0.026020899144557914,0.0,0.031160026421553504,0.0,0.0,0.08788324826166631,0.0,0.07188115250867139,0.0,0.05743248361912841,0.0,0.0,0.3501758488077039,0.0,0.0,0.0,0.0,0.0,0.0590217077282527,0.0,0.0,0.0,0.0,0.0,0.0,0.0,0.0,0.0,0.0,0.0,0.0,0.27994664167232125,0.022057251877567945,0.0,1.0,0.02240033763313435,0.0,0.0,0.06941801708846447,0.08177096837453793,0.03093557807091524,0.0,0.0,0.06575770810422284,0.0,0.07326473115290487,0.0,0.08218862738897721,0.0,0.0,0.022114203874228144,0.21054273368434728,0.0275064078505665,0.0,0.0,0.0,0.11557093080794476,0.0,0.0,0.0,0.1235681667685269,0.029941202654313232,0.0,0.0,0.02543308935771872,0.0,0.08588369791135532,0.0,0.0,0.24371813649033147,0.14383537498730353,0.0,0.0,0.0,0.0,0.0,0.0,0.0,0.02818639251359987,0.029909234503622432,0.0,0.0,0.0,0.03566989121770281,0.0,0.0,0.0,0.0,0.0,0.0,0.02374788754450144,0.0,0.0,0.0,0.031022213177528676,0.0,0.019680360736049854,0.0,0.0,0.0,0.0879890086755152,0.10490589957731089,0.02863438103358064,0.3326595114989602,0.0,0.0,0.0,0.0,0.05177198872508012,0.6189947845771685,0.0,0.0,0.1041100441804151,0.022512171211884202,0.0,0.0,0.0,0.0,0.0,0.0,0.13635703770815777,0.0,0.03237767497328274,0.039948105542223916,0.12210183601909011,0.0,0.0307046529231303,0.0,0.03694310445553558,0.0,0.0,0.0,0.0,0.0,0.0,0.0,0.0,0.025260173818459915,0.0,0.0,0.18467545442149638,0.04910844793217779,0.0,0.0,0.0,0.0,0.0,0.0,0.0,0.018044971318741707,0.0,0.0,0.0,0.0723053125727171,0.0,0.18784825244928216,0.0,0.0,0.0,0.0,0.030578442092140338,0.0,0.032676293373167214,0.2080341642913005,0.048909759255432214,0.17461850978417015,0.17708677675294565,0.0,0.0,0.07379518128275933,0.09783463017326126,0.0,0.0,0.0,0.10365546557736816,0.15259027932398472,0.0,0.0,0.0,0.0,0.0,0.0,0.04796459524553501
rinse,0.04916642424230582,0.0458530662984889,0.0,0.0,0.054157092409664376,0.0,0.4336175433927035,0.0,0.202646108683508,0.02893234045170644,0.026621875874909426,0.0,0.0,0.023862866119566672,0.0,0.0,0.0504212873456313,0.0,0.0,0.025739542072198602,0.08117955284136655,0.0,0.0,0.024124211482019545,0.0,0.05549704248968494,0.07362952319219151,0.03155280748853296,0.0,0.0,0.08642779022918969,0.11291998370331592,0.0,0.0,0.14492193071719872,0.026365218061506383,0.031123233036377797,0.0,0.0,0.0,0.04665708957072209,0.10010494667060282,0.0,0.13610059196897634,0.034680207769450674,0.24645494695056475,0.048327121805754,0.0,0.0,0.0,0.0,0.035866344137056944,0.0,0.0,0.0,0.07828287761731753,0.0,0.02137013230273235,0.0,0.0,0.023314214330954,0.02277699969677944,0.0,0.06628175315635014,0.0,0.0,0.01866925751049388,0.025757292614986847,0.01993943973206381,0.021702933608377564,0.0,0.0,0.0,0.0,0.0,0.0,0.0,0.08407633901095635,0.0,0.0,0.0,0.22553953132203747,0.05490340653333582,0.027427079123749653,0.0,0.06760297800700629,0.0,0.031053378492188092,0.0695332285668605,0.049305253946124776,0.0,0.04529307926690884,0.0,0.047444294104518975,0.0508936595061675,0.0,0.41535106499063734,0.024806090997915958,0.0,0.0382058803631767,0.0413408084253773,0.03725411254825775,0.0,0.0,0.0,0.0,0.10300650270579571,0.0,0.08762260399394259,0.043016165059636166,0.0,0.0,0.0,0.0,0.0,0.0,0.0,0.0,0.047373292492399646,0.020718823993327664,0.07267344757615685,0.0263264319597058,0.02240033763313435,1.0000000000000002,0.0,0.04787756232949986,0.0,0.027073351765188717,0.0,0.0,0.0,0.559605178542113,0.0,0.5849634791596144,0.046297006970163576,0.027211633476174762,0.04723370398532253,0.05454938514425621,0.04828228630932233,0.03561144609440866,0.0295508034673725,0.0,0.041083416385001265,0.02974203995400385,0.0,0.09397548356116776,0.04787484850957437,0.0,0.0,0.0,0.0,0.0,0.07225424071770382,0.0,0.0,0.0,0.0,0.0,0.0,0.0,0.0,0.0,0.03798593615431711,0.0,0.08535314527117498,0.0,0.06681571754975006,0.03213221862621004,0.0,0.0,0.3199931431820707,0.0,0.0,0.0,0.0,0.02563583419279155,0.07249783247956076,0.0972807024063567,0.05184913335277046,0.0,0.0,0.0,0.0,0.0,0.04296843861677883,0.03631894926950874,0.0,0.027074474088267447,0.11711669955308047,0.0,0.08134896358451547,0.05889785087930141,0.0,0.0,0.0,0.0,0.026913892585568148,0.043102774316080214,0.0,0.0,0.0,0.049151174606081746,0.0,0.03154523982021943,0.0,0.0,0.03042220771753499,0.0,0.026684977332694204,0.026766127608897558,0.0336649046859517,0.04291722213185319,0.06652783993127756,0.0,0.10683643433926458,0.0,0.0,0.053243832650839894,0.0,0.0,0.0,0.0,0.0,0.0,0.0686137534647698,0.02713761957272817,0.09135631212098497,0.0,0.0,0.022682966729205965,0.0,0.0,0.0,0.0,0.03531626756438939,0.0,0.0,0.0970653605407904,0.0,0.0,0.0,0.0,0.08973207609660339,0.0,0.0,0.06499025371814195,0.0,0.04714129258698446,0.0667623896561044,0.0,0.0,0.0,0.02416235998042721,0.017961223953698986,0.0,0.07319087108303435,0.0,0.1287896239037248,0.0,0.0,0.11874580344046394,0.0,0.0,0.029861811413540298,0.0,0.0,0.07890108037280293,0.0,0.0,0.0,0.05152953214367767
repeat,0.0,0.0,0.04781339512653579,0.0,0.0,0.10067051131756678,0.0,0.0,0.0,0.12702080454229986,0.05203701278396967,0.0,0.0,0.0,0.0,0.0,0.0,0.0,0.0,0.0,0.0,0.0,0.0,0.0,0.0,0.0,0.0,0.0,0.0,0.0,0.0,0.12239300993361621,0.0,0.0,0.0,0.0,0.0,0.0,0.0,0.0,0.0,0.0,0.0,0.0,0.0,0.0,0.0,0.0,0.0,0.0,0.0,0.0,0.0,0.0,0.05366901835559797,0.0,0.0,0.0,0.0,0.061609220063311466,0.0,0.1567951569164214,0.0,0.0,0.0,0.0,0.0,0.0,0.0,0.0,0.0,0.0,0.0,0.0,0.0,0.20062496021742518,0.1433818348650801,0.0,0.05785369204435461,0.0,0.0,0.0,0.0,0.0,0.0,0.0,0.0,0.06265781820559153,0.0,0.0,0.06332909049028732,0.0,0.0,0.0,0.06244820404371755,0.0,0.0,0.0,0.0,0.0,0.0,0.06230367783275047,0.0,0.0,0.0,0.0,0.0,0.0,0.0,0.084082456910383,0.0,0.0,0.0,0.0,0.05760020296241447,0.0,0.0,0.0,0.0,0.0,0.044828771363150804,0.0,0.0,0.0,1.0,0.0,0.0,0.0,0.06287292560404271,0.05697626976770307,0.07556490785415969,0.0,0.06662875753887212,0.0,0.0,0.0,0.0,0.06693390035226356,0.0479372521759325,0.0,0.0,0.0,0.0,0.0,0.0,0.0,0.0,0.0,0.14416746737909614,0.0,0.052803544909225814,0.0,0.0,0.06542321322559864,0.0,0.0,0.0,0.0,0.0,0.0,0.0,0.0,0.07425001358135815,0.0,0.07692667141000374,0.048714053878323435,0.0,0.0,0.0,0.0,0.0,0.0,0.0,0.0,0.0,0.0,0.0,0.0,0.0,0.0,0.0,0.04956608443245881,0.06304900127330348,0.0,0.0,0.06073971327542211,0.0,0.05292169345505305,0.0,0.0,0.06207112642694689,0.0,0.0,0.0,0.0,0.0735458642997567,0.0,0.0,0.12377387458275095,0.0,0.0,0.04879993123648126,0.0,0.0,0.0,0.0,0.0,0.0,0.0,0.0523189774870177,0.0,0.08659603665678851,0.0,0.07029305534464916,0.0,0.06762010282798764,0.0750825167284986,0.0,0.0,0.057496101052750215,0.0,0.0,0.0,0.21226498974897545,0.0,0.0,0.05695066712150066,0.05591361245113537,0.0,0.0,0.0,0.0,0.06597236995092225,0.0,0.0,0.0,0.0,0.0,0.059830668955081406,0.059165128125641266,0.21223049010762376,0.0,0.0808732930800622,0.0,0.0,0.07974519153120975,0.0,0.057843925685867464,0.0,0.07306226116956374,0.06641072481521063,0.0,0.04722946801721747,0.0,0.0,0.07153204214672367,0.07102144208694727,0.0,0.0,0.05663218452322603,0.23210899640238802,0.0,0.0,0.060253538960662906,0.04907088268356007,0.0,0.24892271846739022,0.06008362590969824,0.0,0.06527047225235413,0.10397348739654765
scatter,0.0,0.0,0.0,0.0,0.04074446140966602,0.0,0.0,0.0,0.0,0.0,0.0,0.0,0.09542939517033001,0.0,0.0,0.07588113229892009,0.0,0.0,0.0,0.0,0.0,0.0,0.0,0.0,0.0,0.0,0.0,0.0,0.0,0.07964048496433457,0.0,0.0,0.0431650938850908,0.15321335243660028,0.04383899894717449,0.08208557492482081,0.0,0.0,0.042674786847436474,0.0,0.056448129622489636,0.0,0.0,0.0,0.0749377086975107,0.0,0.0,0.0,0.0,0.0,0.0,0.0,0.0,0.33973678019465614,0.0,0.0,0.0,0.03639476348522555,0.0,0.0,0.0,0.0,0.0,0.04926514849392532,0.0,0.0,0.0,0.0760736686882791,0.0,0.038154242928986434,0.0,0.0,0.0,0.0,0.0,0.0,0.0,0.053410804305395944,0.0,0.0,0.0,0.04684090296838265,0.0,0.0,0.06859745053321702,0.04717636916786106,0.0,0.0,0.0,0.26006701238642416,0.15604809825670948,0.0,0.0,0.0,0.06157374828132754,0.0,0.05109418678598267,0.0,0.0,0.0,0.0,0.0,0.0,0.0,0.0,0.05383121013294966,0.04642876257638849,0.11068494226396249,0.0,0.0,0.0,0.0,0.08046856167539387,0.0,0.0,0.0,0.0,0.0,0.0,0.0,0.0,0.0,0.0,0.04787756232949986,0.0,1.0,0.0,0.04759555822223864,0.0,0.0,0.0,0.07784381392313758,0.0,0.0,0.0,0.0,0.0,0.23092727869522683,0.07635454777513315,0.0,0.0,0.0,0.09362668406468058,0.0,0.0,0.0,0.057921436574589244,0.07662831724624063,0.0,0.0,0.0,0.0,0.05435964139909866,0.0,0.0,0.09591107224172225,0.0,0.0,0.0,0.0,0.0,0.0,0.0,0.0,0.0,0.0,0.0,0.0,0.0,0.1134801130813974,0.0,0.0,0.0,0.0,0.0,0.0,0.0,0.04647895564130946,0.0,0.0,0.0,0.0,0.0,0.08061588011870159,0.0,0.0,0.1002790615743801,0.0,0.0,0.0,0.061201950843545266,0.0,0.0,0.0,0.10805619503980526,0.0,0.0,0.0,0.09579086364490097,0.0,0.0654386904172153,0.0,0.0,0.0,0.0,0.19489754004477908,0.04432902468928757,0.0,0.0,0.0,0.0,0.0,0.0,0.0,0.0,0.0,0.0,0.280841561036012,0.35617414424829497,0.0,0.0,0.0,0.0,0.0,0.0,0.0,0.049620004901554784,0.0,0.0,0.0,0.0,0.0,0.0,0.0,0.0,0.40018494903686874,0.0,0.0,0.0,0.0,0.0,0.0,0.0,0.0,0.0,0.07862852783646934,0.0,0.057033943158590054,0.0,0.0,0.0,0.0,0.0,0.0,0.04123969332504057,0.0,0.0,0.058050149393063175,0.0,0.0,0.0,0.053325799851732095,0.0,0.0,0.12091469912586308,0.0,0.0,0.0,0.0,0.0,0.0
square,0.0,0.16828888315267382,0.0,0.20849182899689547,0.0,0.10734533781559491,0.0,0.0,0.0,0.0,0.0,0.10207519303054931,0.0,0.0,0.12952473616870408,0.025136113019262343,0.08765081537791218,0.11561566987441299,0.0,0.027402697630919116,0.0,0.060132887093569495,0.0,0.0,0.12234224028124843,0.0,0.0,0.0,0.046985607950057656,0.0,0.0,0.05896800536321892,0.0,0.0,0.0,0.0,0.14378672681781973,0.0,0.0,0.0,0.0,0.0,0.0,0.0,0.0,0.0,0.0,0.12320840515840129,0.0,0.0,0.0,0.07761718644333608,0.1214827700888935,0.0,0.05807658391860353,0.0,0.0,0.031024642350576892,0.0,0.0,0.0,0.0,0.20361145454469864,0.03710992071820743,0.0,0.3169061957194167,0.0,0.11048962469861294,0.0,0.0,0.0,0.1467386606600065,0.0,0.17315323640994099,0.3462478389816307,0.0,0.0,0.0,0.11938019453010146,0.09942944382948302,0.06206277549626843,0.0,0.0,0.0,0.17278163179246242,0.0,0.0,0.0,0.0,0.0,0.16070419024211527,0.0,0.2367313466874279,0.0,0.0,0.15232814154630242,0.0,0.0,0.0,0.13283185504995054,0.0,0.0,0.1131533411369042,0.043938999677830014,0.11082172563173755,0.09177661189371314,0.0,0.07453000368530427,0.17563657155191384,0.09017990354206794,0.13341829963057306,0.08977156322146339,0.21483872533063222,0.0,0.0,0.0,0.0,0.0,0.0,0.0,0.0,0.11293103007219724,0.06941801708846447,0.0,0.0,0.0,1.0000000000000002,0.0,0.0,0.0,0.0,0.0,0.0,0.0,0.0,0.0,0.0,0.0,0.0,0.0,0.0,0.0,0.03744110809818076,0.0,0.0,0.0,0.0,0.1055784054390638,0.0,0.0,0.0,0.15068000673425605,0.0,0.0,0.0,0.0,0.13689017965969247,0.0,0.0,0.4076116468596501,0.36428229163588477,0.0,0.0,0.0413329498539397,0.0,0.0,0.0,0.0,0.20285569701935047,0.0,0.0,0.0,0.12402343067119845,0.07103563486454478,0.0,0.17417913941270746,0.0,0.0,0.0,0.09361752797972958,0.0,0.0,0.0,0.2847074955073902,0.05466633599460579,0.0,0.0,0.06781391498614898,0.0,0.0,0.06657236716923709,0.0,0.27121315771242194,0.06846637196524069,0.43288895173770303,0.0,0.0,0.06572668996916288,0.1319805393450108,0.0,0.2801781419390875,0.0,0.06369883723144754,0.33430637837230326,0.0,0.0,0.11165489623954199,0.11548363276841972,0.1465720381928526,0.0,0.0,0.0,0.0,0.0,0.14606750219593734,0.0,0.0,0.0,0.0,0.030336431005555674,0.18044758237138836,0.0,0.07808757834727172,0.0,0.0928837698649193,0.0,0.0,0.0,0.0,0.0,0.0,0.17258336689457904,0.0,0.2406586688146456,0.11955039706952145,0.0,0.19921914727213996,0.0,0.0,0.0,0.0,0.0,0.0,0.0,0.0,0.0,0.0,0.0,0.12032363284801295,0.0,0.0,0.0,0.0,0.0,0.0,0.03774215679911367,0.0,0.0,0.0,0.07256854223683691,0.0,0.0,0.0,0.0,0.0,0.0,0.0,0.0,0.0,0.07000372144377323,0.13323173872187738
char,0.0,0.0,0.05984384868876628,0.0,0.02303979322580035,0.0,0.0,0.0,0.0,0.0,0.0,0.0,0.0,0.026845694955920957,0.0,0.17471403518512071,0.0,0.0,0.0,0.21942537890995942,0.09132689683283389,0.0,0.03369494433974207,0.057601782674278144,0.0,0.04117979838056468,0.03125495485192142,0.1130934571448374,0.0816459286514376,0.4154729929162364,0.0,0.0,0.0401377315715228,0.0,0.024789663086069468,0.03225113539745122,0.03807135599337793,0.0,0.20999171217787174,0.0,0.0,0.059683707991198695,0.0,0.0,0.26702285365209594,0.0,0.0,0.0,0.0300467448113686,0.0,0.0,0.040349592922453166,0.0,0.0,0.0,0.03053985531171656,0.13919492961040503,0.1365792585038353,0.085457712356625,0.07711087726659921,0.21924152927614382,0.0,0.0,0.0,0.2545856773747356,0.0,0.11529891684783844,0.0,0.13715014592454466,0.1147034547126779,0.0,0.0,0.14178627147646902,0.0,0.0,0.0,0.0,0.13559803865358558,0.0,0.0,0.0,0.04355573961955564,0.0932236645312451,0.0,0.06378640258081501,0.0,0.0,0.034935012507507475,0.10204748159493787,0.07572153444846105,0.051307561254478815,0.0769057348855337,0.0,0.0,0.0,0.043438267740121925,0.04751072149965522,0.43289766690428866,0.29299259403415473,0.0,0.20128984384683646,0.0,0.0,0.059037255180679274,0.0,0.050055785080380964,0.04317250448823214,0.0,0.0,0.0,0.07609178136034732,0.0,0.0,0.12109932367929022,0.0,0.06267558570967513,0.062277816506953125,0.0,0.0,0.07563271274134606,0.0,0.0,0.08177096837453793,0.027073351765188717,0.0,0.04759555822223864,0.0,1.0,0.0,0.0,0.0,0.05732530686946045,0.0,0.0260364167603695,0.0,0.064973671735343,0.0,0.054228083266909456,0.026727526624798655,0.0,0.033244617457622444,0.2470646392846465,0.04084143054451174,0.3299546493291469,0.381593964509828,0.12907304580513762,0.07352476055784547,0.0,0.036081835215096586,0.0,0.0,0.0,0.09974223810313708,0.0,0.0,0.0,0.0,0.034206501362464496,0.2192402836555204,0.0,0.0,0.0,0.0,0.0,0.0,0.0,0.03406645614053607,0.11729656383397608,0.0,0.0,0.0,0.0,0.0,0.05532138483171425,0.07464878763749329,0.0,0.0,0.11799963145269188,0.09313329657261302,0.0,0.0,0.0,0.0,0.053242938412595184,0.023785950810167874,0.0,0.0,0.0,0.09942960373063432,0.030632463688893222,0.03460790113957329,0.056538927391665474,0.0,0.0,0.0,0.0,0.03027809596753106,0.1726651538118909,0.0,0.0,0.06084918052883887,0.027208515344695483,0.049607607428767915,0.0,0.0,0.0,0.04122003066974885,0.0,0.09741176554050346,0.0,0.0,0.048281821971188785,0.0732735058164095,0.0,0.037110059813844895,0.08463417398508633,0.0,0.08177028583290658,0.06896868389566667,0.0,0.0,0.0,0.0,0.07589691586924621,0.0,0.03052978855217748,0.04613993062584676,0.06998218290738008,0.20883301877055915,0.39229691173218406,0.31312341840865077,0.0,0.0,0.0,0.0,0.12862429311219647,0.0,0.11972636380959059,0.0,0.0,0.0,0.13496181164801221,0.0,0.05396318991340369,0.051352385131459045,0.0,0.0,0.0,0.03695751969235522,0.1339734921582743,0.0,0.027443307074107217,0.029556499075137604,0.22688027545244474,0.20292998397333145,0.0,0.0,0.053978831141390106,0.02856765699902446,0.07088155678033688,0.0,0.126189446977367,0.0,0.10900859070494949,0.03975593679944353,0.0,0.0,0.07520142437274631,0.0,0.0,0.05797066011346397
uncovered,0.09922173095015217,0.11814985359094671,0.02412681192617001,0.037700794326952745,0.1330383725482531,0.07536348039743793,0.0,0.0,0.0,0.0,0.026258064655646302,0.03183536888516222,0.0,0.03295537638440316,0.0,0.0,0.0,0.036666851852241215,0.029985171508575974,0.03554712550878146,0.0,0.0,0.11055625537770929,0.0,0.0,0.0,0.0,0.0,0.0,0.0,0.031118768089260434,0.0,0.06781752844937572,0.0,0.03043142219955015,0.07054598904157126,0.04234117590974091,0.0,0.03352359870687884,0.0,0.0398454214334805,0.0,0.0,0.03026035604490806,0.21363910630676824,0.0,0.028125801296225383,0.0,0.03286205747604802,0.0,0.0,0.04953256095251927,0.0,0.0,0.0638149622604632,0.0,0.0,0.05468752599909948,0.0,0.031088235032290874,0.032197670830212376,0.0,0.04076915691785776,0.07698205494579112,0.0,0.04005366362405795,0.026217903757477425,0.0,0.0,0.0,0.0,0.0,0.0,0.0,0.0,0.16989425041376366,0.11086113890963406,0.0,0.06879073416206542,0.034188713176049955,0.0,0.0,0.09751324300022106,0.0,0.05479671140256736,0.09594134871864704,0.0,0.031617361443372315,0.0,0.0,0.07530123791067271,0.0,0.036147452719670146,0.0,0.03151158937997436,0.0,0.0,0.0,0.0,0.0,0.0,0.07480154818215595,0.0,0.0,0.0,0.08088789215250007,0.0,0.0,0.0,0.042428311539023836,0.13598126732915644,0.0,0.0,0.0,0.029065270518974808,0.034852422911348206,0.0,0.0,0.0275706841542249,0.05722670860416451,0.39799808956738214,0.0,0.03093557807091524,0.0,0.06287292560404271,0.0,0.0,0.0,1.0,0.02875043157471122,0.15455512530815954,0.0,0.03362111177757773,0.0,0.0,0.0,0.0,0.03377508794366746,0.02418931064077951,0.03306616400886559,0.0,0.0,0.0,0.0,0.0517813321854098,0.048990773520085046,0.0,0.0,0.0,0.27632284405260826,0.1001465931078018,0.0,0.0,0.033012789761581195,0.0,0.09277528896918757,0.09610590065036086,0.0,0.05262647389186156,0.0,0.0,0.0,0.08914427143997875,0.0,0.03881747632234941,0.12226253954164899,0.0,0.0,0.0,0.0,0.0,0.049618596790699104,0.0,0.0,0.0,0.0,0.0,0.0,0.0,0.0,0.0,0.025011225282241128,0.07496819878756153,0.0,0.0,0.030649478765675284,0.0,0.026704477718543413,0.18007097485099807,0.14502121393274384,0.03132131465220576,0.06595492931746189,0.0,0.0,0.0,0.037111508839979185,0.24659544046116239,0.058581135969144896,0.0,0.0,0.0,0.024624621611511095,0.0,0.0,0.0,0.07528830487003471,0.0,0.08107709819050314,0.037474664811162864,0.026400345063516413,0.04503895988116469,0.043696672960388344,0.06177284855243704,0.03547012968913772,0.0,0.08118442691855389,0.08927660908018017,0.0,0.0,0.069029590592205,0.0,0.0,0.0,0.030598810990199395,0.0,0.0,0.02873751238693752,0.028214210853489765,0.025064156155160902,0.0,0.0,0.02962274995423539,0.03328989622923132,0.0,0.0,0.0,0.0,0.0,0.15016302168559553,0.029854937410267148,0.15066940191695682,0.03239625555425891,0.0408089558758355,0.029509709947917524,0.0,0.040239711758559275,0.10161497101726412,0.06944718746542496,0.0,0.03686748095327099,0.21213199980600964,0.0,0.023832160197134005,0.024805021021064865,0.06479249373949522,0.036095326905807835,0.03583767627089445,0.0,0.0,0.02857680491720033,0.11712303817271771,0.0,0.0,0.11427616573796165,0.024761344690629274,0.0,0.03588316293967199,0.0721361626597336,0.0,0.16381584079592515,0.05246539738677335
whirl,0.0,0.0,0.051520348400225666,0.0,0.02563070460314658,0.0,0.0,0.0,0.0,0.1213767173062014,0.023795402568346443,0.0,0.037161052088411146,0.1033396850404435,0.05643993194309822,0.02954878530723937,0.04242662435785257,0.03267658929900175,0.0,0.03221327134051008,0.0,0.05313931998784526,0.0,0.0,0.03457772760329683,0.0,0.04775955665999663,0.0,0.08515695190934233,0.04370461123848863,0.04275621350849648,0.052109916178898374,0.0,0.0,0.0,0.0,0.0,0.0,0.0,0.0,0.0,0.0,0.04816022109634524,0.05484466303157254,0.0,0.04862984100600014,0.0,0.034822532775352556,0.0,0.0,0.02975805083405516,0.0,0.0,0.0,0.024541683484430137,0.0,0.0,0.025908872710866837,0.0,0.02817256631187635,0.0,0.0,0.0,0.0,0.0,0.0,0.05819168598309656,0.0,0.0,0.0,0.048802232732115466,0.0,0.0,0.0,0.0,0.09174146320525856,0.020198582594622577,0.0,0.026455244423343342,0.0,0.0,0.0,0.04619807084632346,0.0,0.0,0.0,0.02465564148856784,0.028652067605149302,0.0,0.0,0.028959025929479368,0.03811153108596859,0.0,0.0,0.09557060646643943,0.0,0.05607830165846237,0.0,0.0,0.2822498422031318,0.0,0.028490126857850035,0.05345790904820796,0.21477656287320437,0.0,0.0,0.0,0.0,0.0,0.03844909236862571,0.09391507306339006,0.0,0.0,0.1676494840809712,0.6507597391005506,0.0,0.0,0.0,0.0,0.0,0.020499229378500055,0.07541050708075592,0.0,0.0,0.05697626976770307,0.0,0.0,0.0,0.02875043157471122,1.0,0.0814234247364003,0.0,0.03046789243741179,0.0,0.0,0.0,0.0,0.030607427658536624,0.021920670548138208,0.05992998298240793,0.0,0.05993042802019812,0.0,0.0,0.0,0.0,0.0,0.029839745746603946,0.0,0.0,0.02414592116129033,0.0,0.034195467625024026,0.02991662304830573,0.0,0.0,0.1632969950621584,0.0,0.02384540042139288,0.0,0.0,0.0,0.03395292829756524,0.05321718277616666,0.035176906138775194,0.022275885197005664,0.0,0.0,0.0,0.0681301483974641,0.0,0.0,0.0,0.0,0.0,0.0,0.0,0.0,0.0,0.0,0.028748015368626992,0.08415234562901844,0.028830947177133377,0.0,0.0,0.027774959628732714,0.03904955515951051,0.05702469104146674,0.0,0.0,0.02838378612030801,0.0,0.04148587805183063,0.0,0.0,0.07924784554812506,0.03368298170404061,0.026543496856633292,0.0,0.04992885063044651,0.0,0.022315155058966325,0.17953735355273284,0.058964264425631366,0.0,0.0,0.0,0.13776101585099718,0.0,0.0239243389399815,0.0,0.03959849812336547,0.09770012783250331,0.0321434967189403,0.0,0.03092121323691019,0.034333614014630934,0.0,0.0,0.02629172578257575,0.0,0.0,0.15469744561835513,0.027729043826083027,0.0,0.0,0.06136602941414204,0.12025056497820547,0.04542693405393112,0.0,0.0,0.0,0.09325525743639836,0.0,0.0,0.0,0.0,0.0,0.027359273285537406,0.027054935831964784,0.045712432935690224,0.0,0.036981611028617196,0.0267420861778875,0.11044266446475508,0.11272383228145497,0.0,0.205912192544843,0.0,0.033409794760913054,0.030368190779783266,0.0,0.021597016132039383,0.02247863536986201,0.02935790379369845,0.032710058636216864,0.032476572251742004,0.0,0.0,0.025896675403899713,0.1061384332736166,0.0,0.0,0.027552642610149954,0.05287532846126058,0.10896077066566794,0.03251779286755086,0.027474945040035673,0.08588894457619965,0.029846777898621165,0.04754483120133878
seal,0.09339091518941177,0.14200043522403352,0.0683289796848735,0.164286327064717,0.11430566822069466,0.09057689612959557,0.0,0.0,0.0,0.0,0.031558706980304684,0.0,0.04928493016958033,0.0,0.0,0.03918914397252415,0.05626840741303624,0.04333740115726131,0.0,0.042722924657073745,0.0,0.0,0.0,0.0,0.04585879017356199,0.0717729645300674,0.0,0.0,0.0,0.0,0.08689808146032477,0.0,0.0,0.0,0.0,0.0,0.0,0.0,0.0,0.0,0.0,0.0,0.0,0.0727378595539862,0.09143888802142501,0.0,0.0,0.04618346359188217,0.0,0.0,0.03946668285520914,0.0,0.0,0.0,0.03254846374899276,0.0,0.0,0.03436170158179752,0.0,0.03736393038806622,0.0,0.0,0.0,0.09252220781067842,0.0,0.0,0.0,0.0,0.0,0.0,0.0,0.0,0.0,0.0,0.0,0.3166331110962072,0.026788416278744738,0.105279976251206,0.03508632831281616,0.0,0.0,0.0,0.061270296928445385,0.0,0.0,0.0,0.10995716346458304,0.03799987007295342,0.0,0.0,0.038406974251370816,0.050545505109999736,0.0,0.0,0.03787274609792884,0.0,0.0,0.0,0.0,0.04263643700948094,0.0,0.03778509578714295,0.0,0.048665147455091214,0.0,0.0,0.10356700592870545,0.0,0.0,0.050993196531763825,0.11257699415120799,0.0,0.0,0.0,0.08231507274577775,0.0,0.0,0.0,0.0,0.0,0.027187149762227875,0.0,0.0,0.0,0.07556490785415969,0.0,0.0,0.0,0.15455512530815954,0.0814234247364003,1.0,0.0,0.040408111902203336,0.0,0.0,0.0,0.0,0.040593170807773964,0.02907233935855876,0.07948227674838142,0.0,0.0,0.0,0.0,0.0,0.0,0.0,0.03957503091948347,0.0,0.0,0.03202358306441767,0.0,0.04535181700469211,0.03967698961637354,0.0,0.11150357796693526,0.11550653094499207,0.0,0.031625016747050795,0.0,0.0,0.10882875056085081,0.045030148667941465,0.0,0.04665345207414289,0.029543443597561298,0.0,0.0,0.0,0.0,0.0,0.0,0.0,0.0,0.0,0.0,0.0,0.0,0.0,0.0,0.03812712101331094,0.11160724050721807,0.03823710951367283,0.0,0.0,0.03683660361682544,0.05178956167900941,0.07562912667903277,0.0,0.0,0.037644061141205824,0.0,0.05502074047698517,0.16204948583579948,0.0,0.10510263607813863,0.04467213138200121,0.03520337330394403,0.0,0.0662182521343726,0.0,0.029595525341638285,0.0,0.0,0.0,0.0,0.0,0.0974439060213557,0.0,0.03172970913754271,0.0,0.0525175985380388,0.0371213806571594,0.04263038590592391,0.0,0.04100932964745292,0.045535033969291434,0.0,0.0,0.03486946134219105,0.0,0.0,0.0,0.03677570767873719,0.0,0.0,0.08138683660691035,0.07990480657503407,0.0602475749970579,0.0,0.0,0.0,0.04001003479428756,0.0,0.0,0.0,0.0,0.07602393105337414,0.03628529865516592,0.03588167041257394,0.060626218540774435,0.0,0.04904694605437121,0.0354667528446296,0.0,0.04836279021375713,0.0,0.03508040534319759,0.0,0.04430981657500248,0.04027588235115826,0.0,0.12043520197187238,0.029812341477183268,0.03893598692941497,0.04338178994215213,0.04307212809170146,0.12949042431320526,0.0,0.03434552487558637,0.14076633943930172,0.0,0.0,0.036541755163388416,0.07012602508419107,0.10435100910036822,0.04312679702752312,0.03643870858364364,0.0,0.03958435732715045,0.06305644092388916
wipe,0.042438450675185764,0.0395784953330009,0.0,0.0,0.04674619174280692,0.0,0.541416360883712,0.0,0.2623737750024363,0.024973215402573714,0.022978916681643067,0.0,0.0,0.020597452069992098,0.0,0.0,0.0,0.0,0.0,0.02221732215565408,0.070070876663989,0.0,0.0,0.020823034720033617,0.0,0.04790278196173185,0.0,0.027235095594231453,0.03218566099935982,0.05681890766362357,0.046152934432172006,0.028124865923788486,0.03079581301955861,0.0,0.05029656006475427,0.02275738013261875,0.026864304460240053,0.0,0.03044600713487845,0.0,0.08165603044795978,0.1712506669707318,0.0,0.0,0.0,0.1907073124599441,0.04171399906813724,0.0,0.0,0.0,0.0,0.030958364371961186,0.0,0.0,0.0,0.0,0.0,0.04441139747123016,0.0,0.0,0.020123878239319732,0.01966017649355015,0.0,0.057211704030536666,0.0,0.0,0.016114541096110404,0.022232643699699347,0.017210910547200368,0.045953945409429736,0.0,0.0,0.0,0.040294730140695297,0.0,0.0,0.0,0.03810553840081725,0.0,0.0,0.0,0.11265283784351031,0.0,0.16892254746722477,0.10585231238844368,0.05835213139574566,0.02873441580903653,0.07209678460183853,0.02412951601640095,0.04255828280917898,0.03936590337864311,0.0,0.0,0.1224472499613506,0.0439293296577326,0.0,0.6200503421475799,0.021411605287199032,0.0,0.0,0.07852122064750996,0.032156229422652616,0.0,0.0,0.037014438870484376,0.03840547379055931,0.14286190699983842,0.0,0.0756322554453448,0.037129797971930036,0.0,0.0,0.0,0.0,0.04163683239644887,0.0,0.0,0.0,0.04089069253545463,0.017883643230904498,0.06272875377629432,0.02272390155260173,0.06575770810422284,0.559605178542113,0.0,0.07784381392313758,0.0,0.05732530686946045,0.0,0.0,0.0,1.0,0.0,0.5053221615052427,0.03996168680132338,0.023487971372060823,0.04077020543345957,0.08869148678805353,0.0416752988975811,0.034922089762772196,0.025507047435088834,0.0,0.06679725668552489,0.025672114965019494,0.0,0.03632965083271087,0.08378726842066855,0.0,0.0,0.0,0.0,0.0,0.06236691152603262,0.0,0.0,0.043527191046116714,0.0,0.0395113972516651,0.0,0.0,0.0,0.0,0.032787909689975435,0.0,0.12928049779969025,0.0,0.05767260030112836,0.027735219639571405,0.0,0.0,0.24761131028992295,0.0,0.040851671016860734,0.0,0.0,0.022127805746993693,0.03871425730116261,0.05397609334572343,0.044754055684393675,0.0,0.0,0.03582929649413187,0.0,0.0,0.03708860245441342,0.03134903464918593,0.0,0.02336958098658848,0.08159334473063833,0.0,0.1150857853293867,0.020438812714659853,0.0,0.0,0.0,0.0,0.023230973587602823,0.08115866592410755,0.0,0.0,0.046686743684563284,0.04242528781161202,0.0,0.027228563491818087,0.0,0.0,0.05788541875390868,0.0,0.023033383284512828,0.023103428890777808,0.029058171689660142,0.03704439447502975,0.0,0.0,0.09221684958570349,0.0,0.0,0.04595790319374552,0.05291646065426644,0.0,0.0,0.0,0.0,0.0,0.059224591516021705,0.02342408559148796,0.03540102095099726,0.0,0.0,0.019579011073902357,0.0,0.0,0.0,0.0,0.03048356072584529,0.03877897507030833,0.0,0.03400663110387857,0.0,0.0,0.0,0.0,0.07745306566612184,0.0,0.0,0.05609693442810811,0.0,0.08250344927761016,0.05762656983991485,0.0,0.0,0.0,0.020855962946825686,0.01550339542832028,0.029422150407057254,0.06317537262875722,0.0,0.1786210655576686,0.032998055903968156,0.0,0.10249653091219176,0.03804489260984943,0.0,0.02577549680041152,0.030502879663525603,0.0,0.06810419222512545,0.0,0.0,0.0,0.04447818896524872
assemble,0.0,0.0,0.025568072211854975,0.09785458468424858,0.0,0.0,0.0,0.0,0.0,0.0,0.027826639313704687,0.0,0.10823197482213735,0.0,0.0,0.0,0.0,0.0,0.0,0.0,0.0,0.0,0.0,0.0,0.0,0.0,0.0,0.0,0.0,0.0,0.0,0.0,0.0,0.0,0.0,0.0,0.0,0.0,0.0,0.0,0.0,0.0,0.0,0.0,0.0,0.0,0.0,0.0,0.0,0.0,0.0,0.0,0.0,0.33965935790279234,0.028699349486138857,0.0,0.0,0.0,0.0,0.286514929553621,0.0,0.0,0.0,0.0,0.0,0.0,0.0,0.0,0.0,0.0,0.0,0.0,0.0,0.0,0.0,0.1072836065450789,0.0236204733622077,0.0,0.030937091415446007,0.0,0.0,0.0,0.0,0.0,0.0,0.0,0.0,0.033506083729844476,0.10799725406987397,0.0,0.03386504460688525,0.0,0.0,0.0,0.03339399317419081,0.0,0.0,0.0,0.0,0.0846273117837805,0.0,0.03331670820857118,0.0,0.0,0.0,0.0,0.0,0.0,0.14972088270378064,0.044962846171986905,0.0,0.0,0.10882346507748616,0.40374191122961783,0.03080153887551844,0.0,0.10952380208860635,0.0,0.0,0.0,0.02397205344545087,0.0,0.0,0.0,0.06662875753887212,0.0,0.0,0.0,0.03362111177757773,0.03046789243741179,0.040408111902203336,0.0,1.0000000000000002,0.0,0.0,0.0,0.0,0.03579270606278265,0.025634304404204875,0.0,0.0,0.0,0.0,0.0,0.0,0.0,0.0,0.0,0.0,0.0,0.028236540109901835,0.0,0.0,0.034984870571454996,0.0,0.0983173945691073,0.0,0.0,0.0,0.0,0.0,0.0,0.03970497606278067,0.0,0.04113631095268177,0.026049696826526303,0.0,0.0,0.0,0.0,0.0,0.0,0.0,0.0,0.0,0.0,0.0,0.0,0.0,0.0,0.0,0.026505317655735095,0.03371526772309248,0.0,0.0,0.03248038276812236,0.0,0.028299719696782077,0.0,0.0,0.03319235202928672,0.0,0.0,0.0,0.0,0.3420265360793524,0.0,0.0,0.0,0.0,0.0,0.026095619490853563,0.0,0.0,0.0,0.0,0.0,0.0,0.0,0.027977419108146127,0.0,0.04630697553774877,0.0,0.037589004300731074,0.0,0.03615965081549965,0.040150154668615975,0.0,0.0,0.030745870685952657,0.0,0.08418227374901867,0.1100859905906513,0.03242668825820759,0.0,0.0,0.03045420149776642,0.13695443817830527,0.0,0.0,0.0,0.0,0.03527853051280702,0.0,0.12068992503141791,0.0,0.0,0.0,0.03199427399536658,0.031638377997142024,0.05345668684527577,0.0,0.04324675526616086,0.0,0.1769794323915332,0.04264350628568097,0.0,0.12537734223803226,0.0,0.039069828959041326,0.03551293948533202,0.0,0.02525581891007627,0.0,0.0,0.03825154884376428,0.03797850696574681,0.0,0.0,0.030283893866414262,0.1241196021602706,0.0,0.0,0.03222040248530798,0.22820513684098287,0.0,0.03802671086585345,0.16438122294529153,0.20157429560293094,0.034903192785903696,0.22536367230316884
wash,0.047283303644574996,0.04409685044699114,0.0,0.0,0.01969544144093655,0.0,0.417009580945078,0.0,0.2602249575317812,0.027824204420160578,0.02560223282413132,0.05322674150644312,0.0,0.02294889575456334,0.0,0.0,0.04849010430297751,0.0,0.03528346581097032,0.02475369324143069,0.07807029910925123,0.0,0.04336374348337089,0.023200231342200558,0.04489839397982832,0.05337145321944585,0.07080944274377425,0.03034430508849946,0.0,0.0,0.08311752403625182,0.10859504141832922,0.07980069234367015,0.0,0.15376547053431017,0.0253554052479773,0.029931183744569653,0.0,0.0,0.0,0.0,0.09627083243684993,0.0,0.06268289007467041,0.03335192297773212,0.3226307830955808,0.046476147285968716,0.0,0.035732570649338574,0.032768134125331284,0.09354290736648471,0.03449262919946183,0.0,0.0,0.0,0.14551271371283891,0.0,0.020551636002957084,0.0,0.0,0.07625374550033247,0.021904619043833617,0.0,0.024582703454920345,0.09269463300616142,0.0,0.017954207272366112,0.024770763921624483,0.01917574031228065,0.020871690703510103,0.0,0.0497626772588469,0.0,0.0,0.0,0.0,0.0,0.03840039763174898,0.0,0.0,0.0,0.21690115373854763,0.05280055408226107,0.026376596026199423,0.0,0.027513674870594,0.0,0.029864004695558534,0.06687004008083854,0.0,0.0,0.043558311448899004,0.0,0.045627132721524966,0.0,0.0,0.39944272595994795,0.023855994227055692,0.0,0.03674255897312063,0.03975741632248597,0.035827244766617417,0.0,0.0,0.0,0.0,0.09906125612879138,0.0,0.08426657530260195,0.04136860521147685,0.0,0.044976918022144256,0.0,0.0,0.0,0.0,0.0,0.0,0.04555885053837194,0.01992527341844117,0.06988998572901654,0.06361578559292493,0.07326473115290487,0.5849634791596144,0.0,0.0,0.0,0.0260364167603695,0.0,0.0,0.0,0.5053221615052427,0.0,1.0,0.04452378777063137,0.02616940215090393,0.045424608403273954,0.0,0.046433029031499234,0.03424749399317656,0.02841897971678496,0.0,0.0,0.02860289166492154,0.0,0.09037613356769242,0.0,0.0,0.0,0.0,0.0,0.0,0.026276875356419975,0.04868987284775011,0.08873303566954224,0.0,0.0,0.0,0.0,0.0,0.0,0.0,0.03653103883569674,0.0,0.0820840389975697,0.0,0.06425661230853885,0.030901524231034958,0.0,0.05302305622317294,0.46803820075336744,0.11233886137828722,0.0,0.0,0.0,0.02465395747199234,0.06972109685688703,0.05660908167586357,0.04986326245620279,0.0,0.13820194898729887,0.0,0.0,0.0,0.10482240290371217,0.03492789912682818,0.0,0.02603749609741173,0.11263101907772698,0.1459539632255813,0.029584375328720384,0.11131696222479612,0.0,0.03976481813129508,0.0,0.0,0.06629872697359127,0.041451897251400124,0.0,0.0,0.0,0.04726863808385619,0.0,0.030337027269047176,0.0,0.16762770962012175,0.0671219209932638,0.0,0.025662917436340436,0.025740959580134625,0.08134863705744994,0.041273451891504075,0.06397976067540748,0.05661276694278252,0.10274449775463754,0.0,0.0,0.0,0.0,0.0,0.0,0.0,0.0,0.0,0.0659857817456885,0.02609822305003342,0.0,0.0,0.0,0.07255189184905898,0.0,0.0,0.0,0.0,0.033963621080322935,0.0,0.0,0.09334766533359551,0.0,0.04765053380158366,0.0,0.038120581532282725,0.08629525262654786,0.0,0.0,0.0,0.0,0.0,0.06420532692370902,0.05884303568289951,0.0,0.08281914700982437,0.023236918717001388,0.01727329207114074,0.0,0.07038759142570006,0.0,0.12385685937417773,0.0,0.0,0.11419772674383846,0.04554976714879428,0.0,0.07356052549993433,0.0,0.0,0.07587909429342088,0.0,0.0,0.0,0.0495559022760068
strain,0.0,0.33997778182454874,0.08060194956737411,0.0,0.0,0.0,0.2087989927726343,0.0,0.0,0.0,0.0,0.0,0.0,0.0,0.0,0.08030969803745323,0.05765498235375561,0.0,0.0,0.043775709682406024,0.0,0.0,0.0,0.0,0.0,0.0,0.04209639503312934,0.0,0.0,0.0,0.16063248117442477,0.05195598113949915,0.0,0.0,0.0,0.0,0.105854458687799,0.0,0.0,0.04807234239595603,0.0,0.13027009266623726,0.042449550078272065,0.0,0.039655607229264846,0.048486186265402645,0.07705962953601465,0.0,0.0,0.14158931969297803,0.0,0.0,0.0,0.0,0.0,0.0,0.0,0.0,0.0,0.0,0.0,0.10259952948906093,0.0,0.0,0.1486373465363826,0.0,0.0,0.0,0.0,0.0,0.0,0.1163449976713371,0.0,0.0969941029075528,0.0,0.0,0.0,0.045658269448179724,0.0,0.0,0.0,0.14783059239846544,0.06278012921688748,0.3925855217733495,0.0,0.166605234427851,0.0,0.0,0.09508676882934967,0.1019871454545124,0.0,0.05179105539254232,0.0,0.07565192361314295,0.0,0.12077674141068365,0.05591264382962225,0.0,0.22688360377232167,0.08737418158521121,0.0,0.11191780069728588,0.15604766253944924,0.0,0.0,0.0,0.14652987113907903,0.0,0.1397179296109084,0.0,0.10578365435540216,0.0,0.09266517296495429,0.0,0.0,0.08441593428841705,0.0,0.0,0.07553870855456017,0.03523688267447518,0.04274185437208498,0.0,0.0,0.046297006970163576,0.0,0.0,0.0,0.0,0.0,0.0,0.0,0.03996168680132338,0.0,0.04452378777063137,1.0,0.0,0.11466181350349448,0.056417274346061204,0.0,0.04072044575321113,0.05025759160131941,0.0,0.0,0.0,0.0,0.1264431400788879,0.0,0.0,0.0,0.31434747839127924,0.09187848533660081,0.0,0.04646938360850943,0.0,0.0,0.10477501233690871,0.0,0.0,0.0,0.0,0.0,0.0,0.12919546965653228,0.09683253008457181,0.07334549858839844,0.0,0.05825562239453201,0.11281266855169762,0.0,0.12396775440203027,0.06295368519054183,0.0,0.0,0.0,0.0,0.0,0.4786831053382672,0.0794651459733403,0.0,0.08047688431821572,0.0,0.0,0.0,0.0,0.0,0.05791209307052975,0.0,0.0,0.0,0.04125797968338341,0.0,0.0,0.11638136083207379,0.0,0.0,0.0,0.0,0.0,0.0,0.0,0.0,0.0,0.0,0.0,0.0,0.0,0.04850949050522203,0.0,0.09076725742213848,0.0,0.0,0.0,0.03803613155469763,0.0,0.06346036178918568,0.0,0.0,0.0,0.0,0.0,0.0,0.08971147790539485,0.0,0.0,0.04035420303185814,0.0,0.04800260248208072,0.0,0.0,0.0,0.0,0.0,0.0,0.0,0.05631327489448358,0.0,0.0,0.06594076579695338,0.0,0.0,0.0,0.0,0.07710839289832397,0.03634073014350828,0.0,0.0,0.0,0.0,0.0,0.0,0.0,0.0,0.08217955806064069,0.0,0.0,0.0,0.0,0.18320714225745122,0.0,0.04773415973443351,0.0,0.0,0.0,0.0,0.0,0.0,0.06780112274387265,0.0,0.0,0.0,0.18091449264592585
pop,0.0,0.10317881664552117,0.0,0.0,0.023157472856149074,0.0,0.0,0.0,0.0,0.0,0.0,0.08436785420322229,0.0,0.026982813871351572,0.06747918840139104,0.0,0.0,0.11609817975498792,0.0,0.029104855610721153,0.0917933643638076,0.0,0.03386704695176036,0.13469709254344903,0.0,0.04139013114717272,0.03141459480604311,0.0,0.0,0.05749478216420509,0.0,0.0,0.0,0.0,0.024916280471904827,0.37953705598921056,0.03826581186614845,0.0,0.06161633934790906,0.0,0.07702941772314972,0.05998855259745932,0.0,0.0,0.053790224152131735,0.0,0.0,0.0,0.030200213628902284,0.0465172967921316,0.0,0.0405556852746414,0.3672346232578472,0.0,0.07221149716858417,0.0306958427743107,0.0,0.026274438175984207,0.0,0.0,0.11513135661307985,0.051252927342975645,0.0,0.2679651641989855,0.0,0.0,0.021110167487757604,0.0,0.04785290801723304,0.14872258947979722,0.058347608573643135,0.22518685209849565,0.0,0.0,0.0,0.0,0.0,0.0,0.0,0.0,0.0,0.0,0.0,0.0,0.0,0.0,0.0534849262177567,0.10675087709019236,0.03160984364784072,0.0,0.0,0.0,0.0,0.0,0.0713977737512176,0.04366013601995188,0.0,0.08527484286042541,0.0,0.0,0.19125418651173823,0.0,0.0,0.0,0.06889698211149756,0.0,0.0,0.0,0.0,0.0,0.0,0.0,0.0,0.0,0.0,0.0,0.0,0.0,0.0,0.12381553437078156,0.0,0.0,0.08218862738897721,0.027211633476174762,0.0,0.0,0.0,0.064973671735343,0.0,0.0,0.0,0.023487971372060823,0.0,0.02616940215090393,0.0,1.0,0.0,0.0,0.026864041975544938,0.0,0.033414419949127305,0.06385045187492654,0.0,0.06646747386864924,0.04758701718930207,0.0,0.0,0.0,0.03626612927489141,0.0,0.0,0.0,0.03089578010401643,0.0,0.0,0.0,0.0,0.034381216838267906,0.048363701975400485,0.0,0.0,0.0,0.0,0.0,0.0,0.0,0.03424045631174508,0.036333341943098736,0.0,0.0,0.0,0.0,0.0,0.0,0.0,0.0,0.0,0.0,0.028848619260921707,0.0,0.0,0.06669101234416315,0.0,0.0,0.023907441566243713,0.0,0.0,0.0,0.0,0.030788924164395354,0.03478466683244806,0.14349107615259857,0.0,0.0,0.0,0.0,0.030432746450120122,0.07781821864059019,0.2025388678054418,0.0,0.0,0.027347487426463812,0.0,0.0,0.0,0.0,0.0,0.0,0.18286278715777066,0.0,0.0,0.04852842952128475,0.028384607751799486,0.0,0.03729960570422302,0.0,0.0,0.0,0.0,0.0,0.0,0.05894703714143167,0.0,0.0,0.0,0.030685724597099173,0.0,0.0,0.04606789278886351,0.0,0.0,0.0,0.0,0.0,0.0,0.0,0.0,0.02192079216196072,0.0,0.0,0.0,0.02977214190645954,0.0,0.05423881600862124,0.0,0.0,0.0,0.0,0.037146286458331734,0.0,0.0,0.027583478394239157,0.029707463879876803,0.10733613753834217,0.0595442678507964,0.0,0.0,0.0,0.028713571126057925,0.0,0.0,0.0,0.0,0.20463251651218037,0.0,0.0,0.0,0.0,0.0,0.0,0.05826675503872504
strip,0.04310440433839053,0.04019956993708763,0.0,0.0,0.0,0.0,0.04063802282416329,0.0,0.0,0.02536510068619624,0.023339506983530905,0.0,0.0,0.0,0.0,0.0,0.0,0.0,0.050565250416849186,0.0,0.0,0.0,0.0,0.0,0.0,0.016563339578557528,0.0,0.027662474807896187,0.0,0.0,0.046877176605572696,0.028566207612542492,0.0280785684453225,0.0,0.0,0.02311449403341255,0.08548629514028443,0.0,0.0,0.0,0.0,0.0,0.028543510375386664,0.0,0.0,0.026658460350870203,0.04236858447463488,0.0,0.0,0.0,0.0,0.0,0.0,0.0,0.0,0.02765841552682791,0.0,0.01873528200875882,0.0,0.0,0.0,0.06970120487157251,0.0,0.022410083640025245,0.0,0.03261654822979122,0.0,0.022581523318982864,0.0,0.0,0.0,0.0,0.0,0.08492215754727891,0.0,0.0,0.0,0.0,0.0,0.02784059462544007,0.047359333689322984,0.2715824130494109,0.0,0.07533405601109336,0.12083525808567241,0.025082015744328567,0.0,0.0,0.0,0.0,0.0,0.0,0.0,0.04159460583409704,0.0,0.11859796722566368,0.030741642382129196,0.0,0.0,0.0,0.0,0.03266083216941099,0.03168333422953898,0.03352930530544068,0.0,0.0350167967255282,0.05586922916873538,0.0,0.11834564651571322,0.037712447069153505,0.0,0.03425178284745793,0.17212553144890802,0.0,0.0,0.0,0.0,0.0,0.04153235843163421,0.0,0.06371310741552882,0.023080490100027377,0.0,0.04723370398532253,0.0,0.0,0.0,0.0,0.0,0.0,0.0,0.04077020543345957,0.0,0.045424608403273954,0.11466181350349448,0.0,1.0000000000000002,0.0,0.021500692912105858,0.0,0.0,0.0,0.0285708448895646,0.026074967536948213,0.0,0.03689974384200022,0.03329384435949241,0.0,0.0,0.0,0.0,0.0,0.0,0.0,0.0,0.0,0.0,0.0,0.0,0.0,0.0,0.0,0.03330242490482124,0.1701917750167968,0.07482945001634653,0.0,0.032029848487548425,0.0,0.0,0.06815940209079868,0.034612916582196514,0.0,0.0,0.0,0.0,0.02247504022566683,0.1184906560577406,0.02114268027734055,0.07945390515392885,0.07046068208393604,0.026268817577353196,0.0,0.0,0.030238511799561253,0.01913437151035773,0.26666894044188205,0.0,0.023736301680157033,0.0,0.0,0.0,0.0,0.10189646549510464,0.0,0.0,0.0,0.0,0.019194192841089832,0.03408494321890127,0.0,0.0,0.021887619503027048,0.0,0.027655840202270254,0.0,0.0,0.43756308107696956,0.0,0.0,0.02346597306610984,0.029514159021310712,0.0,0.0,0.0,0.06474431371953715,0.0,0.0,0.037027623743298266,0.0,0.0,0.025221636091568245,0.0,0.0,0.0,0.5466005645159859,0.2684051170690154,0.0,0.0,0.0,0.01988624929629618,0.16990496622140502,0.024122433883951334,0.0,0.028430045968675037,0.06443644801273873,0.0,0.02784538739138661,0.017544352450515926,0.0,0.0,0.0,0.0,0.07866847650195975,0.0,0.0,0.0,0.028721096207268877,0.0,0.06729805424435634,0.0,0.0,0.0,0.021183239383715562,0.0,0.0,0.0641667347109514,0.32307448898498126,0.06985361917376882,0.0,0.0,0.10410492940791408,0.06701329130656065,0.0,0.0,0.0,0.0,0.17831292305041005,0.0,0.0,0.0,0.0
brush,0.0,0.0,0.09536374918150041,0.0,0.04642227402128419,0.0,0.0,0.0,0.0,0.0,0.02795407826530841,0.14304682724758108,0.0,0.0,0.0,0.06942593677504355,0.04984144203594646,0.0,0.0,0.037843121403295966,0.10324839578239807,0.0,0.0,0.0,0.0,0.1623935532991167,0.03639139146886494,0.0,0.0,0.09073852710997482,0.0651579793586039,0.0,0.049180225904588024,0.0,0.11968106983088772,0.0,0.0,0.0,0.048621593715842154,0.041557464233689785,0.06431427611661888,0.036750151553860286,0.036696686102452435,0.0,0.03428138503261403,0.0,0.0,0.0,0.0,0.0,0.0,0.0,0.0,0.19605752425020093,0.02883078522902503,0.0,0.0,0.041466438013834025,0.0,0.03309623030561357,0.0,0.0,0.0,0.05613033388979098,0.04193168900072058,0.0,0.0,0.0,0.0,0.04347110402357314,0.0,0.0,0.0,0.0,0.0,0.10777493825740816,0.023728649140379407,0.10032424634839301,0.03107877544890783,0.0,0.0,0.09254128009358395,0.054272016808082545,0.0,0.07815662633986921,0.1583404046280026,0.0,0.03365953309664512,0.08220038379189201,0.47327799073417576,0.09688660681229044,0.044772208401512824,0.0,0.0,0.10370108797698,0.0,0.05821425189610839,0.09083314403049805,0.09651504718759764,0.0755330247123715,0.0,0.1574111087425944,0.0,0.0,0.0,0.06133268427733534,0.09172703448693637,0.0,0.0,0.04516876460549516,0.0,0.0,0.0,0.0,0.03094260211272165,0.0729756861242424,0.0,0.0,0.0,0.030461496537651782,0.024081839371247957,0.18677352038894138,0.0,0.05454938514425621,0.06693390035226356,0.23092727869522683,0.0,0.054228083266909456,0.03377508794366746,0.030607427658536624,0.040593170807773964,0.08869148678805353,0.03579270606278265,0.0,0.056417274346061204,0.0,0.0,0.9999999999999999,0.24836350002222102,0.035201914107504194,0.15165355113416634,0.0,0.10667372774066647,0.09117966593413164,0.0,0.05128962368670045,0.1581263181611846,0.0,0.0,0.08867973634632567,0.028365856303206937,0.0,0.10210649560621793,0.03514509240699021,0.0,0.0,0.0,0.0,0.0,0.10235207216914351,0.0,0.0,0.03988681478451232,0.0,0.041324704825242316,0.026168997832146924,0.0,0.0,0.0,0.0,0.0,0.0,0.0,0.0,0.0,0.0,0.08198425980324348,0.23540426655656688,0.14563580283908967,0.0,0.0,0.02662670528921432,0.03386967509953602,0.0,0.0,0.032629134684621974,0.2923637523821859,0.09514593582059304,0.0,0.035666600161150884,0.10307491529980406,0.0,0.0,0.0,0.0,0.03950854856446497,0.0,0.0,0.10913948956517851,0.0,0.074557687426475,0.2188349458875726,0.0,0.0,0.0,0.0,0.05050635252069339,0.0,0.07846626284280976,0.028105548592972707,0.0,0.0465190497428995,0.03288138455273687,0.037761152408373876,0.0,0.03632525284664447,0.04033403219547117,0.07339374543331953,0.32533894338058456,0.030886678976964347,0.0,0.0,0.0,0.03257519426746798,0.0,0.0690300842556359,0.12862548982079774,0.03003657233446454,0.0,0.0,0.0,0.0,0.0354400972364055,0.0,0.0,0.3324359219868921,0.0,0.05700431640251273,0.03214079965695747,0.03178327374531138,0.05370150491514651,0.0,0.043444814438497494,0.03141574797262348,0.0,0.13242435470089475,0.0,0.09605525280254232,0.0,0.03924875886810242,0.03567557974258177,0.0,0.025371484156156074,0.0,0.046986517378153035,0.03842673123740198,0.03815243889682286,0.11468683979222061,0.0,0.07168769931143192,0.12468803846314049,0.06075684418137839,0.17772169689868386,0.10832758698063641,0.07507310273504211,0.0,0.038200863558568145,0.03227668713644191,0.0,0.03506304055789345,0.05585414782102002
smear,0.04853839023626393,0.0,0.018395407186710268,0.0,0.020218236646951097,0.0,0.0,0.0,0.0,0.028562769266531292,0.046302191436629225,0.041995221071649894,0.0,0.02355805055415451,0.07670995696843011,0.0,0.0,0.0,0.0,0.025410754531302412,0.15408785061579655,0.0,0.0,0.02381605758608058,0.0,0.17109244779582797,0.0,0.03114976341131408,0.05787025153675029,0.0,0.0,0.0,0.0,0.0,0.0716957639409628,0.026028438363277114,0.03072567618683996,0.0,0.0,0.0,0.0,0.02467685131390804,0.0,0.0,0.0,0.0,0.0,0.0,0.0,0.0,0.0,0.03540820051287427,0.0,0.14041403431606606,0.020648260667319444,0.0,0.0,0.021097158011708316,0.0,0.023703120987768406,0.02301640704377306,0.0,0.0,0.02523522599703497,0.0,0.0,0.018430783210911725,0.025428278335118508,0.019684740587146463,0.0214257082346193,0.0,0.0,0.0,0.0,0.0,0.07718711096022679,0.01699417233494782,0.0,0.02225824415091166,0.0,0.0,0.027152530658324767,0.0,0.02707673559884277,0.0,0.0,0.0,0.0547632655921612,0.02759779977785731,0.12257949274891834,0.024364812480892336,0.0,0.0,0.12565504784251771,0.024025906096457154,0.0,0.09286883399475472,0.024489227021254105,0.0,0.0,0.0408127359871531,0.08022268558826247,0.0,0.0,0.0,0.0,0.0,0.0,0.0,0.07481601667815196,0.0,0.0,0.0,0.0,0.02216071844985375,0.0,0.0,0.0,0.0,0.02045416927756312,0.06252956841998306,0.025990147701022277,0.022114203874228144,0.04828228630932233,0.0479372521759325,0.07635454777513315,0.0,0.026727526624798655,0.02418931064077951,0.021920670548138208,0.02907233935855876,0.0416752988975811,0.025634304404204875,0.046433029031499234,0.0,0.026864041975544938,0.021500692912105858,0.24836350002222102,1.0,0.0,0.02917333226076396,0.0,0.0,0.09466390303171893,0.0,0.0,0.06598484936266219,0.0,0.0,0.0,0.020315284177924206,0.0,0.02697436794660002,0.025170491314471344,0.0,0.0,0.0,0.0,0.0,0.0,0.0,0.0,0.06606717332697166,0.17940252417629288,0.0684488458435478,0.01874192063616437,0.029894524886666492,0.0317217733620318,0.0,0.0,0.0,0.0,0.0,0.0,0.0,0.02530837137859586,0.0,0.023808046571893192,0.15548943694973266,0.0,0.0,0.019069725196734888,0.02425705282104411,0.0,0.0424195754229686,0.023368592737421333,0.5727817248392066,0.09487100633880469,0.0,0.0,0.24219961669027573,0.023376608988464928,0.0,0.0,0.0,0.028295545988988296,0.02657010431869331,0.04255219516694708,0.07816438614967976,0.0,0.0,0.5241880258888206,0.0,0.03114229240964086,0.0,0.0,0.0,0.0,0.026344113145931394,0.046553081773342095,0.03323488144796434,0.07568539554160597,0.0,0.027044081936468588,0.0661816293907134,0.026015707988025803,0.028886747409768945,0.0,0.17248135845707552,0.022120666974485392,0.0,0.0,0.0,0.023329961261204086,0.042752871310457276,0.07622948730525905,0.021910820356561053,0.021511830849838872,0.0,0.02239322276910727,0.0,0.0,0.025381770215392598,0.0,0.0,0.19373368229061755,0.0,0.03889461337253458,0.023018853080173006,0.022762797334193622,0.038460370153185014,0.0,0.07196052382655625,0.0,0.0,0.13432629146901953,0.0,0.02225448670719475,0.06590959119303101,0.028109487741647274,0.025550419946279088,0.0,0.042024469749290194,0.01773179381703774,0.0,0.0997767190048702,0.027324316600384747,0.0,0.0,0.02178828948290862,0.20652905711947367,0.0,0.05217495623004243,0.1070632788152209,0.018879204574083944,0.0,0.06327462063839438,0.023116174054108707,0.0,0.025111726769734638,0.09087337969792636
poach,0.12102473582892931,0.0,0.10058418945105166,0.0,0.043465340298738775,0.0,0.0,0.0,0.0,0.0,0.0,0.21666657004329132,0.06301885960184075,0.09594663738067924,0.0,0.10021948508086331,0.15808794806499948,0.05541396913094901,0.023040368648387197,0.10925652046093087,0.0,0.0,0.14590126234397754,0.0713974584874062,0.058637978171301654,0.0,0.09952213425482931,0.18092764103813255,0.03709895706665023,0.0,0.07981997925662013,0.07992860630596611,0.05211045252314815,0.0,0.023383264150142184,0.2671660055801528,0.0,0.0,0.02575926812378492,0.029995041192328018,0.04770093085375005,0.02652525436787134,0.23181549340319146,0.530319736646484,0.0839909238784623,0.0,0.0,0.05905312634124261,0.07355101281946325,0.0,0.05046462148257071,0.03806042810588386,0.0,0.0,0.028225639988779402,0.0,0.0,0.04393706636517056,0.0,0.0,0.09374064527786484,0.0,0.0,0.0,0.030265146395069872,0.0,0.03789515663470299,0.0,0.05901230477909014,0.0,0.0,0.0,0.0,0.04644591464291025,0.0,0.05275639534097771,0.0,0.06821584994662697,0.030426445903036305,0.0,0.0,0.06770162409620936,0.28249740079100855,0.0,0.06559986185590816,0.07549014770337163,0.1915443035066855,0.05220693595145817,0.10069730513042136,0.06363552255887969,0.03330607049959646,0.23304887573695438,0.0,0.0,0.0,0.0,0.0,0.07341553333581782,0.06966192161755093,0.23732241423228198,0.0,0.03276678490432428,0.0,0.062226365836837015,0.04266487112163279,0.0,0.06710593588087999,0.0,0.0,0.0,0.0,0.0,0.0,0.0,0.10857915683590026,0.0526718545440159,0.0,0.0,0.03985045502550132,0.3527558563689692,0.02357637237282575,0.0,0.21054273368434728,0.03561144609440866,0.0,0.0,0.0,0.0,0.03306616400886559,0.05992998298240793,0.07948227674838142,0.034922089762772196,0.0,0.03424749399317656,0.04072044575321113,0.0,0.0,0.035201914107504194,0.0,1.0,0.031358541214658746,0.0,0.0,0.0,0.039788366136749125,0.08864242020607108,0.0489459342492293,0.050603162237871396,0.12326981225599543,0.0960099127923856,0.0,0.0,0.08698459484490945,0.0,0.0,0.050171826263996425,0.0,0.1875927678803498,0.1372652906653029,0.0,0.0,0.0,0.0,0.0,0.06409584505613282,0.0,0.0,0.0,0.0,0.0,0.0,0.038126537363523734,0.04708787522448524,0.0,0.0,0.0,0.08667969783441853,0.08415393802761159,0.0,0.0,0.09537802496722572,0.14557010184731944,0.03315876582279124,0.0,0.0,0.0,0.06622144142358552,0.05566521292272021,0.11652228417563054,0.08115417220092631,0.05171810022451906,0.3331453767780088,0.07035303301390414,0.0,0.0,0.07735856372979588,0.08568096067065882,0.15279679715634212,0.0,0.08467088661740622,0.0,0.0,0.0,0.0,0.0,0.0,0.0,0.0,0.056634802666090056,0.05263195431380939,0.034607580580459985,0.0,0.36330196751275573,0.0,0.0,0.0,0.039487438965036675,0.0,0.0,0.0,0.0,0.0,0.0,0.0,0.0,0.0,0.17423475306753647,0.05881223632827134,0.3555893071898112,0.0,0.0,0.0,0.0,0.0,0.0,0.0,0.0,0.09851896358174336,0.0,0.0,0.0,0.024893026560945452,0.0,0.33767453583288193,0.0,0.0,0.05097896351611093,0.04819596675955593,0.0,0.0,0.03492676533802326,0.09375718531338492,0.0,0.1532428320655849,0.23912706612321732,0.0,0.0,0.0839029383270162,0.13563377707645313,0.029784029988019562,0.0,0.0,0.208311431651154,0.0,0.05161477183654606,0.0,0.0,0.0,0.0,0.0,0.0
ladle,0.0,0.0,0.1562531776575362,0.0,0.025148138562583352,0.0,0.0,0.0,0.0,0.0,0.03269022938650915,0.07519375997472037,0.0,0.029302314041791625,0.0,0.0618459579521101,0.08737081536593717,0.0,0.055043353269713345,0.06531815041409539,0.09968411754108002,0.0,0.0,0.029623232067547158,0.035021476834428036,0.04494811500712641,0.03241815049460364,0.0,0.0,0.0,0.058043979510338364,0.0,0.0,0.12246159380175388,0.027058137028335965,0.03237506741845667,0.0,0.036421232133234456,0.030769396899515526,0.03702018733893397,0.0,0.06343165779995037,0.032690112818036694,0.0,0.1612310815268304,0.0,0.02538668576692089,0.0,0.0,0.0,0.030139947305942345,0.044041938389507214,0.0,0.0,0.0,0.0,0.0,0.0,0.04289305112637155,0.03870359631431428,0.058181002620813646,0.02392993881735972,0.0,0.0,0.07350521389452583,0.0,0.02292484246270006,0.0,0.024484557802854613,0.02665003327908632,0.0,0.04200515368367891,0.0,0.0,0.0,0.0,0.0,0.035161126009231644,0.0,0.0,0.0,0.03489607382652213,0.048346554982250434,0.0,0.0,0.09317071419583241,0.0,0.07749421317793914,0.10755277387146532,0.07853961431275645,0.0,0.03988394318963564,0.0,0.0,0.0,0.0,0.0,0.11137645272474479,0.08597745781164277,0.0672862691863057,0.050764285612308016,0.04044110184329074,0.0,0.0,0.0,0.0,0.034589032744166665,0.043654837908922564,0.0,0.0,0.0,0.0,0.0,0.0,0.0,0.06500814285286897,0.0,0.0,0.02488563037300083,0.05257728588190646,0.028161932066711897,0.19870887952045999,0.0275064078505665,0.0295508034673725,0.0,0.0,0.0,0.033244617457622444,0.0,0.0,0.0,0.025507047435088834,0.0,0.02841897971678496,0.05025759160131941,0.033414419949127305,0.0,0.15165355113416634,0.02917333226076396,0.031358541214658746,1.0,0.0,0.0,0.03652162278449561,0.04752712785789314,0.04568978190651481,0.0,0.0,0.036220487535540045,0.11722549864244859,0.03317177338118041,0.0,0.1779349503223682,0.04109958917945727,0.0,0.0,0.0,0.0,0.0,0.12660812955666784,0.0,0.0,0.0,0.0,0.0,0.0,0.314750017288862,0.039456633428986046,0.0,0.0,0.0,0.0,0.0,0.0,0.0,0.0,0.09659422889533831,0.06119557409160626,0.03132850803796705,0.029055343688430116,0.0,0.0,0.0,0.0,0.025962576180894273,0.038157362492875824,0.0,0.03324599560990074,0.0,0.03177249247653205,0.037774830906189355,0.029076630777981286,0.0,0.03356586479702792,0.028789339950431612,0.0,0.06716405849363069,0.026043745079257826,0.0,0.0,0.0,0.02969833571268122,0.0,0.0,0.0,0.0679561274549792,0.0,0.0,0.10266696862921584,0.03286736274464032,0.0,0.10710062873601532,0.02929136891656225,0.0,0.04050595928175517,0.0,0.0,0.0,0.0,0.11325501783814824,0.0,0.0,0.0,0.23889290335129634,0.0,0.03332353486301133,0.03696648110062755,0.0,0.0,0.0,0.0,0.0,0.0,0.0,0.0,0.0,0.030864455196008136,0.07458569010162763,0.0,0.0,0.0,0.11327355516721553,0.0,0.02798575170032686,0.0,0.0,0.0,0.0,0.04033946038682238,0.0,0.04171995492797303,0.0,0.0,0.022055415398516895,0.0,0.0,0.0,0.04324686695788771,0.0,0.28384268368796617,0.0,0.0,0.09342089493372958,0.0745206380730025,0.0,0.0,0.0,0.0,0.0,0.0,0.0632754894460288
seasoning,0.0,0.0,0.030590060830288108,0.0,0.0,0.0,0.0,0.047621956467199085,0.0,0.159377759299132,0.0,0.0,0.042807371260936165,0.1012913545201922,0.06863538656925643,0.08930764115813289,0.0,0.0,0.1616522982350511,0.09736072896042229,0.0,0.0,0.0,0.0,0.0,0.0,0.0,0.05780937906517988,0.07354768218452745,0.04283832749627983,0.0,0.0,0.0,0.0,0.0,0.0,0.0,0.0,0.0,0.0,0.04090459326312615,0.0,0.0,0.0,0.22339812310628915,0.0,0.0,0.0,0.0,0.04731433087922214,0.0,0.05170727895022555,0.0,0.0,0.0,0.0,0.35124968740447826,0.0391532220836663,0.0436829628555816,0.03941635569814117,0.0,0.0,0.0,0.0,0.27568403199837743,0.0,0.04820079605963764,0.0,0.0,0.0,0.05934734493281343,0.0,0.17697626980288567,0.0,0.0,0.0,0.03156009899791819,0.06931292591914436,0.0,0.0,0.0,0.0,0.04765264319252375,0.03830464343998505,0.0,0.0,0.0,0.11763346551570492,0.03608734104147193,0.03870617274279678,0.0,0.0393114941617734,0.0,0.05669197832980271,0.18292601316458376,0.0,0.0,0.2994726152569306,0.3172738564947065,0.054518076446354806,0.11604138384432336,0.0,0.0,0.0,0.0,0.0,0.0,0.0,0.0,0.0,0.0388954298812494,0.0,0.0,0.13136721905244664,0.06058671147939115,0.03203754473419754,0.031834219173186865,0.0,0.0,0.048615467184258396,0.0,0.036767480223234644,0.0,0.0,0.0,0.0,0.0,0.2470646392846465,0.0,0.05993042802019812,0.0,0.0,0.0,0.0,0.0,0.06385045187492654,0.0,0.0,0.0,0.0,0.0,1.0,0.0,0.27604846687154205,0.0,0.06597758013967604,0.03758325955427831,0.0,0.0,0.0,0.037727779099169495,0.0,0.03527213123156737,0.0,0.055402102643919295,0.0,0.06561121454229019,0.0,0.0,0.0,0.0,0.04000824536819123,0.0,0.0,0.0,0.0,0.0,0.08780383554342405,0.0,0.05090449669871462,0.0,0.05179709217609015,0.0,0.0,0.03815782247920216,0.0,0.0,0.06031724200865126,0.03293499244864418,0.0,0.0,0.0,0.0,0.0,0.0,0.0,0.0,0.10655338757116035,0.05082490002055129,0.0,0.0,0.0,0.0,0.0,0.0,0.0,0.0,0.0,0.0,0.0,0.0,0.034867223950772054,0.14009313902315307,0.0,0.0,0.0,0.0,0.05535109548784459,0.0,0.0,0.0,0.06187228807208507,0.0,0.0,0.0,0.04326199914028877,0.0,0.04179808071415377,0.0,0.0,0.0,0.059957044196327004,0.10763951218403017,0.03879582152789117,0.0,0.0,0.0,0.09458509210425001,0.0,0.712842331924058,0.20848993343076055,0.0,0.0,0.03584061587652391,0.0,0.03991260854786915,0.0,0.05005169348263696,0.0,0.0,0.0,0.0,0.057783426123988894,0.0,0.14502043541854137,0.0,0.0,0.16301523932522613,0.047360398002371774,0.06848251515509651,0.0,0.0,0.0,0.06803900641950496,0.0,0.0,0.0,0.0,0.0,0.03623214718245633,0.0,0.03915706650909603,0.0,0.04305074994034944,0.0,0.09483730513925681,0.0,0.03844031085050264,0.04187639353383675,0.0,0.0
poke,0.04870109399123078,0.0,0.0,0.0,0.03496255013895171,0.0,0.0,0.0,0.08222542452662115,0.0,0.0,0.0,0.0,0.0,0.0,0.0,0.0,0.0,0.0,0.0,0.0,0.0,0.0,0.0,0.0,0.0,0.0,0.0,0.0,0.06833896810316926,0.0,0.0,0.07028942769058802,0.0,0.037617952126578445,0.0,0.0,0.09315647218407655,0.03661894950140671,0.0,0.0484377629227451,0.0,0.033800318463031914,0.0,0.0,0.0,0.0,0.0,0.0,0.0,0.0,0.0,0.1775451365892014,0.0,0.0,0.03275221725341083,0.0,0.6444154735104121,0.0,0.09899419328507912,0.0,0.0,0.09412201873599453,0.4724519044302666,0.0,0.0816494086149325,0.0,0.05102703106575477,0.040776105831991934,0.03273990096484543,0.0,0.0,0.0,0.21712155615970424,0.10844347192994254,0.0,0.0,0.0458314543592454,0.0,0.19133155783683095,0.1912050236168097,0.04019386591271361,0.0,0.0,0.05886301403171544,0.04048172721737686,0.0,0.0,0.0,0.05118699480532498,0.04734735893326338,0.0,0.0,0.0,0.05283602205178228,0.0,0.0438435803421883,0.0,0.0,0.0,0.0,0.0,0.2177403815241558,0.13536870376677917,0.0,0.29637707651693823,0.039840210995680775,0.0,0.10395393325236811,0.0,0.0,0.1834686186615012,0.12185960533800086,0.0,0.0,0.0,0.0,0.0,0.0,0.0,0.0,0.0,0.0,0.041083416385001265,0.0,0.09362668406468058,0.03744110809818076,0.04084143054451174,0.0,0.0,0.0,0.06679725668552489,0.0,0.0,0.0,0.0,0.0285708448895646,0.10667372774066647,0.0,0.0,0.0,0.0,1.0,0.0,0.0,0.0,0.08912751087525796,0.0,0.0,0.0,0.0,0.06958801249972517,0.13523161699095335,0.0,0.0,0.0,0.0,0.0,0.06177333188984679,0.0,0.0,0.0,0.0,0.1273399004440291,0.12360639804422095,0.0,0.0,0.0,0.0,0.0,0.0,0.07347398639741888,0.0,0.0,0.09583338659646848,0.0,0.0,0.1156266701849378,0.0,0.27372674030126587,0.03110669949437853,0.07964318551101689,0.0,0.24769994665207612,0.0,0.0,0.0,0.0,0.0,0.0,0.05251698515424428,0.0,0.20305400124008444,0.0,0.07363598618738255,0.0,0.0,0.0,0.040362307243984756,0.0,0.0561525030785278,0.0,0.0,0.0,0.0,0.0,0.03803843994222892,0.0,0.0,0.0,0.0,0.0,0.0,0.0,0.0,0.0,0.0,0.2040987225228607,0.06364529811437601,0.0,0.2066040139730084,0.05225449424485409,0.0,0.0,0.0,0.0,0.04257859471555251,0.0,0.0,0.0,0.0,0.19759985629516585,0.0,0.18978799279080952,0.13514756787177684,0.04664143063243093,0.19894723126178387,0.0,0.0,0.0,0.0,0.0,0.0,0.0,0.0,0.06747061445220986,0.03401060996513522,0.04894044560449798,0.15167400562729375,0.0,0.0,0.0,0.0,0.0,0.03538750533709759,0.0,0.0,0.11733855659928302,0.0,0.0,0.0,0.0457585126054356,0.0,0.0,0.036687352962173216,0.0,0.0,0.0,0.0,0.0,0.0
dress,0.05886493774317829,0.0,0.06368769551890989,0.0,0.0,0.0,0.0,0.0,0.0,0.03463950136094473,0.06374655428509841,0.0,0.0,0.0,0.07144852744649334,0.09296807039951321,0.04189722288871745,0.0,0.05366778045139198,0.10135122803337177,0.0,0.0,0.0,0.0,0.03414626504718727,0.12323165077815137,0.0,0.09795567594228606,0.0434450754609262,0.04459413097049274,0.0,0.0,0.0,0.11940119086996712,0.06056711027554645,0.06313198259557253,0.03726256695064648,0.03551103945862106,0.030000447635038133,0.0,0.0,0.07949820764361071,0.0,0.0,0.3240395852388139,0.0,0.024752254308555197,0.0,0.0,0.04925359114901236,0.02938672843759798,0.0,0.0,0.0,0.0,0.0,0.07406779885522041,0.06634356563836652,0.1327678934228293,0.11980017311894539,0.028813867692366067,0.023331912508534423,0.0,0.030604022919175338,0.34074259052763434,0.0,0.10035277929803192,0.03083814716200967,0.0,0.0,0.06177979924437344,0.04095541481051194,0.1508933847740637,0.0,0.0,0.0,0.0,0.14430767385373805,0.0,0.0,0.0,0.03292923434403236,0.09921153956358848,0.03283731387786258,0.0,0.0,0.0,0.11423001226947145,0.07513288715204816,0.1629992905075689,0.0,0.08184548845648203,0.0,0.0,0.07559761636637041,0.0,0.0,0.34508204051875896,0.2471903727828868,0.0,0.04069557346874799,0.0,0.0,0.0,0.0,0.0,0.0,0.04256387224552101,0.0,0.051501485357296976,0.0809792536568418,0.0,0.0,0.0644388439498906,0.0,0.14563209854235035,0.06627800019857212,0.0,0.024263720647767426,0.050608056792011344,0.08237443564734227,0.06303910858640968,0.0,0.02974203995400385,0.0,0.0,0.0,0.3299546493291469,0.0,0.0,0.0,0.025672114965019494,0.0,0.02860289166492154,0.0,0.06646747386864924,0.026074967536948213,0.09117966593413164,0.09466390303171893,0.0,0.03652162278449561,0.27604846687154205,0.0,1.0000000000000002,0.04633939089546911,0.06868178619065839,0.15827048266995689,0.0,0.035315311612189246,0.03727254396787991,0.032342787007928774,0.0,0.16033546059574455,0.0400724810117842,0.0,0.0,0.0,0.0,0.0,0.034545493269487595,0.0,0.0,0.04547899916049205,0.0,0.0471184832934951,0.0,0.0,0.08636008803080843,0.0,0.0,0.0,0.0,0.0,0.0,0.07944357460426646,0.030692729988174218,0.02297226742801499,0.32755436168366203,0.47938240259142967,0.028329229841242295,0.0,0.0,0.0,0.0,0.026130591641394866,0.03720378267721957,0.08576307652247847,0.06483030873999607,0.10581609416359637,0.0,0.0,0.0,0.0,0.03272702979705986,0.028069873727158884,0.0,0.033262683830503334,0.026212285820059644,0.0,0.0,0.0,0.029890526946559588,0.0,0.03776781831762838,0.0,0.06625785516209388,0.0,0.0,0.0,0.064091967622408,0.04030560588873201,0.05304108226324699,0.0,0.0,0.0407680914890648,0.09007033506968358,0.0,0.08702249572390841,0.1159646658830176,0.0,0.0,0.062414488094261394,0.0,0.0807718717063771,0.0518485490718221,0.0,0.0,0.07447722789243899,0.0,0.46158370285401756,0.2641742354568301,0.0,0.0,0.0,0.0,0.08309699266911166,0.030093130356623986,0.12816550260542456,0.0,0.0,0.0,0.0,0.04953583508862572,0.0,0.0,0.0,0.0,0.0,0.040600515105199096,0.0712893903311313,0.04067734337596045,0.0,0.028928599911324484,0.04387230868873463,0.0,0.0876284199241118,0.0,0.0,0.0,0.07543436969788053,0.14216946695855096,0.08152397417843003,0.0,0.03690599524006901,0.0,0.0,0.04355667533484734,0.08003170790281827,0.0,0.0,0.0
burn,0.0791501746827285,0.0,0.0,0.0,0.0,0.0,0.0,0.0,0.0,0.0,0.041478039651816644,0.0383073559110663,0.0,0.03965505588750612,0.0,0.0,0.054522622964280246,0.0,0.10592116763461004,0.042773695928961006,0.0,0.0,0.26451815981186033,0.04218781160191494,0.0444359746647438,0.0,0.04328589461552643,0.0,0.0,0.07922155600185189,0.0,0.0,0.08160452635841546,0.1553818048652189,0.03661799319125909,0.2518180294164517,0.05272612650401057,0.04621201315931286,0.39240691287463514,0.0,0.0,0.04371262331713851,0.0,0.03641215005830057,0.07624904418214742,0.0,0.03221115234214629,0.0,0.081155375109684,0.0,0.0382421889635152,0.05960230737200934,0.0,0.0,0.04420111265440115,0.04229553249586987,0.0,0.03620331788424138,0.05442359104831665,0.049107924071512925,0.4176577144326531,0.03036280166151457,0.0,0.0,0.04586997438783737,0.0,0.0,0.0,0.15887670620936337,0.07590708404803387,0.0,0.05329700839576572,0.0,0.0,0.0,0.08261606732863033,0.0,0.0,0.047647556036560526,0.0,0.0,0.0,0.0,0.0,0.0,0.0,0.0,0.049943748285805896,0.0,0.0,0.052157023713663285,0.0,0.0,0.0,0.0,0.060158918436714635,0.0,0.0,0.0,0.0,0.10844364210332343,0.0,0.0,0.08176240913634611,0.0,0.0,0.0,0.05539016188510377,0.0,0.0,0.0,0.0,0.0,0.0,0.0,0.0,0.0,0.0,0.031575402887743576,0.20718415100882492,0.07265284131695325,0.04101772519135995,0.11557093080794476,0.0,0.0,0.0,0.0,0.381593964509828,0.0517813321854098,0.0,0.0,0.0,0.0,0.0,0.0,0.04758701718930207,0.0,0.0,0.0,0.039788366136749125,0.04752712785789314,0.0,0.0,0.04633939089546911,1.0,0.0,0.0,0.0,0.09592808566150854,0.09862123610669901,0.042089032639015166,0.0,0.0,0.05214800940988268,0.0,0.0,0.0,0.04737357709062488,0.42752172986563,0.04495550718600411,0.0,0.0,0.2254590988391041,0.0,0.0,0.0,0.0,0.0,0.0,0.0,0.0,0.05970583390836425,0.0,0.07661619238152102,0.0,0.0,0.029894780351887393,0.0,0.0,0.03686602144502597,0.0,0.0,0.05192634584004993,0.07373769157778445,0.0,0.0484148512931941,0.0,0.04218320733903054,0.0,0.04242378852676084,0.0,0.08075900840736532,0.0,0.042589063984151874,0.03652851039663955,0.0,0.08801135222799608,0.3439916783027323,0.0,0.0,0.0,0.0,0.06870301612859463,0.0,0.0,0.08622414103722285,0.0,0.0,0.09333202846046595,0.04170279012283218,0.05419517745359466,0.0690245971084437,0.17580959634044438,0.0,0.0,0.0,0.06183699426554097,0.0,0.0,0.0,0.0,0.0,0.0,0.0,0.0,0.0,0.0,0.0,0.3770678263932393,0.0,0.0,0.0,0.0,0.0,0.0,0.0,0.03916145956993697,0.0,0.0,0.0,0.0,0.3004601760110262,0.0,0.17816559999486606,0.0711194094372404,0.0,0.0,0.0,0.0,0.0,0.10763016038644842,0.03800703291812013,0.04093365388725429,0.3731693699221408,0.4550304709837678,0.0,0.0,0.0,0.03956417778015953,0.0,0.0,0.0,0.0,0.15247049077554423,0.0,0.0,0.0,0.0,0.0,0.0,0.0
reduce,0.03744233798458843,0.06646940348729491,0.07327620324879532,0.04220817947922881,0.0321990878950762,0.0,0.06719437895113224,0.0,0.0,0.0,0.0,0.0,0.0,0.0,0.0,0.18557441869611346,0.12550641522317324,0.04105062218307861,0.0,0.16251109162364652,0.0,0.0,0.0,0.0,0.0,0.0,0.14500497895764508,0.0728632999281104,0.052602439941507845,0.05399369367487502,0.3190874019335358,0.2739146533001825,0.0,0.0,0.0,0.0,0.04740335009022059,0.0,0.0,0.043703145531328536,0.044609211272970836,0.03864762326751173,0.03859139730553685,0.09448507704947247,0.14190662711866445,0.04407937597803119,0.10154426865911483,0.0,0.0,0.0,0.0,0.0,0.0,0.0,0.0,0.0,0.08967982906107613,0.04934896395648071,0.0,0.0,0.0,0.033017935446666515,0.045643385587119285,0.0,0.1120827341007824,0.04484235022698902,0.029352431616371168,0.0,0.0,0.0,0.0,0.0,0.0,0.0,0.14569486163944795,0.0,0.03441841152013475,0.09939133600934133,0.0,0.038276205254034724,0.0,0.30058474878099795,0.13666310600727985,0.0,0.061348029160689835,0.413454520509066,0.0,0.0,0.14671721743969507,0.09271774242684448,0.0,0.11274150884410719,0.04046912536848119,0.06877607502787848,0.0,0.0,0.0508308580056394,0.1773957144680549,0.1797407289495725,0.13481683052307067,0.04927339719320629,0.1502930346659818,0.0,0.0,0.0,0.0,0.5482060750228531,0.0,0.28519156143927016,0.0,0.04737164275735887,0.0,0.0,0.07802128049755386,0.0,0.11576280868107723,0.0,0.0,0.0995400959206783,0.03203427448799507,0.03885713466001643,0.0,0.0,0.09397548356116776,0.0,0.0,0.0,0.12907304580513762,0.048990773520085046,0.0,0.0,0.03632965083271087,0.0,0.09037613356769242,0.1264431400788879,0.0,0.03689974384200022,0.05128962368670045,0.0,0.08864242020607108,0.04568978190651481,0.06597758013967604,0.0,0.06868178619065839,0.0,1.0000000000000002,0.0,0.0,0.0,0.09325841926807121,0.08228936334208649,0.0,0.04224587638909523,0.0,0.0,0.0,0.0,0.0,0.0,0.0,0.0,0.0,0.057855834833199817,0.0,0.06667927625566,0.037958137908643934,0.05296088804153064,0.0,0.0,0.0,0.057231953520266485,0.0,0.0,0.0,0.0,0.0,0.19131136467762783,0.12261332721876038,0.0,0.0,0.0,0.0,0.0,0.0,0.0,0.052648581395070816,0.0,0.0,0.1697744073868086,0.07564917388617973,0.0,0.08828278549889298,0.0,0.0,0.0,0.0,0.0,0.0,0.0,0.0,0.0,0.0,0.0,0.0,0.0,0.08428953133142575,0.04410056214316404,0.0,0.12447262171576609,0.0,0.0,0.0,0.13101902078262467,0.0,0.057692579319306256,0.05268978835045326,0.0,0.0,0.0,0.044801135590580674,0.0,0.0,0.0,0.0,0.03668649206597502,0.0,0.0436397441355669,0.0,0.0,0.104761251983687,0.0836183012327572,0.0331643502227966,0.0,0.0,0.051195076532537694,0.0,0.0,0.1435433468952811,0.04662023795096158,0.0,0.03894702316354655,0.0,0.07010016879905138,0.1548449338515286,0.0,0.0,0.03948674905620573,0.045072161595208944,0.0,0.08631578685443256,0.05174743735032229,0.0,0.0,0.0,0.0,0.0,0.0,0.37251608031107497,0.0,0.04339569960013268,0.0,0.0,0.0,0.09389947907293349,0.0,0.0,0.061638817390188186,0.04681734277398205,0.0,0.05085894910954276,0.0
dust,0.0,0.0,0.03217694206538896,0.0,0.13817197139993337,0.0,0.0,0.0,0.0,0.0,0.0,0.0,0.0,0.0,0.0,0.0,0.0,0.0,0.0,0.0,0.0,0.0,0.0,0.07007206201424389,0.0,0.10166458090458756,0.0,0.0,0.04511062361227933,0.0,0.0,0.0,0.038746210423044235,0.0,0.263205223859486,0.0,0.0,0.0,0.0,0.0,0.11444706558252762,0.0,0.03938779362525921,0.0,0.06332334060070277,0.0,0.0,0.0,0.0,0.0,0.0,0.0,0.0,0.0,0.0,0.03816643252512368,0.0,0.0,0.045949047726537275,0.041461107278089285,0.0,0.0,0.10553243320355787,0.049262356022147104,0.038727353373109945,0.04500826470002561,0.05070124675204776,0.0,0.0,0.06303913024600713,0.07346554463020882,0.0,0.07623588293415137,0.10007234150425766,0.0,0.0,0.0,0.12631636026143359,0.0,0.038417825316150504,0.06535214614644504,0.0,0.050124658063782176,0.0965855130357482,0.0797664115431316,0.04717369509331694,0.04027344401303295,0.06348123030589686,0.037959397610470166,0.2926342600372882,0.0,0.04135080597469166,0.2971325154158535,0.0,0.0615702581273422,0.0,0.0,0.03368371077243275,0.044569780365778286,0.0,0.0,0.0,0.16211419831477358,0.04626779749234387,0.05187851882673324,0.04832041836143897,0.0,0.0,0.057303368435857795,0.0,0.04091315806270572,0.047264759532037445,0.041650509943489865,0.0,0.05835715086544665,0.03369951522976007,0.03348564201017578,0.0,0.0,0.0,0.0,0.0,0.0,0.04787484850957437,0.0,0.057921436574589244,0.0,0.07352476055784547,0.0,0.0,0.0,0.08378726842066855,0.0,0.0,0.0,0.0,0.03329384435949241,0.1581263181611846,0.06598484936266219,0.0489459342492293,0.0,0.03758325955427831,0.08912751087525796,0.15827048266995689,0.0,0.0,1.0000000000000002,0.0,0.0,0.0,0.0,0.0,0.09145845836865724,0.0,0.0,0.061006630630335706,0.0,0.05537819371957482,0.0,0.0,0.0,0.0,0.0,0.043523625199146355,0.0779375963654079,0.0,0.0,0.04363171766050385,0.0,0.0,0.0,0.0,0.057256688163431525,0.0,0.04013728675030949,0.0,0.0,0.10992256307905293,0.28863345086543035,0.03617220108988096,0.03624889692644727,0.050217452687135754,0.0,0.041726761937561786,0.0,0.0,0.17729056853694308,0.0,0.05346147797853405,0.0,0.1240853103338117,0.0,0.05231030031537763,0.0,0.0,0.0,0.0,0.0,0.04703453400015012,0.0,0.0,0.0,0.0,0.0,0.0,0.0,0.0,0.0,0.0,0.0,0.0,0.0,0.0,0.0,0.0,0.04550624621810757,0.0,0.31351186139804255,0.2397236943710644,0.0,0.03480386904768093,0.0,0.0,0.040808382454935004,0.0,0.07882491674542297,0.0,0.03762813880389558,0.0,0.05967586741130509,0.047632063983939474,0.03328705667468781,0.0,0.03923122169081264,0.04619221524531369,0.041983103598530434,0.038424438955240926,0.05264816079969355,0.0,0.0,0.0,0.0,0.0,0.0,0.0,0.07862407097494231,0.03963284807038374,0.11563478678132719,0.0518408020609151,0.0,0.0,0.0,0.0,0.0,0.0,0.0,0.0,0.0,0.04624925614702979,0.03811171567335398,0.0,0.04118836727732974,0.0,0.0,0.0,0.0,0.0,0.04043442940745916,0.0,0.0,0.0
stack,0.0,0.12216386704570495,0.025040943530959023,0.08629406350001464,0.02164183333215209,0.12877309890721433,0.0,0.17908131853812187,0.08433900643304548,0.0,0.0,0.07409818210473143,0.22521299479664217,0.0,0.09402428937678865,0.0490974970392523,0.035823827218770525,0.11151862964382155,0.0,0.05352473808383044,0.0,0.05776747504199689,0.0,0.0,0.1180068324522108,0.0,0.0,0.0,0.045137362694136506,0.059613812660450446,0.0,0.0,0.0,0.06754944472083539,0.0,0.0,0.0,0.060269524434690136,0.050916918776721824,0.0,0.07914587865229399,0.0,0.0,0.046309263629905055,0.0,0.0,0.0,0.11884230328631676,0.0,0.04229592164423731,0.12125222918006248,0.03728200239012738,0.0,0.07045874463878497,0.0,0.0,0.0,0.021876710520228413,0.0,0.0617187212505105,0.08159226371990652,0.07919809121215583,0.09331729685590531,0.0,0.0,0.09167959067938435,0.0,0.08020636639061761,0.0,0.0,0.0,0.10652018062934678,0.0,0.08859423264532408,0.2823893364401744,0.0,0.0,0.0,0.02932435713530679,0.0,0.0,0.0,0.039008328682479686,0.0,0.1254252324860055,0.0,0.020818517947702942,0.0,0.0,0.0,0.032099677669103245,0.09373481345536923,0.08273859042075836,0.0,0.0,0.11057768334168275,0.0,0.0,0.0,0.027144901071036377,0.0,0.0,0.0,0.03098313803712302,0.0,0.0,0.0,0.12644077038998985,0.0,0.04331627482853046,0.0968506957334002,0.09604920855454227,0.0,0.0,0.030166513503934525,0.0,0.0,0.0,0.0,0.0,0.0,0.0819786255908444,0.0,0.0,0.0,0.07662831724624063,0.1055784054390638,0.0,0.0,0.029839745746603946,0.03957503091948347,0.0,0.0,0.0,0.0,0.0,0.0,0.0,0.0,0.050603162237871396,0.0,0.0,0.0,0.0,0.0,0.0,0.0,1.0000000000000002,0.0,0.0,0.05289739532398413,0.1093812732266452,0.08618621791174327,0.1695177993628527,0.0,0.0,0.0993709946523205,0.0,0.020134373582334508,0.1479589837375675,0.1028910474679077,0.0,0.0,0.0,0.10634849014754841,0.0,0.0,0.0,0.0929709251377635,0.1914252387888391,0.0,0.0,0.09003079473361975,0.0,0.0,0.07982815355367705,0.0,0.0,0.0,0.0,0.024274001314875757,0.10157191292164344,0.0,0.0,0.0,0.0,0.03297232665047593,0.027716273522589353,0.0,0.0,0.031976824536558895,0.0,0.03502948796520724,0.0535258335198661,0.27359293579087485,0.21386883381631713,0.02844094563359306,0.022412568983891205,0.1913883553148373,0.04215849234505185,0.11964967933005853,0.0,0.0,0.1617602612493907,0.0,0.0,0.08105225754475316,0.08383160488787218,0.11306817649366534,0.0,0.0,0.0,0.02363368696438695,0.0,0.10603297486842461,0.0,0.09793542373896416,0.0,0.0,0.029143104641721134,0.046261715883443015,0.0,0.0,0.0,0.06742596599317661,0.0,0.02982633706863617,0.029283208362330972,0.038357202847445225,0.0,0.07357884331438558,0.0,0.0,0.0,0.09386963478965968,0.0,0.0,0.07553023018482632,0.0,0.0,0.0,0.0,0.0,0.022580252122481208,0.0,0.0,0.0,0.0,0.03414781259755512,0.0,0.0,0.0,0.28203129995645454,0.018980316294115826,0.024788973644001067,0.03625751575059642,0.0,0.0,0.0,0.0,0.0,0.14114534124090716,0.0,0.0,0.15371274646463967,0.0,0.0,0.060190415581139856,0.0,0.03362501309023731,0.0
reheat,0.0,0.0,0.0,0.0,0.0,0.0,0.0,0.0,0.0,0.0,0.03161046934498808,0.0,0.0,0.06802982768834685,0.0,0.0,0.04155176368720308,0.0,0.05322526833952647,0.0,0.0,0.0,0.10830481286455773,0.032151387494901956,0.03386471556384249,0.0,0.032988238024275945,0.0,0.0,0.060374853500317655,0.06317252610398963,0.0,0.0,0.11841668074700831,0.0,0.06534538021950018,0.040182651338537705,0.03521823686955915,0.09445595284676114,0.0,0.0,0.03331344853697539,0.12850419418818443,0.0,0.028579670883476058,0.0,0.024548162165459554,0.0,0.18915873734223893,0.07749644590743214,0.029144423219227382,0.0,0.0,0.0,0.0,0.032233481731870746,0.0,0.027590596850122565,0.04147629133195146,0.03742521443851732,0.12179189296218046,0.023139531646289447,0.0,0.0,0.03495756866558221,0.0,0.045225755667892824,0.0,0.02657415989470342,0.05784889000323617,0.09720539677662889,0.04061772118972689,0.0,0.0,0.0,0.0,0.0,0.0,0.0,0.0,0.0,0.0,0.0,0.0,0.0,0.0,0.0,0.03806219718711135,0.0,0.0,0.0,0.0,0.0,0.0,0.0,0.045847191984834286,0.0,0.0,0.0,0.0,0.08264504429673132,0.0,0.0,0.0,0.0,0.0,0.0,0.042212916255947364,0.0,0.0,0.0,0.1151105043100633,0.0,0.0,0.0,0.0,0.0,0.0,0.07162295188985461,0.1117048369375288,0.027231741930138078,0.031259663080674106,0.1235681667685269,0.0,0.14416746737909614,0.0,0.0,0.036081835215096586,0.0,0.0,0.0,0.0,0.0,0.0,0.0,0.03626612927489141,0.0,0.0,0.0,0.12326981225599543,0.036220487535540045,0.0,0.0,0.035315311612189246,0.09592808566150854,0.0,0.0,0.0,1.0,0.03696521707626819,0.03207610791551768,0.0,0.0,0.03974206752996943,0.0,0.0,0.0,0.2777394987322409,0.050786372459999014,0.03426065199128414,0.0,0.0,0.0,0.0,0.0,0.0,0.0,0.0,0.0,0.0,0.0,0.0,0.0,0.0,0.0,0.0,0.0227828519819427,0.0,0.0,0.028095644117757314,0.15198950898743327,0.0,0.0,0.0,0.0,0.036897022749691116,0.0,0.03214787858001626,0.0,0.3504678995636899,0.0,0.03155813724368112,0.0,0.032457182470623486,0.027838426497585948,0.0,0.03298841982434638,0.056532827879979375,0.0,0.0,0.0,0.0,0.0,0.0,0.0,0.06571153289631633,0.0,0.0,0.07112846338257213,0.09459505366437337,0.0,0.05260373752622735,0.08398444299645154,0.0,0.0,0.0,0.0,0.0,0.0,0.0,0.0,0.0,0.0,0.0,0.0,0.0,0.0,0.0,0.04837555989433026,0.0,0.0,0.0,0.0,0.0,0.0,0.0,0.02984500057456947,0.0,0.0,0.0,0.0,0.03126351015400903,0.0,0.056955787069490255,0.0,0.0,0.06084054937170272,0.0,0.0,0.0,0.04034194256431932,0.4577841945193104,0.031195592227674946,0.047875411111239996,0.06252700354630886,0.0,0.0,0.0,0.38165018726198413,0.0,0.0,0.0,0.32484176251930963,0.1161979643959509,0.0,0.0,0.0,0.0,0.0,0.0,0.0
dripping,0.12455137042223444,0.2097349879542202,0.12669452254624206,0.0,0.0,0.0,0.21202254752595745,0.0,0.0,0.0,0.03336237328002866,0.03081207111049984,0.0,0.03189607773330323,0.0,0.12623514571670538,0.13447986344540916,0.0,0.0851964452164648,0.10321355749651046,0.0,0.0,0.10700259873527772,0.0,0.03574155351293584,0.09358730659688325,0.06616940034660344,0.0,0.0,0.0,0.11847484385541855,0.0,0.06563764084714054,0.12497952695821207,0.029453252079111404,0.10131913063833184,0.0,0.03717008918417068,0.06384808199563635,0.075562719018901,0.0,0.20476560779224998,0.06672450862958304,0.02928768457648735,0.29926845433707816,0.0,0.025908661480617667,0.0,0.03180575841422875,0.051554682813009366,0.030759654842808064,0.04794041482162692,0.0,0.0,0.035552645017642326,0.0,0.0,0.0,0.043774975264869904,0.03949938106125908,0.06132275789395125,0.12860548033075833,0.0,0.0,0.11313813526473317,0.0,0.0,0.0,0.0509797533805714,0.0,0.0,0.2257462088427054,0.0,0.0,0.0,0.06645126192758792,0.0,0.07176814802958935,0.038324751210926454,0.0,0.0,0.13934886952222886,0.09868121725612086,0.0,0.0,0.1901727949973347,0.05036943402172644,0.040171666436069633,0.14946254826292313,0.1603089350638215,0.041951888491295414,0.08140799410365791,0.0,0.0,0.0,0.18984344261954822,0.0,0.0,0.17549048110159174,0.13733948469266072,0.0,0.08254522289209285,0.0,0.0,0.0,0.0,0.07060043587716469,0.044552425147486745,0.0,0.0,0.0,0.12149011681326326,0.0,0.0,0.0,0.13268955090256349,0.0,0.0,0.025397303885408153,0.11077449243901764,0.2257608073304292,0.0329921247585251,0.029941202654313232,0.0,0.0,0.0,0.0,0.0,0.27632284405260826,0.0,0.0,0.0,0.0,0.0,0.31434747839127924,0.0,0.0,0.08867973634632567,0.0,0.0960099127923856,0.11722549864244859,0.0,0.0,0.03727254396787991,0.09862123610669901,0.09325841926807121,0.0,0.0,0.03696521707626819,1.0,0.17827341230036886,0.0,0.07304310132569505,0.041944637942086416,0.0,0.0,0.0,0.0,0.09964905741530947,0.03615943338505371,0.0,0.0,0.0,0.0,0.0,0.0,0.0,0.0,0.0,0.0,0.0,0.04802368517334205,0.0,0.0,0.0,0.0,0.37827029538566304,0.12490763290712016,0.0,0.029652750687426226,0.0,0.0,0.041766345457161326,0.0,0.2796375392259152,0.038941916124762575,0.0,0.10098779881072606,0.0,0.06485153355800038,0.0,0.03165041758116188,0.0,0.034256012632556246,0.029381277645861965,0.0,0.2734857105801682,0.14272786775316143,0.0,0.0,0.0,0.0,0.0,0.0,0.0,0.06935337357265091,0.0,0.0,0.142672905601585,0.03354314867760834,0.04359125347682695,0.055519122734977853,0.11957451532361149,0.0,0.0,0.0,0.049737858937400715,0.0,0.0,0.0,0.0,0.0653304472135027,0.0,0.0,0.0,0.0,0.07545309803407033,0.0,0.07066024075817223,0.0,0.0,0.0,0.0,0.0,0.0,0.07904924432223455,0.03149905934153196,0.10364927751524544,0.0,0.0,0.0,0.031354928961322276,0.0,0.0856835004468169,0.0,0.0,0.0,0.0,0.0,0.0,0.08657105343320576,0.0,0.12917429327005356,0.024007702701843516,0.06270984111192181,0.0,0.0,0.0882721318092812,0.0,0.07503114514178034,0.0,0.0,0.0,0.03863021627689669,0.0,0.0,0.0,0.0,0.0,0.0,0.0
transfer,0.05617540922762793,0.09099746517650559,0.020262794912442348,0.06332568644550973,0.04830886735776976,0.0,0.09198996587702667,0.04502679709619331,0.0,0.038204916347063085,0.11833692088678427,0.0,0.04047458279701702,0.0,0.0,0.0,0.03805431076177011,0.06158898253448716,0.048745245015790584,0.0,0.0,0.0,0.0,0.0,0.03101428905946302,0.0,0.0,0.0,0.030079509281624933,0.0,0.05226991594663094,0.0,0.0,0.10844943195303627,0.0,0.02867068410571833,0.07112009381397945,0.03225388314211519,0.027248735801135585,0.07379961042609931,0.10560349410155476,0.05984954607958555,0.0,0.0,0.026174091801640147,0.0,0.06972457558832276,0.0,0.0,0.0,0.13219645526384466,0.04888948985730339,0.0,0.0,0.0227443441155687,0.0,0.0,0.0,0.03798519098908637,0.12812554940318394,0.026170991770175338,0.11568404824719072,0.06847958759803457,0.0,0.03201515563792249,0.06727777992299998,0.044037978038505746,0.0,0.0,0.0,0.0,0.11654367796056903,0.0,0.0,0.07420722238253985,0.08502266807124198,0.10019810449938704,0.0,0.024517763143988843,0.05742647520331437,0.0,0.0,0.0,0.036217231209351865,0.09204154518418985,0.05593488984028419,0.0,0.1888373533338745,0.0,0.0,0.02683817723464742,0.0675609217108102,0.06071655246513579,0.05360254795487092,0.2623985069445397,0.08236714449632519,0.0,0.0,0.0,0.0,0.0,0.09923987174273996,0.0,0.0,0.0,0.0,0.0,0.038659813466813804,0.0,0.035633227374891135,0.07107252273549185,0.0,0.0,0.0,0.20311567426277913,0.058541302499095824,0.0,0.0,0.06834842609767763,0.0,0.043937563299921656,0.06339234214239324,0.0,0.0,0.052803544909225814,0.0,0.0,0.0,0.1001465931078018,0.02414592116129033,0.03202358306441767,0.0,0.028236540109901835,0.0,0.09187848533660081,0.0,0.0,0.028365856303206937,0.020315284177924206,0.0,0.03317177338118041,0.037727779099169495,0.0,0.032342787007928774,0.042089032639015166,0.08228936334208649,0.0,0.05289739532398413,0.03207610791551768,0.17827341230036886,1.0000000000000002,0.0,0.0,0.13605731625294865,0.05238296406760268,0.0,0.0,0.0,0.0,0.03137689912735792,0.0,0.037827995319954046,0.1182684888120254,0.0,0.03260068359405549,0.07759375733694665,0.0,0.0437994954438547,0.0,0.04813045523897339,0.0,0.048974408709815155,0.0,0.0,0.0,0.0,0.10987563677429868,0.0,0.0,0.02573080604611039,0.0,0.07550492331385009,0.02671947848200895,0.0,0.0,0.059532191396431275,0.0,0.05186959591829893,0.0,0.05722369572773672,0.026305065796833147,0.055855390488195614,0.0,0.1576120570178013,0.02549523868668159,0.11203376073756334,0.030211751996511094,0.0,0.0,0.0,0.0,0.05364801210337653,0.03358214270744984,0.0,0.0,0.18664161950585648,0.0,0.0,0.0629458587238761,0.051278862106236556,0.0,0.14337504072148105,0.0,0.029789429519659846,0.0,0.1952065873735196,0.031819150971256635,0.0,0.0,0.4447434910524759,0.0,0.0,0.17031815365295433,0.025698274332982766,0.0,0.0,0.024135071039314213,0.0960462065076057,0.0,0.0,0.0,0.049757067689010434,0.3582297234415295,0.03388748087211383,0.0,0.0,0.027332917444841245,0.0,0.09530076104533702,0.0250735354392957,0.10079754386838338,0.0,0.08890773605753831,0.0,0.03476327957015149,0.03379514165379895,0.05924267571683239,0.1312130617907239,0.04477949226459356,0.03096298871896137,0.14272806730947554,0.0,0.1891037983703947,0.0737025237250466,0.0,0.12746294178217915,0.03009811186980606,0.0,0.0,0.09728054137886685,0.0983652589193401,0.0672955216090083,0.0,0.2406394484863908,0.0207957044120815,0.10919037901680476,0.03013631364480683,0.16176738324123593,0.03959433871783784,0.10396550444902905,0.04406282895979524
soften,0.06633212960622455,0.17435054292190308,0.0,0.12315766671446166,0.0,0.11121184939652212,0.0,0.0,0.11199312109105314,0.0,0.0,0.10575187730961877,0.0,0.0,0.13419013573429264,0.03446275420432668,0.0,0.1197800736166045,0.0,0.03757034479699218,0.0,0.08574347141760355,0.0,0.0,0.12674893086055095,0.0,0.06894305867631106,0.0951651922460506,0.13312232338108637,0.0,0.061720508791116686,0.0,0.0,0.0,0.0,0.0,0.0,0.0,0.0,0.0,0.0,0.13898973560240502,0.0,0.0,0.0,0.0,0.0,0.1276462944520276,0.0,0.0,0.0,0.053208346421307326,0.07526259195533729,0.0,0.0,0.0,0.0,0.05766237457583018,0.0,0.0,0.0,0.0,0.2140420746415227,0.06897246790962112,0.0,0.2102856646351649,0.0,0.3922145870777901,0.05553809401841863,0.0,0.0,0.1520240949635095,0.0,0.0,0.15344574940034425,0.0,0.0,0.0,0.04185130768219469,0.14360510992173092,0.0,0.0,0.0,0.08272174381020933,0.17900511754314027,0.0,0.0,0.0,0.0,0.0,0.04581220588844322,0.0,0.198221550596273,0.0,0.0,0.2536322584231537,0.0,0.0,0.0,0.0,0.0,0.0,0.07716888551669739,0.0,0.0,0.08528796742466677,0.0,0.05109201243417983,0.0,0.06182037468479246,0.13822394290420464,0.0,0.0,0.0,0.0,0.13825157014708203,0.0,0.0,0.0,0.0,0.0,0.11699873477652538,0.0,0.0,0.0,0.0,0.15068000673425605,0.0,0.0,0.0,0.0,0.0,0.0,0.0,0.0,0.0,0.0,0.0,0.0,0.0,0.0,0.0,0.06958801249972517,0.0,0.0,0.0,0.0,0.1093812732266452,0.0,0.0,0.0,1.0,0.0,0.0,0.0,0.0,0.14182087786922862,0.0,0.0,0.2111649685677242,0.14684464745309248,0.0,0.0,0.0,0.0,0.0,0.0,0.0,0.1326867891932091,0.0,0.0,0.10007343960850519,0.20650381800241335,0.08553770614510516,0.0,0.26042123888715146,0.0,0.0,0.0,0.0,0.0,0.0,0.0,0.0,0.0,0.0,0.0,0.0,0.0,0.0,0.04563687163555198,0.0,0.0,0.0,0.13788770488993793,0.0,0.0,0.0,0.13673439539706533,0.0,0.28665154729540354,0.12079849641736834,0.0,0.23086195660021647,0.0,0.0,0.11567663540551344,0.11964328061706404,0.16136930203334784,0.0,0.0,0.0,0.0,0.0,0.15132876179351676,0.0,0.0,0.0,0.0,0.04159262668734058,0.06143057842313314,0.07117195119644537,0.0,0.0,0.09622938486014002,0.0,0.0,0.0,0.0,0.0,0.0,0.058753328336233916,0.0,0.0,0.0,0.0,0.0678210663122266,0.0,0.0,0.0,0.0,0.0,0.0,0.0,0.0,0.12304696993397689,0.0,0.0,0.048735275085485745,0.0,0.0,0.0,0.0,0.0,0.0,0.051746213581720366,0.0,0.09197228221704337,0.0,0.0,0.0,0.0,0.0,0.0,0.0,0.0,0.0,0.0,0.0,0.20955852865151015,0.0
drizzle,0.0,0.0,0.20336991313554983,0.0,0.08629025068685026,0.058271711468909096,0.0,0.0,0.09665001131372336,0.0,0.0,0.0,0.035957950695785355,0.027093627618026972,0.0,0.08577640073296607,0.08210609663142591,0.03161867387727584,0.0,0.0915650961984291,0.2306477937034893,0.06619982084809843,0.0,0.027390356179236575,0.033458262198108935,0.04156011325243692,0.029974605292717168,0.0,0.0,0.0,0.05366886601783688,0.0,0.0,0.07740966929326348,0.06615945818111578,0.0,0.0,0.20666830403667802,0.0583492856266554,0.03422975976164054,0.052973930467369576,0.13404045776331963,0.030226068228604054,0.053069048866656185,0.08766601316706925,0.0,0.0,0.033695141721484925,0.0,0.04846987744259438,0.028794624063599276,0.040722240455124,0.0,0.0,0.0,0.0,0.0,0.09847462511761926,0.043123477329987975,0.0930439864612204,0.0264706945982399,0.09075867425302028,0.0514682447651575,0.13403541828862464,0.15690339557977154,0.1048146613945301,0.06878031002481164,0.09169765127243976,0.02263901378425193,0.024641264735672155,0.0,0.0,0.07154786730310862,0.04897863948510214,0.05929956912769986,0.0,0.0,0.15105954466542895,0.0,0.04316088903913408,0.0,0.03226575308143001,0.13644710047920106,0.0,0.0,0.13042071047693138,0.02385740691381992,0.03525765383476367,0.13507103282495472,0.16681068075785316,0.0,0.1125633130613114,0.0,0.0,0.05778408393483457,0.0,0.0,0.05977693402590395,0.1213258610595776,0.09332176557148576,0.04693788513471759,0.03739281997463124,0.04911823513357574,0.03550576143198774,0.0,0.0,0.031981855477407665,0.23499182375783953,0.0,0.0,0.03839726243545949,0.0,0.0,0.0,0.03456993382730295,0.1665872210812579,0.19968980027669309,0.0,0.0,0.04861422899294754,0.0,0.0,0.02543308935771872,0.07225424071770382,0.0,0.05435964139909866,0.0,0.09974223810313708,0.0,0.034195467625024026,0.04535181700469211,0.06236691152603262,0.0,0.026276875356419975,0.04646938360850943,0.03089578010401643,0.0,0.10210649560621793,0.02697436794660002,0.08698459484490945,0.1779349503223682,0.03527213123156737,0.13523161699095335,0.16033546059574455,0.0,0.04224587638909523,0.09145845836865724,0.08618621791174327,0.0,0.07304310132569505,0.0,0.0,1.0,0.0,0.11590508782074532,0.0,0.0,0.0,0.05685258141859161,0.0,0.0,0.0,0.0,0.0,0.06759103166841175,0.0,0.1257115551570988,0.07743120482329319,0.0,0.0,0.0,0.0,0.0,0.0,0.44317277565186997,0.0,0.06752821831284732,0.271626323736751,0.1384289499717905,0.04063802010378949,0.027817288831527447,0.10304704934903072,0.0,0.046878346890508626,0.024005625291114285,0.0,0.1318925236803049,0.03176203115054626,0.05017394152226325,0.029377614287662893,0.09236269086151677,0.026884955418944756,0.04014275898351915,0.0,0.04026597613940262,0.04414004693305366,0.06315021246706679,0.04976481835378104,0.0,0.1686380827440166,0.0,0.027459798824316296,0.0,0.0,0.0,0.0,0.0,0.0,0.0949283600177249,0.0,0.0,0.04872772738255178,0.054167014981528344,0.0,0.037452788729437025,0.04270790526146337,0.0,0.15911859368017914,0.0,0.0,0.09211531437596929,0.0,0.0,0.148742005350897,0.0,0.030811745557265388,0.06836020335191224,0.0688719429105588,0.04395622198977919,0.056006186042731235,0.129022180997925,0.03739667583348588,0.0,0.0,0.0,0.039401413214232024,0.0894823336382946,0.11837436945089214,0.0,0.0,0.0,0.0,0.0,0.0517526045279433,0.0,0.0737891971659105,0.0,0.05352368908179608,0.037298839827937705,0.0,0.0,0.0,0.0,0.04214385211052206,0.028407431916456106,0.0,0.0,0.039987098197508855,0.0,0.0697570485683161,0.0,0.14214006523104858,0.0,0.03390476208450103,0.02945088871171071,0.0,0.0,0.03794797250817732,0.0,0.0,0.058506046517487906
arrange,0.0,0.0,0.02510545749120099,0.0,0.0,0.0,0.0,0.0,0.0,0.0,0.06319173514688747,0.0,0.0,0.0,0.0,0.0,0.04714901795704044,0.0,0.06039500877989205,0.0,0.0,0.0,0.0,0.0,0.038426481586903545,0.0,0.0,0.0,0.0,0.0,0.0,0.0,0.0,0.1343680679593708,0.04635835855249067,0.035522771866865054,0.0,0.03996232976001312,0.03376098812135289,0.0,0.0,0.0,0.0,0.0,0.032429511917596805,0.0,0.027854936494742598,0.0,0.05006111884148847,0.0,0.1637904594334105,0.0,0.0,0.0,0.02818007914633884,0.050882694140739024,0.0,0.0,0.20810846261140922,0.15874663628477162,0.03242567100085766,0.0262565555898271,0.0,0.0,0.03966654809542103,0.0,0.0,0.0,0.0,0.0,0.0,0.11580636943745748,0.0,0.0,0.23780840168162973,0.10534247561970583,0.023193097430395913,0.0,0.030377332596540317,0.0,0.0,0.0,0.0,0.0,0.0,0.0,0.0,0.07608923035930494,0.0,0.0,0.03325230900363218,0.08370749718419081,0.0,0.0,0.03278978051803926,0.0,0.0,0.0,0.0,0.0,0.0,0.03271389390433622,0.0,0.0,0.0,0.0,0.0,0.21180449896208314,0.0,0.044149313014331885,0.0,0.19362892561975634,0.0,0.0,0.030244232670164246,0.0,0.0,0.0,0.027305165394011625,0.0,0.05443832563373552,0.08912533704935151,0.0,0.0,0.06542321322559864,0.0,0.0,0.0,0.033012789761581195,0.02991662304830573,0.03967698961637354,0.0,0.034984870571454996,0.04868987284775011,0.0,0.0,0.0,0.03514509240699021,0.025170491314471344,0.0,0.04109958917945727,0.0,0.0,0.0400724810117842,0.05214800940988268,0.0,0.0,0.1695177993628527,0.03974206752996943,0.041944637942086416,0.13605731625294865,0.0,0.0,1.0000000000000002,0.0,0.0,0.0,0.0,0.0,0.03887575285894446,0.0,0.0,0.03898657593242826,0.0,0.040392013031335675,0.02557836785339641,0.0,0.0,0.0,0.22826813977147306,0.06884425339136649,0.23227075491164179,0.0,0.0,0.0,0.0,0.025851829185773757,0.0,0.0,0.03188028404750306,0.048326275557283416,0.09355005816439822,0.033105242100892426,0.0,0.08896269645466195,0.07375995793864545,0.0,0.06426605712783509,0.0,0.051036989689380426,0.032591787757774784,0.0,0.0,0.42110969106121887,0.03158841777959632,0.13880902560234515,0.09405424581776962,0.0,0.0,0.0,0.0,0.025623459618141047,0.0,0.0,0.0,0.18735206781657504,0.053048517272970296,0.0,0.0,0.06353414217378103,0.06861106383102727,0.10515887673843702,0.0,0.03690888940664917,0.0,0.035505397861958554,0.03942369971994667,0.0,0.0,0.030189571710386928,0.0,0.0,0.0,0.0318399774883847,0.0,0.0,0.029903179825037526,0.029358651835046334,0.0,0.0,0.0,0.0,0.03464022006831844,0.0,0.0,0.0,0.03386528857381882,0.0,0.03141538709281665,0.03106593048221727,0.052489470778021845,0.0,0.04246427211917687,0.0,0.0,0.041871937995956336,0.0,0.0303722045587343,0.0,0.03836292083315198,0.08064661495573798,0.04572351066530609,0.20053843609515115,0.0,0.0,0.03755944623093078,0.037291344623383425,0.0,0.0,0.029735953646860658,0.1218738499343975,0.14719362107938133,0.0,0.13599357188992997,0.025765728537108512,0.0,0.03733867634847439,0.2551177661045114,0.0,0.0342716734970503,0.054593528887415615
measure,0.0,0.0,0.0,0.0,0.0,0.0,0.0,0.06612048983570153,0.0,0.056102764262869975,0.0,0.08838170723566963,0.05943570080539166,0.0,0.0,0.0,0.0,0.0,0.0,0.0,0.0,0.0,0.0,0.0,0.0,0.0,0.0,0.0,0.04417084971577327,0.0,0.0,0.0,0.0,0.0,0.0,0.0,0.0,0.580010815223581,0.0,0.0,0.05679379730967009,0.0,0.0,0.0,0.0,0.0,0.0,0.0,0.0,0.0,0.09116468548746244,0.07179273733986631,0.0,0.0,0.0,0.0,0.0,0.0,0.0,0.0,0.08938753394852612,0.0,0.0,0.0,0.0,0.0,0.0,0.0,0.0,0.0,0.0,0.0,0.0,0.0,0.0,0.0,0.04381947655684625,0.0,0.0,0.0,0.0,0.0,0.0,0.0531839087497,0.0,0.0,0.0,0.06215874796399167,0.0,0.0,0.0,0.0,0.0,0.07871372062387677,0.06195080338132431,0.0,0.0,0.0,0.0,0.0,0.0,0.0,0.0,0.0,0.0,0.0,0.0,0.0,0.0,0.0,0.0,0.0,0.0,0.0,0.0,0.0,0.0,0.0,0.0,0.0,0.0,0.05104964144132167,0.08588369791135532,0.0,0.0,0.0,0.0,0.0,0.0,0.0,0.0,0.0,0.0,0.08873303566954224,0.0,0.0,0.0,0.0,0.0,0.0,0.0,0.055402102643919295,0.0,0.0,0.0,0.0,0.0,0.0,0.0,0.0,0.05238296406760268,0.0,0.11590508782074532,0.0,1.0,0.0,0.0,0.0,0.0,0.0,0.0,0.05554926713340321,0.0,0.0,0.0,0.0,0.4211097415466384,0.06431823447528959,0.0,0.07067811795756793,0.0,0.07191743810666455,0.0,0.0,0.2781667516031683,0.0,0.0,0.0,0.0,0.0,0.0,0.0,0.0,0.0,0.0,0.0,0.1323579536842472,0.0,0.0,0.0,0.0,0.09078643011412814,0.0,0.0,0.0,0.0,0.0,0.0,0.0,0.1692331826126537,0.0,0.048411239223740944,0.049314360974983484,0.0,0.0,0.0,0.0,0.0,0.0,0.0,0.0,0.0859062982303069,0.0,0.15662727031215454,0.0,0.15067138670023855,0.0,0.0,0.0,0.0,0.0,0.0,0.060453835480352186,0.0,0.0,0.0,0.0,0.0,0.0,0.08424872147654591,0.0,0.0,0.0,0.04976274083575808,0.0,0.0,0.0,0.0,0.0,0.13183197786114562,0.0,0.0,0.08022913637189195,0.0,0.051048824737928766,0.0,0.0,0.05738319815347224,0.06575733016948813,0.0,0.0,0.08332709998006861,0.0,0.03595251940601706,0.0,0.0,0.0,0.0,0.0,0.0,0.0,0.0,0.0,0.05977361883086078,0.0,0.053263701460170704,0.0,0.0,0.058143088995451835,0.0,0.0
fold,0.0,0.216926042294241,0.0,0.0,0.0,0.07217790133269417,0.0,0.0,0.0,0.0,0.07678581602087355,0.0,0.0,0.0,0.0,0.07777723010395336,0.0,0.0,0.0,0.0,0.0,0.0,0.0,0.0,0.0,0.0,0.0,0.0,0.15385005453755002,0.0,0.06597608410924025,0.0,0.0,0.0,0.0,0.08413670771270175,0.0,0.0,0.0,0.0,0.14393264162254718,0.0,0.16732048681408604,0.0,0.07681023248136565,0.0,0.0,0.0,0.0,0.11011464697001344,0.08860105510715222,0.0,0.0,0.0,0.0,0.0,0.0,0.0,0.0,0.0,0.0,0.05620884019182957,0.0,0.07372805949198505,0.07787319191297735,0.0,0.0,0.0,0.0,0.0,0.0,0.0,0.0,0.057890584833463314,0.0,0.0,0.0,0.0,0.08536890793267406,0.0,0.0,0.0,0.0,0.0,0.08176422828638628,0.0,0.04128212622903387,0.0650711710131951,0.0,0.0,0.19683963391869871,0.0,0.0,0.0,0.0,0.0,0.0,0.09243293845306037,0.08962117877007883,0.07648139553288197,0.0,0.0,0.0,0.0,0.05317785988423159,0.0,0.0,0.0,0.0,0.12407207334723515,0.1719775137032132,0.0,0.0,0.0974506174124755,0.05981875470134928,0.0,0.0,0.0,0.0,0.0,0.0,0.0,0.0,0.0,0.0,0.09591107224172225,0.0,0.0,0.09277528896918757,0.0,0.11150357796693526,0.043527191046116714,0.0983173945691073,0.0,0.10477501233690871,0.0,0.0,0.0,0.0,0.050171826263996425,0.0,0.0,0.0,0.0,0.0,0.0,0.061006630630335706,0.0,0.0,0.0,0.0,0.0,0.0,0.0,0.0,1.0,0.0920435491838999,0.056765187072840374,0.0,0.0,0.0,0.16525324103465852,0.1004758943838592,0.0,0.07988960889719446,0.0,0.0,0.1834049160994488,0.0,0.0,0.0,0.0,0.05869072998709264,0.08180122885375081,0.0,0.0,0.0,0.0,0.0,0.0,0.0,0.05147519094865591,0.0,0.0,0.0,0.0,0.0,0.0,0.0,0.0,0.06446188198664524,0.0,0.0,0.0,0.0,0.0,0.0,0.0,0.0,0.0,0.0,0.0,0.0,0.0,0.0,0.0,0.0,0.07765000717422064,0.0,0.09661871629053899,0.0,0.0,0.0,0.0,0.0,0.0,0.11079176162230976,0.0,0.0,0.0,0.0,0.221927407937423,0.08992190861953668,0.0,0.0,0.0,0.0,0.0,0.0,0.0,0.0,0.0,0.0,0.0,0.0,0.10184971029960453,0.0,0.0,0.0,0.0,0.0,0.0,0.0,0.0,0.07593244856582641,0.0,0.0,0.14542636143776644,0.0,0.0,0.0,0.0,0.0,0.0,0.0,0.0,0.0,0.0,0.04740760759478985,0.0,0.0,0.0,0.0,0.0,0.0,0.07922696148859552,0.0,0.0,0.314618537109311,0.0,0.29412128771419865
beat,0.0,0.275612431182586,0.0,0.11188660983234738,0.0,0.17580311294021467,0.0,0.0,0.0,0.1328819783655161,0.0,0.09607375124288711,0.0,0.21235473172631758,0.12190941709753522,0.03130881605890972,0.0,0.10881812492845144,0.0,0.034132008357334535,0.0,0.0,0.0,0.0,0.11514921118748664,0.0,0.0,0.0,0.05852391559494873,0.0,0.0,0.0,0.0,0.0,0.0,0.0,0.0,0.0,0.0,0.0,0.0,0.0,0.0,0.0,0.0,0.0,0.0,0.11596445048777386,0.0,0.0,0.0,0.048338862327327044,0.0,0.0,0.0,0.0,0.0,0.0,0.0,0.0,0.0,0.0,0.12099274921645384,0.07637487998591849,0.0,0.11886934252356592,0.06370765769147775,0.103993462104329,0.0,0.0,0.0,0.1381112605659701,0.0,0.0,0.13940280903009733,0.0,0.0,0.0,0.03802118908656939,0.0,0.0,0.0,0.0,0.0,0.16262305286261988,0.0,0.0,0.0,0.0,0.0,0.04161959659144408,0.0,0.10727667708548937,0.0,0.07336666403879577,0.14337211171210656,0.0,0.0,0.0,0.06089280453640215,0.0,0.0,0.0,0.10005124018849693,0.0,0.0,0.0,0.04641620950830554,0.0,0.056162741034088574,0.3213209432818748,0.0,0.0,0.0775880376751014,0.0676710372063142,0.0,0.0,0.0,0.0,0.0,0.0,0.10629132670375802,0.0,0.0,0.0,0.0,0.13689017965969247,0.0,0.09610590065036086,0.1632969950621584,0.11550653094499207,0.0,0.0,0.0,0.0,0.0,0.0,0.0,0.0,0.0,0.0,0.06561121454229019,0.0,0.0,0.0,0.0,0.0,0.0993709946523205,0.0,0.0,0.0,0.14182087786922862,0.0,0.0,0.0,0.0920435491838999,1.0,0.0,0.0,0.19183972121828563,0.1334058220966888,0.0,0.0,0.0,0.0,0.0,0.0,0.0,0.12054365276980561,0.0,0.0,0.0,0.11673155712797043,0.0,0.0,0.10350308130171046,0.0,0.0,0.0,0.0,0.0,0.0,0.0,0.0,0.0,0.0,0.0,0.0,0.0,0.0,0.041460308455619196,0.0,0.0,0.0,0.12526859471499513,0.0,0.0,0.0,0.1242208329906345,0.0,0.15513462276307646,0.0,0.11680333285331393,0.20973409412787802,0.0,0.0,0.1050902222948302,0.7351846247790198,0.14660121953579783,0.0,0.0,0.0,0.07631827635343012,0.0,0.13747956240888465,0.0,0.0,0.0,0.0,0.037786181877400765,0.0,0.0,0.0715938453653806,0.0,0.0874227315723334,0.0,0.0,0.06568956277791575,0.0,0.0,0.0,0.0,0.0,0.0,0.0,0.0,0.0,0.0,0.0,0.0,0.0,0.09753615231835674,0.0,0.0,0.1209114900760767,0.0,0.0,0.13591474494636155,0.044275154393791157,0.0,0.0,0.0,0.0,0.0,0.0,0.047010539934493674,0.0,0.0,0.0,0.0,0.0,0.0,0.0,0.0,0.0,0.06307876374802751,0.0,0.0,0.1207755917643764,0.043597306322633846,0.0
simmer,0.03987197185367057,0.0,0.0,0.0,0.0,0.0,0.0,0.0,0.0,0.0,0.0,0.038594730151817865,0.0,0.19933034079594542,0.0,0.0,0.0,0.0,0.0,0.0,0.0,0.2006858313703615,0.18724652077845905,0.07087043581320468,0.0875637671093524,0.0,0.031273692210937544,0.10235217805443325,0.04197433888522611,0.05723690317318251,0.05988916825778094,0.0,0.0,0.0,0.0,0.07503271060857584,0.038094179787840556,0.0,0.061339974105300385,0.0,0.053969577451974136,0.03158200008329009,0.0645034956363478,0.07337061367587831,0.0,0.0,0.0,0.0,0.030064757847940368,0.0,0.0,0.0,0.0,0.0,0.20267285736171659,0.03055816396824758,0.0,0.02615659051483199,0.0,0.0,0.12740473321882564,0.0,0.0,0.0,0.0,0.0,0.0,0.0,0.05857670352192555,0.05484222526144752,0.0,0.0,0.0,0.05254963252884321,0.0,0.0,0.0,0.0,0.0,0.0,0.0,0.0,0.0,0.0,0.0742207072672442,0.0,0.10344157683881709,0.05906774192732483,0.0,0.0,0.0,0.0,0.0,0.0,0.0,0.04346430900050901,0.0,0.04153173996429376,0.0,0.0,0.07834961285877906,0.0,0.0,0.0,0.14073504007890014,0.0,0.0,0.0,0.0,0.0,0.0,0.0,0.0,0.0,0.054299910545589476,0.0,0.0,0.0,0.0,0.27191557856166887,0.0,0.0,0.24371813649033147,0.0,0.0,0.0,0.0,0.034206501362464496,0.0,0.0,0.0,0.0395113972516651,0.0,0.0,0.0,0.034381216838267906,0.0,0.0,0.0,0.1875927678803498,0.0,0.0,0.0,0.0,0.04737357709062488,0.0,0.05537819371957482,0.0,0.2777394987322409,0.0,0.0,0.0,0.0,0.0,0.0,0.056765187072840374,0.0,1.0000000000000002,0.08004690426487357,0.0,0.0,0.0,0.0,0.0,0.07251903919260191,0.0,0.0,0.0,0.0,0.0,0.0,0.0,0.05327595674743447,0.0,0.0,0.0,0.0,0.0,0.0,0.0,0.0,0.04672611922103598,0.0,0.0,0.0,0.0,0.0,0.0,0.0,0.42871201439033224,0.058514665558496305,0.10920758044370633,0.0,0.0,0.0,0.0,0.0,0.15632225920074772,0.0,0.0,0.0,0.0,0.0,0.0,0.0,0.0,0.0,0.0,0.06743160000320529,0.11477921147080487,0.0,0.0,0.06570159879920448,0.0,0.0,0.0,0.0,0.0,0.0,0.0,0.0,0.0,0.0,0.0,0.0,0.0,0.0,0.0,0.1066329412054951,0.0,0.0,0.0,0.0,0.0,0.0,0.0,0.0,0.0,0.0,0.0,0.0,0.029638606138057265,0.0,0.1574918086206782,0.0,0.0,0.0,0.05452966879991474,0.0,0.0,0.0,0.21124453079727024,0.029574218209177456,0.07545879463789855,0.09855189147015703,0.0,0.0,0.0,0.363080178247429,0.0,0.0,0.0,0.2901355256055594,0.07545930047097764,0.0,0.0,0.0,0.0,0.0,0.0,0.0
saute,0.14695317666256208,0.0,0.020010603659153584,0.0,0.01729432234579098,0.0,0.0,0.0,0.0,0.0,0.0,0.06607798779270695,0.02507442629754364,0.10694784156755906,0.0,0.019938047975756133,0.028627372093329467,0.02204853425795337,0.03666991305093975,0.06520773115696762,0.0,0.0,0.2257326524184811,0.07128454138016334,0.02333132765624227,0.059126107812731754,0.0439923792364641,0.07198887490288024,0.0,0.08051455944926096,0.0,0.0,0.1458573442678805,0.0,0.09368403252401225,0.2494249043250382,0.053586688537614384,0.03552198531196734,0.3199237287062421,0.13449042664350666,0.0,0.10389244842040676,0.0,0.125617733191736,0.03938031987499662,0.0,0.0,0.023496509988253887,0.08247994111278226,0.032570952676126017,0.02007924992602049,0.06057509802135914,0.0,0.0,0.04492253487741481,0.08205264481422965,0.0,0.10546315554158031,0.0,0.037747997507828715,0.45619722710203214,0.0,0.03589016295578664,0.06122691248668236,0.0,0.0,0.03015603005431019,0.0,0.21715778425607934,0.11220224935575082,0.0,0.0,0.0,0.034154095607765035,0.04135115174244022,0.08396447381366329,0.0,0.0,0.04842522889891189,0.030097224958792648,0.0,0.04303759369756309,0.031172156261046406,0.0,0.0,0.0,0.09485687372314217,0.0,0.0,0.0,0.05300829721637998,0.0257157621648629,0.0,0.0,0.0,0.06114079373501419,0.0,0.029211134434271032,0.0,0.021691908534831456,0.11021358970553809,0.0,0.034251439330957784,0.237211806986785,0.0,0.0,0.0,0.0,0.0,0.0,0.0,0.0,0.0,0.0,0.024106525569191264,0.0,0.0,0.0,0.0,0.2014970835980714,0.037522990111905845,0.0,0.14383537498730353,0.0,0.0,0.0,0.0,0.2192402836555204,0.05262647389186156,0.02384540042139288,0.031625016747050795,0.0,0.0,0.0,0.0,0.048363701975400485,0.0,0.0,0.0,0.1372652906653029,0.0,0.0,0.06177333188984679,0.0,0.42752172986563,0.0,0.0,0.020134373582334508,0.050786372459999014,0.09964905741530947,0.0,0.0,0.05685258141859161,0.0,0.0,0.0,0.0,0.08004690426487357,1.0,0.0,0.0,0.0,0.0,0.0,0.04713300700262591,0.0,0.0,0.0,0.0,0.0,0.0,0.06068031425146864,0.0,0.07786667275424114,0.03654273365300031,0.0,0.0,0.06661859461228944,0.0,0.028337961987639094,0.019397728321747024,0.14833901055634813,0.05277385436640317,0.10763069715720025,0.06830391343994895,0.0,0.026348694070057355,0.06451420652659365,0.0,0.04311620240482167,0.0,0.1808854086546606,0.027992603361300217,0.0,0.028078525930134355,0.03078001755318881,0.06818279311980492,0.3967840302551552,0.0,0.033689500562999915,0.0,0.0,0.06982434271172305,0.0,0.0,0.0,0.0,0.04212632399727136,0.09485533399299352,0.0,0.05507971639497579,0.0,0.26455268176749225,0.0,0.0,0.0,0.0628462580416891,0.04002891233053052,0.0,0.0,0.027265985712211928,0.04127413434428492,0.0,0.048543926889888615,0.0,0.0,0.06942572810192205,0.06816150629012122,0.5461108451387208,0.0,0.0,0.02607768723788203,0.0,0.0,0.0,0.04994132550949028,0.0,0.0,0.0,0.0,0.0,0.5778400386729281,0.0,0.22860441414549518,0.07228017484278103,0.0,0.0,0.0,0.0,0.0,0.05558771509437376,0.03862735934275853,0.04160174674306783,0.5971078058959985,0.5423499816145331,0.0,0.0,0.0,0.04020991892493654,0.0,0.0,0.0,0.03372551013672123,0.10614781717639805,0.020536880553804912,0.0,0.0,0.0,0.0,0.0,0.0
mould,0.0,0.2358422825392186,0.0,0.16659417712942526,0.0,0.15043518630642935,0.0,0.0,0.0,0.0,0.030921410746542054,0.2141746750816701,0.0,0.0,0.18151769059875605,0.0283086377953147,0.040646000481450346,0.16202533981846745,0.052065041061541965,0.03086129670302471,0.0,0.06772248831845715,0.0,0.0,0.20457856312510458,0.0,0.0,0.0,0.052915840887234944,0.0,0.0,0.06641058241822494,0.0,0.11583538303903543,0.0,0.03062330171369871,0.07414069804156892,0.034450534603824634,0.029104511586753857,0.0,0.0,0.07712406606851252,0.0,0.0,0.02795667893267355,0.0,0.02401305077462412,0.17266590018434336,0.0,0.0,0.0285091205542531,0.13112032174775917,0.0833715871018454,0.0,0.0654066512702684,0.0,0.0,0.0,0.04057217330504006,0.036609403527072065,0.027953367773493717,0.19509111488672504,0.1801528129643496,0.0,0.03419554855740541,0.17699115500328674,0.0,0.15484163182770808,0.0,0.0,0.0,0.2453738323224704,0.0,0.06793488516805017,0.20756457179905818,0.0,0.0,0.0,0.03437779532683952,0.07511536023639737,0.0,0.0,0.0,0.0,0.24213848032859636,0.0,0.0,0.037232501051907146,0.0,0.0,0.03763138417235102,0.0,0.2230254913696556,0.0,0.0,0.2134746866472763,0.0,0.07653767244160174,0.0,0.0,0.0,0.0,0.0,0.0,0.12480895866264159,0.0,0.0,0.16719782089216284,0.0,0.1523427801167487,0.18697418229836177,0.0,0.08143597490719132,0.0,0.08807943507757929,0.0,0.0,0.0,0.02353910672672562,0.0,0.02663813271406359,0.34622009382264385,0.0,0.0,0.0,0.0,0.4076116468596501,0.0,0.0,0.0,0.0,0.0,0.0,0.0,0.0,0.0,0.0,0.10235207216914351,0.0,0.0,0.12660812955666784,0.0,0.0,0.034545493269487595,0.04495550718600411,0.0,0.0,0.1479589837375675,0.03426065199128414,0.03615943338505371,0.03137689912735792,0.2111649685677242,0.0,0.03887575285894446,0.0,0.0,0.19183972121828563,0.0,0.0,1.0,0.4548220658722739,0.0,0.0,0.0,0.0,0.0,0.0,0.0,0.179484128363992,0.0,0.0,0.0,0.17380808779451012,0.0,0.0,0.15411147666066247,0.02228622158130077,0.0,0.0,0.027483203190451375,0.0,0.0,0.0,0.0,0.0,0.03609272558772048,0.0,0.03144710530406136,0.0,0.0,0.11246207963377892,0.0,0.0,0.03174966685550779,0.4002381757330081,0.0,0.032269324069043474,0.0,0.18495928588251465,0.0,0.23098854154419693,0.0,0.0,0.4882186858323013,0.0,0.06427912465634011,0.15647465888714476,0.16184030125933055,0.19758980295082967,0.031088959687815266,0.0,0.051457058644074266,0.0,0.1309702963224512,0.2047009432669401,0.0,0.0,0.0,0.0,0.03416530776579203,0.0,0.0,0.0,0.0,0.130168552345295,0.0,0.0,0.0,0.0,0.0,0.0,0.0,0.0,0.0,0.0,0.0,0.029194426423262393,0.0,0.0,0.0,0.0,0.0,0.0,0.0,0.0,0.0,0.0,0.0,0.12009741665483309,0.0,0.03946255155944113,0.0,0.0,0.0,0.0,0.042505738481575205,0.0,0.0,0.0,0.0,0.0,0.0,0.0883660322600102,0.03580383130119605,0.09142906101262996,0.0,0.0,0.11194804737022292,0.0,0.11825873752779044,0.0
shape,0.0,0.16400531332874493,0.0,0.11585000757577195,0.0,0.10461300492947567,0.0,0.17277742780146513,0.0,0.0,0.0,0.09947700467463336,0.0,0.0,0.27922490893108975,0.03241787898523411,0.05652133891387237,0.11267282667901274,0.0,0.03534107819245343,0.0,0.1551059748448958,0.0,0.0,0.1192281811773849,0.0,0.0,0.0,0.06059702832356704,0.0,0.0,0.1521012942932388,0.0,0.0,0.0,0.0,0.22007467894240407,0.0,0.0,0.0,0.0,0.08831928469098012,0.0,0.0,0.0,0.0,0.0,0.12007229897893293,0.0,0.0,0.0,0.050051186421826946,0.09547368690138287,0.0,0.14980197359124806,0.0,0.0,0.0,0.0,0.0,0.0,0.0,0.1736813277602871,0.0,0.0,0.17063324350578288,0.0,0.10767725816940599,0.0,0.0,0.0,0.14300362310415857,0.0,0.20165372645891738,0.20010839593822946,0.0,0.0,0.0,0.03936802670417018,0.12660906918335624,0.0,0.0,0.0,0.0,0.1683837050238598,0.0,0.0,0.0,0.0,0.0,0.04309390183190084,0.0,0.2989586395531848,0.0,0.0,0.14845083118426894,0.0,0.0,0.0,0.08565618317942747,0.0,0.0,0.04619257630111135,0.0,0.28585209556556285,0.0,0.0,0.04806042681276402,0.0,0.05815221306664532,0.13002231415874038,0.0,0.13726264439909655,0.0,0.10086491932527152,0.0,0.0,0.0,0.0,0.0,0.0,0.11005652081442525,0.0,0.0,0.0,0.0,0.36428229163588477,0.0,0.0,0.0,0.0,0.0,0.0,0.0,0.0,0.0,0.0,0.0,0.0,0.0,0.0,0.0,0.0,0.0,0.0,0.0,0.0,0.1028910474679077,0.0,0.0,0.0,0.14684464745309248,0.0,0.0,0.0,0.0,0.1334058220966888,0.0,0.0,0.4548220658722739,1.0000000000000002,0.0,0.0,0.0,0.0,0.0,0.0,0.0,0.1730366637812354,0.0,0.0,0.0,0.12086657910066834,0.04580709461549177,0.0,0.14857545352244447,0.0,0.0,0.0,0.03821747339385191,0.0,0.0,0.0,0.088172207723708,0.03525140628308816,0.0,0.0,0.04372957918854166,0.0,0.0,0.042928971177824404,0.0,0.05526806360386533,0.04415031391739686,0.2954881766910174,0.0,0.0,0.0,0.12862115015011522,0.0,0.1606300096972906,0.0,0.0410759848845116,0.38927172044727143,0.0,0.0,0.10881286927218903,0.11254415040204319,0.15179432480158528,0.0,0.0,0.0,0.0,0.0,0.14234954808666,0.0,0.0,0.0,0.0,0.039124694754052634,0.03677177222441537,0.0,0.050354517088062684,0.0,0.0905195369680549,0.0,0.0,0.0,0.0,0.0,0.0,0.03516919525199699,0.0,0.04144945914271075,0.048804045757522514,0.0,0.04059705876887902,0.0,0.0,0.0,0.0,0.0,0.0,0.0,0.0,0.0,0.0,0.0,0.045843528368809866,0.0,0.0,0.0,0.0,0.0,0.0,0.04867581040942119,0.0,0.0,0.0,0.04679558487356107,0.0,0.0,0.0,0.0,0.0,0.0,0.0,0.0,0.0,0.04514166865300951,0.08591404684503799
stirring,0.0,0.0,0.10745736744319112,0.0,0.21239607853115156,0.0,0.0,0.0477484545706513,0.0,0.04051422331186644,0.0,0.0,0.04292108039176562,0.0,0.0,0.0,0.0,0.0,0.0,0.0,0.0,0.0,0.0,0.0,0.0,0.18981133218116308,0.0,0.0,0.03189767372022508,0.0,0.0,0.0,0.0,0.0,0.0,0.0,0.0,0.0,0.0,0.0,0.19812798775293994,0.0,0.0,0.0,0.0,0.0,0.0,0.0,0.0,0.0,0.0,0.05184462888725267,0.0,0.0,0.0,0.0,0.0,0.0,0.0,0.0,0.0,0.0,0.0,0.0,0.0,0.0,0.0,0.0,0.0,0.0,0.0,0.0,0.0,0.0,0.0,0.14447025988519674,0.031643932022937866,0.07801479382447596,0.11679296776082346,0.0,0.0,0.0,0.0,0.03840639198431268,0.0,0.0,0.0,0.044887510069906766,0.0,0.0,0.0,0.0,0.0,0.05684256911337569,0.044737344327284816,0.0,0.0,0.0,0.0,0.0,0.0,0.0,0.0,0.0,0.0,0.0,0.0,0.0,0.0,0.0,0.0,0.0,0.0,0.0,0.0,0.0,0.0,0.0,0.0,0.0,0.0,0.036865145604121706,0.0,0.0,0.0,0.0,0.0,0.0,0.0,0.0,0.10882875056085081,0.0,0.0,0.0,0.0,0.0,0.0,0.0,0.0,0.0,0.0,0.04000824536819123,0.0,0.0,0.0,0.0,0.0,0.0,0.0,0.0,0.037827995319954046,0.0,0.0,0.0,0.05554926713340321,0.16525324103465852,0.0,0.0,0.0,0.0,0.0,1.0000000000000002,0.0,0.0,0.0,0.0,0.0,0.22437736119189106,0.0,0.05103971420692456,0.0,0.051934680683801464,0.0,0.1521367709949449,0.0,0.0,0.0,0.0,0.0,0.0,0.0,0.0,0.0,0.0,0.0,0.0,0.0,0.0,0.0,0.0,0.0,0.0,0.0,0.0,0.0,0.0,0.0,0.0,0.0,0.0,0.0,0.03495984168489338,0.03561202481327195,0.0,0.0,0.0,0.0,0.0,0.0,0.0,0.0,0.062036639301601616,0.0,0.0,0.0,0.0,0.0,0.0,0.0,0.0,0.0,0.14149473382264893,0.21089621302060882,0.0,0.0,0.0,0.0,0.0,0.0,0.0,0.0,0.0,0.0,0.03593581922958359,0.0,0.0,0.0,0.05633541645852356,0.0,0.0,0.0,0.0,0.05793691611805687,0.0,0.0368645558274133,0.0,0.0,0.041438879792906794,0.04748620132862042,0.0,0.0,0.0,0.0,0.025962863309457084,0.0,0.0,0.0,0.0,0.0,0.0,0.0,0.0,0.0,0.04316510555745646,0.0,0.690838420352104,0.0,0.0,0.2028350589342887,0.0,0.0
raise,0.11467680652847972,0.1279566180043378,0.028492647605980165,0.1430836886362134,0.033964898223980085,0.1780015607445625,0.0,0.0,0.0,0.14714090069669544,0.071717467876526,0.0,0.0,0.0,0.10738987673905076,0.0,0.0,0.23501739664026683,0.0,0.0,0.0,0.0,0.0,0.0,0.0,0.028889167578857358,0.0,0.04824787094299429,0.0,0.0,0.03674982404690505,0.0,0.0,0.0,0.0,0.04031545018229395,0.09759397019732065,0.0,0.0,0.0,0.0470555975273502,0.0,0.0,0.0,0.0,0.0,0.033215268864425725,0.20430592386526264,0.0,0.1357796407182353,0.0,0.0,0.0,0.0,0.031982092535325184,0.0,0.0,0.03267738966656633,0.0,0.036713765920567056,0.0,0.0,0.048146486357504854,0.039086843487228726,0.09602350196341879,0.04730152191101834,0.03096213022322391,0.18942540173287423,0.0,0.0,0.0,0.0,0.10306055196144583,0.0,0.0,0.11955512210147143,0.06262820524411383,0.0,0.03447579607685821,0.04037528702955157,0.0,0.04205655682452849,0.0,0.04193915785106869,0.35122132955879176,0.03932658628745996,0.0,0.03733863970895214,0.0,0.0,0.03773865992514639,0.0,0.04268846772408555,0.0,0.03721372780023508,0.0,0.0,0.0,0.11050965324767237,0.0,0.0,0.0883371644483261,0.0,0.0,0.0,0.0,0.0,0.0,0.0,0.11588253398564433,0.262030729516651,0.0,0.0,0.0,0.034324738510990535,0.13227342598720382,0.0,0.0,0.032559701226419546,0.0,0.09685205333382024,0.04025614177258314,0.0,0.03798593615431711,0.07425001358135815,0.0,0.0,0.0,0.08914427143997875,0.03395292829756524,0.045030148667941465,0.032787909689975435,0.03970497606278067,0.03653103883569674,0.12919546965653228,0.0,0.03330242490482124,0.03988681478451232,0.06606717332697166,0.0,0.0,0.0,0.0,0.04547899916049205,0.2254590988391041,0.057855834833199817,0.0,0.0,0.0,0.0,0.1182684888120254,0.0,0.0,0.03898657593242826,0.0,0.1004758943838592,0.0,0.0,0.0,0.0,0.0,0.0,1.0,0.0,0.10602042259033277,0.06906913906344109,0.0,0.10818375028306976,0.0,0.0,0.0,0.0,0.0,0.0,0.0,0.03920013837435279,0.0,0.03687628516588601,0.040271077822102916,0.0,0.0,0.029537098823557872,0.037571750979721465,0.0,0.03337346689398605,0.03619561508788147,0.0,0.07293673574404952,0.0,0.040232717256617354,0.036989022158096185,0.03927069204794978,0.0,0.0,0.0,0.04382697335808352,0.0,0.03347780505840714,0.0,0.0,0.0,0.06725611855081659,0.0,0.16042929563849326,0.0,0.08891200155569129,0.0,0.0,0.04425584374280768,0.07210607193835236,0.051477510430293597,0.05160374723457087,0.0,0.04188858059090647,0.05206818775147604,0.09587504865384866,0.04474268528419013,0.0,0.0,0.08152074982585583,0.0,0.08603044540866257,0.0,0.03613577879139807,0.06621992566017912,0.0,0.03393767133507397,0.03331967645743234,0.0,0.034684864468960346,0.0,0.0349830959079424,0.03931382583831114,0.0,0.0,0.0,0.0,0.030600214141696138,0.08483081298549178,0.03525729854124043,0.10065416313810305,0.0,0.1114596608882393,0.0,0.0,0.0475212361422362,0.041652217518091755,0.08201391239480302,0.051854162559245166,0.04353878772447037,0.09416033407982853,0.0,0.06509170442607817,0.0,0.0,0.15454416773881044,0.04232263608339439,0.0,0.0830601853876479,0.0337478832554519,0.3198928724530655,0.0,0.10514607342247011,0.13495485976754995,0.029242001416484056,0.0,0.09800606477220711,0.08518946757661111,0.0,0.09254362890829641,0.23545043177522557
tear,0.0,0.0,0.0,0.0,0.0,0.0,0.0,0.0,0.0,0.0,0.0,0.0,0.0,0.0,0.25268726170918887,0.0,0.0,0.0,0.0,0.0,0.0,0.05190300608524139,0.0,0.0,0.0,0.0,0.046648405747744516,0.0,0.2322159922667274,0.0426878007393253,0.041761467975521195,0.050897551891018314,0.03670591704422281,0.0,0.0,0.0,0.0760829441792293,0.0,0.0,0.0,0.0,0.0,0.08435346435154889,0.0,0.0,0.04749844247604368,0.0,0.0,0.0,0.0,0.0,0.0,0.13499852782114552,0.07731728403189424,0.0,0.03615666902247334,0.0,0.03447633800612813,0.0,0.0,0.0,0.0,0.0,0.04123864364346962,0.0,0.09013651260094026,0.0,0.0,0.0,0.0,0.04766682341903761,0.0,0.0,0.21052545602580272,0.0,0.0,0.0,0.0,0.0,0.12408518409621794,0.21107996142237456,0.0,0.0,0.06704743454937706,0.15796278816517859,0.0,0.0,0.0,0.0,0.0,0.0,0.0,0.0,0.0,0.0,0.0,0.054773610819538784,0.0,0.0,0.0,0.0,0.0,0.1934264097394084,0.1494396968677582,0.0,0.2070631096379865,0.0,0.0,0.11475949640626956,0.0,0.0,0.20253939052823816,0.2011295244902749,0.0,0.0,0.0,0.0,0.0,0.0,0.0,0.0,0.0,0.0,0.0,0.0,0.0,0.0413329498539397,0.0,0.0,0.05321718277616666,0.0,0.0,0.0,0.0,0.09683253008457181,0.0,0.1701917750167968,0.0,0.17940252417629288,0.0,0.0,0.0,0.1273399004440291,0.0,0.0,0.0,0.043523625199146355,0.0,0.0,0.0,0.0,0.0,0.0,0.0,0.0,0.0,0.0,0.0,0.0,0.0,0.0,0.0,0.0,1.0000000000000002,0.0,0.0,0.0,0.0,0.0,0.1556469494506887,0.0,0.0,0.0,0.0,0.0,0.0,0.04690492049865794,0.0,0.0,0.2408756507461686,0.03434010678720248,0.0,0.0,0.17880791133237656,0.0,0.0,0.0,0.0,0.0,0.0,0.09365557367450886,0.0,0.40354576695569794,0.0,0.0,0.0,0.0,0.0,0.04455779505591048,0.0,0.0,0.07363142604811983,0.0,0.05759243016273727,0.0,0.0,0.0,0.0,0.0,0.0,0.0,0.0,0.0,0.0,0.14866605638417937,0.0,0.0,0.04840463601671308,0.0,0.0,0.14914186583693045,0.0,0.0,0.0,0.0,0.0,0.0,0.11218178719542725,0.0,0.0,0.0,0.14264200724009407,0.06161975299838325,0.381957557438464,0.23373454137821553,0.0,0.23497948896515825,0.0,0.0,0.0,0.0,0.0,0.0,0.0,0.0,0.34141509713638385,0.03754586623089663,0.05402759391350565,0.26231662694757074,0.0,0.0,0.0,0.0,0.0,0.0,0.0,0.0,0.0,0.0,0.0,0.0,0.0,0.0,0.0,0.0,0.050148993528102474,0.0,0.0,0.0,0.0,0.0
pick,0.07789133976165323,0.07264219070655994,0.029519786384747133,0.0,0.0,0.0,0.07343449217368103,0.5379762997859692,0.0,0.04583572620854888,0.07430282931396198,0.0,0.0,0.0,0.0,0.0,0.0,0.0,0.0,0.0,0.0,0.0,0.0,0.0,0.0,0.029930600608068514,0.0,0.04998717084673831,0.059073416123091166,0.0,0.08470888639098226,0.05162025127137052,0.0,0.0,0.0,0.04176879221067712,0.04930662248225195,0.07107832006895,0.0,0.0,0.20250969267719973,0.0,0.0,0.0,0.0,0.04817287756515431,0.07656168457001153,0.0,0.0,0.0,0.0,0.0,0.0,0.0,0.03313502321145692,0.0,0.0,0.1362787505767398,0.0,0.11356976690177675,0.0,0.03608419870823855,0.07181503138110752,0.1630089260121685,0.0,0.0,0.0,0.04080569334322149,0.0,0.0,0.0,0.0,0.0,0.14229798274528227,0.08274228968217834,0.12386499543471925,0.027271173289149353,0.0,0.035718622913068786,0.060223553667411105,0.0,0.14542672677694077,0.0,0.04345103333464505,0.10445598052983925,0.045324180677950195,0.05273901636430294,0.29558949805464757,0.0,0.0,0.03909911057907864,0.0,0.0,0.07516307498048748,0.03855525504104079,0.0,0.05555134674451397,0.0,0.0,0.0,0.0,0.09748542271509561,0.0685359995002263,0.0,0.0679361331122681,0.0,0.10095787607318377,0.0,0.1388150983861928,0.12006001324571333,0.0,0.0,0.0,0.0,0.11198217304519038,0.0,0.0,0.0,0.07505059149651565,0.0,0.1428091623783711,0.04170734577685695,0.0,0.08535314527117498,0.07692667141000374,0.0,0.0,0.0,0.03881747632234941,0.035176906138775194,0.04665345207414289,0.12928049779969025,0.04113631095268177,0.0820840389975697,0.07334549858839844,0.0,0.07482945001634653,0.041324704825242316,0.0684488458435478,0.06409584505613282,0.0,0.0,0.12360639804422095,0.0471184832934951,0.0,0.06667927625566,0.0779375963654079,0.10634849014754841,0.0,0.0,0.03260068359405549,0.0,0.06759103166841175,0.040392013031335675,0.0,0.07988960889719446,0.0,0.07251903919260191,0.04713300700262591,0.0,0.0,0.0,0.10602042259033277,0.0,1.0000000000000002,0.030075849259762855,0.057879185418551235,0.0,0.0,0.15749319731501407,0.06254689020825703,0.0,0.07497897157838819,0.0,0.07312080380561625,0.04061327424063424,0.07105597214528198,0.0959977980892575,0.0417228202598658,0.056703326533400766,0.0,0.15713050969787704,0.03892618469016921,0.06541062296562697,0.03457655558208375,0.09503831603879537,0.0,0.07556605088230534,0.0,0.0,0.12067422097779518,0.0,0.0,0.0,0.056184203546022694,0.2079850127137412,0.0,0.03468465505981852,0.0,0.0,0.0,0.06968065165943486,0.0,0.049975181855614864,0.0,0.0,0.048196031217318726,0.0,0.0,0.07470544226351997,0.0533332364382283,0.053464023985517375,0.0,0.04339863280182825,0.1169954999951598,0.04174836330936484,0.04635562584896629,0.08009653226456474,0.0,0.03549784775879799,0.054558337390987505,0.0,0.0,0.03743844677125263,0.10870054647675662,0.0,0.03516109917412064,0.034520826040253645,0.0,0.03593522806538753,0.0,0.052180591368233255,0.04073106005320891,0.0,0.05594938900609175,0.0,0.0,0.03170332912834668,0.03693920003246777,0.036528297960707196,0.06171877032548384,0.0,0.1920878316914973,0.0,0.0,0.049234341401236024,0.0,0.11245600124004185,0.05372346659661052,0.0451083286766043,0.04100169847828335,0.0,0.06743821201346117,0.0,0.0,0.16011537017362673,0.04384833567235687,0.12622821421984473,0.060564482043942124,0.03496446937522337,0.33142477285388106,0.0,0.0,0.037200278171768415,0.030296153843418414,0.0,0.16890211512114972,0.03709537457822139,0.0,0.04029771140539082,0.06419278801475192
stand,0.025912388235069122,0.0,0.07860027936396174,0.0292106420761288,0.0222837384432499,0.0,0.0,0.0,0.0,0.0,0.02034479490315631,0.0,0.0,0.0,0.0,0.0,0.0,0.02840954161935372,0.0,0.0,0.0,0.0,0.0,0.0,0.0,0.0,0.0,0.0,0.0,0.0,0.02411087651422747,0.0,0.0,0.0,0.0,0.0,0.03280601792778771,0.0,0.0,0.11151129476571767,0.030872302948636195,0.0,0.0,0.0,0.0,0.0,0.021791920553276174,0.0,0.0,0.0,0.0,0.0,0.0,0.0,0.020982856483928187,0.0,0.0,0.04237199179770708,0.0,0.024087219447723962,0.0,0.0,0.03158801483452273,0.0,0.0,0.031033649365938547,0.02031367816827552,0.0,0.0,0.0,0.0,0.0,0.0,0.0,0.0,0.22830429606610556,0.590451800357789,0.0,0.022618929028826753,0.02648947539322958,0.0,0.0,0.07555343301946446,0.0,0.042456588841286017,0.13428360798680702,0.06981315199306865,0.024497187526196958,0.0,0.0,0.02475963335514961,0.0,0.028007110253462347,0.0,0.02441523514453686,0.0,0.0,0.0,0.0,0.0,0.0,0.05795637173424692,0.0,0.08838399146621223,0.0,0.06267208179934826,0.0,0.0,0.0,0.03287353076735784,0.032784074513908225,0.0,0.0,0.0,0.022519822967460943,0.02700371886916555,0.0,0.0,0.021361814810551615,0.0,0.06299972988147515,0.0,0.0,0.0,0.048714053878323435,0.0,0.0,0.0,0.12226253954164899,0.022275885197005664,0.029543443597561298,0.0,0.026049696826526303,0.0,0.0,0.0,0.0,0.026168997832146924,0.01874192063616437,0.0,0.0,0.0,0.0,0.0,0.0,0.037958137908643934,0.0,0.0,0.0,0.0,0.07759375733694665,0.0,0.0,0.02557836785339641,0.0,0.0,0.0,0.0,0.0,0.0,0.0,0.0,0.06906913906344109,0.0,0.030075849259762855,1.0000000000000007,0.0,0.0,0.0,0.0,0.0,0.0,0.0,0.0,0.0,0.0,0.04699113299878525,0.0,0.0,0.0,0.0,0.0814815194164449,0.02465012749827465,0.0,0.0,0.023747270316901433,0.0,0.020690676533270225,0.0,0.026395938015050812,0.024267809949174123,0.025764771156125094,0.0,0.0,0.0,0.028754062639330686,0.0,0.0,0.0,0.0,0.0,0.019079200345646825,0.0,0.0,0.0,0.058333511676299105,0.0,0.0,0.029035436527638167,0.020455034014637528,0.0,0.03385625943830686,0.0,0.02748231917231908,0.0,0.06290183746017619,0.1415277928213741,0.0,0.0,0.0534842487923142,0.0,0.0,0.0,0.02370801283491353,0.0,0.0,0.022265875387485496,0.021860420434497842,0.0,0.0,0.0,0.022951759019178487,0.025793070434283978,0.0,0.0,0.0,0.0,0.0,0.6972182362351927,0.023131658270475218,0.1914135276942479,0.0,0.03161885113750374,0.0,0.0,0.031177799789367817,0.14966994209584045,0.053807803587737124,0.0,0.028564989401419327,0.4045323557405485,0.0,0.018465199841207508,0.0,0.0,0.02796672308075574,0.02776709491345844,0.0,0.0,0.022141358955902055,0.09074713697706216,0.0,0.0,0.08854137518310955,0.01918513362898914,0.0,0.027802338064819476,0.055891226320726725,0.0,0.5197446254227345,0.04065028262153255
scoop,0.0,0.05769701090262019,0.0,0.0,0.025769824557326664,0.0,0.05832630671462713,0.0,0.0,0.0,0.0,0.0,0.0,0.03002669522046288,0.0,0.0,0.0,0.0,0.0,0.03238812056538595,0.1021484040972962,0.0,0.0,0.030355546646202526,0.0,0.046059275323048085,0.0,0.0,0.0,0.0,0.06728114191093576,0.04100006031524185,0.0,0.0,0.027727040008669865,0.0,0.0,0.5992106398079423,0.0,0.0,0.0,0.03145269986156495,0.0,0.0,0.10363685612977477,0.03826193862069608,0.06081012021241276,0.0,0.0,0.0,0.0,0.04513069715429477,0.0,0.0,0.0,0.0,0.0,0.0,0.0,0.0,0.029336325507273803,0.02866034718985344,0.0,0.0,0.0,0.0,0.02349156645522499,0.0,0.02508983944768241,0.02730884754511322,0.0,0.0,0.0,0.0,0.0,0.0,0.0,0.0,0.0,0.0,0.0,0.08089892233658946,0.0,0.0,0.0,0.035999323826723,0.0,0.03907453224095535,0.035175691671947014,0.0,0.0,0.0,0.0,0.05969925623721617,0.0,0.0,0.044122384355404866,0.031213557092152684,0.0,0.0,0.05201922721841468,0.04687692909939815,0.0,0.0,0.0,0.0,0.08018711467595978,0.0,0.11025570907394439,0.0,0.0,0.0,0.0,0.0,0.0,0.0,0.0,0.0,0.059609914757588936,0.026070540322226828,0.033728909911942835,0.0,0.02818639251359987,0.06681571754975006,0.0,0.0,0.0,0.03406645614053607,0.0,0.0,0.0,0.05767260030112836,0.0,0.06425661230853885,0.05825562239453201,0.03424045631174508,0.032029848487548425,0.0,0.029894524886666492,0.0,0.314750017288862,0.0,0.0,0.0,0.0,0.05296088804153064,0.0,0.0,0.0,0.0,0.0,0.0,0.1257115551570988,0.0,0.4211097415466384,0.0,0.0,0.0,0.0,0.0,0.0,0.0,0.0,0.0,0.057879185418551235,0.0,1.0000000000000002,0.04043203907745888,0.0,0.0,0.049678686327736324,0.0,0.0,0.0,0.2191888484266864,0.0,0.05643713604568352,0.0,0.03210297866667535,0.0,0.0,0.0,0.0,0.0,0.026604395851123588,0.04570021115564114,0.10429494999298254,0.0,0.0,0.0,0.038708660790645125,0.029795432850906415,0.0,0.0,0.0,0.0,0.033865808315476795,0.026687571322148402,0.0,0.13335176184308647,0.0,0.030432506925147387,0.0,0.0,0.0,0.0,0.038280328712024164,0.0,0.03357776376563435,0.0,0.0,0.05400283194001597,0.0,0.12341859986528113,0.09158582565917868,0.11872550386176736,0.0,0.0,0.0,0.0,0.0,0.0,0.0,0.0,0.03184474091322393,0.03414732445953034,0.0,0.0,0.0,0.0,0.0,0.0,0.0,0.0,0.04443853463229736,0.0,0.0,0.024393636200305466,0.0,0.10388049343301817,0.0,0.0,0.06084860087916195,0.0,0.0,0.0,0.0,0.0,0.04133669036054708,0.0,0.0,0.0,0.0,0.022600646323954244,0.0,0.0,0.0,0.10025841155425078,0.0,0.0,0.0,0.0,0.0,0.037575180850136565,0.0,0.0,0.053503948168664925,0.0,0.0,0.0,0.06483971995562415
stuff,0.0,0.11173091110930983,0.03551306920138684,0.0,0.027344958225157884,0.0,0.0,0.05528599125407964,0.0,0.04690976945382475,0.0,0.0,0.049696571260619035,0.03186202236715124,0.0,0.0,0.0,0.0,0.0,0.03436778554241474,0.10839203955748154,0.0,0.0,0.032210974238326376,0.0,0.0488745647758672,0.0,0.0,0.03693301754326905,0.0,0.0,0.0,0.0,0.0,0.029421804912086416,0.0,0.0,0.0,0.0,0.0,0.13844594961140036,0.03337518894898312,0.0,0.0,0.06988874742185862,0.0,0.0,0.0,0.0,0.1185619251598919,0.0,0.1079180136561125,0.0,0.0,0.0,0.0,0.0,0.0,0.05071307610071429,0.20607997110057233,0.031129455060568537,0.0,0.0,0.0,0.12658974734954392,0.0,0.08088543207746847,0.0,0.02662341026212897,0.02897805119460986,0.0,0.0,0.0841400708857763,0.0,0.0,0.0,0.03663922036421566,0.08046779469885708,0.0,0.0,0.0,0.0,0.055321616544466115,0.0444691973894916,0.0,0.0,0.0,0.09343631208640304,0.07922079551602075,0.04493534677037218,0.0,0.045638085531189344,0.0,0.06581569617528754,0.05179954931419429,0.0,0.0,0.07029748972063914,0.14568713698483904,0.0,0.055198807893634745,0.0,0.0,0.0,0.0,0.0,0.0,0.0,0.0,0.0,0.13373458011788647,0.0,0.0,0.0,0.0,0.03719350378216845,0.036957456042393005,0.0,0.0,0.027664054694384856,0.0,0.042684650964653084,0.029909234503622432,0.03213221862621004,0.0,0.0,0.0,0.11729656383397608,0.0,0.0,0.0,0.027735219639571405,0.0,0.030901524231034958,0.11281266855169762,0.036333341943098736,0.0,0.0,0.0317217733620318,0.0,0.039456633428986046,0.08780383554342405,0.0,0.08636008803080843,0.0,0.0,0.04363171766050385,0.0,0.0,0.0,0.0437994954438547,0.0,0.07743120482329319,0.0,0.06431823447528959,0.1834049160994488,0.0,0.0,0.0,0.0,0.0,0.22437736119189106,0.10818375028306976,0.0,0.0,0.0,0.04043203907745888,1.0000000000000002,0.0,0.05909680676846806,0.0,0.060133052009454846,0.0,0.08807648610077008,0.04429874781211338,0.0,0.0,0.07002439130062543,0.07230059701814226,0.0,0.0,0.0,0.0,0.0,0.3499769224157516,0.0,0.0,0.0,0.05900440020688921,0.0,0.0410746572960683,0.031616624505768645,0.0,0.12489171409938662,0.0,0.0,0.03593579426929501,0.028318800592206102,0.0,0.0,0.0,0.07277121571398679,0.041233713427382336,0.0,0.0,0.0,0.0,0.0,0.03563014352010562,0.0,0.0,0.12913335539326573,0.0,0.0,0.04404436382729073,0.05022436463212954,0.0,0.0485248506409366,0.0,0.0,0.0,0.15703673720876743,0.147368005965392,0.045039423173702665,0.0,0.0362345175757625,0.0,0.04152944970801035,0.0,0.06586310174297308,0.05257058862302678,0.0,0.0,0.0416086217972823,0.0,0.046335940200710975,0.0,0.0839914106095479,0.0,0.0,0.0,0.0,0.06708279601074316,0.0,0.042683968086217834,0.0,0.0,0.04798039154167022,0.09884565929873954,0.0,0.0,0.0,0.0,0.05404341196606929,0.0,0.0,0.0,0.0,0.0,0.04206316415465873,0.0,0.04545880507971965,0.0,0.08985101351863442,0.0,0.12984065299003866,0.0,0.04462669842111146,0.14173511106194164,0.0,0.22029437423518183
smash,0.0,0.14819292915098417,0.0,0.1046804619701813,0.0,0.09452686204568335,0.0,0.0,0.0,0.0,0.0,0.08988604336464687,0.0,0.0,0.1140577422035361,0.029292346364744083,0.051071898849963625,0.10180960532549736,0.0,0.03193370867317937,0.0,0.0,0.0,0.0,0.10773293283861024,0.0,0.0,0.0,0.05475463533985781,0.0,0.0,0.0,0.0,0.0,0.0,0.0,0.045422343510645766,0.0,0.0,0.0,0.10246633100325242,0.0,0.0,0.0,0.0,0.0,0.0,0.10849566599048772,0.0,0.0,0.0,0.04522555868946043,0.0,0.0,0.0,0.0,0.0,0.0,0.0,0.0,0.0,0.0,0.23376020163392908,0.0,0.0,0.15418183504194533,0.0,0.09729567882404852,0.0,0.0,0.0,0.248891313204522,0.0,0.31568233960404274,0.1808151744593119,0.0,0.0,0.0,0.03557240356287053,0.27818515529425214,0.14013429158861088,0.0,0.0,0.0,0.1521491832326359,0.0,0.0,0.0,0.10874760595544267,0.0,0.03893905271357478,0.1184634487675695,0.13914533873158985,0.0,0.0,0.13413811456216573,0.0,0.0,0.0,0.1773247144500275,0.0,0.0,0.14179376275704,0.0,0.0,0.0,0.0,0.04342673588479221,0.0,0.052545534141837394,0.11748636186896075,0.0,0.03976279667445605,0.0,0.0,0.0,0.0,0.0,0.0,0.0,0.0,0.09944554759005714,0.0,0.0,0.0,0.0,0.20285569701935047,0.0,0.0,0.0,0.0,0.0,0.0,0.0,0.0,0.0,0.0,0.0,0.0,0.0,0.0,0.0,0.0,0.0,0.0,0.0,0.0,0.0929709251377635,0.0,0.0,0.0,0.1326867891932091,0.0,0.0,0.0,0.0,0.12054365276980561,0.0,0.0,0.179484128363992,0.1730366637812354,0.0,0.0,0.0,0.0,0.0,0.0,0.0,1.0000000000000002,0.0,0.0,0.0,0.21036279320694196,0.23357779273294077,0.0,0.48604450135465943,0.0,0.0,0.0,0.2816727288591644,0.0,0.0,0.0,0.25250640873232166,0.03185268237810585,0.0,0.0,0.03951344196696885,0.0,0.0,0.14988563294027463,0.0,0.04993945664151964,0.039893612039505574,0.15141719873939877,0.0,0.0,0.0,0.1162202894811541,0.0,0.14514305154783275,0.08734267292482772,0.03711569091420672,0.30658679084449186,0.0,0.0,0.09832180128485238,0.10169333522418582,0.1371592490772076,0.0,0.0,0.0,0.0,0.0,0.12862507967651132,0.0,0.0,0.0,0.0,0.0353525321836326,0.09159026824551285,0.0,0.04549964407741789,0.0,0.08179219963317944,0.0,0.0,0.0,0.0,0.0,0.0,0.0875986070905353,0.0,0.19995167471943642,0.04409865966188981,0.0,0.10111820229734916,0.0,0.0,0.0,0.0,0.0,0.0,0.0,0.0,0.0,0.0,0.0,0.041423577161627576,0.0,0.0,0.0,0.0,0.0,0.0,0.04398278797779541,0.0,0.0,0.0,0.04228384223043983,0.0,0.0,0.0,0.0,0.0,0.0,0.0,0.0,0.0,0.0407893864453241,0.07763074255808003
sort,0.0,0.0,0.0,0.0,0.0,0.0,0.0,0.19720915981595544,0.0,0.05154827780749364,0.0,0.0,0.17034221538352565,0.0,0.07057492990605856,0.0,0.0,0.0,0.0,0.0,0.0,0.06644770208402781,0.0,0.0,0.0,0.0,0.059720613536917495,0.0,0.1470689423598218,0.05465013455079223,0.053464217044996126,0.06516049107649681,0.0,0.0,0.05048404746565909,0.0,0.0974035453783608,0.0,0.0,0.0,0.16939162244606015,0.0,0.060221621662506,0.0,0.0,0.06080885469176971,0.0,0.0,0.054516337046664545,0.0,0.0,0.06596452095685977,0.0,0.10434349332622056,0.0,0.05541102891451864,0.0,0.0,0.0,0.0,0.0,0.0,0.0,0.0,0.0,0.0,0.0,0.0,0.0,0.0,0.06102442075586845,0.07592173852842864,0.0,0.08925055799353081,0.0,0.0,0.04026216142127243,0.0,0.0,0.0,0.0,0.0,0.0,0.1347024077203106,0.0,0.0,0.0,0.05711262983764269,0.0,0.0,0.0,0.0,0.0,0.07232365091618881,0.05692156643360656,0.0,0.07012273177059988,0.0,0.0,0.0,0.0,0.0,0.06684607961266487,0.0,0.0,0.0,0.0,0.13423266920533636,0.0,0.0,0.0,0.06862021896711214,0.08526722909713318,0.0,0.0,0.0,0.0,0.0,0.0,0.0,0.0,0.1053352382946599,0.0,0.0,0.0,0.1134801130813974,0.0,0.0,0.0,0.0681301483974641,0.0,0.0,0.0,0.05302305622317294,0.12396775440203027,0.0,0.06815940209079868,0.0,0.0,0.0,0.0,0.05090449669871462,0.0,0.0,0.0,0.0,0.0,0.1914252387888391,0.0,0.0,0.04813045523897339,0.0,0.0,0.22826813977147306,0.07067811795756793,0.0,0.0,0.0,0.0,0.0,0.0,0.05103971420692456,0.0,0.1556469494506887,0.15749319731501407,0.0,0.0,0.05909680676846806,0.0,1.0,0.0749710875119171,0.5263214832053819,0.0,0.0,0.0,0.0,0.060049011004317754,0.0,0.0,0.07405199507672629,0.05262710038169245,0.0,0.0,0.0,0.09687998304350835,0.0,0.0,0.0,0.0,0.05557905608468975,0.0,0.0,0.1070900300424368,0.18642564731201816,0.0,0.15057161717201958,0.06166121857677014,0.0,0.0,0.0,0.0,0.04448115955245394,0.04531096484883666,0.0737314643291329,0.0,0.12282653168928087,0.05776960072818592,0.0,0.0,0.0,0.07471714511187869,0.07893232686076429,0.0,0.0,0.0,0.0,0.0,0.0,0.0,0.0,0.0,0.0,0.05554612409592336,0.0,0.0,0.0,0.0,0.0,0.0,0.0,0.0,0.0,0.07888735737200812,0.04572294472059837,0.0,0.0,0.0,0.0,0.0,0.0,0.0,0.0,0.07371604348363021,0.0,0.04690462286326906,0.09535639583209844,0.0,0.12189242435865646,0.06041907503119626,0.0,0.0,0.04979270092383083,0.0,0.03303385283365122,0.0,0.0,0.0,0.0,0.0,0.0,0.0,0.06949420131704749,0.0,0.12333619209686422,0.09478842926039628,0.11314185877078135,0.0,0.0,0.05342296664884609,0.0,0.0
clean,0.0,0.062350024109256455,0.0,0.0,0.0,0.0,0.3263269904739275,0.0,0.2830141256168608,0.0,0.0,0.0,0.0,0.0,0.0,0.0,0.0,0.0,0.0,0.0,0.0,0.0,0.0,0.0,0.0,0.0,0.0,0.0,0.0,0.0,0.07270707363550169,0.04430653701369141,0.0,0.0,0.04678652756052164,0.0,0.0,0.0,0.0,0.0,0.0,0.0,0.0,0.0,0.0,0.5819091245596366,0.06571419215685115,0.0,0.05052348679981493,0.0,0.0,0.0,0.0,0.0,0.0,0.0513526502253902,0.0,0.0,0.0,0.0,0.0,0.030971679647027798,0.0,0.0,0.0,0.0,0.0,0.0,0.0,0.0,0.0,0.07036112773087992,0.0,0.0,0.0,0.0,0.0,0.0,0.0,0.0,0.0,0.08742306887634892,0.0,0.0,0.0,0.038902512858099855,0.0,0.0,0.0,0.0,0.0,0.0,0.0,0.06451374182932011,0.0,0.0,0.4022661755340514,0.0,0.0,0.0,0.0,0.050657349727326134,0.0,0.0,0.0,0.0,0.08665385702105333,0.0,0.11914735289400252,0.0,0.0,0.06359438133595985,0.0,0.0,0.0,0.0,0.0,0.0,0.06441719534759481,0.0,0.03644899992718811,0.05415038270044246,0.0,0.3199931431820707,0.0,0.0,0.0,0.0,0.0,0.0,0.0,0.24761131028992295,0.0,0.46803820075336744,0.06295368519054183,0.0,0.034612916582196514,0.0,0.0,0.0,0.0,0.0,0.0,0.0,0.0,0.057231953520266485,0.0,0.0,0.0,0.0,0.0,0.0,0.0,0.06884425339136649,0.0,0.0,0.0,0.0,0.0,0.0,0.0,0.0,0.0,0.0,0.06254689020825703,0.0,0.049678686327736324,0.0,0.0,0.0749710875119171,1.0,0.07628568362791706,0.0,0.0,0.0,0.0,0.06098854581990057,0.0,0.0,0.0,0.04877262038296927,0.0,0.0,0.0,0.08978436207618355,0.049385734594839054,0.0,0.0,0.0,0.05150837085839757,0.0,0.0,0.0,0.056224817510875526,0.0,0.0,0.05714506754474903,0.0,0.0,0.0,0.0,0.0,0.08899067968188008,0.0,0.0,0.11383055041204587,0.09490594792524835,0.0,0.0,0.0,0.06924476036511007,0.0,0.0,0.0,0.054117135445205224,0.0,0.0,0.0,0.0,0.0,0.0,0.0,0.10909251995584437,0.0,0.03441288088638868,0.0,0.0,0.0,0.0,0.0,0.0,0.0,0.0,0.0,0.04802230934250948,0.0,0.0,0.0,0.0,0.0,0.0,0.0,0.06575577612215572,0.0,0.09212062207789717,0.0,0.0,0.0,0.0,0.0,0.0,0.04614581617431351,0.0,0.0,0.0,0.0,0.0,0.10834381677265383,0.0,0.0,0.0,0.0644043520367139,0.0,0.0634042520906232,0.0,0.0,0.05781880908678355,0.0,0.10492264132012377,0.0,0.0
prepare,0.14588061965444132,0.0,0.0,0.0,0.0,0.0,0.0,0.06181803475511161,0.21968339134664353,0.05245216179852479,0.0,0.036707384048426835,0.05556822442198918,0.03799879504353916,0.0,0.0,0.0,0.0,0.08934909840362437,0.04098717978030497,0.0,0.0,0.19479465882863356,0.0,0.06970155148855244,0.0,0.0,0.0,0.04129665599389027,0.0,0.0,0.0,0.2020810526690109,0.0,0.1420480960504723,0.0813421927720148,0.0,0.0,0.03865397686634899,0.0,0.053098229379242474,0.0,0.0,0.034891334690966454,0.037129529471827065,0.0,0.0,0.0,0.09336345990304173,0.05087018900824622,0.05998607936893727,0.12423410520845685,0.0794654489892606,0.0,0.04235497801883448,0.11739821012686014,0.0,0.06088239012781334,0.0,0.0,0.03712513189003098,0.0,0.0,0.0728240682115749,0.1439018005431146,0.0,0.0,0.07338118058451942,0.0586394842712885,0.0,0.0,0.07725300403226133,0.0,0.0,0.0,0.07916546678510519,0.04096814665881823,0.0,0.04565747483233908,0.0,0.0,0.0,0.0,0.04972323598435358,0.0,0.0,0.0,0.058114083115843755,0.0,0.0,0.04997859692339835,0.0,0.0,0.07359182500495663,0.057919669470838854,0.0,0.0,0.0,0.0,0.0,0.0,0.0,0.0,0.0,0.0,0.09005066725318846,0.0,0.0,0.0,0.0,0.0,0.06982345445864603,0.0,0.0,0.0,0.0,0.0,0.0,0.0,0.06598455881375206,0.03537835577906674,0.1071822609234577,0.03566989121770281,0.0,0.0,0.0,0.0,0.0,0.049618596790699104,0.0,0.0,0.0,0.0,0.11233886137828722,0.0,0.0,0.0,0.0,0.0,0.038126537363523734,0.0,0.05179709217609015,0.07347398639741888,0.0,0.05970583390836425,0.0,0.0,0.0,0.0,0.04802368517334205,0.048974408709815155,0.10007343960850519,0.0,0.23227075491164179,0.07191743810666455,0.0,0.0,0.0,0.06068031425146864,0.0,0.0,0.051934680683801464,0.0,0.0,0.0,0.0,0.0,0.060133052009454846,0.0,0.5263214832053819,0.07628568362791706,1.0,0.0,0.0,0.0,0.0,0.0,0.0,0.0,0.0,0.11149995786052735,0.0,0.04975755370345234,0.0,0.09857874524176102,0.0,0.0,0.0,0.0,0.11775420584499055,0.0,0.037706132420578554,0.0,0.1896945665715954,0.0,0.0,0.10559962426010414,0.06754626477768723,0.0,0.0,0.0,0.04526112368960929,0.04610547937942851,0.0,0.0,0.26023005273293986,0.058782573799012326,0.0,0.0,0.0,0.12795891212851462,0.08031638215143225,0.07122643006773689,0.08788727925868817,0.0,0.1967516191892326,0.059254267044044524,0.0,0.0,0.0,0.0,0.07514637631166776,0.05652010915361303,0.0,0.0,0.0,0.0,0.0,0.02889991974511227,0.0,0.0,0.0,0.0,0.04652468319787769,0.0,0.0,0.07160836938262408,0.0,0.0,0.07397405209460885,0.0,0.09653358909748348,0.0750086327692673,0.03402581135853456,0.04772708172154152,0.0,0.0,0.05364927795642921,0.06147850585985664,0.09134961226535238,0.05241058763411718,0.050665801387115565,0.0,0.06221421892930053,0.07470819514390631,0.0,0.0,0.09710825140438237,0.0,0.0,0.0,0.0707127618337452,0.0,0.12549885619143253,0.0,0.049797836589420774,0.0,0.0,0.05435972276100206,0.0,0.0
squash,0.0,0.1435064474791034,0.0,0.17016560446495133,0.0,0.2533213806133378,0.0,0.0,0.0,0.0,0.0,0.08704346985456317,0.0,0.0,0.18540904654682333,0.028365999573765323,0.0,0.09858995880043783,0.0,0.030923830932929296,0.0,0.0,0.0,0.0,0.10432596586590324,0.0,0.056746444623418796,0.0,0.09642122279986695,0.0,0.05080162530485136,0.0,0.09249413868003971,0.0,0.0,0.0,0.0,0.0,0.0,0.0,0.35759224549150137,0.0,0.0,0.0,0.0,0.0,0.0,0.10506457819800014,0.0,0.0,0.0,0.0437953369298056,0.0,0.0,0.0,0.0,0.0,0.0,0.0,0.0,0.0,0.0,0.17617620930851258,0.0,0.0,0.17308434021391028,0.0,0.4437656618867543,0.0,0.0,0.0,0.12512973824928864,0.0,0.054332178800251305,0.1262998899124495,0.0,0.0,0.0,0.034447455036127464,0.055813333980407,0.0,0.0,0.0,0.0,0.22407595048699297,0.0,0.0387446053616976,0.06107139025113103,0.0,0.0,0.03770763662707147,0.0,0.09719339660612893,0.0,0.0,0.20876255251302767,0.0,0.0,0.0,0.0,0.0,0.07912763976304375,0.16040769145048428,0.0,0.04990913461587033,0.0,0.0,0.042053400443218376,0.0,0.050883824071689475,0.11377095058213836,0.0,0.0,0.0,0.05614182833688339,0.11379369033053564,0.0,0.0,0.0,0.0,0.0,0.09630066248115884,0.0,0.0,0.0,0.0,0.12402343067119845,0.0,0.0,0.0,0.0,0.040851671016860734,0.0,0.0,0.0,0.0,0.0,0.0,0.0,0.04708787522448524,0.0,0.0,0.0,0.0,0.0,0.0,0.057256688163431525,0.09003079473361975,0.0,0.0,0.0,0.20650381800241335,0.0,0.0,0.0,0.05869072998709264,0.11673155712797043,0.05327595674743447,0.0,0.17380808779451012,0.12086657910066834,0.0,0.0,0.0,0.07497897157838819,0.0,0.0,0.0,0.21036279320694196,0.0,0.0,0.0,1.0000000000000002,0.16648743435289437,0.0,0.31644717646562925,0.0,0.0,0.0,0.0,0.0,0.04831112496868057,0.0,0.0,0.0,0.0,0.0,0.0,0.0,0.0,0.17689516549648082,0.0,0.0,0.0,0.11349419593528613,0.0,0.0,0.0,0.22482476712877036,0.0,0.14055301979141374,0.0,0.0,0.1900205109462264,0.0,0.0,0.09521245374507668,0.09847736564715551,0.13282169862448417,0.0,0.0,0.0,0.0,0.0,0.12455741543705207,0.0,0.0,0.0,0.0,0.034234536911642466,0.05056298608739698,0.0,0.0,0.0,0.07920558739277239,0.0,0.0,0.0,0.0,0.0,0.0,0.04835936433466104,0.08378699469081366,0.0,0.0,0.0,0.09172601259902874,0.0,0.0,0.0,0.0,0.0,0.0,0.0,0.0,0.0,0.0,0.05637938026549073,0.04011358999649151,0.0,0.0,0.0,0.0,0.0,0.0,0.042591867837967756,0.0,0.0,0.04449356695466257,0.0,0.0,0.0,0.0,0.0,0.0,0.0,0.0,0.0,0.0,0.03949945504928216,0.0
mash,0.0,0.0,0.0,0.06748318087719238,0.0,0.1388584190652759,0.0,0.0,0.0,0.0,0.08289539614107354,0.0,0.0,0.0,0.07352832708894547,0.0,0.04851331600831669,0.0,0.0,0.0,0.0,0.06922838435187416,0.0,0.06612602142433348,0.0,0.0,0.0,0.07683538346194146,0.055470019171890636,0.0,0.0,0.0,0.0,0.0,0.0,0.0,0.043146790195599714,0.0,0.04960186189591392,0.0,0.24642762758482284,0.0,0.0,0.0,0.0,0.0,0.0,0.0,0.0,0.08131584964363112,0.0,0.0,0.0,0.0,0.0,0.0,0.0,0.0,0.0,0.0,0.04764000535427546,0.0,0.04154486081671641,0.0,0.0,0.04081575402242832,0.0,0.1429257657665701,0.040744028604711845,0.0,0.0693284033396935,0.0,0.0,0.12833519895662862,0.047866259227268705,0.0,0.0,0.0,0.0,0.1742880379931218,0.13311389089745418,0.0,0.0,0.06678867300414339,0.0,0.0,0.0,0.0,0.0,0.0,0.0,0.0,0.10153797121302277,0.0,0.0,0.0,0.0,0.0,0.0,0.07352029450296559,0.05665891267934855,0.07761814083539614,0.13469022643644013,0.059911321814175175,0.0,0.0,0.0,0.0,0.0,0.0,0.0,0.0,0.03777077343666661,0.0,0.0,0.0,0.0,0.0,0.0,0.0,0.0,0.0,0.0,0.0,0.0,0.0,0.07103563486454478,0.05532138483171425,0.0,0.0,0.0,0.0,0.0,0.0,0.0,0.0,0.0,0.0,0.0,0.0,0.0,0.0,0.0,0.0,0.07661619238152102,0.0,0.0,0.0,0.0,0.0,0.0,0.08553770614510516,0.0,0.0,0.0,0.08180122885375081,0.0,0.0,0.07786667275424114,0.0,0.04580709461549177,0.1521367709949449,0.0,0.0,0.0,0.0,0.0,0.08807648610077008,0.23357779273294077,0.0,0.0,0.0,0.16648743435289437,1.0000000000000004,0.0,0.2402180416500142,0.0,0.0,0.0,0.03280276793549774,0.0,0.0,0.0,0.12971106336256394,0.030256937390584025,0.0,0.0,0.037533910817596466,0.0,0.0,0.07732842747665052,0.0,0.04743760650942388,0.03789503525747799,0.032502456261985696,0.0,0.0,0.04333862604450996,0.0,0.0,0.09356774527284874,0.0,0.28430017697708554,0.0,0.0,0.0,0.0,0.0,0.07314524597518038,0.0,0.0,0.0,0.10700308314718288,0.0,0.0,0.0,0.0,0.0,0.0,0.0,0.031561895743964175,0.3578412117536357,0.12600485062759192,0.0,0.0,0.0,0.0,0.0,0.07417036715039835,0.0,0.0,0.030186374134169074,0.0821886103713098,0.035576841391324554,0.04188941981588359,0.0,0.03484521030303205,0.0,0.0,0.0,0.0,0.04793383335713761,0.0,0.058570716374123526,0.052112674651296494,0.09934683990615756,0.0,0.0,0.0,0.0,0.0,0.0,0.0,0.07340352912407552,0.047933820507445254,0.0,0.0,0.0,0.0,0.04016552049880548,0.0,0.0,0.0,0.0,0.07817032610870692,0.07293856399517051,0.0,0.09571371808088933,0.07962032869125478,0.08866855067891798,0.07374162368124088
dash,0.0,0.0,0.03266885463942993,0.0,0.0,0.0,0.0,0.0,0.0,0.0,0.0,0.0,0.0,0.0,0.0,0.0,0.0,0.0,0.0,0.0,0.0,0.10948908402730435,0.0,0.0,0.0,0.0,0.0,0.0,0.0,0.0,0.0,0.0,0.0,0.0,0.0,0.0,0.0,0.2630899900519318,0.0,0.0,0.0,0.09937464481535631,0.0,0.0,0.06429141107205036,0.0,0.0,0.0,0.0,0.0,0.0,0.0,0.0,0.0,0.0,0.0,0.0,0.07940995059770865,0.046651504606869766,0.10065612125436552,0.0,0.0,0.055678975964666616,0.09498568710697608,0.039319406901529366,0.0,0.05147635399332019,0.0,0.09630912967110732,0.0,0.0,0.0,0.07740135693513679,0.05298569055767037,0.06415099833385941,0.0,0.0,0.07402319054050653,0.0,0.04669197705087573,0.0,0.0,0.050890950569793834,0.0,0.0,0.0,0.0,0.0,0.03853971083444481,0.04133650920141644,0.0,0.04198296615213622,0.0,0.0,0.0,0.0,0.0,0.03419865842767131,0.04525115137174948,0.0,0.0,0.0,0.05313670683560249,0.0,0.0,0.0,0.0,0.0,0.0,0.0,0.041538627594703885,0.0,0.0,0.0,0.0,0.034214704499359296,0.03399756164259971,0.0,0.0,0.0,0.0,0.0,0.0,0.0,0.0,0.0,0.0,0.07464878763749329,0.0,0.0,0.0,0.0,0.0,0.0,0.0,0.0,0.0,0.0,0.0,0.0,0.0,0.03815782247920216,0.09583338659646848,0.07944357460426646,0.0,0.0,0.04013728675030949,0.0,0.0,0.0,0.0,0.0,0.44317277565186997,0.0,0.2781667516031683,0.0,0.0,0.0,0.03654273365300031,0.0,0.0,0.0,0.0,0.0,0.07312080380561625,0.0,0.2191888484266864,0.04429874781211338,0.0,0.0,0.0,0.0,0.0,0.0,1.0,0.0,0.0,0.10922307482865114,0.03517313962939725,0.04396270661521187,0.0,0.047113853605878435,0.0,0.050713568369965496,0.0,0.0,0.10180633036249083,0.0,0.05427878290424802,0.0,0.0,0.0,0.0,0.0,0.043560224909348084,0.0,0.0,0.0,0.0,0.3228655237927084,0.0,0.0,0.0,0.0,0.0,0.0,0.0,0.0,0.0,0.0,0.0,0.0,0.0,0.0,0.0,0.046201933666175234,0.0,0.10673824624436365,0.0,0.0,0.04229967317210016,0.101585902174056,0.0,0.04143225020517247,0.0,0.0,0.0,0.03820338783090941,0.0,0.06058817627790801,0.048360250371372086,0.040456180784713365,0.0,0.0,0.0,0.04262493017469835,0.0,0.05345303194763765,0.0,0.0,0.0,0.0,0.0,0.0,0.0,0.0,0.0,0.0,0.0,0.0,0.0,0.0,0.0,0.0,0.0,0.0,0.0,0.0,0.0,0.03869435749556005,0.0,0.041818044134961596,0.0,0.0,0.0,0.0,0.0,0.04105258026248078,0.0,0.0,0.0
crush,0.05073800539865015,0.1272437365370346,0.0,0.15088177376390305,0.0,0.22461401268159126,0.0,0.0,0.0,0.029857148829853977,0.027472831361632515,0.07717936399377553,0.0,0.0,0.16439776947180118,0.02515145374844159,0.04385215461319259,0.08741735972961588,0.0,0.027419421671060668,0.0,0.06257691833927566,0.0,0.0,0.09250334007847044,0.019496634412554482,0.050315715955042056,0.10201441450030584,0.09715474101556634,0.0,0.04504458677290397,0.0,0.0,0.0,0.0,0.02720796960439201,0.07111931706563449,0.0,0.0,0.0,0.06446937280606634,0.0,0.0,0.0,0.0,0.0,0.0,0.09315824997721928,0.0,0.0,0.0,0.03883227835222044,0.0,0.0,0.0,0.0,0.0,0.02205321832643917,0.0,0.0,0.0,0.0,0.25972842706729304,0.026378811218117353,0.0,0.19036392168087535,0.0,0.2175405514690712,0.0,0.0,0.0,0.1109495477480833,0.0,0.2710561204242499,0.15525436033022658,0.0,0.0,0.0,0.030543734933070586,0.44245987551323945,0.12032430279138434,0.02838300241155951,0.0,0.08867538710397567,0.13064071745186875,0.0,0.0,0.0,0.0,0.0,0.033434460016913074,0.0,0.1779612601834219,0.0,0.0,0.18510476495932082,0.0,0.0,0.0,0.06645646158672812,0.0,0.07016058667518925,0.09215762290593062,0.0,0.0,0.0,0.0,0.037287744909597055,0.0,0.08950862658720807,0.10087798224919203,0.0,0.03414175597315643,0.0,0.0,0.10089814504051473,0.0,0.0,0.0,0.0,0.04733451095365016,0.31954675681104566,0.0,0.02563583419279155,0.0,0.0,0.17417913941270746,0.0,0.0,0.0,0.0,0.022127805746993693,0.0,0.02465395747199234,0.0,0.0,0.02247504022566683,0.0,0.02530837137859586,0.0,0.0,0.0,0.0,0.030692729988174218,0.0,0.0,0.0,0.07982815355367705,0.0,0.0,0.0,0.26042123888715146,0.0,0.0,0.0,0.0,0.10350308130171046,0.0,0.0,0.15411147666066247,0.14857545352244447,0.0,0.03920013837435279,0.0,0.04061327424063424,0.0,0.0,0.0,0.48604450135465943,0.0,0.0,0.0,0.31644717646562925,0.2402180416500142,0.0,1.0000000000000002,0.0,0.024886956275561277,0.027178023719578774,0.16529020193044217,0.0,0.0,0.0,0.12848987243560017,0.049872834432431346,0.0,0.0,0.061867547783939825,0.0,0.0,0.10320520734140248,0.0,0.04287979932714616,0.03425407871311927,0.13001220944854988,0.0,0.0,0.022593400255541296,0.09979088732318006,0.0,0.2092027552694673,0.02576382097267726,0.031868856517881745,0.20104021299300473,0.0,0.0,0.0844226067344276,0.08731752607207784,0.11776982514068762,0.027621694033072363,0.03474098720872839,0.0,0.0,0.0,0.14558170453189015,0.0,0.0,0.0,0.0,0.03035494552178038,0.12347566336706652,0.0,0.039067617845769266,0.0,0.11492000497576176,0.0,0.0,0.0,0.0,0.023408016875336616,0.0,0.11809438194395475,0.0742919253103263,0.0886466992073375,0.03786468263905423,0.0,0.08682369642018117,0.020651380363868772,0.0,0.0,0.0,0.0,0.04269688484372178,0.0,0.0,0.08980159144656409,0.0,0.0,0.07056294241976985,0.0,0.0,0.0,0.02493469822188454,0.0,0.0,0.11329557323026336,0.0,0.0,0.0,0.036306415639182965,0.1225414560623079,0.0,0.0,0.0,0.0,0.0,0.037543211850977365,0.0,0.0,0.03502322257945356,0.06665652544846197
drain,0.0,0.20009874130916722,0.3718494841089057,0.0,0.0,0.0,0.20228119925497395,0.0,0.0,0.0,0.02056230349295565,0.0,0.0,0.0,0.0,0.11670416951084543,0.14975646845313031,0.0,0.07917093468279927,0.06361383454399898,0.0,0.0,0.0,0.0,0.022028668778268357,0.0,0.11804373882994668,0.0,0.0,0.0,0.21758439211648947,0.11238462800537949,0.0,0.07702890145585532,0.0,0.02036406517654889,0.05127507217712123,0.02290912125015613,0.01935409109133232,0.0698576004251026,0.0,0.14679581720308865,0.1297841479177413,0.05034344536997167,0.10300382465787514,0.0469726590862709,0.0906225053507832,0.0,0.0,0.0,0.018958164423962077,0.0,0.0,0.0,0.0,0.0,0.0,0.0,0.0269799249363266,0.024344738737507945,0.018588596636816196,0.11444886058324966,0.0,0.0,0.09322622689698724,0.0,0.0,0.0,0.0,0.0,0.0,0.13913464787550237,0.0,0.04698318511087088,0.0,0.0,0.042609048874899226,0.09719061091315756,0.0,0.0,0.0,0.2504419835554213,0.13363710857945194,0.04518571255223138,0.0,0.4602493375707703,0.0,0.024759089832818215,0.1702922975808301,0.14820532764921984,0.0,0.11024518393434307,0.0,0.07329040064420216,0.0,0.1170066185197754,0.054167295048630784,0.0,0.16224064017783033,0.15647971126344176,0.0,0.21810555760748288,0.0,0.0,0.0,0.0,0.2661049257294509,0.027459092299593882,0.13535654546902925,0.0,0.0,0.0,0.04488628529193085,0.0,0.0,0.12267125571829915,0.0,0.0,0.08883389475649581,0.05120541141566634,0.059121623981039005,0.020334107422997648,0.0,0.07249783247956076,0.0,0.0,0.0,0.0,0.0,0.0,0.0,0.03871425730116261,0.0,0.06972109685688703,0.4786831053382672,0.0,0.1184906560577406,0.08198425980324348,0.0,0.08667969783441853,0.09659422889533831,0.0,0.0,0.02297226742801499,0.029894780351887393,0.19131136467762783,0.0,0.0,0.0227828519819427,0.37827029538566304,0.10987563677429868,0.0,0.06752821831284732,0.025851829185773757,0.0,0.0,0.0,0.0,0.0,0.02228622158130077,0.0,0.0,0.0,0.04690492049865794,0.07105597214528198,0.04699113299878525,0.05643713604568352,0.0,0.0,0.060049011004317754,0.06098854581990057,0.0,0.0,0.0,0.0,0.0,1.0,0.14231530266510914,0.0,0.05725831736228572,0.0,0.04781302889741872,0.0,0.0,0.0,0.14186952734502345,0.0,0.020911882984166796,0.09045903194873707,0.059955128363190724,0.0,0.02720240762414547,0.056374221272400646,0.02111308216285682,0.018108626232734487,0.0,0.021458646905184082,0.0,0.0,0.0,0.0,0.0,0.0,0.0,0.0,0.04274471434305445,0.09873127317114949,0.0,0.20470514821229843,0.02067372118371442,0.0,0.03421822068104046,0.10665823464956331,0.0,0.06147940618587807,0.0,0.0,0.0,0.0,0.0,0.0,0.0,0.0,0.0,0.08213283218700297,0.0,0.06975625601802016,0.0,0.0,0.0,0.0,0.0,0.0,0.0,0.054555420159690074,0.0,0.019413883193703158,0.14036500702596924,0.0,0.0,0.0,0.0,0.07470140531320105,0.05280949666674122,0.0,0.0,0.0,0.0,0.0,0.0,0.09030394934392852,0.0,0.07961427082577795,0.0,0.0,0.0,0.0,0.422800974703195,0.0,0.06936616131350803,0.0,0.0,0.0,0.023809044531000537,0.0,0.0,0.06568466752327053,0.0,0.0,0.06296198321258366,0.0
splash,0.04773016712239548,0.0,0.23104240139520893,0.0,0.0326934686607498,0.0,0.0,0.0,0.0,0.02808716448843845,0.025844193556946435,0.0,0.0,0.04726214535159753,0.0,0.09778817328756503,0.11915129420208713,0.0,0.0,0.05330298567693393,0.0,0.0,0.0,0.0,0.0,0.01834083960384122,0.1227368339287204,0.030631082040588516,0.0,0.0,0.12377188095468471,0.07798954861696689,0.0,0.0,0.03517653414994155,0.025595033270922326,0.03021405638316365,0.043555292617271216,0.0,0.058534730716613984,0.04529413551980326,0.11622400033235097,0.05168820280082921,0.0632752914531604,0.24062229709993527,0.0,0.0,0.0,0.0,0.0,0.0,0.0,0.0,0.0,0.0,0.04790175806550574,0.0,0.08350873871425343,0.07374346623091445,0.1128255043965711,0.046175500501356166,0.0,0.044006733742277385,0.13941891697073389,0.19476423877270638,0.0,0.1183460788692021,0.025004866635713437,0.0,0.042984241608519644,0.0,0.0,0.12235070228651736,0.041878054258788704,0.05070272673065916,0.0,0.0,0.31990222872456475,0.0,0.036903721133131964,0.0,0.12034768630081798,0.30049238501010916,0.02662587508508104,0.0,0.18517198215276484,0.0,0.0,0.2854534987106614,0.44302407831733354,0.0,0.24789400645115922,0.0,0.0,0.049406946125023755,0.0,0.0,0.054058869786853245,0.20747374961253096,0.14347996415595438,0.0,0.06394373385006082,0.041997412293281404,0.05806958353372817,0.0,0.0,0.0928233012518757,0.0,0.0,0.04175957025352091,0.06566138449599969,0.0,0.0,0.0,0.0,0.220872714423951,0.053740989922012,0.0,0.0,0.04290578190791126,0.04452843781940802,0.02555738019467166,0.0,0.0972807024063567,0.0,0.04647895564130946,0.0,0.11799963145269188,0.0,0.0,0.0,0.05397609334572343,0.0,0.05660908167586357,0.0794651459733403,0.0,0.02114268027734055,0.23540426655656688,0.023808046571893192,0.08415393802761159,0.06119557409160626,0.06031724200865126,0.1156266701849378,0.32755436168366203,0.0,0.12261332721876038,0.10992256307905293,0.0,0.0,0.12490763290712016,0.0,0.0,0.271626323736751,0.0,0.0,0.0,0.0,0.0,0.06661859461228944,0.0,0.0,0.0,0.03687628516588601,0.0,0.0959977980892575,0.0,0.0,0.07002439130062543,0.0,0.0,0.0,0.0,0.0,0.0,0.10922307482865114,0.024886956275561277,0.14231530266510914,1.0,0.23444597705194065,0.03474660032959658,0.0,0.03723715774733792,0.0,0.040082247593671495,0.02118778264053094,0.0,0.0,0.026283570401933423,0.29581165263191905,0.050237300915911616,0.049108614831401644,0.03418995775907193,0.0,0.0,0.034428492732263526,0.0,0.0,0.021254023716289972,0.0,0.0,0.0,0.024236496312290568,0.0,0.03062373544016154,0.0,0.0,0.0,0.05165320441627956,0.11052169930328597,0.025984231387174175,0.03268148033098922,0.0,0.11089867334829703,0.0,0.03305648310584807,0.07303281563640766,0.0,0.41854457854498034,0.0,0.0,0.03343219630783508,0.0,0.0,0.12501538055778766,0.04204098410923034,0.0,0.11435128305498993,0.11527278978638837,0.0,0.11779393963441936,0.07644453314491147,0.031975163788071644,0.0,0.0,0.0,0.06737853634993113,0.0,0.4090548724872415,0.0,0.0,0.0,0.0,0.04016573834908246,0.04424986898858374,0.0,0.06309174846652058,0.0,0.0457641939233486,0.03292060512628453,0.0,0.0,0.0,0.02345652541770413,0.03557351296105463,0.0,0.07105280814017352,0.0,0.11605750844561569,0.0,0.119288305905903,0.11527698283210884,0.06610306680345135,0.0,0.0,0.0,0.0,0.03531758416357301,0.064893074549033,0.0,0.0,0.0
glaze,0.05212415692093979,0.0,0.028197323928584307,0.0,0.021711856007598236,0.0,0.0,0.0,0.0,0.030672839789255217,0.028223383274628026,0.04509761206363247,0.0,0.025298398192834234,0.0,0.0,0.0,0.0,0.0,0.02728797041314979,0.16547106869455835,0.0,0.0,0.08698107158835613,0.0,0.33633403133109463,0.0,0.03345094775904663,0.0,0.0,0.0,0.0,0.0,0.0,0.21559823461407507,0.027951285550480452,0.03299553115109865,0.0,0.0,0.0,0.0,0.09689450632308337,0.0,0.0,0.05549156111632843,0.0,0.0,0.0,0.0,0.0,0.0,0.038023976296648186,0.0,0.0,0.0,0.0,0.0,0.022655707563341506,0.040266106714621705,0.036333231106370385,0.02471674084505433,0.0,0.0,0.02709947473334409,0.11425744023075093,0.0,0.06422291231597677,0.02730678878548385,0.021138948002149303,0.0782510310554448,0.15116914941333837,0.0,0.25945948558663706,0.0,0.0,0.0,0.0,0.06389130886084847,0.0,0.0,0.0,0.1003397706499488,0.043925280946889335,0.029077025595431263,0.0,0.0,0.0,0.032921474327176695,0.06290119337131644,0.16731363361735357,0.0,0.036236571778851714,0.0,0.0,0.0,0.0,0.0,0.055816101891350445,0.039057426024069745,0.0,0.04382777106146976,0.06040802038823557,0.0,0.0,0.0,0.0,0.0,0.0,0.0,0.04560391308213567,0.03585305180619993,0.0,0.0,0.0,0.0,0.0994237925342738,0.02934416492402395,0.0,0.0,0.021965218127786623,0.04862767973117139,0.027910166170990056,0.02374788754450144,0.05184913335277046,0.0,0.0,0.0,0.09313329657261302,0.0,0.0,0.0,0.044754055684393675,0.0,0.04986326245620279,0.0,0.028848619260921707,0.07945390515392885,0.14563580283908967,0.15548943694973266,0.0,0.03132850803796705,0.03293499244864418,0.0,0.47938240259142967,0.0,0.0,0.28863345086543035,0.0,0.0,0.0,0.0,0.0,0.1384289499717905,0.0,0.0,0.0,0.0,0.0,0.0,0.0,0.0,0.0,0.040271077822102916,0.0,0.0417228202598658,0.0,0.03210297866667535,0.07230059701814226,0.0,0.0,0.0,0.0,0.0,0.0,0.03517313962939725,0.027178023719578774,0.0,0.23444597705194065,1.0,0.0,0.0,0.0,0.0,0.0,0.04555331553238273,0.0,0.2164055063865019,0.08001470182932661,0.0468494056768405,0.0,0.032613216572889105,0.02510355265724993,0.0,0.0,0.0,0.0,0.028532967001418857,0.04569573254111131,0.0,0.0,0.0,0.09942312993423319,0.0,0.03344292483818593,0.0,0.0,0.06736419774664824,0.0,0.028290280762867246,0.028376312842608387,0.03569010359449993,0.04549901798810646,0.0,0.0,0.07107078786201113,0.039878070538160774,0.0,0.038528658966351124,0.29261301320946004,0.0,0.0,0.08768139017405471,0.0,0.0357612347607479,0.10195034027657111,0.4090723963944298,0.0,0.03297432106901333,0.0,0.07634272337777342,0.1354546868184397,0.0,0.0,0.0,0.0,0.15776417422871047,0.0,0.0879046263191626,0.0,0.0,0.0,0.0,0.04386335466172382,0.0,0.0,0.0,0.0,0.0,0.07077865288111321,0.0,0.0,0.0,0.02561590887702428,0.01904172756678068,0.0,0.07759385613871192,0.0,0.0,0.0,0.03339808954287202,0.1258892625937187,0.11713028837034534,0.056029373710998184,0.09007848469731328,0.0,0.0,0.03856888441831599,0.035433531923345585,0.0,0.0,0.05462942365470059
break,0.0,0.0,0.0,0.0,0.0,0.0,0.0,0.0,0.0,0.0,0.025357280187629012,0.0,0.0,0.0,0.0,0.0,0.07380729595824673,0.0,0.042696235466086245,0.0,0.0,0.0,0.0,0.0,0.027165590983636148,0.0,0.0,0.0,0.0,0.0,0.0,0.0,0.030506048299904897,0.09499147006708374,0.0,0.025112814165873614,0.20067088258659513,0.07098605457951863,0.023867321613453375,0.0,0.0,0.0,0.031011185910563645,0.029646895378399315,0.02292603486374455,0.0,0.019692039979773552,0.0,0.0,0.0,0.02337906778324895,0.0,0.11219639616049587,0.0642578905807684,0.0,0.03004957185061935,0.050902614987758554,0.09023345986529525,0.03327144336168407,0.11674758515773126,0.022923319528672773,0.018562065022248758,0.13872346229256516,0.10793215611938853,0.02804225567349869,0.10896499884575472,0.0,0.0,0.0,0.0,0.0,0.03258271573098938,0.0,0.3069795095550567,0.08968293221442772,0.0,0.0,0.0,0.0,0.2194588558601932,0.17542717950719328,0.0,0.04994576672943998,0.05572268564449147,0.0,0.0,0.0,0.030532725980653458,0.03782392322417665,0.0,0.0,0.0,0.03073211864264875,0.0,0.0,0.0,0.0,0.0,0.0,0.061338967744201695,0.0,0.0,0.19164554157219563,0.12419835758574234,0.0,0.17208880018266998,0.0,0.033862349000796856,0.14450827928207563,0.05638295591562056,0.0,0.16832916672926995,0.37627316811854516,0.0,0.0,0.0,0.0,0.0,0.01930337944567534,0.0,0.021844753476563,0.025075870486346123,0.0,0.0,0.0,0.0,0.09361752797972958,0.0,0.0,0.0,0.0,0.0,0.0,0.0,0.08047688431821572,0.0,0.07046068208393604,0.0,0.0,0.0,0.029055343688430116,0.0,0.27372674030126587,0.028329229841242295,0.03686602144502597,0.0,0.03617220108988096,0.0,0.028095644117757314,0.029652750687426226,0.02573080604611039,0.0,0.04063802010378949,0.03188028404750306,0.0,0.0,0.0,0.0,0.028337961987639094,0.027483203190451375,0.03821747339385191,0.0,0.0,0.2408756507461686,0.056703326533400766,0.0,0.0,0.0,0.2816727288591644,0.07405199507672629,0.0,0.0,0.0,0.03280276793549774,0.04396270661521187,0.16529020193044217,0.05725831736228572,0.03474660032959658,0.0,1.0000000000000002,0.02853983882250316,0.06977299826090483,0.0,0.3880486079051549,0.025243768665324115,0.029598046575717248,0.0,0.05710342421676287,0.0,0.0,0.0,0.0,0.3749620867710906,0.057652832515456,0.08322850701769421,0.04931746022846449,0.02646264423674921,0.0,0.03703169291412126,0.0,0.0,0.0,0.029414788499442616,0.0,0.0,0.05271246475417121,0.0,0.0,0.0,0.025494679657654184,0.0,0.042197655998440046,0.0,0.04713623253059597,0.04463221767770328,0.045343837666681576,0.0,0.08838552844828379,0.0,0.03855501195014395,0.259181073519645,0.0,0.03605920769280038,0.04066274024465956,0.0,0.03671813452067463,0.0,0.0,0.0,0.0,0.0,0.21934490327583211,0.04423892168798563,0.4759073884343099,0.4769347365783719,0.0,0.4724950503031822,0.0,0.0,0.039674207122724264,0.0,0.0,0.0,0.0,0.0,0.0,0.031204124591726362,0.0,0.21800963811610347,0.0,0.032361491686578675,0.0,0.0,0.0,0.0,0.0,0.047624664946697814,0.0,0.0,0.07148633011931176,0.0,0.0,0.0,0.029361137159518484,0.03290533503364005,0.0,0.047685112151580646,0.040290121808974164,0.0,0.0,0.13124485848921136
chill,0.0,0.0,0.024124784292267627,0.0,0.02085003547018426,0.0,0.0,0.0,0.06485244973023248,0.0,0.0,0.0,0.030229728996900733,0.0,0.0,0.024037311158475336,0.0345131605407684,0.026581713475219426,0.035019982424861304,0.02620481412664128,0.0,0.0,0.04303991968361794,0.0,0.28010359670939633,0.0,0.0,0.0,0.0,0.0,0.0,0.0,0.10977550159439387,0.0,0.13158414941521618,0.0,0.0,0.0,0.0,0.0,0.0,0.0,0.07968307312881062,0.04461497205262965,0.0,0.0,0.0,0.028327393053354466,0.0818041778436854,0.03252343427123894,0.06255914755117291,0.0,0.0,0.0,0.0,0.5549746540566565,0.0,0.02107631933566681,0.0,0.0,0.0,0.0,0.0,0.0,0.09200242504933984,0.03551148621084692,0.3929637254684429,0.0,0.0,0.0,0.0,0.049391068676621554,0.0,0.034397406002561526,0.0,0.0,0.0,0.0,0.0,0.030311634608841696,0.051562793015821715,0.0,0.037581152399598,0.0,0.0,0.0,0.020056842273219272,0.0,0.0,0.0,0.0,0.031002923535232117,0.0,0.0,0.0,0.0,0.0,0.0,0.0,0.026151765494142182,0.0,0.0,0.03449544319279826,0.0663548316084853,0.0,0.03812477290073389,0.0,0.0,0.045212313596349044,0.0,0.0,0.08193290655058348,0.03286222029200209,0.0,0.029062827853608714,0.0,0.0,0.0,0.0382319979585571,0.0,0.0,0.038011688514325716,0.0,0.0,0.0,0.0,0.0,0.0,0.0,0.028748015368626992,0.03812712101331094,0.0,0.0,0.13820194898729887,0.0,0.0,0.026268817577353196,0.0,0.0,0.09537802496722572,0.0,0.0,0.03110669949437853,0.0,0.0,0.0,0.03624889692644727,0.024274001314875757,0.15198950898743327,0.0,0.0,0.0,0.027817288831527447,0.048326275557283416,0.0,0.0,0.0,0.0,0.019397728321747024,0.0,0.0,0.0,0.0,0.03434010678720248,0.0,0.0,0.0,0.0,0.0,0.05262710038169245,0.04877262038296927,0.11149995786052735,0.0,0.0,0.0,0.0,0.0,0.0,0.0,0.02853983882250316,1.0,0.05001824664326153,0.0,0.0329223830566428,0.06302550479794562,0.0,0.031765986256607114,0.026702233455831316,0.0,0.14486403502372222,0.0,0.0,0.07502067003277056,0.03946786972533702,0.0,0.03710838996319916,0.06751424568393657,0.021592572640222532,0.037110211129268246,0.040616062755549055,0.0,0.0,0.0,0.0,0.0,0.16637593019536137,0.03758215199350878,0.0,0.0,0.05049439883666966,0.04860741754695271,0.0,0.06632163881252301,0.056190004518847196,0.0,0.0,0.0,0.04031407433787119,0.0,0.0,0.027460225894248708,0.0,0.0,0.0,0.0,0.0,0.028735097266590733,0.028211839711764504,0.03695384894763708,0.0,0.0,0.02626346209926603,0.0,0.030953403722476305,0.03644562227993421,0.0,0.03031685276499431,0.0,0.0,0.04729469789636939,0.0,0.037835911654431675,0.0,0.021754120847978075,0.0,0.0,0.4894022281814223,0.0,0.04090235293040266,0.05840361846765974,0.0,0.07471615266821577,0.0,0.018285893893272967,0.023882033089083432,0.0,0.0,0.0,0.12033712072346195,0.0,0.0,0.04520961896298,0.05577233235765132,0.044507583525035026,0.024759263730156043,0.0,0.0,0.0,0.0,0.0,0.0
drop,0.0,0.09314383834549854,0.13157361709327375,0.0,0.044594483759732066,0.0,0.0,0.0,0.0,0.1125063803542543,0.02070063445037207,0.0,0.06465596476999556,0.0,0.0,0.05141149441290527,0.07381745606300019,0.0568535143056065,0.0,0.0560473942439281,0.0,0.0,0.0,0.0,0.06016127671591039,0.0,0.0,0.0,0.03806271449943615,0.0,0.0,0.0,0.0,0.0,0.0,0.0,0.0,0.04579782212436605,0.0,0.0,0.11847778751479879,0.0,0.0,0.12719533536397348,0.0,0.0,0.0,0.06058720961313544,0.0,0.0,0.24625785498035832,0.0,0.0,0.0,0.08653819832627857,0.0,0.05455119885316215,0.11107280776271586,0.0,0.18103849213264805,0.0,0.04626816370233039,0.046272506579463885,0.13962776180250003,0.0,0.0,0.0,0.0,0.0,0.0,0.0,0.0,0.0,0.09168671538807821,0.1229707278582485,0.07980980730624752,0.07388308860963408,0.0,0.023014544197347057,0.03880378146081373,0.0,0.0,0.1339051058979705,0.0,0.06730401635113505,0.1561816532172387,0.12516234552774247,0.07848882302992653,0.0405350561597868,0.0,0.025192690398204775,0.12972835457939763,0.0,0.0,0.02484226850910769,0.0,0.0,0.0,0.0,0.05593393274004529,0.0,0.024784775119274818,0.04415973128208702,0.06384288358645371,0.10596941075621993,0.0,0.0,0.0,0.05265410975606443,0.09387286167451736,0.0,0.0,0.09516662686846675,0.0,0.13431353302403215,0.0,0.0,0.0,0.0,0.0,0.017833152965570764,0.0,0.0,0.0,0.04956608443245881,0.0,0.0,0.0,0.025011225282241128,0.08415234562901844,0.11160724050721807,0.03582929649413187,0.026505317655735095,0.0,0.0,0.06669101234416315,0.0,0.02662670528921432,0.019069725196734888,0.14557010184731944,0.0,0.0,0.07964318551101689,0.0,0.0,0.0,0.050217452687135754,0.10157191292164344,0.0,0.0,0.07550492331385009,0.0,0.10304704934903072,0.09355005816439822,0.0,0.05147519094865591,0.0,0.04672611922103598,0.14833901055634813,0.0,0.0,0.0,0.029537098823557872,0.0,0.15713050969787704,0.0814815194164449,0.0,0.0,0.0,0.0,0.0,0.0,0.04831112496868057,0.0,0.047113853605878435,0.0,0.04781302889741872,0.03723715774733792,0.0,0.06977299826090483,0.05001824664326153,1.0,0.02508126923499651,0.0421459605786658,0.0,0.024162620678377208,0.0679417433249872,0.0781638506181575,0.0,0.0,0.07775389882563874,0.0,0.0721806654825035,0.05514682783555171,0.03620111108005728,0.23738542125729611,0.05860452156261782,0.046182637497773474,0.0,0.08687046856714935,0.0,0.019412904078938358,0.0,0.0,0.0,0.0,0.0,0.0,0.0,0.02081280169313707,0.0,0.0344484205333827,0.048698834952682866,0.07847784785927928,0.04783135370117105,0.07549366172724754,0.029868273547197035,0.05160851767279637,0.0,0.06419084003101246,0.06713360595620288,0.0,0.0,0.06770002970412278,0.0,0.039350007032766005,0.0841145312417125,0.08258283070370646,0.07903765051678495,0.0,0.0,0.0336214676923762,0.07365406990121216,0.0,0.042444450261680165,0.0,0.08779542554568776,0.0,0.023800997418935294,0.06605420550939654,0.039767192898751164,0.0,0.03217187896235079,0.0465281601199038,0.0,0.03172311342919768,0.0,0.07245866160895333,0.0,0.029064603820891655,0.24319865760726894,0.0,0.06753443101072708,0.039110245132285074,0.05107938249138638,0.028455873555141738,0.0792910465979672,0.0,0.039023451497055016,0.06322633066896098,0.09233434492321033,0.06316953741898625,0.0,0.023969217632534217,0.10774022630789018,0.0,0.07939168609106276,0.12909289380351663,0.0,0.10917459806229043,0.11607996672357027
test,0.06596204775328955,0.0,0.02419437907874348,0.0,0.0,0.0,0.0,0.0,0.0,0.0,0.026331600382882094,0.03192452385653924,0.0,0.03304766793751407,0.0,0.0,0.0,0.0,0.030069145000990196,0.03564667525700969,0.0,0.0,0.11086586824317678,0.0,0.0,0.0,0.0,0.14019231054529835,0.0,0.10388632794046025,0.0,0.0,0.06800745148213762,0.0,0.030516645417316204,0.07074355313000551,0.0,0.0,0.03361748156697535,0.0,0.0,0.0,0.0,0.030345100191796193,0.032291665018723124,0.0,0.0,0.0,0.032954087689495065,0.0,0.0,0.04967127692185143,0.0,0.0,0.06399367610399617,0.0,0.0,0.0,0.0,0.03117529765482445,0.032287840428423385,0.0,0.0,0.0,0.0,0.0,0.0,0.0,0.0,0.0,0.0,0.0,0.0,0.0,0.0,0.17037003937312512,0.022351418668148167,0.0,0.068983382658062,0.0,0.0,0.0,0.0,0.0,0.0,0.0,0.0,0.031705905884766065,0.0,0.0,0.07551211907667388,0.0,0.0,0.0,0.03159983760663541,0.0,0.0,0.0,0.0,0.0,0.0,0.031526704922254845,0.0,0.0,0.0,0.0,0.0,0.0,0.0,0.042547132053228714,0.0,0.0,0.0,0.0,0.029146667828066217,0.0,0.0,0.0,0.0,0.057386972039025576,0.053452773362573425,0.0,0.031022213177528676,0.0,0.06304900127330348,0.0,0.0,0.0,0.07496819878756153,0.028830947177133377,0.03823710951367283,0.0,0.03371526772309248,0.0,0.0,0.0,0.0,0.03386967509953602,0.02425705282104411,0.03315876582279124,0.0,0.0,0.0,0.0,0.05192634584004993,0.0,0.0,0.0,0.0,0.041766345457161326,0.02671947848200895,0.0,0.0,0.033105242100892426,0.0,0.0,0.0,0.0,0.05277385436640317,0.0,0.0,0.0,0.037571750979721465,0.0,0.03892618469016921,0.02465012749827465,0.0,0.0,0.0,0.0,0.0,0.04975755370345234,0.0,0.0,0.0,0.0,0.0,0.0,0.0,0.0,0.0,0.02508126923499651,1.0000000000000004,0.0,0.0,0.030735312650997344,0.0,0.026779263625853714,0.0,0.0,0.03140903001436729,0.032793138361767206,0.0,0.0,0.0,0.03721543964474924,0.03727303252749127,0.05874519247872712,0.0,0.1829769768953529,0.0,0.024693582880433832,0.0,0.0,0.0,0.0,0.0,0.0,0.0,0.026474279247127468,0.544722988523738,0.043819045521583014,0.061945843455195534,0.0355694638105227,0.0,0.034216905050023824,0.08952662828227871,0.0,0.0,0.029093990517480503,0.0,0.0,0.0,0.030684502980383103,0.0,0.0,0.02881799180916587,0.028293224769431555,0.025134348340860497,0.0,0.0,0.0,0.03338312460538638,0.0,0.0,0.0,0.0,0.0,0.030275320993272636,0.029938546182003912,0.05058462503984178,0.03248698128911944,0.04092324138344688,0.02959235190992026,0.0,0.040352403097648044,0.0,0.029269995609867115,0.0,0.38793332832347216,0.0791865874180448,0.0,0.023898902177347667,0.024874487498652002,0.06497394516057432,0.036196411892406855,0.03593803970672194,0.0,0.0,0.02865683427805461,0.11745104131769604,0.0,0.0,0.03048930030156047,0.024830688852624475,0.0,0.03598365376094514,0.03040332145076802,0.0,0.033027952609155774,0.052612326766457156
dice,0.0,0.0,0.0,0.0,0.0,0.0,0.0,0.0,0.0,0.0,0.0,0.0,0.0,0.0,0.0,0.0,0.09338130288238246,0.0,0.0,0.0,0.0,0.0,0.0,0.0,0.0,0.0,0.0,0.0,0.0,0.0,0.0,0.0,0.03519052135928735,0.0,0.0,0.0,0.08305149627304786,0.04929698603999921,0.04773830022707985,0.0,0.0,0.0,0.03577322731000603,0.0,0.0,0.0,0.0,0.0,0.0,0.0,0.0,0.0,0.2588502867828544,0.07412525702295991,0.0,0.03466394892090815,0.0,0.13714259431346995,0.0,0.05238621912144178,0.04585015141557502,0.0,0.2000096786211116,0.16404220698349226,0.0,0.2894885939126335,0.0,0.06908857125611975,0.039213259253735644,0.0,0.0,0.0,0.0,0.3694411418092609,0.1495224431219747,0.0,0.0,0.0,0.0,0.41213924459924756,0.26848592459994003,0.0,0.0,0.0,0.0,0.0,0.0,0.0,0.0,0.08301981654763281,0.0,0.0,0.07090261359834373,0.0,0.0,0.0,0.0,0.0,0.0,0.14151621562637445,0.0,0.0,0.4019984770472783,0.24774221151402825,0.0,0.2962913930449761,0.0,0.0,0.16799863859669048,0.0,0.0,0.28981829873515497,0.3168959457886392,0.0,0.0,0.0,0.0,0.0,0.0,0.0,0.0,0.0,0.0,0.0,0.0,0.08061588011870159,0.2847074955073902,0.053242938412595184,0.0,0.0,0.0,0.0,0.0,0.0,0.0,0.0,0.030238511799561253,0.0,0.0,0.0,0.0,0.0,0.24769994665207612,0.0,0.07373769157778445,0.0,0.041726761937561786,0.0,0.0,0.0,0.0,0.0,0.046878346890508626,0.0,0.0,0.0,0.0,0.0,0.10763069715720025,0.0,0.088172207723708,0.0,0.0,0.17880791133237656,0.06541062296562697,0.0,0.0,0.0,0.25250640873232166,0.0,0.0,0.0,0.0,0.12971106336256394,0.050713568369965496,0.12848987243560017,0.0,0.040082247593671495,0.0,0.3880486079051549,0.0329223830566428,0.0421459605786658,0.0,1.0000000000000004,0.05824034445056369,0.0,0.0,0.07224749373589402,0.0,0.0,0.0,0.0,0.5038508626997957,0.07294260743814077,0.1823033249891063,0.0,0.0,0.0417103766363333,0.04271823632000927,0.0,0.0,0.0,0.11631407149390988,0.0,0.0,0.0,0.0,0.0,0.0,0.0,0.0,0.0,0.043982909112216986,0.0,0.0,0.0,0.0,0.19160947252265312,0.11681701739722088,0.0,0.42642599230685774,0.0,0.08319283481344429,0.0,0.0,0.0,0.0,0.0,0.07138375697284334,0.0,0.0,0.4897098245402541,0.0,0.6058168654482495,0.27040250299805124,0.0,0.42901039086926657,0.0,0.0,0.0,0.0,0.04613294018356907,0.0,0.0,0.050154780749161,0.0,0.03599579342914872,0.0,0.34047774878441384,0.0,0.0,0.0,0.0,0.07064572935599786,0.046132927816644756,0.0,0.0,0.0,0.0,0.0773129718546658,0.0,0.0,0.0,0.0,0.0,0.0,0.0,0.0,0.0,0.0,0.14194224313250678
lard,0.1285694269822957,0.0,0.0,0.09275047550966693,0.017993059705962787,0.0,0.0,0.0,0.0,0.025419210475896632,0.0233892957003278,0.0,0.0,0.020965300662899946,0.0,0.0,0.03733401184039834,0.0,0.0,0.022614099905900395,0.07132226801555426,0.0,0.0,0.02119491197921146,0.0,0.30644495496202884,0.0,0.027721485442743075,0.0,0.0,0.0,0.0,0.0,0.0,0.079818644251985,0.023163802744095477,0.06054820906361244,0.0,0.0,0.0,0.0,0.0219609685453588,0.0,0.0,0.0,0.0,0.0,0.0,0.06528802911771747,0.07228668721669836,0.0,0.03151124784192907,0.0,0.0,0.0,0.06635950001771289,0.0,0.018775248819141842,0.0,0.0,0.020483269307158034,0.0,0.0319713524710019,0.022457889675882612,0.0,0.031410259477766794,0.01640232966565857,0.022629695076431068,0.08899883695457739,0.01906763949002343,0.0,0.09092284889699959,0.0,0.030424844555577483,0.03683606143187722,0.0,0.0,0.0,0.0,0.02681093949732123,0.0,0.11968011710373759,0.0,0.024096726573136374,0.0,0.0,0.07062480697663957,0.027282699966779022,0.024560443515783834,0.0,0.0,0.0,0.028346991677015435,0.0,0.0,0.0,0.0,0.021793993790885324,0.0,0.05657843601152197,0.03632097141821124,0.0,0.030511559416384018,0.0,0.0,0.0,0.0,0.0,0.0,0.03779289668397052,0.0,0.2525243387772259,0.02906695766712326,0.0,0.0,0.0,0.0,0.0,0.0,0.0182030260835117,0.04029875402909838,0.09310454365746487,0.019680360736049854,0.04296843861677883,0.0,0.0,0.05466633599460579,0.023785950810167874,0.0,0.0,0.0,0.03708860245441342,0.0,0.10482240290371217,0.0,0.023907441566243713,0.01913437151035773,0.0,0.0424195754229686,0.0,0.025962576180894273,0.0,0.0,0.026130591641394866,0.0,0.0,0.0,0.0,0.0,0.2796375392259152,0.0,0.0,0.024005625291114285,0.08896269645466195,0.0,0.0,0.0,0.0,0.06830391343994895,0.0,0.03525140628308816,0.0,0.03337346689398605,0.0,0.03457655558208375,0.0,0.026604395851123588,0.3499769224157516,0.03185268237810585,0.09687998304350835,0.08978436207618355,0.09857874524176102,0.0,0.030256937390584025,0.0,0.049872834432431346,0.0,0.02118778264053094,0.04555331553238273,0.025243768665324115,0.06302550479794562,0.0,0.0,0.05824034445056369,1.0,0.0,0.0,0.23731217977563718,0.0,0.06656072708785352,0.027027240453056125,0.020803828177361088,0.03650618652411593,0.18399715220203944,0.02501266016775643,0.0,0.09749049683607514,0.15849438847815242,0.0,0.0,0.0,0.04318295834154849,0.027131899836470356,0.027714836683926127,0.0,0.14709539583508477,0.06918409377417031,0.0,0.023444735018811023,0.023516031565125113,0.1190573638256375,0.03770596797142426,0.0,0.0,0.058897817344747604,0.0,0.0,0.0,0.0,0.0,0.024288840391956997,0.09160218520940655,0.03326064409139234,0.0,0.03804757949583129,0.023842414853558924,0.0,0.0,0.06506154890731615,0.019928671393518043,0.0,0.02323029102258364,0.0,0.027378590602217038,0.0322365120356958,0.11083780729993761,0.026815555007857064,0.03461395337648736,0.0,0.0,0.0,0.0,0.036350460276450745,0.0,0.0,0.0,0.0,0.0,0.058655719103507566,0.0,0.0,0.05963106627986044,0.021228428269121788,0.015780269586066712,0.0,0.06430361761017285,0.0,0.0,0.0,0.030909864368395233,0.1043270099707601,0.0832253171231267,0.0,0.10816877647391288,0.0,0.0,0.03196282436141234,0.0,0.0,0.0,0.10202128469709003
unwrap,0.0,0.05735677567145067,0.023308214538554452,0.0,0.0,0.0,0.057982360570141264,0.0,0.0,0.0,0.05866798166826416,0.0,0.0,0.0,0.0,0.0,0.043773726338586755,0.0,0.1282180027514038,0.0,0.0,0.0,0.0,0.0,0.03567561663049838,0.0,0.0,0.0,0.0,0.0,0.06688438973065294,0.04075828583193518,0.0,0.12474896170387442,0.0,0.03297977692568265,0.0,0.0371015169045735,0.03134411529612152,0.0,0.0,0.0,0.0,0.0,0.03010795646408256,0.03803631064919547,0.08631239174898031,0.0,0.0,0.0,0.030702908687539436,0.0,0.0,0.0,0.02616273097937037,0.0,0.0,0.0,0.04369421813167205,0.06945995551812065,0.030104390509890642,0.12382663801406553,0.0,0.0,0.03682690958075558,0.0,0.0,0.0,0.0,0.0,0.0,0.042789736321197314,0.0,0.0,0.0,0.09780124590946408,0.02153275601174489,0.0,0.028202688021811223,0.0,0.0,0.4001644352049051,0.0,0.0,0.0,0.03578703833614874,0.0,0.07064217435231968,0.0,0.0,0.030871851366604502,0.0,0.0,0.059347213905581356,0.030442434249781568,0.0,0.043862197745976376,0.0,0.0,0.0,0.0,0.07697247931980865,0.0,0.0,0.0,0.0,0.07971425687844513,0.044470233755940475,0.10960553888180313,0.04098876349210136,0.0,0.0,0.0,0.0,0.02807911641830125,0.0,0.0,0.0,0.08460884959129072,0.0,0.381476357465712,0.03293126008875697,0.0,0.03631894926950874,0.06073971327542211,0.0,0.0,0.0,0.030649478765675284,0.027774959628732714,0.03683660361682544,0.03134903464918593,0.03248038276812236,0.03492789912682818,0.05791209307052975,0.0,0.26666894044188205,0.032629134684621974,0.023368592737421333,0.0,0.038157362492875824,0.0,0.0,0.03720378267721957,0.0484148512931941,0.052648581395070816,0.0,0.0,0.036897022749691116,0.038941916124762575,0.059532191396431275,0.0,0.0,0.07375995793864545,0.0,0.0,0.0,0.0,0.0,0.03609272558772048,0.0,0.0,0.03619561508788147,0.0,0.09503831603879537,0.023747270316901433,0.04570021115564114,0.0,0.0,0.0,0.049385734594839054,0.0,0.0,0.0,0.0,0.0,0.14186952734502345,0.0,0.0,0.029598046575717248,0.0,0.024162620678377208,0.030735312650997344,0.0,0.0,1.0000000000000002,0.0,0.05966539536702621,0.0,0.0,0.030258615343675493,0.0,0.0,0.03419281631186718,0.029327074354186453,0.03585235432425444,0.03475246135407901,0.0,0.12067530512769564,0.0,0.0,0.023789134064134812,0.0,0.0,0.0,0.06922542879156449,0.22393226808446953,0.0,0.0,0.0589858765500898,0.0,0.09763079045709275,0.0,0.03426666544401636,0.04978321086569286,0.03296364668651467,0.036601446171539494,0.0,0.0,0.028028368513077072,0.0,0.0,0.0,0.02956062547205598,0.1862853663798506,0.0,0.027762478775430807,0.027256932313375257,0.0,0.0,0.0,0.0,0.03216040501544675,0.0,0.044176483706834815,0.0,0.031440949114959364,0.0,0.029166430543149456,0.028841990741380413,0.048731868213837966,0.0,0.2621927187812103,0.0,0.0,0.038874420603442754,0.0,0.028197927088640166,0.0,0.0356166060474332,0.07487330608714643,0.0,0.023023560033204004,0.0,0.0,0.03487065037578631,0.16692095622493147,0.0996671947251949,0.0,0.02760722394134642,0.1131491765049941,0.0,0.0,0.06793152277721015,0.02392121827278244,0.0,0.24357519065675512,0.029289742743666178,0.0,0.031818241860141684,0.05068530155925792
slather,0.0,0.0,0.03276963932474725,0.0,0.0283214197477868,0.0,0.0,0.0,0.0,0.0,0.0,0.055153772530693784,0.041062224810474224,0.0,0.0,0.032650821141328404,0.04688057763238022,0.036106982456871425,0.0,0.03559502531085057,0.09711485535279046,0.0,0.0,0.07509822976583547,0.038207702540389,0.15274645498712935,0.0,0.0,0.0,0.0,0.0,0.0,0.0,0.0,0.13418591642536679,0.0,0.0,0.09896257368541928,0.0,0.0,0.0,0.0,0.0,0.06060226383524397,0.0,0.0,0.0,0.03847820739546693,0.0,0.0,0.03288205539397412,0.0,0.0,0.18441059509062563,0.0,0.0,0.0,0.028628789984429685,0.0,0.0,0.0,0.0,0.0,0.0,0.0,0.0,0.0,0.0,0.0,0.06756083596470648,0.07873512198613719,0.0,0.0,0.0,0.0,0.0,0.0,0.0,0.0,0.0,0.0,0.0,0.05104795112874472,0.0,0.0,0.0,0.02724399436381282,0.0,0.0,0.16098787641734058,0.0,0.042112485233200776,0.0,0.0,0.0,0.0,0.0,0.0,0.0,0.03552296727573588,0.0,0.07387819583044009,0.0,0.04054584673976518,0.0,0.0,0.0,0.0,0.0,0.0,0.0,0.0,0.0,0.0,0.03947717728714483,0.0,0.0,0.0,0.0,0.0,0.0,0.0,0.0,0.0,0.0,0.1002790615743801,0.0,0.0,0.0,0.03904955515951051,0.05178956167900941,0.0,0.0,0.0,0.0,0.0,0.0,0.2923637523821859,0.5727817248392066,0.06622144142358552,0.0,0.0,0.0,0.08576307652247847,0.0,0.0,0.17729056853694308,0.03297232665047593,0.0,0.0,0.0,0.0,0.1318925236803049,0.0,0.1323579536842472,0.0,0.0,0.0,0.026348694070057355,0.0,0.0,0.0,0.0,0.0,0.0,0.0,0.10429494999298254,0.0,0.0,0.0,0.0,0.0,0.0,0.0,0.10180633036249083,0.0,0.0,0.0,0.2164055063865019,0.0,0.031765986256607114,0.0679417433249872,0.0,0.0,0.0,0.0,1.0,0.09902395490374526,0.0,0.0,0.0,0.0,0.04584107164058019,0.0,0.0,0.050405779396164946,0.037219026084832824,0.029330037066498813,0.10265598474515608,0.19257646031685016,0.0,0.057865779385910365,0.0,0.0,0.0,0.0,0.0,0.0,0.0,0.0,0.0,0.0,0.030928043776762608,0.0,0.0,0.0,0.0,0.0,0.35786177652386175,0.0,0.0,0.0,0.0,0.0,0.0,0.14940821976722968,0.03903200799559145,0.03832124676606615,0.0501958602822986,0.0,0.0,0.0,0.0,0.0,0.0,0.25443712812846075,0.0,0.0,0.0,0.0,0.0,0.0,0.0,0.02954947432395049,0.0,0.0,0.0,0.0,0.0,0.0,0.0,0.0,0.0,0.024838445822092325,0.03243990085837911,0.0,0.0,0.0,0.0,0.0,0.0,0.0,0.06852316988166313,0.07144719069012932,0.03363147759391826,0.0,0.0,0.0,0.0,0.0,0.0
rub,0.1982194477858445,0.0,0.04785402933274887,0.0,0.023806758455317927,0.0,0.0,0.0,0.0,0.03153268180251875,0.08013118207938767,0.046361819154224555,0.03451657707863727,0.0,0.0,0.02744601856833596,0.2691513492504876,0.03035124007045279,0.04885431306840918,0.02992089299663617,0.08163396907344991,0.0,0.0,0.0,0.06320077242816224,0.1387908861518971,0.0,0.03438866759406457,0.08495261812285818,0.0,0.0,0.0,0.0,0.10869208881827264,0.0,0.0574696701896764,0.07511041351680403,0.03232605158075077,0.02730970516438703,0.0,0.0,0.0,0.0,0.05094177727738548,0.026232656636444862,0.0,0.022532222703606726,0.03234447274943177,0.0,0.04483603274625206,0.05439142271713322,0.0,0.0,0.0,0.02279523485003867,0.0,0.14483237431610316,0.04735593925824071,0.03807018329568331,0.060519522979359267,0.0262295496686236,0.021239271469575154,0.15142292624941128,0.027859145734568613,0.03208678992099109,0.0389646137273283,0.0,0.028072271355940127,0.044336028605928494,0.0,0.0,0.03728212048589418,0.0,0.0377422006545732,0.04569535332699769,0.08521290727984507,0.01876120006903497,0.0,0.02457262192415935,0.033259129932350556,0.0,0.19179337669175142,0.04291049859023643,0.029892132654297368,0.0,0.0,0.06670632989715182,0.061549574314250684,0.0,0.0603027773561653,0.026898227968331648,0.03539941757257066,0.03516461179852776,0.0,0.026524082622636513,0.0,0.0,0.0,0.0,0.10004620802116997,0.0,0.08856411625893411,0.037849770955230455,0.03408251381095967,0.0,0.0,0.0,0.03874631524905036,0.0,0.08259527028453992,0.0,0.0,0.036057733892002404,0.0,0.057649154485704034,0.0,0.0,0.0,0.02208750566467126,0.0,0.09402671820060185,0.057385126057584536,0.0,0.027074474088267447,0.05292169345505305,0.0,0.06781391498614898,0.0,0.026704477718543413,0.05702469104146674,0.07562912667903277,0.02336958098658848,0.028299719696782077,0.02603749609741173,0.0,0.0,0.023736301680157033,0.09514593582059304,0.09487100633880469,0.05566521292272021,0.03324599560990074,0.10655338757116035,0.0,0.06483030873999607,0.04218320733903054,0.0,0.0,0.027716273522589353,0.03214787858001626,0.10098779881072606,0.05186959591829893,0.0,0.03176203115054626,0.06426605712783509,0.0,0.0,0.0,0.0,0.06451420652659365,0.03144710530406136,0.04372957918854166,0.0,0.07293673574404952,0.0,0.07556605088230534,0.020690676533270225,0.0,0.0,0.03951344196696885,0.0,0.0,0.0,0.0,0.037533910817596466,0.0,0.061867547783939825,0.020911882984166796,0.026283570401933423,0.08001470182932661,0.05710342421676287,0.026702233455831316,0.0781638506181575,0.026779263625853714,0.07224749373589402,0.23731217977563718,0.05966539536702621,0.09902395490374526,1.0,0.0,0.0,0.026363923687475303,0.0,0.08381977896515475,0.06596809995644401,0.05658063830663708,0.07360836724078747,0.0615653661744982,0.048515897965595974,0.0,0.04637578659327076,0.0,0.09657830550399893,0.03365728314231019,0.03438041976920174,0.0,0.060315183003739975,0.0,0.0,0.0,0.0805653761991328,0.03669059297660889,0.08506439174179448,0.025997865723042527,0.02985608371465416,0.0371115982076479,0.02872078103487362,0.031890346691604086,0.0,0.08485191710191463,0.024420739685884162,0.030130450989340925,0.056816527825727436,0.04126002684761612,0.02575577452066772,0.047198248692095365,0.054579053946162324,0.05699906663685955,0.05596113062574824,0.08254885707422438,0.20349252876114526,0.0,0.028817314199810897,0.02802092739391509,0.033963304504668626,0.039989584940434926,0.19311219856718434,0.060658930666125294,0.02181030109430723,0.025412317792537772,0.02512963776644046,0.04245941990885787,0.0,0.07944286770625628,0.02483905128968268,0.0,0.033870758676278895,0.0,0.024568473787260906,0.036959051762622805,0.17043173553577032,0.0652361023625985,0.0,0.04639410906409182,0.020878998487999956,0.027268720668929155,0.11015134780248781,0.03016545674514873,0.0,0.0,0.062397672714753744,0.22800362879216934,0.0,0.05760002741716189,0.11924575600815127,0.04911258556537268,0.0,0.06985381774950979,0.025519758050700045,0.0,0.027722805248778203,0.11455859759251581
moist,0.0,0.0,0.04351378466997015,0.0,0.0,0.0,0.0,0.0,0.0,0.0,0.0,0.0,0.0,0.0,0.0,0.0,0.16498076368516915,0.0,0.0,0.0,0.0,0.0,0.0,0.0,0.0,0.0,0.24091917532278423,0.0,0.0,0.0,0.10784011011370837,0.2628642079183089,0.0,0.0,0.0,0.0,0.0,0.0,0.0,0.0,0.0,0.0,0.0,0.21326972220758084,0.2952386374410386,0.0,0.0,0.0,0.0,0.0,0.0,0.0,0.0,0.0,0.0,0.0,0.0,0.0,0.062138190897679864,0.05606902267502656,0.0,0.0,0.0,0.0,0.052372090302763755,0.0,0.06856472343407444,0.0,0.0,0.0,0.0,0.0,0.10309593084950024,0.0,0.0,0.0,0.0,0.33992885752228286,0.0,0.0,0.0,0.12966707230395774,0.3996172577385532,0.10436640202474187,0.0,0.0,0.0,0.0,0.3026301019191207,0.05505880081353418,0.0,0.3296679982905484,0.0,0.1544652885548033,0.0,0.0,0.0,0.045551430414320665,0.060272968813604264,0.12501139204108871,0.08119379294115478,0.0,0.0,0.0,0.0,0.0,0.2322638563691466,0.0,0.0,0.0,0.0553280155240106,0.0,0.0,0.0,0.0,0.04557280322692571,0.0452835764506599,0.0,0.0,0.0,0.0,0.0,0.0879890086755152,0.11711669955308047,0.0,0.0,0.0,0.09942960373063432,0.18007097485099807,0.0,0.0,0.08159334473063833,0.0,0.11263101907772698,0.0,0.0,0.0,0.0,0.0,0.11652228417563054,0.0,0.05082490002055129,0.0,0.10581609416359637,0.0,0.1697744073868086,0.05346147797853405,0.0,0.0,0.0,0.0,0.0,0.05017394152226325,0.0,0.0,0.0,0.0,0.0,0.0,0.0,0.0,0.0,0.0,0.0,0.0,0.0,0.0,0.05900440020688921,0.0,0.0,0.0,0.0,0.0,0.0,0.05427878290424802,0.0,0.09045903194873707,0.29581165263191905,0.0468494056768405,0.0,0.0,0.0,0.0,0.0,0.0,0.0,0.0,0.0,1.0,0.14019161417640097,0.0,0.11523744302250856,0.0,0.0,0.0,0.0,0.0,0.08331016264177615,0.0,0.0,0.0,0.0,0.0,0.0,0.0,0.0,0.0,0.0,0.0,0.0,0.0,0.0,0.21768214212677875,0.0,0.0,0.06153937795112352,0.0,0.05945698159622095,0.0,0.0,0.0,0.0,0.0,0.055186324519752486,0.0,0.0,0.0,0.05088559149334653,0.0,0.08070135562454135,0.06441418116648272,0.0,0.0,0.0,0.0,0.0567749329955298,0.0,0.41973580382294606,0.0,0.0,0.0,0.0,0.0,0.0,0.0,0.0,0.0,0.0,0.0,0.0,0.0,0.0,0.0,0.0,0.0,0.0,0.0,0.29040083802911276,0.0,0.051539546108618224,0.0,0.05570018869323237,0.0,0.0,0.0,0.0,0.0,0.05468061728531499,0.0,0.0,0.0
scald,0.026037252800926107,0.0,0.050955980074381,0.029351400006588618,0.022391117558642336,0.0,0.0,0.0,0.0684901488899054,0.0,0.0,0.0,0.0,0.057755411109273014,0.0,0.11399602440177165,0.03644907037330449,0.02854643927032731,0.15326692065804903,0.02767469276228872,0.0,0.0,0.13740185313330172,0.02729562407549184,0.04706274090679052,0.0,0.054619128615277485,0.0,0.0,0.05125655323643098,0.12550882015588116,0.0,0.0836475199901351,0.0,0.1389649584940576,0.028898716913989354,0.06707804225777701,0.0,0.11993323463995517,0.030390993448732778,0.031021067959013344,0.055157584619114366,0.08460020594524739,0.0,0.025069993252741736,0.0,0.021896929735540284,0.0,0.06437854179134725,0.034347736514412495,0.040502818819149605,0.0,0.0,0.0,0.18942177776490918,0.17989253816889886,0.0,0.02342364104064901,0.0,0.0,0.07913742968977128,0.0,0.031740228660697915,0.0,0.1278276829610582,0.031183191859663287,0.020411564113115118,0.0,0.07595500545524099,0.04911208124262718,0.0,0.05216150911129547,0.0,0.0,0.0,0.0,0.02393442637382642,0.028864833676106334,0.0,0.026617120781016666,0.0,0.02864724430859318,0.039689151820934084,0.0,0.042661175291803195,0.10241243450778365,0.0,0.0,0.060113179939345535,0.0644755490346936,0.0,0.03274193739454887,0.02814206870001628,0.0,0.0,0.03892297704207542,0.0,0.0,0.07058150011964733,0.055237337059072036,0.07016331911596801,0.0669588651517634,0.0,0.0,0.0,0.0,0.028395184981153114,0.0,0.0,0.0,0.03294205181781656,0.04714505023527406,0.0,0.0,0.0,0.08050099638049041,0.0,0.0,0.021464751433298995,0.11711077304913928,0.0,0.04014383753786293,0.10490589957731089,0.0,0.0,0.0,0.0,0.030632463688893222,0.14502121393274384,0.0,0.0,0.0,0.0,0.1459539632255813,0.04125797968338341,0.030788924164395354,0.0,0.035666600161150884,0.0,0.08115417220092631,0.03177249247653205,0.0,0.0,0.0,0.04242378852676084,0.07564917388617973,0.0,0.0,0.3504678995636899,0.06485153355800038,0.05722369572773672,0.0,0.029377614287662893,0.051036989689380426,0.0,0.0,0.0,0.42871201439033224,0.04311620240482167,0.0,0.0,0.0,0.040232717256617354,0.0,0.0,0.026395938015050812,0.0,0.0,0.0,0.05557905608468975,0.05150837085839757,0.11775420584499055,0.0,0.0,0.0,0.0,0.059955128363190724,0.050237300915911616,0.0,0.0,0.14486403502372222,0.0,0.0,0.0,0.06656072708785352,0.0,0.0,0.0,0.14019161417640097,1.0,0.0,0.05268089568739252,0.0,0.041681698765429695,0.0,0.0,0.04236391680363627,0.04799478149989891,0.0,0.0,0.0,0.0,0.0,0.0,0.0,0.23432288204024276,0.039690207483997916,0.0,0.14694383139500325,0.0,0.051333901476240465,0.0,0.0493510277965293,0.0593418103961962,0.0,0.03664026909518115,0.0,0.0,0.0,0.03115453136555354,0.0,0.0,0.0,0.0,0.0,0.0,0.03034690437047979,0.0,0.08966893284617951,0.0,0.0,0.02306235713925857,0.0,0.0,0.0,0.0,0.0,0.04168728381973362,0.032419527906300934,0.049947548845103946,0.027083604885202076,0.0665000421893626,0.0,0.07132821346234614,0.0,0.0,0.02745892812266008,0.03134300177039406,0.0,0.061679590226713016,0.035984961960575546,0.3007704037369142,0.026484180764950436,0.08874185711326846,0.05308366811969203,0.0,0.0,0.0355026634080029,0.19692321698889056,0.030177196771921155,0.0,0.04774551380727451,0.2168808135446959,0.17987642244000462,0.0,0.0,0.0,0.03255659381568347,0.0,0.03536711077443036,0.0
pat,0.0,0.05097012088454431,0.023819130078021607,0.1115646087174333,0.06922908239719149,0.10074327318518611,0.0,0.0,0.0,0.0,0.0259232035937384,0.030915796876257475,0.0,0.030503933119751997,0.22088577951304045,0.0,0.0,0.03501683866010474,0.0,0.03290289045621342,0.10377192907829068,0.0,0.0,0.030838011240019496,0.03705413369915827,0.046791331636157445,0.0,0.0,0.12259835059439397,0.0,0.0,0.0,0.0,0.0,0.07448702388797168,0.0,0.0,0.0,0.0,0.0,0.2007876801852125,0.03195260237493495,0.0,0.0,0.0,0.0,0.0,0.03731647145829815,0.0,0.0,0.0,0.09394979629271616,0.0,0.0,0.026736217455142618,0.0,0.0,0.0,0.0,0.030691776285910386,0.029802590817364003,0.0,0.038934539454165265,0.05205244327498888,0.0,0.03825124345339764,0.023864936409653478,0.10369417686553639,0.02548861201268161,0.02774288855224859,0.0,0.17172943768047888,0.0,0.05967474759079246,0.04485875561430496,0.09994504702437748,0.022004753540159502,0.056432649578250324,0.028820890310161246,0.0,0.0,0.0,0.0,0.0,0.13661501852564162,0.04984548621289182,0.042554423483813504,0.13798636577213402,0.035734766624295464,0.06302697091326134,0.03154856165555557,0.0,0.034520812557325815,0.0,0.09616716355322012,0.04613604679810754,0.0,0.031709658721273966,0.0,0.0,0.05284600973770575,0.2731628668130776,0.0,0.0,0.05481677849928538,0.0,0.0,0.04618857760167662,0.0,0.09777454697353424,0.040408770519983185,0.0,0.0,0.0,0.09035695283896489,0.0,0.0,0.0,0.0,0.02648489993807402,0.02233228436321967,0.03420373435584564,0.02863438103358064,0.08134896358451547,0.06207112642694689,0.061201950843545266,0.06657236716923709,0.03460790113957329,0.03132131465220576,0.02838378612030801,0.037644061141205824,0.1150857853293867,0.03319235202928672,0.029584375328720384,0.0,0.03478466683244806,0.0,0.10307491529980406,0.24219961669027573,0.05171810022451906,0.037774830906189355,0.0,0.05251698515424428,0.0,0.0,0.0,0.1240853103338117,0.031976824536558895,0.0,0.0,0.026305065796833147,0.04563687163555198,0.09236269086151677,0.032591787757774784,0.0,0.06446188198664524,0.041460308455619196,0.058514665558496305,0.0,0.11246207963377892,0.042928971177824404,0.0,0.036989022158096185,0.09365557367450886,0.12067422097779518,0.024267809949174123,0.038708660790645125,0.0410746572960683,0.14988563294027463,0.0,0.0,0.0,0.17689516549648082,0.07732842747665052,0.0,0.10320520734140248,0.0,0.049108614831401644,0.032613216572889105,0.0,0.0,0.07775389882563874,0.03140903001436729,0.0,0.027027240453056125,0.030258615343675493,0.0,0.026363923687475303,0.0,0.0,1.0000000000000002,0.030268995115343898,0.0,0.0,0.060920563497489276,0.036638237126235894,0.03440406426071287,0.027111737897304197,0.03997331207385623,0.0,0.04992113271077447,0.4610306627378808,0.0,0.2403317733600356,0.0,0.0,0.03381722816187271,0.0349768482155332,0.06989974152096806,0.02606366954311384,0.0,0.09800056411441821,0.0,0.03501778998133821,0.0864068831282095,0.033686209081921985,0.037403749049997985,0.0680616612473364,0.0,0.028642749721708726,0.0,0.0,0.0,0.03020859371883267,0.0281319650444891,0.03469005476240777,0.028371031686981893,0.02785440365782649,0.0,0.0,0.0,0.0,0.12489126233182808,0.0,0.0,0.0,0.0,0.02478134345915569,0.02980575804593332,0.029474206530992454,0.04980006967116244,0.0,0.040288531751698976,0.0,0.0,0.2570083355909594,0.0,0.1510000548848816,0.08605170944980427,0.03639732125247876,0.03308373498185859,0.0,0.023528235952303744,0.02295985618354844,0.0,0.03563501424925443,0.03538064935403054,0.0,0.04886868953286357,0.028212373670419507,0.11562940391403437,0.0,0.0,0.06818881135909516,0.02444557084034329,0.0,0.035425555945242986,0.02993177324711728,0.0,0.07589919573858815,0.11766659088786645
steam,0.14510491072507536,0.0,0.0,0.028649563574912367,0.04200693083833287,0.0,0.0,0.0,0.0,0.0,0.0,0.2739961777960202,0.0,0.11836863721106407,0.0,0.0,0.0496122265209521,0.027863850669100382,0.02278631240470827,0.052339473887720395,0.07987694437128323,0.0,0.11348433776331376,0.12099024773415218,0.0,0.03601695205395885,0.09978448132088358,0.17893262969255433,0.0,0.05003093141207489,0.14181708633731413,0.07904726791288415,0.051535852957209055,0.0,0.04480712869978974,0.27460885000443197,0.06547410466667541,0.0,0.0790926685224365,0.0,0.030279307237608123,0.05220096585358773,0.0,0.21539578427079142,0.058594260313811555,0.0,0.021373340979065042,0.0,0.05125219966316864,0.0,0.05617327324016848,0.07293158429718474,0.0,0.0,0.02791440798635721,0.026710973529585614,0.0,0.022863546304413458,0.0,0.0,0.3695667586042081,0.0,0.03098127171762835,0.07886397973016454,0.0,0.03043755451023024,0.03829318298902332,0.0,0.15895530216536494,0.06929242496251903,0.0,0.0,0.0,0.0,0.0,0.05217467324117496,0.023362117986606267,0.03928903130208321,0.030090946559575643,0.025980665107139058,0.0,0.038992862075294926,0.054022425548795244,0.0,0.04164108197321555,0.02530584779233091,0.11532581618870288,0.03055509545867999,0.06841749721194132,0.0,0.03293881877320426,0.044566305755301544,0.02746914921161117,0.0,0.0,0.037992269705754325,0.0,0.09701406384403988,0.0,0.0375928281643636,0.10916306100018652,0.032952297617342266,0.0,0.0,0.0,0.0,0.038649774465059634,0.0,0.0,0.0,0.032154357462701615,0.0,0.0,0.0,0.0,0.026485030985794338,0.0,0.0,0.0209514967146354,0.35722351068909675,0.02331640584642058,0.0,0.3326595114989602,0.05889785087930141,0.0,0.0,0.0,0.056538927391665474,0.06595492931746189,0.0,0.0,0.020438812714659853,0.0,0.11131696222479612,0.0,0.14349107615259857,0.0,0.0,0.023376608988464928,0.3331453767780088,0.029076630777981286,0.0,0.0,0.0,0.08075900840736532,0.08828278549889298,0.0,0.0,0.03155813724368112,0.03165041758116188,0.055855390488195614,0.0,0.026884955418944756,0.0,0.09078643011412814,0.0,0.0,0.10920758044370633,0.1808854086546606,0.0,0.0,0.0,0.03927069204794978,0.0,0.0,0.025764771156125094,0.029795432850906415,0.031616624505768645,0.0,0.0,0.0,0.037706132420578554,0.0,0.0,0.0,0.0,0.02720240762414547,0.03418995775907193,0.02510355265724993,0.0,0.0,0.0,0.032793138361767206,0.0,0.020803828177361088,0.0,0.0,0.0,0.11523744302250856,0.05268089568739252,0.030268995115343898,1.0,0.0,0.0,0.0,0.0,0.054727429658539065,0.2849284865434092,0.0,0.0,0.0,0.023797294575677398,0.0,0.0,0.0,0.05721304060905145,0.0,0.0,0.11367665651799617,0.0,0.034225977661719226,0.04222857166378962,0.3396194827029863,0.0,0.03245744995355824,0.03576414476340662,0.03905202794496776,0.0,0.0,0.030409579331945685,0.0,0.0,0.0,0.0,0.0,0.02670216887269276,0.0,0.0,0.3070485690368411,0.05191183873812313,0.0,0.0225109012483291,0.0,0.0,0.0,0.0,0.0,0.07581724097442513,0.03164432788935866,0.0,0.026435994869826562,0.05052572740511166,0.0,0.4412850438097627,0.0,0.0,0.026802343560188225,0.03059354312393707,0.03232403428718645,0.0,0.06966614992108763,0.07534660959104274,0.025850903888216474,0.26897557380901516,0.22270191865610772,0.0,0.0,0.0483240357313747,0.0249860361850003,0.0,0.0,0.0,0.08382676107423075,0.1590777923894996,0.0,0.0,0.0,0.03177811634523901,0.0,0.03452142958651248,0.05070268840433176
split,0.0,0.0,0.03481415486746812,0.0,0.03008840846232367,0.0,0.0,0.0,0.0,0.0,0.0,0.0,0.04362411925220869,0.0,0.0,0.034687923553243946,0.10833870854665723,0.03835971664482675,0.0,0.03781581821523321,0.0,0.0,0.0,0.0,0.04059150179192634,0.0,0.0,0.0,0.0,0.0,0.0,0.0,0.04411621355411115,0.0,0.0,0.0,0.14350109017073182,0.0,0.0,0.0,0.0,0.0,0.04484671651821037,0.06438327189295724,0.0,0.0,0.0,0.04087888359139501,0.0,0.0,0.034933584636129035,0.0,0.32450484076847946,0.09292632056203502,0.0,0.043456081755946833,0.0,0.11328799701964615,0.0,0.0,0.0,0.0,0.050125510672652064,0.0991280401721245,0.0,0.31366840595713386,0.0,0.0,0.0,0.0,0.0,0.0,0.0,0.35602421033106857,0.057752526800883455,0.0,0.0,0.0,0.0,0.2398989690541834,0.3365844530972816,0.0,0.054232860442896255,0.08058316421496824,0.0,0.0,0.02894376192520159,0.0,0.0,0.0,0.0,0.04473990599144088,0.04444314437847392,0.0,0.0,0.0,0.0,0.0,0.0,0.1264443950946687,0.0,0.0,0.27301138212472276,0.28136947818657176,0.0,0.3714424755564905,0.0,0.0,0.21060966222870497,0.0,0.0,0.36332755142642764,0.3401345446896314,0.0,0.04194017975557183,0.0,0.0,0.0,0.0,0.0,0.0,0.0,0.0,0.0,0.0,0.0,0.27121315771242194,0.0,0.0,0.04148587805183063,0.05502074047698517,0.0,0.0,0.0,0.11638136083207379,0.0,0.10189646549510464,0.0,0.0,0.07035303301390414,0.0,0.0,0.20305400124008444,0.0,0.0,0.0,0.05231030031537763,0.03502948796520724,0.0,0.0,0.0,0.0,0.04014275898351915,0.0,0.0,0.0,0.0,0.0,0.027992603361300217,0.0,0.05526806360386533,0.0,0.0,0.40354576695569794,0.0,0.0,0.0,0.0,0.04993945664151964,0.1070900300424368,0.0,0.0,0.0,0.04743760650942388,0.0,0.04287979932714616,0.056374221272400646,0.0,0.0,0.3749620867710906,0.07502067003277056,0.0721806654825035,0.0,0.5038508626997957,0.03650618652411593,0.0,0.04584107164058019,0.08381977896515475,0.0,0.0,0.0,0.0,1.0000000000000002,0.04572185239997082,0.03921549347427416,0.05355062326817523,0.03954114127692492,0.03115995396173149,0.05355325136867141,0.058612499152239164,0.0,0.0,0.042538092064007785,0.0,0.0,0.0,0.0,0.0,0.0,0.0,0.0,0.0,0.03285766117599318,0.0,0.0,0.0,0.0,0.05817670368920621,0.0,0.0,0.3821762256625072,0.0,0.052146895314939504,0.0,0.0,0.0,0.0414672361108526,0.040712130103329386,0.05332760718712043,0.0,0.0,0.36552032953341485,0.0,0.6166064840777478,0.5324752090489584,0.0,0.5064528547873319,0.0,0.0,0.0,0.0,0.0,0.0,0.03139308202850413,0.0,0.0,0.04512573410768458,0.0,0.5408669759460631,0.0,0.0,0.0,0.0,0.026388129907322633,0.03446384383962497,0.0,0.0,0.0,0.0,0.04846128225865665,0.0,0.0,0.0,0.0,0.03572976369295103,0.0,0.0,0.0,0.0,0.0,0.08897217302423686
pack,0.0,0.0,0.0,0.0,0.0,0.0,0.0,0.0,0.0,0.0,0.09742809044508711,0.0,0.0,0.0,0.0,0.0,0.08526506324395129,0.0,0.04932435432066138,0.0,0.0,0.0,0.0,0.0,0.1387706482084339,0.0,0.0,0.0,0.0,0.0,0.0,0.0,0.0,0.10973784634364218,0.03786068003236409,0.029011301122562824,0.04158622911263061,0.03263706972451443,0.027572459611392187,0.0746763737099796,0.0,0.0,0.0,0.0,0.026485048492984338,0.0,0.022749011631961902,0.0,0.04088470907298589,0.0,0.22618644199589408,0.0,0.0,0.0,0.0,0.04155568622788664,0.0,0.0,0.038436467365724716,0.10322822040118135,0.026481911632141277,0.07131942134383686,0.04004223935416906,0.0,0.03239550606022115,0.039339503367149274,0.0,0.0,0.0,0.0,0.0,0.09457858379555938,0.0,0.0381053291102653,0.12122382955692432,0.0,0.0,0.0,0.0,0.033579125488532674,0.0,0.0,0.0,0.0,0.0,0.0,0.0,0.03527259436822341,0.0,0.0,0.0,0.06836356735133788,0.035502940538133576,0.0,0.0,0.0,0.0,0.0,0.0,0.07086116482287512,0.0,0.0,0.03821393437540471,0.0,0.0,0.0,0.0,0.03911910457707386,0.0,0.0,0.0,0.051461962431436276,0.03640465561349383,0.0,0.0,0.0,0.0,0.0,0.022300015843807582,0.0,0.025235910116275646,0.07278829480084795,0.0,0.0,0.0,0.0,0.06846637196524069,0.0,0.0,0.0,0.16204948583579948,0.0,0.0,0.03976481813129508,0.0,0.0,0.0,0.0,0.0,0.0,0.03356586479702792,0.0,0.0,0.03272702979705986,0.042589063984151874,0.0,0.0,0.0535258335198661,0.032457182470623486,0.034256012632556246,0.1576120570178013,0.0,0.0,0.42110969106121887,0.0,0.0,0.0,0.0,0.0,0.03174966685550779,0.04415031391739686,0.0,0.0,0.0,0.0,0.0,0.0,0.12489171409938662,0.039893612039505574,0.18642564731201816,0.056224817510875526,0.1896945665715954,0.0,0.03789503525747799,0.0,0.03425407871311927,0.02111308216285682,0.0,0.0,0.057652832515456,0.03946786972533702,0.05514682783555171,0.0,0.07294260743814077,0.18399715220203944,0.03419281631186718,0.0,0.06596809995644401,0.0,0.041681698765429695,0.0,0.0,0.04572185239997082,1.0000000000000002,0.05712501673327959,0.08182653850905233,0.07681371424227393,0.0,0.0,0.0,0.0,0.0,0.03398110944385835,0.0,0.0,0.15300966027460927,0.04332450503805341,0.0,0.0,0.02945244701315028,0.05603437255970466,0.048748375898893456,0.0,0.0,0.0,0.08853800474589664,0.0,0.0,0.0,0.0,0.030420344634844082,0.0,0.041657001310449256,0.0,0.0,0.0,0.0,0.07321017681904306,0.0,0.0,0.0,0.029094573782481876,0.0,0.03429007512485202,0.04037433612005192,0.0,0.06124254750443106,0.0,0.0,0.0,0.0,0.0,0.0,0.0,0.0,0.0,0.0,0.0,0.0,0.0,0.03738525574606732,0.03734220238396542,0.11438676786731314,0.0,0.0,0.0,0.0,0.0,0.0,0.23431194818767156,0.0,0.2514647132706721,0.0,0.08522723501937232,0.0,0.0,0.0,0.06684856009340125,0.0,0.0,0.07107448882392688
mound,0.0,0.15400163803641273,0.0,0.1087836154273712,0.0,0.09823202548784069,0.0,0.0,0.0,0.0,0.025125132484001243,0.09340930093003505,0.0,0.0,0.11852845632185002,0.023002128876944167,0.07313158491428225,0.10580022999608249,0.04230534839366914,0.025076286934233073,0.0,0.05502777687262363,0.0,0.0,0.13887262186972066,0.0,0.0,0.0,0.04299666414614631,0.0,0.0,0.053961790271298736,0.0,0.09412181640245065,0.0,0.024882904566062406,0.09591126275027606,0.07033617220103426,0.02364881458654393,0.0,0.0,0.0,0.0,0.0,0.022716145383976722,0.0,0.01951175795318298,0.11274836375872838,0.0,0.0,0.023165030754881567,0.07102770918746507,0.0,0.0,0.053146047959151996,0.0,0.0,0.06101662722173993,0.03296684093131125,0.07474384186686682,0.022713454907990652,0.018392127996762615,0.19476365508250965,0.07298463502349065,0.02778552682833171,0.14931406546376777,0.0,0.10110937140261443,0.0,0.0,0.0,0.1665653864818895,0.0,0.12859606845399948,0.22439857587580642,0.0,0.0,0.0,0.027933611088275294,0.1390459384898763,0.0,0.0,0.0,0.0,0.15811296515946233,0.0,0.0,0.03025319670269238,0.0,0.0,0.030577308410561492,0.0,0.18618276815307855,0.0,0.0,0.13939591776772922,0.0,0.0,0.0,0.0607774051318336,0.0,0.0,0.15823796157029935,0.0,0.10141327791584627,0.0,0.0,0.10175495620797201,0.0,0.08252388751576017,0.12209146737578025,0.0,0.03122416218300632,0.0,0.0,0.0,0.0,0.0,0.01912665563391751,0.0,0.021644763204799824,0.12818980754742693,0.0,0.0,0.0,0.10805619503980526,0.43288895173770303,0.0,0.0,0.0,0.0,0.0,0.0,0.0,0.0,0.0,0.0,0.0,0.0,0.0,0.028789339950431612,0.0,0.07363598618738255,0.028069873727158884,0.03652851039663955,0.0,0.0,0.27359293579087485,0.027838426497585948,0.029381277645861965,0.02549523868668159,0.13788770488993793,0.04026597613940262,0.03158841777959632,0.0,0.0,0.12526859471499513,0.0,0.028078525930134355,0.4002381757330081,0.2954881766910174,0.0,0.0,0.0,0.056184203546022694,0.0,0.0,0.0,0.15141719873939877,0.0,0.0,0.0,0.11349419593528613,0.032502456261985696,0.043560224909348084,0.13001220944854988,0.018108626232734487,0.034428492732263526,0.0,0.08322850701769421,0.0,0.03620111108005728,0.0,0.1823033249891063,0.02501266016775643,0.029327074354186453,0.0,0.05658063830663708,0.0,0.0,0.060920563497489276,0.0,0.03921549347427416,0.05712501673327959,1.0000000000000002,0.0,0.026220376846633885,0.0,0.12077576882854221,0.0,0.15083221457345278,0.0,0.02914549401863415,0.30592472248240415,0.0,0.052229878390227864,0.10217571472071396,0.10567940246295239,0.13412849113483655,0.025261274052105938,0.0,0.04181133345651019,0.0,0.0,0.13366678880181437,0.0,0.0,0.04771587261511082,0.0,0.02776095473160769,0.05859345169210126,0.0,0.035729083081699364,0.0,0.08499820331695802,0.0,0.0,0.0,0.0,0.0,0.0,0.056039848459621684,0.0,0.029410492941704683,0.03462894505658869,0.0,0.052527546368822856,0.0,0.0,0.0,0.0,0.08706005231289772,0.0,0.0,0.0,0.0,0.0,0.0,0.06505661571465056,0.0,0.0320652199285108,0.0,0.0,0.0,0.0,0.0345379555749835,0.0,0.0,0.0,0.033203840221129675,0.0,0.0,0.0,0.029092333860542927,0.0,0.0,0.0,0.0,0.0,0.06406060560283981,0.06096037247746889
replace,0.0,0.0,0.06650327526824219,0.0,0.033084516243966106,0.0,0.0,0.1408621136282199,0.0,0.0,0.030715479538846624,0.0,0.04796806995742808,0.0,0.0,0.038142036382675604,0.05476495338219063,0.04217945492327634,0.0,0.04158139682221434,0.0,0.0,0.0,0.0,0.04463347411956308,0.0,0.0,0.0,0.0,0.0,0.0,0.0,0.0,0.0,0.0,0.0,0.0,0.0,0.0,0.0,0.1209926658119404,0.0,0.0,0.11793733702086816,0.0,0.0,0.0,0.04494947248234279,0.0,0.0,0.18536189999971514,0.0,0.0,0.0,0.03167879067184223,0.0,0.08094274773127735,0.03344358000834246,0.0,0.47630495480288093,0.0,0.0,0.0,0.0,0.0,0.0,0.0,0.0,0.0,0.0,0.0,0.0,0.0,0.0,0.10335734687491759,0.11842132226388243,0.02607264779895447,0.0,0.03414884520009429,0.0,0.0,0.0,0.13905441209971647,0.0,0.0,0.0,0.031825889454236256,0.036984539082448885,0.17935473527130208,0.0,0.037380765710813675,0.14329520566920065,0.0,0.0,0.2211982207514849,0.0,0.0,0.0,0.0,0.04149722006644111,0.0,0.036775503421216035,0.0,0.04736484742054463,0.0,0.0,0.0,0.0,0.07812785809661561,0.13928799955040955,0.0,0.0,0.0,0.0,0.08011566932192474,0.0,0.0,0.0,0.0,0.0,0.026460727391728108,0.0,0.0,0.0,0.0735458642997567,0.0,0.0,0.0,0.037111508839979185,0.07924784554812506,0.10510263607813863,0.0,0.3420265360793524,0.0,0.0,0.0,0.0,0.03950854856446497,0.028295545988988296,0.07735856372979588,0.0,0.0,0.0,0.0,0.0,0.0,0.0,0.21386883381631713,0.0,0.0,0.11203376073756334,0.0,0.04414004693305366,0.13880902560234515,0.0,0.0,0.0,0.0,0.03078001755318881,0.0,0.0,0.0,0.04382697335808352,0.0,0.2079850127137412,0.028754062639330686,0.0,0.0,0.0,0.15057161717201958,0.0,0.0,0.0,0.0,0.0,0.0,0.0,0.0,0.0,0.04931746022846449,0.03710838996319916,0.23738542125729611,0.03721543964474924,0.0,0.0,0.03585235432425444,0.050405779396164946,0.07360836724078747,0.0,0.0,0.036638237126235894,0.0,0.05355062326817523,0.08182653850905233,0.0,1.0,0.04347852205341777,0.03426276282771941,0.0,0.06444894493937445,0.0,0.028804752794207515,0.0,0.0,0.0,0.0,0.0,0.0,0.0,0.030881912633365396,0.0,0.05111436359959886,0.03612952231345532,0.1164449686773289,0.0709718810525273,0.11201705086165621,0.044318368463490014,0.0,0.0,0.09524599056520713,0.047451865682452424,0.0,0.0,0.10045290554458908,0.0,0.058387308793169425,0.07921223502886598,0.19593856433223195,0.05863780028257017,0.0,0.0,0.0,0.10928747533932703,0.0,0.06297882544014481,0.0,0.0,0.0,0.035315779860665496,0.09801084129294273,0.059006326725266324,0.0,0.04773644461783994,0.034519105044082295,0.0,0.047070568961499554,0.0,0.034143080488243396,0.0,0.043125888054568066,0.03919973784217607,0.0,0.10020719117815985,0.0290157757483222,0.037895643525623905,0.0422226576696664,0.1176515881787295,0.0,0.0,0.09381485725158131,0.1370051574516209,0.09373058776159413,0.0,0.0355653840233401,0.34350840672842015,0.0,0.11780091646614928,0.1915472758933312,0.0,0.038526689902069776,0.17223877129542448
foil,0.05681445493186506,0.0,0.028266113591172277,0.0,0.04733330332306564,0.0,0.0,0.0,0.0,0.0,0.029773177682884833,0.027497242484836985,0.03541905052102886,0.05515220600348762,0.0,0.028163624569674944,0.07957444346542573,0.031144806247215665,0.07603082910466706,0.09019281425832643,0.35211126397276904,0.0,0.09549102990772348,0.026979858154571244,0.06485322535027867,0.04093725372175563,0.0,0.0,0.0,0.0,0.0,0.0,0.16655858370992166,0.11153396167643821,0.15150983034136803,0.09041900148561263,0.0,0.03317125135193735,0.05697916853851136,0.0,0.0,0.02795500244926353,0.0,0.07841055816056391,0.21144557554168353,0.0,0.023121352168609305,0.03319015416210542,0.06993790929885993,0.0,0.05581354561142472,0.08289482036765775,0.0,0.0,0.03172781529425672,0.04223584177755032,0.0,0.02469434044294127,0.03906556963694942,0.03524995301832533,0.08079950371419317,0.02179459531855844,0.0,0.0,0.03292573393590081,0.0,0.020879186864188538,0.0,0.022299723912371717,0.02427196721967575,0.0,0.2418653739647736,0.0,0.0,0.0,0.05930229279600866,0.0,0.0,0.034201692363963886,0.0,0.0,0.0,0.04403244023842604,0.0,0.0,0.0,0.023499857039416167,0.07057916146939949,0.11004819086358471,0.0,0.03743861444448285,0.03632497383971129,0.0,0.0,0.0,0.0,0.0,0.0277424535509474,0.0,0.03064105216907786,0.04623442918096202,0.0,0.0,0.03497363819720052,0.0,0.0,0.0,0.03975937979548947,0.0,0.0,0.0,0.05230425725367498,0.0,0.0,0.03405183579834498,0.0,0.0,0.0,0.022665007519088242,0.07259993355124754,0.36179614605524335,0.07397964470150559,0.05177198872508012,0.026913892585568148,0.0,0.0,0.0,0.03027809596753106,0.24659544046116239,0.03368298170404061,0.04467213138200121,0.023230973587602823,0.0,0.06629872697359127,0.0,0.030432746450120122,0.0,0.0,0.02657010431869331,0.08568096067065882,0.06716405849363069,0.0,0.0,0.033262683830503334,0.08801135222799608,0.0,0.0,0.02844094563359306,0.03298841982434638,0.2734857105801682,0.030211751996511094,0.0,0.06315021246706679,0.09405424581776962,0.0,0.0,0.0,0.0,0.06818279311980492,0.032269324069043474,0.0,0.0,0.0,0.0,0.0,0.0,0.033865808315476795,0.03593579426929501,0.0,0.06166121857677014,0.05714506754474903,0.10559962426010414,0.0,0.0,0.0,0.0,0.021458646905184082,0.0,0.028532967001418857,0.02646264423674921,0.06751424568393657,0.05860452156261782,0.03727303252749127,0.0,0.09749049683607514,0.03475246135407901,0.037219026084832824,0.0615653661744982,0.0,0.04236391680363627,0.03440406426071287,0.054727429658539065,0.03954114127692492,0.07681371424227393,0.026220376846633885,0.04347852205341777,1.0,0.09961742580542556,0.0,0.047588331964588886,0.0,0.027048260065881524,0.0,0.0,0.0,0.15551401958219524,0.044033611425479374,0.0,0.02984374862700249,0.0299345048758773,0.0958531185510755,0.3738503755645534,0.08003282458039049,0.0,0.036891485484928786,0.0,0.044386953508369256,0.0,0.0,0.0,0.0,0.0,0.0,0.0,0.0,0.2050655044814612,0.11321302887461504,0.03305476460422787,0.06494617812933505,0.0,0.0,0.0,0.0,0.0,0.0,0.0,0.02811032305008604,0.02168094194544141,0.0,0.0,0.0,0.027981698524982085,0.0,0.05097699059320698,0.0,0.0,0.0,0.0,0.03673984380862768,0.0,0.07725755402432025,0.03795339446123821,0.10294167960959295,0.06293714672017871,0.0839450730716625,0.0,0.0,0.0,0.0,0.0,0.0,0.05297043113586704,0.0,0.1200188100896858,0.029009509579519636,0.0,0.0,0.0,0.0,0.0,0.05762921905422868
roast,0.16409227796151002,0.0,0.022274794549038305,0.0,0.03730048007653508,0.0,0.0,0.0,0.0,0.025498680606180473,0.023462419544135412,0.07355468267560829,0.027911586463174824,0.09717327320837846,0.0,0.0221940292223859,0.031866546493018635,0.0245433160872528,0.04081909737726179,0.09527075708170907,0.0715452485812453,0.0,0.31748704079043033,0.10061153082611315,0.094527380305265,0.04891071164443732,0.048970097349730096,0.10794253739032937,0.0,0.08962474598402385,0.0,0.0,0.09232064245050423,0.0,0.06084673892610498,0.3008834427488595,0.08707955882913801,0.0,0.27072741433388947,0.0,0.0,0.0714824899639131,0.0,0.13983132374329302,0.043836185526052396,0.07845963904117138,0.0,0.026155129626405274,0.1596908753785884,0.0,0.022351208110421263,0.09903890737856723,0.0,0.0,0.05000549968709679,0.12314220476822484,0.0,0.07925149923867988,0.0,0.0,0.46616593651710425,0.0,0.0,0.022528101589826,0.0,0.0,0.01645360959336224,0.022700444119471284,0.20610817143488963,0.10500227749393724,0.0,0.0,0.0,0.0,0.0,0.09346501662192067,0.0,0.0,0.21909488590789145,0.0,0.0,0.024239726213011802,0.03469927185568457,0.0803939558172906,0.0,0.0,0.07016708322212341,0.027367996074732916,0.02463722881357579,0.0,0.05900616243274126,0.02862548919818457,0.0,0.08321002607459074,0.0,0.06805884730966558,0.0,0.05437849139630298,0.0,0.024146338322426155,0.3315551266747012,0.0,0.0,0.07381021327836992,0.0,0.0,0.05588320796259179,0.0,0.0,0.037911051668608094,0.0,0.08543912830221631,0.0,0.0,0.026834168198581317,0.0,0.0,0.0,0.0,0.3453766357179867,0.08219344300555413,0.023202038603181416,0.6189947845771685,0.043102774316080214,0.0,0.0,0.06572668996916288,0.1726651538118909,0.058581135969144896,0.026543496856633292,0.03520337330394403,0.08115866592410755,0.0,0.041451897251400124,0.0,0.07781821864059019,0.019194192841089832,0.0,0.04255219516694708,0.15279679715634212,0.026043745079257826,0.0,0.0,0.026212285820059644,0.3439916783027323,0.0,0.0,0.022412568983891205,0.056532827879979375,0.14272786775316143,0.0,0.0,0.04976481835378104,0.0,0.0,0.0,0.0,0.15632225920074772,0.3967840302551552,0.0,0.0,0.0,0.03347780505840714,0.0,0.03468465505981852,0.0,0.026687571322148402,0.028318800592206102,0.0,0.0,0.0,0.06754626477768723,0.0,0.04333862604450996,0.0,0.022593400255541296,0.0,0.021254023716289972,0.04569573254111131,0.0,0.021592572640222532,0.046182637497773474,0.05874519247872712,0.0417103766363333,0.15849438847815242,0.0,0.029330037066498813,0.048515897965595974,0.08331016264177615,0.04799478149989891,0.027111737897304197,0.2849284865434092,0.03115995396173149,0.0,0.0,0.03426276282771941,0.09961742580542556,1.0,0.0,0.03750145254399962,0.09857395649607364,0.04331796471118765,0.03886246799240884,0.027801483815793396,0.0,0.0,0.0,0.0,0.12910620496601377,0.023589551633500624,0.09098155084517422,0.037823851183808405,0.2592078571215698,0.0,0.0590819543470459,0.0,0.06995728414290545,0.0,0.0,0.0,0.0,0.0,0.0,0.0,0.03816653071590894,0.023916955320364152,0.02653156936889557,0.026048437400178977,0.3846787075109042,0.019990976008113705,0.0,0.0,0.0,0.0,0.0,0.0,0.0,0.034722169773966596,0.0,0.0,0.0,0.21521351128879887,0.036464105655672346,0.3074915565338838,0.04022932221375114,0.0,0.0,0.0,0.0588390992145251,0.0,0.06187744029457355,0.10499498773207006,0.06760376227325565,0.35610355171393976,0.4481660359584788,0.06450465520235331,0.0,0.06987109694027971,0.04475965333893049,0.0,0.10465317592632199,0.0,0.03754153658494627,0.1444762383323986,0.022860619439878205,0.0,0.032062752320176025,0.0,0.0,0.0,0.045414061268591585
unfold,0.0,0.15271354965168624,0.0,0.10787373606980605,0.0,0.19459138040401622,0.0,0.0,0.0,0.0,0.0,0.09262801420420846,0.0,0.0,0.11753706993275437,0.030185908441212755,0.0,0.10491530403622273,0.0,0.03290784542125824,0.0,0.0,0.0,0.0,0.11101932246314344,0.0,0.0,0.0,0.05642492371625964,0.0,0.0,0.0,0.13809525120814792,0.0,0.0,0.19010451204910817,0.0,0.0,0.0,0.0,0.0,0.0,0.04032369151302267,0.0,0.0,0.0,0.0,0.11180532276509819,0.0,0.0,0.0,0.0466051628914867,0.20111984049059198,0.1761569154284376,0.0,0.03907330951152138,0.0,0.0,0.0,0.0,0.0,0.15136018214105498,0.11665327884090153,0.0,0.0,0.1606837405237238,0.0,0.10026368035314709,0.0,0.0,0.0,0.41788039836855007,0.0,0.15538125490975918,0.13440305190438173,0.0,0.0,0.0,0.03665753858062648,0.03933067567552663,0.06690498599630257,0.0,0.0,0.0,0.15679048913587346,0.0,0.0,0.0,0.0,0.0,0.040126887254557236,0.0,0.10342914105366187,0.0,0.0,0.13822999339936343,0.0,0.0,0.0,0.0,0.0,0.0,0.04475935085677474,0.04736717194211713,0.0,0.049468565371413045,0.0,0.04475146705546333,0.05866496035418392,0.05414843395779229,0.12107027952994856,0.04838782291133051,0.04264017249354915,0.0,0.0,0.0,0.0,0.0,0.0,0.0,0.08906406321376124,0.10247913079618387,0.0,0.0,0.12377387458275095,0.09579086364490097,0.1319805393450108,0.0,0.0,0.0,0.0,0.0,0.0,0.0,0.0,0.2025388678054418,0.03408494321890127,0.10913948956517851,0.07816438614967976,0.0,0.0,0.0,0.040362307243984756,0.0,0.0,0.0,0.04703453400015012,0.1913883553148373,0.0,0.0,0.0,0.13673439539706533,0.0,0.0,0.0,0.0,0.1242208329906345,0.0,0.0,0.18495928588251465,0.12862115015011522,0.0,0.0,0.04455779505591048,0.0,0.0,0.0,0.0,0.1162202894811541,0.0,0.0,0.0,0.22482476712877036,0.0,0.0,0.09979088732318006,0.0,0.0,0.0,0.03703169291412126,0.037110211129268246,0.0,0.0,0.04271823632000927,0.0,0.12067530512769564,0.10265598474515608,0.0,0.0,0.0,0.03997331207385623,0.0,0.05355325136867141,0.0,0.12077576882854221,0.0,0.0,0.0,1.0000000000000002,0.0,0.14957063563109957,0.0,0.0,0.20221186743160707,0.0,0.0,0.10132110464636035,0.10479548711923911,0.14134328752486935,0.0,0.0,0.0,0.0,0.0,0.13254878356320388,0.0,0.0,0.05230928003069092,0.0,0.036430960032091106,0.03563084777712242,0.0,0.0,0.0,0.08428726803204042,0.0,0.0,0.0,0.0,0.0,0.0,0.0340779942511385,0.0,0.04016339925486044,0.16463353444156642,0.10172205860647245,0.1369484264943822,0.0,0.0,0.0,0.0,0.0,0.16067592013258875,0.0,0.0,0.0,0.04057456872496072,0.0,0.09575979935263826,0.0,0.0,0.0,0.0,0.0,0.0,0.04532448149954151,0.0,0.0,0.0,0.0,0.0,0.0,0.0,0.0,0.0,0.0,0.0,0.0,0.0,0.042033665356822805,0.0
yield,0.0,0.0,0.04189933586632491,0.0,0.036211832131076975,0.0,0.0,0.0,0.0,0.0,0.0,0.0,0.05250225465415217,0.0,0.0,0.04174741466497274,0.05994161389329139,0.04616647043586665,0.0,0.04551188085684454,0.0,0.0,0.0,0.0,0.048852455944226096,0.0,0.0,0.0,0.0,0.13263683487428646,0.0,0.0,0.0,0.0,0.0,0.0,0.0,0.12653377328782334,0.0,0.0,0.0,0.0,0.0,0.07748619328791186,0.0,0.0,0.0,0.04919832407124642,0.0,0.0,0.04204307130981365,0.0,0.0,0.0,0.0,0.0,0.0,0.0366048364193691,0.0,0.0,0.0,0.0,0.0,0.0,0.0,0.0,0.0,0.0,0.0,0.0,0.0,0.0,0.0,0.0,0.0,0.0,0.0,0.0,0.0,0.0,0.0,0.0,0.06527002718689555,0.0,0.0,0.0,0.034834233568375124,0.0,0.0,0.0,0.0,0.05384512003520919,0.0,0.0,0.0,0.0,0.0,0.0,0.0,0.045419747288170866,0.0,0.0,0.0,0.051842012470702074,0.0,0.0,0.0,0.0,0.0,0.0,0.0,0.0,0.0,0.0,0.050475609261875574,0.0,0.0,0.0,0.0,0.0,0.0,0.0,0.0,0.0,0.0,0.0,0.0,0.0,0.0,0.04992885063044651,0.0662182521343726,0.0,0.0,0.0,0.0,0.0,0.0,0.0,0.0,0.08467088661740622,0.0,0.0,0.0,0.0,0.0,0.0,0.0,0.04215849234505185,0.0,0.0,0.0,0.0,0.1686380827440166,0.0,0.1692331826126537,0.0,0.0,0.0,0.033689500562999915,0.0,0.0,0.0,0.0,0.0,0.0,0.0,0.13335176184308647,0.0,0.0,0.0,0.0,0.0,0.0,0.0,0.3228655237927084,0.0,0.0,0.0,0.0,0.0,0.040616062755549055,0.08687046856714935,0.1829769768953529,0.0,0.0,0.0,0.19257646031685016,0.04637578659327076,0.0,0.0,0.0,0.0,0.058612499152239164,0.0,0.0,0.06444894493937445,0.047588331964588886,0.03750145254399962,0.0,1.0,0.0,0.0,0.0,0.0,0.25498909342881215,0.0,0.0,0.0,0.0,0.0,0.0,0.0,0.03954466758236044,0.0,0.0,0.0,0.0,0.0,0.0,0.0,0.0,0.0,0.0,0.0,0.0,0.0,0.049906414786485574,0.04899763385113507,0.0641805418797776,0.0,0.0,0.0,0.0,0.0,0.0,0.0,0.0,0.0,0.0,0.0,0.0,0.0,0.0,0.037782025523776346,0.0,0.0,0.0,0.0,0.0,0.0,0.0,0.0,0.0,0.03175849369545626,0.04147773150829428,0.0,0.0,0.0,0.0,0.0,0.0,0.0,0.0,0.0,0.04300128425045552,0.0,0.0,0.0,0.0,0.0,0.0
smooth,0.0,0.19071808122403155,0.0,0.134719361868188,0.0,0.12165210483905019,0.0,0.0,0.0,0.0,0.0,0.11567956593839751,0.0,0.0,0.14678752803138845,0.037698020581953165,0.20619719736344239,0.13102468983572182,0.0,0.04109734303389696,0.0,0.09379282721005275,0.0,0.0,0.13864776378556892,0.0,0.0,0.10409903267472286,0.14561947245956244,0.10181744742589846,0.0,0.0,0.05518499390413557,0.0,0.0,0.0,0.16472870764710165,0.0,0.05455815428793692,0.0,0.0,0.0,0.0,0.0,0.0,0.0,0.0,0.1396293693456009,0.0,0.0,0.0,0.05820339624133436,0.0,0.0,0.0,0.0,0.0,0.04652937409151202,0.0,0.0,0.0,0.0,0.14568379531333225,0.0,0.0,0.14312706403797104,0.0,0.1252154558454447,0.0,0.04877880421291698,0.0,0.16629568916368484,0.0,0.0,0.16785080451814754,0.0,0.0,0.0,0.17904108829493987,0.08291120561963426,0.0,0.059884381385933466,0.0,0.09048742831879693,0.28350894598160803,0.0,0.0,0.0,0.0,0.0,0.1206552157188847,0.0,0.21683003191970118,0.21484949366274342,0.0,0.17263012462788396,0.06532204919621679,0.0,0.0,0.0,0.0,0.0,0.0,0.0,0.0,0.06882123344726784,0.0593574749675114,0.055888386775404815,0.0,0.06762389748172755,0.1512000176662384,0.0,0.0,0.0,0.0,0.0,0.0,0.0,0.0,0.0,0.0,0.12798224673274067,0.1041100441804151,0.0,0.0,0.0654386904172153,0.2801781419390875,0.06084918052883887,0.0,0.0,0.0,0.046686743684563284,0.0,0.0,0.0,0.0,0.0,0.074557687426475,0.0,0.0,0.0,0.0,0.0561525030785278,0.0,0.0,0.0,0.0,0.11964967933005853,0.0,0.0,0.0,0.28665154729540354,0.0,0.0,0.0,0.0,0.15513462276307646,0.0,0.0,0.23098854154419693,0.1606300096972906,0.0,0.0,0.0,0.0,0.0,0.0,0.0,0.14514305154783275,0.0,0.0,0.0,0.14055301979141374,0.09356774527284874,0.0,0.2092027552694673,0.0,0.0,0.0,0.0,0.0,0.0,0.0,0.0,0.0,0.0,0.0,0.0,0.0,0.0,0.04992113271077447,0.0,0.0,0.0,0.15083221457345278,0.0,0.0,0.09857395649607364,0.14957063563109957,0.0,1.0,0.0,0.0,0.2525346273807768,0.0,0.0,0.18320906926368843,0.1308750550943553,0.1765181979734175,0.0,0.0,0.0,0.0,0.0,0.16553508007254003,0.0,0.0,0.0,0.09482440216075769,0.04549722542837298,0.0,0.0,0.0,0.0,0.10526312869651058,0.0,0.06343736157055546,0.0,0.0,0.0,0.0,0.0,0.0,0.0,0.0,0.06949053436272172,0.0,0.0,0.0,0.0,0.0,0.0,0.0,0.0,0.0,0.1345982731854806,0.0,0.0,0.05331040555688186,0.0,0.0,0.0,0.0,0.0,0.052723439703599224,0.05660400248558577,0.0,0.07421499299684917,0.0,0.0,0.0,0.06817508488652738,0.0,0.0,0.054660067822244744,0.0,0.0,0.0,0.0,0.05249422871743048,0.0
press,0.049411887380737145,0.0,0.018726451038201836,0.0,0.02058208414769085,0.0,0.0,0.041612823644143544,0.0,0.06438496923404685,0.0471354459348909,0.12458352165071551,0.03740576244862301,0.02398200136480656,0.07809042978671746,0.0,0.0,0.0,0.0,0.02586804661317741,0.15686081644461292,0.0,0.0,0.024244651492734463,0.0,0.08971646098716629,0.0,0.03171033472936473,0.0867105379431533,0.0,0.0,0.0,0.0,0.0,0.02214529126324932,0.026496846286876388,0.0312786156288069,0.0,0.0,0.0,0.03574308474424599,0.025120936069343222,0.0,0.0,0.0,0.0,0.0,0.0,0.0,0.0,0.0,0.08122805015215682,0.0,0.0,0.0210198468827553,0.0,0.0,0.021476822586285808,0.0,0.024129682486762043,0.023430610434757134,0.0,0.0,0.02568935926641722,0.0,0.0,0.01876246368953436,0.025885885775465828,0.020038987289784777,0.02181128540086149,0.0,0.10007168674310146,0.0,0.0,0.0,0.07857617064444192,0.04487771645856958,0.0,0.022658803638199377,0.0,0.0,0.027641167753206172,0.0,0.06103521588618101,0.0,0.0,0.0,0.09486829341502104,0.02809444993832537,0.05560614553744454,0.02480328178372851,0.0,0.0,0.1774546899235544,0.0634469146367129,0.0,0.09454010205515216,0.024929935288860387,0.0,0.0,0.04154720221418266,0.08166637349060593,0.0,0.0,0.0,0.0,0.0,0.0,0.0,0.07616240613629269,0.0,0.0,0.0,0.0,0.022559522864075136,0.0,0.0,0.0,0.0,0.020822262623254147,0.0636548508859679,0.05858587605787392,0.022512171211884202,0.049151174606081746,0.04879993123648126,0.0,0.0,0.027208515344695483,0.024624621611511095,0.022315155058966325,0.029595525341638285,0.04242528781161202,0.026095619490853563,0.04726863808385619,0.0,0.027347487426463812,0.021887619503027048,0.2188349458875726,0.5241880258888206,0.0,0.02969833571268122,0.034867223950772054,0.0,0.029890526946559588,0.0,0.0,0.0,0.0,0.0,0.0,0.05364801210337653,0.12079849641736834,0.027459798824316296,0.025623459618141047,0.048411239223740944,0.0,0.0,0.0,0.0,0.0,0.0,0.03495984168489338,0.06725611855081659,0.07363142604811983,0.06968065165943486,0.019079200345646825,0.030432506925147387,0.07277121571398679,0.08734267292482772,0.04448115955245394,0.0,0.04526112368960929,0.0,0.0,0.0,0.02576382097267726,0.0,0.024236496312290568,0.09942312993423319,0.0,0.0,0.019412904078938358,0.024693582880433832,0.0,0.04318295834154849,0.023789134064134812,0.057865779385910365,0.09657830550399893,0.0,0.0,0.4610306627378808,0.023797294575677398,0.0,0.0,0.0,0.028804752794207515,0.027048260065881524,0.04331796471118765,0.0,0.0,0.0,1.0000000000000002,0.03103591354926099,0.1239857473160341,0.0,0.0,0.0,0.0,0.02681820195469988,0.04739085129551841,0.03383297656196368,0.13111242059496112,0.0,0.027530767387539765,0.18447333686270279,0.026483886815720246,0.029406593479091213,0.0,0.07824329588723082,0.022518750622130136,0.0,0.0,0.03804652386434144,0.02374980737565366,0.043522252223708376,0.07760131358877789,0.022305127603285988,0.02189895787915033,0.0,0.022796211332369382,0.0,0.0,0.025838540695355,0.03131810069152751,0.0,0.11467867590214757,0.0,0.039594561054172264,0.023433100490041936,0.023172436763413618,0.03915250319139794,0.0,0.1237476034076064,0.0,0.03212749552126309,0.13674362816796515,0.0,0.05876900179025743,0.10847997026179235,0.02861534624159788,0.026010225447749794,0.0,0.04278074234393797,0.040677555385350686,0.0,0.10157230140287371,0.027816045156048425,0.0,0.0,0.022180391663340168,0.2102457551963255,0.0,0.05311389703665178,0.14660842079765565,0.01921895484608755,0.03352142461442608,0.06441331106830422,0.02353217285277352,0.03659225929066062,0.14039756958915459,0.09250873755154268
puree,0.0,0.0,0.0,0.0,0.0,0.0,0.0,0.042389119536714204,0.10934517634014071,0.2477628837944859,0.0,0.0,0.0381035747383071,0.1803223409247998,0.0,0.0,0.043502698692905475,0.0,0.0,0.0,0.0,0.0,0.0,0.0,0.0,0.0,0.0,0.0,0.028317446426858985,0.0,0.0,0.0,0.0,0.0,0.0,0.0,0.03869044559072,0.0,0.044478815925407686,0.0,0.03640987943503762,0.0,0.0,0.0,0.0,0.0685395725108191,0.0,0.0,0.0,0.07291727709147029,0.0,0.0460255350879802,0.0,0.0,0.0,0.0,0.0,0.0,0.0,0.0,0.04271958648013596,0.0,0.03725396882865066,0.0,0.0,0.03660016661934738,0.0,0.0,0.036535849242340886,0.0,0.0,0.0,0.0,0.03545193190429038,0.04292247209742175,0.0,0.02809218495537321,0.0,0.0,0.031240902467481502,0.0,0.0,0.0,0.034095619542786094,0.0,0.0,0.0,0.039849290352284315,0.0,0.0,0.0,0.0,0.03303075605823626,0.050462501427257285,0.28124787853259836,0.0,0.0,0.0,0.0,0.3326616066569468,0.0,0.0,0.03555297463385265,0.12936197180774,0.0,0.0,0.0,0.0,0.0,0.0,0.0,0.0,0.03386968179894406,0.20810224017141388,0.10785854029349912,0.0,0.0,0.0,0.0,0.0,0.0,0.09852105791150748,0.0,0.0,0.0,0.0,0.06369883723144754,0.049607607428767915,0.0,0.17953735355273284,0.0,0.0,0.0,0.0,0.0,0.0,0.0,0.0,0.0,0.0,0.0,0.14009313902315307,0.0,0.0,0.06870301612859463,0.0,0.0,0.0,0.0,0.0,0.03358214270744984,0.0,0.0,0.0,0.049314360974983484,0.0,0.11680333285331393,0.0,0.06982434271172305,0.0,0.0410759848845116,0.03561202481327195,0.0,0.0,0.0,0.0,0.0,0.041233713427382336,0.03711569091420672,0.04531096484883666,0.08899067968188008,0.04610547937942851,0.0,0.28430017697708554,0.0,0.031868856517881745,0.0,0.0,0.0,0.029414788499442616,0.0,0.0,0.0,0.11631407149390988,0.027131899836470356,0.0,0.0,0.03365728314231019,0.0,0.0,0.0,0.0,0.042538092064007785,0.03398110944385835,0.02914549401863415,0.0,0.0,0.03886246799240884,0.0,0.0,0.0,0.03103591354926099,1.0,0.0,0.0,0.0,0.0,0.09853791726252967,0.0,0.0,0.0,0.05507358390250292,0.04097983608466453,0.0,0.0,0.0,0.0,0.0,0.0,0.0,0.028302077732455754,0.0924012730182983,0.35167036127204093,0.0,0.0,0.0,0.0,0.10470033630699349,0.0665098038965799,0.0,0.0,0.027068624588864453,0.0,0.06380469276628124,0.037562940623531244,0.0,0.031246280597349047,0.0,0.0,0.0,0.0,0.042983066945455194,0.05143401781272347,0.0,0.5468674794142714,0.0,0.0,0.2534175783075291,0.04215630186491105,0.0,0.0,0.0,0.0,0.08887093262685047,0.04298305542292198,0.0,0.0,0.0,0.0,0.036017091385872495,0.0,0.0,0.0,0.0383202102715709,0.0,0.1346858472413303,0.0,0.0,0.19120418698817032,0.0,0.06612534248495197
roll,0.06243380013551727,0.2578411142973413,0.0,0.2639830472075657,0.0,0.31228798697942367,0.0,0.0,0.0,0.12219246041440081,0.03380568961890189,0.15639287052155398,0.0,0.0,0.3487107972514554,0.030949203148803436,0.0,0.25674332480955386,0.0,0.03373996827411778,0.0,0.13154765390308976,0.0,0.0,0.18744470204328517,0.023990871668381722,0.05168610565337934,0.040067214706219025,0.1500098356203431,0.04729778314513678,0.04627141295450104,0.12899934022469037,0.0,0.0,0.0,0.03347977365344031,0.12057809493572419,0.0,0.0,0.0,0.0,0.0,0.05211971069155198,0.0,0.0,0.05262794037299884,0.0,0.2736042235383116,0.0,0.0,0.0,0.14335092716398776,0.0,0.0,0.07150763495167238,0.0,0.0,0.02713678266458737,0.0,0.0,0.0,0.0,0.1969570576506104,0.03245948307318157,0.0,0.193500487425244,0.0,0.20199270889714832,0.0,0.0,0.052814505274201715,0.35126767095126965,0.0,0.07427169675768021,0.22692572300906202,0.0,0.0,0.0,0.03758447789227204,0.0,0.0,0.0349256673747044,0.0,0.03482817395615623,0.3836896041912255,0.0,0.0,0.0,0.0,0.0,0.041141554105917404,0.0,0.24382880199567888,0.0,0.0,0.2333871199294231,0.060688775756771625,0.0,0.0,0.0,0.0,0.0,0.05785294773032793,0.0,0.13645085448371588,0.0,0.0,0.1376492194499157,0.0,0.22117688467523083,0.20441470880280754,0.0,0.0,0.0,0.0,0.0,0.0,0.0,0.0,0.0,0.05824575430533716,0.2064559884699726,0.0,0.03154523982021943,0.0,0.0,0.33430637837230326,0.0,0.0,0.058964264425631366,0.0,0.027228563491818087,0.0,0.030337027269047176,0.0,0.0,0.027655840202270254,0.0,0.03114229240964086,0.0,0.0,0.0,0.0,0.03776781831762838,0.0,0.0,0.0,0.1617602612493907,0.0,0.0,0.0,0.23086195660021647,0.0,0.0,0.0,0.0,0.20973409412787802,0.0,0.0,0.4882186858323013,0.38927172044727143,0.0,0.16042929563849326,0.05759243016273727,0.049975181855614864,0.0,0.0,0.0,0.30658679084449186,0.0737314643291329,0.0,0.0,0.1900205109462264,0.0,0.0,0.20104021299300473,0.0,0.03062373544016154,0.03344292483818593,0.0,0.0,0.0,0.0,0.0,0.027714836683926127,0.0,0.0,0.03438041976920174,0.0,0.0,0.2403317733600356,0.0,0.0,0.0,0.30592472248240415,0.0,0.0,0.027801483815793396,0.20221186743160707,0.0,0.2525346273807768,0.1239857473160341,0.0,1.0000000000000002,0.0,0.0,0.1710702592104054,0.17693639650041976,0.2160205304074854,0.033988867144373984,0.04274925344144521,0.0,0.11167942771085099,0.0,0.2670347603304687,0.0,0.0,0.0,0.0,0.037352169974773405,0.0,0.0,0.0,0.0,0.19730240085351883,0.0,0.0,0.0,0.0,0.02880388055622034,0.0,0.0,0.06827425316595234,0.0,0.0,0.0,0.0,0.025411802139834037,0.0,0.0,0.0,0.0,0.052539092812131746,0.0,0.0,0.08252763087667524,0.0,0.059862194269015206,0.17436187296111208,0.0,0.0,0.0,0.030682482549185784,0.0,0.0,0.1394117312992621,0.0,0.0,0.0,0.0,0.15078891485775564,0.0,0.0,0.0,0.0,0.05556473230662265,0.046197428667774626,0.0,0.0,0.12928964361804693,0.0
sprout,0.0,0.0,0.0,0.0,0.0,0.0,0.0,0.0,0.0,0.0,0.0,0.0,0.0,0.0,0.0,0.0,0.0,0.0,0.0,0.0,0.0,0.0,0.0,0.0,0.0,0.0,0.0,0.0,0.0,0.0,0.0,0.0,0.0,0.0,0.0,0.0,0.0,0.0,0.0,0.0,0.0,0.0,0.0,0.0,0.0,0.0,0.0,0.17784038589239282,0.0,0.0,0.0,0.0,0.0,0.0,0.0,0.0,0.0,0.0,0.0,0.0,0.0,0.0,0.0,0.0,0.0,0.0,0.0,0.0,0.0,0.0,0.0,0.0,0.0,0.0,0.0,0.0,0.0,0.0,0.0,0.0,0.0,0.0,0.0,0.0,0.0,0.0,0.0,0.0,0.0,0.0,0.0,0.0,0.0,0.0,0.0,0.0,0.0,0.0,0.0,0.0,0.0,0.0,0.0,0.0,0.0,0.0,0.0,0.0,0.0,0.0,0.0,0.0,0.0,0.0,0.0,0.0,0.0,0.0,0.0,0.0,0.0,0.0,0.0,0.0,0.0,0.0,0.0,0.0,0.0,0.0,0.0,0.0,0.0,0.0,0.0,0.0,0.0,0.0,0.0,0.0,0.0,0.0,0.0,0.0,0.0,0.0,0.0,0.0,0.0,0.0,0.0,0.0,0.0,0.0,0.0,0.0,0.0,0.0,0.0,0.0,0.0,0.0,0.0,0.0,0.0,0.0,0.0,0.0,0.0,0.0,0.0,0.0,0.0,0.0,0.0,0.0,0.0,0.0,0.0,0.0,0.0,0.0,0.0,0.0,0.0,0.0,0.0,0.0,0.0,0.0,0.0,0.0,0.0,0.0,0.0,0.0,0.0,0.0,0.0,0.25498909342881215,0.0,0.0,0.0,0.0,1.0,0.0,0.0,0.0,0.0,0.0,0.0,0.0,0.0,0.0,0.0,0.0,0.23783538039509197,0.0,0.0,0.0,0.0,0.0,0.0,0.0,0.13406946916227572,0.0,0.0,0.0,0.0,0.0,0.0,0.0,0.0,0.0,0.0,0.0,0.0,0.0,0.0,0.0,0.0,0.0,0.0,0.0,0.0,0.0,0.0,0.0,0.0,0.0,0.0,0.0,0.0,0.0,0.0,0.0,0.0,0.0,0.0,0.0,0.0,0.0,0.0,0.0,0.0,0.0,0.0,0.0,0.0,0.0,0.0
serve,0.05754083789011546,0.0,0.0,0.064864913458419,0.04948308776932602,0.0,0.0,0.0,0.15135930754583077,0.0,0.05930690694353445,0.0,0.0,0.0,0.0,0.0,0.07795855719324866,0.06308599632045302,0.18159337604403541,0.0,0.0,0.0,0.10045098476987371,0.0,0.16754223970326,0.0,0.0,0.0,0.0,0.0,0.053540415661731226,0.0,0.18485622982050393,0.22217092030424254,0.1596008576609269,0.05873513727834075,0.07284877573917758,0.06607572554342551,0.05582211544166565,0.0,0.06855478403406494,0.0,0.0,0.0,0.05362058573267902,0.0,0.09444771367027649,0.0,0.08277357123149656,0.07590653106835876,0.14418907289516902,0.0,0.0,0.0,0.0,0.1751770743945864,0.0,0.0,0.07781695752571867,0.07021641108276955,0.053614234967800815,0.043413909331309744,0.0701440880082193,0.0,0.28031137352162616,0.06891306857186685,0.0451083879968581,0.0,0.0,0.0,0.0,0.19148007458730978,0.0,0.0,0.0,0.0,0.05289371188654222,0.0,0.0,0.058822312924949875,0.0,0.0,0.0,0.0,0.0942787547686342,0.05729447231366729,0.0,0.07141150490384542,0.0,0.2007093142973563,0.0,0.0,0.06219236051287762,0.0,0.0,0.0,0.0,0.0,0.0,0.0,0.0,0.0746066489849317,0.0,0.0,0.0,0.0,0.0,0.07919899792957746,0.0,0.0,0.07280004837335777,0.10418786166306934,0.0,0.0,0.0,0.05996423779179156,0.0,0.0,0.09258360518394654,0.0,0.05109162938819544,0.14736431397277752,0.0,0.0,0.0,0.19489754004477908,0.0,0.0,0.07528830487003471,0.0,0.0,0.0,0.0,0.16762770962012175,0.0,0.0,0.0,0.0,0.0,0.0,0.0679561274549792,0.0,0.0,0.06625785516209388,0.08622414103722285,0.08428953133142575,0.0,0.0,0.06571153289631633,0.06935337357265091,0.18664161950585648,0.0,0.0,0.18735206781657504,0.0,0.0,0.0,0.0,0.0,0.06427912465634011,0.0,0.0,0.08891200155569129,0.0,0.0,0.058333511676299105,0.0,0.0,0.0,0.12282653168928087,0.11383055041204587,0.26023005273293986,0.0,0.0,0.0,0.0,0.04274471434305445,0.0,0.0,0.05271246475417121,0.16637593019536137,0.0,0.0,0.0,0.14709539583508477,0.06922542879156449,0.0,0.060315183003739975,0.0,0.23432288204024276,0.0,0.05721304060905145,0.0,0.15300966027460927,0.052229878390227864,0.0,0.15551401958219524,0.0,0.0,0.0,0.0,0.0,0.0,0.0,0.0,1.0,0.08771308602037077,0.0,0.06447585344697997,0.05962826386835359,0.11344498306697122,0.09869404127796423,0.0,0.1311420032758618,0.0,0.08097289680964485,0.0,0.21674227970898,0.28241767369608917,0.06884973052088166,0.0,0.0,0.0,0.0,0.0,0.0,0.0,0.0,0.0,0.0,0.0,0.05096648880971128,0.0,0.0,0.0,0.0,0.0559945710545536,0.0,0.07164530044675776,0.11038122312975067,0.05985321608598896,0.08830533637822345,0.0,0.0,0.0,0.0,0.06068265895110552,0.0692662393244382,0.0,0.1363083628483957,0.1552134214584386,0.07560155175501618,0.0,0.0,0.0,0.0,0.0,0.0,0.0,0.0,0.0,0.10551485177679473,0.0,0.3168510496124091,0.0,0.0,0.0,0.07194820825858964,0.0,0.07815928981727555,0.0
skin,0.0,0.1772392568056027,0.0,0.09126065757588714,0.0,0.08240872677206518,0.04856834937950031,0.0,0.0,0.0,0.0,0.07836285081249507,0.0,0.0,0.09943579116111244,0.025537132153167958,0.0,0.08875783842254226,0.06043283058661011,0.02783987763811464,0.0,0.0,0.0,0.0,0.0939218084099694,0.0,0.0,0.0,0.04773521182841871,0.06897247044472501,0.056025045833436656,0.03414077396866739,0.037383036574507145,0.0,0.03605175149953599,0.0,0.0,0.0,0.03695840722074821,0.0,0.0,0.0,0.0,0.0,0.0,0.03186073844790402,0.05063662231754523,0.09458676085367468,0.03893129680634727,0.0,0.0,0.03942774179209029,0.0,0.0,0.0,0.03957021564324269,0.0,0.03151960651610342,0.0,0.0,0.0,0.02386548770291842,0.09868810818339477,0.0,0.0,0.0969561449807885,0.0,0.08482258734494585,0.0,0.0330433998981659,0.0,0.1668682321645981,0.0,0.0,0.11370433011667194,0.0,0.0,0.0,0.031012099866612512,0.0,0.0,0.25244214020087263,0.0,0.0,0.1920526677096575,0.029976657798625544,0.0,0.0,0.0,0.0,0.08173342104484861,0.0,0.08750055174651872,0.04971160524206977,0.0,0.11694190406247906,0.08099074540588838,0.0,0.0,0.0,0.0,0.03903444600867677,0.0,0.0,0.0,0.046620403574405514,0.10698138664317447,0.037859524104406746,0.09180999279772598,0.04580931253270819,0.10242486934585911,0.04900318429755235,0.0,0.0,0.0,0.0,0.0,0.0,0.04963721054024429,0.0,0.028086082816934328,0.12842287955958356,0.0,0.03042220771753499,0.0,0.04432902468928757,0.11165489623954199,0.04122003066974885,0.0,0.0,0.0,0.05788541875390868,0.0,0.0671219209932638,0.04850949050522203,0.0,0.43756308107696956,0.05050635252069339,0.0,0.0,0.0,0.0,0.03803843994222892,0.0,0.0,0.04410056214316404,0.0,0.08105225754475316,0.0,0.0,0.0,0.11567663540551344,0.0,0.053048517272970296,0.0,0.0,0.1050902222948302,0.0,0.0,0.15647465888714476,0.10881286927218903,0.0,0.0,0.0,0.048196031217318726,0.0,0.038280328712024164,0.0,0.09832180128485238,0.05776960072818592,0.09490594792524835,0.058782573799012326,0.09521245374507668,0.0,0.0,0.0844226067344276,0.09873127317114949,0.0,0.06736419774664824,0.0,0.03758215199350878,0.0,0.0,0.0,0.06918409377417031,0.22393226808446953,0.0,0.0,0.0,0.039690207483997916,0.03381722816187271,0.0,0.0,0.04332450503805341,0.10217571472071396,0.0,0.044033611425479374,0.0,0.10132110464636035,0.0,0.18320906926368843,0.0,0.0,0.1710702592104054,0.0,0.08771308602037077,1.0,0.08865647389183233,0.11957573579457888,0.0,0.053357131283115776,0.0,0.0,0.0,0.153836041024599,0.0,0.0,0.0,0.06423529012777021,0.030820415513355775,0.0,0.0,0.0,0.0,0.5927695733480326,0.3207831630357382,0.042973298355381176,0.0,0.0,0.0,0.3475950369989564,0.0,0.0,0.0,0.037003993523786416,0.04707379676758457,0.0,0.0,0.0,0.0,0.0,0.0,0.0506686651910324,0.0,0.0,0.0,0.0,0.0,0.03611316591239806,0.0,0.0,0.035558045963286926,0.0,0.0,0.035715547567103524,0.0383442915452342,0.0,0.1337594441957321,0.0,0.0,0.0,0.17590064045357573,0.0,0.0488566786117691,0.03702744478170336,0.0,0.04455276862552853,0.0,0.0,0.03556027704747441,0.0
whisk,0.0,0.23251284254449064,0.0,0.09439005919711634,0.0,0.14831145802280538,0.0,0.0,0.0,0.11210222405473924,0.0,0.08104997622765928,0.0,0.1482035103452968,0.10284552471260519,0.026412821030329672,0.0,0.09180141635452609,0.0,0.02879452951691677,0.0,0.0,0.0,0.0,0.09714246304159455,0.0,0.0,0.0,0.0493720907777223,0.0,0.0,0.0,0.0,0.0,0.0,0.0,0.0,0.0,0.0,0.0,0.0,0.0,0.0,0.0,0.0,0.0,0.0,0.09783021724139762,0.0,0.0,0.0,0.04077975088738937,0.0,0.0,0.0,0.0534741124133811,0.0,0.0,0.0,0.0,0.05154704136697922,0.0,0.10207220308199168,0.06443156561670448,0.0,0.10028084946298786,0.09502239075172059,0.08773122234062733,0.0,0.047984547135715754,0.0,0.11651376407010733,0.0,0.0,0.11760334338766451,0.0,0.0,0.0,0.03207552980650308,0.0,0.0,0.0,0.0,0.0,0.1371924630616581,0.0,0.0,0.0,0.0,0.0,0.03511122726761493,0.0,0.09050101630339866,0.0,0.061893767020857374,0.12095193635770377,0.0,0.0,0.0,0.051370538739906754,0.0,0.0,0.0,0.14923022419732412,0.0,0.0,0.0,0.03915775774920354,0.0,0.04738015084042086,0.6432186979076167,0.0,0.0,0.06545501271434194,0.05708880819076874,0.0,0.0,0.0,0.0,0.0,0.0,0.08966975257129625,0.0,0.0,0.0,0.0,0.11548363276841972,0.0,0.08107709819050314,0.13776101585099718,0.0974439060213557,0.0,0.0,0.0,0.0,0.0,0.0,0.0,0.0,0.0,0.0,0.05535109548784459,0.0,0.0,0.0,0.0,0.0,0.08383160488787218,0.0,0.0,0.0,0.11964328061706404,0.0,0.0,0.0,0.07765000717422064,0.7351846247790198,0.0,0.04212632399727136,0.16184030125933055,0.11254415040204319,0.0,0.0,0.0,0.0,0.0,0.0,0.0,0.10169333522418582,0.0,0.0,0.0,0.09847736564715551,0.0,0.0,0.08731752607207784,0.0,0.05165320441627956,0.0,0.0,0.0,0.0,0.0,0.0,0.0,0.0,0.0,0.0,0.0,0.0,0.0349768482155332,0.0,0.0,0.0,0.10567940246295239,0.0,0.0,0.0,0.10479548711923911,0.0,0.1308750550943553,0.0,0.09853791726252967,0.17693639650041976,0.0,0.0,0.08865647389183233,1.0000000000000002,0.12367608430613836,0.0,0.0,0.0,0.06438381351992226,0.0,0.11598084930460192,0.0,0.0,0.0,0.0,0.03187727244203012,0.0,0.09781475880482368,0.06039817733608499,0.06644629075017189,0.07375178156394979,0.0,0.062404421665623475,0.11668524757150109,0.0,0.0,0.0,0.0,0.0,0.0,0.0,0.0,0.0,0.0,0.0,0.0,0.0,0.0,0.0,0.0,0.10200365104451375,0.0,0.0,0.11466073411707806,0.037351515524989914,0.0,0.0,0.0,0.0,0.03971173726895281,0.0,0.03965914825692029,0.0,0.0,0.0,0.0,0.0,0.0,0.0,0.0,0.0,0.053214663069859836,0.0,0.0,0.0,0.03677966765455161,0.0
melt,0.02864088408694893,0.18022735864495237,0.11210278826307786,0.15959536350150488,0.04733942974639392,0.11496045570522531,0.0,0.0,0.0,0.0,0.0,0.10931644490373019,0.0,0.026460586320911358,0.13871326876471085,0.165747499138945,0.08018769166013759,0.1552184683183373,0.0,0.14835078898021864,0.09001678820511153,0.0,0.06642316280088732,0.22634177256404114,0.13102124396768378,0.040589063219104014,0.12016168860523382,0.0,0.10103501504643075,0.11276404704945914,0.13147946977362607,0.0,0.0,0.0,0.02443404877513063,0.06357696856295685,0.11131081659768263,0.0,0.12084762351823969,0.06685996616520311,0.03412306276935119,0.14906351999577083,0.15680270322664883,0.0,0.0551538041514755,0.0,0.024086543661525142,0.13194885490095418,0.05923143252942766,0.0,0.0,0.081496595369393,0.0,0.0,0.0,0.060203505927537045,0.0,0.05153184117148228,0.0,0.0,0.19995398204872605,0.0,0.1725843853985798,0.0,0.0674620398413341,0.16955555233695818,0.04315424644688513,0.11832779946039305,0.07174346364775863,0.19986731259129129,0.06733692291674026,0.15714835541369965,0.0,0.0,0.15861792940964284,0.0,0.02632778260830933,0.06350242568425009,0.065639343717738,0.029278736771734325,0.0,0.06302373064670949,0.08731584745163737,0.0,0.23196596334649844,0.19678836059029142,0.0,0.0344338604604884,0.16324662604216786,0.1418457423649064,0.07185159306404769,0.07203202587225778,0.1530197429374828,0.0,0.0,0.24876462460725202,0.0,0.02750649099927384,0.15527879066703137,0.12152174271813648,0.4098964181436249,0.11017364849340501,0.0,0.0,0.0,0.0,0.062469201946201695,0.04006620522905257,0.0,0.04847935521523527,0.1791191811351314,0.0,0.0,0.0,0.0,0.14725448229718607,0.0,0.0,0.023611149089216542,0.17512935458307743,0.0,0.12094239903238918,0.13635703770815777,0.026684977332694204,0.0,0.0,0.1465720381928526,0.09741176554050346,0.037474664811162864,0.0,0.0,0.023033383284512828,0.0,0.025662917436340436,0.09076725742213848,0.18286278715777066,0.0,0.07846626284280976,0.026344113145931394,0.056634802666090056,0.10266696862921584,0.0,0.0,0.0,0.09333202846046595,0.12447262171576609,0.0,0.11306817649366534,0.07112846338257213,0.142672905601585,0.0629458587238761,0.16136930203334784,0.0949283600177249,0.0,0.0,0.0,0.14660121953579783,0.06743160000320529,0.09485533399299352,0.19758980295082967,0.15179432480158528,0.0,0.04425584374280768,0.0,0.0,0.029035436527638167,0.03357776376563435,0.03563014352010562,0.1371592490772076,0.0,0.0,0.0,0.13282169862448417,0.07314524597518038,0.0,0.11776982514068762,0.20470514821229843,0.11052169930328597,0.028290280762867246,0.0,0.0,0.0,0.0,0.0,0.023444735018811023,0.0,0.0,0.0,0.0,0.14694383139500325,0.06989974152096806,0.11367665651799617,0.0,0.0,0.13412849113483655,0.0,0.02984374862700249,0.12910620496601377,0.14134328752486935,0.0,0.1765181979734175,0.02681820195469988,0.0,0.2160205304074854,0.0,0.06447585344697997,0.11957573579457888,0.12367608430613836,1.0,0.0,0.0,0.0475892063922056,0.2656353299799241,0.0,0.19300729085510188,0.04030416373390877,0.0,0.0,0.0,0.09950350200840052,0.0,0.06802870234438078,0.0,0.0,0.09947297878584832,0.030091830614572754,0.06676297051136829,0.0,0.09035258217130888,0.0,0.0,0.025368509598440808,0.0,0.0,0.0,0.0,0.0,0.11320825880947165,0.0356613636629493,0.0,0.029791867602338058,0.05839185895365144,0.0,0.21380980855846243,0.0,0.0,0.030204721808630926,0.034477188799694025,0.07464541300361473,0.0,0.03958332825149097,0.05409925106859874,0.058265006467945656,0.10933492753771967,0.11678368660092192,0.0811584556729891,0.0,0.07810560316950235,0.05631569272094056,0.06638961501982277,0.0,0.0,0.0,0.3468311175115993,0.0,0.0,0.0,0.03581213566846433,0.0,0.16265815675660664,0.057139055574130654
hold,0.052975062832286195,0.0,0.020076847353157585,0.0,0.0,0.0,0.0,0.0,0.0,0.031173561570406436,0.1574531118848988,0.0,0.0,0.0,0.0,0.0,0.03770509406994691,0.0,0.13093268469717817,0.0,0.0,0.0,0.0,0.0,0.11454336798573307,0.02035624823853767,0.0,0.033997021036193065,0.0,0.0,0.0,0.0,0.0,0.1074542135113245,0.0,0.05681515810512904,0.03353416993516702,0.031957895798135835,0.026998679679178527,0.0,0.0,0.0,0.21648548038980187,0.0,0.025933897469711052,0.0,0.09849998975565517,0.0,0.052307074605733056,0.0,0.2763067232203742,0.0,0.0,0.0,0.022535623882545673,0.0,0.0,0.023025552883249947,0.03763660859539847,0.059830276651508446,0.02593082588660626,0.02099738109856836,0.0,0.02754186276620878,0.03172135904783126,0.0,0.04103896490842593,0.02775256113692349,0.0,0.0,0.0,0.03685752089597081,0.0,0.0,0.0,0.08424243229034198,0.01854753202247639,0.0,0.11127232716262958,0.0,0.0,0.029634419491021174,0.0,0.029551696351277745,0.0,0.0,0.0,0.06084859691078788,0.0,0.0,0.026591888725387022,0.0,0.0,0.0,0.02622200445600095,0.0,0.0,0.0803117397908096,0.0,0.0,0.0,0.026161317891735068,0.0,0.09492455855313575,0.0,0.0,0.0,0.038305040199472284,0.0,0.08165460710778485,0.0,0.0,0.0,0.0,0.02418632852418981,0.0,0.0,0.0,0.06499243110120867,0.0,0.09295586425051815,0.056731576831462315,0.0,0.026766127608897558,0.0523189774870177,0.0,0.0,0.0,0.026400345063516413,0.0239243389399815,0.03172970913754271,0.023103428890777808,0.027977419108146127,0.025740959580134625,0.0,0.0,0.02346597306610984,0.028105548592972707,0.046553081773342095,0.05263195431380939,0.03286736274464032,0.0,0.0,0.064091967622408,0.04170279012283218,0.0,0.0,0.0,0.09459505366437337,0.03354314867760834,0.051278862106236556,0.0,0.0,0.06353414217378103,0.0,0.09661871629053899,0.0,0.11477921147080487,0.0,0.031088959687815266,0.0,0.0,0.07210607193835236,0.0,0.07470544226351997,0.020455034014637528,0.0,0.0,0.0,0.0,0.0,0.0,0.0,0.0,0.0,0.027621694033072363,0.02067372118371442,0.025984231387174175,0.028376312842608387,0.025494679657654184,0.05049439883666966,0.02081280169313707,0.026474279247127468,0.0,0.023516031565125113,0.0589858765500898,0.0,0.0805653761991328,0.0,0.0,0.02606366954311384,0.0,0.0,0.02945244701315028,0.025261274052105938,0.030881912633365396,0.0299345048758773,0.023589551633500624,0.0,0.0,0.0,0.04739085129551841,0.0,0.033988867144373984,0.0,0.05962826386835359,0.0,0.0,0.0,1.0,0.03627273019067084,0.08409560816993963,0.04916242691432282,0.13519745370051747,0.03668894066631169,0.028393685051846033,0.03152715307623844,0.0,0.0,0.11058455806091508,0.0,0.0,0.0,0.12276147078275064,0.04666071604162964,0.0,0.023913588387374174,0.02347812907186851,0.0,0.02444008500151177,0.0,0.0,0.027701801922357466,0.0,0.0,0.0,0.027082088805013317,0.02156190736615939,0.025122901322307854,0.23803434554040978,0.04197585695571237,0.0,0.07853810669452208,0.0,0.0,0.033485010493050346,0.055208213412943435,0.024288667709732103,0.03653813154623372,0.030678847651288758,0.0644931397319767,0.047774862786807926,0.045865734620075774,0.0,0.0,0.21644099138129239,0.029821907601566954,0.0,0.2874683094604613,0.023779857526110816,0.2254069350949097,0.0,0.0629560960058778,0.058513740338610266,0.09437999752786605,0.0,0.06905826476098688,0.02522911796204493,0.0,0.027407075038512654,0.04365847331509468
check,0.13547314966899837,0.0,0.0,0.0,0.0,0.0,0.0,0.0,0.0,0.03920832308370678,0.036077244153133285,0.03331941055232544,0.0,0.034491628465788515,0.0,0.0,0.0,0.0,0.031382964135898174,0.037204194902046746,0.0,0.0,0.11570996005560696,0.0,0.0,0.025602924962748044,0.0,0.0427595089402951,0.0,0.0,0.0,0.0,0.07097891911351245,0.0,0.07847806933363102,0.10956399842245171,0.04217736129355632,0.0,0.03508633911342884,0.0,0.0,0.0,0.0,0.03167097671011319,0.03370259331077266,0.0,0.0,0.0,0.08474631281245829,0.0,0.0,0.05184157721050588,0.0,0.0,0.03844574976202226,0.05117870830085167,0.0,0.028960223700729672,0.0,0.0,0.033698601611633655,0.0,0.0,0.03464058000641692,0.0,0.0,0.0,0.034905584368319385,0.0,0.0,0.0,0.07012280020705215,0.0,0.0,0.0,0.07185874879832112,0.0,0.0,0.19424135660198294,0.0,0.18165182669821542,0.03727247819206777,0.0,0.037168433757419725,0.0,0.0,0.0,0.0,0.0,0.0,0.045365733159382325,0.0,0.0,0.0,0.0,0.0,0.0,0.0,0.0,0.0,0.0,0.0,0.0,0.0,0.0,0.0,0.0,0.0,0.0,0.05829434021404231,0.0,0.06337897416552438,0.0,0.0,0.0,0.0,0.0,0.0,0.0,0.059894396242700744,0.09427259272729752,0.08964383085627234,0.03237767497328274,0.0336649046859517,0.0,0.0,0.0,0.0,0.04503895988116469,0.0,0.0,0.029058171689660142,0.0,0.08134863705744994,0.0,0.0,0.029514159021310712,0.0,0.03323488144796434,0.034607580580459985,0.0,0.0,0.0,0.04030560588873201,0.05419517745359466,0.0,0.0,0.0,0.0,0.04359125347682695,0.0,0.0,0.0,0.06861106383102727,0.0,0.0,0.0,0.0,0.05507971639497579,0.0,0.0,0.0,0.051477510430293597,0.0,0.0533332364382283,0.0,0.0,0.0,0.0,0.07471714511187869,0.06924476036511007,0.12795891212851462,0.0,0.0,0.0,0.03474098720872839,0.0,0.03268148033098922,0.03569010359449993,0.0,0.04860741754695271,0.0,0.544722988523738,0.0,0.1190573638256375,0.0,0.0,0.03669059297660889,0.0,0.051333901476240465,0.0,0.034225977661719226,0.0,0.05603437255970466,0.0,0.0,0.0958531185510755,0.09098155084517422,0.0,0.0,0.0,0.03383297656196368,0.0,0.04274925344144521,0.0,0.11344498306697122,0.053357131283115776,0.0,0.0,0.03627273019067084,1.0,0.0,0.06465245963788946,0.0,0.046145251513683296,0.0,0.053785288758604964,0.0,0.0,0.0,0.0,0.0,0.0,0.0,0.05868718034496506,0.0,0.0,0.0,0.026232550095269466,0.030739341309085982,0.0,0.0,0.0,0.0,0.0,0.0,0.0,0.027119334067875395,0.0,0.0,0.0,0.03390644358682152,0.056069427967166484,0.03088533839772707,0.0,0.17335602916422568,0.0,0.0,0.04595557242646601,0.15882817803701907,0.047573258948825095,0.04598951086115963,0.0327441749193692,0.02596133508429776,0.06781286899494385,0.09918628342534547,0.0,0.0,0.0,0.0,0.16092109222548046,0.06418620132992946,0.0,0.06318948892681056,0.0,0.0,0.04930163922354568,0.0,0.0,0.0,0.0
wrap,0.0,0.0,0.03323030175385571,0.15496276662990108,0.036523143950541716,0.0,0.0,0.07384243195381524,0.0,0.06265477710156107,0.0836423884335416,0.0,0.06637695369854468,0.04255633597568334,0.0,0.0,0.0624077890100008,0.0,0.07994056140526319,0.04590314486098333,0.5614809259939656,0.0,0.0,0.0430224116345964,0.050862390335620206,0.06527904523133594,0.0,0.0,0.049329382958050214,0.0,0.0,0.0,0.0,0.17785341876113658,0.1383244206012003,0.047018957080667514,0.0,0.05289528291518887,0.04468700971388776,0.0,0.06342651307724682,0.0445773886477825,0.0,0.0,0.04292462971964148,0.0,0.036869590820211115,0.0,0.0,0.0,0.043772847496335476,0.1441401049204187,0.0,0.0,0.037299958935565265,0.0,0.0,0.0,0.062294434908882784,0.09902840382126046,0.0844974322301704,0.03475392812788381,0.0,0.0,0.052503777842194364,0.0,0.033294206615929946,0.0,0.03555941235863606,0.1639798977964198,0.0,0.061004923717743166,0.0,0.0,0.0,0.13943431437439038,0.0796360216305803,0.0,0.04020830646141641,0.0,0.0,0.0,0.0,0.059395040367156315,0.0,0.0,0.0,0.2255115814635866,0.1754841904598224,0.0,0.04401370748134852,0.0,0.0,0.08790637476284775,0.11258727638397975,0.0,0.0,0.04423845557617599,0.0,0.0,0.07372598597509394,0.04330104585290747,0.0,0.0,0.0,0.0,0.0,0.06340079306932839,0.0,0.05843729373208466,0.0,0.0,0.0,0.0,0.04003213159113401,0.0,0.0,0.0,0.03614189806339747,0.036949343405070924,0.17190127982681797,0.10396130777506259,0.039948105542223916,0.04291722213185319,0.08659603665678851,0.0,0.0,0.048281821971188785,0.043696672960388344,0.03959849812336547,0.0525175985380388,0.03704439447502975,0.04630697553774877,0.041273451891504075,0.0,0.04852842952128475,0.0,0.0465190497428995,0.07568539554160597,0.0,0.10710062873601532,0.06187228807208507,0.0,0.05304108226324699,0.0690245971084437,0.0,0.0,0.0,0.05260373752622735,0.055519122734977853,0.14337504072148105,0.0,0.04872772738255178,0.10515887673843702,0.0859062982303069,0.0,0.0,0.0,0.0,0.051457058644074266,0.0,0.062036639301601616,0.05160374723457087,0.0,0.053464023985517375,0.03385625943830686,0.05400283194001597,0.12913335539326573,0.0,0.07893232686076429,0.0,0.08031638215143225,0.0,0.0,0.0,0.0,0.03421822068104046,0.0,0.04549901798810646,0.042197655998440046,0.0,0.0344484205333827,0.043819045521583014,0.0,0.03770596797142426,0.09763079045709275,0.0,0.08506439174179448,0.0,0.0,0.09800056411441821,0.04222857166378962,0.0,0.048748375898893456,0.04181133345651019,0.05111436359959886,0.3738503755645534,0.037823851183808405,0.0,0.0,0.0,0.13111242059496112,0.05507358390250292,0.0,0.0,0.09869404127796423,0.0,0.0,0.0475892063922056,0.08409560816993963,0.0,1.0000000000000002,0.0,0.04885366191046327,0.05882761374249216,0.04699596035073665,0.05218233678499496,0.0,0.0,0.03995978078102858,0.0,0.0,0.06751399216638433,0.042144305083698416,0.0,0.326999960315314,0.16642442524845294,0.038859951463019876,0.0,0.0,0.0,0.0,0.04585078627201402,0.055574328217026014,0.0,0.0,0.04482506477660554,0.034572695069730285,0.041582305089415884,0.04111975432234992,0.06947656514386094,0.0,0.14580569512797023,0.0,0.05701060860860984,0.05542289500647546,0.0,0.10428626648366068,0.13202266442421023,0.050778259503604595,0.10674616669883216,0.0,0.16793662781128404,0.07218278772132886,0.0,0.049714757534252814,0.04935989057663554,0.0,0.0,0.03935935893501121,0.16131571434790923,0.0,0.0,0.21685834663461598,0.03410425539929438,0.05948415174258599,0.0494225402020349,0.04175811013129606,0.06493338303148889,0.04536296748688009,0.16415781385564604
boil,0.12734036344170974,0.0,0.07046521823710267,0.0,0.02030004057043207,0.0,0.0,0.0,0.0,0.0,0.0,0.0775622083470028,0.029432310844161286,0.08029094239496351,0.0,0.07020972109408644,0.16092240130273075,0.025880524891681946,0.04304306972915088,0.10205427049218316,0.0,0.0,0.1865358388280246,0.11233796401933896,0.02738626518656461,0.0,0.2776649222707972,0.08450039567487833,0.0,0.047253913470863676,0.10518735086815985,0.14931933716357315,0.09735060561752251,0.0,0.04368365301221763,0.21770638040265594,0.03144997328020274,0.0,0.1391410424810303,0.028017751566238546,0.0,0.0508503121314241,0.07206462110384179,0.39569446162898586,0.1337961220005765,0.0,0.0,0.02758015587359523,0.11710988354892582,0.0,0.023568982928161012,0.07110292746976372,0.0,0.0,0.05272998052798015,0.09797965453321282,0.0,0.042114837200471954,0.0,0.0,0.2399249510594618,0.0,0.0,0.0,0.028270051285336963,0.0,0.08148608868341889,0.0,0.08152680069676763,0.04527690394452138,0.05643524176648685,0.0,0.0,0.0,0.0,0.09855732944096394,0.0,0.1008272770653592,0.056841435681902724,0.0,0.0,0.10006721921465744,0.1752273391688789,0.0,0.0,0.07051379561341295,0.07399004019876716,0.0,0.13269964318304803,0.05944063388379302,0.062221031998049035,0.14455543405829796,0.0,0.0,0.0,0.03588346997681801,0.0,0.034287970483467135,0.06506976939930119,0.14739815471099726,0.11080616950881908,0.03060678040704101,0.0,0.15021325453558199,0.07633632127003542,0.0,0.09918675491232043,0.0,0.0,0.0,0.07438265248189312,0.0,0.0,0.0,0.02829619092799204,0.04919969689939114,0.0,0.0,0.037223491094642555,0.1745468690459323,0.04404440985691434,0.0,0.12210183601909011,0.06652783993127756,0.0,0.0,0.0,0.0732735058164095,0.06177284855243704,0.09770012783250331,0.0371213806571594,0.0,0.0,0.06397976067540748,0.03803613155469763,0.028384607751799486,0.0,0.03288138455273687,0.0,0.36330196751275573,0.02929136891656225,0.0,0.0,0.0,0.17580959634044438,0.13101902078262467,0.0,0.02363368696438695,0.08398444299645154,0.11957451532361149,0.0,0.0,0.054167014981528344,0.0,0.0,0.0,0.07631827635343012,0.06570159879920448,0.26455268176749225,0.0,0.0,0.0,0.0,0.0,0.0,0.0,0.0,0.0,0.0,0.0,0.0,0.07122643006773689,0.0,0.10700308314718288,0.0,0.0,0.10665823464956331,0.11089867334829703,0.0,0.0,0.06632163881252301,0.048698834952682866,0.061945843455195534,0.043982909112216986,0.0,0.0,0.030928043776762608,0.025997865723042527,0.21768214212677875,0.0493510277965293,0.0,0.3396194827029863,0.03285766117599318,0.0,0.0,0.03612952231345532,0.08003282458039049,0.2592078571215698,0.0,0.03954466758236044,0.0,0.0,0.04097983608466453,0.11167942771085099,0.0,0.0,0.0,0.06438381351992226,0.2656353299799241,0.04916242691432282,0.06465245963788946,0.0,1.0,0.0,0.0,0.0,0.07376881050540994,0.0,0.0,0.0,0.0,0.05701502381706031,0.0,0.0,0.0,0.0,0.055954210834917924,0.02746765066823576,0.3604520889188128,0.0,0.0,0.0,0.0,0.0,0.0,0.0,0.0,0.14561716734483995,0.0,0.0,0.0,0.10999277870145169,0.0,0.25210228330247925,0.042421161477410575,0.0,0.04761840217989306,0.0,0.0,0.0,0.06524874748319005,0.06387731790413875,0.024416023068132887,0.21378203843714744,0.35219793353879686,0.0,0.0,0.12401377122640556,0.06649436611175785,0.027820650336668667,0.0,0.0,0.09388807144624062,0.06229804649351045,0.02410614883293305,0.0,0.0,0.0,0.0,0.07217865771594517,0.0
reserve,0.0,0.0,0.02697420725570882,0.0,0.0,0.0,0.0,0.0,0.09835547520787857,0.0,0.029356985925974462,0.0,0.0,0.0,0.0,0.0,0.0,0.0,0.05311144031561692,0.0,0.0,0.0,0.06527450807178621,0.0,0.1801922974203039,0.0,0.0,0.0,0.0,0.0,0.0,0.0,0.12012226155056359,0.0,0.05390186490707537,0.0,0.0,0.11710847250169797,0.0,0.0,0.0,0.0,0.0,0.04505792988327764,0.0,0.0,0.0,0.0,0.0,0.049325165763918516,0.39824787961025176,0.0,0.0,0.0,0.03027769143988058,0.05916240762874888,0.07736278715595266,0.0,0.0,0.0975457120371444,0.0,0.0,0.0,0.0,0.13953123241521398,0.0,0.0,0.0,0.0,0.0,0.0,0.0,0.0,0.0,0.0,0.11318374784412127,0.024919498766697,0.0,0.03263849964183542,0.0,0.0,0.0,0.07590855050884433,0.0,0.0,0.0,0.0,0.03534877558883376,0.05748553630297341,0.0,0.035727477784828786,0.0,0.0,0.0,0.035230520530159154,0.0,0.0,0.0,0.0,0.0,0.0,0.035148985220688,0.0,0.0,0.0,0.0,0.0,0.0,0.07467239532002434,0.13312752735268074,0.0,0.0,0.0,0.0,0.032495492289707065,0.0,0.0,0.0,0.0,0.0,0.025290414256679983,0.0,0.0,0.0,0.07029305534464916,0.0,0.0,0.0,0.03547012968913772,0.0321434967189403,0.04263038590592391,0.0,0.037589004300731074,0.05661276694278252,0.0,0.0,0.0,0.037761152408373876,0.027044081936468588,0.0,0.0,0.0,0.0,0.0,0.0,0.0,0.0,0.0,0.0,0.0,0.029789429519659846,0.0,0.0,0.03690888940664917,0.15662727031215454,0.0,0.0,0.0,0.0,0.1309702963224512,0.0,0.0,0.04188858059090647,0.0,0.04339863280182825,0.02748231917231908,0.12341859986528113,0.0,0.0,0.0,0.0,0.08788727925868817,0.0,0.0,0.0,0.0,0.0,0.0,0.0,0.04713623253059597,0.056190004518847196,0.07847784785927928,0.0355694638105227,0.0,0.0,0.03426666544401636,0.0,0.02985608371465416,0.0,0.0593418103961962,0.03501778998133821,0.0,0.0,0.0,0.0,0.1164449686773289,0.0,0.0,0.0,0.0,0.0,0.027530767387539765,0.0,0.0,0.0,0.1311420032758618,0.0,0.0,0.0,0.13519745370051747,0.0,0.04885366191046327,0.0,1.0,0.06783291501485098,0.24365153596269234,0.04235824212346586,0.0,0.0,0.09103342179606673,0.04535315007011918,0.0,0.0,0.09601004374898582,0.0,0.05580493706206885,0.032129052835942015,0.03154399236199108,0.0,0.0,0.0,0.0,0.1044538754918094,0.0,0.06019337870803624,0.0,0.0,0.0,0.03375382275973088,0.7043003235165666,0.05639657687994998,0.057382089438020645,0.04562514256141122,0.0,0.0,0.04498871745702986,0.0,0.03263298989342143,0.0,0.12979365596308373,0.03746599986105455,0.0,0.026644781352626736,0.0,0.0,0.04035522106688812,0.11244805779324649,0.0,0.09220914140243393,0.08966558508385877,0.13094565149166412,0.0,0.0,0.033992387353242615,0.19164519049518458,0.0,0.11259078154354926,0.23465520291044695,0.0,0.036822719690864876,0.1646209422982292
pull,0.06739353739018374,0.23186529569753217,0.0,0.1193876556230031,0.028072181232163613,0.10780751479915943,0.211806887456229,0.0,0.0,0.03965821794174387,0.03649121152944753,0.21412720018336462,0.0,0.032709374026068966,0.13008240688899447,0.12452596176588984,0.0,0.11611345489836197,0.0,0.07170204577749137,0.11127466180518915,0.0,0.0,0.03306760606607694,0.12286898665632479,0.0760710599908738,0.0,0.043250151785778686,0.06244744649273865,0.0,0.073292249430302,0.04466313385792441,0.0,0.0,0.030204260429609147,0.03613940481967307,0.042661324301385875,0.0,0.0,0.0,0.0,0.03426278237907781,0.0,0.04266432055959888,0.0,0.041680379812625554,0.06624308642672408,0.12373888081952153,0.0,0.0,0.0,0.10074238671279989,0.0,0.0,0.0,0.0,0.07325304911157372,0.029292527015583155,0.0,0.059452999562978615,0.031957324524811086,0.031220952191603167,0.1291042842211328,0.03503806241827721,0.0,0.12683852116532168,0.025590376430056027,0.14627144702281003,0.027331444127390463,0.02974870534421182,0.0,0.14737044619383788,0.0,0.0,0.14874858200013938,0.0,0.0,0.0,0.04057018651155959,0.0,0.0,0.12582684517385645,0.07187606577828544,0.03759492195976021,0.1735255457343457,0.03921561594069115,0.0,0.042565573086847226,0.0927501340092639,0.0,0.04440983664151649,0.0,0.11446866608482895,0.06503297439174965,0.0,0.1529839926750473,0.04806441608730138,0.03400227384715635,0.0,0.0,0.05666678757489859,0.1702294728625408,0.0,0.0,0.0,0.0,0.08735128214242484,0.04952802166770667,0.1908118775264106,0.20003092272271775,0.13399273414752888,0.0,0.0,0.0,0.0,0.0,0.0,0.0,0.06493565086507737,0.028399763883448913,0.09961514960616119,0.14950349616532033,0.0307046529231303,0.10683643433926458,0.0,0.0,0.14606750219593734,0.037110059813844895,0.0,0.0,0.0,0.09221684958570349,0.0,0.10274449775463754,0.06346036178918568,0.03729960570422302,0.06474431371953715,0.0,0.0661816293907134,0.0,0.04050595928175517,0.0,0.0,0.0407680914890648,0.0,0.057692579319306256,0.0,0.10603297486842461,0.0,0.0,0.0,0.15132876179351676,0.037452788729437025,0.0,0.0,0.0,0.13747956240888465,0.0,0.0,0.2047009432669401,0.14234954808666,0.0,0.05206818775147604,0.14866605638417937,0.1169954999951598,0.0,0.09158582565917868,0.04404436382729073,0.12862507967651132,0.0,0.054117135445205224,0.0,0.12455741543705207,0.0,0.0,0.14558170453189015,0.06147940618587807,0.03305648310584807,0.07107078786201113,0.04463221767770328,0.0,0.04783135370117105,0.0,0.0,0.058897817344747604,0.04978321086569286,0.0,0.0371115982076479,0.0,0.0,0.0864068831282095,0.03245744995355824,0.0,0.0,0.13366678880181437,0.0709718810525273,0.036891485484928786,0.0590819543470459,0.13254878356320388,0.0,0.16553508007254003,0.18447333686270279,0.0,0.2670347603304687,0.0,0.0,0.153836041024599,0.11598084930460192,0.19300729085510188,0.03668894066631169,0.046145251513683296,0.05882761374249216,0.0,0.06783291501485098,1.0,0.06525351140218336,0.0,0.0,0.0,0.09580325696198291,0.04294385778467114,0.0,0.0,0.058517027246430174,0.18733411678295322,0.09003856837320143,0.0,0.0,0.0,0.03109205906151013,0.13537457521775909,0.0,0.06366344644243538,0.0,0.10540454219102055,0.0,0.0,0.05400355404947625,0.0,0.0570944467886883,0.0,0.0,0.12299780020023765,0.0,0.0,0.0,0.0,0.0,0.13875615491457477,0.0,0.0,0.0,0.03311989708161115,0.024619858709503492,0.0,0.1504865906857109,0.39410186805823966,0.10921581142078776,0.0,0.05465015201052538,0.16276757700850453,0.0,0.0,0.04093226495624163,0.04735348319200688,0.0,0.17677430563258517,0.057980798673974626,0.0,0.04652013499324367,0.1709672910228351
fill,0.035969052408381,0.0,0.06298729051014285,0.04054736700404849,0.030932114348115082,0.0,0.0,0.0,0.0,0.0,0.11446896856505082,0.0,0.0,0.0,0.0,0.0,0.0,0.03943535741030816,0.0,0.0,0.0,0.0,0.0,0.0,0.0,0.0,0.0,0.0,0.0,0.0,0.15481535304795918,0.0,0.0,0.0,0.0,0.0,0.04553811742284337,0.11265532439537328,0.0,0.09450761789302432,0.04285392271269157,0.0,0.0,0.0433445642245144,0.07289134415473988,0.0,0.03024942067668024,0.0,0.0,0.0,0.0,0.0,0.0,0.0,0.029126356771951814,0.0,0.07442100214446652,0.0,0.05289183766436393,0.14156223461433842,0.0,0.06312094293986466,0.043847404212706824,0.0,0.04457896276701256,0.04307788808736895,0.08655955110452923,0.0,0.0,0.0,0.0,0.0,0.08775494039289546,0.0,0.0,0.10887984069195966,0.05703602564192055,0.08392489396558941,0.03139739325757094,0.036770108569155274,0.0,0.0,0.1307204366889553,0.0,0.05893409959976339,0.03581504811063671,0.0,0.03400460868347148,0.09899457121036631,0.04686588252012876,0.03436891041013298,0.04759881270925358,0.03887674140165586,0.0,0.033890850372806224,0.0,0.0,0.03877323797245886,0.05130416634252961,0.0,0.0,0.0804493878911342,0.0,0.0,0.0,0.0,0.0,0.0,0.07183291471959832,0.12806524122029453,0.092602694970548,0.0,0.0,0.0,0.031259823880216885,0.07627536169889176,0.03854524149945194,0.0,0.029652389794738304,0.0,0.024328724995865244,0.0,0.0,0.0,0.06762010282798764,0.0,0.0,0.08463417398508633,0.08118442691855389,0.03092121323691019,0.04100932964745292,0.0,0.03615965081549965,0.0,0.0,0.0,0.0,0.03632525284664447,0.026015707988025803,0.0,0.0,0.04326199914028877,0.0,0.09007033506968358,0.0,0.05268978835045326,0.04550624621810757,0.0,0.0,0.0,0.1952065873735196,0.0,0.04270790526146337,0.035505397861958554,0.15067138670023855,0.0,0.0,0.0,0.0,0.0,0.0,0.0,0.09587504865384866,0.0,0.04174836330936484,0.06290183746017619,0.11872550386176736,0.05022436463212954,0.0,0.0,0.0,0.1967516191892326,0.0,0.0,0.046201933666175234,0.0,0.0,0.07303281563640766,0.039878070538160774,0.045343837666681576,0.0,0.07549366172724754,0.034216905050023824,0.0,0.0,0.03296364668651467,0.0,0.02872078103487362,0.06153937795112352,0.03664026909518115,0.033686209081921985,0.03576414476340662,0.0,0.08853800474589664,0.0,0.11201705086165621,0.0,0.0,0.0,0.0,0.0,0.026483886815720246,0.0,0.0,0.0,0.08097289680964485,0.0,0.0,0.04030416373390877,0.028393685051846033,0.0,0.04699596035073665,0.0,0.24365153596269234,0.06525351140218336,1.0,0.0407475343610824,0.05060960052375476,0.0,0.13061009458046524,0.043628558415594085,0.0,0.0,0.13933361143902834,0.0,0.05368290742157536,0.030907318594704206,0.3180602012801921,0.0,0.0686927465914802,0.05482915360620426,0.031859395418755,0.10048192907403095,0.0,0.05790447488510328,0.04832664897421122,0.0,0.060603170514379925,0.07725612454973263,0.20507963798929293,0.09166658069369574,0.0,0.04389020816377234,0.0,0.0,0.04327798365895352,0.037933019749564256,0.07469074983246232,0.0,0.039651134874321196,0.08575259674288142,0.0,0.10389352117983963,0.0,0.0,0.038820679863887445,0.10817212587367829,0.0,0.0,0.22396904866218043,0.12596633302294186,0.04741182991774046,0.0,0.12290450943310732,0.07473942435412917,0.0,0.10830942243340456,0.1830319777264976,0.0,0.0842802499422744,0.1583610925896941
start,0.07855154647754015,0.0,0.028812111773839893,0.0,0.0,0.0,0.0,0.13568172734019301,0.0,0.0,0.12710152584420703,0.03801762990848355,0.0,0.03935513696720382,0.0,0.0,0.0,0.0,0.03580813394270924,0.042450190125899095,0.0,0.0,0.2777721188717581,0.0,0.0,0.0,0.0,0.0,0.0,0.09303753697593774,0.08226562162301937,0.0,0.08098733541291217,0.0,0.036341044168347256,0.0842456486866848,0.0,0.0,0.040033705072996625,0.0,0.0,0.0,0.09266326928612564,0.036136757867142134,0.03845484353430928,0.0,0.0,0.0,0.03924369601817298,0.0,0.0,0.05915152349907145,0.0,0.0,0.07620749194374453,0.0,0.0,0.0,0.0,0.03712540659506686,0.03845028898373178,0.07008683891322667,0.0,0.0,0.0,0.0,0.0,0.0,0.0,0.0,0.0,0.0,0.0,0.0,0.0,0.43387450729270727,0.026617404434088988,0.0,0.1885960786469264,0.0,0.0,0.0,0.0,0.0,0.0,0.0,0.0,0.0377572865693138,0.0,0.0,0.20644521911562266,0.0,0.0,0.0,0.037630974128097065,0.0,0.0,0.0,0.0,0.0,0.0,0.03754388335921079,0.0,0.13622542140239033,0.0,0.0,0.0,0.0,0.0,0.20537321414675191,0.0,0.0,0.0,0.0,0.03470959302423397,0.0,0.0,0.0,0.0,0.0683398341147468,0.06365475533518758,0.0,0.03694310445553558,0.0,0.0750825167284986,0.0,0.0,0.0,0.08927660908018017,0.034333614014630934,0.045535033969291434,0.0,0.040150154668615975,0.0,0.0,0.0,0.0,0.04033403219547117,0.028886747409768945,0.039487438965036675,0.0,0.0,0.0,0.0,0.06183699426554097,0.0,0.0,0.09793542373896416,0.0,0.049737858937400715,0.031819150971256635,0.0,0.0,0.03942369971994667,0.0,0.11079176162230976,0.0,0.0,0.0628462580416891,0.0,0.0,0.0,0.04474268528419013,0.0,0.04635562584896629,0.1415277928213741,0.0,0.0,0.0,0.0,0.0,0.059254267044044524,0.0,0.0,0.0,0.0,0.0,0.0,0.0,0.0,0.0,0.029868273547197035,0.08952662828227871,0.0,0.0,0.036601446171539494,0.0,0.031890346691604086,0.0,0.0,0.037403749049997985,0.03905202794496776,0.0,0.0,0.0,0.044318368463490014,0.044386953508369256,0.06995728414290545,0.0,0.0,0.0,0.029406593479091213,0.0,0.0,0.23783538039509197,0.0,0.0,0.0,0.0,0.03152715307623844,0.053785288758604964,0.05218233678499496,0.07376881050540994,0.04235824212346586,0.0,0.0407475343610824,1.0000000000000002,0.0,0.0,0.034646861736293035,0.0,0.0,0.0,0.036540938980833555,0.0,0.0,0.0343181859886115,0.033693262052566536,0.029931483316955186,0.0,0.0,0.0,0.03975461880464054,0.0,0.0,0.0,0.0,0.0,0.17382463264891412,0.03565260906819529,0.060239192993639466,0.038687437815633594,0.048733840246539484,0.035240340250290374,0.0,0.04805405191877565,0.0,0.0348564591133575,0.0,0.04402695164599727,0.09430011823209561,0.11870516063583722,0.12460493945861656,0.029622025504171996,0.07737485488927184,0.04310484934793111,0.04279716431625591,0.0,0.0,0.034126269974381014,0.1398677155295317,0.12459243756988174,0.0,0.03630847997114019,0.1294631217047978,0.0,0.042851484256621365,0.03620609121996968,0.0,0.03933165877656837,0.06265390132738541
sprinkle,0.0,0.0,0.035785465059021894,0.0,0.04531123096482685,0.0,0.0,0.0,0.0,0.0,0.0,0.0,0.0,0.0,0.0,0.0,0.0,0.0,0.0,0.0,0.0,0.0,0.0,0.0,0.0,0.0,0.0,0.0,0.0,0.0,0.0,0.0,0.043091452147492895,0.0,0.048752614167357246,0.0,0.0,0.06036508221261746,0.0,0.0,0.06277501653882035,0.0,0.043804986492013955,0.0,0.07042481500827476,0.0,0.0,0.0,0.0,0.0,0.0,0.0,0.0,0.09076776479989539,0.0,0.04244665433961337,0.0,0.08698566398538865,0.05110206055540699,0.11025872041982379,0.0,0.0,0.060990753146908175,0.1588342704726987,0.04307048035035417,0.050055772251971,0.05638720082247568,0.08460024879500758,0.0,0.0,0.0,0.0,0.08478545038368548,0.10652593119724975,0.0702710068876096,0.0,0.0,0.14048226482592302,0.0,0.09387263395900225,0.07268114346301638,0.0,0.055745949882115196,0.0,0.0,0.05246404751689196,0.0,0.0,0.04221640123820694,0.3344961692677752,0.0,0.04598814329101272,0.0,0.0,0.06847513093113217,0.0,0.0,0.037461212207659196,0.04956811354934325,0.0,0.0,0.0,0.106829544294736,0.05145655690821961,0.0,0.05373937148522793,0.0,0.0,0.06372972561402594,0.0,0.0455014148122561,0.052565324489804104,0.135809193377436,0.0,0.0,0.03747878907541482,0.03724093077890731,0.0,0.0,0.0,0.0,0.0,0.0,0.053243832650839894,0.0,0.280841561036012,0.0,0.08177028583290658,0.0,0.0,0.0,0.04595790319374552,0.0,0.0,0.0,0.0,0.037027623743298266,0.07339374543331953,0.0,0.0,0.0,0.04179808071415377,0.2040987225228607,0.08702249572390841,0.0,0.0,0.31351186139804255,0.0,0.0,0.0,0.0,0.0,0.15911859368017914,0.0,0.0,0.0,0.0,0.0,0.04002891233053052,0.0,0.0,0.0,0.0,0.04840463601671308,0.08009653226456474,0.0,0.0,0.0485248506409366,0.0,0.0,0.0,0.0,0.0,0.0,0.10673824624436365,0.0,0.0,0.41854457854498034,0.038528658966351124,0.08838552844828379,0.04031407433787119,0.05160851767279637,0.0,0.19160947252265312,0.0,0.0,0.0,0.0,0.05945698159622095,0.0,0.0680616612473364,0.0,0.05817670368920621,0.0,0.04771587261511082,0.0,0.0,0.0,0.05230928003069092,0.0,0.0,0.0,0.0,0.0,0.0,0.21674227970898,0.0,0.0,0.0,0.0,0.0,0.0,0.0,0.0,0.0,0.05060960052375476,0.0,1.0000000000000002,0.3136114011933032,0.0,0.08504205619615142,0.0,0.0,0.045384889014270166,0.0,0.0,0.0,0.04184799300276684,0.0,0.0663682914235395,0.052973820754080934,0.08133577736587597,0.0,0.043630855604188286,0.05137249839654736,0.04669135071447773,0.04273359522017315,0.0585524539557089,0.0,0.0,0.0,0.0,0.0,0.0,0.0,0.08744146472819417,0.04407752287119321,0.06342648992976009,0.05765455297189448,0.0,0.0,0.0,0.0,0.0,0.0,0.0,0.0,0.0,0.0,0.04238580119877838,0.0,0.045807487704883215,0.0,0.0,0.0,0.0,0.0,0.04496899853943986,0.0,0.0,0.0
spread,0.0,0.0,0.0,0.0,0.0,0.0,0.0,0.0,0.0,0.0,0.0,0.0745762519612213,0.0,0.0,0.0,0.0,0.0,0.0,0.0,0.0,0.1313139897717194,0.0,0.0,0.10154417817460919,0.0,0.20653633633064947,0.0,0.0,0.0,0.11540361407582707,0.0,0.0,0.06254868787517665,0.0,0.18143967771953345,0.0,0.0,0.0,0.061838204957129855,0.0,0.0,0.0,0.0,0.0,0.0,0.0,0.0,0.0,0.0,0.0,0.0,0.0,0.0,0.1182714374684975,0.0,0.0,0.0,0.05273809220914336,0.0,0.0,0.0,0.0,0.0,0.0,0.0,0.0,0.0,0.11023509345235745,0.0,0.14664015890291887,0.10646180716229242,0.0,0.0,0.0,0.0,0.0,0.0,0.0,0.0,0.0,0.0,0.06787514530514586,0.0,0.0,0.09940162608836718,0.0,0.0,0.0,0.0,0.5080927720148151,0.07995520695593576,0.0,0.0,0.0,0.0,0.0,0.07403839662714734,0.0,0.0,0.0,0.0,0.0998945075538615,0.0,0.0,0.0,0.07800449987465218,0.06727793032379493,0.0,0.0,0.0,0.0,0.0,0.11660354455378766,0.0,0.0,0.0,0.0,0.0,0.0,0.0,0.0,0.0,0.0,0.0,0.0,0.35617414424829497,0.0,0.06896868389566667,0.0,0.0,0.0,0.05291646065426644,0.0,0.0,0.0,0.0,0.0,0.32533894338058456,0.17248135845707552,0.0,0.0,0.0,0.06364529811437601,0.1159646658830176,0.0,0.0,0.2397236943710644,0.0,0.0,0.0,0.0,0.0,0.0,0.0,0.0,0.0,0.0,0.0,0.0,0.0,0.0,0.0,0.0,0.0,0.0,0.0,0.0,0.0,0.0,0.0,0.0,0.0,0.0,0.0,0.0,0.0,0.0,0.0,0.29261301320946004,0.0,0.0,0.0,0.0,0.11681701739722088,0.0,0.0,0.35786177652386175,0.08485191710191463,0.0,0.0,0.0,0.0,0.0,0.0,0.0,0.0,0.0,0.0,0.0,0.0,0.09482440216075769,0.07824329588723082,0.0,0.0,0.0,0.28241767369608917,0.06423529012777021,0.0,0.0,0.0,0.0,0.0,0.0,0.0,0.0,0.0,0.0,0.3136114011933032,1.0,0.0,0.0,0.0,0.0,0.0,0.0,0.20202253683077814,0.07190222282880497,0.0,0.0,0.0,0.0,0.0,0.0,0.0,0.0,0.2788125209621911,0.0,0.0,0.0,0.0,0.0,0.0,0.0,0.0,0.0,0.0,0.0,0.0,0.0,0.0,0.0,0.0,0.0,0.0,0.05975867242922695,0.0,0.0,0.08411798397010357,0.0,0.0,0.0,0.07727213149354917,0.09265370160187296,0.09660742049627269,0.061953717479587486,0.0,0.0,0.0,0.0,0.0,0.0
move,0.03058380844679778,0.04645325444498627,0.022063513082307935,0.06729029447810869,0.02630099479231119,0.029630835962628534,0.0,0.0,0.0,0.0,0.1099885803951994,0.02817610305291196,0.0,0.0,0.03575307776394219,0.028858936988182468,0.0,0.06544486138210034,0.0,0.031461217716155836,0.0,0.0,0.0,0.0,0.033770473192805114,0.0,0.0,0.0,0.05394448609230321,0.0,0.028457524721613572,0.0,0.0,0.0,0.0,0.0,0.038720204371119664,0.0,0.0,0.0,0.036437884116553756,0.0,0.0,0.03685506736184104,0.0,0.0,0.02572051320947863,0.03400956312361884,0.0,0.0,0.0,0.0,0.0,0.0,0.024765593103556575,0.0,0.06327877777160323,0.0,0.0,0.07978737144162362,0.0,0.0,0.07276686403038476,0.0,0.0,0.07148981522288836,0.023975777003357297,0.030498762327630075,0.0,0.0,0.0,0.04050468582866388,0.0,0.0,0.04088346569467618,0.0925784797896108,0.048496659378012806,0.0,0.290836357740613,0.03126493142713349,0.0,0.0,0.062089287048703284,0.0,0.09780395645602113,0.03045286149026641,0.0,0.028913478911701443,0.04702020972259386,0.0,0.06758614854419108,0.0,0.06451781140327814,0.0,0.02881675236068986,0.042047565981899765,0.0,0.0,0.0,0.0,0.0,0.06840460073814128,0.0,0.0,0.0,0.0,0.0,0.0,0.061078175733299545,0.10889146485443192,0.07552213410727956,0.0,0.0,0.0,0.026579640041071086,0.0318718814241915,0.0,0.0,0.02521286908466759,0.0,0.020686257079571887,0.031172670329738444,0.0,0.0,0.057496101052750215,0.0,0.030336431005555674,0.0,0.069029590592205,0.02629172578257575,0.03486946134219105,0.0,0.030745870685952657,0.0,0.0,0.0,0.0,0.030886678976964347,0.022120666974485392,0.0,0.11325501783814824,0.0,0.0,0.0,0.0,0.044801135590580674,0.0,0.029143104641721134,0.0,0.0,0.4447434910524759,0.04159262668734058,0.0,0.030189571710386928,0.0,0.0,0.037786181877400765,0.0,0.0,0.03416530776579203,0.039124694754052634,0.0,0.08152074982585583,0.0,0.03549784775879799,0.0534842487923142,0.0,0.0,0.0353525321836326,0.0,0.0,0.0,0.034234536911642466,0.0,0.0,0.03035494552178038,0.0,0.0,0.0,0.03855501195014395,0.0,0.06419084003101246,0.029093990517480503,0.0,0.0,0.028028368513077072,0.0,0.024420739685884162,0.0,0.03115453136555354,0.028642749721708726,0.030409579331945685,0.0,0.0,0.02776095473160769,0.09524599056520713,0.0,0.0,0.036430960032091106,0.0,0.04549722542837298,0.022518750622130136,0.0,0.037352169974773405,0.0,0.06884973052088166,0.030820415513355775,0.03187727244203012,0.09950350200840052,0.11058455806091508,0.0,0.03995978078102858,0.0,0.09103342179606673,0.09580325696198291,0.13061009458046524,0.034646861736293035,0.0,0.0,1.0000000000000002,0.03709654227870486,0.0,0.0,0.19371097379768823,0.025638968626526835,0.04564556604961004,0.026279911429758225,0.025801362077090013,0.0,0.0,0.0,0.02708944443837929,0.3744326741053463,0.0,0.04923508542821029,0.0,0.0,0.0,0.06568942900537549,0.07662213625331944,0.07794236870848693,0.0,0.03731901813621653,0.0,0.0,0.03679845515976593,0.0322537329217756,0.06350813915496586,0.0,0.03371461388323425,0.07291381943630769,0.0,0.02179405965024222,0.0,0.0,0.19452647354831443,0.0919767231964281,0.0,0.0,0.18091032067587437,0.10710680270858425,0.0,0.0,0.10450339172332386,0.1446249331471192,0.0,0.09209346387770595,0.11605318144465948,0.0,0.07166191065634415,0.134651457208261
minced,0.0,0.0,0.0,0.0,0.0,0.0470359397718263,0.0,0.0,0.07801425419818253,0.0,0.0,0.0,0.0,0.0,0.0,0.0,0.038944198951784005,0.07745072102361958,0.05979120634501279,0.0,0.0,0.053435375550591184,0.0,0.0,0.0,0.0,0.04468435518935957,0.0,0.0,0.0,0.04000317349189326,0.0,0.029352057054917075,0.06248377558942318,0.0,0.0,0.03463620547439512,0.09686790742575666,0.047098556319712534,0.0,0.0,0.0,0.09857264701622723,0.02852540440810378,0.0,0.0,0.0,0.0825370801903757,0.0,0.03912406515387958,0.0,0.0,0.21590439961830257,0.0,0.0,0.028912848323194944,0.0489770567684384,0.11438924737288506,0.0,0.08344514500909034,0.0,0.07325886658080308,0.1858845401716197,0.13682594155494743,0.0,0.4261071698865885,0.0,0.04504540251953422,0.0,0.0,0.0,0.0,0.0,0.35836043826771546,0.08629038141326056,0.0,0.0,0.0,0.0,0.35974347806902307,0.22394138742192238,0.0,0.048056404431073806,0.0,0.0,0.0,0.0,0.0,0.03639310937956841,0.0,0.0,0.0,0.10045243510087784,0.0,0.0,0.06210250482543196,0.0,0.0,0.0,0.05901862028203564,0.0,0.0,0.4533390377955777,0.15854528694702474,0.0,0.24713364672108734,0.0,0.0,0.18739977678095127,0.05425008584167645,0.0,0.319017294142283,0.17304387817107053,0.0,0.0,0.08960557283864073,0.0,0.0,0.0,0.0,0.0,0.0,0.0,0.0,0.0,0.0,0.18044758237138836,0.0,0.0,0.0,0.0,0.0,0.0,0.0,0.0,0.0,0.025221636091568245,0.0,0.0,0.0,0.0,0.0,0.2066040139730084,0.0,0.0,0.0,0.03480386904768093,0.046261715883443015,0.0,0.0,0.0,0.06143057842313314,0.09211531437596929,0.0,0.0,0.0,0.0,0.0,0.027265985712211928,0.0,0.03677177222441537,0.0,0.0,0.14914186583693045,0.054558337390987505,0.0,0.0,0.0,0.09159026824551285,0.0,0.0,0.0,0.05056298608739698,0.031561895743964175,0.04229967317210016,0.12347566336706652,0.0,0.03343219630783508,0.0,0.259181073519645,0.027460225894248708,0.06713360595620288,0.0,0.42642599230685774,0.024288840391956997,0.0,0.0,0.030130450989340925,0.0,0.0,0.0,0.0,0.3821762256625072,0.030420344634844082,0.05859345169210126,0.047451865682452424,0.0,0.0,0.03563084777712242,0.0,0.0,0.0,0.028302077732455754,0.0,0.0,0.0,0.0,0.0,0.0,0.0,0.0,0.0,0.0,0.04535315007011918,0.04294385778467114,0.043628558415594085,0.0,0.08504205619615142,0.0,0.03709654227870486,1.0000000000000002,0.0,0.03469514999612326,0.039124538843473895,0.0,0.035329150757435916,0.0,0.0,0.0,0.0,0.06806101741895328,0.7494380084835065,0.042565439504591955,0.4671482360586424,0.23002053618683801,0.0,0.39268907555958715,0.0,0.0,0.038173400226289886,0.0,0.0,0.0,0.0,0.0,0.0,0.030023726323410712,0.0,0.17764223247652428,0.0,0.0,0.0,0.0,0.0,0.0,0.0,0.045823105929493374,0.0,0.0,0.0687821254224926,0.0,0.0,0.0,0.0,0.0316605829055078,0.0,0.045881266520766566,0.03876601592118554,0.0,0.0,0.1262800916286446
cream,0.10139815787849693,0.08885123711739065,0.0,0.0,0.0,0.0,0.0,0.0,0.08409701170210596,0.0,0.0,0.0,0.0,0.0,0.0633645113309409,0.0,0.0,0.0,0.0,0.0,0.0,0.09464883232843181,0.0,0.06150047578239804,0.0,0.07929385602971158,0.0,0.0,0.0,0.0,0.0,0.0,0.0,0.0,0.0,0.0,0.0,0.0,0.0,0.0,0.07233239651758588,0.08590531356057868,0.0,0.0,0.05051025877055955,0.0,0.0,0.0,0.0,0.2658392782235456,0.0,0.0,0.05651560573307803,0.0,0.0,0.0,0.0,0.0432993860893676,0.0,0.0,0.0,0.0,0.0,0.05179227424336791,0.06667734013964574,0.0,0.0,0.05218849100950746,0.08489792893701947,0.0,0.20619244845815182,0.0,0.19295003656025078,0.0,0.0,0.0,0.0,0.0,0.0,0.0,0.0,0.057717595234383814,0.0,0.0,0.0,0.0,0.04267658505036884,0.06726919414627025,0.0,0.0,0.0,0.0,0.0,0.0,0.06704415318323124,0.0,0.0,0.05373604523477653,0.07673631546073445,0.06548564273568608,0.05269559565262176,0.0,0.0,0.0,0.0,0.06404378344567828,0.0,0.0,0.0,0.0,0.18344610636198927,0.0,0.0,0.08344011339988854,0.0,0.0,0.0,0.0,0.0,0.04488202770079189,0.0,0.0,0.0,0.0,0.0,0.0,0.0,0.0,0.0,0.0,0.0,0.0,0.08418227374901867,0.0,0.08971147790539485,0.05894703714143167,0.0,0.0,0.0,0.0,0.0,0.059957044196327004,0.05225449424485409,0.062414488094261394,0.0,0.0,0.0,0.0,0.0,0.0653304472135027,0.0,0.07117195119644537,0.0,0.0,0.0,0.221927407937423,0.0,0.0,0.04127413434428492,0.0,0.0,0.14149473382264893,0.08603044540866257,0.0,0.0,0.0,0.0,0.15703673720876743,0.0,0.0,0.0,0.07514637631166776,0.0,0.3578412117536357,0.101585902174056,0.0,0.0,0.0,0.08768139017405471,0.0,0.0,0.0,0.0,0.0,0.09160218520940655,0.0,0.0,0.056816527825727436,0.0,0.0,0.0,0.0,0.0,0.0,0.0,0.0,0.0,0.0,0.0,0.0,0.0,0.0,0.0924012730182983,0.0,0.0,0.0,0.0,0.09781475880482368,0.06802870234438078,0.0,0.0,0.0,0.05701502381706031,0.0,0.0,0.0,0.0,0.0,0.0,0.0,0.0,1.0000000000000002,0.07699380929102269,0.0,0.0,0.0,0.0,0.0,0.039314864624978324,0.0,0.0,0.0,0.0,0.0,0.0,0.0669761704495245,0.050927672626174064,0.0,0.0,0.0,0.0,0.0,0.0,0.054473667798785104,0.0650156180360193,0.0,0.0,0.07308305552545677,0.0,0.0,0.0,0.0,0.0,0.03890839322201176,0.0,0.0,0.0,0.06906311761405125,0.0,0.0,0.0,0.0,0.0,0.0,0.0,0.0678364778640255,0.0,0.0,0.14810170008689413,0.08246614473742465,0.2518353834159721
combine,0.0,0.0,0.0,0.0894986188409896,0.0,0.0,0.0,0.0519642718259995,0.134044833398334,0.17391030989966216,0.0,0.0,0.14570054440805502,0.1105274094216677,0.0,0.0,0.05332939406973874,0.0,0.0,0.0,0.0,0.0,0.0,0.0,0.0,0.0,0.0,0.0,0.03471399027925036,0.0,0.0,0.0,0.0,0.0,0.0,0.0,0.04743011540977771,0.0,0.0,0.0,0.13012777370224982,0.0,0.0,0.0,0.0,0.08402177293881308,0.0,0.0,0.0,0.0,0.0,0.05642210648365526,0.0,0.0,0.0,0.0,0.0,0.0,0.0,0.0,0.0,0.0,0.04566915717918151,0.0,0.0,0.044867669531030475,0.0,0.0,0.0,0.0,0.0,0.0,0.0,0.043460063487182544,0.052618101812246194,0.0,0.03443784516314166,0.0,0.0,0.03829781712035026,0.0,0.0,0.0,0.041797377755455375,0.0,0.0,0.0,0.04885072817201984,0.0,0.0,0.0,0.0,0.040491975421707876,0.061861325968676835,0.12036283709723797,0.0,0.0,0.0,0.0,0.22154552834528468,0.0,0.0,0.04358393045876394,0.0927242455505643,0.0,0.0,0.0,0.0,0.0,0.0,0.0,0.0,0.04152040360583683,0.2884256947571934,0.06611119277568936,0.0,0.0,0.0,0.0,0.0,0.0,0.1207756870124285,0.0,0.0,0.0,0.0,0.07808757834727172,0.0,0.0,0.15469744561835513,0.0,0.0,0.1100859905906513,0.0,0.0,0.0,0.0,0.0,0.0,0.0,0.0,0.10763951218403017,0.0,0.0,0.0,0.0,0.0,0.0,0.0,0.0,0.17031815365295433,0.0,0.0,0.0,0.060453835480352186,0.08992190861953668,0.0715938453653806,0.0,0.0,0.0,0.050354517088062684,0.21089621302060882,0.0,0.0,0.0,0.0,0.0,0.147368005965392,0.04549964407741789,0.05554612409592336,0.10909251995584437,0.05652010915361303,0.0,0.12600485062759192,0.0,0.039067617845769266,0.0,0.0,0.0,0.03605920769280038,0.0,0.0,0.0,0.08319283481344429,0.03326064409139234,0.0,0.0,0.04126002684761612,0.0,0.0,0.0,0.0,0.052146895314939504,0.041657001310449256,0.035729083081699364,0.0,0.0,0.0,0.0,0.0,0.0,0.03804652386434144,0.35167036127204093,0.0,0.0,0.0,0.0,0.06039817733608499,0.0,0.0,0.0,0.06751399216638433,0.0,0.0,0.0,0.0,0.0,0.0,0.0,0.0,0.03469514999612326,0.07699380929102269,1.0,0.0,0.0,0.0,0.0,0.06417539212412605,0.0,0.0,0.0,0.03318307578607279,0.0,0.07821734527441021,0.04604792169496334,0.0,0.0383044100999971,0.0,0.0,0.0,0.0,0.0,0.06305229530442942,0.0,0.3282869727307385,0.0,0.0,0.17787946645810368,0.05167886366193049,0.0,0.0,0.0,0.0,0.02825518225721068,0.0,0.0,0.0,0.0,0.0,0.044152885165173225,0.0,0.0,0.0,0.04697624873422229,0.0,0.3149859769390452,0.0,0.0,0.5621080969956893,0.0,0.08106219966421391
dump,0.0,0.0,0.2686369410833583,0.0,0.0,0.0,0.0,0.0,0.0,0.0,0.02532522072694665,0.0,0.0,0.06079766564336084,0.0,0.0,0.0,0.0,0.0,0.0,0.0,0.0,0.0,0.0,0.0,0.0,0.0,0.0,0.0,0.0,0.0,0.0,0.0,0.0,0.0,0.0,0.0,0.0,0.0,0.0,0.0,0.0,0.09366047618231288,0.03886986295768423,0.06536636389791455,0.0,0.0,0.0,0.0,0.0,0.0,0.0,0.0,0.0,0.026119480410927313,0.06162045859175838,0.06673810675648442,0.0,0.047431518077903564,0.12694797508959205,0.059399813942246284,0.0,0.0,0.0,0.0399768276495782,0.0,0.09990246009125597,0.0,0.0,0.055294602684807695,0.0,0.0,0.0786955081440736,0.0,0.0,0.09763956708918499,0.02149715942443189,0.075260858784587,0.02815606512569509,0.0,0.0,0.0,0.11722543647110005,0.0,0.0,0.0,0.0,0.030494123152556,0.08877480914493516,0.04202765591349631,0.030820815978840586,0.04268492162878337,0.0,0.0,0.030392108747175146,0.0,0.0,0.03477046022676996,0.046007750927266416,0.0,0.0,0.03032177115480093,0.0,0.18472075182572895,0.0,0.0,0.0,0.0,0.06441720204035771,0.11484435164906516,0.04223315372767997,0.0,0.0,0.0,0.02803269780292704,0.03478677458888457,0.034566001102098405,0.0,0.0,0.0,0.02181713493821757,0.0,0.0,0.0,0.21226498974897545,0.0,0.0,0.07589691586924621,0.030598810990199395,0.027729043826083027,0.03677570767873719,0.0,0.03242668825820759,0.0,0.0,0.0,0.0,0.03257519426746798,0.023329961261204086,0.0,0.23889290335129634,0.03879582152789117,0.0,0.0807718717063771,0.0,0.0,0.040808382454935004,0.0,0.0,0.0,0.025698274332982766,0.0,0.148742005350897,0.0318399774883847,0.0,0.0,0.0,0.0,0.048543926889888615,0.0,0.0,0.0,0.03613577879139807,0.0,0.03743844677125263,0.02370801283491353,0.0,0.045039423173702665,0.0,0.0,0.0,0.0,0.0,0.0,0.04143225020517247,0.0,0.0,0.12501538055778766,0.0357612347607479,0.04066274024465956,0.0,0.06770002970412278,0.030684502980383103,0.0,0.0,0.02956062547205598,0.0,0.02575577452066772,0.055186324519752486,0.0,0.03020859371883267,0.0,0.0,0.0,0.0,0.10045290554458908,0.0,0.0,0.0,0.0,0.0,0.02374980737565366,0.0,0.0,0.0,0.0,0.0,0.06644629075017189,0.0,0.12276147078275064,0.0,0.042144305083698416,0.0,0.09601004374898582,0.058517027246430174,0.13933361143902834,0.036540938980833555,0.045384889014270166,0.0,0.19371097379768823,0.039124538843473895,0.0,0.0,1.0,0.0,0.048140921289192194,0.09962781144325641,0.2727397519853101,0.0,0.061601210993088004,0.04916883408308977,0.0,0.09010861875552945,0.0,0.05192667278328942,0.04333761929412374,0.0,0.054346767001589524,0.029118214448987084,0.08081092096375316,0.04865130777833899,0.0,0.03935917702790509,0.0,0.0,0.03881015587548606,0.0,0.028151312062996963,0.0,0.03555772693199305,0.03232057673187251,0.0,0.02298549894318232,0.04576149750876381,0.0,0.034813004426977635,0.09700491362128462,0.0,0.08489535388724244,0.23014166711323325,0.1129621254587343,0.042517242114371516,0.0,0.029324015582780368,0.06702365646435919,0.0,0.09712803629091117,0.1238044344245634,0.0,0.03176564195960397,0.14201259320330642
peel,0.08571058891574262,0.14744226088251713,0.0,0.07591815676237179,0.0,0.06855438919522044,0.04040316670758663,0.0,0.0,0.05043702032519873,0.046409245627362636,0.06518869522041708,0.0,0.0,0.08271890847249808,0.02124389691640641,0.0,0.07383610495737024,0.050273022657688474,0.023159510909924432,0.0,0.0,0.0,0.0,0.07813192194395813,0.03293523275590641,0.0,0.05500521450287152,0.03971009404201838,0.0,0.04660626304018348,0.028401117184441868,0.0,0.0,0.0,0.04596182052627764,0.054256348181092214,0.0,0.0,0.0,0.0,0.0,0.0,0.0,0.0,0.026504395215885455,0.04212372705975479,0.07868508433837505,0.0,0.0,0.0,0.03279925393556568,0.0,0.0,0.0,0.0,0.0,0.03725401334552337,0.0,0.0,0.0,0.01985328491780818,0.08209692398302927,0.04456114162623719,0.0,0.08065613386147238,0.0,0.11546447730999758,0.0,0.0,0.0,0.09371230700445037,0.0,0.0,0.09458865832935631,0.0,0.0,0.0,0.02579842751238176,0.0,0.0,0.22420247505711538,0.0,0.0478129361685914,0.11034423546212858,0.02493706123118417,0.0,0.0,0.0,0.0,0.02824004644658055,0.0,0.07279018999794509,0.04135422141286176,0.0,0.09728193989094455,0.030563979635634498,0.0,0.0,0.0,0.0,0.03247207800091565,0.0,0.0,0.0,0.0,0.055546348543969885,0.03149468086526884,0.07637513919702031,0.11309696885439284,0.0852054707243193,0.0,0.0,0.0,0.0,0.0,0.0,0.0,0.041292333751897004,0.0,0.10332546584502067,0.11801580822574345,0.0,0.0686137534647698,0.0,0.0,0.0928837698649193,0.0,0.0,0.0,0.0,0.059224591516021705,0.0,0.0659857817456885,0.04035420303185814,0.0,0.5466005645159859,0.0,0.042752871310457276,0.0,0.0,0.0,0.0,0.0518485490718221,0.0,0.03668649206597502,0.0,0.06742596599317661,0.0,0.0,0.0,0.09622938486014002,0.0,0.0,0.0,0.0,0.0874227315723334,0.0,0.0,0.130168552345295,0.0905195369680549,0.0,0.06621992566017912,0.0,0.10870054647675662,0.0,0.03184474091322393,0.0,0.08179219963317944,0.0,0.03441288088638868,0.0,0.07920558739277239,0.0,0.0,0.11492000497576176,0.08213283218700297,0.04204098410923034,0.10195034027657111,0.0,0.0,0.0,0.0,0.0,0.03804757949583129,0.1862853663798506,0.0,0.047198248692095365,0.0,0.0,0.0281319650444891,0.0,0.0,0.0,0.08499820331695802,0.0,0.0,0.03816653071590894,0.08428726803204042,0.0,0.10526312869651058,0.043522252223708376,0.0,0.19730240085351883,0.13406946916227572,0.0,0.5927695733480326,0.07375178156394979,0.09947297878584832,0.04666071604162964,0.05868718034496506,0.0,0.0,0.0,0.18733411678295322,0.0,0.0,0.0,0.0,0.025638968626526835,0.0,0.0,0.0,0.0,1.0000000000000002,0.2668539445688944,0.0,0.0,0.0,0.039542644531866435,0.16892304786562023,0.0,0.0,0.0,0.030782979827167864,0.0,0.0,0.03488591951936066,0.0,0.0,0.0,0.0,0.11427728500461883,0.0,0.0,0.0,0.0,0.0,0.08915850019604184,0.0,0.0,0.0,0.04212163352189841,0.0,0.0,0.1594897524189179,0.0,0.06944991966803842,0.0,0.0,0.2070065680187822,0.06662600668340422,0.0,0.0,0.0,0.0,0.1004835911656394,0.0,0.0,0.02958197715328362,0.0
coat,0.0,0.0,0.0,0.0,0.0230944860104111,0.0,0.0,0.0,0.0,0.0,0.0,0.0479694674901134,0.0,0.026909422342601925,0.0,0.0,0.0,0.0,0.0,0.029025692264100122,0.43950297657042553,0.0,0.0,0.09252010239312881,0.0,0.07936315740204197,0.0,0.0,0.0,0.0,0.0,0.0,0.0,0.0,0.14712616407536502,0.0,0.0,0.0,0.0,0.0,0.0,0.028187383865446277,0.0,0.035099180436268855,0.0,0.0,0.0,0.0,0.0,0.0,0.0,0.040445376403372944,0.0,0.0,0.0,0.0,0.0602639853289665,0.0,0.0,0.04891092912691211,0.026290724545580107,0.0,0.0,0.0,0.0,0.0,0.021052749181739765,0.0,0.022485094721501363,0.08323412523451622,0.06847912121228404,0.0,0.0,0.0,0.0,0.0,0.0,0.0,0.0,0.0,0.0,0.15142848277142934,0.059131165543279164,0.0,0.0,0.0,0.0,0.035017942640418014,0.15574301259463644,0.062393844131254976,0.0,0.0,0.0,0.0,0.0,0.0,0.0,0.027973068112911892,0.0,0.0,0.04661876190098136,0.06425485602357124,0.0,0.0,0.0,0.0,0.0,0.0,0.05816822663037261,0.06675220180573956,0.0,0.0,0.0,0.0,0.0,0.0,0.0,0.0,0.0,0.02336398245227269,0.06313455737085472,0.0,0.025260173818459915,0.02713761957272817,0.0,0.0,0.0,0.03052978855217748,0.0,0.0,0.0,0.02342408559148796,0.0,0.02609822305003342,0.0,0.030685724597099173,0.2684051170690154,0.0690300842556359,0.07622948730525905,0.0,0.03332353486301133,0.0,0.0,0.0,0.0,0.0,0.07882491674542297,0.0,0.0,0.0,0.0,0.0,0.030811745557265388,0.0,0.0,0.0,0.0,0.0,0.0,0.0,0.0,0.0,0.0,0.0,0.0,0.0,0.03414732445953034,0.0362345175757625,0.0,0.0,0.0,0.0,0.0,0.0,0.0,0.0,0.0,0.0,0.4090723963944298,0.03671813452067463,0.0,0.039350007032766005,0.0,0.0,0.023842414853558924,0.0,0.14940821976722968,0.054579053946162324,0.0,0.0,0.03469005476240777,0.02670216887269276,0.0,0.0,0.0,0.058387308793169425,0.2050655044814612,0.023916955320364152,0.0,0.0,0.0,0.07760131358877789,0.0,0.0,0.0,0.0,0.3207831630357382,0.0,0.030091830614572754,0.0,0.0,0.326999960315314,0.0,0.05580493706206885,0.09003856837320143,0.05368290742157536,0.0,0.0,0.20202253683077814,0.04564556604961004,0.035329150757435916,0.0,0.0,0.048140921289192194,0.2668539445688944,1.0000000000000002,0.0802064176946499,0.0,0.0,0.0,0.31822344254678664,0.0,0.05237478915798739,0.0,0.046889376982366185,0.12867720573437413,0.0,0.021861169008651357,0.0,0.04697058955727954,0.0,0.0,0.0,0.0,0.0,0.0,0.0,0.0,0.03704525093388468,0.0,0.0,0.0,0.0,0.020254321452352057,0.0,0.0,0.056383195840428904,0.0,0.0,0.04495971156056273,0.0,0.17239302516374025,0.05959737329171252,0.09581476148115153,0.038956871433597266,0.0,0.05645475973688318,0.04769977554556296,0.0,0.0,0.14065176047812344
dip,0.0,0.0,0.11078317491617576,0.0,0.025619187284365474,0.0,0.0,0.0,0.0,0.0,0.023784709954110986,0.0,0.03714435353525897,0.057099397426997295,0.0,0.17823668752535973,0.0848151193731762,0.0326619058674901,0.0,0.1621099282104988,0.11996485369709564,0.0,0.0,0.0,0.034562189883296554,0.0,0.03096359259992621,0.0,0.0,0.07720481886366991,0.05543962585822882,0.0,0.04184496435605784,0.0,0.06512623133936249,0.0,0.0,0.0,0.04136965250874002,0.03535914237076876,0.0,0.03126884339316435,0.03122335234737732,0.23905806054883927,0.029168294947425285,0.0,0.0,0.03480688505060409,0.0,0.0,0.029744678866211634,0.0,0.0,0.0,0.024530655524157813,0.149686203522964,0.0,0.06117892316420479,0.0,0.028159906791503434,0.055786575808250485,0.0,0.0,0.0,0.03567755127901448,0.0,0.04467205862520265,0.0,0.0,0.1890149533220562,0.0,0.0,0.0,0.0,0.0,0.09170023860010079,0.020189506234129538,0.03358349456998623,0.026443356592393184,0.0,0.0,0.0787386901087563,0.22244647469106696,0.0,0.06649951648710213,0.0889902721959459,0.024644562320547556,0.028639192617845765,0.2814932827395321,0.0750156496725603,0.08243590862118157,0.2991127963476101,0.0,0.0,0.028543383658497068,0.0,0.04953155970314436,0.0,0.08211976734762205,0.09640084003252503,0.0,0.0671038897787065,0.0,0.10683356541059164,0.0,0.052184875938258365,0.07804588974518445,0.0,0.0,0.038431815026449205,0.0,0.0,0.0,0.0,0.062038033793074245,0.06209131675507233,0.0,0.0,0.0,0.025918145218021563,0.08615408737787562,0.0,0.0,0.09135631212098497,0.05695066712150066,0.049620004901554784,0.0,0.04613993062584676,0.02873751238693752,0.06136602941414204,0.08138683660691035,0.03540102095099726,0.03045420149776642,0.0,0.04800260248208072,0.0,0.0,0.12862548982079774,0.021910820356561053,0.17423475306753647,0.03696648110062755,0.0,0.04257859471555251,0.0,0.0,0.0436397441355669,0.0,0.02982633706863617,0.0,0.07545309803407033,0.024135071039314213,0.0,0.06836020335191224,0.029903179825037526,0.0,0.0,0.0,0.0,0.06942572810192205,0.0,0.0,0.0,0.03393767133507397,0.0,0.03516109917412064,0.022265875387485496,0.0,0.0,0.0,0.0,0.0,0.0,0.0,0.0,0.0,0.0,0.06975625601802016,0.11435128305498993,0.0,0.0,0.028735097266590733,0.0841145312417125,0.02881799180916587,0.0,0.0,0.027762478775430807,0.03903200799559145,0.05699906663685955,0.0,0.03034690437047979,0.028371031686981893,0.0,0.0414672361108526,0.0,0.0,0.07921223502886598,0.11321302887461504,0.02653156936889557,0.0,0.049906414786485574,0.06343736157055546,0.022305127603285988,0.0,0.0,0.0,0.0,0.042973298355381176,0.062404421665623475,0.06676297051136829,0.023913588387374174,0.0,0.16642442524845294,0.055954210834917924,0.032129052835942015,0.0,0.030907318594704206,0.0343181859886115,0.0,0.07190222282880497,0.026279911429758225,0.0,0.0,0.0,0.09962781144325641,0.0,0.0802064176946499,1.0000000000000002,0.12652860331349247,0.04540652117458003,0.0,0.0,0.0,0.030154184499064377,0.0,0.0,0.05269238479110514,0.0,0.04850208684751202,0.02734697922351579,0.02704277852589756,0.04569189176561581,0.0,0.03696499310843707,0.12876474465663088,0.0,0.03644936842702753,0.0,0.02643889265429418,0.0,0.033394781858902337,0.030354544641706626,0.0,0.02158731137661558,0.06544640055153784,0.06932316046708857,0.03269536016504742,0.032461978699152155,0.09758122568458319,0.0,0.06099543398345416,0.10609073929914861,0.05169492275388596,0.0,0.027540261656402627,0.09429849878602459,0.0,0.0325031807922173,0.027462599000181564,0.0,0.029833366060711526,0.047523466631545705
throw,0.0,0.0,0.08118603809454264,0.0,0.02515266952141228,0.0,0.0,0.0,0.0,0.11911293525742435,0.09465193453356248,0.0,0.03646796593071592,0.2655261900608996,0.0,0.028997674589910073,0.04163533066707644,0.0320671422986868,0.0,0.031612465625777623,0.0,0.0,0.0,0.0,0.0339328227090709,0.0,0.0,0.0,0.0,0.0,0.0,0.0,0.0,0.0,0.0,0.0,0.0,0.0,0.0,0.0781463218710667,0.0,0.0,0.0,0.05382176204695547,0.06027228882626866,0.0,0.0,0.03417306205032936,0.0,0.0,0.029203037131428952,0.0,0.0,0.0,0.024083959600049037,0.05681830618037608,0.0,0.025425649550374314,0.043735125936093175,0.16610027609532613,0.05477071889366498,0.052193353655017705,0.0,0.0,0.036861388010144665,0.0,0.09211694776963208,0.0,0.0,0.05098543141786763,0.0,0.0,0.0725626777037373,0.0,0.0,0.09003040459252086,0.01982186134442519,0.06939569447463742,0.025961830952039043,0.0,0.0,0.0,0.0930459829587929,0.0,0.0,0.0,0.024195792187633985,0.028117681458082452,0.12675971827638605,0.038752392895302294,0.028418914740907332,0.07675915480874995,0.0,0.0,0.09378813097928594,0.0,0.0,0.03206075872115364,0.04242231457857948,0.08613164787191607,0.0,0.027958761047507046,0.0,0.10488815803328275,0.0,0.0,0.0,0.0,0.0,0.037731983131964734,0.03894187603113937,0.0,0.0,0.06954847468423346,0.1215673995038527,0.032075801686476356,0.03187223332857381,0.0,0.0,0.0,0.020116900802552976,0.0,0.0,0.0,0.05591361245113537,0.0,0.0,0.06998218290738008,0.028214210853489765,0.12025056497820547,0.07990480657503407,0.0,0.13695443817830527,0.0,0.0,0.0,0.0,0.03003657233446454,0.021511830849838872,0.05881223632827134,0.0,0.09458509210425001,0.0,0.07447722789243899,0.0,0.0,0.03762813880389558,0.029283208362330972,0.0,0.0,0.0960462065076057,0.0,0.0688719429105588,0.029358651835046334,0.0,0.0,0.06568956277791575,0.0,0.06816150629012122,0.0,0.0,0.0,0.03331967645743234,0.11218178719542725,0.034520826040253645,0.021860420434497842,0.0,0.04152944970801035,0.0,0.0,0.0,0.0,0.0,0.0,0.03820338783090941,0.0,0.0,0.11527278978638837,0.03297432106901333,0.0,0.028211839711764504,0.08258283070370646,0.028293224769431555,0.0,0.0,0.027256932313375257,0.03832124676606615,0.05596113062574824,0.05088559149334653,0.0,0.02785440365782649,0.0,0.040712130103329386,0.07321017681904306,0.0,0.19593856433223195,0.03305476460422787,0.026048437400178977,0.0,0.04899763385113507,0.0,0.02189895787915033,0.10470033630699349,0.0,0.0,0.0,0.0,0.11668524757150109,0.0,0.02347812907186851,0.0,0.038859951463019876,0.02746765066823576,0.03154399236199108,0.0,0.3180602012801921,0.033693262052566536,0.04184799300276684,0.0,0.025801362077090013,0.0,0.0,0.06417539212412605,0.2727397519853101,0.0,0.0,0.12652860331349247,1.0000000000000002,0.04457968196041108,0.05680055856895799,0.0453370509293606,0.0,0.029605085788787715,0.10111815233676105,0.0,0.03996026934001808,0.0,0.05011146164729894,0.02684899888443346,0.0265503375908317,0.044859856038057706,0.0,0.03629187160379621,0.02624332285671752,0.10838281207474777,0.03578563629411905,0.0,0.14778889914517385,0.0,0.03278667283677764,0.029801797432963056,0.0,0.0859073239538026,0.06425464110812745,0.02881035318372242,0.032099987403458874,0.031870855744482764,0.0,0.0,0.1392856654485558,0.10415885856388059,0.039203825086797456,0.0,0.027038761701838058,0.24085575246577745,0.05654263124958845,0.031911307559716204,0.06544872678912135,0.0,0.029290109358556093,0.046658078471701184
fry,0.1283781464221687,0.0,0.03812141363699625,0.0,0.03294673298943005,0.0,0.0,0.0,0.0,0.0,0.0,0.11199565138591563,0.04776830288984242,0.07272756226658676,0.0,0.14817908089320542,0.05453688012109559,0.04200379503056307,0.10445845599230198,0.06211234138925413,0.0,0.0,0.15062466840694505,0.09496032831824652,0.04444759425721008,0.10099474038539061,0.041904075317130876,0.13714317289870082,0.0,0.0766925595261035,0.0,0.0,0.03949972905856559,0.0,0.017724516938807933,0.2713916566300539,0.05104294587946705,0.0,0.3338413462608142,0.0,0.0,0.04231718152207738,0.0,0.2857412495229916,0.018755474455979883,0.0,0.0,0.044762276618192126,0.05942442586628277,0.031024820157028423,0.03825218893885336,0.02884980892015104,0.0,0.0,0.021395038386322684,0.040945328611721774,0.0,0.0683518976882386,0.0,0.0,0.40606825658829554,0.0,0.0,0.0,0.0,0.0,0.0,0.0,0.2691606153473881,0.07348389574260186,0.0,0.0,0.0,0.0,0.0,0.03998935378942472,0.0,0.0,0.02306324952467387,0.0,0.0,0.040994613136902794,0.0593848483047061,0.0,0.0,0.0,0.20882168736494844,0.0,0.0,0.0,0.02524600530296961,0.04899008661484941,0.0,0.0,0.0,0.05823846016260891,0.0,0.05564898278645195,0.0,0.04132440139825231,0.10498178648551387,0.0,0.0,0.12631989331372456,0.0,0.0,0.0,0.0,0.0,0.0,0.0,0.0,0.0,0.0,0.045924393298029956,0.0,0.0,0.0,0.0,0.2193561219018227,0.0178708929940071,0.0,0.18467545442149638,0.0,0.0,0.0,0.0,0.20883301877055915,0.025064156155160902,0.04542693405393112,0.0602475749970579,0.0,0.0,0.0,0.0,0.04606789278886351,0.0,0.0,0.0,0.3555893071898112,0.0,0.0,0.0,0.0,0.3770678263932393,0.0,0.0,0.038357202847445225,0.04837555989433026,0.07066024075817223,0.0,0.0,0.04395622198977919,0.0,0.0,0.0,0.0,0.1066329412054951,0.5461108451387208,0.0,0.0,0.0,0.0,0.0,0.0,0.0,0.0,0.0,0.0,0.0,0.0,0.02889991974511227,0.0,0.07417036715039835,0.0,0.0,0.0,0.0,0.0,0.0,0.03695384894763708,0.07903765051678495,0.025134348340860497,0.07138375697284334,0.06506154890731615,0.0,0.0501958602822986,0.08254885707422438,0.0,0.08966893284617951,0.0,0.3070485690368411,0.05332760718712043,0.0,0.0,0.05863780028257017,0.06494617812933505,0.3846787075109042,0.0,0.0641805418797776,0.0,0.0,0.0665098038965799,0.0,0.0,0.0,0.0,0.0,0.09035258217130888,0.0,0.026232550095269466,0.0,0.3604520889188128,0.0,0.0,0.0,0.029931483316955186,0.0,0.0,0.0,0.0,0.039314864624978324,0.0,0.0,0.0,0.0,0.04540652117458003,0.04457968196041108,1.0,0.0,0.0,0.0,0.0,0.0,0.0,0.04757062704743212,0.0,0.0,0.0,0.0,0.0,0.23590713389498785,0.0,0.3325698345589688,0.06884905847594543,0.0,0.0,0.0,0.0,0.0,0.026474492178535255,0.036793731171038416,0.03962692536985493,0.6234976828413791,0.6251353067305025,0.0,0.0,0.0,0.03830116716509957,0.0,0.0,0.0,0.0642491423017391,0.10110901485459947,0.03912400304061076,0.0,0.0,0.0,0.0,0.0,0.0
season,0.044893740523858916,0.0,0.0485718491653347,0.0,0.0,0.0,0.0,0.0,0.0,0.026418048597262413,0.02430836909954045,0.050536814011195495,0.0,0.0,0.0,0.14180544784499574,0.0,0.0,0.0,0.15459239090529542,0.0,0.0,0.0,0.0,0.0,0.017250911610117128,0.0,0.12060231906812299,0.06626735777048604,0.0680200275896253,0.0,0.0,0.0,0.0,0.0,0.024074015484122906,0.028418547204343333,0.0,0.0,0.0,0.0,0.0,0.0,0.0,0.2678452688076708,0.0,0.0,0.0,0.0,0.0,0.052128125818887004,0.0,0.0,0.0,0.0,0.0,0.33535088909255445,0.08168171771842415,0.06936116585997139,0.06258651443156552,0.05111194747608297,0.0,0.0,0.023340363832779387,0.2691583178155115,0.0,0.07653472181198431,0.02351892026061435,0.0,0.0,0.0,0.0,0.1980441375282097,0.0,0.0,0.0,0.0,0.11005721765741873,0.0,0.0,0.0,0.025113701958542387,0.07566434765585843,0.02504359819702883,0.0,0.0,0.0,0.0,0.05730060151135234,0.061458863866300055,0.0,0.06242001202557299,0.0,0.0,0.0,0.0,0.0,0.38309064176702967,0.3097636699591576,0.0,0.12316381031924345,0.0,0.0,0.0,0.0,0.0,0.0,0.0,0.0,0.03927795405664474,0.06175937223185654,0.0,0.0,0.0982894351325149,0.0,0.05087020908818669,0.050547362444119566,0.0,0.0,0.0,0.04188227810455992,0.024038599990378922,0.04910844793217779,0.022682966729205965,0.0,0.0,0.0,0.39229691173218406,0.0,0.0,0.0,0.019579011073902357,0.0,0.07255189184905898,0.0,0.0,0.01988624929629618,0.0,0.02239322276910727,0.0,0.0,0.712842331924058,0.0,0.46158370285401756,0.0,0.104761251983687,0.05967586741130509,0.0,0.0,0.0,0.0,0.0,0.056006186042731235,0.0,0.08424872147654591,0.0,0.0,0.0,0.0,0.0,0.0,0.0,0.034684864468960346,0.0,0.03593522806538753,0.0,0.0,0.06586310174297308,0.0,0.0,0.0,0.0,0.0,0.0,0.06058817627790801,0.023408016875336616,0.0,0.11779393963441936,0.07634272337777342,0.0,0.0,0.0,0.0,0.0,0.019928671393518043,0.0,0.0,0.20349252876114526,0.08070135562454135,0.0,0.0,0.05191183873812313,0.0,0.0,0.0,0.0,0.0,0.019990976008113705,0.0,0.0,0.0,0.022796211332369382,0.0,0.02880388055622034,0.0,0.0,0.0,0.0,0.0,0.02444008500151177,0.030739341309085982,0.0,0.0,0.0,0.03109205906151013,0.0686927465914802,0.0,0.0663682914235395,0.0,0.0,0.0,0.0,0.0,0.061601210993088004,0.039542644531866435,0.0,0.0,0.05680055856895799,0.0,1.0000000000000004,0.3310467950773994,0.0,0.0,0.0,0.0,0.06337448012730512,0.0,0.09774628222969098,0.0,0.0,0.0,0.0,0.037778837664007296,0.0,0.0,0.0,0.0,0.0,0.03096425580572455,0.1087386656414428,0.0,0.04764658078572941,0.02206259121182939,0.0,0.0,0.06683040358850496,0.0,0.0,0.0,0.057530529201824415,0.10842649979345599,0.062174806999848585,0.0,0.0,0.0,0.0,0.03321879127938449,0.06103672009211914,0.0,0.0,0.0
zest,0.0,0.0,0.038769062396958,0.0,0.0,0.07481023945016957,0.15767037312000776,0.0,0.12408097011358644,0.0,0.0,0.0,0.0,0.0,0.0,0.21008161556064864,0.0,0.0,0.0,0.12339250310815343,0.0,0.08498848453845292,0.0,0.0,0.0,0.0,0.0,0.0732661316543792,0.05289325756448807,0.05429220297725548,0.0,0.0,0.0,0.0993798834736009,0.0,0.0,0.0,0.08866954184571384,0.07490983050678789,0.0,0.0,0.0,0.0,0.0,0.21378864748978155,0.0,0.0,0.0,0.0,0.06222647398190004,0.0,0.0,0.0,0.0,0.0,0.0,0.0901756325779057,0.049621794426138,0.0553626722754082,0.049955283253600956,0.0,0.11651756884935537,0.0,0.0,0.21483669650973883,0.0,0.061088458777070656,0.0,0.0,0.0,0.0,0.0,0.09185439984803519,0.0,0.0,0.0,0.0,0.08784543335116102,0.0,0.0,0.0,0.09786865702842631,0.06039374382288632,0.0,0.0,0.0,0.0,0.0,0.045736175038653945,0.04905521550081829,0.0,0.04982238441861539,0.0,0.0,0.0,0.0,0.0,0.30577516091268053,0.24724706296601495,0.0,0.04954580988478149,0.126719885385246,0.0,0.0,0.0,0.0,0.0,0.0,0.0,0.0,0.04929507516799732,0.0,0.0,0.07845262861299114,0.0,0.04060356655504367,0.04034587692815956,0.0,0.0,0.0,0.0,0.0,0.0,0.0,0.0,0.0,0.0,0.31312341840865077,0.0,0.0,0.0,0.0,0.0,0.0,0.0,0.0,0.16990496622140502,0.0,0.0,0.0,0.0,0.20848993343076055,0.0,0.2641742354568301,0.0,0.0836183012327572,0.047632063983939474,0.07357884331438558,0.0,0.0,0.0,0.0,0.129022180997925,0.0,0.0,0.0,0.0,0.0,0.0,0.0,0.0,0.0,0.0,0.0,0.0,0.0,0.0,0.05257058862302678,0.0,0.0,0.0,0.0,0.0,0.0,0.048360250371372086,0.0,0.0,0.07644453314491147,0.1354546868184397,0.0,0.0,0.0,0.0,0.0,0.0,0.0,0.0,0.0,0.06441418116648272,0.0,0.0,0.0,0.0,0.0,0.0,0.0,0.0,0.0,0.0,0.0,0.0,0.0,0.0,0.0,0.0,0.0,0.3475950369989564,0.0,0.0,0.0,0.0,0.0,0.0,0.0,0.13537457521775909,0.05482915360620426,0.0,0.052973820754080934,0.0,0.0,0.06806101741895328,0.0,0.0,0.04916883408308977,0.16892304786562023,0.31822344254678664,0.0,0.0453370509293606,0.0,0.3310467950773994,1.0,0.0,0.0,0.0,0.0,0.05058422145030839,0.0,0.06343423893359719,0.0,0.0,0.0,0.0,0.0,0.0,0.0,0.0,0.0,0.0,0.0,0.08679299194200239,0.0,0.0,0.0,0.0,0.0,0.0,0.14445100697445518,0.0,0.0,0.04591969864609078,0.0,0.16104476686882507,0.0,0.0,0.0,0.0,0.0,0.04871826892367649,0.0,0.0,0.0
mince,0.022639875554622747,0.0,0.0,0.025521588186887514,0.019469493150159063,0.0,0.0,0.0,0.0,0.0,0.0,0.0,0.0,0.0,0.0,0.0,0.03724694389242709,0.024821659855943732,0.057185402908157726,0.0,0.0,0.0,0.0,0.0,0.0,0.0,0.04273693426504839,0.0,0.0,0.0,0.0593256458369684,0.0,0.028072844009588573,0.0,0.0,0.0,0.06178959903263591,0.03932611810761161,0.0,0.0,0.026973395524222774,0.0773917286902877,0.09427668180534617,0.0,0.0,0.0,0.019039787647002357,0.0,0.0,0.0,0.0,0.0,0.20649491516483445,0.0,0.0,0.027652776748537132,0.0,0.10940396756060727,0.0,0.04179051917513685,0.0,0.0,0.377628949675633,0.13086283208534644,0.0,0.613877594882952,0.017748234613280442,0.043082246532638625,0.0,0.0,0.0,0.0,0.0,0.34274247504612565,0.08252969842658985,0.0,0.0208114288676199,0.0,0.0,0.43627820940296047,0.21418163724008296,0.0,0.0,0.0,0.0370946853343152,0.02254294116513087,0.0,0.0,0.0,0.0,0.0,0.0,0.12054459762210412,0.0,0.0,0.05939597103219103,0.0,0.0,0.0,0.05644648747237206,0.0,0.02935454731806107,0.25948317343007243,0.15163561111209006,0.0,0.23636313805678022,0.0,0.0,0.1340190310622794,0.0,0.028643726716160074,0.30511397269572543,0.1655023288358226,0.0,0.0,0.1092937885947818,0.0,0.0,0.01866400057549522,0.0,0.0,0.0,0.0,0.0,0.0,0.0,0.17258336689457904,0.0,0.02962274995423539,0.0,0.0,0.0,0.0,0.0,0.0,0.0,0.024122433883951334,0.0,0.0,0.0,0.0,0.0,0.19759985629516585,0.0,0.0,0.0331643502227966,0.03328705667468781,0.0,0.0,0.0,0.049757067689010434,0.058753328336233916,0.03739667583348588,0.0,0.0,0.0,0.0,0.0,0.02607768723788203,0.0,0.03516919525199699,0.0,0.0349830959079424,0.14264200724009407,0.052180591368233255,0.022951759019178487,0.0,0.0,0.0875986070905353,0.0,0.0,0.0,0.04835936433466104,0.030186374134169074,0.040456180784713365,0.11809438194395475,0.0,0.031975163788071644,0.0,0.21934490327583211,0.02626346209926603,0.0336214676923762,0.0,0.4897098245402541,0.02323029102258364,0.0,0.0,0.028817314199810897,0.0,0.02306235713925857,0.0,0.0225109012483291,0.36552032953341485,0.029094573782481876,0.056039848459621684,0.0,0.0,0.0,0.0340779942511385,0.0,0.0,0.0,0.027068624588864453,0.0,0.0,0.05096648880971128,0.0,0.0,0.025368509598440808,0.0,0.0,0.0,0.0,0.0,0.0,0.031859395418755,0.0,0.08133577736587597,0.0,0.02708944443837929,0.7494380084835065,0.0,0.03318307578607279,0.0,0.0,0.0,0.0,0.0,0.0,0.0,0.0,1.0000000000000002,0.0,0.44678911381551134,0.18354923403236587,0.0,0.37557501138091787,0.0,0.028189382457129507,0.0,0.023549698152092995,0.0,0.0,0.0,0.0,0.0,0.0525912894654464,0.02725332296058525,0.2716123081205268,0.0,0.031289593677728024,0.0,0.0,0.0,0.0,0.0,0.0,0.0,0.0,0.03083777839825811,0.0,0.0,0.0,0.05677723762148997,0.0,0.0,0.0,0.028308563814507245,0.0,0.030752360580497982,0.0566164168064865
push,0.0,0.0,0.02531619050390212,0.0803094125928501,0.0,0.07251971019478927,0.0,0.0,0.0,0.0,0.027552507522349914,0.2027440233334134,0.0,0.0,0.15285488183324963,0.0,0.0,0.0,0.0,0.0,0.0,0.06152959629459248,0.11734652790741429,0.0,0.0,0.0,0.05530041109239769,0.0,0.09860255783962513,0.05060522201509933,0.04950707982083579,0.060337657805294806,0.0,0.0,0.0,0.0,0.0,0.0,0.0,0.0,0.08487785063853913,0.0,0.055764337259005946,0.042288365542053306,0.0,0.05630810642013894,0.0,0.0,0.0,0.0,0.0,0.0,0.0,0.0,0.02841662026409165,0.0,0.0726075483511541,0.0,0.0,0.09154989451074544,0.0,0.0,0.0,0.0,0.0,0.0,0.0,0.07464390839627481,0.0,0.0,0.0565077174297422,0.0,0.0,0.0,0.0,0.10622671113943362,0.02338777826013547,0.0,0.030632317267428582,0.0,0.0,0.0,0.07124269889897386,0.0,0.0,0.0,0.0,0.13949466184095982,0.05395208743185783,0.0,0.033531425974834966,0.0,0.0,0.0,0.2751302763261224,0.0,0.06493261981374253,0.0,0.0,0.0,0.0,0.2611464617734901,0.061898488035632346,0.0,0.0,0.0,0.0,0.0,0.0700825261474306,0.12494461141432137,0.0,0.0,0.0,0.0,0.25377126532567007,0.0,0.0,0.0,0.0,0.0,0.02373589478182751,0.0,0.0,0.0,0.06597236995092225,0.0,0.0,0.0,0.03328989622923132,0.09325525743639836,0.04001003479428756,0.0,0.03527853051280702,0.0,0.0,0.0,0.0,0.0354400972364055,0.025381770215392598,0.0,0.0,0.0,0.0,0.0,0.0,0.0,0.0,0.0,0.0,0.0,0.3582297234415295,0.0,0.0,0.03464022006831844,0.0,0.0,0.0,0.0,0.0,0.0,0.0,0.0,0.03931382583831114,0.06161975299838325,0.04073106005320891,0.025793070434283978,0.0,0.0,0.0,0.07888735737200812,0.0,0.0,0.08378699469081366,0.0821886103713098,0.0,0.0742919253103263,0.0,0.0,0.0,0.04423892168798563,0.0,0.07365406990121216,0.03338312460538638,0.0,0.0,0.03216040501544675,0.0,0.02802092739391509,0.0,0.0,0.12489126233182808,0.0,0.0,0.0,0.0,0.10928747533932703,0.0,0.0,0.0,0.0,0.0,0.025838540695355,0.0,0.06827425316595234,0.0,0.0,0.0,0.0,0.0,0.027701801922357466,0.0,0.04585078627201402,0.0,0.1044538754918094,0.06366344644243538,0.10048192907403095,0.03975461880464054,0.0,0.0,0.3744326741053463,0.042565439504591955,0.0,0.0,0.09010861875552945,0.0,0.05237478915798739,0.030154184499064377,0.029605085788787715,0.0,0.0,0.0,0.0,1.0000000000000002,0.0,0.056493487575011506,0.0,0.0,0.0,0.03167908510228578,0.08791802968859169,0.05293006280133061,0.0,0.042820713502448655,0.0,0.0,0.1305220295375202,0.0,0.09467538332994185,0.0,0.03868493583272004,0.03516308675580772,0.0,0.02500701333920228,0.061494541460136734,0.0,0.1592512844496083,0.10553624156221075,0.0,0.0,0.08415413332105962,0.12289684836313207,0.0,0.0,0.03190298590647163,0.07291821140752199,0.15055450067273984,0.10567019254797444,0.08928289642692011,0.0,0.03455934692458589,0.15450222861588728
chop,0.0,0.0,0.0,0.0,0.0,0.0,0.0,0.04277453317972727,0.0,0.03629388646998199,0.0,0.0,0.03845002301824818,0.0,0.0,0.0,0.04389823730676157,0.0,0.0,0.0,0.0,0.0,0.0,0.0,0.0,0.0,0.0,0.0,0.028574916511340222,0.0,0.0,0.0,0.033085892141050954,0.0,0.0,0.0,0.039042229863379935,0.0,0.0,0.0,0.03674092816707298,0.0,0.033633748367407734,0.0,0.0,0.0,0.0,0.0,0.0,0.0,0.0,0.04644401203073717,0.3650539550865749,0.06969206945671115,0.0,0.03259081226647937,0.0,0.09322859848303698,0.0,0.0,0.0,0.0,0.1036259762624338,0.11151477136402067,0.0,0.36101105746355583,0.0,0.0,0.0,0.0,0.0,0.0,0.0,0.308478644025281,0.04331273512998759,0.0,0.02834760690001798,0.0,0.0,0.2718371246258787,0.3145945776384686,0.0,0.0,0.03440562638138983,0.0,0.0,0.0,0.0402116111632381,0.0,0.0,0.0,0.0,0.03333108086240811,0.0509213204997739,0.04007708807556964,0.0,0.0,0.0,0.0,0.06652629835488678,0.0,0.0,0.24633960596950022,0.22272563440761456,0.0,0.3705003077921654,0.0,0.0,0.21246074458044106,0.0,0.0,0.4495197951287719,0.2346763992208915,0.0,0.0,0.0,0.0,0.0,0.0,0.0,0.0,0.033024930502949086,0.0,0.0,0.0,0.0,0.2406586688146456,0.0,0.0,0.0,0.0,0.0,0.0,0.0,0.0,0.0,0.028430045968675037,0.0,0.0,0.0,0.0,0.03584061587652391,0.18978799279080952,0.0,0.0,0.0,0.03923122169081264,0.0,0.0,0.0,0.03388748087211383,0.0,0.0,0.0,0.04976274083575808,0.0,0.0,0.0,0.0,0.0,0.04144945914271075,0.03593581922958359,0.0,0.381957557438464,0.0,0.0,0.0,0.0416086217972823,0.19995167471943642,0.04572294472059837,0.0,0.04652468319787769,0.0,0.035576841391324554,0.0,0.0886466992073375,0.0,0.0,0.0,0.4759073884343099,0.030953403722476305,0.0,0.0,0.6058168654482495,0.027378590602217038,0.0,0.0,0.033963304504668626,0.0,0.0,0.0,0.0,0.6166064840777478,0.03429007512485202,0.029410492941704683,0.0,0.0,0.0,0.04016339925486044,0.0,0.0,0.03131810069152751,0.06380469276628124,0.0,0.0,0.0,0.0,0.0,0.0,0.0,0.0,0.055574328217026014,0.0,0.0,0.0,0.0,0.0,0.043630855604188286,0.0,0.0,0.4671482360586424,0.0,0.07821734527441021,0.0,0.0,0.0,0.0,0.10111815233676105,0.0,0.0,0.0,0.44678911381551134,0.0,1.0,0.33646779953696243,0.0,0.6679834298156107,0.0,0.0,0.0,0.0,0.0,0.05190167018193183,0.0,0.03302440216284658,0.0,0.0338430035397601,0.03712222216552974,0.37761255880528355,0.0,0.0,0.0,0.0,0.02325833093567174,0.0,0.0,0.0,0.0,0.0,0.03634456877991793,0.0,0.0,0.0,0.038668628261923375,0.0,0.034457245719812915,0.0,0.0,0.03761380920782169,0.0,0.06672657245672665
separate,0.0,0.055773288517027925,0.0,0.0,0.0,0.0,0.05638160247188528,0.0,0.0,0.0,0.0,0.0,0.0,0.0,0.0,0.0,0.05168732298333344,0.0,0.0,0.0,0.0,0.0,0.0,0.0,0.0,0.0,0.0,0.0,0.0,0.0,0.065037867314948,0.03963304437099851,0.038956488875302224,0.0,0.0,0.0,0.04596968964462812,0.0,0.0,0.0,0.0,0.0,0.03960155399539468,0.03785934312571918,0.0,0.03698621659126513,0.058782601148719596,0.0,0.0,0.0,0.0,0.0,0.14327577324687393,0.277749949062996,0.0,0.03837356448130639,0.06500308184789015,0.036590206325012066,0.0,0.05275723322872957,0.0,0.027704759532790543,0.04426295326757573,0.043767133249766554,0.0,0.13914925078464513,0.0,0.0,0.0,0.0,0.0,0.0,0.0,0.3003321588711413,0.05099793220194778,0.0,0.0,0.0,0.0,0.1688118780854153,0.22402203326082476,0.07820160638495635,0.06378117830390816,0.0,0.0,0.03479904145458183,0.0,0.0,0.04830147876962211,0.0,0.0,0.0,0.039245182668269304,0.05770877538162082,0.0,0.0,0.04265126449733361,0.0,0.0,0.07833039504356139,0.0,0.045313967752431066,0.19211238938154887,0.15860238232281507,0.0,0.2197588938420841,0.07751353167529879,0.0,0.4238374711138637,0.0720015248546753,0.0,0.21495780923870567,0.39288314182230516,0.0,0.0,0.0,0.0,0.0,0.057622412708029334,0.0,0.032604327233842906,0.0,0.0,0.03531626756438939,0.0,0.0,0.11955039706952145,0.0,0.0,0.0,0.0,0.03048356072584529,0.12068992503141791,0.033963621080322935,0.05631327489448358,0.0,0.06443644801273873,0.0,0.0,0.0,0.0,0.0,0.13514756787177684,0.0,0.0,0.051195076532537694,0.04619221524531369,0.09386963478965968,0.0,0.0,0.0,0.0,0.0,0.0,0.0,0.0,0.0,0.0,0.0,0.0,0.048804045757522514,0.0,0.0,0.23373454137821553,0.05594938900609175,0.0,0.04443853463229736,0.0,0.04409865966188981,0.0,0.04802230934250948,0.0,0.0,0.04188941981588359,0.0,0.03786468263905423,0.054555420159690074,0.0,0.0,0.4769347365783719,0.03644562227993421,0.042444450261680165,0.0,0.27040250299805124,0.0322365120356958,0.044176483706834815,0.0,0.039989584940434926,0.0,0.0,0.0,0.0,0.5324752090489584,0.04037433612005192,0.03462894505658869,0.06297882544014481,0.0,0.0,0.16463353444156642,0.0,0.0,0.0,0.037562940623531244,0.0,0.0,0.0,0.037003993523786416,0.0,0.0,0.0,0.0,0.0,0.0,0.06019337870803624,0.10540454219102055,0.05790447488510328,0.0,0.05137249839654736,0.0,0.04923508542821029,0.23002053618683801,0.0,0.04604792169496334,0.05192667278328942,0.030782979827167864,0.046889376982366185,0.0,0.0,0.0,0.0,0.0,0.18354923403236587,0.056493487575011506,0.33646779953696243,1.0000000000000002,0.0,0.2865119017254809,0.0,0.0,0.05066430739302482,0.0,0.0,0.05881979880064912,0.0,0.0,0.0,0.03984793836850125,0.0,0.4195452730641386,0.0,0.0,0.0,0.0,0.0,0.0,0.0,0.0608171111494573,0.09691561532211398,0.0,0.09128866501000826,0.0,0.0,0.0,0.0,0.04202039889185147,0.0,0.11261433281133507,0.05145083580165861,0.0,0.0,0.167600825233451
butter,0.06242166954962354,0.0,0.034171216338183166,0.0,0.0,0.0,0.0,0.0,0.0,0.0,0.0,0.10930400786009728,0.0,0.0,0.0,0.0805795531341064,0.0,0.0,0.0,0.0,0.19246268071519876,0.0,0.0,0.0,0.0,0.27519356177297943,0.0,0.0,0.0,0.08457167803623997,0.0,0.0,0.04583779749820452,0.0,0.0,0.0871681634921044,0.0,0.0,0.04531713154613285,0.0,0.0,0.0,0.0,0.0,0.14682573221276385,0.0,0.0,0.0,0.0,0.05285338415441956,0.0,0.0,0.0,0.1827328957783752,0.0,0.0,0.0,0.0386482606309593,0.04879689459633021,0.04403079893487335,0.0,0.0,0.0,0.0,0.041127611431456594,0.0,0.05384362714949892,0.0,0.052263971815979984,0.040516683821699116,0.0,0.0,0.08096085834326167,0.0,0.0,0.0,0.0,0.07742733823760224,0.0,0.0,0.0,0.11957896892486736,0.053231302436826305,0.0,0.07284487912398036,0.0,0.051638278052196965,0.0,0.04031205902594863,0.18540910218342968,0.16571031090335656,0.04391366133698961,0.0,0.0,0.0,0.0,0.054257845319786314,0.03577137210672591,0.04733214249910134,0.0,0.0,0.14641215871944727,0.0,0.0,0.0,0.057164340143129315,0.04930354658173901,0.0,0.0,0.0,0.04344888872279791,0.0,0.0,0.0,0.0,0.035788156098484424,0.035561027366347385,0.0,0.0,0.0,0.0,0.0,0.0,0.0,0.0,0.40018494903686874,0.0,0.12862429311219647,0.0,0.0,0.0,0.03877897507030833,0.0,0.0,0.0,0.0,0.0,0.3324359219868921,0.19373368229061755,0.0,0.0,0.03991260854786915,0.04664143063243093,0.08309699266911166,0.0,0.0,0.041983103598530434,0.0,0.0,0.07904924432223455,0.0,0.0,0.039401413214232024,0.0,0.0,0.10184971029960453,0.0,0.0,0.04994132550949028,0.0,0.0,0.0,0.0,0.0,0.0,0.0,0.0,0.046335940200710975,0.0,0.0,0.0,0.0,0.0,0.0,0.04262493017469835,0.0,0.0,0.06737853634993113,0.15776417422871047,0.0,0.0,0.0,0.0,0.0,0.11083780729993761,0.0,0.25443712812846075,0.19311219856718434,0.0567749329955298,0.0,0.0,0.0,0.0,0.0,0.0,0.0,0.0,0.0,0.10172205860647245,0.0,0.06949053436272172,0.11467867590214757,0.0,0.0,0.0,0.0,0.04707379676758457,0.0,0.0,0.0,0.0,0.0,0.0,0.0,0.0,0.04832664897421122,0.0,0.04669135071447773,0.2788125209621911,0.0,0.0,0.0669761704495245,0.0,0.04333761929412374,0.0,0.12867720573437413,0.05269238479110514,0.03996026934001808,0.04757062704743212,0.06337448012730512,0.05058422145030839,0.0,0.0,0.0,0.0,1.0,0.0,0.05591120774739274,0.0,0.0,0.0,0.0,0.0,0.0,0.0,0.0,0.0,0.0,0.0,0.0,0.0,0.0,0.0,0.0,0.04379317965932162,0.0,0.0,0.061644508400775656,0.0,0.04047381751339093,0.0,0.1003687907369822,0.13579954290843632,0.14159438120809772,0.04540178303592088,0.0,0.0,0.04294048924802887,0.0,0.0,0.0
slice,0.04746449864580179,0.0,0.0,0.0,0.0,0.0,0.0,0.0,0.08013759509790541,0.0,0.026936134249045156,0.0,0.0,0.0,0.0,0.0,0.07840285778994005,0.0,0.04535468796075474,0.0,0.0,0.0,0.0,0.0,0.028857038305191107,0.0,0.0,0.0,0.0,0.0,0.0,0.0,0.11281567177936119,0.10090605030619292,0.0,0.02667644671423825,0.038239333709387015,0.030010410347909838,0.02535340440252594,0.0,0.0,0.0,0.03294207662368167,0.0,0.024353509064011913,0.0,0.020918151655378366,0.0,0.0,0.0,0.024834749774715614,0.0,0.2922192233172804,0.06825886508476811,0.0,0.03192058830857974,0.0,0.10213503095207685,0.0353430674906157,0.03189103551146863,0.024350624660421177,0.01971781956421047,0.10149492744462768,0.12216814164540256,0.029788287934599526,0.40505935294535733,0.0,0.1314479736525199,0.039740738070322336,0.0,0.0,0.03461145669544573,0.0,0.26151695658364416,0.04242201683401752,0.0,0.0,0.0,0.0,0.23045361128072928,0.2472375171495186,0.0,0.0,0.0,0.0,0.0,0.0,0.032433825706805454,0.0,0.0,0.0,0.0,0.0326456334193061,0.0,0.0,0.0,0.0,0.0,0.0,0.0651581974734711,0.0,0.0,0.20054002984673233,0.17503840425301895,0.0,0.3338709198048635,0.0,0.035970765473438984,0.1547029564139554,0.0,0.0,0.35220396122175035,0.2853759545685478,0.0,0.0,0.0,0.0,0.0,0.020505291433528448,0.0,0.023204902415719823,0.026637202761257375,0.0,0.0,0.0,0.0,0.19921914727213996,0.0,0.0,0.0,0.0,0.0,0.0,0.0,0.0,0.0,0.02784538739138661,0.0,0.0,0.0,0.030864455196008136,0.0,0.19894723126178387,0.030093130356623986,0.03916145956993697,0.0,0.038424438955240926,0.0,0.02984500057456947,0.03149905934153196,0.027332917444841245,0.0678210663122266,0.0894823336382946,0.03386528857381882,0.0,0.0,0.0,0.0,0.0,0.029194426423262393,0.04059705876887902,0.0,0.0,0.23497948896515825,0.0,0.0,0.0,0.0,0.10111820229734916,0.0,0.0,0.07160836938262408,0.09172601259902874,0.03484521030303205,0.0,0.08682369642018117,0.019413883193703158,0.0,0.0,0.4724950503031822,0.03031685276499431,0.08779542554568776,0.0,0.42901039086926657,0.026815555007857064,0.031440949114959364,0.0,0.060658930666125294,0.0,0.0,0.0,0.0,0.5064528547873319,0.06124254750443106,0.052527546368822856,0.0,0.02811032305008604,0.0,0.1369484264943822,0.0,0.0,0.0,0.031246280597349047,0.0,0.0,0.0559945710545536,0.0,0.0,0.0,0.027082088805013317,0.0,0.04482506477660554,0.0,0.0,0.0,0.0,0.0,0.04273359522017315,0.0,0.0,0.39268907555958715,0.050927672626174064,0.0383044100999971,0.0,0.0,0.0,0.0,0.0,0.0,0.0,0.0,0.37557501138091787,0.0,0.6679834298156107,0.2865119017254809,0.0,1.0000000000000002,0.0,0.0,0.0,0.0,0.0,0.0,0.0,0.0,0.0,0.033147028502557394,0.0,0.27988305477956077,0.0,0.03437645828413067,0.0,0.0,0.0,0.0,0.0,0.0,0.06581151985707553,0.0,0.03559714952148828,0.0,0.0,0.0,0.031189288692691126,0.0,0.0,0.0,0.0,0.0,0.0,0.06535435297586942
wet,0.039606845656877436,0.0,0.12429244506370157,0.0,0.058072004900639046,0.0,0.0,0.0,0.0,0.023306936805401225,0.02144570293901521,0.0,0.0,0.0192231359081663,0.0,0.08114534936650754,0.13949034696821272,0.0,0.0,0.0649661357084417,0.06539556352596654,0.0,0.0,0.019433667090641534,0.0,0.08185999843704475,0.16116144175541447,0.02541789840319863,0.0,0.0,0.1292567028852675,0.12943260839631102,0.0,0.0,0.017750893147061717,0.021238947891058336,0.025071847428639302,0.0,0.0,0.0485725524303058,0.0,0.1282647718689795,0.04289125293368714,0.10501260957468367,0.42266860648752047,0.0,0.0,0.0,0.0,0.0,0.0,0.028892740897975135,0.0,0.0,0.0,0.0,0.0,0.017215071968830983,0.06119287363317315,0.055216036542456354,0.018781160168709253,0.0,0.0,0.02059169445702485,0.10058529416888796,0.0,0.08256097494475641,0.02074922325270505,0.01606255334047501,0.017483165696415007,0.0,0.0,0.10152751757701048,0.0,0.0,0.10092183380010473,0.0,0.6261908704982492,0.0,0.0,0.0,0.1317890072047746,0.36851446401387744,0.022094348051827577,0.0,0.12224517825404457,0.0,0.025015574917615968,0.4225231707296094,0.15726954176229732,0.0,0.3040094573994889,0.0,0.0,0.0,0.0,0.0,0.06484141661243001,0.17216325175826735,0.1498381292572017,0.033302788312711086,0.05306098323161919,0.0,0.0,0.0,0.0,0.10866818178574406,0.0,0.0,0.03465240022075421,0.05448630244015421,0.0,0.0,0.0,0.0,0.20879176836607685,0.04459467086781299,0.0,0.0,0.10631621201516386,0.03695002700352256,0.021207703089929888,0.018044971318741707,0.0970653605407904,0.0,0.0,0.0,0.11972636380959059,0.0,0.0,0.07602393105337414,0.03400663110387857,0.0,0.09334766533359551,0.06594076579695338,0.02192079216196072,0.017544352450515926,0.05700431640251273,0.03889461337253458,0.09851896358174336,0.07458569010162763,0.05005169348263696,0.0,0.12816550260542456,0.0,0.1435433468952811,0.05264816079969355,0.07553023018482632,0.0,0.10364927751524544,0.0,0.0,0.11837436945089214,0.0,0.0,0.0,0.0,0.0,0.0,0.0,0.0,0.05633541645852356,0.030600214141696138,0.0,0.03170332912834668,0.0,0.024393636200305466,0.0839914106095479,0.0,0.0,0.0,0.0,0.0,0.0,0.05345303194763765,0.020651380363868772,0.14036500702596924,0.4090548724872415,0.0879046263191626,0.0,0.0,0.0,0.0,0.0,0.03461395337648736,0.0,0.0,0.02181030109430723,0.41973580382294606,0.04168728381973362,0.02478134345915569,0.07581724097442513,0.0,0.0,0.0,0.0,0.02168094194544141,0.034722169773966596,0.0,0.0,0.0,0.039594561054172264,0.0,0.025411802139834037,0.0,0.0,0.0,0.0,0.11320825880947165,0.02156190736615939,0.027119334067875395,0.034572695069730285,0.14561716734483995,0.0,0.05400355404947625,0.060603170514379925,0.0,0.0585524539557089,0.0,0.0,0.0,0.0,0.0,0.054346767001589524,0.03488591951936066,0.021861169008651357,0.04850208684751202,0.05011146164729894,0.0,0.09774628222969098,0.06343423893359719,0.0,0.0,0.0,0.0,0.05591120774739274,0.0,1.0,0.0,0.0,0.0,0.0,0.03332982671959249,0.03671886852760561,0.0,0.0,0.0,0.0,0.05378157357472346,0.0,0.0,0.0,0.01946439825955932,0.01446896812013114,0.0,0.058960145651263327,0.0,0.1358684538825734,0.0,0.098986318413049,0.09565769286149314,0.054852813685249,0.0,0.024055687878826382,0.0,0.05401750479758946,0.02930679252292153,0.053848753164281775,0.0,0.0,0.04151048724486275
sit,0.031825631391721176,0.0,0.022959378515119862,0.035876551362109384,0.02736891865353399,0.0,0.0,0.0,0.0,0.0,0.024987505491745082,0.0,0.0,0.0,0.0,0.0,0.0,0.03489263866314178,0.0,0.0,0.0,0.0,0.0,0.0,0.0,0.0,0.0,0.0,0.0,0.0,0.02961301218212717,0.0,0.0,0.0,0.0,0.0,0.04029239700055703,0.0,0.0,0.0,0.03791740556461377,0.0,0.0,0.0,0.0,0.0,0.026764867234723648,0.0,0.0,0.0,0.0,0.0,0.0,0.0,0.025771173615680577,0.0,0.0,0.052041339457156416,0.0,0.029583956540033506,0.0,0.0,0.0387964439016541,0.0,0.0,0.03811557145950763,0.024949287874540288,0.0,0.0,0.0,0.0,0.0,0.0,0.0,0.0,0.2804036550329523,0.3497982142991758,0.0,0.02778060019850663,0.032534410644713935,0.0,0.0,0.09279483187127993,0.0,0.05214524166413745,0.09129899744828002,0.08574461070394966,0.03008747990613512,0.0,0.0,0.03040981623950472,0.0,0.0343983718979506,0.0,0.029986825876613516,0.0,0.0,0.0,0.0,0.0,0.0,0.07118209664362071,0.0,0.10855334166095236,0.0,0.07697393832647378,0.0,0.0,0.0,0.040375316364332975,0.040265446069007636,0.0,0.0,0.0,0.027658877995632065,0.03316600519949859,0.0,0.0,0.02623661076128564,0.0,0.07737635615818342,0.0,0.0,0.0,0.059830668955081406,0.0,0.0,0.0,0.15016302168559553,0.027359273285537406,0.03628529865516592,0.0,0.03199427399536658,0.0,0.0,0.0,0.0,0.03214079965695747,0.023018853080173006,0.0,0.0,0.0,0.0,0.0,0.0,0.04662023795096158,0.0,0.0,0.0,0.0,0.09530076104533702,0.0,0.0,0.03141538709281665,0.0,0.0,0.0,0.0,0.0,0.0,0.0,0.0,0.08483081298549178,0.0,0.03693920003246777,0.6972182362351927,0.0,0.0,0.0,0.0,0.0,0.0,0.0,0.0,0.0,0.0,0.0,0.0,0.0,0.0,0.0,0.023800997418935294,0.030275320993272636,0.0,0.0,0.029166430543149456,0.0,0.025412317792537772,0.0,0.032419527906300934,0.02980575804593332,0.03164432788935866,0.0,0.0,0.0,0.035315779860665496,0.0,0.0,0.0,0.0,0.0,0.023433100490041936,0.0,0.0,0.0,0.07164530044675776,0.0,0.0,0.0356613636629493,0.025122901322307854,0.0,0.041582305089415884,0.0,0.03375382275973088,0.0,0.07725612454973263,0.17382463264891412,0.0,0.0,0.06568942900537549,0.0,0.0,0.0,0.029118214448987084,0.0,0.0,0.02734697922351579,0.02684899888443346,0.0,0.0,0.0,0.028189382457129507,0.03167908510228578,0.0,0.0,0.0,0.0,0.0,1.0,0.028410334968626213,0.23509436183661347,0.0,0.03883431709200823,0.0,0.0,0.0382926172107291,0.18382483175039402,0.06608681945664302,0.0,0.03508355984600616,0.5541278675019949,0.0,0.02267898421363595,0.0,0.0,0.03434876831607099,0.034103584722410166,0.0,0.0,0.0271940479684791,0.11145576027520902,0.0,0.0,0.10874664056167868,0.023563207896475605,0.0,0.034146870410094524,0.06864568216477127,0.0,0.39711867764459396,0.04992673384428909
save,0.0,0.0,0.022703984348762554,0.0,0.0,0.0,0.0,0.0,0.08278505271965587,0.0,0.024709550967400698,0.0,0.0,0.0,0.0,0.0,0.0,0.0,0.04470349390567535,0.0,0.0,0.0,0.05494105519343337,0.0,0.2705793690414038,0.0,0.0,0.0,0.0,0.0,0.0,0.0,0.10110599063498936,0.0,0.04536878825087067,0.0,0.0,0.09856930739728509,0.0,0.0,0.0,0.0,0.10742545553543763,0.03792491564848749,0.0,0.0,0.0,0.0,0.0,0.041516615516740116,0.4491321636691956,0.0,0.0,0.0,0.02548450177056544,0.04979654690515309,0.0651156674268403,0.0,0.0,0.08210348123989862,0.0,0.0,0.0,0.0,0.11744237326003756,0.0,0.0,0.0,0.0,0.0,0.0,0.0,0.0,0.0,0.0,0.09526589661104354,0.020974551897474446,0.0,0.027471576013730424,0.0,0.0,0.0,0.06389164754138633,0.0,0.0,0.0,0.0,0.029752794590356246,0.04838513711007051,0.0,0.03007154533803182,0.0,0.0,0.0,0.029653260210129297,0.0,0.0,0.0,0.0,0.0,0.0,0.029584632562519274,0.0,0.0,0.0,0.0,0.0,0.0,0.06285118515472357,0.11205242358939152,0.0,0.0,0.0,0.0,0.027351207817041603,0.0,0.0,0.0,0.0,0.0,0.02128674863413684,0.0,0.0,0.0,0.059165128125641266,0.0,0.0,0.0,0.029854937410267148,0.027054935831964784,0.03588167041257394,0.0,0.031638377997142024,0.04765053380158366,0.0,0.0,0.0,0.03178327374531138,0.022762797334193622,0.0,0.0,0.0,0.0,0.0,0.0,0.0,0.0,0.0,0.0,0.0,0.0250735354392957,0.0,0.0,0.03106593048221727,0.13183197786114562,0.0,0.0,0.0,0.0,0.0,0.0,0.0,0.03525729854124043,0.0,0.036528297960707196,0.023131658270475218,0.10388049343301817,0.0,0.0,0.0,0.0,0.07397405209460885,0.0,0.0,0.0,0.0,0.0,0.0,0.0,0.039674207122724264,0.04729469789636939,0.06605420550939654,0.029938546182003912,0.0,0.0,0.028841990741380413,0.0,0.02512963776644046,0.0,0.049947548845103946,0.029474206530992454,0.0,0.0,0.0,0.0,0.09801084129294273,0.0,0.0,0.0,0.0,0.0,0.023172436763413618,0.0,0.0,0.0,0.11038122312975067,0.0,0.0,0.0,0.23803434554040978,0.0,0.04111975432234992,0.0,0.7043003235165666,0.0570944467886883,0.20507963798929293,0.03565260906819529,0.0,0.0,0.07662213625331944,0.038173400226289886,0.0,0.0,0.08081092096375316,0.0,0.04697058955727954,0.02704277852589756,0.0265503375908317,0.0,0.0,0.0,0.0,0.08791802968859169,0.0,0.05066430739302482,0.0,0.0,0.0,0.028410334968626213,1.0,0.047468568275910276,0.048298066673465964,0.038402334230048914,0.0,0.0,0.03786666007762408,0.0,0.027466938500547145,0.0,0.1092463294887325,0.03153484609917853,0.0,0.022426709080698107,0.0,0.0,0.03396668153424865,0.09464667191086014,0.0,0.077611730471546,0.07547083853356681,0.1102159553317755,0.0,0.0,0.028611132965983967,0.06539427526747998,0.0,0.09476680140205714,0.08007039932712379,0.0,0.030993402090188624,0.13856019055486882
wait,0.026587457668312754,0.0,0.03836099883443699,0.029971637605067637,0.022864274306828667,0.0,0.0,0.0,0.0,0.0,0.0417496348349792,0.0,0.0,0.0,0.0,0.09557205866811465,0.0,0.02914966688244055,0.0,0.07459637809269465,0.0,0.0,0.0,0.0,0.0,0.0,0.0,0.0,0.0,0.0,0.024739012971423592,0.0,0.0,0.0,0.06386096889143038,0.0,0.03366068017383726,0.0,0.0,0.0,0.03167658805988873,0.0,0.0,0.0,0.0,0.0,0.022359643579179318,0.0,0.06896170729139707,0.0,0.0,0.0,0.0,0.0,0.04305900355195372,0.0,0.0,0.043475866756232516,0.0,0.04942947918223889,0.0,0.0,0.03241094566892468,0.0,0.0,0.031842137873400504,0.020842890029557852,0.0,0.0,0.0,0.0,0.0,0.0,0.0,0.0,0.16096271441699697,0.6710582017359603,0.0,0.04641639455236401,0.02717957909877793,0.0,0.0,0.07752175075017187,0.0,0.043562667721647796,0.07627211538832132,0.0,0.05027077631262138,0.0,0.0,0.05080934244587037,0.0,0.028736751376236547,0.1591777504003761,0.050102601503071685,0.0,0.0,0.0,0.0,0.0,0.0,0.08445957448627273,0.0,0.0,0.0,0.06430481462029397,0.0,0.0,0.0,0.06745990371526031,0.03363816509022835,0.0,0.0,0.0,0.0462130186082146,0.027707219643664092,0.0,0.0,0.021918332723389073,0.0,0.08262420644793943,0.0,0.0,0.0,0.21223049010762376,0.0,0.0,0.0,0.15066940191695682,0.045712432935690224,0.060626218540774435,0.0,0.05345668684527577,0.0,0.0,0.0,0.0,0.05370150491514651,0.038460370153185014,0.0,0.0,0.0,0.0,0.0,0.0,0.03894702316354655,0.0,0.0,0.0,0.0,0.10079754386838338,0.0,0.0,0.052489470778021845,0.0,0.0,0.0,0.0,0.0,0.0,0.0,0.0,0.10065416313810305,0.0,0.06171877032548384,0.1914135276942479,0.0,0.0,0.0,0.0,0.0,0.0,0.0,0.0,0.0,0.0,0.0,0.0,0.0,0.0,0.0,0.039767192898751164,0.05058462503984178,0.0,0.0,0.048731868213837966,0.0,0.04245941990885787,0.0,0.027083604885202076,0.04980006967116244,0.026435994869826562,0.0,0.0,0.0,0.059006326725266324,0.0,0.0,0.0,0.0,0.0,0.03915250319139794,0.0,0.0,0.0,0.05985321608598896,0.0,0.0,0.029791867602338058,0.04197585695571237,0.0,0.06947656514386094,0.0,0.05639657687994998,0.0,0.09166658069369574,0.060239192993639466,0.0,0.0,0.07794236870848693,0.0,0.0,0.0,0.04865130777833899,0.0,0.0,0.04569189176561581,0.044859856038057706,0.0,0.0,0.0,0.023549698152092995,0.05293006280133061,0.0,0.0,0.0,0.0,0.0,0.23509436183661347,0.047468568275910276,0.9999999999999998,0.0,0.06488517063829186,0.0,0.0,0.06398008740615305,0.08078257079059949,0.07841388373827037,0.0,0.058618328778988586,0.2609495638643181,0.06298643401918336,0.03789251030521467,0.0,0.0,0.05739062407414065,0.0569809663151359,0.0,0.0,0.04543637109930736,0.18622256204334636,0.0,0.0,0.11501895842511176,0.03936988930501886,0.0,0.057053288926730714,0.08145004684230661,0.0,0.15641491027526133,0.0834186072391612
wok,0.0495191834193173,0.0,0.0,0.0,0.0,0.0,0.0,0.0,0.06622831057873861,0.0,0.0,0.02396645353308484,0.0,0.10009834489175944,0.0,0.0,0.0,0.0,0.05833651922153961,0.02676075577493986,0.0,0.0,0.2094450546879592,0.026394205561124248,0.04550852745950184,0.0,0.02708120561360208,0.0,0.0,0.04956384212851855,0.0,0.0,0.20940663316118374,0.0,0.12872728829541394,0.13184641102737804,0.032987352710315214,0.0,0.22107846342553733,0.33116307507869275,0.0,0.17377546592229462,0.0,0.022780744889779107,0.02424207460869128,0.0,0.0,0.0,0.05077370860682229,0.03321342701721689,0.03916524211943095,0.037289337677394924,0.0,0.0,0.027653798790021115,0.06629899858242708,0.0,0.02265009200401424,0.0,0.0,0.23784234239104557,0.0,0.0,0.0,0.09395427937588499,0.0,0.0,0.0,0.09939895631784654,0.04749018979259878,0.0,0.0,0.0,0.0,0.0,0.05168756996213976,0.0,0.0,0.029810017177024667,0.0,0.0,0.0,0.0,0.0,0.0,0.0,0.0,0.0,0.0,0.0,0.032631301626756426,0.0,0.0,0.0,0.0,0.037637573490099684,0.0,0.0,0.0,0.0,0.06784622555160423,0.0,0.0,0.051153490830026994,0.0,0.0,0.0,0.0,0.0,0.0,0.0,0.0,0.0,0.0,0.0,0.0,0.0,0.0,0.0,0.12962182353364152,0.02309872364473994,0.0,0.0723053125727171,0.0,0.0,0.0,0.0,0.13496181164801221,0.03239625555425891,0.0,0.0,0.0,0.0,0.038120581532282725,0.0,0.02977214190645954,0.0,0.0,0.0,0.024893026560945452,0.11327355516721553,0.0,0.0,0.0,0.3004601760110262,0.0,0.0,0.0,0.03126351015400903,0.031354928961322276,0.0,0.0,0.0,0.0,0.0,0.0,0.09753615231835674,0.029638606138057265,0.5778400386729281,0.0,0.0,0.0,0.0,0.0,0.0,0.0,0.0,0.0,0.0,0.0,0.0,0.09653358909748348,0.0,0.04793383335713761,0.0,0.0,0.0,0.0,0.0,0.0,0.037835911654431675,0.0,0.03248698128911944,0.04613294018356907,0.0,0.0,0.0,0.0,0.0,0.0665000421893626,0.0,0.05052572740511166,0.0,0.0,0.08706005231289772,0.0,0.027981698524982085,0.21521351128879887,0.0,0.0,0.0,0.0,0.042983066945455194,0.0,0.0,0.08830533637822345,0.0,0.0,0.05839185895365144,0.0,0.03390644358682152,0.0,0.10999277870145169,0.057382089438020645,0.0,0.0,0.038687437815633594,0.0,0.0,0.0,0.0,0.0,0.0,0.0,0.0,0.0,0.0,0.0,0.23590713389498785,0.0,0.0,0.0,0.0,0.0,0.0,0.0,0.0,0.0,0.0,0.048298066673465964,0.0,1.0000000000000002,0.0,0.11146677894930393,0.04449484912336809,0.0,0.0,0.0,0.0,0.05964266575723782,0.034219161777303844,0.023778560715003862,0.02560955958708846,0.3386848823211386,0.365453204263519,0.0,0.0,0.0,0.02475276629752929,0.0,0.0,0.0,0.0,0.06534338247398973,0.0,0.0,0.0,0.0,0.09164568467786688,0.0,0.0
open,0.08188745247235153,0.076369002730897,0.03103426018825541,0.0,0.0,0.0,0.07720195218241734,0.06896251689686651,0.0,0.10670147180296138,0.07811483821727461,0.0,0.06199039860796333,0.0,0.0,0.0,0.0,0.0,0.0,0.0,0.0,0.0,0.0,0.0,0.0,0.031466150694826944,0.0,0.052551696882671764,0.04606942533913621,0.0,0.08905476436216528,0.05426856034996872,0.0,0.0,0.0,0.04391168514298968,0.05183623387969169,0.0,0.0,0.0,0.05923493937110185,0.0,0.0,0.0,0.0,0.0506443236712052,0.0804895810704299,0.0,0.0,0.0,0.0,0.07487857204590083,0.0,0.0,0.03483497198406455,0.0,0.0,0.03559229128894223,0.0,0.03998872199684396,0.0,0.037935451049700315,0.0,0.04257348378062544,0.0,0.0,0.0,0.04289917575521593,0.0,0.0,0.0,0.0,0.0,0.0,0.0,0.13021972606564558,0.07437323422301464,0.0,0.037551119869319936,0.0,0.0,0.15288765366723267,0.0,0.10115012004110985,0.0,0.047649478138019175,0.0,0.10549982529658969,0.0,0.0,0.04110503900758122,0.0,0.0,0.16111625447507305,0.10514688837521721,0.0,0.058401335504515345,0.0,0.0,0.0,0.0,0.10248678407326003,0.0,0.0,0.0,0.0,0.10613738708243937,0.0,0.14593682438031919,0.1262195342713614,0.0,0.0,0.0,0.0,0.03738658760586127,0.0,0.0,0.0,0.07890096335482974,0.0,0.5461227303365552,0.09709097133396444,0.0,0.08973207609660339,0.0808732930800622,0.0,0.0,0.0,0.0408089558758355,0.036981611028617196,0.04904694605437121,0.07745306566612184,0.04324675526616086,0.08629525262654786,0.07710839289832397,0.0,0.07866847650195975,0.043444814438497494,0.07196052382655625,0.0,0.0,0.057783426123988894,0.0,0.04953583508862572,0.0,0.07010016879905138,0.0,0.0,0.0,0.0,0.08890773605753831,0.0,0.0,0.04246427211917687,0.08022913637189195,0.0,0.0,0.0,0.0,0.0,0.0,0.05793691611805687,0.1114596608882393,0.0,0.1920878316914973,0.03161885113750374,0.06084860087916195,0.06708279601074316,0.0,0.07371604348363021,0.06575577612215572,0.0750086327692673,0.0,0.0,0.0,0.04269688484372178,0.07470140531320105,0.04016573834908246,0.04386335466172382,0.0,0.0,0.03217187896235079,0.04092324138344688,0.0,0.036350460276450745,0.2621927187812103,0.0,0.07944286770625628,0.0,0.0,0.040288531751698976,0.0,0.0,0.0,0.0,0.04773644461783994,0.0,0.036464105655672346,0.16067592013258875,0.0,0.0,0.1237476034076064,0.05143401781272347,0.052539092812131746,0.0,0.0,0.0506686651910324,0.0,0.0,0.07853810669452208,0.056069427967166484,0.14580569512797023,0.0,0.04562514256141122,0.12299780020023765,0.04389020816377234,0.048733840246539484,0.0,0.0,0.03731901813621653,0.0,0.0,0.06305229530442942,0.03935917702790509,0.11427728500461883,0.0,0.03696499310843707,0.03629187160379621,0.0,0.037778837664007296,0.0,0.0,0.042820713502448655,0.05190167018193183,0.05881979880064912,0.0,0.0,0.03332982671959249,0.03883431709200823,0.038402334230048914,0.06488517063829186,0.0,1.0000000000000002,0.0,0.05324303324585676,0.051760244512909025,0.0,0.09739445497933646,0.1250634260736644,0.04742255213372447,0.04310523667586293,0.0,0.20860391036299994,0.0374978502606864,0.0,0.168329878588643,0.04609791684607208,0.1327041866814328,0.0,0.03675827547639841,0.34842808479452014,0.0,0.0,0.10145163071260475,0.03185045815798559,0.055553111010882825,0.17756741592563963,0.038998503967364644,0.06064222705016685,0.042365132472378456,0.06748611455022897
stew,0.0765574005760068,0.0,0.0673243407199674,0.0,0.019395197832131547,0.0,0.0,0.0,0.0,0.0,0.0,0.10141701579385992,0.028120411360692606,0.054113043056615615,0.0,0.06708023196475821,0.06420992208455018,0.024726940743394408,0.02056224591775152,0.07312902007297423,0.0,0.0,0.2440487326289178,0.13137312385693478,0.09523460167840031,0.0,0.07277769473834936,0.0807339219506188,0.0,0.09029528753206034,0.04197098445491673,0.0,0.046505676884700885,0.0,0.020868261057473268,0.2857973376357331,0.060096279262933566,0.0,0.16372974966662462,0.02676890386269529,0.0,0.07349516474694834,0.023637873014391016,0.12012654072219614,0.044164152800937544,0.0,0.0,0.02635081331751343,0.06996435707948034,0.0,0.022518432168043907,0.03396681252766619,0.0,0.0,0.025189811825160596,0.04820767807119184,0.0,0.06086957520221047,0.0,0.0,0.2820387340482443,0.0,0.0,0.0,0.027009957714185243,0.0,0.0,0.0,0.06607632008561068,0.08651751272945546,0.05391972863145309,0.0,0.0,0.0,0.0,0.04708214487754034,0.0,0.02542463638090115,0.027153908542396073,0.0,0.0,0.025232979965643453,0.16840477161921585,0.0,0.0,0.13551981878763325,0.37629510005948796,0.0,0.05294871118286334,0.05679116006904263,0.029723813130681412,0.13892709308016393,0.0,0.0,0.0,0.06856804021539205,0.0,0.03275963752297948,0.062169385623240876,0.07298097878208308,0.16766820150956907,0.029242530769313296,0.0,0.02776678308475284,0.0,0.0,0.025010961823481666,0.0,0.0,0.0,0.0,0.0,0.0,0.0,0.027034932222920704,0.0470066969242658,0.0,0.0,0.0,0.6755079044885477,0.021040599392165557,0.0,0.18784825244928216,0.0,0.0,0.0,0.0,0.05396318991340369,0.029509709947917524,0.0267420861778875,0.0354667528446296,0.0,0.0,0.0,0.03634073014350828,0.05423881600862124,0.0,0.03141574797262348,0.0,0.33767453583288193,0.02798575170032686,0.0,0.0,0.0,0.17816559999486606,0.1548449338515286,0.0,0.022580252122481208,0.056955787069490255,0.0856835004468169,0.0,0.0,0.0517526045279433,0.0,0.0,0.0,0.0,0.1574918086206782,0.22860441414549518,0.0,0.0,0.0,0.0,0.0,0.0,0.0,0.0,0.0,0.0,0.0,0.0,0.03402581135853456,0.0,0.058570716374123526,0.0,0.0,0.05280949666674122,0.04424986898858374,0.0,0.0,0.021754120847978075,0.0465281601199038,0.02959235190992026,0.0,0.0,0.0,0.02954947432395049,0.02483905128968268,0.0,0.07132821346234614,0.0,0.4412850438097627,0.03139308202850413,0.0,0.0,0.034519105044082295,0.05097699059320698,0.3074915565338838,0.0,0.037782025523776346,0.0,0.0,0.0,0.0,0.0,0.0,0.0,0.0,0.21380980855846243,0.0,0.03088533839772707,0.0,0.25210228330247925,0.0,0.0,0.0,0.035240340250290374,0.0,0.0,0.0,0.0,0.054473667798785104,0.0,0.0,0.0,0.0,0.12876474465663088,0.02624332285671752,0.3325698345589688,0.0,0.0,0.0,0.0,0.0,0.0,0.0,0.0,0.03671886852760561,0.0,0.0,0.0,0.11146677894930393,0.0,1.0,0.0,0.0,0.0,0.0,0.0,0.0,0.031170193018691363,0.043319724312179834,0.04665543362214528,0.2884013555486371,0.32394656861654053,0.0,0.0,0.031271349692521724,0.04509452968262259,0.026580588113906473,0.0,0.0,0.03782240945974165,0.11904241591092023,0.023031654737998005,0.0,0.0,0.0,0.0,0.06896140629873965,0.0
blend,0.0,0.0,0.08870387908107266,0.07557501143141283,0.0,0.0,0.0,0.04388001164858571,0.11319101844911673,0.2564770947311815,0.0,0.0,0.12303341047938877,0.1866645617262047,0.0,0.0,0.0,0.0,0.0,0.0,0.0,0.0,0.0,0.0,0.0,0.0,0.0,0.0,0.029313415627624802,0.0,0.0,0.0,0.0,0.0,0.0,0.0,0.0,0.0,0.04604320595127599,0.0,0.037690472253127986,0.0,0.0,0.0,0.0,0.07095021724994656,0.0,0.0,0.0,0.0,0.0,0.04764432566342261,0.0,0.0,0.0,0.0,0.0,0.0,0.0,0.0,0.04422210163500922,0.0,0.0,0.0,0.0,0.0,0.0,0.0,0.03782087261700084,0.0,0.0,0.0,0.0,0.0,0.0,0.0,0.029080231355320865,0.0,0.0,0.0,0.0,0.0,0.0,0.03529481619469305,0.0,0.0,0.0,0.04125085267061557,0.0,0.0,0.0,0.0,0.0,0.05223734709863388,0.16216230164820572,0.0,0.0,0.0,0.0,0.16582785326145294,0.0,0.0,0.0,0.17779814110792286,0.0,0.0,0.0,0.0,0.0,0.0,0.0,0.0,0.0,0.4259541192820059,0.11165209507074035,0.0,0.0,0.0,0.0,0.0,0.0,0.03387843717836172,0.0,0.0,0.0,0.0,0.0,0.051352385131459045,0.0,0.11044266446475508,0.0,0.0,0.1769794323915332,0.0,0.0,0.0,0.0,0.0,0.0,0.0,0.0,0.14502043541854137,0.0,0.0,0.0711194094372404,0.0,0.0,0.0,0.0,0.0,0.03476327957015149,0.0,0.0,0.0,0.051048824737928766,0.07593244856582641,0.1209114900760767,0.0,0.07228017484278103,0.0,0.0,0.0368645558274133,0.0,0.0,0.0,0.0,0.0,0.042683968086217834,0.0,0.04690462286326906,0.09212062207789717,0.04772708172154152,0.0,0.052112674651296494,0.0,0.0,0.0,0.0,0.0,0.0,0.0,0.0,0.0,0.050154780749161,0.0,0.0,0.0,0.0,0.0,0.0,0.0,0.0,0.0,0.0,0.0,0.0,0.0,0.04022932221375114,0.0,0.0,0.0,0.03212749552126309,0.5468674794142714,0.0,0.0,0.0,0.0,0.10200365104451375,0.0,0.0,0.0,0.05701060860860984,0.042421161477410575,0.0,0.0,0.0,0.0,0.0,0.0,0.0,0.0,0.0650156180360193,0.3282869727307385,0.0,0.0,0.0,0.0,0.10838281207474777,0.06884905847594543,0.0,0.0,0.0,0.0,0.03302440216284658,0.0,0.0,0.0,0.0,0.0,0.0,0.0,0.04449484912336809,0.05324303324585676,0.0,1.0000000000000002,0.0,0.0,0.4425853794168556,0.04363900541249555,0.0,0.0,0.0,0.0,0.09199666333029849,0.04449483719556923,0.0,0.0,0.0,0.0,0.0,0.0,0.0,0.0,0.03966799243462478,0.0,0.1394229606663664,0.0,0.0,0.38477113933844276,0.0,0.13111218124677007
touch,0.0,0.0,0.030601363299152574,0.0,0.05530759620549168,0.0,0.0,0.0,0.0,0.0,0.03330454842185302,0.0,0.0,0.0,0.3620906602247574,0.0,0.0,0.0,0.0,0.0,0.0,0.1739607392612746,0.0,0.0,0.0,0.0,0.06684528504279148,0.11052857908848794,0.412550414173546,0.06116989771741669,0.05984250020728943,0.07293414018334146,0.0,0.0,0.05950820229146762,0.0,0.0,0.0,0.0,0.0,0.07662416563384145,0.0,0.06740606345714946,0.0,0.0,0.06806335340952761,0.0,0.0,0.0,0.0,0.0,0.0,0.0,0.0,0.03434905896688901,0.0,0.0,0.0,0.0,0.03943091932178025,0.0,0.0,0.0,0.06687379942293714,0.0,0.0,0.0,0.0,0.0,0.0,0.06830463651341477,0.0,0.0,0.0,0.0,0.128403291133036,0.02827036315705215,0.07250122091029965,0.03702731930584112,0.08803211242400748,0.22013707026684795,0.0,0.0,0.09607627103221453,0.0,0.06403843580463357,0.0,0.04010203946754293,0.0,0.08097320213812062,0.04053166482676003,0.0,0.09307564766399759,0.0,0.12354969722662276,0.0,0.07848837638426748,0.0,0.0,0.0,0.0,0.03987538377451952,0.07482081949709907,0.0,0.0,0.0,0.0,0.0,0.0,0.053814162416004015,0.0,0.0,0.0,0.0,0.03686508210289224,0.0,0.0,0.0,0.0,0.0,0.028691154750838478,0.0,0.0,0.06499025371814195,0.07974519153120975,0.07862852783646934,0.0,0.0,0.040239711758559275,0.11272383228145497,0.04836279021375713,0.05609693442810811,0.04264350628568097,0.0,0.0,0.0,0.0,0.13242435470089475,0.13432629146901953,0.0,0.0,0.0,0.06747061445220986,0.0,0.0,0.0,0.07862407097494231,0.0,0.0,0.0,0.03379514165379895,0.12304696993397689,0.0737891971659105,0.041871937995956336,0.0,0.0,0.0,0.0,0.0,0.0,0.0,0.0,0.0475212361422362,0.34141509713638385,0.049234341401236024,0.031177799789367817,0.0,0.0,0.0,0.09535639583209844,0.0,0.0,0.0,0.09934683990615756,0.0,0.08980159144656409,0.0,0.06309174846652058,0.0,0.0,0.0,0.03172311342919768,0.040352403097648044,0.0,0.0,0.038874420603442754,0.0,0.033870758676278895,0.0,0.0,0.2570083355909594,0.0,0.0,0.0,0.0,0.047070568961499554,0.0,0.0,0.0,0.0,0.1345982731854806,0.13674362816796515,0.0,0.08252763087667524,0.0,0.0,0.0,0.0,0.0,0.033485010493050346,0.17335602916422568,0.05542289500647546,0.0,0.04498871745702986,0.0,0.04327798365895352,0.04805405191877565,0.08744146472819417,0.0,0.03679845515976593,0.0,0.0,0.0,0.03881015587548606,0.0,0.0,0.03644936842702753,0.03578563629411905,0.0,0.0,0.0,0.0,0.1305220295375202,0.0,0.0,0.0,0.0,0.0,0.0382926172107291,0.03786666007762408,0.06398008740615305,0.0,0.051760244512909025,0.0,0.0,1.0,0.0,0.19185979713457335,0.0,0.23923899710383648,0.042503961738170545,0.0,0.030227640296107406,0.0,0.0,0.045781689492435385,0.04545489701328941,0.0,0.0,0.03624553429919645,0.14855359476384863,0.0,0.0,0.03856326100489741,0.031406176123567706,0.07186148622361435,0.04551259025849683,0.0384545138433943,0.0,0.04177418124807111,0.06654475075198744
cool,0.026955905322535514,0.0,0.0,0.030386983055037568,0.023181126272855374,0.0,0.0,0.0,0.0,0.0,0.0,0.0,0.0,0.0,0.0,0.0,0.0,0.029553621503382373,0.0,0.0,0.0,0.0,0.0,0.0,0.0,0.0,0.0,0.0,0.0,0.0,0.025081844971790848,0.0,0.0334246062188387,0.0,0.0,0.0,0.034127148190610974,0.0,0.0,0.09548022232762392,0.032115560627708054,0.0,0.0871217443527584,0.0,0.0,0.0,0.022669502397904363,0.0,0.05066428717545293,0.0,0.0,0.0,0.0912749633524872,0.0,0.0,0.28547870973271045,0.0,0.04407835313614413,0.0,0.0,0.0,0.0,0.03286009492764034,0.0,0.0,0.07111000231439599,0.4012707957448014,0.0,0.0,0.0,0.0,0.0,0.0,0.03760851451234601,0.0,0.0,0.13571270728947651,0.0,0.0,0.0606975555568124,0.05637634562583629,0.0,0.07859604328206685,0.0,0.04416635698498251,0.07732909053607784,0.0,0.0,0.0,0.0,0.0,0.0,0.02913498383481328,0.0,0.0,0.0,0.0,0.0,0.0,0.0,0.0,0.03495065140187906,0.0377157037896855,0.039913139760238296,0.0,0.10687979061624614,0.0,0.0,0.04943302852251148,0.0,0.034104321094103204,0.0407731738959139,0.03593001427687995,0.0,0.0,0.0280911849031522,0.0,0.0,0.14459421029651304,0.0,0.0473043720525883,0.0,0.0,0.0,0.0,0.0,0.0,0.0,0.10161497101726412,0.0,0.0,0.0,0.0,0.0,0.0,0.0,0.028721096207268877,0.0,0.0,0.05097896351611093,0.0,0.0,0.03401060996513522,0.0,0.0,0.03948674905620573,0.03963284807038374,0.0,0.06084054937170272,0.0,0.05924267571683239,0.0,0.0,0.0,0.0,0.0,0.0,0.0,0.0,0.0,0.0,0.0,0.041652217518091755,0.03754586623089663,0.0,0.14966994209584045,0.0,0.0,0.0,0.0,0.0,0.0,0.0,0.0,0.0,0.0,0.0,0.0,0.0,0.031204124591726362,0.4894022281814223,0.0,0.0,0.03599579342914872,0.0,0.0,0.0,0.0,0.0,0.02745892812266008,0.0,0.026802343560188225,0.04512573410768458,0.0,0.0,0.0,0.0,0.0,0.04057456872496072,0.0,0.0,0.0,0.0,0.0,0.0,0.06068265895110552,0.0,0.0,0.030204721808630926,0.055208213412943435,0.0,0.0,0.04761840217989306,0.0,0.0,0.037933019749564256,0.0,0.04407752287119321,0.0,0.0322537329217756,0.030023726323410712,0.0,0.0,0.0,0.0,0.0,0.0,0.0,0.0,0.0,0.0,0.0525912894654464,0.0,0.0338430035397601,0.03984793836850125,0.0,0.033147028502557394,0.0,0.18382483175039402,0.0,0.08078257079059949,0.0,0.0,0.0,0.0,0.0,1.0,0.0324488529840888,0.04472071916288087,0.0,0.20404151464097897,0.04627441672552268,0.0,0.0,0.0,0.0,0.0,0.0,0.21743994987616078,0.0,0.0,0.0,0.060978859007679694,0.06760115964893111,0.0,0.0,0.0,0.03370526327142294,0.0,0.2005381819993631,0.0
toss,0.0307688262437885,0.0,0.022196987060588487,0.03468523095426317,0.06657798933411223,0.0,0.0,0.0493248457008381,0.0,0.2883019545374827,0.024157767846868645,0.0,0.04433809819969278,0.20982676072868298,0.05729942030853319,0.0,0.0,0.033733990160295255,0.0,0.0,0.0,0.05394854540155988,0.0,0.0,0.0,0.0,0.04848685702827105,0.0,0.16382393525514902,0.044370161383255106,0.072037000590742,0.05290346544690083,0.0,0.0,0.043164834956852006,0.0,0.038954443574004974,0.0,0.0,0.0,0.19171906190366242,0.0,0.04889362293231514,0.0,0.0,0.049370394389369694,0.025876110335316196,0.0,0.0,0.0,0.0,0.05355625314526427,0.0,0.0,0.0249154134074981,0.0,0.0,0.0,0.0,0.02860158867487131,0.0,0.0,0.03750816524562043,0.048507540202446874,0.0,0.036849901922931465,0.02412081928774181,0.0,0.0,0.0,0.049545411361083175,0.0,0.0,0.055610746310963695,0.0,0.09313853647480813,0.08147868204916649,0.052589443375137296,0.026858114767154634,0.031454069700928816,0.0,0.0,0.0,0.039674359632919286,0.1289579029124064,0.07708796961873353,0.03965635958773299,0.13796638825296215,0.0,0.05873467474450895,0.029400024793294628,0.0,0.03325613606750252,0.05871919784561601,0.4168837150953254,0.0,0.05693228298284443,0.0,0.0,0.18640453745836727,0.0,0.06881841671382713,0.05427198605513522,0.0,0.05108361720458124,0.0,0.0,0.0,0.0,0.03903460950896679,0.03892838757782552,0.0,0.0,0.23751184372668716,0.20970981729980487,0.032064691462787946,0.0,0.0,0.025365395199980382,0.0,0.020811399300479524,0.03808222978131521,0.0,0.04714129258698446,0.057843925685867464,0.057033943158590054,0.0,0.0,0.06944718746542496,0.205912192544843,0.03508040534319759,0.08250344927761016,0.12537734223803226,0.0,0.0,0.0,0.0,0.09605525280254232,0.02225448670719475,0.04819596675955593,0.0,0.16301523932522613,0.04894044560449798,0.0,0.0,0.045072161595208944,0.11563478678132719,0.0,0.0,0.0,0.1312130617907239,0.0,0.05352368908179608,0.0303722045587343,0.05738319815347224,0.14542636143776644,0.13591474494636155,0.05452966879991474,0.0,0.0,0.0,0.041438879792906794,0.08201391239480302,0.05402759391350565,0.11245600124004185,0.053807803587737124,0.0,0.04798039154167022,0.0,0.12189242435865646,0.0,0.05364927795642921,0.05637938026549073,0.0,0.0,0.0,0.0,0.0457641939233486,0.0,0.0,0.0,0.07245866160895333,0.029269995609867115,0.0,0.0,0.028197927088640166,0.0,0.024568473787260906,0.0,0.03134300177039406,0.1510000548848816,0.03059354312393707,0.0,0.0,0.0,0.034143080488243396,0.0,0.0,0.0,0.0,0.0,0.05876900179025743,0.2534175783075291,0.059862194269015206,0.0,0.0692662393244382,0.0,0.11466073411707806,0.034477188799694025,0.024288667709732103,0.0,0.10428626648366068,0.0,0.03263298989342143,0.0,0.07469074983246232,0.0348564591133575,0.06342648992976009,0.0,0.06350813915496586,0.0,0.07308305552545677,0.17787946645810368,0.028151312062996963,0.0,0.0,0.02643889265429418,0.14778889914517385,0.0,0.0,0.0,0.02725332296058525,0.09467538332994185,0.03712222216552974,0.0,0.0,0.0,0.0,0.06608681945664302,0.027466938500547145,0.07841388373827037,0.0,0.09739445497933646,0.0,0.4425853794168556,0.19185979713457335,0.0324488529840888,1.0,0.049053934300374295,0.033918571594973114,0.07335491408499253,0.0,0.0219259035607541,0.11095863108157644,0.0,0.03320817962720012,0.03297113762484915,0.0,0.04554060814461895,0.026291039650042633,0.10775474898101575,0.0,0.0,0.14972576830488343,0.02278076562218718,0.20884860990702397,0.033012985963592534,0.06636622667173894,0.24867856429383525,0.07209543183997459,0.1956500465342364
cut,0.06711651767012168,0.05443061220948398,0.0,0.03844867406327755,0.02795679112077293,0.03471930139221362,0.0,0.056522993989187545,0.0,0.08745456112594824,0.03634121517083399,0.03301474906701688,0.05080851287874701,0.03257492283108796,0.041892907920355646,0.0,0.0,0.03739422102269688,0.0,0.035136751491133836,0.11081726964479835,0.0,0.0,0.032931682365818976,0.039569833210829894,0.07575837149640452,0.0,0.043072372945190875,0.03775937956881093,0.0,0.0,0.0,0.04372025931312464,0.0,0.030080106451454695,0.03599085455515152,0.04248596582380627,0.0,0.0,0.0,0.04855008594059607,0.034121945931686014,0.0444442058272617,0.0,0.0,0.0,0.0,0.0398499817485976,0.0,0.0,0.0,0.16170019285866022,0.160796163629959,0.09209228319206267,0.0,0.04306605236580395,0.0,0.07023673804556411,0.0,0.0,0.03182596461351067,0.0,0.041577904501834115,0.08401320959395106,0.0,0.1482094287887332,0.025485187725182237,0.07089725818992618,0.0272190988003122,0.029626423915668453,0.0,0.04746050353948751,0.0,0.16771925136383092,0.04790433078573765,0.0,0.03745900879116932,0.0,0.0,0.14779732703769377,0.2514164307098558,0.037545194532562776,0.0,0.08290456735561852,0.05588372696303052,0.0,0.0,0.09552691353873292,0.03816089094489945,0.0,0.0,0.0,0.03686451844444915,0.0672882969975773,0.05295854425532753,0.04926834052119882,0.0,0.033862508214613896,0.0,0.0,0.05643385993467205,0.0,0.1681972735772238,0.17799697773145412,0.0,0.2466319758922783,0.0,0.049324437774815266,0.1366895406939678,0.11840251249073538,0.043152224869495666,0.4020250339636914,0.16023379742988295,0.0,0.0,0.0,0.0,0.0,0.0,0.02828302725044992,0.06261435615897801,0.11610352466207582,0.030578442092140338,0.0667623896561044,0.0,0.0,0.12032363284801295,0.03695751969235522,0.0,0.0,0.0,0.05762656983991485,0.0,0.06420532692370902,0.0,0.037146286458331734,0.06729805424435634,0.0,0.06590959119303101,0.0,0.04033946038682238,0.047360398002371774,0.15167400562729375,0.040600515105199096,0.0,0.0,0.0518408020609151,0.03414781259755512,0.0,0.0,0.04477949226459356,0.048735275085485745,0.037298839827937705,0.0,0.06575733016948813,0.0,0.044275154393791157,0.0,0.0,0.12009741665483309,0.045843528368809866,0.04748620132862042,0.051854162559245166,0.26231662694757074,0.05372346659661052,0.0,0.04133669036054708,0.09884565929873954,0.041423577161627576,0.06041907503119626,0.0,0.06147850585985664,0.04011358999649151,0.0,0.0,0.07056294241976985,0.0,0.03292060512628453,0.07077865288111321,0.21800963811610347,0.04090235293040266,0.0,0.0,0.34047774878441384,0.058655719103507566,0.0,0.0,0.036959051762622805,0.0,0.0,0.08605170944980427,0.03232403428718645,0.5408669759460631,0.0,0.06505661571465056,0.0,0.03673984380862768,0.0588390992145251,0.09575979935263826,0.0,0.05331040555688186,0.10847997026179235,0.04215630186491105,0.17436187296111208,0.0,0.0,0.03611316591239806,0.037351515524989914,0.07464541300361473,0.03653813154623372,0.04595557242646601,0.13202266442421023,0.0,0.0,0.13875615491457477,0.0,0.0,0.05765455297189448,0.0,0.0,0.17764223247652428,0.0,0.05167886366193049,0.0,0.08915850019604184,0.03704525093388468,0.0,0.0,0.0,0.03096425580572455,0.0,0.2716123081205268,0.0,0.37761255880528355,0.4195452730641386,0.0,0.27988305477956077,0.05378157357472346,0.0,0.0,0.0,0.0,0.1250634260736644,0.0,0.04363900541249555,0.0,0.04472071916288087,0.049053934300374295,1.0000000000000002,0.0,0.0,0.0,0.03298375844023203,0.055252612468767295,0.0,0.09991201247678315,0.0,0.0,0.0,0.0,0.16209852430161034,0.0,0.0,0.09186139529806153,0.0,0.045532389202742,0.04966237087546766,0.0,0.04970352575985045,0.046328914955356855,0.07034236896321522
taste,0.0,0.0,0.028036860336994294,0.0,0.0,0.0,0.0,0.0,0.1022302044186445,0.0,0.030513508942786705,0.0,0.0,0.0,0.0,0.1168375575818049,0.0,0.0,0.05520377374984436,0.12737308508661613,0.0,0.0,0.06784600744799854,0.0,0.07024708956519751,0.0,0.0,0.23808690887393644,0.054599568260356224,0.05604364296994999,0.0,0.0,0.12485449668754507,0.0,0.056025337240758664,0.0,0.0,0.0,0.0,0.0,0.0,0.0,0.0,0.0,0.05769246313103932,0.0,0.0,0.0,0.0,0.051268338324544985,0.06045557667087012,0.0,0.0,0.0,0.03147048579330835,0.06149311985939847,0.2930363202127943,0.051222569316477444,0.0,0.03612646819609691,0.0,0.0,0.0,0.0,0.21559531812048127,0.0,0.0,0.0,0.0,0.0,0.0,0.0,0.0,0.0,0.0,0.1176426391567673,0.0259012062881633,0.0,0.033924298400781,0.0,0.20168880169589148,0.0,0.0,0.0,0.0,0.0,0.0,0.03674134608935118,0.0,0.0,0.03713496731713271,0.0,0.0,0.0,0.03661843235428668,0.0,0.0,0.18413080138418356,0.08121303728194802,0.0,0.0511441335508703,0.036533684948644486,0.0,0.0,0.0,0.0,0.0,0.0,0.0,0.04930434441957081,0.0,0.0,0.0,0.08098347215497018,0.03377565725182054,0.0,0.0,0.0,0.0,0.0,0.026286734051440934,0.0,0.0,0.0,0.07306226116956374,0.0,0.0,0.1339734921582743,0.03686748095327099,0.033409794760913054,0.04430981657500248,0.0,0.039069828959041326,0.05884303568289951,0.0,0.0,0.0,0.03924875886810242,0.028109487741647274,0.0,0.0,0.06848251515509651,0.0,0.0712893903311313,0.0,0.08631578685443256,0.0,0.0,0.0,0.0,0.03096298871896137,0.0,0.0,0.03836292083315198,0.0,0.0,0.0,0.0,0.0,0.0,0.0,0.0,0.04353878772447037,0.0,0.0451083286766043,0.028564989401419327,0.0,0.0,0.0,0.0,0.0,0.09134961226535238,0.0,0.0,0.0,0.0,0.0,0.0,0.0,0.0,0.05840361846765974,0.029064603820891655,0.38793332832347216,0.0,0.0,0.0356166060474332,0.0,0.17043173553577032,0.0,0.061679590226713016,0.03639732125247876,0.0,0.0,0.0,0.0,0.043125888054568066,0.0,0.0,0.0,0.0,0.0,0.02861534624159788,0.0,0.0,0.0,0.1363083628483957,0.0,0.0,0.0,0.030678847651288758,0.15882817803701907,0.050778259503604595,0.0,0.12979365596308373,0.0,0.039651134874321196,0.04402695164599727,0.0,0.0,0.03371461388323425,0.0,0.0,0.0,0.03555772693199305,0.0,0.0,0.033394781858902337,0.03278667283677764,0.0,0.1087386656414428,0.08679299194200239,0.0,0.03868493583272004,0.0,0.0,0.0,0.0,0.0,0.03508355984600616,0.1092463294887325,0.058618328778988586,0.05964266575723782,0.04742255213372447,0.0,0.0,0.23923899710383648,0.0,0.033918571594973114,0.0,1.0,0.03894197874037322,0.0,0.027694456649332785,0.0,0.0,0.04194502126402307,0.04164561515562759,0.0,0.0,0.033208029755146515,0.13610427575518538,0.0,0.0,0.035331522728704955,0.028774226987458976,0.0,0.0416984735019194,0.035231888965682655,0.0,0.038273356448040655,0.06096806422494366
rest,0.10480484256956107,0.0,0.10715391365860995,0.03982218185821342,0.030378896925827587,0.0,0.0,0.0,0.0,0.0,0.06414556434219248,0.033626714553382946,0.0,0.034809743800208376,0.0,0.0,0.04786069504191316,0.038730060432287446,0.0929790319509137,0.03754732816160929,0.0,0.0,0.11677714981370459,0.0,0.039006498893363675,0.0,0.0,0.0,0.0,0.0,0.032869791318114655,0.0,0.07163355571940513,0.13639624752808283,0.0321437691345457,0.11057450414656114,0.04472367326125227,0.04056552947828173,0.06968052294662588,0.0,0.04208748507473335,0.0,0.0,0.03196307725148178,0.06693244111219541,0.0,0.057983797855234095,0.0,0.03471117392639881,0.0,0.033569510126413266,0.05231971064185519,0.0,0.0,0.06740576897061348,0.0,0.0,0.05776474062656542,0.04777376348815326,0.07594513939625812,0.06692451370539038,0.02665287750172763,0.043063198268698026,0.0,0.04026528322371647,0.042307444853612576,0.02769316005167022,0.0,0.0,0.0,0.0,0.046784834015545645,0.0,0.0,0.0,0.17945403690884487,0.3668083278109667,0.0,0.07266152278397373,0.03611247927000913,0.0,0.0,0.10300021964160107,0.0,0.05788006978794736,0.1830656869469387,0.0,0.07723773703025319,0.0,0.0,0.07953836633313655,0.0,0.03818143520877441,0.0,0.033284716286032495,0.0,0.0,0.0,0.0,0.0,0.0,0.07901055954293718,0.0,0.0,0.0,0.08543937625000082,0.0,0.04862223242711429,0.0,0.04481571192880771,0.04469375832080619,0.0,0.0,0.0,0.03070074540942271,0.03681353531543092,0.0,0.0,0.056839375344077014,0.06044680060103717,0.14966169683246627,0.036005913324874336,0.032676293373167214,0.0,0.06641072481521063,0.0,0.0,0.0,0.21213199980600964,0.030368190779783266,0.04027588235115826,0.0,0.03551293948533202,0.0,0.0,0.0,0.0,0.03567557974258177,0.025550419946279088,0.03492676533802326,0.04171995492797303,0.0,0.0,0.04067734337596045,0.10763016038644842,0.05174743735032229,0.0,0.0,0.04034194256431932,0.08657105343320576,0.14272806730947554,0.0,0.0,0.08064661495573798,0.0,0.0,0.0,0.0,0.05558771509437376,0.03946255155944113,0.0,0.0,0.09416033407982853,0.0,0.04100169847828335,0.4045323557405485,0.0,0.0,0.0,0.0,0.0,0.05241058763411718,0.0,0.0,0.0,0.0,0.09030394934392852,0.0,0.0,0.032361491686578675,0.0,0.24319865760726894,0.0791865874180448,0.0,0.0,0.07487330608714643,0.0,0.0652361023625985,0.0,0.035984961960575546,0.03308373498185859,0.06966614992108763,0.0,0.03738525574606732,0.0320652199285108,0.03919973784217607,0.07725755402432025,0.06187744029457355,0.0,0.0,0.0,0.026010225447749794,0.0,0.0,0.0,0.1552134214584386,0.0,0.0,0.03958332825149097,0.0644931397319767,0.047573258948825095,0.10674616669883216,0.06524874748319005,0.03746599986105455,0.0,0.08575259674288142,0.09430011823209561,0.0,0.0,0.07291381943630769,0.0,0.0,0.0,0.03232057673187251,0.0,0.0,0.030354544641706626,0.029801797432963056,0.026474492178535255,0.0,0.0,0.031289593677728024,0.03516308675580772,0.0,0.0,0.0,0.03437645828413067,0.0,0.5541278675019949,0.03153484609917853,0.2609495638643181,0.034219161777303844,0.04310523667586293,0.031170193018691363,0.0,0.042503961738170545,0.20404151464097897,0.07335491408499253,0.0,0.03894197874037322,1.0000000000000002,0.0,0.02517317298977597,0.026200775759026095,0.06843830520824684,0.03812637632536917,0.03785422793638763,0.0,0.0,0.030184794316810353,0.12371343917722236,0.0,0.0,0.16286541328230097,0.026154641803374606,0.0,0.03790227409638295,0.076195195334012,0.0,0.4090822738978285,0.05541757496886129
pre-heat,0.0,0.0,0.0,0.0,0.0,0.0,0.0,0.0,0.0,0.0,0.0,0.04998397696702552,0.0,0.05174247485806291,0.0,0.0,0.0,0.0,0.0,0.06544713015792798,0.0,0.0,0.16749972746248276,0.02445386701151041,0.0,0.0,0.02509036307430299,0.0,0.0,0.045920215373918,0.0480480835352155,0.0,0.0,0.0,0.08710209909276286,0.02589006128834035,0.030562326809637688,0.0,0.049212040934906665,0.0,0.0,0.025337713352096083,0.09773837833895804,0.0,0.0,0.0,0.0,0.0,0.7300186047397624,0.0,0.051557880947703597,0.0,0.0,0.0,0.0,0.058622616701515584,0.0,0.02098499749810417,0.0,0.0,0.12145122280959672,0.0,0.0,0.0,0.0,0.0,0.03439803693613774,0.0,0.020211910671374046,0.04399900511686907,0.0,0.0467309559729978,0.0,0.0,0.0,0.0,0.055662611161696234,0.0,0.0,0.0,0.0,0.0,0.0,0.0,0.0,0.0,0.0,0.0,0.0,0.0,0.0,0.0,0.0,0.0,0.0,0.03487069215367754,0.0,0.0,0.0,0.0,0.06285859117940433,0.0,0.0,0.0,0.0,0.0,0.0,0.0,0.0,0.0,0.0,0.04223676240249493,0.0,0.0,0.0,0.0,0.0,0.0,0.036172892412160734,0.08496103713862801,0.0,0.035964448432010826,0.2080341642913005,0.0,0.0,0.0,0.0,0.027443307074107217,0.0,0.0,0.0,0.0,0.0,0.08281914700982437,0.0,0.027583478394239157,0.0,0.0,0.0,0.09375718531338492,0.0,0.0,0.0,0.0,0.03800703291812013,0.0,0.0,0.0,0.4577841945193104,0.0,0.0,0.0,0.0,0.04572351066530609,0.08332709998006861,0.0,0.0,0.21124453079727024,0.03862735934275853,0.0,0.0,0.0,0.0,0.0,0.0,0.0,0.0,0.0,0.0,0.04979270092383083,0.04614581617431351,0.050665801387115565,0.0,0.0,0.0,0.0,0.0,0.0,0.0,0.0,0.07471615266821577,0.0,0.0,0.0,0.05963106627986044,0.0,0.0,0.0,0.0,0.3007704037369142,0.0,0.07534660959104274,0.0,0.03734220238396542,0.0,0.0,0.03795339446123821,0.10499498773207006,0.0,0.0,0.0,0.0,0.0,0.0,0.0,0.07560155175501618,0.035558045963286926,0.0,0.05409925106859874,0.047774862786807926,0.04598951086115963,0.0,0.06387731790413875,0.0,0.0,0.0,0.11870516063583722,0.0,0.0,0.0,0.0,0.0,0.0,0.0,0.0,0.0,0.0,0.0,0.036793731171038416,0.04764658078572941,0.0,0.0,0.0,0.0,0.0,0.0,0.0,0.0,0.0,0.0,0.06298643401918336,0.023778560715003862,0.0,0.043319724312179834,0.0,0.0,0.04627441672552268,0.0,0.0,0.0,0.0,1.0000000000000004,0.023726903350651096,0.036413325447347725,0.04755710868130108,0.0,0.0,0.0,0.21810599910803036,0.0,0.0,0.042774711499916,0.2470698118919881,0.10265022803405993,0.0,0.0,0.0,0.0,0.0,0.0,0.0
cover,0.1061927834014003,0.08139154063595315,0.01812380259510618,0.08451667435327948,0.0,0.0,0.08227927043085441,0.0853484417032355,0.0,0.02814104556109885,0.10584497366391521,0.0,0.0,0.0,0.0,0.0,0.0,0.0,0.0,0.0,0.0,0.0,0.029131936817809224,0.026336865879811554,0.0,0.01837602379310867,0.027022373469711577,0.030689843242979558,0.0,0.10797995706913499,0.05431291158336326,0.0,0.0,0.0,0.0,0.053527783675872596,0.16677482121578188,0.0,0.05300147093972353,0.06600913530132288,0.0,0.08082044556693493,0.0,0.0,0.05715099984866972,0.0,0.0,0.0,0.025977780601145445,0.0,0.0943677544592916,0.0,0.0,0.0,0.020343393134409728,0.02640411351908981,0.0,0.11451252477466205,0.0,0.08394335904543851,0.1564580989776107,0.08451735679016038,0.0,0.024862632817585634,0.0,0.0,0.0,0.025052834775630767,0.021768270035824946,0.11571227523927458,0.0,0.0709689519487699,0.0,0.0,0.06637371869990413,0.07604745835364587,0.016743256702049108,0.0,0.02192960552654895,0.0,0.0,0.02675162885030175,0.0,0.026676952890058347,0.0,0.0,0.048287408639786505,0.023750623129624813,0.0,0.0,0.024005070786880595,0.06042901848047963,0.0,0.0,0.023671168288970035,0.24280534079729685,0.0,0.0,0.0,0.0,0.06769883407424421,0.023616385220115502,0.0,0.0,0.0,0.0,0.06473129833743989,0.0,0.0,0.07371137281519935,0.0,0.0,0.0,0.0,0.021833519773405096,0.0,0.0,0.0,0.0,0.04523827766195755,0.13793789553046362,0.02560640825016816,0.048909759255432214,0.02416235998042721,0.04722946801721747,0.0,0.0,0.029556499075137604,0.023832160197134005,0.021597016132039383,0.12043520197187238,0.020855962946825686,0.02525581891007627,0.023236918717001388,0.08217955806064069,0.029707463879876803,0.021183239383715562,0.025371484156156074,0.042024469749290194,0.0,0.0,0.0,0.0,0.028928599911324484,0.04093365388725429,0.0,0.0,0.28203129995645454,0.031195592227674946,0.12917429327005356,0.1891037983703947,0.0,0.0,0.20053843609515115,0.0,0.0,0.0,0.029574218209177456,0.04160174674306783,0.0,0.0,0.0,0.06509170442607817,0.0,0.06743821201346117,0.018465199841207508,0.0,0.0,0.0,0.0,0.0,0.0,0.0,0.0,0.0,0.02493469822188454,0.07961427082577795,0.02345652541770413,0.02561590887702428,0.0,0.0,0.06753443101072708,0.023898902177347667,0.0,0.021228428269121788,0.023023560033204004,0.0,0.04639410906409182,0.0,0.026484180764950436,0.023528235952303744,0.025850903888216474,0.0,0.11438676786731314,0.0,0.10020719117815985,0.10294167960959295,0.06760376227325565,0.0,0.0,0.0,0.04278074234393797,0.0,0.030682482549185784,0.0,0.0,0.0,0.0,0.058265006467945656,0.045865734620075774,0.0327441749193692,0.16793662781128404,0.024416023068132887,0.026644781352626736,0.03311989708161115,0.10389352117983963,0.12460493945861656,0.0,0.0,0.02179405965024222,0.0,0.0,0.0,0.02298549894318232,0.04212163352189841,0.0,0.02158731137661558,0.0859073239538026,0.03962692536985493,0.02206259121182939,0.0,0.0,0.02500701333920228,0.0,0.0,0.0,0.0,0.01946439825955932,0.02267898421363595,0.022426709080698107,0.03789251030521467,0.02560955958708846,0.20860391036299994,0.04665543362214528,0.0,0.030227640296107406,0.0,0.0219259035607541,0.03298375844023203,0.027694456649332785,0.02517317298977597,0.023726903350651096,1.0,0.03921722761039469,0.05121910544379321,0.09830353525080296,0.026920878406503947,0.08093391532270341,0.02469899253541241,0.08701135928750951,0.20347969595861626,0.13856453429195137,0.0,0.08804070254388209,0.08143672631640818,0.0,0.06234038323212428,0.18417127164494657,0.0,0.024740957032237627,0.03941144433924493
stir-fry,0.06435196868954463,0.0,0.01886364058627392,0.0,0.03158829807880797,0.0,0.0,0.030903688349947334,0.0,0.026221559257326416,0.0,0.08524825262939903,0.051416538178664234,0.09963189852725451,0.04454009775460228,0.12785183252218632,0.026986515114503888,0.020784761558451284,0.1033784732538663,0.060190971289557846,0.060588835148223774,0.0,0.14906737904901995,0.08520391746646022,0.021994028106524545,0.07153327496821058,0.041470834392950025,0.06786263350715963,0.020644768016094873,0.07589964487244688,0.0,0.0,0.03909134636564812,0.0,0.033987425979114146,0.24023309549062555,0.050515219330715525,0.0,0.3303898028896927,0.12678173600911033,0.02654453735338847,0.11659358332098474,0.0,0.10097494597747335,0.054066167679341,0.0,0.0,0.022149742556490392,0.05881004425813642,0.0307040584732148,0.018928352202566133,0.08887539919516074,0.0,0.0,0.021173837795849665,0.07734957062231326,0.0,0.05116522985481495,0.0,0.0,0.42889035672926135,0.0,0.0,0.0,0.0,0.0,0.04236146360267273,0.0,0.2287636326390548,0.12196917894768569,0.038512736314471774,0.0,0.0,0.0,0.0,0.03957590892846527,0.020480541667726927,0.0,0.022824801510654615,0.0,0.0,0.0,0.0293854379419766,0.02485733159746378,0.0,0.0,0.05942172153262139,0.24905944637668676,0.020864292523907955,0.0,0.02498499005358021,0.02424179215893748,0.0,0.0367895685145343,0.1342910043123661,0.05763634010357486,0.0,0.08382305814972578,0.0,0.020448576824628202,0.1347513478128931,0.0,0.0,0.22361535643990482,0.0,0.0,0.0,0.0,0.0,0.0,0.0,0.0,0.0,0.0,0.07641542286107211,0.0,0.0,0.0,0.0,0.2411006452419392,0.01768612809612865,0.02385980825912348,0.17461850978417015,0.017961223953698986,0.0,0.0,0.0,0.22688027545244474,0.024805021021064865,0.02247863536986201,0.029812341477183268,0.01550339542832028,0.0,0.01727329207114074,0.0,0.10733613753834217,0.0,0.0,0.01773179381703774,0.1532428320655849,0.022055415398516895,0.06803900641950496,0.0,0.04387230868873463,0.3731693699221408,0.0,0.0,0.018980316294115826,0.047875411111239996,0.024007702701843516,0.0737025237250466,0.0,0.04214385211052206,0.0,0.03595251940601706,0.0,0.0,0.07545879463789855,0.5971078058959985,0.0,0.0,0.025962863309457084,0.0,0.0,0.0,0.0,0.022600646323954244,0.05404341196606929,0.0,0.03303385283365122,0.0,0.06221421892930053,0.0,0.07340352912407552,0.0,0.0,0.0,0.03557351296105463,0.01904172756678068,0.0,0.018285893893272967,0.039110245132285074,0.024874487498652002,0.07064572935599786,0.015780269586066712,0.0,0.024838445822092325,0.020878998487999956,0.0,0.08874185711326846,0.02295985618354844,0.26897557380901516,0.026388129907322633,0.0,0.0,0.0290157757483222,0.06293714672017871,0.35610355171393976,0.0,0.03175849369545626,0.0,0.040677555385350686,0.08887093262685047,0.0,0.0,0.0,0.0,0.03971173726895281,0.10933492753771967,0.0,0.02596133508429776,0.07218278772132886,0.21378203843714744,0.0,0.024619858709503492,0.0,0.029622025504171996,0.0,0.0,0.0,0.0,0.03890839322201176,0.02825518225721068,0.04576149750876381,0.0,0.020254321452352057,0.06544640055153784,0.06425464110812745,0.6234976828413791,0.0,0.0,0.0,0.061494541460136734,0.02325833093567174,0.0,0.0,0.0,0.01446896812013114,0.0,0.0,0.0,0.3386848823211386,0.0374978502606864,0.2884013555486371,0.09199666333029849,0.0,0.0,0.11095863108157644,0.055252612468767295,0.0,0.026200775759026095,0.036413325447347725,0.03921722761039469,1.0000000000000007,0.46874122164588305,0.06667685479227589,0.0,0.0,0.037905176251704344,0.0,0.0,0.0,0.031792439280902564,0.15028845914290456,0.0193597524656885,0.15304008491074186,0.0,0.0,0.027175175297151244,0.0,0.03845936838823597
pan-fry,0.1335651486765786,0.0,0.02463659098600053,0.0,0.021292368449784375,0.0,0.0,0.0,0.0,0.0,0.0,0.08135368558370196,0.030871051939435994,0.08421580847203147,0.0,0.02454726211186858,0.03524535637608226,0.027145643859951114,0.045147146218897156,0.08028224580343553,0.0,0.0,0.33098397608283003,0.22017785566677103,0.028724989331557052,0.05774433416796211,0.05416239670780787,0.08863103266319139,0.0,0.16329337188448625,0.0,0.0,0.1368871776946621,0.0,0.04581904316602426,0.3578794292752423,0.06597468773469527,0.0,0.3820895184919084,0.0,0.0,0.0546963500759573,0.0,0.21883609356448835,0.04848413622016623,0.0,0.0,0.028928357986556238,0.10154738999168088,0.0,0.02472110667719719,0.07457865536237598,0.0,0.0,0.05530758275365418,0.0529231850319105,0.0,0.09614660032104269,0.0,0.0,0.5349291240267875,0.0,0.0,0.0,0.0,0.0,0.0,0.0,0.15012294768336817,0.3280361325683348,0.13882658839685855,0.0,0.0,0.0,0.0,0.10337511221235555,0.0,0.0,0.0596200183716201,0.0,0.0,0.03773934819859981,0.038378435605254495,0.0,0.05526842795828988,0.0,0.07760689896458547,0.0,0.0,0.0,0.10971858481432084,0.03166064978050706,0.0,0.0,0.0,0.07527512680108132,0.04116618561649127,0.035964071027163196,0.0,0.026706574543238017,0.24914899486882,0.0,0.0,0.08163631009594088,0.0,0.043371383863600364,0.037407289916745724,0.0,0.0,0.0,0.0,0.0,0.0,0.0,0.029679395017653848,0.0,0.0,0.0,0.0,0.28928189589247144,0.04619743490526306,0.0,0.17708677675294565,0.0,0.0,0.04123969332504057,0.0,0.20292998397333145,0.06479249373949522,0.02935790379369845,0.03893598692941497,0.029422150407057254,0.0,0.0,0.0,0.0595442678507964,0.0,0.046986517378153035,0.0,0.23912706612321732,0.0,0.0,0.03538750533709759,0.0,0.4550304709837678,0.0,0.0,0.024788973644001067,0.06252700354630886,0.06270984111192181,0.0,0.0,0.028407431916456106,0.0,0.0,0.0,0.0,0.09855189147015703,0.5423499816145331,0.0,0.0,0.0,0.0,0.0,0.0,0.0,0.0,0.0,0.0,0.0,0.0,0.07470819514390631,0.0,0.047933820507445254,0.0,0.0,0.0,0.0,0.0,0.0,0.023882033089083432,0.05107938249138638,0.06497394516057432,0.046132927816644756,0.0,0.0,0.03243990085837911,0.027268720668929155,0.0,0.05308366811969203,0.0,0.22270191865610772,0.03446384383962497,0.0,0.0,0.037895643525623905,0.0839450730716625,0.4481660359584788,0.0,0.04147773150829428,0.052723439703599224,0.0,0.04298305542292198,0.0,0.0,0.0,0.035715547567103524,0.0,0.11678368660092192,0.0,0.06781286899494385,0.0,0.35219793353879686,0.0,0.0,0.0,0.07737485488927184,0.0,0.05975867242922695,0.0,0.0,0.0,0.0,0.0,0.0,0.0,0.06932316046708857,0.02881035318372242,0.6251353067305025,0.0,0.0,0.0,0.0,0.0,0.0,0.04379317965932162,0.0,0.0,0.0,0.0,0.0,0.365453204263519,0.0,0.32394656861654053,0.04449483719556923,0.0,0.0,0.0,0.0,0.0,0.06843830520824684,0.04755710868130108,0.05121910544379321,0.46874122164588305,1.0,0.0,0.0,0.046770550140852525,0.04950551932403851,0.0,0.0,0.04296417876341481,0.041522065660050185,0.13068672991458846,0.05973149826808344,0.0,0.0,0.0,0.0,0.0,0.0
turn,0.14485812258791667,0.05779341718776063,0.02744965517332149,0.040824090897659544,0.0,0.03686431198137765,0.0,0.0,0.0,0.0852428173188638,0.5140729032455102,0.03505444985325523,0.0,0.0,0.04448111469574281,0.035903977124542207,0.0,0.03970449216442018,0.0,0.03914152630270676,0.0,0.0,0.0,0.0,0.04201451694135333,0.055663320534487325,0.0,0.09296345068010756,0.06711340738040193,0.0,0.0,0.0,0.0,0.0,0.0,0.07767935229921719,0.09169780345011468,0.0,0.0,0.0,0.0,0.0,0.0,0.0,0.0,0.0,0.0,0.04231197347657358,0.0,0.0,0.0,0.0,0.0,0.0,0.030811366635920438,0.0,0.0,0.06296242390077095,0.0,0.035369833950499224,0.0,0.0,0.044146649892882965,0.07531208684957913,0.0,0.0433718820455682,0.0,0.11383234927050351,0.0,0.0,0.0,0.050392684734875515,0.0,0.0,0.050863932295037266,0.11517872685165804,0.025358730351309002,0.0,0.19573631062066876,0.0,0.0,0.08103409683614023,0.0,0.08080789382519245,0.05933630755339155,0.0,0.0,0.1512502588200716,0.0,0.0,0.08408527078666234,0.0,0.0391420637652634,0.0,0.1507442693499026,0.05231221260072779,0.0,0.0,0.0,0.0,0.0,0.03576852193852196,0.0,0.0,0.0,0.0,0.0,0.0,0.0,0.4164116755220593,0.0458182341375224,0.0,0.0,0.0,0.13904163687232227,0.0,0.0,0.0,0.0,0.0,0.16087725461275038,0.11634761629177179,0.0,0.07319087108303435,0.07153204214672367,0.0,0.03774215679911367,0.0,0.036095326905807835,0.032710058636216864,0.04338178994215213,0.06317537262875722,0.03825154884376428,0.07038759142570006,0.0,0.0,0.0641667347109514,0.03842673123740198,0.0997767190048702,0.0,0.0,0.0,0.0,0.0876284199241118,0.0,0.0,0.0,0.03625751575059642,0.0,0.0,0.12746294178217915,0.051746213581720366,0.0,0.03755944623093078,0.0,0.0,0.047010539934493674,0.0,0.0,0.042505738481575205,0.04867581040942119,0.0,0.15454416773881044,0.0,0.16011537017362673,0.02796672308075574,0.0,0.0,0.04398278797779541,0.0,0.0,0.0,0.042591867837967756,0.0,0.0,0.11329557323026336,0.0,0.07105280814017352,0.07759385613871192,0.0,0.0,0.028455873555141738,0.036196411892406855,0.0,0.06430361761017285,0.03487065037578631,0.0,0.11015134780248781,0.0,0.0,0.03563501424925443,0.0,0.0,0.0,0.0345379555749835,0.0422226576696664,0.0,0.06450465520235331,0.04532448149954151,0.0,0.05660400248558577,0.10157230140287371,0.0,0.1394117312992621,0.0,0.0,0.0383442915452342,0.03965914825692029,0.0811584556729891,0.21644099138129239,0.09918628342534547,0.049714757534252814,0.0,0.04035522106688812,0.1504865906857109,0.038820679863887445,0.04310484934793111,0.0,0.0,0.19452647354831443,0.0,0.0,0.0,0.034813004426977635,0.1594897524189179,0.0,0.03269536016504742,0.032099987403458874,0.0,0.06683040358850496,0.0,0.0,0.1592512844496083,0.0,0.0,0.0,0.0,0.058960145651263327,0.03434876831607099,0.03396668153424865,0.05739062407414065,0.0,0.168329878588643,0.0,0.0,0.045781689492435385,0.0,0.03320817962720012,0.09991201247678315,0.04194502126402307,0.03812637632536917,0.0,0.09830353525080296,0.06667685479227589,0.0,1.0,0.04077338766760721,0.0,0.0,0.03251251940508452,0.48311225740575103,0.0,0.0,0.03459153785388845,0.12903910369131766,0.09878184190242197,0.14801183542625534,0.0344939908245239,0.0,0.03747175768600935,0.059691146563632516
remove,0.0,0.0,0.027253717868140258,0.0,0.0,0.0,0.15821052311450154,0.0,0.0,0.0,0.02966118723345028,0.0,0.0,0.0,0.0,0.09722733637530043,0.0,0.0,0.0,0.0,0.0,0.0,0.0,0.0,0.0,0.0,0.0,0.0,0.0,0.0,0.0,0.0,0.0,0.0,0.0,0.0,0.0,0.0,0.0,0.0,0.0,0.0,0.0,0.04552482662864548,0.0,0.0,0.0,0.0,0.0,0.0,0.0,0.0,0.0,0.0,0.0305914332302192,0.0,0.07816443147537143,0.0,0.0,0.0985564947249579,0.0,0.08296988852927732,0.0,0.0,0.0,0.0,0.0,0.0,0.0,0.0,0.0,0.0,0.0,0.0,0.0,0.11435657410653165,0.025177718194453854,0.0,0.03297670446606809,0.0,0.0,0.11709862626475417,0.0766951258191167,0.0,0.0,0.0,0.0,0.03571506468196162,0.058081209692210575,0.0,0.036097691044540234,0.0,0.0,0.0,0.0355955842473729,0.0,0.0,0.0,0.0,0.0,0.0,0.16266720870058826,0.0,0.0,0.0,0.0,0.0,0.0,0.07544616141256466,0.13450701392476364,0.0,0.0,0.0,0.0,0.032832215251203355,0.0,0.0,0.0,0.0,0.0,0.025552477164053594,0.0,0.0,0.0,0.07102144208694727,0.0,0.0,0.0,0.03583767627089445,0.032476572251742004,0.04307212809170146,0.0,0.03797850696574681,0.0,0.0,0.0,0.32307448898498126,0.03815243889682286,0.027324316600384747,0.0,0.0,0.0,0.0,0.0,0.0,0.0,0.0,0.0,0.0,0.0,0.03009811186980606,0.0,0.0,0.037291344623383425,0.0,0.0,0.0,0.0,0.0,0.0,0.0,0.0,0.04232263608339439,0.0,0.04384833567235687,0.02776709491345844,0.0,0.0,0.0,0.0,0.0,0.0,0.0,0.0,0.0,0.0,0.0,0.0,0.0,0.047624664946697814,0.0,0.0792910465979672,0.03593803970672194,0.0,0.0,0.16692095622493147,0.0,0.03016545674514873,0.0,0.0,0.03538064935403054,0.0,0.0,0.0,0.0,0.1176515881787295,0.0,0.0,0.0,0.0,0.0,0.027816045156048425,0.0,0.0,0.0,0.0,0.0,0.0,0.0,0.029821907601566954,0.0,0.04935989057663554,0.0,0.11244805779324649,0.39410186805823966,0.10817212587367829,0.04279716431625591,0.0,0.0,0.0919767231964281,0.045823105929493374,0.0,0.0,0.09700491362128462,0.0,0.056383195840428904,0.032461978699152155,0.031870855744482764,0.0,0.0,0.14445100697445518,0.0,0.10553624156221075,0.0,0.0608171111494573,0.0,0.0,0.0,0.034103584722410166,0.09464667191086014,0.0569809663151359,0.0,0.04609791684607208,0.0,0.0,0.04545489701328941,0.0,0.03297113762484915,0.0,0.04164561515562759,0.03785422793638763,0.0,0.026920878406503947,0.0,0.0,0.04077338766760721,1.0,0.0,0.0,0.09059471276361694,0.13230252915248666,0.0,0.0,0.03434462135652739,0.0784988705486198,0.0,0.29583824906627254,0.09611599617622613,0.0,0.03720428200461949,0.16632676816234537
dry,0.1467102965079219,0.125830911395763,0.06935831340941317,0.0,0.0,0.0,0.1272033371821875,0.0,0.10867475127283549,0.0,0.0,0.0,0.0,0.0,0.0,0.06910682975032761,0.1187959104865863,0.0,0.0,0.03766918056161746,0.0,0.0,0.0,0.0,0.0,0.0,0.13725193624350418,0.0,0.0,0.09032145961678431,0.41903539367806425,0.3039774805820009,0.048954175579705515,0.0,0.0,0.0,0.0,0.0,0.04839811106903418,0.04136645091241013,0.0,0.03658123440178481,0.03652801469716723,0.0894332033587944,0.16233135518411834,0.08344513057247976,0.1326202645285792,0.0,0.0,0.0,0.0,0.0,0.07303255218903441,0.0,0.0,0.0,0.0,0.0972296744765031,0.0,0.0,0.0,0.06250510297500486,0.0,0.0669288052849034,0.0417389556053947,0.0,0.0,0.06744081822851272,0.0538924935283473,0.04327129491316779,0.0,0.0,0.0,0.0,0.0,0.0,0.0,0.09407713728985437,0.0,0.0,0.0,0.42585210145913294,0.1293560817524017,0.08753067767415748,0.07779738986929823,0.2975485065798348,0.06811867634683122,0.0,0.13887262574438433,0.08776036356605374,0.06257751158015826,0.10671351077115569,0.0,0.25974552129354267,0.0,0.0,0.15417280380133258,0.0,0.09607142869314148,0.12760852186260896,0.06809612654261739,0.1474224781248238,0.0,0.0,0.0,0.14381165136648488,0.6004244746018783,0.0,0.24045572105591487,0.0,0.0,0.0,0.0,0.0,0.0,0.07264026315182841,0.0,0.0,0.13000274684646665,0.03032148434653045,0.07355908751960341,0.0,0.07379518128275933,0.1287896239037248,0.0,0.058050149393063175,0.0,0.053978831141390106,0.0,0.0,0.12949042431320526,0.1786210655576686,0.0,0.12385685937417773,0.18320714225745122,0.0,0.06985361917376882,0.11468683979222061,0.0,0.0839029383270162,0.04324686695788771,0.0,0.11733855659928302,0.0,0.0,0.37251608031107497,0.0,0.0,0.0,0.0882721318092812,0.0,0.09197228221704337,0.039987098197508855,0.0,0.0,0.0,0.0,0.0,0.0,0.0,0.0,0.0,0.0,0.0,0.12622821421984473,0.0,0.10025841155425078,0.0,0.0,0.0,0.10834381677265383,0.09710825140438237,0.0,0.0,0.0,0.0,0.422800974703195,0.11605750844561569,0.0,0.0,0.0,0.0,0.0,0.0,0.0,0.0996671947251949,0.0,0.0,0.29040083802911276,0.0355026634080029,0.0,0.0483240357313747,0.0,0.0,0.0,0.0,0.0,0.06987109694027971,0.0,0.0,0.07421499299684917,0.0,0.0,0.0,0.0,0.0,0.1337594441957321,0.0,0.07810560316950235,0.0,0.0,0.0,0.12401377122640556,0.0,0.10921581142078776,0.0,0.0,0.0,0.08411798397010357,0.0,0.0,0.06906311761405125,0.0,0.0,0.06944991966803842,0.0,0.09758122568458319,0.0,0.0,0.0,0.0,0.0,0.0,0.0,0.09691561532211398,0.061644508400775656,0.06581151985707553,0.1358684538825734,0.0,0.0,0.0,0.0,0.1327041866814328,0.031271349692521724,0.0,0.0,0.0,0.0,0.0,0.0,0.0,0.0,0.08093391532270341,0.0,0.046770550140852525,0.0,0.0,1.0,0.0,0.04107544332322147,0.0,0.06047758348028521,0.0,0.0,0.048488517766570836,0.0,0.1166862971930671,0.0,0.0,0.0,0.0
warm,0.0,0.0,0.0,0.0,0.0,0.0,0.0,0.0,0.0,0.0,0.0,0.0,0.0,0.05386235959223859,0.0,0.0,0.0,0.05893393982880019,0.0,0.0,0.0,0.0,0.08574992726433399,0.025455739834785024,0.0731291293960679,0.0,0.02611831308639739,0.0,0.035054988621249665,0.0478015626389698,0.050016609375390486,0.0,0.0,0.0,0.0,0.02695077486732126,0.031814462704226484,0.0,0.05122825400940132,0.08600968447377604,0.045072846260802144,0.026375797283747407,0.17225046056195648,0.0,0.0,0.0,0.0,0.06280426125537357,0.07074764179421217,0.0,0.0629358983616638,0.0,0.08222153873254666,0.0,0.0,0.02552073763740067,0.0,0.02184475103646848,0.0,0.0,0.07380310542836015,0.0,0.0,0.0,0.0,0.0,0.03580732154392968,0.0,0.02103999090909564,0.04580164056331861,0.0,0.0,0.06336225311585462,0.04388697521565566,0.0,0.0,0.0,0.0,0.0,0.0,0.0,0.0,0.0,0.0,0.1500593563256597,0.0,0.03129606750173834,0.04933059283690323,0.0,0.0,0.0,0.0,0.0,0.0,0.0,0.03629934140498411,0.0,0.0,0.0,0.0,0.0654339022409363,0.0,0.0,0.08282358480805267,0.04031424843046037,0.0,0.0,0.0,0.0,0.0,0.06800865359366971,0.0,0.0,0.0,0.04534872488439576,0.05601764239325457,0.0,0.0,0.03765489269579366,0.08844188350564025,0.0,0.0,0.09783463017326126,0.0,0.0,0.0,0.0,0.02856765699902446,0.0,0.0,0.0,0.032998055903968156,0.0,0.0,0.0,0.028713571126057925,0.0,0.0,0.0,0.13563377707645313,0.0,0.0,0.0,0.0,0.03956417778015953,0.0,0.04624925614702979,0.0,0.38165018726198413,0.0,0.0,0.0,0.0,0.0,0.0,0.04740760759478985,0.0,0.363080178247429,0.04020991892493654,0.0,0.0,0.0,0.0830601853876479,0.0,0.060564482043942124,0.0,0.0,0.0,0.0,0.0,0.0,0.0,0.04449356695466257,0.0,0.0,0.0,0.0,0.0,0.0,0.0,0.12033712072346195,0.039023451497055016,0.0,0.0,0.0,0.0,0.0,0.0,0.0,0.19692321698889056,0.04886868953286357,0.0249860361850003,0.0,0.0,0.0,0.0,0.0,0.04475965333893049,0.0,0.0,0.0,0.0,0.0,0.0,0.0,0.0,0.0,0.0,0.05631569272094056,0.2874683094604613,0.0,0.0,0.06649436611175785,0.09220914140243393,0.0,0.0,0.0,0.0,0.0,0.0,0.0,0.0,0.0,0.08489535388724244,0.0,0.0,0.0,0.0,0.03830116716509957,0.0,0.0,0.0,0.0,0.0,0.0,0.0,0.0,0.0,0.0,0.077611730471546,0.0,0.02475276629752929,0.0,0.04509452968262259,0.0,0.0,0.21743994987616078,0.04554060814461895,0.0,0.0,0.0,0.21810599910803036,0.02469899253541241,0.037905176251704344,0.04950551932403851,0.0,0.0,0.0,1.0,0.0,0.0,0.0,0.5335922338692092,0.0630200496215232,0.0,0.0,0.0,0.0,0.0,0.0,0.0
pour,0.0,0.0,0.20932849588068705,0.0,0.0,0.0,0.0,0.0,0.0,0.0,0.09586835096139767,0.0,0.0,0.0,0.0,0.05874067462750402,0.09173061077776795,0.0,0.0,0.03201873225625982,0.0,0.0,0.0,0.0,0.0,0.0,0.030790436324125207,0.0,0.0,0.0,0.0551295933865629,0.0,0.0,0.0,0.0,0.0,0.04407787264327118,0.0,0.0,0.36039532606187474,0.0,0.031093980077381737,0.03104874342907928,0.03630129586590238,0.0900520547260184,0.0,0.0,0.0,0.0,0.0,0.0,0.0,0.0,0.0,0.024393473866706,0.0,0.062327972741627005,0.0,0.0442971865630024,0.2585965834816578,0.0,0.052864114935520255,0.04244137456714932,0.0,0.0728131443540881,0.041696534075509405,0.048878544768081796,0.0,0.0,0.0,0.0,0.0,0.07349521472626627,0.04038841413111143,0.04889918505095483,0.09118742757034662,0.020076601386331893,0.10368321824633417,0.026295478624665768,0.0355910225172695,0.0,0.033143943214661756,0.15539811544426543,0.0,0.0,0.08849261598676285,0.0,0.02847903497723446,0.15245748536667728,0.11384656118430321,0.028784139550336128,0.07774562272782876,0.037630103158985156,0.0,0.028383761805925722,0.0,0.0,0.0324727865765742,0.12462803639760459,0.13901464740448308,0.0,0.06672862778001099,0.04050352649275977,0.0,0.0,0.0,0.03285231865400922,0.0,0.06016043618847772,0.10725529936339212,0.0394423363542002,0.0,0.03858584459311715,0.0,0.026180263562321383,0.09423210920422107,0.03228183835570536,0.0,0.0,0.02577320436572418,0.020375432534988715,0.0,0.0,0.0,0.05663218452322603,0.0,0.07256854223683691,0.07088155678033688,0.02857680491720033,0.025896675403899713,0.03434552487558637,0.0,0.030283893866414262,0.0,0.04773415973443351,0.0,0.0,0.07168769931143192,0.02178828948290862,0.029784029988019562,0.28384268368796617,0.03623214718245633,0.0,0.07543436969788053,0.0,0.04339569960013268,0.03811171567335398,0.0,0.0,0.07503114514178034,0.09728054137886685,0.0,0.0697570485683161,0.029735953646860658,0.0,0.0,0.0,0.0,0.0,0.0,0.04679558487356107,0.0,0.0337478832554519,0.0,0.03496446937522337,0.022141358955902055,0.0,0.04206316415465873,0.04228384223043983,0.0,0.0,0.0,0.0,0.04016552049880548,0.03869435749556005,0.036306415639182965,0.06936616131350803,0.119288305905903,0.03339808954287202,0.07148633011931176,0.0,0.06322633066896098,0.02865683427805461,0.0773129718546658,0.030909864368395233,0.02760722394134642,0.0,0.062397672714753744,0.051539546108618224,0.030177196771921155,0.028212373670419507,0.0,0.04846128225865665,0.23431194818767156,0.033203840221129675,0.09381485725158131,0.0,0.0,0.0,0.0,0.0,0.022180391663340168,0.036017091385872495,0.0,0.0,0.0,0.0,0.0,0.06638961501982277,0.023779857526110816,0.0,0.03935935893501121,0.027820650336668667,0.08966558508385877,0.05465015201052538,0.22396904866218043,0.034126269974381014,0.04238580119877838,0.0,0.18091032067587437,0.0687821254224926,0.0,0.044152885165173225,0.23014166711323325,0.0,0.04495971156056273,0.06099543398345416,0.1392856654485558,0.0,0.057530529201824415,0.04591969864609078,0.03083777839825811,0.08415413332105962,0.03634456877991793,0.09128866501000826,0.04047381751339093,0.03559714952148828,0.098986318413049,0.0271940479684791,0.07547083853356681,0.04543637109930736,0.0,0.03675827547639841,0.026580588113906473,0.0,0.03624553429919645,0.0,0.026291039650042633,0.0,0.033208029755146515,0.030184794316810353,0.0,0.08701135928750951,0.0,0.0,0.03251251940508452,0.09059471276361694,0.04107544332322147,0.0,1.0000000000000004,0.10549745293372667,0.03970765184009692,0.0,0.02738624951689982,0.06259465298285319,0.0,0.09070969933979241,0.1156232891391841,0.0,0.029666530298840237,0.20796115568758877
note,0.2350196670301229,0.0,0.08906934183149263,0.0,0.0,0.0,0.0,0.0,0.0,0.13829903484238637,0.2241921407206356,0.0,0.0,0.0,0.0,0.0,0.0,0.0,0.0,0.0,0.0,0.0,0.0,0.0,0.0,0.09030888171194237,0.0,0.1508250889524686,0.0,0.0,0.0,0.0,0.0,0.0,0.0,0.1260279726557803,0.14877168673203048,0.0,0.0,0.0,0.0,0.0,0.0,0.0,0.0,0.0,0.0,0.0,0.0,0.0,0.0,0.0,0.0,0.0,0.0999775090019162,0.0,0.0,0.10215104017786687,0.0,0.1147689401112045,0.0,0.0,0.0,0.12218729097492953,0.0,0.0,0.0,0.12312203759497468,0.0,0.0,0.0,0.0,0.0,0.0,0.0,0.37373487313010545,0.08228465559263641,0.0,0.10777294227434367,0.0,0.0,0.1314707530118509,0.0,0.13110375835967394,0.0,0.0,0.0,0.11672232464144836,0.0,0.0,0.11797280644533081,0.0,0.0,0.0,0.11633184420417202,0.0,0.0,0.0,0.0,0.0,0.0,0.11606261307230678,0.0,0.0,0.0,0.0,0.0,0.0,0.0,0.36225419183932134,0.0,0.0,0.0,0.0,0.10730072929657612,0.0,0.0,0.0,0.0,0.0,0.3027640240656826,0.12584257180812775,0.0,0.11874580344046394,0.23210899640238802,0.0,0.0,0.0,0.11712303817271771,0.1061384332736166,0.14076633943930172,0.10249653091219176,0.1241196021602706,0.11419772674383846,0.0,0.0,0.10410492940791408,0.12468803846314049,0.20652905711947367,0.0,0.0,0.0,0.0,0.14216946695855096,0.0,0.0,0.0,0.0,0.0,0.0,0.0983652589193401,0.0,0.0,0.1218738499343975,0.0,0.0,0.0,0.0,0.0,0.0,0.0,0.0,0.3198928724530655,0.0,0.33142477285388106,0.09074713697706216,0.0,0.0,0.0,0.0,0.0,0.0,0.0,0.0,0.0,0.1225414560623079,0.0,0.11527698283210884,0.1258892625937187,0.0,0.0,0.09233434492321033,0.11745104131769604,0.0,0.1043270099707601,0.1131491765049941,0.0,0.22800362879216934,0.0,0.0,0.11562940391403437,0.0,0.0,0.0,0.0,0.1370051574516209,0.0,0.10465317592632199,0.0,0.0,0.0,0.2102457551963255,0.0,0.15078891485775564,0.0,0.0,0.0,0.0,0.0,0.2254069350949097,0.16092109222548046,0.16131571434790923,0.0,0.13094565149166412,0.16276757700850453,0.12596633302294186,0.1398677155295317,0.0,0.0,0.10710680270858425,0.0,0.0,0.0,0.1129621254587343,0.2070065680187822,0.0,0.10609073929914861,0.10415885856388059,0.0,0.10842649979345599,0.0,0.0,0.12289684836313207,0.0,0.0,0.0,0.0,0.09565769286149314,0.11145576027520902,0.1102159553317755,0.18622256204334636,0.0,0.34842808479452014,0.0,0.0,0.14855359476384863,0.0,0.10775474898101575,0.16209852430161034,0.13610427575518538,0.12371343917722236,0.0,0.20347969595861626,0.0,0.0,0.48311225740575103,0.13230252915248666,0.0,0.0,0.10549745293372667,1.0000000000000002,0.0,0.0,0.1122435050688541,0.09141185670141627,0.0,0.3063715175041498,0.11192698197782591,0.0,0.12158931590535425,0.19368735614417487
top,0.0,0.0,0.03352435833017941,0.0,0.0,0.0,0.0,0.11060173342841487,0.0,0.0,0.0,0.0,0.0,0.0,0.0,0.0,0.0,0.0,0.0,0.0,0.1537296025385358,0.0,0.0,0.0,0.0,0.0,0.0,0.0,0.0,0.15881082246681374,0.0,0.0,0.044970092173128445,0.0,0.043368616797770924,0.0,0.0,0.0,0.04445928238003161,0.0,0.0,0.0,0.0,0.0,0.06597501890166942,0.0,0.0,0.0,0.046832578790422665,0.0,0.12228972216312897,0.0,0.0,0.0,0.0,0.04760116908214681,0.0,0.037916652582912824,0.047873173833131014,0.12171522154101488,0.0,0.0,0.0,0.0,0.040349069498936116,0.0,0.05282437219945772,0.0,0.0,0.039749706693099324,0.0,0.06522101436299715,0.07942827668049897,0.0,0.08601268161198422,0.0,0.0,0.07596164578809339,0.0,0.0,0.0,0.13342853068532684,0.05222363873773652,0.0,0.07146593220745637,0.0,0.0,0.0,0.039548955426065444,0.042418993928071934,0.05748470749227267,0.12139141572730959,0.0,0.0,0.0,0.0,0.05323074925756874,0.03509422329599827,0.046436149359480296,0.0,0.0,0.0,0.0,0.0,0.0,0.0560822243990516,0.048370234942675484,0.26087424124075564,0.0,0.0,0.042626405222911466,0.058948601198986005,0.0,0.0,0.0,0.035110689568323916,0.4661441554391793,0.0,0.0,0.0,0.0,0.05019451793575144,0.0,0.0,0.0,0.053325799851732095,0.0,0.126189446977367,0.0,0.0,0.0,0.03804489260984943,0.0,0.04554976714879428,0.0,0.0,0.06701329130656065,0.06075684418137839,0.0,0.0,0.0,0.03915706650909603,0.0457585126054356,0.08152397417843003,0.0,0.0,0.04118836727732974,0.14114534124090716,0.0,0.0,0.0672955216090083,0.0,0.14214006523104858,0.14719362107938133,0.0,0.0,0.0,0.0,0.0,0.0,0.0,0.0,0.0,0.0,0.0,0.0,0.0,0.04545880507971965,0.0,0.06949420131704749,0.0644043520367139,0.0707127618337452,0.0,0.0,0.041818044134961596,0.0,0.0,0.06610306680345135,0.11713028837034534,0.0,0.04520961896298,0.06316953741898625,0.0,0.0,0.0832253171231267,0.0,0.0,0.0,0.05570018869323237,0.04774551380727451,0.0,0.0,0.0,0.2514647132706721,0.0,0.09373058776159413,0.05297043113586704,0.0,0.0,0.0,0.06817508488652738,0.0,0.0,0.0,0.0,0.10551485177679473,0.17590064045357573,0.0,0.0,0.0,0.06418620132992946,0.0,0.0,0.0,0.0,0.04741182991774046,0.12459243756988174,0.045807487704883215,0.07727213149354917,0.0,0.0,0.0,0.0,0.042517242114371516,0.06662600668340422,0.17239302516374025,0.05169492275388596,0.039203825086797456,0.0,0.062174806999848585,0.16104476686882507,0.0,0.0,0.0,0.0,0.1003687907369822,0.0,0.054852813685249,0.0,0.0,0.0,0.0,0.0,0.0,0.0,0.0,0.0,0.0,0.0,0.0,0.0,0.042774711499916,0.13856453429195137,0.0,0.04296417876341481,0.0,0.0,0.06047758348028521,0.0,0.03970765184009692,0.0,0.9999999999999999,0.0,0.05877236152459709,0.12597088701466447,0.0,0.0,0.11870125658255751,0.0,0.0,0.0
heat,0.04215351970877991,0.0,0.0,0.0,0.0,0.0,0.0,0.0,0.0,0.0,0.0,0.2612071976343693,0.0,0.110423179245981,0.0,0.0,0.0,0.0746046055085736,0.0,0.0,0.08913987649829169,0.0,0.0729066363495834,0.042701295341501896,0.0,0.040193658923801,0.0,0.10820895868125753,0.0,0.0,0.06331613705391395,0.0,0.0,0.0,0.0,0.04520917501361361,0.0,0.0,0.0,0.0,0.0,0.0,0.12879632449442305,0.0775690156730157,0.0,0.0,0.0,0.07950405401073841,0.05777447829419125,0.0,0.0,0.0,0.0,0.0,0.0,0.0,0.0,0.0,0.0,0.0,0.04126755200032765,0.0,0.0,0.0,0.0,0.0,0.04532856798414911,0.0,0.03529399937392922,0.0,0.0,0.0,0.08021041714799197,0.0,0.0,0.0,0.0,0.0,0.0,0.0,0.0,0.0,0.0,0.0,0.1114927197412454,0.0,0.06974293341738627,0.0,0.0,0.06584736950859356,0.0,0.0,0.0,0.0,0.0,0.0,0.0,0.2266076677265239,0.0,0.0,0.0,0.06781138918776974,0.0,0.0,0.0,0.0,0.0,0.0,0.0,0.0,0.08609230584725798,0.0,0.0,0.0,0.0,0.0709128580985655,0.0,0.0,0.04766741241461215,0.09328102915527103,0.0,0.16125159538275108,0.10365546557736816,0.0,0.0,0.0,0.0,0.0,0.0,0.0,0.0,0.0,0.0,0.0,0.0,0.0,0.0,0.17772169689868386,0.05217495623004243,0.208311431651154,0.09342089493372958,0.0,0.0,0.0,0.0,0.0,0.0,0.0,0.32484176251930963,0.0,0.0,0.0,0.0,0.0,0.0,0.0,0.0,0.2901355256055594,0.03372551013672123,0.0883660322600102,0.0,0.0,0.10514607342247011,0.0,0.0,0.0,0.0,0.0,0.0,0.0,0.0,0.0,0.0,0.0,0.0,0.0,0.0,0.0,0.056029373710998184,0.0,0.05577233235765132,0.0,0.0,0.0,0.0,0.0,0.06852316988166313,0.05760002741716189,0.0,0.2168808135446959,0.0,0.08382676107423075,0.0,0.0,0.0,0.0,0.0,0.03754153658494627,0.0,0.0,0.0,0.05311389703665178,0.0,0.0,0.0,0.0,0.0,0.0,0.0,0.0629560960058778,0.0,0.0,0.09388807144624062,0.0,0.0,0.0,0.0,0.0,0.09265370160187296,0.0,0.0,0.0,0.0,0.0,0.0,0.05959737329171252,0.0,0.0,0.0642491423017391,0.0,0.0,0.0,0.0,0.0,0.0,0.13579954290843632,0.0,0.0,0.0,0.0,0.0,0.0,0.0,0.03782240945974165,0.0,0.0,0.060978859007679694,0.0,0.0,0.0,0.0,0.2470698118919881,0.0,0.031792439280902564,0.041522065660050185,0.0,0.0,0.0,0.5335922338692092,0.0,0.0,0.0,1.0,0.06558001585990134,0.0,0.0,0.0,0.0,0.0,0.0,0.0
cook,0.06410113590568191,0.0,0.023121650351460608,0.0722602378687758,0.08053752288419268,0.0,0.0,0.05137957835545485,0.0,0.04359520595755364,0.05819838995885753,0.052784850489880776,0.04618509714961478,0.029610706756668687,0.0,0.0,0.043423351595943196,0.07027850431384451,0.05562265800061528,0.031939417022746525,0.1936768982162274,0.0,0.07433080929099369,0.1814149859382735,0.03539006097780216,0.08732997502494805,0.06894820970980634,0.0,0.03432339414964824,0.12618855415301025,0.059644620874888116,0.0,0.0,0.12375044298024646,0.07003808013832524,0.10386157633894612,0.16513949209341705,0.03680454802564883,0.16632770657622553,0.0,0.12050297488868832,0.1006448828029167,0.0,0.0,0.029866965614548067,0.0,0.07956193924004269,0.0,0.1123882481888722,0.0,0.030457155706708046,0.10029271272585026,0.0,0.0,0.02595331860120441,0.11423270174434277,0.0,0.057666682780725044,0.04334447979058408,0.06890398242479867,0.25362183837078156,0.024181789875545846,0.07814129726406657,0.0,0.03653213872056175,0.07676992786651182,0.07341736327169955,0.0,0.08028448946736463,0.22366142275188725,0.0,0.10665547057023073,0.0,0.0,0.0,0.09701842275886699,0.11433494481510759,0.0,0.027976947369049206,0.0655287134033285,0.0,0.0,0.0,0.041327080510815156,0.1050275855208015,0.06382668190262161,0.0,0.1569110017546251,0.03468836924654938,0.06865720855950726,0.030624746130604317,0.0,0.06928298404594424,0.06116527246687404,0.0783382485616938,0.09582451191390932,0.0,0.030781125898210696,0.0,0.0,0.29624826042926805,0.18394655294256324,0.0,0.0,0.0,0.0,0.0,0.04411428401140613,0.0,0.040660680217930505,0.08110006676705797,0.05803322062272277,0.0,0.0,0.027854364860423295,0.0668008304556259,0.0,0.0,0.07799163033194144,0.14113587001161534,0.05013666576135252,0.3706448594365119,0.15259027932398472,0.029861811413540298,0.060253538960662906,0.0,0.0,0.10900859070494949,0.11427616573796165,0.027552642610149954,0.036541755163388416,0.02577549680041152,0.03222040248530798,0.07356052549993433,0.0,0.20463251651218037,0.0,0.10832758698063641,0.1070632788152209,0.0,0.0745206380730025,0.04305074994034944,0.0,0.03690599524006901,0.15247049077554423,0.09389947907293349,0.0,0.0,0.1161979643959509,0.03863021627689669,0.2406394484863908,0.0,0.03390476208450103,0.13599357188992997,0.05977361883086078,0.0,0.0,0.07545930047097764,0.10614781717639805,0.03580383130119605,0.0,0.04316510555745646,0.13495485976754995,0.0,0.037200278171768415,0.08854137518310955,0.037575180850136565,0.08985101351863442,0.0,0.12333619209686422,0.0634042520906232,0.12549885619143253,0.0,0.0,0.0,0.0,0.023809044531000537,0.0,0.09007848469731328,0.029361137159518484,0.044507583525035026,0.023969217632534217,0.03048930030156047,0.0,0.10816877647391288,0.06793152277721015,0.07144719069012932,0.11924575600815127,0.0,0.17987642244000462,0.06818881135909516,0.1590777923894996,0.0,0.08522723501937232,0.029092333860542927,0.0355653840233401,0.1200188100896858,0.1444762383323986,0.0,0.0,0.0,0.14660842079765565,0.0383202102715709,0.0,0.0,0.3168510496124091,0.0488566786117691,0.0,0.3468311175115993,0.058513740338610266,0.06318948892681056,0.21685834663461598,0.06229804649351045,0.033992387353242615,0.04093226495624163,0.12290450943310732,0.03630847997114019,0.0,0.09660742049627269,0.10450339172332386,0.0,0.0,0.04697624873422229,0.029324015582780368,0.0,0.09581476148115153,0.027540261656402627,0.027038761701838058,0.10110901485459947,0.0,0.0,0.05677723762148997,0.03190298590647163,0.038668628261923375,0.0,0.14159438120809772,0.031189288692691126,0.024055687878826382,0.10874664056167868,0.028611132965983967,0.11501895842511176,0.06534338247398973,0.10145163071260475,0.11904241591092023,0.03966799243462478,0.03856326100489741,0.06760115964893111,0.14972576830488343,0.09186139529806153,0.035331522728704955,0.16286541328230097,0.10265022803405993,0.08804070254388209,0.15028845914290456,0.13068672991458846,0.03459153785388845,0.03434462135652739,0.0,0.0630200496215232,0.02738624951689982,0.1122435050688541,0.05877236152459709,0.06558001585990134,1.0000000000000002,0.023729747466042866,0.04138908422297776,0.03438821297792956,0.10920640842825471,0.04518066040183785,0.1186338830783698,0.11422103845295359
place,0.0,0.0,0.044371963669631004,0.0,0.022074475984577825,0.06897414823811739,0.0,0.08867606487791391,0.0,0.0,0.16724888362156803,0.0,0.1117159066419529,0.0,0.0,0.025448927828461823,0.03653998261051103,0.028142752878130926,0.0,0.027743719714341405,0.0,0.0,0.0,0.0,0.029780110589957956,0.0,0.0,0.0,0.0,0.21734115444891577,0.0,0.0,0.036055228860324556,0.0,0.0,0.0,0.0,0.0,0.035645681912470924,0.0,0.0,0.0,0.0,0.07868952638009388,0.0,0.0,0.0,0.029990949346641264,0.0,0.0,0.02562915802180298,0.0,0.0,0.07186728788460249,0.021136555201516208,0.0,0.054006192133629595,0.05271411052819505,0.0,0.25484513096571604,0.0,0.0,0.0,0.0,0.0,0.0,0.0,0.07099449224173883,0.0,0.031869731697078,0.0,0.0,0.0,0.0,0.0,0.07901244845472923,0.0173960541979314,0.0,0.10436425890546124,0.0,0.0,0.03912558330222058,0.09277914955170603,0.0,0.057298538138109034,0.0,0.021234701673278802,0.02467662860039835,0.11966811807891359,0.0,0.07102994583421637,0.0328236032024427,0.0,0.0,0.024594075920300617,0.0,0.042678294709723195,0.0,0.0,0.02768755574446276,0.0,0.02453715693184565,0.0,0.031602523040931314,0.0,0.04496449391118102,0.0387813279139318,0.09245366025017236,0.05212805635611433,0.09293500253539787,0.0,0.0,0.0,0.0,0.053454353250751964,0.0,0.0,0.0,0.0,0.0,0.017654986611741405,0.0,0.0,0.0,0.04907088268356007,0.12091469912586308,0.0,0.03975593679944353,0.024761344690629274,0.05287532846126058,0.07012602508419107,0.030502879663525603,0.22820513684098287,0.0,0.0,0.0,0.0,0.07507310273504211,0.018879204574083944,0.05161477183654606,0.0,0.0,0.036687352962173216,0.0,0.0,0.0,0.0,0.15371274646463967,0.0,0.0,0.0207957044120815,0.0,0.02945088871171071,0.025765728537108512,0.0,0.0,0.0,0.0,0.020536880553804912,0.09142906101262996,0.0,0.0,0.029242001416484056,0.0,0.030296153843418414,0.01918513362898914,0.0,0.0,0.0,0.09478842926039628,0.0,0.0,0.0,0.07817032610870692,0.0,0.0,0.0,0.0,0.0,0.03290533503364005,0.024759263730156043,0.10774022630789018,0.024830688852624475,0.0,0.0,0.02392121827278244,0.03363147759391826,0.04911258556537268,0.0,0.0,0.02444557084034329,0.0,0.03572976369295103,0.0,0.0,0.34350840672842015,0.029009509579519636,0.022860619439878205,0.0,0.04300128425045552,0.054660067822244744,0.01921895484608755,0.0,0.0,0.0,0.0,0.03702744478170336,0.0,0.0,0.09437999752786605,0.0,0.03410425539929438,0.02410614883293305,0.19164519049518458,0.04735348319200688,0.07473942435412917,0.1294631217047978,0.0,0.061953717479587486,0.1446249331471192,0.0316605829055078,0.0,0.0,0.06702365646435919,0.0,0.038956871433597266,0.09429849878602459,0.24085575246577745,0.03912400304061076,0.0,0.0,0.0,0.07291821140752199,0.0,0.04202039889185147,0.04540178303592088,0.0,0.0,0.023563207896475605,0.06539427526747998,0.03936988930501886,0.0,0.03185045815798559,0.023031654737998005,0.0,0.031406176123567706,0.0,0.02278076562218718,0.0,0.028774226987458976,0.026154641803374606,0.0,0.08143672631640818,0.0193597524656885,0.05973149826808344,0.12903910369131766,0.0784988705486198,0.048488517766570836,0.0,0.06259465298285319,0.09141185670141627,0.12597088701466447,0.0,0.023729747466042866,1.0000000000000002,0.0,0.07859850457893654,0.4852056672456712,0.0,0.025705574315707906,0.11492024222259728
stir,0.0,0.0,0.0,0.0,0.20365707599752342,0.0,0.0,0.0457838520772557,0.0,0.15322612293726068,0.0,0.0,0.04115509943353111,0.09738172759138014,0.05318593796379194,0.0,0.0,0.0,0.0,0.0,0.0,0.05007561984945373,0.0,0.0,0.0,0.18200157540827977,0.045006021982055354,0.0,0.11083255279405511,0.041184860825229055,0.040291142121187784,0.04910556539975067,0.0,0.0,0.0,0.0,0.0,0.0,0.0,0.0,0.11465090403413569,0.0,0.045383586467381436,0.0,0.0,0.04582613085965052,0.0,0.0,0.0,0.0,0.0,0.04971148995957581,0.0,0.0,0.0,0.0,0.0,0.0,0.0,0.0,0.0,0.0,0.0,0.0,0.0,0.0,0.0,0.0,0.0,0.0,0.04598858349442486,0.0,0.0,0.0,0.0,0.13852605424871897,0.030341947522871632,0.07480488766421427,0.11198753986295346,0.0,0.0,0.0,0.0,0.036826167155400893,0.0,0.0,0.0,0.12956764417987443,0.0,0.0,0.0,0.0,0.0,0.05450379073792247,0.19228492718360707,0.0,0.052845157150947196,0.0,0.0,0.052413796759392846,0.0,0.0,0.050375840941454274,0.0,0.0,0.0,0.0,0.0,0.0,0.0,0.0,0.0,0.0,0.06678430511821455,0.13779092880629698,0.0,0.0,0.0,0.0,0.0,0.0,0.035348335109949905,0.0,0.0,0.0,0.0,0.0,0.0,0.0,0.10896077066566794,0.10435100910036822,0.0,0.0,0.0,0.0,0.0,0.0,0.0,0.0,0.0,0.0,0.09483730513925681,0.0,0.0,0.0,0.0,0.0,0.0,0.0,0.0,0.10919037901680476,0.0,0.0,0.0,0.053263701460170704,0.07922696148859552,0.06307876374802751,0.0,0.0,0.0,0.0,0.690838420352104,0.0,0.050148993528102474,0.0,0.0,0.0,0.12984065299003866,0.0,0.11314185877078135,0.0,0.049797836589420774,0.0,0.07293856399517051,0.0,0.0,0.0,0.0,0.0,0.0,0.0,0.0,0.0,0.0,0.0,0.0,0.0,0.0,0.0,0.0,0.0,0.0,0.0,0.0,0.0,0.0,0.0,0.0,0.0,0.0,0.0,0.03352142461442608,0.1346858472413303,0.05556473230662265,0.0,0.0,0.0,0.053214663069859836,0.0,0.0,0.0,0.05948415174258599,0.0,0.0,0.0,0.0,0.0,0.0,0.0,0.0,0.0,0.0678364778640255,0.3149859769390452,0.0,0.0,0.0,0.0,0.05654263124958845,0.0,0.0,0.0,0.0,0.15055450067273984,0.034457245719812915,0.0,0.0,0.0,0.05401750479758946,0.0,0.0,0.0,0.0,0.055553111010882825,0.0,0.1394229606663664,0.07186148622361435,0.0,0.20884860990702397,0.045532389202742,0.0,0.0,0.0,0.0,0.15304008491074186,0.0,0.09878184190242197,0.0,0.0,0.0,0.0,0.0,0.0,0.0,0.04138908422297776,0.0,1.0000000000000002,0.0,0.0,0.11737474922337576,0.0,0.0
take,0.07200333203133874,0.06715097972295102,0.02728830942001025,0.0,0.0,0.0,0.06788338907398547,0.19023249491417857,0.0,0.0423708851740212,0.06868608636508503,0.0,0.0,0.0,0.0,0.0,0.0,0.0,0.0,0.0,0.0,0.0,0.0,0.0,0.0,0.027668069134190544,0.0,0.04620851138006618,0.0,0.0,0.07830552268684446,0.04771814303370686,0.0,0.0,0.0,0.038611381230522906,0.04557940742574416,0.0,0.0,0.0,0.0,0.0,0.0,0.04558260863142822,0.0,0.04453136521778597,0.07077418891293902,0.0,0.0,0.0,0.0,0.0,0.0,0.0,0.03063026114920186,0.0,0.07826364102171111,0.03129616919392045,0.0,0.09868158672583269,0.0,0.03335650084623681,0.0,0.037434705755710264,0.0,0.0,0.0,0.03772108549617537,0.0,0.0,0.0,0.0,0.0,0.0,0.0,0.11450172022509131,0.02520967480122234,0.0,0.03301855987047781,0.0,0.0,0.1344335445556932,0.07679247046162686,0.040166457399150673,0.0,0.041898008692482246,0.0,0.03576039572701255,0.05815492877844535,0.0,0.03614350773487934,0.0,0.0,0.06948130383784762,0.03564076364288851,0.0,0.05135207683771866,0.0,0.0,0.0,0.0,0.09011624760145809,0.0,0.0,0.0,0.0,0.09332620923353224,0.0,0.2038636270643135,0.19767412539284462,0.0,0.0,0.0,0.0,0.03287388726389401,0.0,0.0,0.0,0.06937732327121146,0.0,0.24694333568748617,0.03855457969148103,0.0,0.07890108037280293,0.24892271846739022,0.0,0.0,0.0,0.03588316293967199,0.03251779286755086,0.04312679702752312,0.06810419222512545,0.03802671086585345,0.07587909429342088,0.06780112274387265,0.0,0.17831292305041005,0.038200863558568145,0.06327462063839438,0.0,0.0,0.0,0.0,0.04355667533484734,0.0,0.061638817390188186,0.0,0.0,0.0,0.0,0.03013631364480683,0.0,0.0,0.03733867634847439,0.0,0.0,0.0,0.0,0.0,0.0,0.0,0.0,0.09800606477220711,0.0,0.16890211512114972,0.027802338064819476,0.053503948168664925,0.0,0.0,0.0,0.05781880908678355,0.0,0.0,0.0,0.0,0.037543211850977365,0.06568466752327053,0.03531758416357301,0.03856888441831599,0.047685112151580646,0.0,0.07939168609106276,0.03598365376094514,0.0,0.03196282436141234,0.24357519065675512,0.0,0.06985381774950979,0.0,0.0,0.035425555945242986,0.0,0.0,0.0,0.0,0.11780091646614928,0.0,0.032062752320176025,0.0,0.0,0.0,0.06441331106830422,0.0,0.046197428667774626,0.0,0.0,0.04455276862552853,0.0,0.0,0.06905826476098688,0.04930163922354568,0.0494225402020349,0.0,0.11259078154354926,0.17677430563258517,0.10830942243340456,0.042851484256621365,0.0,0.0,0.09209346387770595,0.045881266520766566,0.0,0.0,0.09712803629091117,0.1004835911656394,0.05645475973688318,0.0325031807922173,0.031911307559716204,0.0,0.03321879127938449,0.0,0.0,0.10567019254797444,0.0,0.11261433281133507,0.0,0.0,0.02930679252292153,0.034146870410094524,0.09476680140205714,0.057053288926730714,0.0,0.17756741592563963,0.0,0.0,0.04551259025849683,0.0,0.033012985963592534,0.04966237087546766,0.0416984735019194,0.03790227409638295,0.0,0.06234038323212428,0.0,0.0,0.14801183542625534,0.29583824906627254,0.1166862971930671,0.0,0.09070969933979241,0.3063715175041498,0.0,0.0,0.03438821297792956,0.07859850457893654,0.0,1.0,0.09623799059487212,0.0,0.03725150322621484,0.16653787701201103
put,0.03196018637725296,0.0,0.05596715535473158,0.03602823315563115,0.027484631187501336,0.08445368604644092,0.0,0.0,0.0,0.0,0.11493844970010929,0.0,0.0,0.0,0.0,0.0,0.0,0.03504016059075721,0.0,0.0,0.0,0.0,0.0,0.0,0.0,0.0,0.0,0.0,0.0,0.0,0.029738212476715983,0.0,0.0,0.0,0.0,0.0,0.04046274846440453,0.0,0.0,0.0,0.038077715847050976,0.0,0.0,0.03851367379179297,0.06476737051686018,0.0,0.026878025911112553,0.0,0.0,0.0,0.12005125390790676,0.0,0.0,0.10721940722303688,0.025880131073595988,0.0,0.0661265432270572,0.0,0.046996873045079116,0.202865350433969,0.0,0.0,0.03896047065366473,0.0,0.0396104946653075,0.03827671956378699,0.07691221204891974,0.08692744618043502,0.0,0.0,0.0,0.0,0.07797437137454752,0.0,0.08443825120254944,0.09674483391255041,0.05067917800661374,0.0745711958818923,0.027898053273098154,0.032671962264655185,0.0,0.0,0.11615122557194316,0.0,0.05236570554594733,0.03182334635147406,0.0,0.03021468619384795,0.08796130935832891,0.041642529891300406,0.030538385326910007,0.11916939064003702,0.03454380412444995,0.0,0.030113606611057053,0.0,0.0,0.03445183648376085,0.04558615277434378,0.0,0.0,0.07148304608484674,0.0,0.0,0.0,0.0,0.0,0.0,0.06382690643039422,0.11379196013778725,0.08228182818641658,0.0,0.0,0.0,0.02777581644322232,0.06777422847316786,0.13301421964830434,0.0,0.026347536032113292,0.0,0.021617210716610706,0.0,0.0,0.0,0.06008362590969824,0.0,0.0,0.07520142437274631,0.0721361626597336,0.027474945040035673,0.03643870858364364,0.0,0.16438122294529153,0.0,0.0,0.0,0.0,0.03227668713644191,0.023116174054108707,0.0,0.0,0.03844031085050264,0.0,0.08003170790281827,0.0,0.04681734277398205,0.04043442940745916,0.060190415581139856,0.0,0.0,0.16176738324123593,0.0,0.03794797250817732,0.2551177661045114,0.0,0.0,0.0,0.0,0.0,0.11194804737022292,0.0,0.0,0.08518946757661111,0.0,0.03709537457822139,0.055891226320726725,0.0,0.04462669842111146,0.0,0.0,0.0,0.0,0.0,0.09571371808088933,0.04105258026248078,0.0,0.0,0.064893074549033,0.035433531923345585,0.040290121808974164,0.0,0.12909289380351663,0.03040332145076802,0.0,0.0,0.029289742743666178,0.0,0.025519758050700045,0.05468061728531499,0.03255659381568347,0.02993177324711728,0.03177811634523901,0.0,0.06684856009340125,0.0,0.1915472758933312,0.0,0.0,0.0,0.0,0.0,0.02353217285277352,0.0,0.0,0.0,0.07194820825858964,0.0,0.0,0.03581213566846433,0.02522911796204493,0.0,0.04175811013129606,0.0,0.23465520291044695,0.057980798673974626,0.1830319777264976,0.03620609121996968,0.04496899853943986,0.0,0.11605318144465948,0.03876601592118554,0.0,0.0,0.1238044344245634,0.0,0.04769977554556296,0.027462599000181564,0.06544872678912135,0.0,0.06103672009211914,0.04871826892367649,0.028308563814507245,0.08928289642692011,0.0,0.05145083580165861,0.04294048924802887,0.0,0.053848753164281775,0.06864568216477127,0.08007039932712379,0.08145004684230661,0.0,0.038998503967364644,0.0,0.0,0.0384545138433943,0.03370526327142294,0.06636622667173894,0.0,0.035231888965682655,0.076195195334012,0.0,0.18417127164494657,0.0,0.0,0.0344939908245239,0.09611599617622613,0.0,0.0,0.1156232891391841,0.11192698197782591,0.11870125658255751,0.0,0.10920640842825471,0.4852056672456712,0.0,0.09623799059487212,1.0000000000000002,0.0,0.07488694629744888,0.14071124189228668
mix,0.0,0.0,0.0,0.08607768421795038,0.0,0.0,0.0,0.04997802467545501,0.12892119442434496,0.04240599765153271,0.0,0.0,0.14013138542643172,0.09322738016765601,0.0,0.0,0.0,0.0,0.0,0.0,0.0,0.0,0.0,0.0,0.0,0.0,0.0,0.0,0.033387106213462456,0.0,0.0,0.0,0.0,0.0,0.0,0.0,0.0,0.0,0.0,0.0,0.125153857766542,0.0,0.0,0.0,0.0,0.08081018156614396,0.0,0.0,0.0,0.0,0.0,0.05426546607876064,0.0,0.0,0.0,0.0,0.0,0.0,0.0,0.0,0.0,0.0,0.0,0.0,0.0,0.0,0.0,0.0,0.0,0.0,0.0,0.0,0.0,0.0,0.0,0.0,0.033121516281343334,0.0,0.0,0.0,0.0,0.0,0.0,0.04019974308167424,0.0,0.0,0.0,0.04698349100648045,0.0,0.0,0.0,0.0,0.0,0.05949678052011133,0.04682631341282528,0.0,0.0,0.0,0.0,0.15257459166749276,0.0,0.0,0.0,0.08918001675567436,0.0,0.0,0.0,0.0,0.0,0.0,0.0,0.0,0.0,0.299351305872234,0.0,0.0,0.0,0.0,0.0,0.0,0.0,0.1161592389077239,0.0,0.0,0.0,0.0,0.0,0.0,0.0,0.08588894457619965,0.0,0.0,0.20157429560293094,0.0,0.0,0.0,0.0,0.0,0.0,0.0,0.0,0.04187639353383675,0.0,0.0,0.0,0.0,0.0,0.0,0.0,0.0,0.03959433871783784,0.0,0.0,0.0,0.058143088995451835,0.314618537109311,0.1207755917643764,0.0,0.0,0.0,0.0,0.2028350589342887,0.0,0.0,0.0,0.0,0.0,0.14173511106194164,0.0,0.05342296664884609,0.10492264132012377,0.05435972276100206,0.0,0.07962032869125478,0.0,0.0,0.0,0.0,0.0,0.0,0.0,0.0,0.0,0.0,0.0,0.0,0.0,0.0,0.0,0.0,0.0,0.0,0.0,0.0,0.0,0.0,0.0,0.0,0.0,0.0,0.0,0.03659225929066062,0.19120418698817032,0.0,0.0,0.0,0.0,0.0,0.0,0.0,0.0,0.06493338303148889,0.0,0.0,0.0,0.0,0.0,0.0,0.0,0.0,0.0,0.14810170008689413,0.5621080969956893,0.0,0.0,0.0,0.0,0.0,0.0,0.0,0.0,0.0,0.0,0.03761380920782169,0.0,0.0,0.0,0.0,0.0,0.0,0.0,0.09164568467786688,0.06064222705016685,0.0,0.38477113933844276,0.0,0.0,0.24867856429383525,0.04970352575985045,0.0,0.0,0.0,0.0,0.027175175297151244,0.0,0.0,0.0,0.0,0.0,0.0,0.0,0.0,0.0,0.04518066040183785,0.0,0.11737474922337576,0.0,0.0,1.0000000000000002,0.0,0.1493328644049028
set,0.03471921719990338,0.05359728512111398,0.10531411255706637,0.07699847554607497,0.029857300223294775,0.03418775245008409,0.0,0.0,0.0,0.0,0.027259369021578994,0.032509296646099785,0.0,0.0,0.04125153179828918,0.0,0.0,0.07488679605028759,0.0,0.0,0.0,0.0,0.0,0.07785705404787041,0.038964023124219815,0.0,0.0,0.0,0.0,0.0,0.032305426693344685,0.0,0.0,0.0,0.0,0.0,0.043955780978817506,0.0,0.0,0.0,0.0413648553661406,0.0,0.0,0.0,0.0,0.0,0.029198328460835362,0.039239882616617414,0.0,0.0,0.0,0.050581123261209636,0.0,0.0,0.02811428823661882,0.0,0.0,0.05677293706282694,0.0,0.03227372931281778,0.0,0.0,0.0832651669020549,0.0,0.0,0.08180387427229616,0.027217676659335985,0.0351891569244296,0.0,0.0,0.08162755190175096,0.046733888099725035,0.0,0.0,0.047170920396371566,0.10509653673262218,0.47127665867677565,0.0,0.030306411846601482,0.0354924386492614,0.0,0.0,0.10123173624154914,0.0,0.11191443889338717,0.179922503081785,0.0,0.03282303301390495,0.0,0.0,0.03317467616064833,0.0,0.0738259976739697,0.0,0.03271322752191037,0.04851404728272963,0.0,0.0,0.0,0.0,0.06671044063670695,0.07765397153306011,0.0,0.0,0.0,0.0839724073528987,0.0,0.048569285693148764,0.0,0.10281416211663982,0.08641794840322126,0.0,0.0,0.0,0.030173622663328528,0.03618145776910042,0.0,0.0,0.02862204291875747,0.0,0.08441141300630657,0.03596670501585941,0.0,0.0,0.06527047225235413,0.0,0.07000372144377323,0.0,0.16381584079592515,0.029846777898621165,0.03958435732715045,0.0,0.034903192785903696,0.0,0.0,0.0,0.0,0.03506304055789345,0.025111726769734638,0.0,0.0,0.0,0.0,0.0,0.0,0.05085894910954276,0.0,0.03362501309023731,0.0,0.0,0.10396550444902905,0.20955852865151015,0.0,0.0342716734970503,0.0,0.0,0.043597306322633846,0.0,0.0,0.11825873752779044,0.04514166865300951,0.0,0.09254362890829641,0.0,0.04029771140539082,0.5197446254227345,0.0,0.0,0.0407893864453241,0.0,0.0,0.0,0.03949945504928216,0.08866855067891798,0.0,0.03502322257945356,0.06296198321258366,0.0,0.0,0.0,0.0,0.10917459806229043,0.033027952609155774,0.0,0.0,0.031818241860141684,0.0,0.027722805248778203,0.0,0.03536711077443036,0.07589919573858815,0.03452142958651248,0.0,0.0,0.06406060560283981,0.038526689902069776,0.0,0.0,0.042033665356822805,0.0,0.05249422871743048,0.14039756958915459,0.0,0.12928964361804693,0.0,0.07815928981727555,0.03556027704747441,0.03677966765455161,0.16265815675660664,0.027407075038512654,0.0,0.04536296748688009,0.07217865771594517,0.036822719690864876,0.04652013499324367,0.0842802499422744,0.03933165877656837,0.0,0.0,0.07166191065634415,0.0,0.08246614473742465,0.0,0.03176564195960397,0.02958197715328362,0.0,0.029833366060711526,0.029290109358556093,0.0,0.0,0.0,0.030752360580497982,0.03455934692458589,0.0,0.0,0.0,0.0,0.0,0.39711867764459396,0.030993402090188624,0.15641491027526133,0.0,0.042365132472378456,0.06896140629873965,0.0,0.04177418124807111,0.2005381819993631,0.07209543183997459,0.046328914955356855,0.038273356448040655,0.4090822738978285,0.0,0.024740957032237627,0.0,0.0,0.03747175768600935,0.03720428200461949,0.0,0.0,0.029666530298840237,0.12158931590535425,0.0,0.0,0.1186338830783698,0.025705574315707906,0.0,0.03725150322621484,0.07488694629744888,0.0,1.0,0.054466071547367795
add,0.0,0.17917970876599434,0.03989871238890168,0.0,0.04385233774929643,0.0,0.0,0.0,0.0,0.0,0.04342318300448271,0.0,0.0,0.05109622602877047,0.0,0.0,0.09098973290344985,0.0,0.0,0.05511464771282006,0.17382525469125434,0.0,0.0,0.05165583029611006,0.0,0.07837876014487201,0.0,0.0,0.0,0.0,0.0,0.0,0.0,0.0,0.04718291816630752,0.0,0.08092448091706993,0.0,0.0,0.0,0.0,0.053522848569974114,0.0,0.06664712583431776,0.0,0.0,0.0,0.0,0.0,0.19013441320729488,0.0,0.07679860489809458,0.0,0.0,0.0447850382073429,0.0,0.11443063238442004,0.0,0.0,0.14428406634700852,0.049921428514441056,0.0,0.07791996301749379,0.0,0.13446325313093996,0.0765524780065951,0.039975441204999664,0.0,0.042695211645225446,0.04647128285364559,0.0,0.0,0.0,0.07415084378222124,0.08977613778101318,0.16741495902070758,0.03685950451639721,0.0,0.04827701135644151,0.0653431041426965,0.0,0.0,0.11227960829024224,0.0,0.0,0.0,0.0,0.1187787669585924,0.14488757283337278,0.0,0.05284605204536898,0.0,0.0690867408607012,0.0,0.05211098115391783,0.0,0.0,0.05311590092191233,0.15474844360201587,0.26995191721324063,0.08852077034380712,0.05199037876396471,0.07436218356690007,0.0,0.0,0.0,0.0,0.0,0.11045115787910591,0.19691466275681188,0.1420524732472825,0.0,0.07084142807244609,0.16826749636181812,0.04806548301909398,0.0,0.0,0.0,0.0,0.04436406375114035,0.037408141602007484,0.0,0.04796459524553501,0.05152953214367767,0.10397348739654765,0.0,0.13323173872187738,0.05797066011346397,0.05246539738677335,0.04754483120133878,0.06305644092388916,0.04447818896524872,0.22536367230316884,0.0495559022760068,0.18091449264592585,0.05826675503872504,0.0,0.05585414782102002,0.09087337969792636,0.0,0.0632754894460288,0.0,0.0,0.0,0.0,0.0,0.0,0.0,0.0,0.0,0.04406282895979524,0.0,0.058506046517487906,0.054593528887415615,0.0,0.29412128771419865,0.0,0.0,0.0,0.0,0.08591404684503799,0.0,0.23545043177522557,0.0,0.06419278801475192,0.04065028262153255,0.06483971995562415,0.22029437423518183,0.07763074255808003,0.0,0.0,0.0,0.0,0.07374162368124088,0.0,0.06665652544846197,0.0,0.0,0.05462942365470059,0.13124485848921136,0.0,0.11607996672357027,0.052612326766457156,0.14194224313250678,0.10202128469709003,0.05068530155925792,0.0,0.11455859759251581,0.0,0.0,0.11766659088786645,0.05070268840433176,0.08897217302423686,0.07107448882392688,0.06096037247746889,0.17223877129542448,0.05762921905422868,0.045414061268591585,0.0,0.0,0.0,0.09250873755154268,0.06612534248495197,0.0,0.0,0.0,0.0,0.0,0.057139055574130654,0.04365847331509468,0.0,0.16415781385564604,0.0,0.1646209422982292,0.1709672910228351,0.1583610925896941,0.06265390132738541,0.0,0.0,0.134651457208261,0.1262800916286446,0.2518353834159721,0.08106219966421391,0.14201259320330642,0.0,0.14065176047812344,0.047523466631545705,0.046658078471701184,0.0,0.0,0.0,0.0566164168064865,0.15450222861588728,0.06672657245672665,0.167600825233451,0.0,0.06535435297586942,0.04151048724486275,0.04992673384428909,0.13856019055486882,0.0834186072391612,0.0,0.06748611455022897,0.0,0.13111218124677007,0.06654475075198744,0.0,0.1956500465342364,0.07034236896321522,0.06096806422494366,0.05541757496886129,0.0,0.03941144433924493,0.03845936838823597,0.0,0.059691146563632516,0.16632676816234537,0.0,0.0,0.20796115568758877,0.19368735614417487,0.0,0.0,0.11422103845295359,0.11492024222259728,0.0,0.16653787701201103,0.14071124189228668,0.1493328644049028,0.054466071547367795,1.0
