Word,splutter,deflate,stream,crimp,floured,punch,devein,select,sterilize,overmix,invert,pressure,thread,scramble,knead,steep,absorbed,rise,smoking,marinate,frost,foam,crockpot,caramelize,refrigerate,grease,evaporated,overcook,massage,charred,evaporate,condensed,griddle,presentation,dredge,barbecue,curdle,dollop,scorching,tilt,muddle,deglaze,freezing,parboil,baste,scrub,defrost,rising,preheat,roux,store,tie,slit,distribute,bubbling,blanch,flavoring,pierce,decorate,insert,broil,unmold,grate,prick,dressing,shred,ice,flatten,sizzle,sear,caramelized,unroll,sweeten,flake,tuck,stop,settle,moisten,rotate,crumble,snap,skim,soak,sieve,stretch,drip,sweat,handle,submerge,spray,flip,immerse,powdered,sift,shake,wilt,scrape,smoke,marinade,dissolve,toast,squeeze,grind,blitz,bubble,slash,blot,style,trim,twist,whip,carve,divide,meld,swirl,thicken,garnish,,thaw,braise,uncover,process,bake,rinse,repeat,scatter,square,char,uncovered,whirl,seal,wipe,assemble,wash,strain,pop,strip,brush,smear,poach,ladle,seasoning,poke,dress,burn,reduce,dust,stack,reheat,dripping,transfer,soften,drizzle,arrange,measure,fold,beat,simmer,saute,mould,shape,stirring,raise,tear,pick,stand,scoop,stuff,smash,sort,clean,prepare,squash,mash,dash,crush,drain,splash,glaze,break,chill,drop,test,dice,lard,unwrap,slather,rub,moist,scald,pat,steam,split,pack,mound,replace,foil,roast,unfold,yield,smooth,press,puree,roll,sprout,serve,skin,whisk,melt,hold,check,wrap,boil,reserve,pull,fill,start,sprinkle,spread,move,minced,cream,combine,dump,peel,coat,dip,throw,fry,season,zest,mince,push,chop,separate,butter,slice,wet,sit,save,wait,wok,open,stew,blend,touch,cool,toss,cut,taste,rest,pre-heat,cover,stir-fry,pan-fry,turn,remove,dry,warm,pour,note,top,heat,cook,place,stir,take,put,mix,set,add
splutter,1.0,0.9857027,0.9859253,0.9843128,0.9827088,0.98332,0.9687819,0.96547544,0.97830266,0.98444587,0.98585707,0.98814327,0.9777896,0.9863554,0.98498595,0.9860617,0.9838681,0.98779976,0.9838692,0.9881883,0.9793338,0.97899145,0.98617506,0.9845312,0.9837082,0.99062884,0.98067117,0.9905897,0.984731,0.9836549,0.9883732,0.97635406,0.9875887,0.9643227,0.98822826,0.9928488,0.9922326,0.9794997,0.98715967,0.97638077,0.98840094,0.9852774,0.9852274,0.9875875,0.9920206,0.97359395,0.9818363,0.98081034,0.98655486,0.97611296,0.98089486,0.9856766,0.9688428,0.9716493,0.989362,0.9825825,0.9637904,0.9904455,0.97039944,0.9869092,0.9896613,0.9821679,0.9869528,0.98896384,0.98318994,0.9882169,0.9861233,0.99012554,0.9837397,0.98290867,0.98038536,0.9829555,0.97214097,0.9855473,0.98315996,0.98708,0.98707336,0.9868766,0.9881837,0.987344,0.9650687,0.991112,0.98714036,0.98360336,0.98823243,0.98920494,0.98829794,0.98802996,0.98743725,0.98856515,0.98926365,0.98318285,0.98741496,0.9718053,0.9876531,0.9844112,0.98279434,0.9860435,0.98235655,0.9870506,0.98225355,0.98904634,0.98155624,0.9829459,0.97835845,0.98218364,0.9865826,0.9726626,0.98018867,0.9899765,0.98788655,0.9733852,0.98090416,0.97731835,0.9841278,0.9889272,0.9568126,0.6725194,0.9829006,0.992472,0.9934122,0.9896171,0.98913085,0.9907459,0.9715646,0.9833869,0.9842362,0.9856816,0.9884889,0.98575294,0.98522896,0.99097896,0.98207974,0.9893273,0.9796609,0.97940886,0.9876531,0.9898363,0.98956454,0.99137604,0.9848162,0.9833729,0.9850676,0.9892164,0.9819362,0.98845637,0.9863917,0.98491436,0.979114,0.9904557,0.98887986,0.98626304,0.98827285,0.9811382,0.9718871,0.98149395,0.98209083,0.9837473,0.9932076,0.98493606,0.9828455,0.9692132,0.9893725,0.98059267,0.98867327,0.98362976,0.9756515,0.9810717,0.9834126,0.98018605,0.9714682,0.9873711,0.9836452,0.9836515,0.9755095,0.98943746,0.9878865,0.9903786,0.98886836,0.9865759,0.9810323,0.9874861,0.97866935,0.9808797,0.988874,0.98186445,0.98126847,0.98989624,0.9741318,0.98714215,0.9887485,0.99271244,0.9802643,0.97959495,0.9843056,0.98454183,0.9872422,0.99374706,0.98383623,0.95692515,0.98380125,0.98881155,0.98168504,0.9873121,0.8859094,0.98469156,0.98571706,0.98530966,0.990299,0.9886097,0.98761755,0.9850002,0.99212354,0.98360085,0.9903653,0.9867077,0.98743016,0.981559,0.9787475,0.9856293,0.9847648,0.9886038,0.98230696,0.9861837,0.9901359,0.9829766,0.98742455,0.9893055,0.99281555,0.98585904,0.980943,0.9864903,0.9830564,0.9774176,0.9852578,0.98531383,0.98428166,0.98957825,0.9826165,0.98137635,0.9839171,0.98186105,0.98755026,0.99110043,0.98227525,0.98762834,0.98458207,0.9901397,0.99036443,0.9745531,0.99190754,0.98274314,0.99075574,0.99290454,0.99265206,0.99024945,0.97564876,0.98861027,0.9829659,0.9880341,0.9891688,0.982959,0.98271704,0.99000174,0.9892505,0.9837109,0.9864287,0.98964953,0.9796187,0.9888447,0.98764306
deflate,0.9857027,0.9999999,0.98033905,0.9836899,0.9788584,0.98619276,0.9738601,0.9640986,0.9688271,0.9773459,0.97978127,0.9863874,0.9714645,0.97755104,0.98572236,0.9828095,0.98063296,0.98959655,0.9756786,0.9834715,0.97542757,0.9714088,0.97606754,0.97949594,0.9852032,0.98305166,0.9793552,0.9811846,0.9851108,0.9781104,0.98754174,0.97926486,0.978869,0.9569,0.981617,0.9850377,0.9853426,0.9766749,0.9811973,0.97184354,0.98764545,0.9842252,0.9822243,0.98268694,0.9856757,0.97496474,0.9844802,0.98620045,0.9816854,0.9753916,0.9782773,0.9789146,0.9668876,0.9654997,0.9843864,0.9781455,0.95709395,0.9846249,0.966462,0.98280853,0.9837211,0.9838442,0.9873933,0.98474634,0.98232377,0.9859915,0.98174447,0.9868893,0.9745828,0.9788894,0.97515833,0.9884828,0.9676649,0.9816986,0.9835,0.9774571,0.98228157,0.98365307,0.9839397,0.9832461,0.9581569,0.98896784,0.98520225,0.97845197,0.98908234,0.9858343,0.9845795,0.98352647,0.9832092,0.98323643,0.98423344,0.98183435,0.9880932,0.9768309,0.9802802,0.98861545,0.98096687,0.9813211,0.9808289,0.98463774,0.978519,0.9874143,0.97835064,0.977489,0.9790659,0.9756686,0.9849551,0.9728976,0.98129284,0.9857471,0.99086946,0.9683367,0.97642535,0.9727888,0.9800636,0.98446286,0.9579019,0.66328037,0.9844727,0.9861025,0.9857882,0.9872647,0.9844762,0.98669165,0.9667015,0.9747647,0.9860907,0.9808049,0.9831831,0.98099977,0.98176074,0.9857862,0.97487545,0.9870993,0.9857509,0.9814024,0.9823903,0.9836932,0.9834848,0.9857732,0.979943,0.9784759,0.9775265,0.98338026,0.97454983,0.9862481,0.9815953,0.9829477,0.97702336,0.98629564,0.98654723,0.98570853,0.9847711,0.9776342,0.9702952,0.9848896,0.9838134,0.979523,0.98502153,0.98711866,0.9849986,0.96849144,0.98615867,0.9745036,0.98620826,0.9797942,0.9761529,0.98563856,0.98500234,0.97606564,0.97383,0.9814452,0.9854368,0.9815068,0.97392946,0.9872074,0.98930645,0.985988,0.98317516,0.9812498,0.9753123,0.98560596,0.96886134,0.9774845,0.9842977,0.9803897,0.9780867,0.98485845,0.97411585,0.9836755,0.9863496,0.9863216,0.9758606,0.9799881,0.9850409,0.9795886,0.98233354,0.9866296,0.98410547,0.9501842,0.9850773,0.984835,0.9762366,0.98824805,0.87935865,0.98008287,0.98857,0.98503995,0.98971075,0.9839955,0.97764754,0.9789584,0.9859554,0.9778988,0.9901907,0.9838789,0.9786029,0.9764807,0.97293746,0.98474306,0.9789858,0.98410094,0.97922915,0.9819133,0.98709744,0.97782946,0.9824783,0.9842179,0.98655814,0.98013264,0.97853297,0.98140246,0.98103815,0.9723393,0.9834743,0.9810366,0.97857434,0.9849405,0.9788581,0.9770849,0.97934806,0.9751481,0.9834397,0.9862104,0.974988,0.98280966,0.9775659,0.9838427,0.98483235,0.9700348,0.98506266,0.98135537,0.9848758,0.98727334,0.9843769,0.9840232,0.9700975,0.98761755,0.98148286,0.9844191,0.97876436,0.9799793,0.9792607,0.98605764,0.9833217,0.98065203,0.98352426,0.9854889,0.9761639,0.9867768,0.9864342
stream,0.9859253,0.98033905,1.0000002,0.978891,0.98081964,0.98054355,0.9631488,0.95834506,0.97272545,0.9789368,0.9789408,0.9835027,0.97559,0.9801465,0.9822707,0.988124,0.98701084,0.9843176,0.9774151,0.98747593,0.979413,0.9772929,0.9738205,0.98123735,0.98095936,0.98362356,0.9835185,0.98152846,0.98274595,0.9781492,0.9878576,0.97824657,0.97733307,0.9581216,0.9813926,0.98411673,0.9864194,0.9761965,0.9803133,0.9796192,0.9816991,0.98514014,0.9842538,0.9847985,0.98983806,0.9711691,0.9757648,0.9783401,0.9814191,0.9700063,0.9773663,0.97715026,0.96681887,0.9581373,0.98236084,0.97846633,0.9584978,0.98626906,0.9681157,0.98602164,0.9844981,0.9777129,0.98374426,0.9836537,0.98300993,0.98297995,0.9842139,0.98186135,0.9741994,0.97846913,0.9768481,0.9804453,0.974193,0.98424363,0.9809674,0.9855094,0.9830958,0.9883479,0.98183274,0.98365885,0.9597162,0.986056,0.989963,0.97596544,0.9835191,0.9909254,0.9831044,0.98364043,0.98969966,0.98902506,0.9833259,0.9874599,0.98492324,0.96696365,0.98322767,0.9816417,0.9769016,0.9823404,0.9872668,0.9899478,0.98084515,0.98717874,0.9787787,0.9811199,0.9754503,0.974607,0.98246974,0.96713674,0.9718771,0.983234,0.9856616,0.97005635,0.9750429,0.9748754,0.98216575,0.98970085,0.95626885,0.6643222,0.9774723,0.9873143,0.98447233,0.9828343,0.98442304,0.985201,0.97139186,0.97393787,0.9824837,0.98359776,0.9835301,0.9860319,0.98398644,0.98448247,0.97465557,0.98429155,0.97813785,0.97764724,0.9799585,0.9861039,0.9835573,0.98875284,0.9863491,0.9798122,0.97960085,0.98455733,0.97407615,0.98664325,0.9824717,0.98313224,0.97807586,0.9876401,0.98330516,0.98194754,0.9906151,0.97862506,0.9669489,0.9753361,0.9805994,0.9789768,0.98662776,0.98271686,0.9831008,0.96693444,0.98396164,0.97704595,0.9830415,0.97977316,0.9713984,0.98193365,0.9830678,0.97643816,0.96671855,0.97851145,0.9786939,0.9802057,0.97591513,0.9843011,0.9900127,0.9911548,0.9845712,0.98220634,0.97739345,0.98785615,0.9723089,0.97880095,0.98390555,0.9778139,0.9786033,0.98653114,0.97604877,0.9855694,0.9859689,0.9859799,0.979265,0.9763292,0.9831089,0.9837184,0.9832244,0.9869481,0.9787276,0.9558169,0.9790291,0.98597986,0.9790477,0.98584396,0.87592846,0.97782403,0.98069435,0.9833813,0.9910405,0.9821206,0.97614044,0.9817275,0.98989767,0.97745115,0.9844623,0.98312616,0.9794863,0.977563,0.9699343,0.9823794,0.97990245,0.9841397,0.9781537,0.98649544,0.98078805,0.9787822,0.9880604,0.9888341,0.98735446,0.9823099,0.97887176,0.9825251,0.97992873,0.9742329,0.9782364,0.9811854,0.9784908,0.99130124,0.97698075,0.9750927,0.98048425,0.9746654,0.97898155,0.98912483,0.97925276,0.984269,0.9798848,0.98675233,0.985291,0.9710855,0.98675615,0.98070186,0.9829791,0.98746246,0.9844729,0.98118174,0.9726011,0.98448366,0.98102915,0.9914133,0.98199743,0.9785579,0.9799617,0.9863937,0.98378474,0.98007035,0.98011416,0.98603654,0.9743008,0.9868855,0.98542696
crimp,0.9843128,0.9836899,0.978891,1.0000004,0.979071,0.9885349,0.9631341,0.9621722,0.96759003,0.9790275,0.97784424,0.98488814,0.9749387,0.97704506,0.98808044,0.98211163,0.9780725,0.9888819,0.9741989,0.9829968,0.9728976,0.96852505,0.97260326,0.97817916,0.9794414,0.9810111,0.9775662,0.9811604,0.9839221,0.9791103,0.984654,0.9736103,0.9769948,0.9537247,0.9789207,0.98217833,0.9848809,0.9734104,0.9786219,0.97378755,0.9884102,0.98030317,0.9798095,0.9797579,0.9830956,0.9690878,0.97777367,0.98370427,0.98062074,0.9677598,0.97396094,0.9777363,0.96455044,0.9696149,0.97801524,0.9786554,0.9581827,0.98229396,0.9670074,0.9791543,0.9817297,0.97587186,0.9863321,0.9785009,0.9772993,0.98730254,0.98060536,0.9860465,0.9723987,0.978946,0.97420156,0.98255014,0.96652806,0.98121464,0.98343164,0.9774698,0.9836528,0.9834261,0.98085517,0.9843249,0.9579986,0.9835984,0.9813819,0.9792246,0.9897433,0.98425704,0.9799899,0.9796204,0.9791076,0.9816969,0.9838471,0.9782493,0.9863797,0.96796346,0.9821018,0.9822845,0.97777003,0.98099744,0.9768521,0.9823716,0.977291,0.9875522,0.9778918,0.98009855,0.97132957,0.9767301,0.9802521,0.9696958,0.9789893,0.9825754,0.9871641,0.97023803,0.9788361,0.97667027,0.97783893,0.9839697,0.9543238,0.6702704,0.978541,0.9836055,0.98109215,0.985849,0.981721,0.98228323,0.9652487,0.9762455,0.98515326,0.97983897,0.9804993,0.9804269,0.9811834,0.9823533,0.9761825,0.9830153,0.9779141,0.97494525,0.98080784,0.9836266,0.9800274,0.9832395,0.9776322,0.97923493,0.97683007,0.9803712,0.9711078,0.985609,0.9785737,0.9835748,0.9741555,0.98044384,0.9857111,0.9824723,0.9815964,0.9751596,0.968898,0.97636765,0.98098564,0.9759991,0.9833325,0.9838092,0.982622,0.96990204,0.98568994,0.9758075,0.97980773,0.98190856,0.97183514,0.9791796,0.9834027,0.98093414,0.9696467,0.97736466,0.98581135,0.9825836,0.97025806,0.9872169,0.98092955,0.98359096,0.9803202,0.9812001,0.9746615,0.9801477,0.9675524,0.9777888,0.9842913,0.97430915,0.97557116,0.9817657,0.9693398,0.9837264,0.98476046,0.98544186,0.9771904,0.9765275,0.9837137,0.97835773,0.97768307,0.9834365,0.9852625,0.94960105,0.98386985,0.9818413,0.9779927,0.98769236,0.8759753,0.9802423,0.98515767,0.9837594,0.98802185,0.97866404,0.974708,0.9798481,0.98470765,0.9741247,0.98431927,0.98054445,0.9807248,0.9771943,0.97275805,0.98299444,0.9781155,0.980437,0.98200065,0.9794349,0.9836305,0.977349,0.9806514,0.98260653,0.98407793,0.97907877,0.97555107,0.9827981,0.98083663,0.9741015,0.98088187,0.98066753,0.9793046,0.9823566,0.9813765,0.9708099,0.97954077,0.972481,0.979453,0.98475695,0.9794092,0.9809149,0.97996765,0.98507756,0.98456985,0.96654916,0.98516613,0.98021287,0.9837686,0.98598623,0.9822471,0.98139465,0.96690565,0.9813002,0.9777675,0.9819274,0.9755294,0.9805123,0.9777879,0.9865391,0.9821922,0.9819369,0.97646856,0.983011,0.9798797,0.9859856,0.98097
floured,0.9827088,0.9788584,0.98081964,0.979071,0.99999964,0.9765166,0.9583444,0.95667356,0.9700619,0.97443825,0.9757442,0.98020196,0.9740228,0.9771452,0.9779058,0.9791507,0.9798323,0.9813303,0.97503346,0.98331636,0.97842956,0.97038,0.97493744,0.9780725,0.97601414,0.98361576,0.9742175,0.97866213,0.9771846,0.97507256,0.98228824,0.9707201,0.97817093,0.956094,0.9886657,0.98206663,0.9831462,0.97681046,0.97676885,0.9705837,0.9844424,0.9804722,0.97534317,0.98091656,0.9833121,0.9648528,0.9756945,0.97467965,0.97954375,0.9861625,0.97472024,0.9784464,0.96454823,0.96414447,0.97533387,0.9737971,0.9525893,0.98187596,0.9642931,0.979392,0.9825154,0.9744745,0.9810321,0.98028433,0.9793747,0.9812888,0.9793831,0.98012334,0.9679395,0.97755826,0.9724285,0.97813594,0.9661394,0.9797535,0.9765843,0.9761633,0.9816991,0.98497504,0.9781457,0.981803,0.9580612,0.9814957,0.9825708,0.97686553,0.9824805,0.98464906,0.979827,0.9819001,0.9824646,0.98418033,0.97870153,0.98062766,0.9827135,0.96647066,0.98117185,0.97739285,0.97424793,0.9772983,0.97753006,0.982082,0.97788,0.9825444,0.97576547,0.9778277,0.97072744,0.97312814,0.97822785,0.9638761,0.9719935,0.9772233,0.98390555,0.9664231,0.97648156,0.97090036,0.9781345,0.9835436,0.95174265,0.67338645,0.9758819,0.9840523,0.9816244,0.98068684,0.98288673,0.98339164,0.96376806,0.97619116,0.97780246,0.9805811,0.9831949,0.9785791,0.97944957,0.98356426,0.97159106,0.98253554,0.9762486,0.97602755,0.977219,0.9829608,0.9796563,0.98501474,0.9800055,0.9758791,0.97668135,0.98084795,0.9731776,0.98234576,0.98445374,0.97970295,0.9729471,0.9802635,0.98353755,0.9765074,0.9849425,0.973022,0.97052217,0.9762943,0.9746275,0.9751329,0.9839689,0.9784698,0.9780251,0.9673118,0.98119926,0.969003,0.97789466,0.97555476,0.97494954,0.98106897,0.9783537,0.9758238,0.9657923,0.97920704,0.9778017,0.9795632,0.97141254,0.98081774,0.9798395,0.9838802,0.9827857,0.97866225,0.97327626,0.9831649,0.9684233,0.97533375,0.98231,0.97383827,0.9783354,0.9807039,0.96824473,0.9812512,0.9850581,0.9849979,0.97546524,0.9723792,0.97696495,0.9784676,0.98203826,0.98512405,0.975029,0.94817245,0.97658306,0.9817037,0.97574437,0.9797653,0.86752516,0.9803298,0.97918004,0.97694796,0.9851026,0.9769236,0.97660375,0.9797571,0.98454756,0.9754194,0.98127276,0.9804696,0.9768097,0.97730064,0.97265255,0.97881246,0.9762594,0.9811947,0.976707,0.97751147,0.9775098,0.97928786,0.9818684,0.9820465,0.98467994,0.9774416,0.97388166,0.9799897,0.9740688,0.9696652,0.9776095,0.9784118,0.9755436,0.9836373,0.9730293,0.97224295,0.9781255,0.97448856,0.9770377,0.9846894,0.9750024,0.98071617,0.9765952,0.9833724,0.9813791,0.966702,0.9830125,0.9774527,0.98059994,0.9863529,0.98294365,0.9757567,0.9649442,0.97943497,0.9761106,0.9814284,0.9728113,0.9784335,0.9743283,0.98551416,0.9823025,0.9789918,0.9729724,0.982866,0.9735205,0.9815903,0.9823899
punch,0.98332,0.98619276,0.98054355,0.9885349,0.9765166,0.9999997,0.9633889,0.9607479,0.97310007,0.9787445,0.98013425,0.98735744,0.97215927,0.97442704,0.98991454,0.9833933,0.97977227,0.98807746,0.9750548,0.98289794,0.9720671,0.97025466,0.9751775,0.9769578,0.9827181,0.9822099,0.9755329,0.9793306,0.9839154,0.97634465,0.98382837,0.9719265,0.9784863,0.95531124,0.9800951,0.98192203,0.98230636,0.9758403,0.9787053,0.9712927,0.9852242,0.97975224,0.9802488,0.9794127,0.9841464,0.9748252,0.9754101,0.98571616,0.9800023,0.9732448,0.97503746,0.97718894,0.9628814,0.9641517,0.9785246,0.97846836,0.9557464,0.982488,0.9654516,0.98127294,0.9797063,0.9812637,0.98320717,0.9805255,0.9806375,0.9837122,0.97823346,0.9857187,0.9703204,0.9767691,0.97559166,0.9820468,0.9679899,0.97905207,0.9807731,0.97737527,0.9810205,0.98145896,0.98159826,0.9792251,0.9525778,0.98465645,0.9827174,0.9778696,0.99011046,0.9839665,0.9814719,0.980678,0.9809333,0.98261786,0.9830295,0.9801394,0.98351526,0.9699341,0.9792338,0.98078936,0.978437,0.97999865,0.9797571,0.9835608,0.9749281,0.9883113,0.9764118,0.9755164,0.9722993,0.974293,0.98115325,0.9696451,0.97476447,0.98465836,0.9867639,0.9686221,0.974443,0.97346157,0.97830546,0.9820792,0.9534151,0.6655877,0.9769639,0.98444414,0.9823855,0.9849503,0.9812604,0.9817789,0.96800274,0.97228533,0.98277134,0.97885436,0.98073655,0.98074263,0.98158234,0.98295385,0.97486854,0.9835473,0.97789156,0.9748163,0.9801091,0.98485994,0.98215336,0.98379296,0.97782713,0.9778478,0.9759811,0.98116124,0.9715986,0.98357314,0.97870636,0.98166054,0.97439736,0.9824787,0.98290426,0.9799864,0.9826397,0.9761239,0.96828896,0.9786796,0.9811016,0.9777072,0.9826127,0.9840312,0.98185176,0.96579355,0.98595345,0.9748846,0.981852,0.9773454,0.9709315,0.9798916,0.9817348,0.97778016,0.97023636,0.9786923,0.98408204,0.9810898,0.97026885,0.9840085,0.9828997,0.98416454,0.98167205,0.97927755,0.97560215,0.9811522,0.9664428,0.9747888,0.98279893,0.977824,0.97857285,0.98343724,0.96871346,0.98305136,0.9852149,0.98337835,0.9746404,0.97659034,0.9829507,0.9779254,0.9776583,0.9834603,0.98486906,0.9513086,0.98380256,0.98291427,0.9758312,0.9882823,0.87866306,0.9777106,0.9855156,0.98360854,0.9872935,0.97975105,0.9719432,0.9772191,0.98353314,0.97781765,0.9851681,0.98123795,0.978102,0.9742527,0.9743362,0.9827045,0.97752583,0.981863,0.97778815,0.9794809,0.98411715,0.97636324,0.9819727,0.98291135,0.9840723,0.97817206,0.9778051,0.9792037,0.9829389,0.97100747,0.97902465,0.9819511,0.9759647,0.98174125,0.9760875,0.974858,0.97922605,0.97050864,0.98067015,0.98517054,0.9746605,0.97921234,0.9765277,0.98323786,0.9829977,0.9672139,0.98280275,0.9801662,0.9809312,0.9850275,0.9817706,0.9826111,0.9698751,0.9828371,0.9787295,0.9831052,0.97751874,0.977376,0.9786955,0.98414457,0.9833604,0.97903395,0.9782734,0.98362386,0.97684896,0.98384845,0.9820739
devein,0.9687819,0.9738601,0.9631488,0.9631341,0.9583444,0.9633889,1.0,0.9434574,0.96422887,0.9607396,0.9608584,0.96708596,0.95241773,0.96231884,0.96484095,0.969865,0.96774787,0.9680465,0.96027356,0.963481,0.95522594,0.9533363,0.95755273,0.95965475,0.9655917,0.9640139,0.95990664,0.9649805,0.964585,0.959104,0.97230405,0.96157604,0.96373034,0.94266146,0.96111494,0.9686492,0.9671788,0.959382,0.9645353,0.9599815,0.9638034,0.9683259,0.96549964,0.96573603,0.96879107,0.9651832,0.9746177,0.9634576,0.96234936,0.9495855,0.96188533,0.9588246,0.9481915,0.94886047,0.96429133,0.95932144,0.93972534,0.9661508,0.9483796,0.9661424,0.9669328,0.970625,0.9689384,0.9618975,0.9606419,0.967834,0.96529263,0.9667006,0.95770097,0.9578417,0.9535789,0.9689778,0.9528171,0.9661397,0.9651852,0.96106803,0.96161413,0.96532774,0.96458584,0.9664145,0.94417465,0.9737058,0.96592224,0.9569532,0.9686714,0.9696743,0.964686,0.9649624,0.96764773,0.964096,0.96647906,0.9653702,0.9654967,0.96361125,0.96264815,0.9696209,0.9794836,0.96265674,0.96111864,0.9674112,0.956991,0.9723393,0.96025026,0.9632963,0.9540716,0.95788956,0.9743788,0.95425487,0.9705373,0.9684778,0.9662077,0.94819516,0.9589047,0.95367646,0.96267265,0.96762186,0.93731636,0.6388922,0.9752721,0.9674412,0.9686661,0.96804345,0.9660578,0.9792484,0.95290124,0.9587465,0.9649882,0.9629624,0.95967215,0.9629823,0.95924705,0.9799177,0.95512426,0.978966,0.9699702,0.95811856,0.9673594,0.96572095,0.9669249,0.9683751,0.96476793,0.95884365,0.961463,0.9652264,0.96161085,0.9722378,0.96151614,0.96431464,0.95906425,0.97011274,0.9683149,0.9663056,0.96642715,0.9592213,0.9540494,0.95983505,0.95837295,0.9604431,0.9693677,0.9669613,0.963761,0.9453923,0.9684013,0.95838535,0.9694606,0.9607463,0.9633977,0.96062756,0.9670848,0.9559934,0.9726494,0.96236646,0.9658288,0.9628359,0.9584634,0.97018623,0.9760357,0.9686974,0.9650844,0.9662107,0.96015835,0.9668401,0.9555134,0.96172357,0.9615969,0.9660246,0.9602901,0.9658012,0.9530074,0.96649486,0.9667011,0.96829367,0.9596615,0.95867175,0.9659351,0.9619719,0.9618149,0.9665076,0.9688316,0.94084895,0.9679062,0.96625483,0.9614988,0.96739644,0.8457034,0.9585571,0.9696395,0.96192867,0.96902096,0.96765083,0.9628108,0.95918113,0.96699643,0.9604099,0.97491467,0.9653248,0.9595283,0.9591601,0.952746,0.9635612,0.9647477,0.9630133,0.9631927,0.9669791,0.9673652,0.9572372,0.96722925,0.9654541,0.9697209,0.96255475,0.960465,0.9654146,0.961433,0.9551082,0.9691992,0.9623375,0.9630831,0.967552,0.95901,0.959213,0.95914537,0.9611815,0.96851724,0.9693479,0.9583539,0.96349275,0.95863605,0.96255517,0.9668939,0.94965243,0.9664578,0.9630189,0.96876657,0.97088534,0.9666954,0.9661606,0.9624622,0.9745121,0.96290684,0.96828425,0.96188474,0.96218383,0.9625904,0.9651072,0.9644141,0.9606153,0.97016156,0.9658047,0.9570493,0.9668077,0.9642165
select,0.96547544,0.9640986,0.95834506,0.9621722,0.95667356,0.9607479,0.9434574,0.9999999,0.94999266,0.95379776,0.9640061,0.96394235,0.9556209,0.95717734,0.9617852,0.96451235,0.96456003,0.96264553,0.96057343,0.96542525,0.9572813,0.9486657,0.9521263,0.962178,0.96238816,0.95979375,0.96133786,0.9610392,0.96352047,0.9646392,0.966122,0.9590952,0.9551888,0.942493,0.9612697,0.96389276,0.96356237,0.9542038,0.9628135,0.9525049,0.9703695,0.95772123,0.9590382,0.9613505,0.9646287,0.95498127,0.9607668,0.95743144,0.9578006,0.9528252,0.96319276,0.9623758,0.94191265,0.9474761,0.95865524,0.9598952,0.93685514,0.9640074,0.9516171,0.9642141,0.96319836,0.9579506,0.9657076,0.9608138,0.9619712,0.96347487,0.9624457,0.9666247,0.9594164,0.96160173,0.95800126,0.96342236,0.9492987,0.9599497,0.9642137,0.95560926,0.9650567,0.9617966,0.96271235,0.96066946,0.9317542,0.96699405,0.9633365,0.9625806,0.9654357,0.9643628,0.9629136,0.966566,0.9643358,0.9629968,0.96326435,0.962149,0.9655069,0.95417017,0.9613936,0.96397686,0.95902103,0.96282583,0.96172637,0.9626146,0.9591061,0.96532315,0.95620733,0.9570916,0.95192343,0.9525823,0.96546143,0.9529129,0.9556337,0.96227324,0.9634301,0.9448748,0.9567729,0.9501486,0.9557056,0.9627537,0.9393493,0.641255,0.95982575,0.9637215,0.9630106,0.9675649,0.9629269,0.96386355,0.94526654,0.9537403,0.96233314,0.9591611,0.95682853,0.9589312,0.95488125,0.9633922,0.9575834,0.9648259,0.9611142,0.95657486,0.96151894,0.96150327,0.9594275,0.9665675,0.9627322,0.95882314,0.9572674,0.96030277,0.9530603,0.96515805,0.9563532,0.9705348,0.9560943,0.96380436,0.9670297,0.9603167,0.9637243,0.9581878,0.9514121,0.9572814,0.9591289,0.9578667,0.9635828,0.96403784,0.9660306,0.95052284,0.96143377,0.95361507,0.9720538,0.9616,0.9534567,0.96645725,0.9605286,0.96731955,0.9520023,0.9640257,0.9623266,0.95887244,0.9459642,0.9637063,0.96488,0.9651914,0.96126014,0.9596242,0.9549992,0.96156687,0.9502256,0.9549822,0.96238095,0.9598505,0.9524103,0.96343374,0.9508336,0.9617811,0.9627073,0.9667411,0.9530092,0.96171594,0.9639735,0.9668981,0.9624725,0.9645719,0.95891666,0.93073696,0.9639789,0.96538335,0.9567279,0.966097,0.8721424,0.96003616,0.96667105,0.96155715,0.9682578,0.96343285,0.9560449,0.9654247,0.9660426,0.9601255,0.9677087,0.9616919,0.96718556,0.95354134,0.9521442,0.9625891,0.95721346,0.9605261,0.9607787,0.95931476,0.9663258,0.9573654,0.9663685,0.9641437,0.96479744,0.9571608,0.9576674,0.95929915,0.95717937,0.95435184,0.9607188,0.9571507,0.95798004,0.96413094,0.96272767,0.9574187,0.9547443,0.9521014,0.96363,0.9649969,0.95473975,0.95894384,0.9537055,0.9626837,0.96475995,0.94921076,0.9635813,0.956482,0.9678101,0.9676499,0.9628331,0.9627374,0.9481994,0.96531785,0.95451057,0.9635125,0.9570484,0.9668007,0.95297486,0.96708393,0.9694075,0.9610077,0.96285796,0.9622033,0.96219325,0.96459997,0.9625992
sterilize,0.97830266,0.9688271,0.97272545,0.96759003,0.9700619,0.97310007,0.96422887,0.94999266,0.99999994,0.96797204,0.973789,0.9741271,0.96400976,0.96771556,0.9713515,0.9725995,0.97639537,0.9709232,0.97517776,0.9717043,0.963347,0.9675209,0.9675525,0.9681407,0.9770394,0.9705466,0.96835196,0.97180593,0.9721388,0.96740687,0.9759608,0.9623348,0.9769513,0.9569271,0.9743383,0.97425246,0.9748681,0.9744078,0.97303545,0.96565545,0.97334343,0.97350955,0.9754817,0.9731203,0.9768807,0.9756847,0.9676192,0.9653059,0.9685634,0.9664484,0.97302794,0.9654709,0.96004325,0.95581174,0.96955335,0.9733016,0.94261515,0.9775013,0.9569053,0.9767182,0.97265476,0.97523224,0.9742462,0.9746718,0.97758156,0.973067,0.97082376,0.97566867,0.9703615,0.96418375,0.96319604,0.97270465,0.95942646,0.9751482,0.96926826,0.969834,0.97141916,0.9719522,0.97116,0.9744026,0.9505545,0.974404,0.97515607,0.9663614,0.9724055,0.97636795,0.9726665,0.97428447,0.9760915,0.97468543,0.9736542,0.973287,0.9714256,0.9567554,0.97239226,0.97139007,0.9768578,0.97068113,0.97000873,0.9757268,0.9635581,0.9745672,0.96989816,0.9680232,0.9634012,0.9697097,0.9728489,0.961485,0.96196526,0.97580385,0.97068834,0.9568329,0.9702185,0.96299106,0.97359324,0.97475266,0.93750966,0.6617807,0.9694476,0.9743411,0.97471166,0.97408354,0.9716103,0.98043084,0.9611287,0.96841735,0.97160816,0.97132176,0.97216064,0.9720322,0.96975726,0.9815607,0.9650717,0.9823266,0.9668515,0.9626976,0.9718421,0.9753262,0.9737378,0.97652787,0.9705924,0.9659933,0.9735254,0.9723895,0.9672619,0.97468126,0.9690928,0.97473747,0.96807057,0.97530365,0.9760314,0.97495914,0.9750517,0.97072244,0.96161556,0.96746784,0.96538424,0.96869695,0.9756428,0.9741026,0.9703463,0.9559461,0.97139347,0.9661593,0.97298646,0.9672613,0.9620254,0.9692661,0.9726568,0.96942466,0.97305906,0.9791686,0.9707005,0.9699102,0.9651916,0.97358507,0.9765961,0.9760724,0.9722971,0.9749927,0.97362256,0.97564787,0.96083933,0.9688215,0.9708493,0.96965647,0.9661931,0.97438985,0.9610669,0.97610235,0.97522074,0.9752811,0.9683854,0.9668808,0.97193193,0.97173125,0.9708773,0.9740813,0.97302216,0.9407264,0.9697844,0.9749798,0.97319657,0.9734525,0.85412043,0.9770158,0.9730648,0.96821856,0.975102,0.9758701,0.96480733,0.9718532,0.97582316,0.97760165,0.9714615,0.97389543,0.96834475,0.9681689,0.964131,0.97202694,0.97336566,0.9733901,0.9746376,0.9716639,0.9714201,0.968901,0.97539407,0.9752646,0.97542024,0.96699756,0.9719125,0.9721694,0.9677314,0.96466625,0.97113436,0.970341,0.97466326,0.9755299,0.96553224,0.97669417,0.9703187,0.96995056,0.9708025,0.9758163,0.97383946,0.9716928,0.9707903,0.97480565,0.97442526,0.96631247,0.97615063,0.9678326,0.97563136,0.97616476,0.9727874,0.9718987,0.9605262,0.9762981,0.97041845,0.97748995,0.9708731,0.9691328,0.9688628,0.9754683,0.97483915,0.96913326,0.9692774,0.9730728,0.9718819,0.9746872,0.9721442
overmix,0.98444587,0.9773459,0.9789368,0.9790275,0.97443825,0.9787445,0.9607396,0.95379776,0.96797204,1.0000001,0.9735851,0.9790225,0.9718145,0.9817364,0.9817707,0.97491133,0.9758815,0.9796615,0.970386,0.97690815,0.97072667,0.9736892,0.9704394,0.97624165,0.9703274,0.97995734,0.9754049,0.98147976,0.98162884,0.97195363,0.9788817,0.9748439,0.9747018,0.9531657,0.97640425,0.98215836,0.9841418,0.971324,0.97535056,0.9675462,0.98198235,0.97803956,0.9756169,0.976885,0.9817023,0.9685978,0.97277385,0.9741879,0.9752282,0.96689695,0.96877855,0.97659117,0.95969814,0.9598165,0.9801106,0.97177035,0.9484895,0.9796394,0.96097875,0.97845185,0.97949135,0.9718496,0.98031133,0.97897303,0.9750146,0.980925,0.97561735,0.9783251,0.96721447,0.9731147,0.9708375,0.9739223,0.96508807,0.97814924,0.97618914,0.97713524,0.9805304,0.9806056,0.9766502,0.98063403,0.9553698,0.9806967,0.9786354,0.9793881,0.9792128,0.9800136,0.97570604,0.9811857,0.97815967,0.9795925,0.9787561,0.9739686,0.9801124,0.969055,0.98602605,0.9753112,0.97380155,0.9744591,0.9730556,0.9820714,0.97338015,0.9806003,0.9761521,0.9738949,0.9697974,0.9712182,0.974362,0.9627739,0.9715453,0.98235697,0.9803775,0.96370864,0.97148204,0.9738971,0.98081803,0.980027,0.94753104,0.67192477,0.9743968,0.98012793,0.9837808,0.9818346,0.97920704,0.981899,0.969478,0.9740389,0.9764934,0.97734314,0.9800333,0.98439264,0.97584176,0.9805445,0.9708621,0.98094755,0.9726243,0.97192055,0.98038244,0.97958916,0.97962815,0.98038036,0.97452086,0.9801172,0.9740719,0.97988725,0.97224283,0.98097914,0.9765338,0.9755587,0.9705109,0.97813535,0.98147297,0.97500795,0.98044014,0.97200066,0.96743476,0.97254705,0.980195,0.9760701,0.98175216,0.97406054,0.9762144,0.96678084,0.98358756,0.9721516,0.97880054,0.9760108,0.9671587,0.97648233,0.97648793,0.97624224,0.9643603,0.97748154,0.97382146,0.9778206,0.9663077,0.9819088,0.9779256,0.98325706,0.9800716,0.9778579,0.96654683,0.97832376,0.9651104,0.9746734,0.9785765,0.9742746,0.9700987,0.98203784,0.96860605,0.9809169,0.9785676,0.9818189,0.97316206,0.96809655,0.9768786,0.97526157,0.9769689,0.9819798,0.9761092,0.94849414,0.97401917,0.9822696,0.9867706,0.9792357,0.87419105,0.9763511,0.97612184,0.9810262,0.9822987,0.9767821,0.9722419,0.9797344,0.98171294,0.9732564,0.97951174,0.9780399,0.97347045,0.97649133,0.9682151,0.9780335,0.9763656,0.9784436,0.9832212,0.9781108,0.982181,0.9744613,0.97645146,0.9849246,0.9823269,0.9761124,0.97046995,0.9792508,0.9751731,0.9720578,0.9767071,0.9762135,0.9743402,0.9821636,0.97456324,0.97250086,0.9754008,0.96913934,0.9831712,0.9810874,0.9850691,0.9799044,0.9735016,0.9895902,0.9827536,0.9630321,0.9825611,0.9741446,0.97837025,0.9842273,0.98027706,0.9819902,0.9677871,0.9764999,0.9710293,0.9808878,0.98095536,0.9714496,0.97408533,0.9835433,0.97700596,0.984009,0.97896457,0.97878134,0.9760799,0.9802875,0.9807234
invert,0.98585707,0.97978127,0.9789408,0.97784424,0.9757442,0.98013425,0.9608584,0.9640061,0.973789,0.9735851,1.0000001,0.9827381,0.969118,0.97467595,0.97864497,0.9806075,0.9827863,0.97922707,0.98183936,0.97984874,0.97513086,0.97056746,0.9724768,0.97783905,0.9819112,0.981798,0.97649354,0.9809632,0.98090136,0.9768316,0.98586464,0.97311586,0.97775614,0.96968454,0.97998035,0.98482275,0.98395777,0.9790644,0.9804892,0.9715318,0.984955,0.97907346,0.98074067,0.9781333,0.98417366,0.97545224,0.9797217,0.9740867,0.97586304,0.97074175,0.98137146,0.9741315,0.9649765,0.96717507,0.9796892,0.9782123,0.9571449,0.98512,0.9700194,0.9869995,0.9831437,0.98197794,0.9835005,0.9831171,0.980785,0.9823902,0.9797784,0.98573136,0.97183776,0.9775431,0.97545934,0.9803696,0.9647542,0.9827381,0.9788336,0.98077303,0.98353314,0.9800828,0.9843368,0.98284745,0.9596066,0.98813933,0.9816378,0.98070574,0.9824163,0.9837982,0.97831386,0.9877996,0.9812892,0.98285884,0.98750216,0.9780068,0.98107517,0.9728087,0.9824135,0.9800549,0.97739005,0.97883606,0.9761858,0.9812729,0.97671413,0.9868184,0.9786921,0.978073,0.96937555,0.97719413,0.9836852,0.97324896,0.9765138,0.9886688,0.9804421,0.9682716,0.978558,0.9706074,0.98164064,0.98059344,0.9561161,0.6661484,0.9805672,0.9820799,0.98773146,0.98594534,0.98022527,0.9849877,0.970254,0.97683495,0.97913986,0.9802806,0.9787076,0.9816692,0.97900397,0.9856792,0.98029315,0.98517,0.9789828,0.97480154,0.9849918,0.985098,0.98635286,0.9827897,0.98054886,0.9771255,0.97950953,0.98317003,0.9782961,0.98559105,0.9792103,0.97974354,0.97708344,0.98249024,0.9869529,0.97899514,0.9820947,0.9823632,0.9696512,0.98008806,0.9755924,0.9771249,0.9829479,0.9815668,0.9767088,0.9656113,0.983524,0.9786069,0.9876645,0.9786291,0.9712162,0.9776312,0.97969174,0.97625047,0.9699134,0.9788525,0.9790832,0.9820028,0.97122645,0.984183,0.98512596,0.9844277,0.98267984,0.9847767,0.9769886,0.98372114,0.97029704,0.9791832,0.9817708,0.9835714,0.97708166,0.9891329,0.9710002,0.9808156,0.98568565,0.98438287,0.9767686,0.9814927,0.9819104,0.9816129,0.9799922,0.98354125,0.9781705,0.9456454,0.9775747,0.9870285,0.9746004,0.9807051,0.8726964,0.9819811,0.98277986,0.97818565,0.982843,0.987538,0.97647625,0.9847513,0.9822997,0.981192,0.9859812,0.9833417,0.98187524,0.9771187,0.9749304,0.98322755,0.9811309,0.9804373,0.97826767,0.9824595,0.9856276,0.97968924,0.98263097,0.9855765,0.9826839,0.9793588,0.9769013,0.98293525,0.9814544,0.9747361,0.9822652,0.98040295,0.9809436,0.9826746,0.9785687,0.97801155,0.9832879,0.97376746,0.9864217,0.98282635,0.97345585,0.9835721,0.9800266,0.98345363,0.9855071,0.9735793,0.9862699,0.97580606,0.9866545,0.9853773,0.9808784,0.9901162,0.9727132,0.9848578,0.9792902,0.98456,0.98669255,0.9794787,0.97545034,0.98702896,0.9887854,0.97749627,0.9841021,0.98693246,0.97671473,0.9847168,0.98385596
pressure,0.98814327,0.9863874,0.9835027,0.98488814,0.98020196,0.98735744,0.96708596,0.96394235,0.9741271,0.9790225,0.9827381,1.0,0.9752166,0.9814776,0.9851367,0.98552644,0.9843789,0.9875719,0.9810858,0.98660845,0.9808569,0.9751034,0.98264223,0.9806099,0.986645,0.98759097,0.9793885,0.9845587,0.9847105,0.98001975,0.98637736,0.9750568,0.98301166,0.96242934,0.98528177,0.98818475,0.9871064,0.980319,0.9833559,0.9748584,0.9856532,0.9857752,0.9845231,0.9833023,0.98715955,0.97488624,0.97771776,0.9837345,0.98576415,0.9745453,0.9812235,0.9836597,0.96796626,0.96550685,0.9825764,0.9827101,0.9593222,0.9863041,0.9694328,0.9851993,0.98751795,0.98128366,0.9874302,0.9845199,0.98374444,0.98889804,0.9819071,0.98774445,0.97652656,0.9792633,0.9761985,0.98734206,0.96963894,0.9844987,0.9863204,0.98152155,0.9838472,0.9855065,0.985791,0.9848821,0.96116287,0.986736,0.9859065,0.97872365,0.98911655,0.9867862,0.9854596,0.98415565,0.98528314,0.98749137,0.9858275,0.9834871,0.9871054,0.97260207,0.98448,0.9866549,0.9816735,0.9846732,0.98151964,0.9873802,0.9786487,0.991487,0.9821254,0.98055375,0.97568214,0.97641903,0.9824074,0.9732527,0.9763479,0.9878195,0.9878392,0.97207755,0.978656,0.9765789,0.98100775,0.9866373,0.95402664,0.66673,0.97912055,0.989871,0.9855782,0.9918583,0.9887001,0.98698574,0.97049564,0.9769666,0.98728824,0.9830112,0.980335,0.9826006,0.9805672,0.98659426,0.977249,0.9886876,0.9788155,0.9782994,0.98279667,0.9901255,0.98611796,0.98901236,0.9843338,0.98127663,0.9819806,0.98533994,0.9793396,0.98523813,0.98194194,0.98527145,0.98027325,0.9866434,0.985675,0.98617595,0.98710066,0.9801797,0.9752447,0.97896487,0.9826882,0.9827457,0.988193,0.9906141,0.9872747,0.9710928,0.9847524,0.9776015,0.98389465,0.9785255,0.9734291,0.98273534,0.9861883,0.9801345,0.9739792,0.9840981,0.98604053,0.983173,0.9747579,0.98738295,0.9875842,0.98801756,0.9856076,0.98500437,0.97897106,0.98391926,0.9689316,0.98052514,0.9863808,0.9804097,0.98060215,0.9882586,0.9708091,0.9859814,0.9878765,0.99108696,0.9785684,0.98162884,0.9886114,0.98138034,0.9830858,0.9885629,0.9854436,0.9520807,0.9865667,0.98920494,0.98161334,0.99004,0.884174,0.9826871,0.9881836,0.9850279,0.99083537,0.98434967,0.9778679,0.98333436,0.9880674,0.9808137,0.9899838,0.98216635,0.9822221,0.97930735,0.9775401,0.9852765,0.98324066,0.9834285,0.98410165,0.9847544,0.9870288,0.9817135,0.9842895,0.98567086,0.9895719,0.98241156,0.9794029,0.9843868,0.9856923,0.97642374,0.9831765,0.9871626,0.98104644,0.98603755,0.97864777,0.9795083,0.98028654,0.97747624,0.9820259,0.9895621,0.9810746,0.98328096,0.9800333,0.98688585,0.9876025,0.97191155,0.9873772,0.9857038,0.9846824,0.99064296,0.98769236,0.9847537,0.97190243,0.98394537,0.98389494,0.986892,0.9794983,0.9814553,0.98750734,0.98908556,0.9868825,0.98344916,0.9814403,0.9859858,0.9816542,0.98595744,0.986892
thread,0.9777896,0.9714645,0.97559,0.9749387,0.9740228,0.97215927,0.95241773,0.9556209,0.96400976,0.9718145,0.969118,0.9752166,1.0000002,0.96921575,0.9743679,0.975058,0.97470933,0.9789657,0.9663965,0.9784666,0.9708979,0.96825683,0.9659941,0.9729703,0.97152513,0.9752262,0.97015405,0.973449,0.97392625,0.97143805,0.97527474,0.9645824,0.974508,0.9469953,0.97542334,0.9756399,0.97499865,0.9707239,0.9734984,0.9664737,0.97668105,0.97451687,0.9738845,0.97855437,0.977135,0.9628332,0.96543795,0.97530335,0.9745806,0.9649118,0.9707597,0.97867894,0.95643497,0.9580509,0.971686,0.97347,0.95387286,0.97789186,0.9554096,0.97296107,0.9765975,0.96583885,0.9760586,0.9722609,0.9707926,0.9775774,0.9704595,0.9746456,0.96911573,0.9731084,0.96965283,0.9704604,0.9573541,0.9722622,0.97156847,0.9713188,0.9752299,0.97205895,0.97451,0.97572654,0.95374304,0.9748969,0.97701055,0.97160786,0.97552896,0.9750075,0.97486943,0.97382146,0.97451186,0.9744807,0.97708565,0.97416395,0.97425044,0.9630769,0.9747368,0.97313255,0.96804774,0.9721625,0.96770734,0.97614425,0.9720692,0.9751733,0.97285634,0.9748233,0.96384275,0.9699467,0.9705287,0.9649785,0.96673554,0.97344196,0.97354364,0.96406823,0.9682048,0.9677525,0.97161007,0.9761099,0.94174606,0.66775995,0.9672616,0.97676253,0.97291905,0.97465575,0.9751945,0.9746356,0.9570493,0.9689923,0.9717343,0.97207874,0.97285783,0.9739464,0.9720366,0.9734572,0.9694874,0.97461253,0.966118,0.96715343,0.9694518,0.97446346,0.9733074,0.98142403,0.9702983,0.9720808,0.97291744,0.9718058,0.96638614,0.9733292,0.9711235,0.977062,0.9673662,0.9751229,0.97539276,0.9738555,0.9783687,0.96762997,0.968367,0.9681777,0.9674008,0.9668854,0.98022765,0.9716517,0.97068256,0.96266043,0.9725755,0.9679221,0.970341,0.9682143,0.9644768,0.97413653,0.9711405,0.97464746,0.9589095,0.97699606,0.9721961,0.9706636,0.96489716,0.97453535,0.97227454,0.97613823,0.9747362,0.97304887,0.9722948,0.9772991,0.9623241,0.9701438,0.9740322,0.96640515,0.97216403,0.9766453,0.9585328,0.9740125,0.9749167,0.9783204,0.9724556,0.965116,0.9703953,0.97499204,0.9753133,0.97856534,0.97172266,0.95695806,0.97243416,0.9779045,0.96960384,0.9753366,0.87062013,0.97134733,0.97333723,0.97164977,0.9791187,0.9709309,0.9688151,0.97324324,0.9784898,0.97062105,0.97566545,0.9729859,0.9729192,0.96963745,0.9660352,0.9753366,0.9737687,0.9752749,0.9745485,0.97281337,0.97083485,0.97272253,0.97767174,0.9774519,0.98283505,0.9697094,0.9671667,0.97605854,0.9674436,0.96894807,0.97161067,0.9733706,0.97069657,0.9749177,0.9682834,0.96899825,0.97051483,0.97018415,0.97083735,0.97923076,0.9729744,0.9721987,0.97048205,0.976751,0.978915,0.9599138,0.97701657,0.97149044,0.97194666,0.9835357,0.9799954,0.9697609,0.9588596,0.97202903,0.96898973,0.9738915,0.967035,0.9723932,0.96866536,0.9784312,0.9804871,0.97235245,0.9664244,0.97236705,0.97400343,0.97388965,0.9743037
scramble,0.9863554,0.97755104,0.9801465,0.97704506,0.9771452,0.97442704,0.96231884,0.95717734,0.96771556,0.9817364,0.97467595,0.9814776,0.96921575,0.9999999,0.9772119,0.97783303,0.9793738,0.9793278,0.97433674,0.9812594,0.9760179,0.9722083,0.9725312,0.97987044,0.9738023,0.9817599,0.9754544,0.98281306,0.9774259,0.9748387,0.9802005,0.97312903,0.9778522,0.95551383,0.9819067,0.9826726,0.983028,0.97233033,0.97650695,0.968207,0.9808115,0.9777757,0.97457033,0.98262066,0.9824724,0.96672004,0.9721688,0.97379607,0.9761897,0.9682451,0.97186553,0.979196,0.95919734,0.95631826,0.980788,0.97607124,0.95446295,0.9803841,0.96414256,0.97882557,0.9829751,0.97328705,0.97968566,0.979173,0.9771993,0.9812111,0.977728,0.9787695,0.97352993,0.9752237,0.9715047,0.9767249,0.9675299,0.9814143,0.9786362,0.9767532,0.97955036,0.9807755,0.9786492,0.98114324,0.9599716,0.98058903,0.9809569,0.9745657,0.9804772,0.9822589,0.982338,0.9807565,0.9801003,0.9813374,0.9781457,0.9762365,0.9803135,0.9663127,0.98427445,0.9772114,0.9750577,0.97822773,0.9762263,0.9839265,0.9767514,0.98126155,0.9750745,0.9763615,0.9698841,0.97148585,0.9790753,0.9620598,0.9721428,0.98028135,0.9817493,0.9667819,0.9710636,0.975207,0.9793948,0.9806339,0.94809574,0.6757108,0.9736608,0.9843193,0.98275226,0.9812725,0.98358727,0.98368335,0.96644455,0.97278863,0.97774965,0.9795815,0.97810173,0.9837255,0.976212,0.9825504,0.9705397,0.9830921,0.971675,0.97432256,0.97530246,0.9815722,0.9798505,0.98585194,0.9777761,0.979352,0.97547215,0.9786479,0.9727194,0.98220927,0.979229,0.9780761,0.9726007,0.98033947,0.98086977,0.97708046,0.9822407,0.97439253,0.96798205,0.9727111,0.9839344,0.9790471,0.9850816,0.9759897,0.97751313,0.965726,0.98055416,0.9700452,0.97753096,0.9746118,0.97036284,0.97665095,0.9795865,0.97301817,0.9660438,0.9778803,0.9743965,0.9796111,0.96849287,0.9828047,0.98013043,0.9828056,0.98009974,0.9793326,0.9712425,0.9792358,0.96360177,0.97622585,0.98152375,0.9733694,0.97386634,0.9811737,0.9691515,0.9804298,0.9825324,0.9871941,0.97402495,0.9726488,0.97894955,0.9756697,0.9805299,0.9845466,0.9774168,0.94735897,0.9755839,0.98116523,0.98364156,0.9789155,0.8719585,0.97741646,0.9778825,0.983666,0.9838042,0.9765603,0.97311544,0.97911936,0.98535514,0.9729775,0.97992057,0.976773,0.97599095,0.9758966,0.97064704,0.97750974,0.9761049,0.9789629,0.98125774,0.9775901,0.97757185,0.9762721,0.9815931,0.9863386,0.98586965,0.97626907,0.9718349,0.9783974,0.9755851,0.97178584,0.97709167,0.9764511,0.97567034,0.98259985,0.9736819,0.97191876,0.975756,0.97160006,0.9792534,0.9846697,0.9817222,0.9809162,0.9745434,0.9871529,0.98103225,0.96693236,0.9833141,0.9756343,0.9807005,0.9857899,0.98299104,0.978663,0.9653407,0.9786593,0.97403336,0.9812244,0.97594553,0.97371656,0.97938854,0.9844074,0.97926784,0.98127705,0.9767241,0.9781164,0.97577935,0.9804061,0.98233014
knead,0.98498595,0.98572236,0.9822707,0.98808044,0.9779058,0.98991454,0.96484095,0.9617852,0.9713515,0.9817707,0.97864497,0.9851367,0.9743679,0.9772119,1.0000005,0.9828734,0.9790664,0.9876794,0.9752058,0.9838572,0.97223693,0.9750194,0.9746476,0.979019,0.980189,0.98329735,0.9809538,0.98185486,0.9905297,0.98108214,0.98678935,0.97697926,0.97990364,0.95576143,0.98152477,0.9832211,0.9848219,0.9764067,0.98061293,0.97289926,0.98683685,0.9814704,0.9818351,0.98041993,0.9862572,0.97721606,0.9791849,0.9836513,0.9800456,0.97418976,0.97497904,0.9785935,0.9653565,0.96639836,0.97919124,0.9788581,0.956055,0.9837348,0.9695487,0.9828487,0.9817788,0.98010623,0.98724145,0.9800228,0.9809416,0.9869989,0.9802687,0.9857745,0.97254205,0.97984093,0.9799351,0.98271257,0.9695994,0.98203623,0.98324484,0.9808985,0.98454916,0.9824845,0.9835106,0.9852283,0.95934796,0.98616123,0.98261964,0.97781014,0.9896304,0.98567474,0.98062027,0.9847685,0.98180705,0.9834547,0.98399687,0.9790529,0.9866808,0.9707278,0.9840198,0.982987,0.9821753,0.98300576,0.98024416,0.98484427,0.9766107,0.98748696,0.9821516,0.97790647,0.9715821,0.9764123,0.9818404,0.9740018,0.9770645,0.9863505,0.9870119,0.9704301,0.9794914,0.9748353,0.98155224,0.9855521,0.9563467,0.6548349,0.97996444,0.9860637,0.98360974,0.9859979,0.98200566,0.9830031,0.96902514,0.97573686,0.9857389,0.9807278,0.9822863,0.98448247,0.97828907,0.9840336,0.97740495,0.98352534,0.97873634,0.97741127,0.9817025,0.98453265,0.9835476,0.9836965,0.97902125,0.9807167,0.9777439,0.98537517,0.9722839,0.98564935,0.982095,0.98377645,0.9741308,0.982444,0.98493814,0.9834725,0.9843023,0.97763115,0.96878076,0.9786272,0.9813451,0.97856647,0.9853541,0.98706144,0.98610294,0.96855825,0.98533684,0.98084134,0.98318183,0.9821224,0.9727418,0.98074603,0.98585904,0.9828919,0.97065103,0.97888815,0.9865429,0.9833629,0.9713544,0.9880196,0.9834269,0.98545134,0.983725,0.98229986,0.973896,0.9830357,0.9696521,0.9775751,0.9844634,0.9784831,0.9783941,0.98397094,0.97070175,0.98381674,0.98829806,0.9846188,0.97713673,0.9782461,0.9839236,0.9794487,0.97809076,0.9848052,0.98389983,0.95103014,0.98441535,0.98432857,0.9790114,0.9909324,0.8779812,0.9800997,0.98734736,0.9839425,0.9881286,0.98014706,0.9762511,0.97854596,0.984422,0.97751725,0.98609275,0.9849952,0.9804734,0.978057,0.97505933,0.9844455,0.9806111,0.984614,0.9804406,0.98280746,0.98535866,0.978472,0.98386765,0.98481995,0.98521227,0.9796765,0.9788371,0.9827801,0.9854544,0.9731511,0.9822438,0.98200715,0.9784996,0.98330986,0.98114324,0.97437775,0.9812192,0.97332275,0.9806685,0.98579955,0.9775312,0.98841816,0.9786011,0.9879006,0.9845486,0.96989775,0.9861701,0.9788367,0.98248404,0.98722625,0.9838033,0.9830367,0.96985584,0.98283297,0.97795284,0.9852791,0.9781227,0.9800268,0.97744876,0.9855088,0.9841064,0.9852243,0.98016626,0.9845597,0.977381,0.9883928,0.98441344
steep,0.9860617,0.9828095,0.988124,0.98211163,0.9791507,0.9833933,0.969865,0.96451235,0.9725995,0.97491133,0.9806075,0.98552644,0.975058,0.97783303,0.9828734,1.0000001,0.98739296,0.9850119,0.979263,0.9946585,0.97943646,0.97401255,0.9741467,0.9794442,0.9828599,0.98395026,0.9828171,0.98389286,0.9845644,0.9830485,0.9886642,0.977339,0.97941774,0.9573943,0.98165643,0.9862144,0.9855775,0.9782933,0.9817403,0.97959614,0.9839748,0.98676157,0.98320436,0.9846316,0.9907051,0.9708222,0.9777734,0.9797322,0.9823272,0.97100866,0.98017186,0.97827846,0.96708304,0.9606469,0.98006624,0.9767997,0.9671952,0.9886156,0.96643746,0.98459727,0.98328865,0.9792878,0.9860159,0.98290086,0.9849058,0.9850463,0.9821747,0.98485553,0.9754402,0.9789599,0.9763946,0.98312217,0.9707172,0.9833144,0.98488426,0.98028326,0.9829677,0.9864084,0.982324,0.98352104,0.95995307,0.98800194,0.9891919,0.9757979,0.9856301,0.9897245,0.98341715,0.9827504,0.989676,0.9864049,0.986433,0.98911387,0.9849706,0.9683897,0.98096657,0.98288566,0.98085093,0.9891319,0.9894664,0.99033153,0.9814603,0.9896934,0.9787958,0.97820795,0.97321266,0.9758565,0.9857889,0.9703891,0.9750199,0.9832424,0.9846126,0.970334,0.9740422,0.97913224,0.9801454,0.98854923,0.9566919,0.6502235,0.97866875,0.98687214,0.9833838,0.98508024,0.9853743,0.9858958,0.9677729,0.97542846,0.98439074,0.9862197,0.9809845,0.98196965,0.983362,0.98649496,0.9750127,0.986343,0.97985834,0.97962403,0.9805416,0.9867169,0.98249257,0.9890269,0.98447406,0.98215425,0.97998416,0.98495615,0.9733559,0.9897299,0.9788959,0.98497236,0.9779324,0.9874933,0.9833479,0.9837568,0.98877215,0.9795856,0.97024906,0.97815,0.97980833,0.9782552,0.9866949,0.984225,0.9841002,0.965577,0.98296475,0.9750457,0.98351,0.9785095,0.9743138,0.981039,0.9839086,0.9762242,0.9682107,0.9790211,0.98206604,0.98104256,0.9743231,0.9856775,0.9879575,0.98934263,0.9844242,0.9818604,0.97874624,0.986811,0.97235674,0.9776527,0.9838176,0.9772508,0.9806058,0.98646796,0.97495365,0.9857725,0.9843977,0.9856952,0.97772956,0.9788606,0.9836713,0.9844611,0.9830699,0.9861186,0.9834052,0.95693994,0.98327714,0.98520106,0.9769557,0.986107,0.8793129,0.9779928,0.9851485,0.9816825,0.9918626,0.9824768,0.9766842,0.98029035,0.98897624,0.97750497,0.9888324,0.98202693,0.97996134,0.974906,0.97254163,0.98325896,0.9811934,0.9842898,0.9783636,0.9812742,0.9844059,0.98101133,0.9893953,0.9859723,0.9879727,0.9856872,0.9849065,0.983438,0.97984856,0.97370076,0.9798747,0.98430854,0.9782439,0.9895751,0.9769095,0.9752426,0.9814991,0.9770403,0.9783743,0.98833776,0.9753865,0.98054326,0.9784264,0.9836413,0.9850403,0.97524273,0.98481756,0.98174477,0.9837578,0.98824096,0.9851814,0.9827091,0.9746601,0.98706585,0.98032534,0.98811316,0.97886837,0.9820067,0.97948194,0.9856242,0.9852848,0.97889656,0.9797868,0.98438543,0.97557366,0.9855359,0.9848455
absorbed,0.9838681,0.98063296,0.98701084,0.9780725,0.9798323,0.97977227,0.96774787,0.96456003,0.97639537,0.9758815,0.9827863,0.9843789,0.97470933,0.9793738,0.9790664,0.98739296,0.99999994,0.9826167,0.9805382,0.98704284,0.9824252,0.9747017,0.9727666,0.9824617,0.9838477,0.98355323,0.9858466,0.9817485,0.9816055,0.9793672,0.98813146,0.9809115,0.97888815,0.9697152,0.98394215,0.985732,0.98533875,0.9823157,0.98192364,0.97749865,0.9846176,0.98631084,0.9829646,0.9892234,0.9892607,0.9726732,0.9780067,0.9780998,0.981791,0.9734518,0.9821805,0.97611713,0.96776706,0.9643506,0.9780204,0.9796246,0.95847374,0.98771745,0.97221607,0.98710966,0.98469305,0.9810745,0.98711723,0.9838435,0.9861156,0.98507386,0.9819989,0.9831697,0.97359586,0.9790549,0.977368,0.9838185,0.9711711,0.9874137,0.98464036,0.9758671,0.98151624,0.9855584,0.9797638,0.9855595,0.96165764,0.98860073,0.9904283,0.9757563,0.9835898,0.9880919,0.9847478,0.9858996,0.9913532,0.9871883,0.98240364,0.9892438,0.9847912,0.96976477,0.9801157,0.9826952,0.9795881,0.9837978,0.9839561,0.9925147,0.9804983,0.986426,0.98163897,0.9802386,0.97217506,0.9760962,0.9871465,0.97352946,0.97601074,0.9820486,0.9839223,0.9711129,0.9794829,0.97268724,0.9797159,0.98708427,0.95883816,0.66502786,0.9798017,0.9854863,0.98367673,0.98575824,0.9840752,0.98751074,0.96572983,0.9772127,0.98406804,0.98260564,0.97811633,0.9822721,0.9782883,0.9859677,0.9751415,0.9882199,0.97912717,0.9786503,0.98271024,0.9856264,0.982548,0.99106544,0.98657644,0.9776441,0.9819506,0.9835964,0.97660476,0.9878104,0.9806836,0.9852583,0.98168737,0.9877253,0.9837441,0.98246545,0.98984116,0.9811698,0.96927506,0.97799784,0.9769242,0.97877544,0.98662555,0.9833126,0.98172176,0.9657681,0.9809959,0.9771402,0.98419255,0.9763684,0.97402954,0.9828191,0.9856252,0.97994685,0.9705428,0.98140436,0.97957546,0.98260117,0.9726459,0.9864977,0.9900512,0.98950136,0.98499024,0.98832184,0.98190284,0.9887722,0.96898675,0.9833491,0.98566586,0.9800982,0.9803443,0.98835796,0.9782896,0.98376495,0.9849004,0.98659426,0.9828198,0.9830754,0.98575723,0.9851117,0.987603,0.98598075,0.9807644,0.9542114,0.98244333,0.984763,0.97834194,0.9824699,0.8712216,0.98436177,0.98355925,0.9797119,0.98844,0.9840669,0.97498536,0.98485136,0.9903638,0.9799269,0.98621887,0.98158115,0.9781176,0.97931165,0.97387534,0.98087585,0.98389953,0.98289716,0.98089755,0.9812596,0.9818479,0.98259896,0.98739636,0.98661155,0.9874126,0.9789971,0.9793154,0.98546886,0.9787377,0.97799355,0.98413396,0.98200244,0.984,0.98992294,0.9758647,0.9768111,0.97874963,0.97699815,0.977963,0.9880786,0.97602654,0.9806834,0.9784236,0.98314595,0.9855734,0.9719272,0.98545283,0.98181754,0.9831397,0.9875266,0.98433584,0.9793446,0.9734424,0.98673725,0.9819551,0.9890449,0.9765418,0.9819618,0.98213637,0.98704904,0.9865042,0.9784321,0.9785125,0.98333347,0.97538525,0.9832011,0.9871969
rise,0.98779976,0.98959655,0.9843176,0.9888819,0.9813303,0.98807746,0.9680465,0.96264553,0.9709232,0.9796615,0.97922707,0.9875719,0.9789657,0.9793278,0.9876794,0.9850119,0.9826167,0.99999994,0.9768343,0.98710036,0.9763937,0.97235334,0.9776172,0.9794697,0.9841458,0.9849103,0.98089683,0.9822369,0.9845105,0.97918445,0.9873298,0.97646284,0.9801134,0.957521,0.9831165,0.9849148,0.98675275,0.9754522,0.98056084,0.97399855,0.9875409,0.9830203,0.98218054,0.9866324,0.9879406,0.97193146,0.9810198,0.9938268,0.9847613,0.9719986,0.9771526,0.98204607,0.966656,0.968982,0.9810148,0.98162895,0.96066386,0.98603857,0.96954304,0.9834571,0.98445505,0.97926044,0.98786426,0.9821432,0.98078465,0.98877805,0.9851773,0.9870975,0.97570795,0.97952205,0.97538334,0.9869526,0.9726985,0.98088384,0.9853202,0.97985667,0.98408926,0.9854406,0.98526686,0.9853876,0.9585291,0.98676455,0.98735607,0.9779438,0.9932549,0.98741007,0.98429024,0.9823405,0.984324,0.9844963,0.98573124,0.984241,0.9888638,0.9727988,0.9817372,0.98704666,0.9805662,0.98199886,0.98059887,0.98628926,0.9787128,0.98756,0.981058,0.98383653,0.9743854,0.9767957,0.9823047,0.9721319,0.9790962,0.9850424,0.9920913,0.9725841,0.97900015,0.9761692,0.9801263,0.98814905,0.95802754,0.66385394,0.98187655,0.9863809,0.9834109,0.9859993,0.9850638,0.9861329,0.9653497,0.97765774,0.9859604,0.9824016,0.9830004,0.98362696,0.98226184,0.98569405,0.9760083,0.98667026,0.97986746,0.9790564,0.98294324,0.9841205,0.9822255,0.9886403,0.97998816,0.97946525,0.9804003,0.98316073,0.9742431,0.9879042,0.9819137,0.9857054,0.9768234,0.98576534,0.9872168,0.98710424,0.98637646,0.97769976,0.9682505,0.97882503,0.9817562,0.97772926,0.98885435,0.9864216,0.9821722,0.96771914,0.9884374,0.97536576,0.98307914,0.9805875,0.9719006,0.98247075,0.98571354,0.9789658,0.97181416,0.9802431,0.985733,0.9825513,0.97271276,0.9872355,0.9855129,0.9876524,0.9835435,0.98254246,0.9792537,0.98686886,0.9695285,0.9784493,0.9863246,0.9793641,0.98018587,0.9852905,0.9743178,0.98442614,0.98607224,0.9881412,0.97899467,0.9786567,0.9848497,0.9826294,0.9847164,0.98779655,0.9839808,0.95572627,0.9859744,0.9841136,0.97877944,0.98967147,0.8767539,0.9819972,0.9882663,0.98629683,0.99107206,0.9805199,0.97763,0.97847646,0.98879397,0.9761597,0.98792994,0.9838984,0.9818764,0.9793437,0.9733667,0.9887624,0.9818352,0.98467726,0.9800308,0.98345053,0.9859544,0.9800655,0.98463315,0.9874523,0.9896717,0.9803013,0.9780492,0.98404694,0.98125803,0.97372645,0.98236144,0.9840566,0.9795516,0.98562163,0.97909075,0.9734597,0.981327,0.9764277,0.97942364,0.9880338,0.9785762,0.98226905,0.9816916,0.98590875,0.98579854,0.96820134,0.98682964,0.9837162,0.9827346,0.98920035,0.98681414,0.9821214,0.97107846,0.9843385,0.98192245,0.9856765,0.97661096,0.981272,0.9816061,0.987896,0.9863815,0.9801307,0.9801567,0.98690075,0.9767607,0.9873178,0.98432684
smoking,0.9838692,0.9756786,0.9774151,0.9741989,0.97503346,0.9750548,0.96027356,0.96057343,0.97517776,0.970386,0.98183936,0.9810858,0.9663965,0.97433674,0.9752058,0.979263,0.9805382,0.9768343,0.99999994,0.9813627,0.97583795,0.96950316,0.9783386,0.9777155,0.98324597,0.9820073,0.9718869,0.97777665,0.97752196,0.976246,0.97829485,0.966432,0.9820745,0.9738955,0.98275286,0.98596466,0.98144346,0.97812736,0.9832012,0.9690572,0.97988343,0.978594,0.9769443,0.9779529,0.9844306,0.96840876,0.9768887,0.9722505,0.9787187,0.97157186,0.98137885,0.97514987,0.96311164,0.95948505,0.977811,0.9773342,0.9581938,0.98154616,0.9698345,0.9860706,0.9847514,0.97584504,0.97921556,0.9772146,0.9867213,0.97838736,0.97689664,0.98053473,0.9770514,0.97679234,0.97212255,0.9800738,0.9689242,0.98130685,0.9774413,0.97728676,0.98044354,0.9783305,0.97956055,0.9785717,0.9564185,0.98130137,0.9793665,0.9760808,0.9781265,0.9792119,0.97868913,0.9836969,0.97887176,0.9803006,0.9783965,0.9752794,0.97993153,0.96611184,0.9783157,0.9775995,0.9752181,0.9806795,0.9773664,0.97737944,0.97826123,0.9813088,0.9735814,0.9721453,0.9689193,0.97181386,0.97713125,0.97108406,0.9730979,0.9815589,0.97868145,0.9648999,0.9739541,0.9703678,0.978593,0.978691,0.94851094,0.6583361,0.9760499,0.9827838,0.98441464,0.98348707,0.98207736,0.9810802,0.96296066,0.970385,0.97640026,0.981253,0.97777,0.9785154,0.9754554,0.98310715,0.9716021,0.9830498,0.97373164,0.9726649,0.9806473,0.9806495,0.98199683,0.98141015,0.9803926,0.97851187,0.9746887,0.983877,0.98048824,0.97859085,0.97867155,0.98000354,0.976945,0.9825939,0.9817129,0.9764054,0.9811074,0.9805694,0.9643802,0.97332585,0.97172195,0.9764436,0.98440355,0.9804081,0.9754503,0.9628545,0.9771706,0.9747327,0.97999614,0.9732997,0.96879905,0.97788537,0.97561437,0.97494537,0.9653565,0.98258066,0.9764325,0.9765553,0.96558553,0.9802419,0.98204136,0.98116255,0.98193264,0.9836924,0.9755978,0.9825488,0.9672959,0.97443616,0.98134184,0.98166716,0.9746132,0.9854829,0.9667353,0.9817189,0.983388,0.98163617,0.974327,0.9787121,0.9818449,0.9792362,0.9827925,0.98424405,0.97581905,0.9385823,0.9746361,0.9815024,0.9730379,0.9773064,0.8684586,0.98450893,0.97976565,0.9756687,0.9814759,0.9840223,0.9734111,0.9839152,0.9808378,0.9804303,0.9812664,0.9809192,0.9781082,0.97475183,0.9714226,0.9764717,0.97861284,0.9788586,0.9745403,0.97965527,0.9804212,0.97830695,0.9790321,0.9824674,0.9853306,0.97761804,0.97477186,0.97888744,0.97783333,0.9710457,0.9781626,0.978709,0.98062736,0.97974944,0.9720158,0.9777447,0.9780157,0.9765016,0.9764725,0.9817964,0.97234356,0.9796319,0.97341466,0.980914,0.9818715,0.97208303,0.9860325,0.9752733,0.98127437,0.9861774,0.9825129,0.9769564,0.9700357,0.97761977,0.9766735,0.9823834,0.9763266,0.9765976,0.975001,0.98532295,0.98215073,0.9756211,0.97727805,0.98272294,0.97137874,0.9806769,0.9821507
marinate,0.9881883,0.9834715,0.98747593,0.9829968,0.98331636,0.98289794,0.963481,0.96542525,0.9717043,0.97690815,0.97984874,0.98660845,0.9784666,0.9812594,0.9838572,0.9946585,0.98704284,0.98710036,0.9813627,0.9999998,0.98528445,0.9763905,0.9805295,0.98428303,0.9840039,0.988063,0.9828145,0.9848496,0.98569226,0.9846607,0.98757744,0.9767556,0.9834492,0.96121585,0.98831815,0.98855186,0.98631483,0.9785856,0.983894,0.9795712,0.9852313,0.9884311,0.98124516,0.9876523,0.99146867,0.96928877,0.97789335,0.9821742,0.9871718,0.9749955,0.9812187,0.9834204,0.9688424,0.9634103,0.9826419,0.97876096,0.9693972,0.98895085,0.96794415,0.98477364,0.9874772,0.9794784,0.98593783,0.9827073,0.9883967,0.98544365,0.982417,0.98504037,0.97703177,0.9836252,0.9794126,0.9831176,0.9709148,0.9845212,0.9846018,0.98189324,0.98486173,0.9865112,0.9847077,0.98451114,0.96265227,0.9874902,0.98919946,0.9799659,0.98643845,0.9884624,0.9859608,0.98587257,0.9898377,0.98754305,0.9842099,0.98807263,0.98725134,0.96953803,0.98216265,0.9838153,0.97893006,0.99114865,0.9901503,0.98998153,0.9870606,0.98765504,0.98084193,0.98087025,0.97602785,0.9765205,0.98426175,0.97078836,0.9760744,0.98260283,0.98587596,0.974309,0.97678053,0.9820926,0.9815475,0.98795927,0.9550646,0.6610409,0.97853357,0.99032444,0.9854611,0.9852911,0.98939216,0.9866066,0.9664416,0.97584325,0.98450035,0.9892591,0.98316026,0.9839098,0.9831983,0.98646116,0.9773309,0.9862209,0.9794803,0.98164654,0.9812555,0.9867364,0.9841193,0.9917165,0.98656195,0.98316205,0.98003775,0.9866753,0.97748345,0.9891947,0.982665,0.9866927,0.9791737,0.9891908,0.9842033,0.98377204,0.99021405,0.979805,0.969573,0.97678524,0.9797762,0.9797781,0.9900053,0.9836571,0.98352677,0.96517426,0.9833706,0.9757607,0.98289806,0.977943,0.97762036,0.9846524,0.9843899,0.9783458,0.96648186,0.98278755,0.9826094,0.98192084,0.9732558,0.98595357,0.9867554,0.988595,0.9867252,0.983981,0.9788039,0.9880431,0.9736066,0.9792089,0.9876446,0.97864753,0.9819669,0.98774207,0.97424793,0.9849277,0.9867685,0.9890036,0.9809783,0.9793858,0.98369956,0.9854816,0.98846364,0.9907535,0.9828928,0.9583781,0.98267245,0.9860527,0.97876483,0.98589444,0.88519096,0.9812108,0.9856935,0.9824712,0.99202824,0.9832058,0.9799562,0.9847974,0.9914841,0.97893006,0.9882859,0.9817873,0.9834852,0.97676146,0.9739117,0.98468065,0.98250234,0.98471785,0.979496,0.9811992,0.9839615,0.98513603,0.9893165,0.9868824,0.9909776,0.9863556,0.98552006,0.98380697,0.9805189,0.9764084,0.9823279,0.9838647,0.9813032,0.9894923,0.9770926,0.9764761,0.9816666,0.9817535,0.9787341,0.99069667,0.97849095,0.98214674,0.97846174,0.9856602,0.98767143,0.97648543,0.9872766,0.98383373,0.9842414,0.991295,0.98971826,0.9817663,0.9708221,0.9857948,0.9813541,0.98795587,0.97765213,0.98193336,0.979963,0.9883633,0.98717636,0.9795836,0.97911286,0.98470753,0.9770665,0.9843001,0.9884109
frost,0.9793338,0.97542757,0.979413,0.9728976,0.97842956,0.9720671,0.95522594,0.9572813,0.963347,0.97072667,0.97513086,0.9808569,0.9708979,0.9760179,0.97223693,0.97943646,0.9824252,0.9763937,0.97583795,0.98528445,0.9999999,0.9712931,0.9670447,0.9794324,0.9782315,0.9860584,0.97729874,0.9771074,0.97714525,0.97367674,0.98000026,0.97263175,0.97204,0.9582254,0.9839522,0.98043334,0.98179716,0.97732395,0.97616464,0.96909267,0.9797464,0.9830812,0.97422135,0.98056394,0.98236096,0.9631417,0.9725037,0.9717903,0.9763502,0.9648866,0.9751509,0.9763373,0.9615667,0.95794666,0.9751019,0.97259396,0.9575843,0.9798222,0.9601794,0.98044777,0.9827532,0.97120845,0.9802795,0.9767627,0.9782337,0.9792103,0.9776001,0.9800236,0.97719747,0.97853994,0.9704046,0.9770172,0.9613581,0.98220223,0.9780823,0.9707778,0.9783649,0.9802806,0.9748496,0.97995234,0.95808965,0.9799998,0.9809976,0.97473073,0.97629416,0.98008466,0.9816229,0.982957,0.986078,0.982629,0.9738293,0.9799095,0.9801201,0.9659051,0.9748063,0.97725695,0.968688,0.98231065,0.97521186,0.9814524,0.98398143,0.98189056,0.9750289,0.9718478,0.9719608,0.9694626,0.9763262,0.973406,0.9669666,0.9757647,0.9776141,0.9669525,0.9735459,0.96922463,0.9729835,0.98,0.9580367,0.6807367,0.97320443,0.9828472,0.9797485,0.98026973,0.9839243,0.98202676,0.9580961,0.97220033,0.9770653,0.98073345,0.97335464,0.9737863,0.9742186,0.9800919,0.9680808,0.98196113,0.97174424,0.97668576,0.9756351,0.98160505,0.98317456,0.98324126,0.9848884,0.9739724,0.9733413,0.9792875,0.97135484,0.97957194,0.97782,0.98133683,0.9726088,0.9784041,0.97938013,0.97494,0.9876181,0.9743649,0.9691189,0.9706864,0.9716848,0.97665495,0.98002636,0.9770232,0.97586805,0.96121174,0.9750807,0.9704088,0.97576493,0.9711018,0.97899336,0.98280823,0.9788622,0.9741904,0.9636272,0.9746313,0.9754458,0.97689503,0.96959156,0.9808342,0.98064846,0.98182607,0.98598987,0.9817658,0.9712378,0.98117346,0.95952904,0.9768971,0.9829812,0.972327,0.97943795,0.9838519,0.96859974,0.97782075,0.9844855,0.9838748,0.97687864,0.9753458,0.9794031,0.9769294,0.9857542,0.98319083,0.97537875,0.94464904,0.9733415,0.985148,0.97348005,0.9774937,0.8733317,0.97675264,0.9768653,0.97314775,0.98444813,0.9771985,0.97042906,0.98732394,0.9817156,0.971797,0.98390615,0.975764,0.9719263,0.97513145,0.97313887,0.9765456,0.97589934,0.97576475,0.9763164,0.97280735,0.9767007,0.9869696,0.9805738,0.9799102,0.9831955,0.9762917,0.97483796,0.9785644,0.973143,0.9725985,0.9776322,0.9812835,0.9777602,0.9850117,0.9709361,0.97024995,0.9736657,0.9708032,0.9729346,0.9813599,0.971703,0.9760889,0.97165275,0.979377,0.9845223,0.9652147,0.9801786,0.9760966,0.9777025,0.9856001,0.9790939,0.9738776,0.96325064,0.977285,0.9750292,0.98087776,0.9703734,0.9780903,0.97901785,0.98638266,0.98075366,0.97348386,0.9721581,0.9787934,0.97129565,0.9758472,0.98449343
foam,0.97899145,0.9714088,0.9772929,0.96852505,0.97038,0.97025466,0.9533363,0.9486657,0.9675209,0.9736892,0.97056746,0.9751034,0.96825683,0.9722083,0.9750194,0.97401255,0.9747017,0.97235334,0.96950316,0.9763905,0.9712931,0.9999998,0.96741736,0.9736264,0.9690174,0.9783947,0.97465265,0.97430205,0.97828794,0.9744432,0.97778493,0.97435176,0.971864,0.95464957,0.97350585,0.97659427,0.98227984,0.969658,0.97754294,0.9648538,0.9749878,0.97744846,0.9748815,0.9750483,0.9789397,0.96722984,0.9677262,0.9693212,0.97496504,0.966267,0.96789014,0.9688605,0.96291476,0.95441955,0.9853095,0.97140384,0.94882107,0.97630465,0.95965564,0.97530836,0.9778965,0.9724007,0.97516173,0.9723755,0.9727961,0.977798,0.9741836,0.97299093,0.9681275,0.9711117,0.97333497,0.96916056,0.96177405,0.9788805,0.9708106,0.97247463,0.9763307,0.9762113,0.97504026,0.9799701,0.95442444,0.97676504,0.9768555,0.9757312,0.9740133,0.97689694,0.97473013,0.97593886,0.9777245,0.9766964,0.9721068,0.97445333,0.9790486,0.95957613,0.9741908,0.9743174,0.9710878,0.97247934,0.97319084,0.97984934,0.9740586,0.977619,0.9770217,0.97196424,0.98334104,0.9689005,0.97258145,0.9613926,0.9686165,0.9735302,0.9746459,0.963189,0.97193754,0.96859384,0.97661924,0.9792827,0.94848984,0.6560894,0.96954465,0.9781178,0.9782908,0.97584504,0.97776,0.9770193,0.96225977,0.9675974,0.97672755,0.97323585,0.97397614,0.98069495,0.9692493,0.97599554,0.9686652,0.97568995,0.9685993,0.97028387,0.97431767,0.9757596,0.9741726,0.9779981,0.97379094,0.971346,0.9689283,0.97606856,0.96727747,0.9758469,0.9721121,0.97507155,0.9704196,0.97618717,0.9772706,0.974139,0.97885627,0.9691923,0.9611076,0.9643448,0.9674142,0.97740346,0.9780613,0.9713924,0.97866666,0.9582069,0.9742924,0.97185653,0.9728543,0.9703466,0.9644619,0.9720958,0.9725037,0.9746672,0.9633898,0.9719729,0.9708188,0.9742104,0.9704294,0.9785218,0.97809684,0.97729594,0.9765167,0.9761088,0.9686241,0.97640914,0.9639162,0.9727187,0.9757853,0.9706103,0.9687643,0.978092,0.9651671,0.9763656,0.97414565,0.9771524,0.97418576,0.9696023,0.9732511,0.97352403,0.9752049,0.97982603,0.9690185,0.94863975,0.97112685,0.9745556,0.97479373,0.97505957,0.876062,0.97192305,0.97140807,0.97088647,0.9797233,0.97332174,0.97197723,0.97184026,0.9790356,0.9712352,0.9746041,0.9758288,0.9711353,0.96794844,0.96596766,0.97480184,0.97864133,0.97877204,0.97526014,0.9735414,0.9729745,0.9717559,0.97600913,0.9790622,0.9790336,0.97055024,0.9722717,0.9768805,0.9753674,0.9706673,0.9736585,0.9724298,0.97409576,0.97919375,0.9695124,0.96956,0.9736344,0.964705,0.973813,0.97873735,0.9731795,0.9787405,0.97188735,0.9798966,0.97527325,0.9593132,0.9786677,0.97203356,0.97725147,0.98008674,0.9787887,0.9737192,0.9645162,0.9737181,0.97370124,0.980039,0.9708736,0.97128516,0.971887,0.9798374,0.9762,0.97744244,0.97147787,0.9756236,0.9691751,0.9751958,0.9783065
crockpot,0.98617506,0.97606754,0.9738205,0.97260326,0.97493744,0.9751775,0.95755273,0.9521263,0.9675525,0.9704394,0.9724768,0.98264223,0.9659941,0.9725312,0.9746476,0.9741467,0.9727666,0.9776172,0.9783386,0.9805295,0.9670447,0.96741736,1.0000001,0.97504526,0.9790584,0.97998685,0.96890223,0.97773373,0.9753722,0.9745057,0.97659326,0.9627624,0.9882686,0.9547872,0.98506314,0.98739177,0.9788629,0.96950525,0.9823177,0.9676648,0.97465056,0.97553277,0.9743109,0.97584724,0.9828197,0.962591,0.96813905,0.9727192,0.9825724,0.97395957,0.9715109,0.98061574,0.96553963,0.96120167,0.98073983,0.9736958,0.9521985,0.976889,0.9591387,0.97547156,0.9829488,0.97390527,0.97534645,0.9740201,0.9788403,0.97765946,0.9731551,0.9766727,0.9651435,0.97353524,0.9717547,0.97523654,0.9623957,0.9764247,0.9715269,0.9813123,0.97350216,0.9759462,0.9803637,0.97531074,0.9556421,0.97768396,0.97504914,0.9716754,0.9778453,0.9762644,0.9753963,0.9769341,0.9758119,0.97959876,0.9793808,0.97013503,0.97578925,0.96287614,0.9758325,0.97523427,0.9723129,0.97490996,0.97418064,0.97475773,0.97283435,0.97805405,0.9724147,0.9723264,0.96923614,0.97305423,0.97399014,0.9603348,0.97076553,0.97863317,0.97605723,0.96816057,0.97306156,0.9646778,0.97250956,0.9784749,0.94223547,0.66977614,0.97054344,0.98850936,0.9810762,0.9774789,0.98176533,0.9779344,0.96005446,0.96915865,0.9749706,0.9774808,0.9775882,0.97232044,0.9718121,0.9792953,0.97170746,0.97786385,0.96846366,0.97211564,0.974886,0.97987354,0.977065,0.9811812,0.97412485,0.9714514,0.972258,0.9781853,0.980711,0.97397035,0.9771904,0.9732679,0.9691012,0.9835383,0.97497076,0.9732593,0.97704023,0.9691295,0.96297723,0.9706479,0.968573,0.9732592,0.98556215,0.97672975,0.97246003,0.9589977,0.975567,0.97205496,0.97437024,0.9690733,0.9646795,0.97177625,0.9724654,0.9689532,0.95926946,0.984313,0.97347254,0.97310966,0.9638646,0.97658217,0.9769821,0.9784726,0.9763959,0.977006,0.9708477,0.9753251,0.97509927,0.9712657,0.97771955,0.97221696,0.97077584,0.9778625,0.9607017,0.9765589,0.97960204,0.981575,0.97249866,0.9694384,0.97509986,0.9710659,0.9781569,0.9874787,0.9751779,0.94505066,0.9750454,0.97524035,0.96891934,0.9779177,0.87823755,0.97570235,0.97535527,0.9720471,0.97899383,0.9746855,0.9778286,0.97365403,0.9842437,0.9763778,0.9774689,0.97373784,0.98639977,0.97070646,0.9692571,0.97216535,0.97656894,0.97648144,0.9693135,0.9758892,0.97625977,0.9710018,0.9748323,0.9767302,0.9830976,0.97440237,0.9712424,0.97515875,0.9747952,0.9696993,0.9773554,0.9739563,0.9751612,0.9768647,0.9677026,0.9745477,0.97032106,0.9780237,0.9734347,0.9848481,0.97132844,0.9765377,0.97068334,0.97803783,0.97934127,0.9679933,0.98129606,0.9757338,0.9765797,0.9841318,0.98750395,0.97339547,0.9654932,0.9759733,0.97472155,0.9788525,0.9723874,0.9718399,0.97145,0.9774987,0.97692215,0.97348666,0.9734446,0.9768583,0.9677671,0.97471493,0.9782289
caramelize,0.9845312,0.97949594,0.98123735,0.97817916,0.9780725,0.9769578,0.95965475,0.962178,0.9681407,0.97624165,0.97783905,0.9806099,0.9729703,0.97987044,0.979019,0.9794442,0.9824617,0.9794697,0.9777155,0.98428303,0.9794324,0.9736264,0.97504526,1.0000001,0.9770312,0.98260194,0.97987974,0.9840789,0.9785576,0.98103845,0.98363686,0.97414804,0.9786214,0.95916545,0.98540384,0.9863,0.9859251,0.9757296,0.9829592,0.97369915,0.98107487,0.9863026,0.97653735,0.9817351,0.9856834,0.96885395,0.97450536,0.9747517,0.98315555,0.97071064,0.9773178,0.9765603,0.9625047,0.9631344,0.9793078,0.97908914,0.9548359,0.9837255,0.9698895,0.98207325,0.9908979,0.97786015,0.9817047,0.9786486,0.98293597,0.97980744,0.98006505,0.9793849,0.97648084,0.99251574,0.9899113,0.9788488,0.9745801,0.98066694,0.97824436,0.97723854,0.98314047,0.9828788,0.9800425,0.9799796,0.9515932,0.98301744,0.9833177,0.9772314,0.979508,0.98415166,0.9846799,0.98321897,0.98300564,0.9831907,0.9796441,0.97775304,0.9815267,0.96990424,0.9794981,0.98210394,0.9774586,0.98270786,0.9797838,0.9827334,0.9921724,0.9820683,0.9760988,0.97486943,0.9718775,0.9719391,0.981368,0.96665597,0.9731583,0.9798032,0.9817807,0.9660765,0.9739572,0.9707532,0.9771028,0.9848094,0.9538521,0.6792344,0.97525316,0.9873336,0.98299605,0.98311496,0.98969334,0.98392135,0.9657862,0.9751254,0.9783879,0.9841253,0.97935325,0.9807192,0.97650486,0.98348635,0.9737931,0.98508304,0.97645426,0.9801381,0.9775832,0.9815489,0.9812198,0.9867065,0.9830923,0.97778696,0.9744473,0.9815242,0.9782382,0.982203,0.9803987,0.9812785,0.97917825,0.9833775,0.98278785,0.9773485,0.9854631,0.9772849,0.967251,0.9746356,0.97537637,0.98257464,0.9870584,0.9773465,0.97658265,0.9596134,0.9793364,0.9721096,0.98044676,0.9788326,0.9756285,0.9804479,0.977818,0.97893816,0.96679103,0.97897446,0.9772621,0.9782702,0.97318155,0.9820203,0.9837449,0.9849841,0.98463476,0.9808807,0.9745253,0.98208314,0.9668137,0.9751964,0.9829479,0.9757819,0.9783277,0.9818623,0.972222,0.9845621,0.9830133,0.98692656,0.9747122,0.9759964,0.9803699,0.9791377,0.9825106,0.9890956,0.9772924,0.94888186,0.97699726,0.9818268,0.9751531,0.98008347,0.8777855,0.98051524,0.979774,0.97874135,0.9884335,0.9811684,0.9747919,0.9831777,0.98894286,0.9761073,0.9821094,0.9800717,0.9801148,0.97551453,0.9729885,0.97837615,0.9777011,0.9813444,0.97647417,0.977537,0.97979903,0.9811034,0.97967684,0.98477197,0.98793703,0.97921044,0.9780356,0.97900295,0.9769782,0.97101194,0.97805953,0.97865266,0.9758494,0.98544633,0.97769654,0.97427505,0.97773886,0.9772876,0.9778109,0.9886967,0.974322,0.97923875,0.9747174,0.9829067,0.9813292,0.96841574,0.9846144,0.9820776,0.984263,0.98866445,0.98829234,0.9786178,0.9662219,0.98084867,0.9797636,0.9827585,0.9750535,0.9780925,0.98037404,0.98805344,0.9822442,0.9759716,0.97449666,0.97990227,0.97235215,0.98401105,0.9840876
refrigerate,0.9837082,0.9852032,0.98095936,0.9794414,0.97601414,0.9827181,0.9655917,0.96238816,0.9770394,0.9703274,0.9819112,0.986645,0.97152513,0.9738023,0.980189,0.9828599,0.9838477,0.9841458,0.98324597,0.9840039,0.9782315,0.9690174,0.9790584,0.9770312,0.9999998,0.9834304,0.97641355,0.9796329,0.98222935,0.9753841,0.9835753,0.97181773,0.981743,0.96740305,0.98274255,0.98427576,0.98212445,0.9798265,0.9811089,0.97189397,0.98208284,0.9811092,0.9822255,0.9807852,0.9857116,0.97045696,0.97693,0.9808942,0.98002833,0.97035736,0.9875798,0.97797143,0.96738464,0.96301067,0.9767607,0.9776537,0.95581925,0.9836302,0.9700387,0.98530096,0.98298526,0.98003143,0.986034,0.97966063,0.9865891,0.9850495,0.97823083,0.9851658,0.9744657,0.9753468,0.9729275,0.9884719,0.96575785,0.9835909,0.9835888,0.9771736,0.97927624,0.9814142,0.9810879,0.9829918,0.9592708,0.98330253,0.9840454,0.977526,0.985541,0.98159105,0.98245555,0.98306525,0.98286474,0.9825743,0.98068565,0.9825122,0.9841555,0.97062945,0.97623855,0.9842436,0.9761179,0.9811864,0.97787994,0.9831547,0.97609264,0.9842332,0.9780431,0.9783469,0.96962523,0.97305775,0.98123425,0.9779153,0.9750379,0.98523426,0.9845496,0.96795326,0.97756755,0.97098,0.9782902,0.9832628,0.9548169,0.66888064,0.977462,0.9856585,0.98341507,0.9875198,0.98146045,0.98192656,0.96494913,0.9714232,0.98569506,0.9799529,0.9777268,0.97860926,0.9801303,0.9828492,0.9733185,0.98493934,0.9786913,0.9741003,0.97825056,0.9836351,0.9843116,0.9857543,0.980667,0.9746692,0.97698313,0.9836777,0.9767151,0.98234946,0.9794681,0.985767,0.976298,0.9849359,0.98360723,0.98545074,0.9840243,0.9815277,0.96732014,0.9763048,0.9786095,0.97660184,0.98408216,0.98962975,0.9819146,0.9639341,0.97981614,0.97567093,0.98248965,0.97345454,0.97172445,0.9807215,0.9875555,0.9763064,0.9674521,0.983716,0.9842388,0.9796563,0.9716891,0.9873872,0.9847609,0.9842086,0.982703,0.98546755,0.9810321,0.98398983,0.96914303,0.97843987,0.9831749,0.9781914,0.97989666,0.9879133,0.9699563,0.98013216,0.98695225,0.98363495,0.9782167,0.9835572,0.98826087,0.98108965,0.9834607,0.98597515,0.9836845,0.94683623,0.9847111,0.9853046,0.9733746,0.9893107,0.8710533,0.98395085,0.9851585,0.9810085,0.9862052,0.9856449,0.9741618,0.9820555,0.98408633,0.983284,0.98647076,0.9806669,0.97831583,0.97398925,0.97306395,0.9812436,0.98016,0.97922724,0.97613984,0.9802373,0.98308295,0.97753835,0.98361385,0.9830834,0.98530245,0.97822154,0.9774404,0.981412,0.97803956,0.9740536,0.9813798,0.9816516,0.98102057,0.9837437,0.9734361,0.98432356,0.97740626,0.97730553,0.9773841,0.9864354,0.9747072,0.97992224,0.97558326,0.9809819,0.9856623,0.97627205,0.9835128,0.97800934,0.9820514,0.98545426,0.98291576,0.9806225,0.96417844,0.98282146,0.98167765,0.98419577,0.97673327,0.9793394,0.9778537,0.98428655,0.98319215,0.97578496,0.9769833,0.98241735,0.9742837,0.98281044,0.9835605
grease,0.99062884,0.98305166,0.98362356,0.9810111,0.98361576,0.9822099,0.9640139,0.95979375,0.9705466,0.97995734,0.981798,0.98759097,0.9752262,0.9817599,0.98329735,0.98395026,0.98355323,0.9849103,0.9820073,0.988063,0.9860584,0.9783947,0.97998685,0.98260194,0.9834304,0.99999964,0.9787537,0.98510903,0.9814398,0.9807244,0.9838496,0.9741192,0.98382986,0.9640763,0.9901906,0.9887678,0.9886033,0.979331,0.98302436,0.97507775,0.9846528,0.98578304,0.98065364,0.9844435,0.98829186,0.9670857,0.97796947,0.98102653,0.98409206,0.9774414,0.97881496,0.98354447,0.96598685,0.9659874,0.98433805,0.97989833,0.9609054,0.9874907,0.9678246,0.9839093,0.9874688,0.9764989,0.9848178,0.9843956,0.98430073,0.98496884,0.9820057,0.98632276,0.9796214,0.9818593,0.9773497,0.9812735,0.969334,0.9854093,0.9831943,0.982198,0.9847438,0.9861152,0.9830685,0.98461956,0.9620114,0.98881316,0.9849888,0.9812077,0.98592013,0.9861113,0.98579496,0.9868808,0.98536587,0.9893862,0.98325384,0.9815573,0.98595935,0.9694473,0.9847705,0.98213995,0.9779547,0.98533875,0.98089993,0.98657084,0.98422873,0.98782855,0.98011327,0.97898006,0.97798747,0.97697663,0.98202085,0.9705905,0.9761094,0.98617965,0.98510903,0.9707305,0.97812366,0.97816896,0.9821003,0.9856356,0.955421,0.66719604,0.9783138,0.9896911,0.9884616,0.9867063,0.9876904,0.98773324,0.9685854,0.980167,0.9845091,0.9847625,0.9817072,0.983357,0.98103803,0.98756206,0.97750986,0.98735815,0.97771585,0.9799629,0.98303556,0.9901366,0.9917547,0.98735845,0.984954,0.9805369,0.9813909,0.9897454,0.97754323,0.9851028,0.9871329,0.983635,0.97773796,0.98718095,0.98445374,0.98024917,0.98760617,0.978043,0.96940416,0.97872925,0.97818434,0.9817725,0.9890153,0.983635,0.9819473,0.9669105,0.9853749,0.9775162,0.98524743,0.9780219,0.9774007,0.98239934,0.98215926,0.97723955,0.96646,0.98008,0.9817934,0.9825364,0.9751676,0.9875959,0.9848569,0.988069,0.99232167,0.98495173,0.97790986,0.9846104,0.9721958,0.9801464,0.9909838,0.979245,0.98625976,0.99148476,0.9732097,0.98357,0.9895073,0.98816234,0.97971207,0.978731,0.98432493,0.9812124,0.98581403,0.990222,0.9810897,0.9507519,0.98175305,0.9889397,0.9804585,0.9865632,0.8867279,0.98198795,0.9830084,0.9813543,0.9888587,0.9850167,0.9814651,0.9842636,0.98793566,0.9795275,0.9895372,0.9818563,0.98020583,0.98004025,0.9829104,0.9818132,0.981747,0.98680735,0.9805438,0.9817608,0.9866531,0.98412293,0.98390883,0.9856366,0.99023396,0.983116,0.9779779,0.9834266,0.9825147,0.97557455,0.98245233,0.9901648,0.98082346,0.988784,0.9765153,0.97681177,0.98165804,0.97812504,0.9819904,0.98823196,0.97908735,0.98467535,0.97862625,0.98715496,0.9885358,0.9729246,0.9871648,0.98175967,0.984235,0.9910397,0.9875461,0.9857298,0.9702284,0.9830189,0.9809987,0.98595554,0.9831662,0.9786956,0.9820337,0.9888691,0.9850452,0.98296,0.9813227,0.9849762,0.97580165,0.98434937,0.98847276
evaporated,0.98067117,0.9793552,0.9835185,0.9775662,0.9742175,0.9755329,0.95990664,0.96133786,0.96835196,0.9754049,0.97649354,0.9793885,0.97015405,0.9754544,0.9809538,0.9828171,0.9858466,0.98089683,0.9718869,0.9828145,0.97729874,0.97465265,0.96890223,0.97987974,0.97641355,0.9787537,0.99999964,0.97798216,0.98320985,0.9832826,0.9900975,0.9909328,0.9739663,0.9538307,0.9773986,0.9823796,0.9837333,0.9739355,0.98171085,0.9764246,0.98139083,0.98499095,0.98242307,0.9865902,0.9862061,0.97082305,0.9721922,0.9752485,0.9787696,0.9648947,0.9738299,0.9746699,0.96458143,0.95957017,0.97724444,0.97787756,0.9527264,0.9845216,0.9665848,0.9817419,0.9833469,0.9736188,0.98499227,0.98111725,0.9778548,0.9834573,0.9796622,0.9826425,0.97344846,0.980803,0.976587,0.97841555,0.9675895,0.98249656,0.9810429,0.97700477,0.97941214,0.98622257,0.98014355,0.9833196,0.95417154,0.9853557,0.9885672,0.97175395,0.9806885,0.9852464,0.97944176,0.9793262,0.9884994,0.98200655,0.98019826,0.98631865,0.98274213,0.9649887,0.9778301,0.9849156,0.9779938,0.9802576,0.9814637,0.9868538,0.98118585,0.9811297,0.9821345,0.97617406,0.9712983,0.97403544,0.9832744,0.9696013,0.9715654,0.9790196,0.98154145,0.96493703,0.97524506,0.96820754,0.97635305,0.98888767,0.9602258,0.66666305,0.97323346,0.9841058,0.97884727,0.98018616,0.9831835,0.9837813,0.9594171,0.9728626,0.9792619,0.98050207,0.9773581,0.9820797,0.9755736,0.9806601,0.97214407,0.98298764,0.9764049,0.98102987,0.9770159,0.9809142,0.97561955,0.9863783,0.9797346,0.97610134,0.9791784,0.97791934,0.97058785,0.9855781,0.97729987,0.9830296,0.97563857,0.9818966,0.9805022,0.9829819,0.986407,0.9745354,0.9651657,0.97173196,0.974899,0.9775347,0.98384404,0.9787607,0.97912055,0.9650251,0.97906065,0.9750003,0.980421,0.9771488,0.9698619,0.9783422,0.9792098,0.9825654,0.9638407,0.9761769,0.97992355,0.9743453,0.97164124,0.98269176,0.98644876,0.98799,0.97999245,0.9806849,0.9732888,0.9836633,0.9672031,0.9756009,0.9790811,0.97156465,0.9707495,0.9801223,0.9836524,0.9816796,0.98098356,0.9855838,0.9754325,0.9748388,0.97897434,0.9808613,0.9794717,0.9835064,0.97818565,0.94763863,0.9780823,0.97951514,0.9742143,0.9823836,0.87149644,0.9737072,0.9794591,0.9781362,0.98809147,0.97799087,0.9707797,0.9792077,0.98994625,0.9746281,0.9822046,0.981789,0.97778773,0.9770514,0.9666222,0.98047304,0.98050904,0.97768444,0.9758701,0.97792584,0.9779877,0.97718245,0.98293483,0.9834858,0.98441386,0.97566324,0.9756226,0.9822263,0.97818,0.9700493,0.97961193,0.9762205,0.97505283,0.9898854,0.97490585,0.97330886,0.97600824,0.9725101,0.9752717,0.9849589,0.97334903,0.9805374,0.97646517,0.9831017,0.98130506,0.9645198,0.98046523,0.9783139,0.9843427,0.9851671,0.982558,0.97736436,0.9665309,0.98507005,0.9797692,0.9853449,0.97336316,0.9818074,0.97586477,0.9841232,0.98276305,0.9809529,0.9748949,0.9813809,0.9703244,0.9817769,0.98187274
overcook,0.9905897,0.9811846,0.98152846,0.9811604,0.97866213,0.9793306,0.9649805,0.9610392,0.97180593,0.98147976,0.9809632,0.9845587,0.973449,0.98281306,0.98185486,0.98389286,0.9817485,0.9822369,0.97777665,0.9848496,0.9771074,0.97430205,0.97773373,0.9840789,0.9796329,0.98510903,0.97798216,1.0000001,0.984314,0.9801011,0.9842765,0.97452474,0.9792275,0.9614197,0.98290986,0.98901373,0.98717433,0.9759391,0.9791594,0.9734339,0.98445034,0.97957873,0.9800293,0.98370576,0.98865116,0.9715825,0.97891754,0.9765736,0.9809787,0.97096,0.97532564,0.9806579,0.9647751,0.9645656,0.9807995,0.9771214,0.9602596,0.9864315,0.97078717,0.9832553,0.9854981,0.9788123,0.98402613,0.98316026,0.9819831,0.9843626,0.9832758,0.98409075,0.9734669,0.97976524,0.97728103,0.9801372,0.97037655,0.98232096,0.9804966,0.9795437,0.9829329,0.98410094,0.9818846,0.9842884,0.95816183,0.9866132,0.9835501,0.9805095,0.98397416,0.9848218,0.9866429,0.9852774,0.9839341,0.9835788,0.98292947,0.9801788,0.98464394,0.970423,0.98439604,0.9796391,0.98026484,0.9885239,0.9803416,0.9838725,0.97986,0.9839708,0.9784323,0.97658914,0.97177607,0.97765046,0.9820723,0.9707961,0.9755764,0.98601484,0.98469603,0.9681847,0.9746503,0.97616225,0.9802826,0.98520327,0.9540832,0.6636315,0.98078185,0.9874269,0.98725826,0.9866296,0.98604834,0.98822373,0.9698822,0.9782326,0.98257875,0.9857057,0.9813942,0.98150337,0.97755253,0.9880045,0.97668004,0.9866709,0.97583544,0.97687054,0.98188555,0.98503035,0.98489887,0.9888319,0.9814897,0.98237693,0.97953707,0.98777056,0.9749854,0.9866214,0.983236,0.9810542,0.9765155,0.9826328,0.9845291,0.9822456,0.98592806,0.9771618,0.96785426,0.9777496,0.9783663,0.9819519,0.986514,0.98219144,0.979974,0.9660538,0.98402023,0.974652,0.98418725,0.9794896,0.973364,0.98021084,0.9824729,0.9778938,0.9698067,0.9791216,0.98058003,0.9810939,0.9725188,0.98748237,0.9830678,0.98743683,0.98528975,0.9817449,0.976333,0.9816172,0.9745471,0.9760259,0.98503304,0.9779631,0.9780897,0.98526794,0.97359514,0.98236036,0.98554325,0.9900044,0.97493935,0.9765879,0.98213434,0.9786128,0.9808301,0.98854053,0.9812819,0.95280576,0.9840747,0.9854734,0.97677135,0.98440427,0.8825667,0.98077655,0.9830053,0.98043925,0.9859699,0.98426646,0.9808918,0.98231536,0.98712844,0.97781044,0.9863974,0.98193854,0.97995365,0.9777469,0.9729072,0.98098505,0.97955644,0.9820131,0.97971046,0.98246354,0.9853022,0.9788824,0.9828117,0.9856657,0.98806375,0.9853463,0.97955966,0.98140526,0.9783405,0.9731196,0.97951424,0.9825513,0.9790532,0.9864499,0.9776725,0.9753253,0.97947824,0.97386736,0.98367447,0.9874544,0.97729903,0.9858066,0.9801278,0.9864163,0.985891,0.975654,0.98543787,0.9788167,0.9846232,0.9884069,0.98650026,0.986043,0.9682066,0.98333603,0.97962886,0.9848093,0.98246765,0.9796528,0.9826469,0.98623395,0.98420054,0.98042053,0.9811685,0.98420393,0.9775279,0.9833958,0.9844288
massage,0.984731,0.9851108,0.98274595,0.9839221,0.9771846,0.9839154,0.964585,0.96352047,0.9721388,0.98162884,0.98090136,0.9847105,0.97392625,0.9774259,0.9905297,0.9845644,0.9816055,0.9845105,0.97752196,0.98569226,0.97714525,0.97828794,0.9753722,0.9785576,0.98222935,0.9814398,0.98320985,0.984314,0.99999976,0.98214734,0.9876538,0.9808568,0.97956127,0.96117914,0.9819973,0.98408705,0.9853133,0.97828037,0.98250455,0.9745688,0.9865392,0.98224133,0.98252964,0.9801966,0.9878692,0.98109066,0.98024607,0.97997916,0.97927266,0.9727676,0.97654694,0.97614634,0.9674881,0.9628721,0.9791615,0.9775592,0.9580904,0.9857524,0.9722064,0.98547465,0.98318905,0.98040843,0.9895508,0.9815918,0.9815825,0.9869665,0.98188275,0.9856084,0.97550625,0.9786802,0.9789758,0.98330224,0.9707821,0.98594004,0.98366463,0.9804632,0.9865697,0.98415375,0.9863037,0.98722553,0.95965964,0.9866311,0.9842964,0.9817489,0.9879871,0.98512214,0.9818335,0.9881019,0.9838259,0.98316044,0.98363245,0.9810077,0.98674005,0.97385573,0.9846957,0.9839657,0.9813915,0.9845855,0.9804592,0.9844523,0.97883445,0.9854285,0.98449576,0.9782241,0.97439224,0.9771389,0.9825731,0.9740876,0.9771597,0.9832414,0.9871658,0.969005,0.9783553,0.97516125,0.9842458,0.9853466,0.95947206,0.6586897,0.9815119,0.98424023,0.98667586,0.9876604,0.98244774,0.98451555,0.97052366,0.9760559,0.98430705,0.98384506,0.982585,0.9850595,0.9779591,0.9851289,0.97609603,0.9838189,0.97870713,0.9769354,0.9825321,0.98382604,0.98214763,0.9844977,0.980892,0.98300266,0.9795956,0.98509854,0.97478306,0.9858201,0.98249114,0.9833965,0.9747471,0.98241144,0.98580647,0.98712,0.9855312,0.9795858,0.972426,0.98077446,0.9820257,0.98003674,0.985756,0.9854523,0.98619235,0.9701789,0.98266965,0.9815133,0.9855049,0.98057616,0.97393847,0.9836885,0.9865244,0.98350894,0.9710519,0.9814563,0.987111,0.9834986,0.9752721,0.9887536,0.98459005,0.9865244,0.9825431,0.98400885,0.97396845,0.9849615,0.9707788,0.9789272,0.98327154,0.98029196,0.975172,0.9860575,0.97402704,0.9824516,0.9872882,0.9838016,0.9774812,0.9793726,0.98406416,0.9794073,0.9810197,0.985279,0.98544824,0.9491676,0.98645896,0.98610187,0.98009497,0.98753023,0.87393886,0.97983265,0.9860094,0.9844181,0.9883647,0.98149616,0.9756829,0.98507184,0.98506606,0.9767557,0.9863775,0.983374,0.980818,0.9801727,0.9722966,0.9858098,0.98263115,0.9834761,0.98198074,0.9840692,0.9858148,0.979907,0.9838478,0.986205,0.98473185,0.9829488,0.97974896,0.98403966,0.98432463,0.9765913,0.982522,0.9798354,0.98066103,0.9853291,0.9798999,0.97496414,0.98188955,0.97753584,0.98429644,0.98464626,0.97976524,0.9895891,0.97837496,0.9903237,0.9853436,0.97189486,0.98644495,0.9781225,0.98364884,0.98852706,0.983968,0.9848358,0.96833634,0.9844763,0.980301,0.98639154,0.9793444,0.9816217,0.97685647,0.9859867,0.9843737,0.9864621,0.98067904,0.9845008,0.97957224,0.98590016,0.98539686
charred,0.9836549,0.9781104,0.9781492,0.9791103,0.97507256,0.97634465,0.959104,0.9646392,0.96740687,0.97195363,0.9768316,0.98001975,0.97143805,0.9748387,0.98108214,0.9830485,0.9793672,0.97918445,0.976246,0.9846607,0.97367674,0.9744432,0.9745057,0.98103845,0.9753841,0.9807244,0.9832826,0.9801011,0.98214734,1.0,0.98276055,0.9733261,0.9815267,0.9572269,0.981726,0.9855881,0.9869511,0.9767053,0.9917945,0.9737637,0.98354137,0.9833733,0.97805583,0.9783431,0.9845083,0.96925867,0.9721984,0.9742304,0.98369926,0.9673164,0.9749452,0.97537243,0.965855,0.96091187,0.98014045,0.9806657,0.9626278,0.9889901,0.967812,0.9812085,0.98807096,0.9769858,0.9818902,0.9796756,0.9789293,0.982126,0.9793663,0.98083836,0.9733324,0.98916143,0.9778198,0.97799516,0.9676895,0.98308194,0.97902626,0.9771749,0.98338765,0.9806694,0.97935927,0.98246145,0.9580896,0.98324805,0.9811673,0.97626823,0.98365957,0.98335165,0.98030597,0.98082227,0.98152643,0.9819216,0.98402953,0.9771761,0.98125094,0.96369797,0.98108244,0.98397964,0.9821547,0.9859675,0.97879523,0.98150873,0.9864868,0.98142004,0.9808264,0.97628444,0.9699714,0.9808576,0.98177594,0.9673667,0.97356814,0.9804643,0.97997284,0.96944195,0.9785657,0.97478235,0.9762791,0.9821496,0.9540291,0.65546733,0.9727621,0.9850348,0.98113286,0.9819755,0.986639,0.9815887,0.96334416,0.9798418,0.98032457,0.98988736,0.97932255,0.98094493,0.97422653,0.9837135,0.97348624,0.9810113,0.9738523,0.98041385,0.9780465,0.98638475,0.9795398,0.9817275,0.9776294,0.97951967,0.98129857,0.98223436,0.978234,0.9825219,0.98004,0.98327875,0.97554564,0.97987163,0.98179275,0.9772132,0.9824744,0.9762456,0.96991646,0.97264004,0.97316164,0.9783005,0.98547256,0.97843677,0.9780028,0.9633253,0.9783172,0.97692114,0.9792096,0.98071986,0.9711747,0.9778101,0.97861224,0.9819746,0.9647219,0.97767234,0.97826433,0.9761367,0.97071856,0.98242456,0.9802842,0.9832142,0.9814711,0.9820718,0.9756144,0.9817585,0.9745177,0.977639,0.98167,0.97230697,0.97514576,0.9810849,0.97029597,0.9834628,0.9817307,0.9822731,0.97703135,0.976617,0.9783871,0.9807391,0.9793751,0.9871112,0.9795559,0.9516325,0.9829012,0.98054844,0.97360104,0.9804413,0.8751746,0.9786559,0.98338497,0.97680277,0.9866627,0.9787706,0.97799057,0.980022,0.985219,0.9776001,0.9817157,0.9814591,0.98129636,0.97680676,0.97869813,0.9784907,0.98110193,0.9781329,0.9769825,0.97742224,0.97902834,0.9775833,0.98446876,0.9829067,0.9849475,0.9814379,0.9799493,0.9819839,0.98010856,0.97393763,0.9807341,0.9807942,0.9773261,0.98220295,0.97948706,0.9750675,0.97830147,0.97555304,0.9766748,0.985345,0.97323936,0.9832397,0.97770756,0.98271954,0.9820003,0.972246,0.98401666,0.9791263,0.9872322,0.98707235,0.9882148,0.9785459,0.966927,0.9816591,0.9788292,0.9830115,0.975759,0.9859643,0.9727117,0.9875654,0.98687404,0.97925186,0.97613186,0.980796,0.973045,0.9825945,0.9821742
evaporate,0.9883732,0.98754174,0.9878576,0.984654,0.98228824,0.98382837,0.97230405,0.966122,0.9759608,0.9788817,0.98586464,0.98637736,0.97527474,0.9802005,0.98678935,0.9886642,0.98813146,0.9873298,0.97829485,0.98757744,0.98000026,0.97778493,0.97659326,0.98363686,0.9835753,0.9838496,0.9900975,0.9842765,0.9876538,0.98276055,1.0000001,0.9875058,0.9812314,0.9626778,0.98391086,0.98684025,0.9895242,0.98150796,0.9844072,0.98085064,0.98815656,0.9885575,0.9890906,0.9868856,0.99097365,0.98050535,0.9870225,0.9807,0.98309094,0.9726344,0.9815091,0.97861123,0.96862495,0.96723497,0.9819433,0.9813065,0.9581382,0.987711,0.9720586,0.9870121,0.9870127,0.98560333,0.99017835,0.985564,0.98384327,0.99031454,0.98714584,0.9887177,0.9746857,0.9825163,0.9810365,0.9843682,0.9715803,0.98658824,0.9855103,0.9823993,0.98588365,0.9882813,0.9871326,0.98913383,0.96057963,0.99328953,0.99060494,0.9788197,0.9887014,0.9932242,0.9861065,0.98578554,0.99159306,0.9882769,0.9873563,0.9887762,0.9876554,0.9784338,0.98350585,0.98791915,0.9858814,0.98439354,0.9861411,0.990833,0.98207444,0.9924026,0.98475516,0.9826391,0.975222,0.979612,0.9935646,0.9744364,0.9832657,0.98681265,0.9887174,0.9709151,0.9809944,0.9738323,0.9821985,0.9944004,0.9635444,0.66754365,0.98753834,0.9888764,0.98829716,0.98694634,0.9871917,0.9904168,0.9694075,0.97844964,0.9853408,0.984687,0.984423,0.9854473,0.98190403,0.9890184,0.9783218,0.98999435,0.9859073,0.9803221,0.985643,0.9872088,0.9833357,0.9901561,0.98599863,0.980139,0.982245,0.98508066,0.9779196,0.9942991,0.98272085,0.9860846,0.9793101,0.9884682,0.98887223,0.98794484,0.9903396,0.9809609,0.9738671,0.98193794,0.9791574,0.9814859,0.9882074,0.98553526,0.985821,0.96974504,0.98749924,0.98104525,0.9887921,0.98207426,0.9797487,0.9841747,0.9852451,0.9841151,0.9779908,0.98335993,0.9866756,0.9833807,0.9781571,0.98864394,0.9936962,0.99185073,0.98614603,0.98604065,0.9788801,0.98783845,0.97311676,0.9810239,0.98485845,0.98282707,0.9790721,0.98666734,0.9799732,0.9889992,0.98743933,0.99152905,0.9805371,0.98128116,0.9846632,0.9846629,0.98494047,0.9878388,0.9849327,0.955312,0.9837902,0.9866707,0.97930485,0.9879825,0.8794325,0.9830162,0.9876109,0.9833641,0.9925423,0.9844673,0.97875285,0.98326105,0.9914606,0.98080975,0.99078566,0.9889757,0.98288804,0.98022866,0.9740159,0.98694164,0.9860549,0.98507077,0.9814806,0.9846766,0.9865008,0.9828696,0.9883935,0.98777175,0.9883724,0.98217034,0.98248255,0.9882281,0.9840801,0.9762391,0.98687494,0.9820531,0.9824864,0.99144286,0.9816574,0.97952884,0.98438036,0.9796131,0.98590547,0.9904161,0.9792074,0.9859528,0.983641,0.9882915,0.98691094,0.9713151,0.9876348,0.9833519,0.98850894,0.9902103,0.9869505,0.9846841,0.9747095,0.9947586,0.9839246,0.9901458,0.98060286,0.9853616,0.9822866,0.98952854,0.98753005,0.98456043,0.98460174,0.9898217,0.9785008,0.9884995,0.987362
condensed,0.97635406,0.97926486,0.97824657,0.9736103,0.9707201,0.9719265,0.96157604,0.9590952,0.9623348,0.9748439,0.97311586,0.9750568,0.9645824,0.97312903,0.97697926,0.977339,0.9809115,0.97646284,0.966432,0.9767556,0.97263175,0.97435176,0.9627624,0.97414804,0.97181773,0.9741192,0.9909328,0.97452474,0.9808568,0.9733261,0.9875058,0.99999994,0.96698445,0.95053935,0.9710826,0.97661793,0.97959185,0.97043115,0.974034,0.96890867,0.97799975,0.9769579,0.9782947,0.98286635,0.9813465,0.9732725,0.9764171,0.972411,0.9709122,0.9616651,0.9680212,0.967444,0.9581882,0.9550809,0.9758622,0.9693186,0.94388103,0.97750217,0.961681,0.97580945,0.9756567,0.9717799,0.9799312,0.9769342,0.97171587,0.9782253,0.97522974,0.9764357,0.96807146,0.9719036,0.97345775,0.9743086,0.9639266,0.9787423,0.97709876,0.9716671,0.9763068,0.9817239,0.9776648,0.97765774,0.949829,0.9853818,0.98234457,0.96975744,0.97876614,0.9811354,0.9758944,0.9767342,0.98197824,0.97427064,0.97513145,0.98119694,0.9789133,0.9708979,0.9745883,0.9764599,0.9761195,0.9753579,0.9743419,0.9824354,0.9723791,0.9798976,0.9748561,0.97178996,0.973756,0.9664332,0.9850453,0.9660322,0.9728684,0.97546965,0.9793851,0.95758194,0.9700783,0.96452105,0.97469,0.98114437,0.9585744,0.6650913,0.97660977,0.9777967,0.9775848,0.9774044,0.9756101,0.9832091,0.962993,0.965666,0.97699696,0.9727306,0.9724461,0.979929,0.9720573,0.9787589,0.9688088,0.9807893,0.9735568,0.9739779,0.9758059,0.97497886,0.97146153,0.982387,0.97508514,0.97278404,0.9725765,0.97489405,0.9626817,0.9848799,0.9712629,0.977123,0.97013843,0.97465247,0.97840834,0.97823805,0.9811307,0.9701568,0.9618808,0.970982,0.97217596,0.97322404,0.977996,0.9762423,0.98116577,0.96315175,0.9773561,0.96955323,0.9807611,0.9722674,0.9724295,0.97434103,0.9748222,0.9771635,0.96639585,0.9710539,0.9753021,0.97180873,0.96532154,0.97822505,0.984488,0.98328155,0.9761668,0.97420925,0.96541315,0.97969955,0.96360666,0.9698635,0.97308266,0.9728649,0.9650262,0.9774149,0.98227113,0.97571087,0.9765052,0.98165625,0.96918815,0.969918,0.9758342,0.9736941,0.9746087,0.9774288,0.97450316,0.9430977,0.9743532,0.9755435,0.9721068,0.98056436,0.8721289,0.9684102,0.9777529,0.9750275,0.9815861,0.9745768,0.9685074,0.9749804,0.98418444,0.96873575,0.98053074,0.9775384,0.9714531,0.9694878,0.95774883,0.97771084,0.9734529,0.97524226,0.9732911,0.97355276,0.9779503,0.9711965,0.97775143,0.97984,0.97950506,0.97170204,0.9712703,0.97588587,0.9752792,0.9642338,0.97658175,0.9709909,0.97018963,0.9855122,0.970896,0.9686703,0.9747762,0.9665686,0.97853786,0.97813976,0.9706193,0.9779698,0.9698036,0.98086625,0.9765799,0.9619177,0.9763242,0.97168505,0.97843456,0.9806918,0.9769062,0.9761501,0.9623907,0.98629165,0.9735698,0.978999,0.97188133,0.9756471,0.97210085,0.9780879,0.977087,0.97798705,0.9752564,0.9771201,0.96919215,0.97898203,0.9776163
griddle,0.9875887,0.978869,0.97733307,0.9769948,0.97817093,0.9784863,0.96373034,0.9551888,0.9769513,0.9747018,0.97775614,0.98301166,0.974508,0.9778522,0.97990364,0.97941774,0.97888815,0.9801134,0.9820745,0.9834492,0.97204,0.971864,0.9882686,0.9786214,0.981743,0.98382986,0.9739663,0.9792275,0.97956127,0.9815267,0.9812314,0.96698445,1.0000004,0.95628065,0.9891405,0.98645425,0.98367554,0.9773369,0.9864389,0.9732797,0.9799187,0.98051405,0.9807832,0.97966564,0.9848877,0.96901244,0.9722376,0.97340286,0.9828955,0.9739551,0.97911364,0.9806007,0.96734023,0.96396637,0.98101306,0.9813323,0.95613253,0.9842504,0.96194106,0.9805873,0.98536795,0.97665185,0.9807703,0.9787257,0.9835229,0.98453546,0.97722226,0.9807909,0.9723774,0.97975457,0.9733878,0.97883123,0.9641974,0.9849171,0.97877485,0.98076284,0.97985,0.9784374,0.9821521,0.9829956,0.9677672,0.9827261,0.98051506,0.97556704,0.98195076,0.98236257,0.97989726,0.9793532,0.97980434,0.9831253,0.9842784,0.975898,0.9794588,0.9641521,0.97928375,0.97957724,0.97868663,0.9796613,0.9765325,0.98088235,0.97726154,0.98053837,0.9799206,0.9799591,0.97071725,0.97936374,0.98036206,0.9675395,0.9768237,0.9831095,0.9792582,0.9732245,0.98057574,0.97415787,0.9779393,0.98069924,0.9438076,0.6711448,0.9742244,0.98727566,0.9832277,0.9819494,0.9841775,0.9815042,0.9637814,0.9774623,0.98059165,0.98250663,0.981247,0.9798125,0.97585344,0.98382586,0.97357666,0.98421115,0.9740722,0.972837,0.9813748,0.98491776,0.9829093,0.9841427,0.9766453,0.97449833,0.9809103,0.9808692,0.9808873,0.9803567,0.98362255,0.9806289,0.9724974,0.98496664,0.98071736,0.9784308,0.9803625,0.9754889,0.97076654,0.9757706,0.97420084,0.97510195,0.988477,0.9806816,0.97757,0.9645562,0.97738624,0.9802212,0.9779291,0.97524184,0.9717671,0.97781897,0.9783249,0.9762402,0.9665133,0.98632187,0.97922873,0.97816974,0.969826,0.9819653,0.981325,0.9818258,0.98159045,0.9841665,0.97881925,0.980358,0.973366,0.97944677,0.98188686,0.9738071,0.97795814,0.981716,0.96494836,0.98323786,0.9835846,0.9835647,0.981355,0.9751586,0.9801044,0.97729903,0.9835179,0.98794043,0.9830329,0.95033735,0.98060006,0.9818184,0.97674,0.98182094,0.87254363,0.98232394,0.9810776,0.9776374,0.9835577,0.9787716,0.9783682,0.9777601,0.9856326,0.9821326,0.9814527,0.97921866,0.9828174,0.9788739,0.97853225,0.978036,0.98288316,0.9793896,0.9780619,0.9785707,0.9801329,0.9768812,0.98078036,0.9815963,0.9858521,0.9770151,0.9746114,0.98280585,0.9766459,0.9770244,0.9832224,0.9797464,0.9821709,0.9808258,0.9743074,0.9797662,0.97696525,0.982318,0.9766503,0.9863533,0.9764939,0.9809994,0.9776442,0.9823535,0.98521405,0.9750265,0.98481596,0.9768583,0.9824228,0.9869002,0.98942715,0.9778147,0.9679169,0.9798942,0.9774326,0.9826158,0.976073,0.97812593,0.97447777,0.98234004,0.98341864,0.97833157,0.9769951,0.9804221,0.9755834,0.98071015,0.98122346
presentation,0.9643227,0.9569,0.9581216,0.9537247,0.956094,0.95531124,0.94266146,0.942493,0.9569271,0.9531657,0.96968454,0.96242934,0.9469953,0.95551383,0.95576143,0.9573943,0.9697152,0.957521,0.9738955,0.96121585,0.9582254,0.95464957,0.9547872,0.95916545,0.96740305,0.9640763,0.9538307,0.9614197,0.96117914,0.9572269,0.9626778,0.95053935,0.95628065,1.0000001,0.96257865,0.9716805,0.96399754,0.9696899,0.9664566,0.9495297,0.9640084,0.95910174,0.95579165,0.96207106,0.9695679,0.9501457,0.966884,0.95415145,0.9596169,0.95416564,0.96752244,0.95307934,0.94525325,0.9448501,0.9570645,0.9550915,0.93733203,0.9626078,0.970402,0.972466,0.96966976,0.96863914,0.9593594,0.957554,0.9659445,0.9602347,0.9593274,0.9618806,0.95312977,0.9567957,0.95550287,0.9666885,0.9518605,0.9635833,0.9588037,0.9568913,0.962252,0.960809,0.9585953,0.9592263,0.93531024,0.96656686,0.9604892,0.95894146,0.9614291,0.96092206,0.9663497,0.9754988,0.9613847,0.96290463,0.9562318,0.9571655,0.95955276,0.95487005,0.9615516,0.9625189,0.95674586,0.9603412,0.9537428,0.9601485,0.9576624,0.9634669,0.95556325,0.9550856,0.95134366,0.95076793,0.9611385,0.9619568,0.95900023,0.9614293,0.95854175,0.94865096,0.955857,0.95124954,0.96301156,0.9602806,0.93438125,0.65691125,0.96668226,0.9644966,0.9707516,0.9679249,0.9622009,0.963211,0.9485395,0.95685005,0.95636696,0.96107084,0.9586326,0.9606954,0.95581555,0.9639912,0.9521903,0.9631887,0.9560817,0.95667183,0.965571,0.96259445,0.9657387,0.96642137,0.9670846,0.9564768,0.95447296,0.97100157,0.9704133,0.9641718,0.96129566,0.9644995,0.96875465,0.9704866,0.968374,0.9579852,0.964277,0.9702643,0.94705564,0.9532712,0.9509809,0.96300817,0.96545255,0.9640453,0.9566855,0.94202197,0.96001285,0.95854247,0.96413845,0.9524607,0.95179033,0.95819116,0.9599755,0.9581124,0.9490492,0.96079946,0.9602032,0.9557419,0.947389,0.9619934,0.9682047,0.9621186,0.9662981,0.97091323,0.95451415,0.9639837,0.95281816,0.9558861,0.96439886,0.9732748,0.9606623,0.9737794,0.95118904,0.95940393,0.9641716,0.96379983,0.957407,0.968768,0.96640486,0.96064717,0.9700005,0.96482646,0.9583888,0.9245619,0.95572954,0.9646261,0.95414245,0.9569612,0.85343534,0.97128016,0.96209943,0.95418435,0.96102875,0.9717521,0.9572004,0.9739493,0.9639629,0.95770246,0.9643984,0.96287864,0.9567225,0.95630497,0.9560109,0.95548797,0.9620854,0.95751274,0.9578376,0.96096957,0.963231,0.9631754,0.9607868,0.96388555,0.9661009,0.9579604,0.9629588,0.95921814,0.9585974,0.95446444,0.9620722,0.96088046,0.9678568,0.9614353,0.9542743,0.9548628,0.96117526,0.9565957,0.9606314,0.9654501,0.9548455,0.96163356,0.95447695,0.96221876,0.96348685,0.9516962,0.97084373,0.95738155,0.9628056,0.9666279,0.9634031,0.961638,0.9519323,0.9610607,0.9605602,0.9631966,0.9585111,0.95794046,0.959561,0.97000253,0.962401,0.9568801,0.959073,0.96153504,0.9541789,0.95844114,0.96222717
dredge,0.98822826,0.981617,0.9813926,0.9789207,0.9886657,0.9800951,0.96111494,0.9612697,0.9743383,0.97640425,0.97998035,0.98528177,0.97542334,0.9819067,0.98152477,0.98165643,0.98394215,0.9831165,0.98275286,0.98831815,0.9839522,0.97350585,0.98506314,0.98540384,0.98274255,0.9901906,0.9773986,0.98290986,0.9819973,0.981726,0.98391086,0.9710826,0.9891405,0.96257865,1.0,0.9881839,0.9855188,0.9793792,0.9847758,0.97438145,0.9859347,0.9854867,0.9798704,0.9831867,0.98804206,0.96966106,0.97778106,0.9774931,0.98815334,0.98235136,0.9809314,0.98339486,0.9685761,0.966505,0.98010933,0.9815228,0.958904,0.9858623,0.96989495,0.9839866,0.98866725,0.9789055,0.9844479,0.9835248,0.98690486,0.98435867,0.9821668,0.9839832,0.97544974,0.9841125,0.97946787,0.9831048,0.9716373,0.9835048,0.9808359,0.9799345,0.9854184,0.98541015,0.98296994,0.9837154,0.962189,0.9857766,0.98441845,0.97986543,0.9838395,0.9867752,0.9847088,0.9848265,0.98537785,0.99017084,0.98317724,0.9802456,0.9835458,0.9700466,0.9837811,0.9827431,0.97832495,0.98401284,0.98078936,0.98425657,0.9834149,0.9839765,0.9809887,0.9794283,0.9712327,0.9780513,0.9822292,0.96991116,0.9754677,0.9832216,0.9847466,0.9753822,0.97921246,0.975967,0.9787433,0.9856094,0.9531317,0.6820947,0.97908103,0.9896316,0.9878469,0.9861822,0.98868847,0.98646367,0.9680851,0.9819304,0.98071027,0.9851376,0.9834735,0.9812994,0.97793,0.9872037,0.97482336,0.98790586,0.97716254,0.9786202,0.9814845,0.98988414,0.9872087,0.9874905,0.9826004,0.9791805,0.98168504,0.98664844,0.9799767,0.98372644,0.9894138,0.9842064,0.97709453,0.9872802,0.9840876,0.97924304,0.9876402,0.9813364,0.9723806,0.97855175,0.9770778,0.9785992,0.98936087,0.98233247,0.9795177,0.9647373,0.98150945,0.975871,0.9809473,0.9778822,0.97520876,0.9837134,0.9812668,0.9805622,0.9699739,0.98661244,0.9805002,0.9810464,0.9731175,0.9845088,0.9834094,0.98737013,0.99006474,0.98480946,0.9790476,0.98394424,0.9718805,0.9802532,0.9895631,0.97853094,0.9854522,0.9857696,0.97057307,0.984385,0.98868424,0.98814577,0.97994554,0.98082554,0.9818082,0.9800231,0.9894435,0.99080014,0.98041886,0.94857377,0.981493,0.98450184,0.97839165,0.9827401,0.87862617,0.9871449,0.98439866,0.9803757,0.9869982,0.9825085,0.982361,0.98567265,0.9884252,0.98222655,0.98469937,0.980976,0.9831384,0.9821527,0.9836757,0.98185486,0.9822939,0.98329157,0.9794007,0.9819557,0.9832461,0.98662204,0.9838964,0.9842561,0.98815954,0.9811478,0.97823143,0.98344225,0.97959,0.9767519,0.9832368,0.98327,0.9813354,0.9857049,0.97755307,0.9791024,0.98153424,0.98098016,0.97957945,0.9882396,0.97755486,0.98546803,0.9779148,0.9863412,0.9860748,0.97295916,0.9875041,0.9841125,0.9838932,0.98976,0.98858035,0.98020023,0.96843576,0.98228085,0.9809004,0.98556554,0.9773315,0.9825392,0.97956556,0.9884443,0.985828,0.9794161,0.97802025,0.9842406,0.97610754,0.9823009,0.98680043
barbecue,0.9928488,0.9850377,0.98411673,0.98217833,0.98206663,0.98192203,0.9686492,0.96389276,0.97425246,0.98215836,0.98482275,0.98818475,0.9756399,0.9826726,0.9832211,0.9862144,0.985732,0.9849148,0.98596466,0.98855186,0.98043334,0.97659427,0.98739177,0.9863,0.98427576,0.9887678,0.9823796,0.98901373,0.98408705,0.9855881,0.98684025,0.97661793,0.98645425,0.9716805,0.9881839,0.9999999,0.99071777,0.98107654,0.9905787,0.97711444,0.9870652,0.9871502,0.9832635,0.9865399,0.99182016,0.9736503,0.9804956,0.9801443,0.98935276,0.97745097,0.98059285,0.98462427,0.9734726,0.96809757,0.98712015,0.9836358,0.96346927,0.9890891,0.9720114,0.98734665,0.99358034,0.983839,0.98622525,0.98520166,0.98531663,0.9860673,0.9835259,0.98730946,0.97621596,0.98607886,0.98015845,0.9879822,0.97219884,0.98586947,0.9834139,0.98590773,0.98494494,0.9862094,0.9856521,0.9847895,0.95996636,0.9896067,0.98598653,0.9823418,0.98620653,0.98676443,0.9871003,0.9889355,0.9863757,0.98765165,0.98857945,0.9815313,0.98666245,0.97504574,0.98627084,0.9858793,0.98275036,0.9871008,0.98256344,0.9866312,0.98657435,0.9873783,0.9820926,0.9803986,0.9765702,0.9782353,0.9850125,0.9740593,0.979188,0.98736316,0.9856172,0.9734057,0.97973734,0.97752106,0.9834007,0.9870606,0.9562262,0.67520005,0.982019,0.9940419,0.9909015,0.98913,0.9924352,0.9891862,0.9700202,0.98245794,0.98349315,0.98740214,0.9850955,0.9845717,0.9814077,0.9897487,0.9793358,0.988835,0.9795195,0.98811316,0.9854291,0.98830855,0.98736525,0.9916133,0.98585576,0.98233163,0.9817852,0.9884447,0.9888006,0.9865372,0.9852226,0.9842462,0.98386866,0.990451,0.9877336,0.9823479,0.9885367,0.9820292,0.970704,0.9809532,0.97819483,0.98536295,0.99362606,0.9847026,0.982172,0.9686807,0.98713565,0.97939706,0.9864492,0.98073345,0.9755651,0.98232627,0.982761,0.9809303,0.9722484,0.98686695,0.98318726,0.9825642,0.97282964,0.9871523,0.9884174,0.9893287,0.9871115,0.9876824,0.9799909,0.9858931,0.9782589,0.9811654,0.9889156,0.9837108,0.9789643,0.9900741,0.9746092,0.9878962,0.9878518,0.99151444,0.9797448,0.9823672,0.9856492,0.9833622,0.9880734,0.9945355,0.98560345,0.95347023,0.9824877,0.9876785,0.98133045,0.98440033,0.8833712,0.9850822,0.985536,0.98305106,0.9900701,0.9870972,0.98586607,0.9870156,0.9921604,0.98215824,0.98922247,0.9850784,0.9871119,0.98126465,0.97722864,0.9828791,0.98465544,0.9853768,0.9828877,0.9845662,0.98688567,0.9818578,0.9856923,0.9880396,0.993622,0.9839667,0.98159355,0.98470056,0.98214316,0.976387,0.98531026,0.9859574,0.9835256,0.9885171,0.98021066,0.9800916,0.9817492,0.9823356,0.98570466,0.9932522,0.9812143,0.9861187,0.9809509,0.9877993,0.9883376,0.97518665,0.9906065,0.9841623,0.9881943,0.9942075,0.9939277,0.9858962,0.9748228,0.9861388,0.98410237,0.98830533,0.98430276,0.98335314,0.98305225,0.9911971,0.9874268,0.9824918,0.9840566,0.9860633,0.97787166,0.98512894,0.9882784
curdle,0.9922326,0.9853426,0.9864194,0.9848809,0.9831462,0.98230636,0.9671788,0.96356237,0.9748681,0.9841418,0.98395777,0.9871064,0.97499865,0.983028,0.9848219,0.9855775,0.98533875,0.98675275,0.98144346,0.98631483,0.98179716,0.98227984,0.9788629,0.9859251,0.98212445,0.9886033,0.9837333,0.98717433,0.9853133,0.9869511,0.9895242,0.97959185,0.98367554,0.96399754,0.9855188,0.99071777,1.0,0.9820457,0.9885408,0.97749346,0.989886,0.9884086,0.98507565,0.98448837,0.9898311,0.97305506,0.983165,0.9786278,0.9868688,0.9736303,0.980053,0.9799969,0.9669733,0.968737,0.9878576,0.983889,0.9631921,0.9895262,0.9720292,0.9877123,0.99200875,0.9826932,0.9899673,0.98582804,0.984043,0.98993,0.987042,0.9873375,0.9763384,0.9871872,0.979539,0.9840294,0.972971,0.99045306,0.9860879,0.9838669,0.98826057,0.988453,0.9855419,0.9895705,0.9619715,0.9894963,0.9869292,0.98514736,0.988187,0.9894218,0.9847203,0.9876597,0.9878868,0.9888004,0.9869066,0.98281497,0.9909582,0.9750112,0.9874561,0.9877172,0.98044133,0.9853543,0.9826078,0.98992544,0.9879142,0.990723,0.9830185,0.9829101,0.98177004,0.9790189,0.98541677,0.97271436,0.97940725,0.989293,0.9881961,0.97224367,0.98475707,0.9798525,0.9851175,0.98986197,0.96000344,0.6695898,0.9841228,0.98984003,0.99088657,0.9897567,0.99046296,0.9888804,0.97235227,0.981354,0.9886881,0.98796666,0.98657507,0.98713434,0.98227227,0.9890195,0.9820109,0.98867744,0.9803171,0.9829217,0.98770887,0.9884267,0.98735446,0.98811984,0.9849767,0.9839065,0.98150605,0.98841375,0.9821652,0.98955214,0.9852615,0.9858126,0.98273903,0.98638946,0.99017304,0.9844543,0.9890946,0.98134387,0.9737369,0.98073757,0.98180807,0.98663205,0.98990417,0.98581797,0.9887548,0.9720446,0.98844635,0.98065335,0.98805153,0.9845711,0.9784533,0.9847316,0.9867341,0.9832768,0.9705568,0.9823931,0.98425376,0.9862446,0.9773684,0.99102634,0.9892033,0.990842,0.9885092,0.98869646,0.979174,0.9873538,0.97384554,0.98422533,0.989573,0.9812241,0.9796335,0.990442,0.9761958,0.9910014,0.9889835,0.98923403,0.98305035,0.98144513,0.9874189,0.9854682,0.9857098,0.9925279,0.983677,0.95416874,0.98559743,0.9891361,0.98552436,0.98788214,0.87927544,0.98638487,0.9850489,0.9854684,0.9937603,0.98720556,0.9834463,0.9860534,0.9900003,0.98333114,0.98956,0.9885409,0.98303056,0.9819913,0.9783827,0.9867028,0.9857326,0.9862728,0.9864207,0.9852436,0.9881424,0.98255163,0.9874253,0.9901782,0.9895858,0.985333,0.98075306,0.9881604,0.98461044,0.9781569,0.98633385,0.9843234,0.9836881,0.99058497,0.98380893,0.9811767,0.98548627,0.97787315,0.9871855,0.98992753,0.9837349,0.9866004,0.98402005,0.990527,0.9894165,0.97294337,0.9901935,0.9850309,0.9909481,0.99186516,0.9894083,0.9887288,0.9747993,0.98611474,0.9855004,0.9903827,0.98712695,0.9841222,0.9834926,0.9941115,0.9879071,0.98575115,0.98580563,0.9895449,0.9806567,0.98954266,0.9902302
dollop,0.9794997,0.9766749,0.9761965,0.9734104,0.97681046,0.9758403,0.959382,0.9542038,0.9744078,0.971324,0.9790644,0.980319,0.9707239,0.97233033,0.9764067,0.9782933,0.9823157,0.9754522,0.97812736,0.9785856,0.97732395,0.969658,0.96950525,0.9757296,0.9798265,0.979331,0.9739355,0.9759391,0.97828037,0.9767053,0.98150796,0.97043115,0.9773369,0.9696899,0.9793792,0.98107654,0.9820457,1.0000004,0.98097193,0.96647614,0.9828293,0.97830796,0.9765983,0.97601444,0.9821718,0.9693059,0.9751939,0.97103244,0.9746602,0.9723305,0.97591347,0.9704573,0.96172255,0.9630739,0.9742561,0.97384495,0.9527901,0.9851729,0.96688306,0.98388666,0.9809548,0.98058164,0.9814787,0.98034626,0.9797581,0.97942793,0.9753681,0.9806876,0.97126836,0.9774108,0.9706711,0.9800704,0.9622928,0.98374027,0.97873724,0.97247267,0.9799874,0.9782619,0.97748303,0.98137194,0.9583926,0.9827918,0.9799532,0.97353536,0.9796698,0.9814889,0.97737336,0.9826303,0.97967637,0.9818885,0.9790473,0.9742157,0.9788416,0.9706786,0.9770192,0.9772168,0.9772455,0.9783917,0.9739576,0.9800594,0.97536117,0.98293257,0.9780896,0.9755032,0.96785825,0.9752192,0.9819037,0.97404736,0.97204447,0.97875285,0.9785792,0.96560025,0.97654843,0.9706792,0.97667176,0.9805637,0.9507175,0.6699475,0.9761371,0.9798727,0.9818643,0.98089755,0.97850585,0.98045856,0.9656072,0.9751224,0.97776854,0.98010945,0.97682744,0.9764286,0.971631,0.98279893,0.9740289,0.9818777,0.9739515,0.9731281,0.97875804,0.98250204,0.97996694,0.9798702,0.98028713,0.97327936,0.98041147,0.98133874,0.9749084,0.9821951,0.9773942,0.97988266,0.9747517,0.97941715,0.98075175,0.97826815,0.9861928,0.977081,0.98653233,0.9756747,0.97026867,0.9758117,0.981557,0.97941315,0.9766921,0.96493345,0.9767122,0.97415084,0.97988796,0.9738155,0.9857275,0.9802872,0.9800105,0.9774641,0.96613604,0.97891736,0.9788955,0.9779652,0.98045737,0.9806491,0.98231417,0.98256224,0.98115283,0.98435855,0.97282434,0.98028964,0.96326727,0.9772384,0.9799142,0.9783204,0.9796563,0.9839717,0.9678312,0.9811047,0.98233426,0.9791683,0.9748868,0.9762114,0.98064786,0.976824,0.98008275,0.98083633,0.9788996,0.9493185,0.9775419,0.9834699,0.97250384,0.9777024,0.8710513,0.98290753,0.9795964,0.9738616,0.9813188,0.9789927,0.9706668,0.981488,0.97988135,0.97708446,0.98165655,0.9807416,0.97263247,0.9785679,0.97811186,0.9753157,0.9789449,0.978391,0.9766053,0.97791284,0.97803384,0.9769213,0.98009664,0.980405,0.980307,0.9754211,0.97695214,0.97982705,0.97521114,0.9710221,0.9794163,0.98056084,0.9780298,0.98035467,0.9744312,0.97546023,0.9787161,0.97322303,0.9771701,0.98035437,0.97390705,0.9768793,0.9750954,0.9802106,0.98098826,0.96944344,0.98267776,0.9733001,0.976199,0.98260987,0.97966796,0.9757808,0.9648889,0.98112106,0.9758225,0.9785497,0.97268367,0.9762858,0.9751194,0.983883,0.9810959,0.9760112,0.97454476,0.97784096,0.97369134,0.9803958,0.98173815
scorching,0.98715967,0.9811973,0.9803133,0.9786219,0.97676885,0.9787053,0.9645353,0.9628135,0.97303545,0.97535056,0.9804892,0.9833559,0.9734984,0.97650695,0.98061293,0.9817403,0.98192364,0.98056084,0.9832012,0.983894,0.97616464,0.97754294,0.9823177,0.9829592,0.9811089,0.98302436,0.98171085,0.9791594,0.98250455,0.9917945,0.9844072,0.974034,0.9864389,0.9664566,0.9847758,0.9905787,0.9885408,0.98097193,1.0000001,0.97552437,0.98405373,0.9864954,0.9816724,0.9814999,0.9866729,0.972163,0.9758246,0.9767673,0.9879276,0.97200435,0.9787851,0.9787008,0.9680332,0.9637699,0.9849619,0.9837445,0.95922226,0.98780817,0.96830094,0.98491716,0.99336696,0.9823555,0.98341054,0.9812773,0.9808731,0.9839463,0.9812584,0.9832438,0.97554445,0.9878874,0.9769523,0.9819046,0.9680244,0.98589236,0.9796851,0.98192745,0.9839987,0.9820691,0.98438156,0.98341846,0.9610866,0.98535454,0.98290735,0.97844356,0.9835896,0.9834143,0.9816238,0.9850216,0.98294127,0.98417467,0.98576677,0.9776418,0.9825776,0.9698682,0.9820115,0.98605376,0.9804691,0.9841999,0.9784833,0.98266894,0.98698634,0.98415357,0.9810006,0.9809568,0.9742151,0.97978556,0.9829893,0.9706149,0.9781404,0.9835344,0.9813085,0.97200614,0.98010767,0.9731059,0.98099595,0.98365533,0.9529747,0.67280835,0.97714233,0.9895744,0.9862926,0.98591775,0.9894823,0.9836753,0.96719307,0.97889113,0.98087955,0.98768604,0.98328394,0.9828179,0.97703993,0.9848763,0.97687036,0.9837202,0.97756076,0.98223066,0.98278546,0.98624855,0.9833427,0.9850368,0.9825086,0.9773986,0.9810162,0.98317224,0.98882294,0.98176825,0.98314655,0.9830867,0.98035127,0.98609185,0.9848265,0.97941697,0.98536855,0.97928303,0.9703471,0.97701067,0.9740284,0.9828532,0.9909782,0.98193085,0.98030406,0.9650082,0.98175,0.9802901,0.9832756,0.97977865,0.9737825,0.97993356,0.98020846,0.9806527,0.9683881,0.9844959,0.9803314,0.97976243,0.9733262,0.9843358,0.98494583,0.9851567,0.9833134,0.9860979,0.9780696,0.9838216,0.974651,0.9817253,0.98396343,0.97878253,0.97621185,0.9851184,0.9712221,0.9873308,0.98540336,0.9847893,0.9791862,0.9787278,0.9820656,0.98181313,0.9847403,0.99250513,0.9811928,0.9506264,0.98010695,0.98449564,0.9772986,0.98091805,0.8793597,0.98153794,0.9836285,0.97825366,0.9882467,0.9831894,0.98077446,0.98375875,0.9882188,0.980908,0.984794,0.9838347,0.9839326,0.98038596,0.9770711,0.9805109,0.98418164,0.9810744,0.9788656,0.9814054,0.9820578,0.97958004,0.983858,0.98513687,0.99013454,0.9790075,0.98099774,0.9836983,0.9824948,0.97607875,0.9843943,0.9802743,0.98183376,0.98386365,0.9789089,0.97933316,0.9803842,0.97997856,0.98133427,0.9888512,0.9778644,0.9839789,0.9783816,0.9831357,0.9850486,0.971747,0.9876196,0.98179674,0.98820204,0.99154115,0.9926099,0.98089737,0.97174186,0.983591,0.98312247,0.98598015,0.9797088,0.9831555,0.9775541,0.98953414,0.9854883,0.9799528,0.9805014,0.9827067,0.9753869,0.98335916,0.98565304
tilt,0.97638077,0.97184354,0.9796192,0.97378755,0.9705837,0.9712927,0.9599815,0.9525049,0.96565545,0.9675462,0.9715318,0.9748584,0.9664737,0.968207,0.97289926,0.97959614,0.97749865,0.97399855,0.9690572,0.9795712,0.96909267,0.9648538,0.9676648,0.97369915,0.97189397,0.97507775,0.9764246,0.9734339,0.9745688,0.9737637,0.98085064,0.96890867,0.9732797,0.9495297,0.97438145,0.97711444,0.97749346,0.96647614,0.97552437,0.99999994,0.9731199,0.980903,0.9748906,0.9742123,0.9796831,0.964016,0.97015554,0.96585184,0.9774026,0.9617085,0.9707116,0.966448,0.96461606,0.9539132,0.97037756,0.9722892,0.9478689,0.978571,0.959888,0.9743781,0.9784705,0.9721604,0.9765166,0.9745971,0.97549355,0.9781332,0.97515666,0.97489554,0.9648495,0.9736169,0.9702422,0.9700961,0.96025634,0.97703815,0.9739033,0.972333,0.9739428,0.97875696,0.9715334,0.9767886,0.95458114,0.97936285,0.9788619,0.96584207,0.9748185,0.980519,0.9715558,0.97150695,0.9800169,0.9770834,0.97384435,0.97719675,0.9725255,0.96150553,0.97180367,0.97601056,0.97232705,0.9746014,0.9772522,0.9804122,0.97290105,0.9763787,0.97194904,0.9729023,0.9658768,0.9697018,0.97634566,0.9625911,0.9686931,0.9744905,0.9730238,0.96301025,0.96919346,0.9681412,0.97107,0.9810569,0.9467463,0.6583664,0.97152853,0.97819465,0.9756078,0.9764256,0.97764534,0.9774003,0.9605773,0.965266,0.97477984,0.97446156,0.9744126,0.9744201,0.97046155,0.976892,0.9670068,0.9777814,0.96966976,0.9710327,0.9732925,0.9753352,0.9711386,0.9791915,0.97424644,0.9696597,0.97243994,0.9746231,0.96873605,0.97769755,0.97116625,0.9752102,0.9692842,0.9779183,0.972504,0.97274375,0.97803354,0.9690057,0.9574454,0.9696647,0.96859336,0.9673295,0.98149484,0.97451425,0.9747401,0.95975864,0.9712217,0.9708197,0.9745396,0.97103226,0.9653974,0.97165376,0.97143614,0.9718743,0.9619418,0.9723303,0.97193205,0.97020197,0.9652955,0.97635925,0.97888905,0.98064196,0.97373277,0.9741309,0.97051626,0.9744287,0.9638887,0.97285503,0.97508293,0.9670285,0.9657988,0.9749527,0.9645417,0.97573495,0.9733963,0.97750574,0.9713602,0.9737297,0.972808,0.9737158,0.97458506,0.97815967,0.9728681,0.94431746,0.9731534,0.9728583,0.96993953,0.97577125,0.8606261,0.9697927,0.9727524,0.9719204,0.98156613,0.9707176,0.96871305,0.97270703,0.9811622,0.96758324,0.97611547,0.9719742,0.9729534,0.96865195,0.9617459,0.96901745,0.9748768,0.97298616,0.97100854,0.9721429,0.97204965,0.9681521,0.9765777,0.97903997,0.9793878,0.97114503,0.9675731,0.9772164,0.9670355,0.96885926,0.9743952,0.9693912,0.97249794,0.9812141,0.96724045,0.965045,0.9724962,0.98315024,0.9692596,0.9792612,0.97005415,0.9724146,0.97331506,0.97472864,0.97707766,0.9608843,0.97522885,0.97452784,0.97845083,0.98279476,0.9773893,0.9716527,0.96282005,0.9775102,0.9726821,0.9825975,0.9686992,0.9723559,0.967273,0.975858,0.9738745,0.9716761,0.970832,0.97344553,0.96885824,0.9740016,0.97402275
muddle,0.98840094,0.98764545,0.9816991,0.9884102,0.9844424,0.9852242,0.9638034,0.9703695,0.97334343,0.98198235,0.984955,0.9856532,0.97668105,0.9808115,0.98683685,0.9839748,0.9846176,0.9875409,0.97988343,0.9852313,0.9797464,0.9749878,0.97465056,0.98107487,0.98208284,0.9846528,0.98139083,0.98445034,0.9865392,0.98354137,0.98815656,0.97799975,0.9799187,0.9640084,0.9859347,0.9870652,0.989886,0.9828293,0.98405373,0.9731199,1.0000002,0.98339635,0.983663,0.9839357,0.9880433,0.97411484,0.9832711,0.98002774,0.9828616,0.9769769,0.9810865,0.98102397,0.9694556,0.97136855,0.9834717,0.982591,0.9596746,0.98927927,0.9716312,0.98747444,0.9869109,0.9812526,0.9903266,0.9882151,0.9828668,0.9890718,0.9862271,0.9897773,0.97517276,0.9829439,0.9762906,0.98475534,0.9694593,0.9871982,0.984938,0.97937876,0.98790693,0.9862307,0.98371786,0.98919207,0.96345437,0.9887696,0.986135,0.98368675,0.98974055,0.9878521,0.98506004,0.98916453,0.9849208,0.9875356,0.98694056,0.9827777,0.9884441,0.97398037,0.9885269,0.9856122,0.97947335,0.984727,0.980997,0.9866599,0.9819432,0.9907334,0.9850215,0.9827304,0.977854,0.9807712,0.98477036,0.97539395,0.97986275,0.98640734,0.9892708,0.9741516,0.9835417,0.97994804,0.98471946,0.986677,0.961797,0.6702208,0.9841404,0.987456,0.9876152,0.9889254,0.985637,0.9870572,0.96940345,0.98259705,0.9852353,0.9852494,0.98544866,0.98555034,0.97995096,0.9879671,0.98029673,0.98686206,0.9813592,0.98252225,0.9858896,0.9881205,0.98457485,0.9875953,0.98243177,0.9839295,0.9846478,0.9862122,0.9778954,0.98893285,0.98603046,0.986624,0.97936314,0.9849685,0.991187,0.98363954,0.9883471,0.9814166,0.9769975,0.98450893,0.9824199,0.98375094,0.9879497,0.98488444,0.98387915,0.97517794,0.9877389,0.978707,0.98852265,0.9841792,0.9775132,0.9877778,0.9858297,0.98541707,0.9720979,0.9836482,0.98967594,0.9883056,0.9750271,0.9894185,0.98517656,0.9885607,0.98576576,0.9865425,0.9788343,0.98822314,0.97100884,0.9835849,0.98885584,0.9823104,0.97976434,0.98848057,0.97515905,0.9870499,0.99082464,0.98910266,0.98096097,0.97995126,0.9853277,0.9856523,0.98461616,0.98841333,0.9833919,0.9505292,0.983333,0.98698175,0.98280096,0.98535377,0.8792488,0.98716396,0.98739934,0.984968,0.98994935,0.98639554,0.9794226,0.9864746,0.9873117,0.9834033,0.9871744,0.9873995,0.9814201,0.9843314,0.97937685,0.98782784,0.9843465,0.98632234,0.9866337,0.9843896,0.9873754,0.98211,0.9864554,0.98803556,0.98750436,0.9832144,0.9809618,0.9881882,0.98505276,0.9797981,0.98560673,0.9838505,0.9844751,0.9863131,0.9843081,0.9806523,0.9846082,0.9757799,0.9856317,0.9874291,0.9820153,0.9876274,0.9861284,0.9915886,0.98890805,0.9733416,0.98947334,0.98185897,0.9870224,0.99016327,0.98606306,0.9858352,0.9716607,0.98549974,0.98336023,0.98604584,0.9821066,0.9851658,0.9802747,0.9924734,0.98853624,0.98528695,0.9818554,0.9887185,0.98355687,0.9879517,0.987865
deglaze,0.9852774,0.9842252,0.98514014,0.98030317,0.9804722,0.97975224,0.9683259,0.95772123,0.97350955,0.97803956,0.97907346,0.9857752,0.97451687,0.9777757,0.9814704,0.98676157,0.98631084,0.9830203,0.978594,0.9884311,0.9830812,0.97744846,0.97553277,0.9863026,0.9811092,0.98578304,0.98499095,0.97957873,0.98224133,0.9833733,0.9885575,0.9769579,0.98051405,0.95910174,0.9854867,0.9871502,0.9884086,0.97830796,0.9864954,0.980903,0.98339635,0.99999994,0.98336536,0.9830005,0.9870825,0.97066313,0.9782045,0.9775209,0.98635924,0.973052,0.9795888,0.9773462,0.96958864,0.9648348,0.9793693,0.97988516,0.95970875,0.98800284,0.96419984,0.9841493,0.99037147,0.9803416,0.98650724,0.9831454,0.98593086,0.9840194,0.9813466,0.9834539,0.97658086,0.9861402,0.9809751,0.9825598,0.9691328,0.98372376,0.98173547,0.98007745,0.98383206,0.98661286,0.98173606,0.9848725,0.9602156,0.98618585,0.986973,0.97784746,0.98309416,0.9886678,0.9831751,0.9836048,0.9884834,0.98853284,0.9818501,0.98446274,0.9852116,0.9713142,0.9804463,0.98738813,0.9807808,0.9831424,0.9854563,0.98827016,0.9877942,0.9882211,0.9811892,0.9769922,0.9722164,0.97630537,0.98468626,0.96906686,0.97592264,0.9827242,0.98335254,0.97053605,0.9783469,0.97503304,0.9801264,0.9890345,0.9516934,0.6706143,0.978852,0.98902446,0.9840361,0.9849457,0.9909402,0.9865863,0.96516895,0.9775519,0.9822708,0.9839434,0.9809855,0.9817137,0.9797322,0.9855216,0.9762109,0.98701125,0.98194075,0.98201174,0.97967315,0.98734784,0.9843404,0.98734844,0.9861697,0.9786633,0.98143494,0.98316395,0.979378,0.98537457,0.9825146,0.9834313,0.981992,0.9895427,0.98425287,0.9833733,0.98871094,0.9782468,0.9697831,0.9772515,0.9761212,0.9820415,0.9883181,0.98310953,0.982235,0.9639647,0.9831762,0.9759503,0.9817871,0.9781464,0.97586566,0.9830448,0.9813758,0.9797439,0.96826345,0.98207605,0.9798197,0.9801368,0.9776227,0.9847366,0.98942393,0.9895196,0.9875028,0.98419404,0.97585267,0.9844939,0.96756625,0.9795451,0.9847967,0.97711074,0.97948956,0.98535544,0.9738055,0.9875601,0.98526096,0.98667645,0.97850204,0.97918266,0.9834821,0.98130083,0.98471546,0.9894163,0.9800854,0.94805884,0.9807609,0.9859238,0.97856706,0.9829082,0.8724419,0.9808456,0.9822333,0.98008704,0.99227315,0.9829297,0.97704923,0.9836916,0.98943526,0.9782551,0.9866962,0.9817831,0.978372,0.9791186,0.97718173,0.98086894,0.98280525,0.9849307,0.9803098,0.97991157,0.9814843,0.9832079,0.9857413,0.98454916,0.9881473,0.97989064,0.9795409,0.98433316,0.97993857,0.9746636,0.98161304,0.9822755,0.979036,0.98940444,0.9774387,0.9767461,0.9798692,0.9816888,0.97916836,0.98956096,0.97685087,0.9826511,0.9772101,0.98453116,0.9846169,0.9692487,0.9851852,0.9851893,0.98755854,0.9905539,0.9869775,0.980379,0.97192746,0.98607326,0.9829499,0.9871403,0.97674894,0.9797926,0.9827276,0.98980194,0.9837424,0.9793937,0.9771596,0.9831045,0.97496,0.9853022,0.9875847
freezing,0.9852274,0.9822243,0.9842538,0.9798095,0.97534317,0.9802488,0.96549964,0.9590382,0.9754817,0.9756169,0.98074067,0.9845231,0.9738845,0.97457033,0.9818351,0.98320436,0.9829646,0.98218054,0.9769443,0.98124516,0.97422135,0.9748815,0.9743109,0.97653735,0.9822255,0.98065364,0.98242307,0.9800293,0.98252964,0.97805583,0.9890906,0.9782947,0.9807832,0.95579165,0.9798704,0.9832635,0.98507565,0.9765983,0.9816724,0.9748906,0.983663,0.98336536,1.0000002,0.9806882,0.9855414,0.974977,0.97807384,0.97715497,0.9816736,0.9680056,0.9801523,0.9751674,0.9654516,0.9652073,0.98001516,0.97849214,0.9548283,0.9840903,0.96643484,0.9826991,0.9824979,0.9805692,0.9843188,0.982353,0.98030627,0.98633176,0.9841223,0.98338675,0.9725075,0.9762213,0.9740725,0.9802571,0.96824896,0.9844336,0.9807765,0.97887623,0.98068994,0.98487526,0.98412883,0.9837712,0.96329224,0.98606837,0.98707217,0.9758726,0.9829739,0.9876851,0.9822468,0.97946864,0.98627007,0.98629534,0.98434013,0.9846645,0.98453736,0.9676695,0.978174,0.9816112,0.98048836,0.97998136,0.98194313,0.9863975,0.973847,0.98635626,0.98291194,0.98145145,0.97436565,0.97899246,0.98325425,0.9711221,0.9754813,0.98583853,0.9840115,0.9707746,0.97978604,0.9663104,0.9783448,0.98740983,0.9577665,0.67505455,0.9812025,0.9855649,0.98327506,0.9834559,0.9822529,0.9838922,0.96634257,0.9755042,0.9834764,0.97905874,0.9779922,0.9820136,0.97825617,0.98418206,0.97265303,0.9844207,0.9795894,0.97473323,0.9805884,0.9850659,0.98156506,0.98537093,0.9814006,0.9759962,0.98082906,0.9813296,0.9733491,0.98465097,0.980217,0.98147136,0.97997034,0.9852768,0.9822509,0.98186225,0.98491937,0.97507215,0.97030866,0.9801394,0.97638017,0.9788016,0.984647,0.98377424,0.9823514,0.9652906,0.98145866,0.9791014,0.9820924,0.97653764,0.9707928,0.9801489,0.98126626,0.9783971,0.97014076,0.9798944,0.98213315,0.9789604,0.9720093,0.9833525,0.98766845,0.9876658,0.9830713,0.9827387,0.9788955,0.98294646,0.968883,0.98003966,0.98168325,0.9741027,0.9751135,0.9841959,0.9710932,0.98498285,0.983785,0.98476285,0.97931373,0.977353,0.98158133,0.9790638,0.9796439,0.98425823,0.98366547,0.95083505,0.97980666,0.9837352,0.97631973,0.9855267,0.86752653,0.9783713,0.98152715,0.9809865,0.98767745,0.98639035,0.9755756,0.9771203,0.9849879,0.98004794,0.9848757,0.98195183,0.97837746,0.9779116,0.9737034,0.98242074,0.98442596,0.97938925,0.97862923,0.98446894,0.98105425,0.97821283,0.9842427,0.98319894,0.9843604,0.9782688,0.9768258,0.986365,0.97998863,0.9751326,0.98335326,0.98007613,0.9800948,0.98682433,0.9762995,0.9791381,0.9783375,0.97574955,0.9800977,0.98536676,0.9749455,0.98204124,0.9815711,0.9830861,0.98647624,0.968499,0.9826185,0.9816259,0.98433334,0.98524696,0.9828547,0.98063684,0.9698155,0.9848107,0.9843995,0.9881112,0.97823024,0.9818782,0.98297834,0.98328435,0.98394096,0.98018944,0.9776621,0.98500955,0.9743697,0.98279315,0.9825631
parboil,0.9875875,0.98268694,0.9847985,0.9797579,0.98091656,0.9794127,0.96573603,0.9613505,0.9731203,0.976885,0.9781333,0.9833023,0.97855437,0.98262066,0.98041993,0.9846316,0.9892234,0.9866324,0.9779529,0.9876523,0.98056394,0.9750483,0.97584724,0.9817351,0.9807852,0.9844435,0.9865902,0.98370576,0.9801966,0.9783431,0.9868856,0.98286635,0.97966564,0.96207106,0.9831867,0.9865399,0.98448837,0.97601444,0.9814999,0.9742123,0.9839357,0.9830005,0.9806882,1.0000002,0.9894797,0.97108805,0.97516066,0.98292387,0.9826507,0.97094136,0.9782383,0.98109746,0.9680414,0.9647577,0.9807295,0.9809761,0.96273494,0.986788,0.96684146,0.98459345,0.9845204,0.97602427,0.9837584,0.9837801,0.9799702,0.98427373,0.9808933,0.98358995,0.97611004,0.97851604,0.97698575,0.98188967,0.96880484,0.9843355,0.98195636,0.97611874,0.9798405,0.98694515,0.9818817,0.9839006,0.9636672,0.98666847,0.9923213,0.9766206,0.98430794,0.9849529,0.9873666,0.98257875,0.9894581,0.9832336,0.9815637,0.988773,0.9837609,0.96795034,0.97964275,0.9823883,0.9775631,0.98291945,0.9798968,0.9889949,0.980179,0.9823584,0.979979,0.9812642,0.9763312,0.9751718,0.9842997,0.9703587,0.97830814,0.98157275,0.98492104,0.9710449,0.9779096,0.97155625,0.9814067,0.9854672,0.954631,0.6741549,0.9764363,0.9873619,0.9824467,0.9818649,0.9856542,0.9885222,0.9592186,0.97576886,0.9811177,0.98112446,0.97999364,0.98358,0.9820132,0.98495865,0.9743929,0.9861412,0.97651565,0.97819304,0.97966665,0.98204803,0.98120975,0.9950122,0.9820188,0.9776967,0.98132384,0.98267406,0.97326416,0.9863737,0.98143333,0.9870126,0.9779359,0.986207,0.98302996,0.9814896,0.98903066,0.9748295,0.9652034,0.9770669,0.9786602,0.9808029,0.9894529,0.9810308,0.979506,0.9684981,0.9807431,0.97623485,0.9810061,0.97551626,0.97224814,0.9819151,0.9824014,0.97923344,0.96713036,0.97989565,0.9805829,0.97869843,0.97131157,0.98443043,0.9869085,0.9881623,0.9847842,0.9854115,0.97887605,0.9897115,0.9679867,0.9776654,0.9842403,0.9741526,0.9807087,0.98537344,0.9829533,0.9819468,0.98466086,0.9904007,0.9818702,0.97630364,0.9808464,0.98523766,0.98789084,0.98908925,0.9796701,0.9572798,0.9788521,0.98251915,0.9762151,0.98285985,0.87951744,0.97798586,0.98169756,0.98071784,0.98688495,0.9817098,0.9771353,0.98049057,0.9942049,0.97821945,0.98611695,0.9821285,0.9798117,0.97811425,0.97021204,0.9836519,0.9828688,0.982763,0.97892654,0.9805688,0.9807429,0.98307186,0.98805785,0.98639506,0.99236,0.9782276,0.97850007,0.9824853,0.9792291,0.97389454,0.9841374,0.98108184,0.97969395,0.9902824,0.97315884,0.97496074,0.9759863,0.97702,0.97635835,0.9890776,0.9770573,0.9819067,0.9786132,0.983731,0.9847985,0.96932435,0.9846089,0.9813418,0.98312014,0.9893384,0.9888683,0.9786981,0.96991694,0.9857627,0.98064244,0.98561966,0.9744563,0.98042965,0.98117566,0.984257,0.98829716,0.9801138,0.977678,0.98378515,0.97496444,0.981639,0.985777
baste,0.9920206,0.9856757,0.98983806,0.9830956,0.9833121,0.9841464,0.96879107,0.9646287,0.9768807,0.9817023,0.98417366,0.98715955,0.977135,0.9824724,0.9862572,0.9907051,0.9892607,0.9879406,0.9844306,0.99146867,0.98236096,0.9789397,0.9828197,0.9856834,0.9857116,0.98829186,0.9862061,0.98865116,0.9878692,0.9845083,0.99097365,0.9813465,0.9848877,0.9695679,0.98804206,0.99182016,0.9898311,0.9821718,0.9866729,0.9796831,0.9880433,0.9870825,0.9855414,0.9894797,1.0000001,0.9746511,0.98261964,0.98266935,0.9872278,0.9758993,0.9829147,0.983382,0.9708751,0.96933866,0.98528284,0.9837522,0.96596444,0.98980534,0.97909564,0.99088,0.9906145,0.98374504,0.9879431,0.9860322,0.9891921,0.9874981,0.98979527,0.9872346,0.9776898,0.9844237,0.98266065,0.98613816,0.98118216,0.98760444,0.9849195,0.9845897,0.9875963,0.99272966,0.98562664,0.98722,0.9630967,0.99115443,0.99263924,0.98098856,0.98893106,0.9901878,0.98960763,0.9904123,0.9923343,0.99046284,0.98786855,0.98939073,0.9880115,0.97210485,0.9873155,0.98551875,0.9819413,0.99048114,0.9889949,0.9902196,0.98558474,0.9888433,0.9819035,0.98164576,0.97865194,0.9798229,0.9879737,0.976369,0.9792329,0.98672485,0.99044687,0.9749016,0.98033285,0.9788295,0.98503697,0.99210405,0.9668537,0.6656674,0.98422843,0.992054,0.99092597,0.9884637,0.98924404,0.9898524,0.97050136,0.9825576,0.9850057,0.9919795,0.98866045,0.986285,0.9844845,0.98935604,0.97922397,0.9896873,0.9806168,0.98416835,0.9860293,0.98877025,0.9878792,0.99196625,0.98803896,0.98791474,0.98274165,0.9938236,0.98284656,0.9910623,0.9882274,0.98654705,0.9825135,0.9917394,0.9885068,0.9854746,0.99243927,0.98401785,0.9723339,0.98280597,0.9817599,0.98502344,0.99147284,0.9860612,0.9840384,0.9681278,0.9877283,0.98011196,0.9869203,0.983368,0.97848684,0.98716384,0.98558706,0.98218673,0.97203,0.9855946,0.9852078,0.9836795,0.9795979,0.9887474,0.99064463,0.9939563,0.9910201,0.98803806,0.9821847,0.9886793,0.97975826,0.9813362,0.9885372,0.9835091,0.98351574,0.98928136,0.98410183,0.9874429,0.9892216,0.99145854,0.9818738,0.98319423,0.9862633,0.98511213,0.98925734,0.9915849,0.9859982,0.95886165,0.98436904,0.9874173,0.98176324,0.98687875,0.88498807,0.98572767,0.9868721,0.98491514,0.9918741,0.9880041,0.9831685,0.9867176,0.9934103,0.9826815,0.9888551,0.9893484,0.98480564,0.98326725,0.97682106,0.98529935,0.98465365,0.9881574,0.9820428,0.98812467,0.9873579,0.9842765,0.98749864,0.9914539,0.9911172,0.99062103,0.9872426,0.9862898,0.98301107,0.97781724,0.98524827,0.98846805,0.98522276,0.99505544,0.9815388,0.97920966,0.9847725,0.98025995,0.9829444,0.99122196,0.980795,0.98667306,0.98437315,0.98980236,0.98956853,0.9769018,0.99115485,0.98591375,0.988427,0.9921835,0.9902824,0.9853249,0.97624165,0.98943764,0.98638356,0.9920455,0.98279214,0.98667455,0.9838706,0.990829,0.98792493,0.9832888,0.9830371,0.9902091,0.9781739,0.98815286,0.9882828
scrub,0.97359395,0.97496474,0.9711691,0.9690878,0.9648528,0.9748252,0.9651832,0.95498127,0.9756847,0.9685978,0.97545224,0.97488624,0.9628332,0.96672004,0.97721606,0.9708222,0.9726732,0.97193146,0.96840876,0.96928877,0.9631417,0.96722984,0.962591,0.96885395,0.97045696,0.9670857,0.97082305,0.9715825,0.98109066,0.96925867,0.98050535,0.9732725,0.96901244,0.9501457,0.96966106,0.9736503,0.97305506,0.9693059,0.972163,0.964016,0.97411484,0.97066313,0.974977,0.97108805,0.9746511,0.99999976,0.9736887,0.9681953,0.96761304,0.9608316,0.96587485,0.96115845,0.9528576,0.9520987,0.9711657,0.9701049,0.9434447,0.9739718,0.9579199,0.9757796,0.9714572,0.9768285,0.9742816,0.9715326,0.9679202,0.97239536,0.96846116,0.97449327,0.96668893,0.9660351,0.9689229,0.9729394,0.9579342,0.97212446,0.96975833,0.9697906,0.9740004,0.9688714,0.97632897,0.9728834,0.94502646,0.9796197,0.97382236,0.9665221,0.9755627,0.9754831,0.97201836,0.9770014,0.9725678,0.9695411,0.9742724,0.9707754,0.9715932,0.9720162,0.9729411,0.97475195,0.98234034,0.9707907,0.96532786,0.97373503,0.96611834,0.976161,0.97125196,0.9679237,0.9639674,0.96300423,0.97819716,0.9646668,0.9692971,0.97560406,0.9727981,0.9541729,0.9670856,0.96383566,0.97363293,0.97311604,0.9473823,0.6552898,0.97456247,0.9731757,0.9749169,0.97703344,0.97158635,0.98162735,0.9625813,0.96291155,0.9698212,0.97055167,0.96902794,0.97609216,0.96591884,0.98095,0.9670335,0.9811621,0.97101825,0.96647465,0.9755819,0.972536,0.9701431,0.97488534,0.9712595,0.96759385,0.96931034,0.97126275,0.9659441,0.97629535,0.96666735,0.97070265,0.9663733,0.97130394,0.9764959,0.9734915,0.974534,0.96908224,0.96096873,0.9691868,0.96701103,0.9705791,0.9757316,0.9744279,0.9732373,0.9578705,0.97318554,0.9672129,0.97792363,0.9691596,0.96760976,0.96893156,0.97064275,0.9717276,0.9867614,0.9687534,0.9726561,0.9712229,0.9639454,0.9726494,0.97765076,0.9748285,0.9703145,0.9716303,0.9658486,0.97546965,0.9588306,0.96642905,0.9693858,0.97437173,0.9625092,0.9715225,0.96224755,0.97480613,0.9733274,0.97445846,0.9624807,0.9681607,0.97080696,0.9690283,0.9691929,0.9746968,0.9727764,0.9412471,0.9730343,0.974841,0.97135544,0.9742307,0.86517245,0.9690194,0.97773117,0.96901584,0.97483975,0.9734436,0.96518385,0.97115237,0.9743304,0.9702378,0.9760568,0.9740497,0.97032255,0.96679294,0.95829546,0.97500306,0.9696589,0.9712715,0.97505385,0.9744875,0.9750853,0.96820873,0.9717742,0.9756436,0.9762732,0.96602625,0.96830904,0.9704992,0.9754557,0.9603441,0.97381574,0.9669314,0.9664826,0.97244155,0.9700015,0.96736205,0.9730653,0.96647155,0.97656035,0.97439605,0.9714067,0.97716844,0.9656094,0.9772506,0.97090137,0.9610893,0.9756845,0.96668607,0.97376335,0.9787839,0.97349197,0.9735587,0.96263856,0.97954535,0.9696982,0.9772589,0.96996224,0.9714452,0.9684721,0.9753449,0.97621375,0.9739144,0.975665,0.97500277,0.97398156,0.9750672,0.97365993
defrost,0.9818363,0.9844802,0.9757648,0.97777367,0.9756945,0.9754101,0.9746177,0.9607668,0.9676192,0.97277385,0.9797217,0.97771776,0.96543795,0.9721688,0.9791849,0.9777734,0.9780067,0.9810198,0.9768887,0.97789335,0.9725037,0.9677262,0.96813905,0.97450536,0.97693,0.97796947,0.9721922,0.97891754,0.98024607,0.9721984,0.9870225,0.9764171,0.9722376,0.966884,0.97778106,0.9804956,0.983165,0.9751939,0.9758246,0.97015554,0.9832711,0.9782045,0.97807384,0.97516066,0.98261964,0.9736887,1.0000001,0.97187227,0.97585183,0.96845746,0.9754897,0.9697009,0.95678073,0.9628233,0.97528815,0.9717958,0.950384,0.9784011,0.97064435,0.979922,0.97990394,0.98367715,0.9835971,0.9763531,0.9763374,0.9820509,0.9865088,0.98066753,0.9665356,0.9735335,0.9709413,0.9792053,0.96501946,0.9785832,0.9768854,0.9729867,0.98118,0.97818136,0.9794244,0.98099416,0.9554081,0.9877073,0.977391,0.97621924,0.98240006,0.9829951,0.9779415,0.9828924,0.97781456,0.9786266,0.97953784,0.9752899,0.98314655,0.9758117,0.9783549,0.9788666,0.97960645,0.97683144,0.9728754,0.9790425,0.97227556,0.98596156,0.97445524,0.9723359,0.96809286,0.9689688,0.9844993,0.9712628,0.9776414,0.98066396,0.9831501,0.9612098,0.9724143,0.96939,0.9768355,0.98196507,0.9548437,0.67214024,0.9978736,0.9791164,0.9868712,0.9822013,0.97805226,0.9847896,0.9673203,0.97142005,0.97806644,0.9760653,0.979346,0.9772969,0.97114164,0.98445463,0.9707498,0.98379725,0.980277,0.97090685,0.98209333,0.978382,0.9797335,0.9797921,0.97913754,0.9741946,0.9717756,0.9818632,0.9722112,0.9864244,0.9777827,0.97816455,0.9731717,0.9808576,0.98678046,0.97776496,0.98052895,0.97653055,0.9648928,0.97680426,0.9716472,0.9727321,0.979417,0.9801816,0.9798727,0.96202934,0.98279786,0.9715541,0.9833201,0.9756208,0.97522867,0.9765833,0.9777713,0.972782,0.97298604,0.97493815,0.97888243,0.978167,0.9672343,0.9820433,0.9857352,0.9812211,0.9806034,0.9782603,0.96974754,0.9784743,0.965271,0.9717758,0.9789543,0.9834195,0.97389853,0.98261863,0.96801937,0.97915614,0.9801757,0.9824047,0.9707527,0.975885,0.9785507,0.9745163,0.97930646,0.9798682,0.9783641,0.94740003,0.9758784,0.9785781,0.9732047,0.9789722,0.87402064,0.98125756,0.98293436,0.9757739,0.98260427,0.98288214,0.9755154,0.9789034,0.97895133,0.9729152,0.9848063,0.98220354,0.9722774,0.9725937,0.96855885,0.9811425,0.9760263,0.97848403,0.9756452,0.9776757,0.9833382,0.9750219,0.9782692,0.9801946,0.97997844,0.9760527,0.9756501,0.97900176,0.97568816,0.96791923,0.97997344,0.97519946,0.9768364,0.9800454,0.9758677,0.9710363,0.980569,0.97074425,0.98347527,0.9794517,0.9705544,0.9800301,0.97668433,0.9807806,0.9782939,0.9660411,0.98352224,0.97393566,0.9819283,0.9825897,0.97759277,0.9807395,0.9684671,0.9852733,0.97383547,0.98066777,0.9756289,0.9760376,0.9735383,0.9837587,0.9782222,0.9758657,0.9807846,0.98308325,0.97172564,0.9809622,0.9797029
rising,0.98081034,0.98620045,0.9783401,0.98370427,0.97467965,0.98571616,0.9634576,0.95743144,0.9653059,0.9741879,0.9740867,0.9837345,0.97530335,0.97379607,0.9836513,0.9797322,0.9780998,0.9938268,0.9722505,0.9821742,0.9717903,0.9693212,0.9727192,0.9747517,0.9808942,0.98102653,0.9752485,0.9765736,0.97997916,0.9742304,0.9807,0.972411,0.97340286,0.95415145,0.9774931,0.9801443,0.9786278,0.97103244,0.9767673,0.96585184,0.98002774,0.9775209,0.97715497,0.98292387,0.98266935,0.9681953,0.97187227,1.0,0.98054755,0.96637905,0.97273713,0.978062,0.96288925,0.9640348,0.9770293,0.9774676,0.95669526,0.9803993,0.9641089,0.97836024,0.979041,0.9749581,0.9814676,0.9773094,0.97572964,0.9822331,0.9775448,0.9823322,0.9709304,0.97392195,0.97251445,0.98310405,0.9707761,0.9757874,0.98038423,0.9744994,0.97693086,0.98138225,0.982233,0.9777655,0.9527294,0.98164517,0.9818166,0.9753272,0.9893389,0.9798519,0.9814341,0.97651625,0.9789694,0.97965366,0.98016477,0.97952044,0.98343486,0.96945345,0.97389114,0.982208,0.9759185,0.97677195,0.97526985,0.9803113,0.9738633,0.98069376,0.97626036,0.97957087,0.97168887,0.9739656,0.9772769,0.96932197,0.9755451,0.9809167,0.98701745,0.9683908,0.973778,0.9677333,0.9738323,0.9808999,0.956626,0.6669645,0.97320384,0.9814121,0.9777079,0.9814289,0.98023117,0.9811881,0.9596767,0.9736648,0.98205376,0.97692966,0.97430927,0.97804505,0.97835714,0.9804924,0.9696508,0.98110557,0.9758028,0.9722848,0.97738767,0.97924834,0.97831315,0.98401755,0.97431374,0.9734879,0.9751378,0.97819096,0.9699668,0.9805439,0.97744876,0.9808558,0.9741243,0.98062724,0.9790335,0.9819135,0.9814978,0.9728033,0.9622661,0.97315365,0.9765431,0.9734378,0.9834927,0.98261833,0.97808176,0.9636299,0.98377067,0.9706332,0.9777739,0.9727931,0.9669518,0.97846234,0.9809568,0.97490644,0.9684163,0.97616494,0.9800553,0.97677577,0.968508,0.9815453,0.98075473,0.9824667,0.98019767,0.97749406,0.97535646,0.9821998,0.9637082,0.97349274,0.98142314,0.97536105,0.9772228,0.9808978,0.9706029,0.9779401,0.981412,0.98250943,0.9743805,0.9752061,0.98085374,0.9766706,0.9784856,0.98293304,0.9799858,0.95108265,0.9832262,0.9797175,0.9722254,0.9867704,0.87639344,0.97396237,0.9850282,0.9818492,0.984805,0.9765954,0.97277147,0.9723841,0.9838364,0.9709733,0.9833954,0.9768431,0.97668165,0.9742025,0.9695142,0.9821068,0.976875,0.9800086,0.9747232,0.97905296,0.9815838,0.9763349,0.97966117,0.98156506,0.9856913,0.9750806,0.9736226,0.9770436,0.97627854,0.968433,0.9771413,0.9800092,0.97438985,0.98020697,0.97125065,0.96869314,0.9732317,0.96922064,0.9744847,0.98403317,0.9721326,0.97729135,0.9731,0.9783005,0.9809545,0.96154594,0.98019975,0.9807523,0.97708184,0.9839616,0.9822897,0.9775173,0.96407676,0.97966146,0.9793838,0.9800559,0.9709723,0.9771484,0.9792479,0.98076934,0.98180664,0.97525537,0.97375363,0.9797041,0.97158724,0.98144585,0.97868675
preheat,0.98655486,0.9816854,0.9814191,0.98062074,0.97954375,0.9800023,0.96234936,0.9578006,0.9685634,0.9752282,0.97586304,0.98576415,0.9745806,0.9761897,0.9800456,0.9823272,0.981791,0.9847613,0.9787187,0.9871718,0.9763502,0.97496504,0.9825724,0.98315555,0.98002833,0.98409206,0.9787696,0.9809787,0.97927266,0.98369926,0.98309094,0.9709122,0.9828955,0.9596169,0.98815334,0.98935276,0.9868688,0.9746602,0.9879276,0.9774026,0.9828616,0.98635924,0.9816736,0.9826507,0.9872278,0.96761304,0.97585183,0.98054755,1.0,0.9740686,0.9769809,0.97822857,0.96775526,0.9651495,0.98196876,0.98461455,0.9599461,0.9854473,0.9658337,0.9816848,0.9909305,0.9804382,0.98159623,0.98007596,0.9809262,0.9833099,0.9829428,0.981175,0.9702635,0.9850223,0.977533,0.9837997,0.9715272,0.981785,0.97996217,0.9797764,0.9830389,0.9848069,0.9838022,0.98160636,0.95806885,0.98525256,0.98430395,0.9774593,0.98506945,0.9842565,0.9826188,0.9804984,0.9829855,0.98520947,0.98365563,0.98023874,0.9834355,0.96830946,0.98036397,0.9845885,0.9779458,0.9810173,0.98020834,0.9841239,0.9846833,0.98350805,0.97803015,0.9792181,0.9740847,0.97722507,0.9805368,0.96842104,0.9771869,0.9807611,0.98398614,0.97547454,0.97743124,0.9746478,0.9787507,0.984782,0.9537758,0.6793798,0.97912675,0.98951113,0.9851628,0.98560536,0.99130094,0.98413867,0.96535975,0.97817975,0.980928,0.98359466,0.9821116,0.98111796,0.97792804,0.98433274,0.974922,0.98495376,0.9754418,0.98123956,0.9822055,0.9862523,0.9823374,0.9870911,0.98079723,0.97819316,0.97845167,0.9831202,0.9821863,0.9823417,0.9818611,0.98350286,0.98434377,0.98692656,0.9825896,0.98016423,0.98507667,0.97919613,0.96669984,0.97654057,0.9758829,0.98114717,0.9895893,0.98136497,0.9807111,0.9633418,0.9819992,0.975194,0.9793754,0.9778253,0.969817,0.97949576,0.9796807,0.9801593,0.96971184,0.98415077,0.9795502,0.9780715,0.96956736,0.98276657,0.9838923,0.9854971,0.9848615,0.9819585,0.9827433,0.9823449,0.97029716,0.9781848,0.9867008,0.9764085,0.97715926,0.9833791,0.96961284,0.9854924,0.98355675,0.9871378,0.9774194,0.98038024,0.9806328,0.9805622,0.9857128,0.9923599,0.9796702,0.9509152,0.9812056,0.982351,0.97695935,0.9815664,0.88136005,0.9820803,0.9845752,0.9807198,0.98848706,0.9813279,0.98295945,0.979128,0.98916185,0.97770023,0.98283005,0.9802623,0.98356813,0.9762497,0.9750207,0.98162615,0.98230475,0.9824263,0.9775113,0.98049873,0.9827238,0.9807911,0.9821955,0.9842127,0.9889081,0.97981197,0.9785038,0.9823178,0.97769684,0.9739324,0.9807387,0.9814458,0.97861356,0.9842592,0.9769062,0.9748228,0.97945285,0.9779955,0.9772582,0.9893949,0.97590274,0.9808402,0.9808408,0.98248625,0.9831997,0.9672955,0.9859557,0.9945582,0.98544294,0.9893185,0.9906327,0.9782285,0.96965086,0.98132145,0.9841076,0.9855785,0.97566,0.9843991,0.9831262,0.9883524,0.9849179,0.976889,0.97605985,0.98275197,0.97412103,0.98169535,0.9836981
roux,0.97611296,0.9753916,0.9700063,0.9677598,0.9861625,0.9732448,0.9495855,0.9528252,0.9664484,0.96689695,0.97074175,0.9745453,0.9649118,0.9682451,0.97418976,0.97100866,0.9734518,0.9719986,0.97157186,0.9749955,0.9648866,0.966267,0.97395957,0.97071064,0.97035736,0.9774414,0.9648947,0.97096,0.9727676,0.9673164,0.9726344,0.9616651,0.9739551,0.95416564,0.98235136,0.97745097,0.9736303,0.9723305,0.97200435,0.9617085,0.9769769,0.973052,0.9680056,0.97094136,0.9758993,0.9608316,0.96845746,0.96637905,0.9740686,0.9999998,0.96734476,0.9728081,0.9597644,0.9596718,0.96915674,0.9681539,0.9437431,0.97427756,0.95654345,0.9717029,0.974416,0.9725897,0.97354424,0.97138464,0.97956604,0.9722886,0.9687313,0.9706027,0.9630942,0.96891886,0.9715495,0.97126156,0.95792145,0.9715306,0.969107,0.96848714,0.97507477,0.97242224,0.97413915,0.97248775,0.9501805,0.9769185,0.9744344,0.97038066,0.9749943,0.9753358,0.9717997,0.97689533,0.9718598,0.97604394,0.9734479,0.96916616,0.9748089,0.96038103,0.9749618,0.96871096,0.9669179,0.9709363,0.9748849,0.9738333,0.9682111,0.97520274,0.96880364,0.9654558,0.9620065,0.9669161,0.9711499,0.95846653,0.9647436,0.9717923,0.97668576,0.96027654,0.9686409,0.9625888,0.97086376,0.9742441,0.9423393,0.6646373,0.9685298,0.9781429,0.97616667,0.97292805,0.9747058,0.9734763,0.95997936,0.96649283,0.97225416,0.9710827,0.9745105,0.9690884,0.9691241,0.97442836,0.966683,0.9745123,0.97227174,0.97370815,0.97139084,0.9756038,0.9737101,0.97632277,0.97130257,0.97076315,0.9668295,0.97607195,0.9679912,0.97302145,0.97381055,0.9707925,0.96740013,0.97572464,0.9743171,0.9689302,0.9759462,0.9671909,0.9630362,0.9767424,0.96850085,0.9687083,0.9775903,0.97118986,0.971167,0.95998305,0.97479355,0.96542865,0.971581,0.9663023,0.9638922,0.9755697,0.9704517,0.9679279,0.95653796,0.9766733,0.97008884,0.9753084,0.9621572,0.97302914,0.972473,0.975234,0.9750888,0.9717628,0.96682864,0.9737414,0.96251476,0.96799564,0.9754697,0.9691321,0.971202,0.97576064,0.9591911,0.9723757,0.9758557,0.9750927,0.96688473,0.9682147,0.96929896,0.96848667,0.97307754,0.97822756,0.96808344,0.93842655,0.9715266,0.9725206,0.96832764,0.97152585,0.8665976,0.9740548,0.9722652,0.9690868,0.9758094,0.9696252,0.9695436,0.97081643,0.9762416,0.97126925,0.97403246,0.97444713,0.9724625,0.9671794,0.9679623,0.9707647,0.9715406,0.9804591,0.9673843,0.9700797,0.9715381,0.9711721,0.9730271,0.973258,0.97750616,0.9684383,0.96997947,0.9713797,0.96951467,0.9636021,0.9711457,0.97282624,0.9681277,0.97261775,0.9657389,0.9693119,0.97217745,0.9693909,0.97041684,0.9767627,0.96543807,0.9731726,0.9665099,0.9746622,0.97236574,0.9633245,0.9765882,0.97032416,0.9720584,0.97897273,0.97604537,0.9690704,0.96200347,0.9715982,0.96727955,0.97478867,0.966384,0.96965593,0.9648797,0.97581846,0.97346175,0.9708335,0.9682191,0.97272855,0.9656113,0.9745719,0.97897387
store,0.98089486,0.9782773,0.9773663,0.97396094,0.97472024,0.97503746,0.96188533,0.96319276,0.97302794,0.96877855,0.98137146,0.9812235,0.9707597,0.97186553,0.97497904,0.98017186,0.9821805,0.9771526,0.98137885,0.9812187,0.9751509,0.96789014,0.9715109,0.9773178,0.9875798,0.97881496,0.9738299,0.97532564,0.97654694,0.9749452,0.9815091,0.9680212,0.97911364,0.96752244,0.9809314,0.98059285,0.980053,0.97591347,0.9787851,0.9707116,0.9810865,0.9795888,0.9801523,0.9782383,0.9829147,0.96587485,0.9754897,0.97273713,0.9769809,0.96734476,1.0000001,0.97140455,0.9596909,0.9600858,0.9745024,0.9735803,0.9543154,0.9806536,0.97085166,0.98647624,0.9813315,0.9759464,0.97919834,0.9763187,0.9833275,0.97954637,0.9756104,0.9804554,0.9723038,0.97603685,0.9726119,0.980432,0.96463597,0.98012894,0.98097897,0.973712,0.9787306,0.97921807,0.97696877,0.97867984,0.9567011,0.98098505,0.9808381,0.9747157,0.979175,0.979843,0.9811138,0.9825649,0.98030216,0.9795027,0.9793717,0.9831099,0.97810614,0.9654394,0.97461206,0.97889453,0.97353387,0.9800394,0.9754923,0.9811767,0.97473305,0.98092294,0.9739871,0.9754007,0.9676465,0.96879166,0.97959983,0.9711836,0.9712058,0.9808963,0.9779307,0.96310264,0.9738186,0.97038686,0.977819,0.97872406,0.953851,0.6680515,0.97592044,0.9808389,0.9817056,0.9826983,0.9802309,0.9790471,0.9643887,0.9714994,0.97767454,0.97780067,0.9747747,0.97812575,0.9786951,0.980951,0.971555,0.9833143,0.9764579,0.96857744,0.9769934,0.98099923,0.9806019,0.98420227,0.97660226,0.97258747,0.97289395,0.97993684,0.9733843,0.98032427,0.9771598,0.98307383,0.9740613,0.982193,0.98397374,0.9768516,0.97932935,0.9852455,0.9694305,0.97834426,0.97217345,0.9753693,0.9807111,0.9796484,0.9756486,0.9602885,0.9763568,0.9714012,0.98079586,0.97265935,0.96873593,0.9770605,0.9791364,0.9745983,0.9647988,0.98142004,0.9797134,0.9762267,0.9666294,0.981527,0.98164845,0.98000675,0.97962344,0.9815665,0.9753133,0.985017,0.9663922,0.9743383,0.9793907,0.97644734,0.9763887,0.9857356,0.9653024,0.9782879,0.9826508,0.9817752,0.9759271,0.98609555,0.9800601,0.98496914,0.9816162,0.9820314,0.9745877,0.9484617,0.9752716,0.98164713,0.9723045,0.9792505,0.86620647,0.9820998,0.97995716,0.9747476,0.98087466,0.9865645,0.9737833,0.98105085,0.98061424,0.98681223,0.9800812,0.9805428,0.97583735,0.97172755,0.9713571,0.97616315,0.97701824,0.97551066,0.97695744,0.9775468,0.97835165,0.97665155,0.9821169,0.9818588,0.98281074,0.9768618,0.974722,0.97889465,0.9746444,0.97092444,0.9782976,0.97765523,0.9769169,0.9808495,0.9720033,0.98583156,0.9759184,0.9757033,0.9756148,0.98308784,0.97261643,0.97840506,0.97174793,0.97973126,0.98087454,0.9761844,0.9816052,0.9768995,0.9837223,0.9834831,0.980041,0.9769735,0.9661037,0.9794069,0.9791461,0.9814905,0.97579616,0.98176825,0.97355896,0.9818766,0.98278266,0.9727599,0.9762149,0.9835478,0.9731975,0.9790251,0.9810996
tie,0.9856766,0.9789146,0.97715026,0.9777363,0.9784464,0.97718894,0.9588246,0.9623758,0.9654709,0.97659117,0.9741315,0.9836597,0.97867894,0.979196,0.9785935,0.97827846,0.97611713,0.98204607,0.97514987,0.9834204,0.9763373,0.9688605,0.98061574,0.9765603,0.97797143,0.98354447,0.9746699,0.9806579,0.97614634,0.97537243,0.97861123,0.967444,0.9806007,0.95307934,0.98339486,0.98462427,0.9799969,0.9704573,0.9787008,0.966448,0.98102397,0.9773462,0.9751674,0.98109746,0.983382,0.96115845,0.9697009,0.978062,0.97822857,0.9728081,0.97140455,0.9999999,0.9640237,0.96163887,0.9808209,0.9789795,0.9589073,0.9803599,0.9598065,0.9776021,0.98323506,0.9697748,0.98021847,0.9783294,0.97948724,0.9824193,0.9767076,0.98047364,0.9710038,0.97616136,0.97170424,0.9782492,0.96414155,0.9774052,0.98052293,0.9772721,0.97760266,0.97858226,0.9796986,0.97800887,0.95528954,0.9797168,0.97921294,0.9759966,0.98226655,0.97957695,0.97939044,0.9798301,0.98108417,0.9820864,0.9793447,0.97488594,0.9812477,0.9645954,0.9801531,0.9779377,0.97025764,0.9786463,0.9783684,0.9796859,0.9769623,0.9796714,0.97456044,0.9766195,0.9699724,0.974459,0.97517127,0.9665657,0.97056055,0.9815423,0.9817405,0.9698788,0.9735837,0.9691524,0.97073245,0.97992384,0.9451405,0.6738065,0.97095644,0.9866799,0.9794581,0.98249924,0.98369575,0.9807491,0.9598657,0.9739598,0.9807134,0.97931653,0.9766035,0.97447443,0.97402424,0.9798215,0.9722125,0.97990423,0.971486,0.975573,0.97401404,0.98105747,0.9801355,0.98350817,0.9764829,0.9779067,0.97663486,0.9790984,0.97594756,0.9784386,0.9784624,0.9779549,0.9722887,0.981385,0.97894555,0.977422,0.98101646,0.97121614,0.96955013,0.9720361,0.97579145,0.975594,0.98410475,0.9806088,0.9759451,0.9690998,0.97944283,0.9721353,0.974933,0.9713691,0.96594906,0.98085916,0.9775684,0.9739679,0.9616209,0.9833251,0.9768688,0.97469527,0.96638346,0.9798731,0.97803086,0.9820366,0.9810725,0.97900265,0.97260904,0.9777172,0.96862125,0.9759608,0.98136413,0.96920484,0.97374743,0.9795804,0.9645914,0.979377,0.98318624,0.98528767,0.9747051,0.9705859,0.9799217,0.97544277,0.98065794,0.9853344,0.9777564,0.94530153,0.977458,0.9816425,0.9747913,0.9832953,0.8770375,0.97659796,0.9799999,0.9785152,0.9841936,0.9772192,0.9740858,0.9798875,0.9848823,0.97519946,0.9827899,0.97609127,0.9780009,0.9761725,0.9721189,0.97880113,0.9774916,0.978713,0.9773406,0.97769463,0.9779006,0.9790841,0.9807968,0.9789242,0.9849147,0.9762151,0.97426695,0.9786744,0.9736133,0.9745083,0.9778655,0.9781722,0.97605217,0.98035514,0.97185767,0.9735225,0.97039133,0.9722435,0.97589004,0.9844436,0.9738783,0.9757609,0.9722246,0.98065555,0.9856048,0.9658094,0.98215204,0.97542834,0.977835,0.9870697,0.9847306,0.9765074,0.9641834,0.97724086,0.9760792,0.9805446,0.9725959,0.97502476,0.97489333,0.98350465,0.9810272,0.9770752,0.97408265,0.9780167,0.975908,0.9788466,0.9824574
slit,0.9688428,0.9668876,0.96681887,0.96455044,0.96454823,0.9628814,0.9481915,0.94191265,0.96004325,0.95969814,0.9649765,0.96796626,0.95643497,0.95919734,0.9653565,0.96708304,0.96776706,0.966656,0.96311164,0.9688424,0.9615667,0.96291476,0.96553963,0.9625047,0.96738464,0.96598685,0.96458143,0.9647751,0.9674881,0.965855,0.96862495,0.9581882,0.96734023,0.94525325,0.9685761,0.9734726,0.9669733,0.96172255,0.9680332,0.96461606,0.9694556,0.96958864,0.9654516,0.9680414,0.9708751,0.9528576,0.95678073,0.96288925,0.96775526,0.9597644,0.9596909,0.9640237,0.99999964,0.9584156,0.96730274,0.9657946,0.94238937,0.9758222,0.9485746,0.96931136,0.9676149,0.96007293,0.97295606,0.9744032,0.9667116,0.9776218,0.9644806,0.96990836,0.95696706,0.9623205,0.9607985,0.9715417,0.9526411,0.9777222,0.96901983,0.9659294,0.9639516,0.9675843,0.9669864,0.9798467,0.9683365,0.967746,0.96849674,0.964099,0.96770674,0.96842754,0.9658779,0.96783423,0.9696818,0.9696729,0.96990997,0.9640425,0.9687182,0.95046,0.96577674,0.9686677,0.96329707,0.9651058,0.9645566,0.9702203,0.96400034,0.96813834,0.97829014,0.96959496,0.96050173,0.9826991,0.96641624,0.9573903,0.96841455,0.96811014,0.96745664,0.9798781,0.9792129,0.9565275,0.96774024,0.96959233,0.9411401,0.64709073,0.9596393,0.97019535,0.9676531,0.9669583,0.9696282,0.96879697,0.9467641,0.9688252,0.9764619,0.9669462,0.96502644,0.9651264,0.9648603,0.9697095,0.9625975,0.96938413,0.9570205,0.9680201,0.96475476,0.9700287,0.96853024,0.9690732,0.9639835,0.96184003,0.9750911,0.96562207,0.95975524,0.9673085,0.96573484,0.9712124,0.9627882,0.96913815,0.96673906,0.96884406,0.9693556,0.9645272,0.9519305,0.9608235,0.96241766,0.9618633,0.9710275,0.9684716,0.96720016,0.9502031,0.96122223,0.97289795,0.96570235,0.9638612,0.9551256,0.96231407,0.9707078,0.96553147,0.95377713,0.9701404,0.9683472,0.97009116,0.95902854,0.9730882,0.96911603,0.969384,0.9655112,0.97877014,0.9667187,0.96983457,0.95999473,0.9823978,0.9665872,0.96166945,0.95972764,0.96851754,0.95905554,0.967093,0.97094005,0.96940494,0.9839785,0.9659231,0.9693085,0.96786094,0.96745825,0.9700041,0.97013414,0.9372252,0.9659641,0.9670535,0.9637762,0.9667876,0.8590346,0.9653548,0.9677758,0.96525997,0.9700946,0.96338814,0.96369565,0.9655129,0.97214556,0.96234983,0.96789235,0.9645698,0.9683397,0.9654625,0.9611354,0.96578664,0.9812691,0.9691826,0.96496856,0.9650109,0.9654863,0.9642232,0.96792334,0.9677454,0.9692765,0.96319485,0.9627669,0.98079485,0.96457505,0.9851678,0.9778094,0.96715075,0.98293775,0.9697066,0.9617179,0.96134084,0.9615761,0.9648809,0.9622477,0.9705841,0.9625602,0.9694878,0.9706534,0.9688017,0.97716546,0.9565701,0.9701578,0.9658205,0.9677474,0.9705816,0.9701564,0.9639276,0.95829594,0.96900755,0.9682185,0.9707557,0.9608137,0.9672387,0.96079177,0.9684271,0.971028,0.96210223,0.9627594,0.9665577,0.95804334,0.96905196,0.9704739
distribute,0.9716493,0.9654997,0.9581373,0.9696149,0.96414447,0.9641517,0.94886047,0.9474761,0.95581174,0.9598165,0.96717507,0.96550685,0.9580509,0.95631826,0.96639836,0.9606469,0.9643506,0.968982,0.95948505,0.9634103,0.95794666,0.95441955,0.96120167,0.9631344,0.96301067,0.9659874,0.95957017,0.9645656,0.9628721,0.96091187,0.96723497,0.9550809,0.96396637,0.9448501,0.966505,0.96809757,0.968737,0.9630739,0.9637699,0.9539132,0.97136855,0.9648348,0.9652073,0.9647577,0.96933866,0.9520987,0.9628233,0.9640348,0.9651495,0.9596718,0.9600858,0.96163887,0.9584156,0.9999998,0.96314037,0.9625652,0.9458112,0.9695023,0.9527933,0.9678953,0.96571165,0.9646465,0.9697261,0.9669173,0.9634994,0.9694868,0.9674683,0.9723347,0.9555898,0.9626632,0.9630814,0.96660686,0.9554575,0.9675293,0.9628667,0.9608128,0.96515423,0.96768624,0.96534646,0.9705371,0.9523142,0.96985054,0.9655335,0.96503925,0.96850324,0.9657852,0.9643384,0.967773,0.9659963,0.97110057,0.9685167,0.9618575,0.96832,0.95057106,0.9627922,0.964171,0.9611281,0.9619364,0.9609809,0.96567905,0.959487,0.9700705,0.96727383,0.96737146,0.95666504,0.96739995,0.96660715,0.96241206,0.9690804,0.97026813,0.96728045,0.95865786,0.9797709,0.9523287,0.9619765,0.9672656,0.9451445,0.6756446,0.96425265,0.96610636,0.9680809,0.9671133,0.96347046,0.969096,0.9502687,0.9777795,0.9674123,0.9656588,0.9615856,0.9622011,0.9619369,0.96913195,0.97495925,0.9681193,0.961256,0.9612023,0.9685204,0.9717924,0.9725952,0.9668453,0.962206,0.9609109,0.96830845,0.9673561,0.9596341,0.96762335,0.9671752,0.9678711,0.9597747,0.9675662,0.96971667,0.9642666,0.9666729,0.95826477,0.95399356,0.9604954,0.9567981,0.95779794,0.968528,0.9654368,0.9608689,0.94496673,0.96762854,0.96776086,0.96717054,0.96346503,0.95645404,0.9615765,0.966638,0.9649553,0.9534953,0.9629338,0.9674467,0.9687469,0.9557896,0.96996295,0.96674705,0.9687909,0.9701936,0.9723811,0.96310896,0.96683055,0.9543003,0.9703984,0.96687675,0.9610846,0.97065854,0.96944433,0.95485884,0.96084976,0.9706581,0.96782905,0.9705272,0.9605831,0.9663744,0.96236795,0.96482694,0.9678068,0.9707798,0.93607396,0.9634004,0.9652542,0.9589193,0.96616495,0.87350166,0.9658846,0.9690833,0.9607204,0.9671886,0.9673059,0.9637613,0.9646934,0.96808636,0.96029526,0.96724844,0.96607727,0.9687173,0.970546,0.96909416,0.96577805,0.96760297,0.9666231,0.9625543,0.96485317,0.96967655,0.96773016,0.9658563,0.96709377,0.9669671,0.96494377,0.9643252,0.96894366,0.963265,0.96595204,0.97733,0.97102815,0.97030693,0.9677991,0.96362555,0.95732206,0.9632618,0.9586534,0.96387553,0.9666657,0.9590929,0.96630716,0.9643025,0.965471,0.97237694,0.9518328,0.96912426,0.9645229,0.9694949,0.96854407,0.9667578,0.9658854,0.9538605,0.9677169,0.9599614,0.9669943,0.9636889,0.96682656,0.9601521,0.9682278,0.9723352,0.9583485,0.96360594,0.96937996,0.95825696,0.9679662,0.968348
bubbling,0.989362,0.9843864,0.98236084,0.97801524,0.97533387,0.9785246,0.96429133,0.95865524,0.96955335,0.9801106,0.9796892,0.9825764,0.971686,0.980788,0.97919124,0.98006624,0.9780204,0.9810148,0.977811,0.9826419,0.9751019,0.9853095,0.98073983,0.9793078,0.9767607,0.98433805,0.97724444,0.9807995,0.9791615,0.98014045,0.9819433,0.9758622,0.98101306,0.9570645,0.98010933,0.98712015,0.9878576,0.9742561,0.9849619,0.97037756,0.9834717,0.9793693,0.98001516,0.9807295,0.98528284,0.9711657,0.97528815,0.9770293,0.98196876,0.96915674,0.9745024,0.9808209,0.96730274,0.96314037,1.0000004,0.9791648,0.9581118,0.9828803,0.9646927,0.9819393,0.9857536,0.9780369,0.98008305,0.9814699,0.9785616,0.98322564,0.97946954,0.98218936,0.97499484,0.97839415,0.97453797,0.9783247,0.967436,0.9833607,0.97607934,0.9857089,0.98214906,0.98241776,0.9841134,0.98159057,0.96026033,0.9840322,0.9815029,0.97844875,0.98171306,0.9823611,0.9823301,0.984304,0.9815667,0.9831275,0.9846141,0.9773181,0.98244077,0.96720785,0.98395985,0.981005,0.9770835,0.9798705,0.9788021,0.983596,0.9801117,0.9853535,0.97797155,0.97895515,0.9889812,0.9770833,0.9787321,0.9670869,0.9751689,0.98338383,0.9812537,0.97010744,0.97833264,0.9745052,0.9826466,0.98181725,0.9537781,0.66973007,0.97683537,0.98805004,0.98638064,0.9822032,0.98484683,0.98493993,0.9724392,0.97582495,0.9815797,0.9820794,0.9830877,0.98505133,0.98032194,0.9844061,0.97925305,0.9836437,0.97620714,0.97913396,0.982926,0.98442435,0.98368305,0.9847766,0.9780027,0.97888184,0.9766786,0.9822075,0.97896266,0.9811068,0.97900736,0.9780718,0.97648305,0.9843458,0.9843223,0.9768943,0.98358995,0.97679216,0.96901006,0.9753593,0.9762869,0.98432153,0.98605454,0.97793835,0.98147655,0.96635526,0.98358923,0.97712624,0.98298657,0.98022956,0.9702985,0.9775434,0.97758645,0.97460175,0.9690015,0.9797725,0.97726923,0.9796253,0.9719458,0.9823288,0.9840717,0.9833417,0.9821362,0.98205423,0.974825,0.9840115,0.97516966,0.97966546,0.9827529,0.9781621,0.9742914,0.98572445,0.9694562,0.98586977,0.98417026,0.98661685,0.97917175,0.97400427,0.9801753,0.98079467,0.98037624,0.9881657,0.97782725,0.9528059,0.9758237,0.9838359,0.980277,0.9810315,0.88278145,0.977997,0.98021305,0.9786087,0.98561156,0.9836937,0.9798742,0.97990125,0.9862016,0.9800534,0.9824874,0.98250264,0.9830557,0.97580504,0.9729339,0.98151994,0.979968,0.9826318,0.9809736,0.98198134,0.98235035,0.97631395,0.981895,0.9861324,0.98735577,0.97967947,0.97687304,0.9813742,0.981342,0.9757677,0.98127824,0.97987115,0.98108584,0.98427534,0.97876704,0.9784814,0.98160535,0.97310716,0.9825055,0.9863421,0.97946876,0.9828181,0.97671735,0.98566383,0.9846329,0.97119075,0.9876246,0.9786153,0.9846458,0.9876922,0.98750913,0.9830027,0.9732527,0.9812461,0.97958267,0.98593163,0.9845652,0.97713304,0.97679126,0.9866533,0.9837997,0.98102,0.9839179,0.98451537,0.9762232,0.98347837,0.9854033
blanch,0.9825825,0.9781455,0.97846633,0.9786554,0.9737971,0.97846836,0.95932144,0.9598952,0.9733016,0.97177035,0.9782123,0.9827101,0.97347,0.97607124,0.9788581,0.9767997,0.9796246,0.98162895,0.9773342,0.97876096,0.97259396,0.97140384,0.9736958,0.97908914,0.9776537,0.97989833,0.97787756,0.9771214,0.9775592,0.9806657,0.9813065,0.9693186,0.9813323,0.9550915,0.9815228,0.9836358,0.983889,0.97384495,0.9837445,0.9722892,0.982591,0.97988516,0.97849214,0.9809761,0.9837522,0.9701049,0.9717958,0.9774676,0.98461455,0.9681539,0.9735803,0.9789795,0.9657946,0.9625652,0.9791648,0.9999999,0.95895344,0.98434687,0.9647965,0.9798217,0.98759127,0.9749345,0.98054224,0.97920007,0.9804153,0.981466,0.9850985,0.9808104,0.9718853,0.982404,0.9717201,0.9818084,0.96871513,0.98167384,0.97848374,0.9759959,0.9790583,0.98042804,0.9791817,0.98046744,0.9580565,0.9802695,0.98122436,0.97277606,0.98225075,0.9801089,0.9784513,0.9782525,0.98003966,0.9817246,0.98057365,0.9761226,0.97914004,0.962798,0.9779529,0.9811336,0.974459,0.97863334,0.976051,0.98095745,0.98225296,0.98111326,0.97744095,0.98189074,0.97271234,0.9769999,0.9773047,0.9676838,0.9732525,0.98049456,0.98169035,0.97107166,0.9787096,0.9706187,0.974726,0.9797592,0.9516048,0.67392516,0.97395396,0.9822022,0.97980756,0.98243076,0.98541963,0.9822072,0.96036917,0.97525644,0.98148704,0.9826591,0.97613686,0.97858125,0.9747827,0.98106366,0.9719452,0.98364294,0.9719421,0.9775446,0.9779494,0.9818868,0.9793915,0.98195404,0.97705036,0.9764736,0.97953963,0.9790351,0.9795689,0.9804222,0.97907037,0.9805284,0.97874427,0.9799897,0.9790005,0.97748655,0.98030907,0.97529894,0.96570516,0.97516894,0.97517085,0.97767025,0.9853563,0.9808641,0.9776703,0.969126,0.9795011,0.9766086,0.97824234,0.9767103,0.96692824,0.97851324,0.9782747,0.97975624,0.9705768,0.98179185,0.9782252,0.98092574,0.9699978,0.9805502,0.9802052,0.9838355,0.9796532,0.98200834,0.98913974,0.9789043,0.9621377,0.9783363,0.9831549,0.97098833,0.9736621,0.9818706,0.96992487,0.9851417,0.98226243,0.9822028,0.9772901,0.97452784,0.9811095,0.97769433,0.9804815,0.9861277,0.9802579,0.9460927,0.97865176,0.97961855,0.9779315,0.9804494,0.87808216,0.9821444,0.98122394,0.98186785,0.9846928,0.9767408,0.97391605,0.97677207,0.9850434,0.97754097,0.9795949,0.97892666,0.9781604,0.9782329,0.97250867,0.97707444,0.9784688,0.98029554,0.97867954,0.97812057,0.9784048,0.9759883,0.9810749,0.9840571,0.9851531,0.9777144,0.97578603,0.9793643,0.97533506,0.97313684,0.97917,0.9780702,0.9780655,0.98226535,0.975134,0.97434694,0.9751433,0.97520196,0.9744858,0.98401916,0.9758746,0.97783744,0.98394656,0.98046404,0.9819168,0.96797144,0.98223114,0.98322994,0.9823948,0.986608,0.9842675,0.9754296,0.964375,0.97834796,0.98255897,0.9808206,0.97384375,0.9796248,0.9779558,0.9866173,0.9828602,0.977254,0.9735596,0.97942823,0.97473925,0.98116565,0.97912854
flavoring,0.9637904,0.95709395,0.9584978,0.9581827,0.9525893,0.9557464,0.93972534,0.93685514,0.94261515,0.9484895,0.9571449,0.9593222,0.95387286,0.95446295,0.956055,0.9671952,0.95847374,0.96066386,0.9581938,0.9693972,0.9575843,0.94882107,0.9521985,0.9548359,0.95581925,0.9609054,0.9527264,0.9602596,0.9580904,0.9626278,0.9581382,0.94388103,0.95613253,0.93733203,0.958904,0.96346927,0.9631921,0.9527901,0.95922226,0.9478689,0.9596746,0.95970875,0.9548283,0.96273494,0.96596444,0.9434447,0.950384,0.95669526,0.9599461,0.9437431,0.9543154,0.9589073,0.94238937,0.9458112,0.9581118,0.95895344,0.9999999,0.9640076,0.9450394,0.9627403,0.96241796,0.95451766,0.9581149,0.9567619,0.9593644,0.957498,0.9570018,0.95850885,0.9545995,0.9596383,0.95403045,0.9577096,0.95186216,0.9585659,0.95595014,0.9539466,0.9593212,0.9591791,0.95949817,0.9563107,0.938437,0.9613363,0.9635599,0.95513636,0.9613625,0.95930356,0.96103674,0.960774,0.96416605,0.9601052,0.962076,0.95710516,0.9623509,0.93993074,0.9590617,0.95969945,0.9498261,0.9705903,0.95818514,0.95937777,0.9661983,0.9590812,0.95364445,0.9536777,0.95041543,0.9520065,0.9554192,0.9501093,0.9599702,0.96241945,0.9574091,0.9470001,0.9551526,0.95790714,0.95568407,0.9562005,0.9336875,0.63292146,0.95153326,0.9612035,0.9619702,0.96113306,0.96088946,0.9614953,0.93392015,0.9548639,0.9595469,0.9672993,0.95487624,0.9569535,0.955915,0.96079326,0.9538055,0.95867336,0.9505981,0.95869464,0.9603217,0.9606057,0.958279,0.9606299,0.95787686,0.9737823,0.95382726,0.9637373,0.95174474,0.96220887,0.95791095,0.95964503,0.95303637,0.96021146,0.9589991,0.9540352,0.9619984,0.9516194,0.94653535,0.949929,0.9574793,0.9546082,0.9627323,0.95790225,0.95502746,0.9434383,0.9563608,0.95320386,0.9557217,0.9544808,0.95226204,0.9552597,0.9595644,0.9515627,0.94035167,0.95468205,0.9558482,0.95429605,0.9453081,0.96063805,0.95950705,0.9604175,0.960482,0.9632762,0.95593786,0.96453124,0.9461836,0.9535535,0.9613085,0.9565353,0.9567715,0.96587926,0.9478795,0.958468,0.9599303,0.96049684,0.95529526,0.9521804,0.95902705,0.96360517,0.9594081,0.9637019,0.9593787,0.93152624,0.9577756,0.9575058,0.9513962,0.9592826,0.868001,0.9563517,0.9615616,0.9569759,0.96364725,0.9592421,0.9554799,0.95882773,0.962345,0.95881414,0.96644336,0.9625415,0.95676124,0.9525261,0.9516769,0.9612196,0.9588772,0.9560387,0.9533111,0.96044147,0.96199334,0.9626462,0.96026784,0.9612286,0.96280265,0.9751429,0.9627218,0.9566485,0.9594589,0.9516102,0.961923,0.9580297,0.9556921,0.96037275,0.9535976,0.9540384,0.9526971,0.9534533,0.9577555,0.9606276,0.95167667,0.9555188,0.95377773,0.95977855,0.96226346,0.9617797,0.96281767,0.955696,0.96051294,0.96412224,0.96211475,0.9553227,0.9552913,0.95744675,0.95544136,0.96236753,0.95374763,0.9565768,0.9517956,0.9630234,0.9662804,0.9551365,0.9593622,0.9635178,0.9503526,0.9583194,0.9640414
pierce,0.9904455,0.9846249,0.98626906,0.98229396,0.98187596,0.982488,0.9661508,0.9640074,0.9775013,0.9796394,0.98512,0.9863041,0.97789186,0.9803841,0.9837348,0.9886156,0.98771745,0.98603857,0.98154616,0.98895085,0.9798222,0.97630465,0.976889,0.9837255,0.9836302,0.9874907,0.9845216,0.9864315,0.9857524,0.9889901,0.987711,0.97750217,0.9842504,0.9626078,0.9858623,0.9890891,0.9895262,0.9851729,0.98780817,0.978571,0.98927927,0.98800284,0.9840903,0.986788,0.98980534,0.9739718,0.9784011,0.9803993,0.9854473,0.97427756,0.9806536,0.9803599,0.9758222,0.9695023,0.9828803,0.98434687,0.9640076,1.0000004,0.97041774,0.9898191,0.9889659,0.9808708,0.99000806,0.99468374,0.9833087,0.98824275,0.9850499,0.98933685,0.9777734,0.986767,0.979622,0.9841478,0.9721785,0.9904706,0.9878076,0.98200077,0.9880275,0.9869121,0.9844377,0.990637,0.9687047,0.99061817,0.9907426,0.98148483,0.9875663,0.9900742,0.9850842,0.98689795,0.9873442,0.98822546,0.9883463,0.9849353,0.9862058,0.9694467,0.9862699,0.98638237,0.98368984,0.98698,0.98278934,0.98881626,0.9859787,0.9879404,0.9886083,0.9851671,0.9743938,0.98769164,0.98712385,0.9734873,0.9817194,0.9873925,0.9862725,0.97804254,0.9839467,0.97948444,0.9842728,0.987314,0.95636696,0.65693706,0.97974855,0.9883253,0.988577,0.9877218,0.9883315,0.989401,0.96936816,0.9845287,0.98617095,0.98918605,0.98516476,0.98584455,0.98234755,0.9903148,0.9812978,0.9884663,0.9793768,0.98142666,0.9850747,0.9902179,0.9874849,0.9894367,0.9842891,0.98309493,0.99565417,0.98727655,0.97895336,0.98928785,0.9855208,0.9877199,0.9827691,0.98714817,0.9865789,0.986262,0.99118596,0.9816226,0.9730862,0.9797976,0.98100966,0.9828076,0.99205077,0.9847391,0.981168,0.9690926,0.9846319,0.9818067,0.9904456,0.9837819,0.9756944,0.98341584,0.9849475,0.981663,0.9695649,0.9831926,0.98489696,0.9843706,0.9819657,0.98915386,0.98779863,0.99252313,0.98786724,0.98980236,0.98500633,0.9912916,0.97451806,0.98758423,0.98753005,0.9795756,0.9822353,0.9899552,0.97808117,0.98736936,0.98911196,0.9874511,0.9845458,0.98006034,0.9862286,0.98686266,0.98552096,0.9910686,0.9848771,0.95731825,0.9854719,0.9892314,0.98019433,0.9858842,0.8812032,0.9826662,0.987777,0.9841799,0.99117327,0.9868673,0.98200744,0.98446745,0.990553,0.98210555,0.98902184,0.9850043,0.98266745,0.9862842,0.98088735,0.9849936,0.9893632,0.9866338,0.9823677,0.9857851,0.9882636,0.98319936,0.9883944,0.9895751,0.9904275,0.9864232,0.98235446,0.9908704,0.9835004,0.9821299,0.9868374,0.9865653,0.98579335,0.9900479,0.98284096,0.978825,0.9846213,0.9809861,0.9839106,0.9897203,0.98006564,0.9872996,0.98639774,0.9884414,0.9902005,0.97697234,0.98906255,0.9842192,0.988927,0.991782,0.99007386,0.98749393,0.97096914,0.9883948,0.98502886,0.98781335,0.9848232,0.98491824,0.98083663,0.99017715,0.991249,0.9820527,0.9828129,0.98694044,0.97975814,0.9893324,0.98783684
decorate,0.97039944,0.966462,0.9681157,0.9670074,0.9642931,0.9654516,0.9483796,0.9516171,0.9569053,0.96097875,0.9700194,0.9694328,0.9554096,0.96414256,0.9695487,0.96643746,0.97221607,0.96954304,0.9698345,0.96794415,0.9601794,0.95965564,0.9591387,0.9698895,0.9700387,0.9678246,0.9665848,0.97078717,0.9722064,0.967812,0.9720586,0.961681,0.96194106,0.970402,0.96989495,0.9720114,0.9720292,0.96688306,0.96830094,0.959888,0.9716312,0.96419984,0.96643484,0.96684146,0.97909564,0.9579199,0.97064435,0.9641089,0.9658337,0.95654345,0.97085166,0.9598065,0.9485746,0.9527933,0.9646927,0.9647965,0.9450394,0.97041774,0.99999964,0.9781046,0.973118,0.9679954,0.97143906,0.9663171,0.9715375,0.97005165,0.9746349,0.96864116,0.9585584,0.96822107,0.96591467,0.9697135,0.9758633,0.96778464,0.9698322,0.96062684,0.9728624,0.977587,0.9655352,0.9686847,0.9403493,0.972488,0.9738544,0.96587884,0.9704921,0.9707939,0.9724748,0.97376436,0.9701803,0.97232884,0.964603,0.9690118,0.9704334,0.95466256,0.9678184,0.967819,0.96422666,0.9714381,0.9675553,0.9695561,0.9656072,0.9706969,0.9647069,0.9631429,0.9566289,0.95896053,0.9680993,0.9655567,0.9621145,0.9688072,0.9752927,0.9558794,0.96272737,0.964317,0.96847236,0.9728766,0.9638279,0.67621213,0.97152394,0.969733,0.9752836,0.97334975,0.9697098,0.969294,0.95892555,0.9626171,0.96670187,0.97413105,0.9694143,0.97104746,0.9635029,0.97024584,0.9628824,0.9713386,0.963691,0.96316177,0.9698943,0.9688265,0.9698588,0.970931,0.9657419,0.97009224,0.96218175,0.9788189,0.96420616,0.9722746,0.9717515,0.9693125,0.9676234,0.9688558,0.97181404,0.9644013,0.9730617,0.9777899,0.9556607,0.96398306,0.9627185,0.96996605,0.9702222,0.96872437,0.9655082,0.94410294,0.9704066,0.9618235,0.9718791,0.96542203,0.95631135,0.9679161,0.967935,0.9670877,0.95547336,0.9626,0.9688615,0.96360373,0.96280694,0.9717276,0.9706913,0.97566056,0.9733149,0.9719851,0.9631928,0.9697736,0.96167415,0.96277565,0.97052795,0.9726573,0.96625197,0.97423464,0.96704346,0.9697746,0.97161275,0.97174263,0.9622929,0.97228414,0.9690567,0.9680168,0.9706009,0.9703985,0.9701508,0.94298726,0.96804184,0.9682359,0.9639466,0.96820486,0.8691371,0.97344136,0.9723951,0.9674224,0.9706726,0.9745808,0.96572924,0.9715537,0.97040266,0.9642436,0.9694699,0.9736447,0.9626205,0.96862066,0.959889,0.96530986,0.9656974,0.96531326,0.96525675,0.97338814,0.9711896,0.9654341,0.9673925,0.9756852,0.97047216,0.97543925,0.972139,0.9672107,0.96659666,0.95835525,0.96640795,0.9697725,0.96819085,0.97530717,0.9650993,0.9601908,0.97082424,0.95891947,0.9674087,0.9711521,0.9643647,0.9714432,0.9660418,0.97234946,0.96914685,0.9591085,0.97538626,0.9685331,0.97143155,0.97156,0.9678661,0.9693686,0.9554076,0.96764505,0.9693607,0.97363853,0.9654882,0.97248757,0.96555305,0.97493255,0.9689114,0.9644841,0.96708333,0.97383004,0.96110487,0.96996427,0.9701241
insert,0.9869092,0.98280853,0.98602164,0.9791543,0.979392,0.98127294,0.9661424,0.9642141,0.9767182,0.97845185,0.9869995,0.9851993,0.97296107,0.97882557,0.9828487,0.98459727,0.98710966,0.9834571,0.9860706,0.98477364,0.98044777,0.97530836,0.97547156,0.98207325,0.98530096,0.9839093,0.9817419,0.9832553,0.98547465,0.9812085,0.9870121,0.97580945,0.9805873,0.972466,0.9839866,0.98734665,0.9877123,0.98388666,0.98491716,0.9743781,0.98747444,0.9841493,0.9826991,0.98459345,0.99088,0.9757796,0.979922,0.97836024,0.9816848,0.9717029,0.98647624,0.9776021,0.96931136,0.9678953,0.9819393,0.9798217,0.9627403,0.9898191,0.9781046,0.9999997,0.9869199,0.98245114,0.9877467,0.9879872,0.9863824,0.98605144,0.9853693,0.98718625,0.9761804,0.98109114,0.9791955,0.9852565,0.9777078,0.9871751,0.98732865,0.9822444,0.9867531,0.98839045,0.98484784,0.98681134,0.9595011,0.9881222,0.99020153,0.9805883,0.9853128,0.987066,0.98556495,0.9904637,0.98934615,0.98723465,0.98603296,0.9858805,0.98586893,0.9711492,0.98620933,0.9854718,0.9785439,0.9848236,0.98283184,0.9861994,0.98147345,0.98815835,0.9834098,0.97865725,0.9727684,0.9782366,0.98420566,0.9764872,0.9796162,0.9883566,0.98625255,0.9708084,0.98190933,0.97617245,0.98597264,0.98621637,0.9630291,0.6576596,0.981332,0.98595876,0.9892617,0.9881423,0.9849841,0.9858698,0.9746271,0.98021287,0.98339015,0.9873974,0.9847028,0.9860091,0.9821419,0.9865775,0.9840001,0.9863137,0.9801885,0.97939914,0.9859811,0.98724914,0.9867067,0.98649263,0.984222,0.98354757,0.98463374,0.9890085,0.97954696,0.98677605,0.9848773,0.98582554,0.98150927,0.98651814,0.9896705,0.9829564,0.9902931,0.9872566,0.97093666,0.97888297,0.9806178,0.98276055,0.9877529,0.9848458,0.9811176,0.9661922,0.98370796,0.9794953,0.98892576,0.9810005,0.9735944,0.98569894,0.9836699,0.9806919,0.97124183,0.9826079,0.98402756,0.98208225,0.98112434,0.98671603,0.9879119,0.9905637,0.9878508,0.99003536,0.9783009,0.9911645,0.97445846,0.9833431,0.98529583,0.9860273,0.9797528,0.99059296,0.97816044,0.98535615,0.9894642,0.9862663,0.98075855,0.98543274,0.9880865,0.99185073,0.98528785,0.9876021,0.98241246,0.94889885,0.98166263,0.9885987,0.9806646,0.9835526,0.8777447,0.98434335,0.98536927,0.9824909,0.98839396,0.9889879,0.9777516,0.98782474,0.9867873,0.98601043,0.98783517,0.99058753,0.9812779,0.98433936,0.97570544,0.9858877,0.9858002,0.98330045,0.98307675,0.99058264,0.9864918,0.98401767,0.98550004,0.99219245,0.9870836,0.98554456,0.98281926,0.98631257,0.98644537,0.97736865,0.9861113,0.985019,0.9845953,0.9889024,0.9810354,0.98319674,0.9851208,0.97681147,0.9847883,0.9869611,0.97977674,0.987467,0.9806886,0.98894155,0.9869757,0.9763507,0.9905516,0.98107135,0.9876829,0.98879147,0.98493034,0.98530203,0.9797224,0.984933,0.98265374,0.99182606,0.9846312,0.9856971,0.98022604,0.99039525,0.990643,0.9818054,0.98639643,0.99222946,0.9779306,0.98711306,0.9896152
broil,0.9896613,0.9837211,0.9844981,0.9817297,0.9825154,0.9797063,0.9669328,0.96319836,0.97265476,0.97949135,0.9831437,0.98751795,0.9765975,0.9829751,0.9817788,0.98328865,0.98469305,0.98445505,0.9847514,0.9874772,0.9827532,0.9778965,0.9829488,0.9908979,0.98298526,0.9874688,0.9833469,0.9854981,0.98318905,0.98807096,0.9870127,0.9756567,0.98536795,0.96966976,0.98866725,0.99358034,0.99200875,0.9809548,0.99336696,0.9784705,0.9869109,0.99037147,0.9824979,0.9845204,0.9906145,0.9714572,0.97990394,0.979041,0.9909305,0.974416,0.9813315,0.98323506,0.9676149,0.96571165,0.9857536,0.98759127,0.96241796,0.9889659,0.973118,0.9869199,1.0,0.98299503,0.9850081,0.983255,0.9850662,0.98498756,0.9859345,0.98514044,0.9776566,0.993421,0.9808213,0.9853385,0.9738404,0.9864785,0.98176926,0.98397243,0.98576057,0.987186,0.98561424,0.98478603,0.95936817,0.98765415,0.9863158,0.9811297,0.9854954,0.9864416,0.98622197,0.98869467,0.985879,0.98791194,0.9853877,0.9810713,0.98549664,0.9735192,0.9852199,0.9890477,0.9810047,0.9854344,0.9818363,0.9853895,0.9933744,0.98721284,0.9809462,0.9833571,0.9765231,0.9777826,0.9836205,0.9723558,0.97899103,0.9856295,0.9855088,0.97289205,0.98033464,0.97591394,0.9825836,0.9869425,0.9555529,0.6791507,0.98115337,0.9929836,0.9891712,0.9885793,0.99542034,0.9883921,0.9708255,0.9801407,0.9823987,0.9901286,0.98473656,0.9842967,0.9794462,0.9882352,0.9776785,0.98899144,0.9801002,0.9857434,0.9854614,0.9873155,0.9867487,0.989475,0.98747647,0.98212636,0.9810109,0.98688006,0.99152094,0.98557967,0.98579615,0.9846356,0.98607814,0.9895938,0.98757446,0.9819711,0.9883444,0.9820786,0.97338897,0.9789498,0.97797406,0.98834074,0.9941688,0.9837746,0.98170495,0.9682844,0.9858207,0.97972697,0.9853228,0.98114645,0.97817075,0.9846854,0.98234934,0.98237085,0.97156554,0.9854204,0.9826302,0.9826263,0.97700375,0.98620343,0.98864806,0.98950285,0.98742753,0.98742455,0.9810458,0.9846943,0.9745472,0.98201394,0.98821795,0.98260105,0.97931993,0.9881427,0.97482425,0.9895756,0.9888879,0.9908281,0.98016196,0.9801787,0.98560005,0.98256373,0.9882818,0.99569875,0.9818089,0.9532913,0.9814136,0.98827237,0.981556,0.9833175,0.8827236,0.9857678,0.9858346,0.98397714,0.9922979,0.9866136,0.9819404,0.9885242,0.99152833,0.9808703,0.98778105,0.98501873,0.9847693,0.98282194,0.9777689,0.98280096,0.983764,0.9840467,0.9826689,0.98541486,0.9852272,0.98371416,0.9849585,0.98894835,0.9928981,0.9844259,0.98252505,0.98424125,0.9820274,0.9767344,0.9839022,0.9827148,0.98231655,0.98875314,0.9802622,0.9786011,0.98163474,0.98222053,0.9832812,0.9923764,0.98144656,0.9850838,0.98166436,0.9868365,0.9876717,0.97185653,0.98978066,0.9879713,0.99034435,0.99513644,0.9942063,0.98380935,0.97318906,0.98437715,0.98693764,0.98736745,0.9816262,0.98250324,0.98441887,0.99430394,0.98593086,0.9814991,0.98119587,0.98485357,0.97848815,0.9854982,0.9879942
unmold,0.9821679,0.9838442,0.9777129,0.97587186,0.9744745,0.9812637,0.970625,0.9579506,0.97523224,0.9718496,0.98197794,0.98128366,0.96583885,0.97328705,0.98010623,0.9792878,0.9810745,0.97926044,0.97584504,0.9794784,0.97120845,0.9724007,0.97390527,0.97786015,0.98003143,0.9764989,0.9736188,0.9788123,0.98040843,0.9769858,0.98560333,0.9717799,0.97665185,0.96863914,0.9789055,0.983839,0.9826932,0.98058164,0.9823555,0.9721604,0.9812526,0.9803416,0.9805692,0.97602427,0.98374504,0.9768285,0.98367715,0.9749581,0.9804382,0.9725897,0.9759464,0.9697748,0.96007293,0.9646465,0.9780369,0.9749345,0.95451766,0.9808708,0.9679954,0.98245114,0.98299503,1.0000001,0.9807356,0.977556,0.97998977,0.9799971,0.98013383,0.9803969,0.9671295,0.97685313,0.9754918,0.9826966,0.9663578,0.97995603,0.97394395,0.9749124,0.98014164,0.9789224,0.980198,0.9793089,0.95618945,0.9869383,0.98098457,0.975537,0.9816203,0.98286426,0.98013747,0.9817671,0.98020834,0.9806965,0.9812103,0.97564447,0.9808917,0.97261167,0.9767707,0.98141253,0.9796951,0.9781133,0.9772781,0.9794425,0.9750755,0.9849819,0.9751936,0.9724548,0.97082055,0.971798,0.9834471,0.97091377,0.9761689,0.98365176,0.97962034,0.96707094,0.9734766,0.9685686,0.9779563,0.98241657,0.9546144,0.6750323,0.98571956,0.9824484,0.98553544,0.98258567,0.9810986,0.98292327,0.9721026,0.9710675,0.9758681,0.98046184,0.9767417,0.9793768,0.9705051,0.9837888,0.97275573,0.98349506,0.9811434,0.97785395,0.98275965,0.9808867,0.9789866,0.9818102,0.9783479,0.9739683,0.9723809,0.982771,0.9797897,0.9831744,0.9783409,0.9790094,0.97745544,0.9854655,0.98498845,0.9772025,0.98367673,0.9764166,0.9669367,0.9756239,0.97125745,0.9752207,0.98146677,0.9817219,0.97849,0.9575449,0.9814281,0.974175,0.9820855,0.97583014,0.9722819,0.9768023,0.9785617,0.9745308,0.97593826,0.9788079,0.978037,0.97636575,0.9709183,0.9812405,0.98804075,0.9821262,0.9800438,0.9811956,0.9730426,0.9813622,0.9671182,0.9744361,0.9812395,0.985096,0.9745478,0.9829328,0.96389407,0.9797956,0.9801036,0.9812447,0.97248,0.97803724,0.97871053,0.97690874,0.9799044,0.9837242,0.9818912,0.9474651,0.9777212,0.97993344,0.97188026,0.9796763,0.87305135,0.9806688,0.9837773,0.9736069,0.9836614,0.97981966,0.9755708,0.97891086,0.9815506,0.9760397,0.9841761,0.98365504,0.9771895,0.9726481,0.9705882,0.9783351,0.97972727,0.9776411,0.97416043,0.9779797,0.9816592,0.97529536,0.9794109,0.9828049,0.982253,0.9775551,0.98188925,0.97871816,0.9778684,0.9693213,0.9812864,0.97643054,0.97827435,0.97991323,0.97603154,0.9740114,0.9783982,0.97088784,0.9812511,0.9832552,0.9716399,0.97942936,0.97496307,0.9790224,0.9804788,0.9677948,0.98310703,0.97764283,0.98362315,0.9828599,0.98141557,0.9784476,0.9738938,0.9839229,0.97542673,0.984133,0.97661906,0.97784436,0.9743584,0.9842958,0.98097473,0.9738098,0.9794472,0.98212653,0.9720382,0.9809518,0.9804527
grate,0.9869528,0.9873933,0.98374426,0.9863321,0.9810321,0.98320717,0.9689384,0.9657076,0.9742462,0.98031133,0.9835005,0.9874302,0.9760586,0.97968566,0.98724145,0.9860159,0.98711723,0.98786426,0.97921556,0.98593783,0.9802795,0.97516173,0.97534645,0.9817047,0.986034,0.9848178,0.98499227,0.98402613,0.9895508,0.9818902,0.99017835,0.9799312,0.9807703,0.9593594,0.9844479,0.98622525,0.9899673,0.9814787,0.98341054,0.9765166,0.9903266,0.98650724,0.9843188,0.9837584,0.9879431,0.9742816,0.9835971,0.9814676,0.98159623,0.97354424,0.97919834,0.98021847,0.97295606,0.9697261,0.98008305,0.98054224,0.9581149,0.99000806,0.97143906,0.9877467,0.9850081,0.9807356,1.0000004,0.9881161,0.98278064,0.99403006,0.9865599,0.99046504,0.9758182,0.98071784,0.9789074,0.9865074,0.97230893,0.99098885,0.99153805,0.97941786,0.98680073,0.9856343,0.9851123,0.9947265,0.9650258,0.9882948,0.9870266,0.9830002,0.98852336,0.9873348,0.982616,0.98545426,0.9863989,0.9871135,0.9870999,0.98280317,0.99400634,0.9754673,0.9845671,0.98838776,0.9803716,0.98357403,0.98097587,0.98902357,0.9814816,0.9896199,0.9905564,0.98234934,0.9737148,0.9802686,0.9855166,0.97712797,0.9807196,0.9880751,0.989581,0.9736095,0.9847291,0.9758379,0.98212177,0.99110276,0.95940495,0.6631217,0.98386884,0.9859058,0.9863873,0.9896071,0.9851636,0.9862856,0.9672357,0.9802182,0.9916492,0.98441625,0.9836522,0.98409504,0.97872293,0.9861338,0.9774935,0.98665434,0.97941214,0.9809124,0.98281455,0.98529667,0.98482215,0.98623794,0.9829991,0.9816092,0.9857203,0.9848773,0.97594965,0.9885357,0.98548484,0.9881095,0.9765673,0.9838593,0.98803395,0.9896087,0.9893315,0.9802927,0.9715739,0.97926164,0.9833727,0.97846746,0.98825496,0.9887484,0.9883815,0.97171575,0.9842901,0.9807295,0.9871057,0.9821845,0.9752473,0.9861621,0.99155825,0.9833782,0.9704651,0.98277014,0.9897033,0.988508,0.9794273,0.9944729,0.98632634,0.9899029,0.98573244,0.9902026,0.9789549,0.9879781,0.9677369,0.98855245,0.9882313,0.9792824,0.9790192,0.9894956,0.97759134,0.9862198,0.9883878,0.987306,0.9837015,0.9828721,0.9909339,0.9834373,0.9840277,0.9871693,0.9870302,0.9496182,0.9872304,0.9865062,0.9832169,0.98959994,0.8777239,0.98450005,0.98711324,0.9857928,0.9917762,0.9841681,0.9768511,0.98410887,0.9876146,0.979409,0.99026877,0.98523015,0.98157,0.9846338,0.97594714,0.98794013,0.99022895,0.9851363,0.9847816,0.98464715,0.98725706,0.98180866,0.9853923,0.9871205,0.98684156,0.9822766,0.98045397,0.993462,0.9842345,0.98254424,0.987498,0.9837902,0.9864899,0.98785174,0.98305285,0.97779053,0.98300284,0.9786355,0.98420006,0.9871151,0.9799409,0.9859631,0.9832104,0.98788863,0.9891613,0.97104025,0.9876613,0.98080647,0.98622805,0.98926604,0.9849396,0.98597825,0.9712633,0.98672473,0.9823422,0.98885584,0.9800121,0.98369515,0.9796619,0.989672,0.98720527,0.9846303,0.98098683,0.98677474,0.97885764,0.9887912,0.9883863
prick,0.98896384,0.98474634,0.9836537,0.9785009,0.98028433,0.9805255,0.9618975,0.9608138,0.9746718,0.97897303,0.9831171,0.9845199,0.9722609,0.979173,0.9800228,0.98290086,0.9838435,0.9821432,0.9772146,0.9827073,0.9767627,0.9723755,0.9740201,0.9786486,0.97966063,0.9843956,0.98111725,0.98316026,0.9815918,0.9796756,0.985564,0.9769342,0.9787257,0.957554,0.9835248,0.98520166,0.98582804,0.98034626,0.9812773,0.9745971,0.9882151,0.9831454,0.982353,0.9837801,0.9860322,0.9715326,0.9763531,0.9773094,0.98007596,0.97138464,0.9763187,0.9783294,0.9744032,0.9669173,0.9814699,0.97920007,0.9567619,0.99468374,0.9663171,0.9879872,0.983255,0.977556,0.9881161,0.9999997,0.97927916,0.98550874,0.98261887,0.98865235,0.97348833,0.97898203,0.97439003,0.98010874,0.96955776,0.98668724,0.9851812,0.97874427,0.98254937,0.9856421,0.9819098,0.98780215,0.96481276,0.98782885,0.9868294,0.9799066,0.98330003,0.9875074,0.98303175,0.98375064,0.9860824,0.9874943,0.9845056,0.98298055,0.9837893,0.9687399,0.98409575,0.982758,0.97882307,0.98066646,0.9794606,0.9859353,0.97820693,0.98550737,0.98632956,0.9805226,0.9743881,0.98342514,0.9833819,0.96909887,0.97843575,0.98564,0.9849931,0.97532207,0.9808324,0.97320825,0.9799447,0.98519903,0.95678264,0.6639641,0.9774844,0.9852651,0.98675126,0.98623097,0.98365057,0.9877366,0.9681852,0.98138404,0.98266387,0.98166,0.98292094,0.98235834,0.9807615,0.98708314,0.9794017,0.9861911,0.9761469,0.9792026,0.9819092,0.98743236,0.98487186,0.98558646,0.98073965,0.9788061,0.99409527,0.9836718,0.97358215,0.9851104,0.98364234,0.98207307,0.9777359,0.9839798,0.98332566,0.98342025,0.9890489,0.97783566,0.96846884,0.97884834,0.979828,0.9790221,0.987535,0.9817456,0.97887844,0.96741945,0.98374283,0.97731555,0.9897713,0.9786434,0.9704333,0.980392,0.98049635,0.97776234,0.9668702,0.9814591,0.9809476,0.9801061,0.9779594,0.985741,0.985549,0.9913705,0.98492914,0.98633367,0.97889954,0.98920965,0.9703875,0.9848671,0.9843533,0.97744244,0.97592586,0.9866507,0.976389,0.9835417,0.98642546,0.98644954,0.98000604,0.9757785,0.9828402,0.9831143,0.9816288,0.9869803,0.9798222,0.9495908,0.9801227,0.986736,0.97718406,0.9830647,0.88212305,0.9796828,0.9827913,0.9820606,0.98725736,0.98496306,0.979679,0.9812899,0.98679656,0.97969264,0.98673034,0.9813632,0.9781723,0.9853156,0.9756496,0.9816379,0.98627865,0.9834769,0.9800193,0.98398453,0.9862334,0.9787403,0.9834819,0.98567134,0.985208,0.98184055,0.9763883,0.9886994,0.9799004,0.9792153,0.9840956,0.98132104,0.9835188,0.98760206,0.9780411,0.97712606,0.9798611,0.9755037,0.9841175,0.9850779,0.9768933,0.9857924,0.9822644,0.98679405,0.987933,0.970762,0.9849353,0.9797578,0.9853233,0.9869078,0.9840595,0.98631656,0.9692606,0.9863742,0.9811402,0.98454076,0.984717,0.979766,0.97854424,0.9863512,0.98683065,0.9795153,0.9815497,0.98593587,0.9774947,0.98403025,0.984964
dressing,0.98318994,0.98232377,0.98300993,0.9772993,0.9793747,0.9806375,0.9606419,0.9619712,0.97758156,0.9750146,0.980785,0.98374444,0.9707926,0.9771993,0.9809416,0.9849058,0.9861156,0.98078465,0.9867213,0.9883967,0.9782337,0.9727961,0.9788403,0.98293597,0.9865891,0.98430073,0.9778548,0.9819831,0.9815825,0.9789293,0.98384327,0.97171587,0.9835229,0.9659445,0.98690486,0.98531663,0.984043,0.9797581,0.9808731,0.97549355,0.9828668,0.98593086,0.98030627,0.9799702,0.9891921,0.9679202,0.9763374,0.97572964,0.9809262,0.97956604,0.9833275,0.97948724,0.9667116,0.9634994,0.9785616,0.9804153,0.9593644,0.9833087,0.9715375,0.9863824,0.9850662,0.97998977,0.98278064,0.97927916,1.0,0.9814286,0.98065645,0.98096,0.97262144,0.9789377,0.9772268,0.9825726,0.97318983,0.9826716,0.9805645,0.97712266,0.98184294,0.9854339,0.97893965,0.9809461,0.9567906,0.9828652,0.9857279,0.9771662,0.9820529,0.98580444,0.9822628,0.9849858,0.98678035,0.9874679,0.9785366,0.9824562,0.9825281,0.96837795,0.9801661,0.979418,0.974832,0.9871431,0.9925619,0.9853111,0.980929,0.98539597,0.9755208,0.97483826,0.97127825,0.97258484,0.98043716,0.97074914,0.97253734,0.9830131,0.9852488,0.9691807,0.97643644,0.9769021,0.9778426,0.98657125,0.95509565,0.661495,0.9765526,0.9864681,0.9835408,0.98408675,0.98459315,0.9828056,0.9690261,0.9727134,0.9822611,0.9875408,0.97971785,0.97899604,0.9774783,0.98269194,0.97761923,0.985576,0.9796866,0.97829646,0.9783467,0.985032,0.9844238,0.9852635,0.982516,0.9826088,0.97511643,0.98955286,0.97902846,0.98540777,0.9826139,0.98071796,0.9791065,0.9860056,0.9826966,0.97990394,0.98665845,0.9803971,0.96818817,0.97975725,0.976458,0.9790782,0.98413086,0.98337936,0.9798741,0.9627261,0.98255956,0.9748203,0.980506,0.9742047,0.97254646,0.9858556,0.98131645,0.9760347,0.9654583,0.9849091,0.9783333,0.9803988,0.9731728,0.98320675,0.98531896,0.9885646,0.9864226,0.9835762,0.97720265,0.98251957,0.9712353,0.97729063,0.98429227,0.977751,0.9798869,0.9859054,0.9727515,0.985103,0.98575425,0.98407143,0.97741765,0.98032606,0.983812,0.9806187,0.98309326,0.9860124,0.9803423,0.94541264,0.980342,0.9837042,0.97683793,0.9830072,0.8752469,0.9882926,0.9812926,0.9787251,0.98722655,0.9838261,0.97336656,0.9834344,0.9853011,0.98255354,0.9830948,0.98311365,0.9777166,0.9777257,0.97497886,0.9788025,0.9775823,0.9830596,0.9777177,0.9805099,0.98018426,0.9792736,0.98333424,0.985913,0.9844931,0.9836119,0.98246694,0.9795475,0.97749317,0.9733162,0.97936636,0.98171365,0.98117155,0.98731434,0.9734809,0.981743,0.9803883,0.9786539,0.9766682,0.9863787,0.977179,0.98004454,0.97420067,0.9837057,0.9844931,0.97880995,0.98500127,0.9797426,0.9816046,0.98591596,0.9823702,0.9784223,0.96794766,0.9816438,0.979846,0.9872466,0.97657853,0.9784318,0.978361,0.9870355,0.9813742,0.9768098,0.97732365,0.9832052,0.97452253,0.9829588,0.98735225
shred,0.9882169,0.9859915,0.98297995,0.98730254,0.9812888,0.9837122,0.967834,0.96347487,0.973067,0.980925,0.9823902,0.98889804,0.9775774,0.9812111,0.9869989,0.9850463,0.98507386,0.98877805,0.97838736,0.98544365,0.9792103,0.977798,0.97765946,0.97980744,0.9850495,0.98496884,0.9834573,0.9843626,0.9869665,0.982126,0.99031454,0.9782253,0.98453546,0.9602347,0.98435867,0.9860673,0.98993,0.97942793,0.9839463,0.9781332,0.9890718,0.9840194,0.98633176,0.98427373,0.9874981,0.97239536,0.9820509,0.9822331,0.9833099,0.9722886,0.97954637,0.9824193,0.9776218,0.9694868,0.98322564,0.981466,0.957498,0.98824275,0.97005165,0.98605144,0.98498756,0.9799971,0.99403006,0.98550874,0.9814286,1.0,0.9859719,0.9905208,0.9751725,0.97951794,0.97715884,0.9858881,0.96896505,0.9913142,0.9896529,0.98162484,0.9866013,0.98481673,0.9864911,0.9953778,0.97238135,0.9871856,0.9864224,0.98057103,0.9893775,0.98734176,0.98318374,0.9843518,0.98590124,0.9851443,0.98762375,0.98240876,0.9899995,0.9711262,0.98499864,0.98893034,0.9801902,0.982631,0.9798082,0.98887616,0.9791177,0.9895525,0.99070716,0.98691505,0.9756391,0.98632306,0.9841479,0.97744924,0.9829475,0.9882269,0.98899156,0.9803,0.98806,0.9768991,0.9826361,0.9911766,0.959063,0.6665064,0.9830585,0.9864705,0.9867532,0.98868096,0.9855205,0.985242,0.9689619,0.9798589,0.99236536,0.98341686,0.9844282,0.98485774,0.9801601,0.98518735,0.97900766,0.9860542,0.9785149,0.97813666,0.98468906,0.9855109,0.98463815,0.98721296,0.9814549,0.9811763,0.9853155,0.98443514,0.9768064,0.98835206,0.98381686,0.98872787,0.9775278,0.9846093,0.98854935,0.989467,0.9874179,0.98126787,0.9729123,0.9786282,0.9841085,0.97920364,0.98801,0.9886542,0.9886072,0.97295076,0.9844234,0.98500067,0.98440385,0.9836304,0.97334635,0.9838396,0.98907316,0.98363316,0.9713262,0.98351884,0.9891333,0.98667943,0.97573197,0.9931429,0.9861854,0.98721486,0.9848091,0.9909147,0.9811452,0.9861042,0.97003675,0.98987305,0.98648196,0.9784868,0.97897714,0.9877708,0.974295,0.9871082,0.9876853,0.98936135,0.98943007,0.9833203,0.9894055,0.984468,0.9847989,0.98702085,0.9885352,0.9525401,0.98648506,0.9865886,0.9838573,0.9899403,0.87451,0.9849133,0.9869148,0.985637,0.99173766,0.98390496,0.97769356,0.98315805,0.98810476,0.98011506,0.98975354,0.98646224,0.9827529,0.9828163,0.9767764,0.9882491,0.9928335,0.98466873,0.9860918,0.98412687,0.98646706,0.98161256,0.985429,0.9876949,0.9876526,0.98104256,0.97827065,0.9954823,0.98353904,0.9876004,0.9901131,0.983122,0.9903517,0.9872257,0.983597,0.9792651,0.9840485,0.97929287,0.9828897,0.9875421,0.98231167,0.9850657,0.98635536,0.98842067,0.9916595,0.9694577,0.98850125,0.98179287,0.98636043,0.9889985,0.98680675,0.9849642,0.9735469,0.9845918,0.98211163,0.9896517,0.9801864,0.98438317,0.97982377,0.98940396,0.98816943,0.9855157,0.9819007,0.9881437,0.98116297,0.98918146,0.9878729
ice,0.9861233,0.98174447,0.9842139,0.98060536,0.9793831,0.97823346,0.96529263,0.9624457,0.97082376,0.97561735,0.9797784,0.9819071,0.9704595,0.977728,0.9802687,0.9821747,0.9819989,0.9851773,0.97689664,0.982417,0.9776001,0.9741836,0.9731551,0.98006505,0.97823083,0.9820057,0.9796622,0.9832758,0.98188275,0.9793663,0.98714584,0.97522974,0.97722226,0.9593274,0.9821668,0.9835259,0.987042,0.9753681,0.9812584,0.97515666,0.9862271,0.9813466,0.9841223,0.9808933,0.98979527,0.96846116,0.9865088,0.9775448,0.9829428,0.9687313,0.9756104,0.9767076,0.9644806,0.9674683,0.97946954,0.9850985,0.9570018,0.9850499,0.9746349,0.9853693,0.9859345,0.98013383,0.9865599,0.98261887,0.98065645,0.9859719,1.0000002,0.9838226,0.97190106,0.98010397,0.97542596,0.98081887,0.97872597,0.9835457,0.98161876,0.97674644,0.98383665,0.9888775,0.98109496,0.9855632,0.95912325,0.98493814,0.9861183,0.9767067,0.9851299,0.9863935,0.9828485,0.98286635,0.9862084,0.9867723,0.98290324,0.983358,0.986334,0.9665744,0.9814687,0.98184705,0.976593,0.98290235,0.9816149,0.9846453,0.97981447,0.98562425,0.9794574,0.9817498,0.9733971,0.97749233,0.9822133,0.96961856,0.9753837,0.98272395,0.9897686,0.96987736,0.97816205,0.97367376,0.97729754,0.98851293,0.96282506,0.67413443,0.98903096,0.9846577,0.9851517,0.9841692,0.98415536,0.98522705,0.9670742,0.97922856,0.9823445,0.9863373,0.98227024,0.9818852,0.97692424,0.9847079,0.9735826,0.9844666,0.97712815,0.9762906,0.98053735,0.98312587,0.98275334,0.9841047,0.9824035,0.98073506,0.9803015,0.9868007,0.9760472,0.9870024,0.9849598,0.98316,0.9792967,0.98276037,0.9853578,0.98073715,0.98644036,0.977184,0.96558255,0.97818387,0.97869056,0.97840655,0.98522717,0.9823364,0.98064226,0.9652428,0.98461056,0.97616667,0.98256564,0.9804471,0.9718477,0.98380643,0.9810065,0.9775733,0.96944124,0.9784521,0.9809412,0.9822216,0.97619593,0.98491806,0.98467267,0.9900204,0.9862287,0.98225385,0.9841155,0.9820819,0.9680121,0.9789783,0.9835075,0.97683245,0.9765152,0.9840084,0.9775728,0.98424333,0.98465836,0.9871437,0.97762656,0.9768886,0.98256594,0.98055124,0.98273736,0.98507905,0.9815168,0.9517465,0.9789586,0.9822214,0.97877306,0.9825353,0.8781692,0.98251027,0.9822508,0.9847423,0.9883119,0.98253727,0.97597444,0.97946006,0.98608553,0.9758572,0.9846991,0.9867177,0.97876006,0.98230696,0.9735432,0.9833871,0.981394,0.9832188,0.9792528,0.9851563,0.9825353,0.97843593,0.9827493,0.9880478,0.9841715,0.984964,0.9815465,0.98408055,0.97656786,0.9741579,0.98073226,0.982075,0.98046845,0.98927814,0.9790217,0.97312397,0.9816781,0.97293746,0.9789652,0.98526543,0.976458,0.98182726,0.98972917,0.9847672,0.9842297,0.9662998,0.9860007,0.9823654,0.98517907,0.9863309,0.9828447,0.9802979,0.9689417,0.98270875,0.98153853,0.98714614,0.97748995,0.98331976,0.98073345,0.9878676,0.9834928,0.9781195,0.9770854,0.98823607,0.9743456,0.98455405,0.982446
flatten,0.99012554,0.9868893,0.98186135,0.9860465,0.98012334,0.9857187,0.9667006,0.9666247,0.97566867,0.9783251,0.98573136,0.98774445,0.9746456,0.9787695,0.9857745,0.98485553,0.9831697,0.9870975,0.98053473,0.98504037,0.9800236,0.97299093,0.9766727,0.9793849,0.9851658,0.98632276,0.9826425,0.98409075,0.9856084,0.98083836,0.9887177,0.9764357,0.9807909,0.9618806,0.9839832,0.98730946,0.9873375,0.9806876,0.9832438,0.97489554,0.9897773,0.9834539,0.98338675,0.98358995,0.9872346,0.97449327,0.98066753,0.9823322,0.981175,0.9706027,0.9804554,0.98047364,0.96990836,0.9723347,0.98218936,0.9808104,0.95850885,0.98933685,0.96864116,0.98718625,0.98514044,0.9803969,0.99046504,0.98865235,0.98096,0.9905208,0.9838226,1.0000001,0.9774904,0.9805585,0.9762126,0.986705,0.9694299,0.9853232,0.9849301,0.9816104,0.98450536,0.984938,0.98594177,0.98826355,0.9616415,0.9890064,0.98490036,0.9812423,0.9877293,0.98568577,0.98291993,0.9865465,0.98547095,0.98785675,0.98786926,0.9827125,0.9873898,0.96978045,0.98384994,0.9876405,0.98060524,0.9831244,0.9790644,0.98536974,0.97810286,0.98929274,0.9844264,0.98189104,0.97441626,0.981709,0.98493475,0.97628886,0.9786105,0.9888182,0.98651737,0.97011644,0.98347515,0.9762088,0.9818032,0.98883355,0.95852906,0.66002655,0.9812507,0.9868124,0.9890698,0.9894286,0.98431045,0.9876298,0.9699887,0.98331076,0.9859791,0.9835492,0.9838393,0.9827218,0.98031455,0.98757917,0.9805275,0.9871923,0.97979814,0.9794372,0.9856548,0.987387,0.98619664,0.98633575,0.9833992,0.9787101,0.9851336,0.9855367,0.9778038,0.9864836,0.98431337,0.98521274,0.9783174,0.9854149,0.987705,0.9897981,0.98809737,0.9798215,0.9721509,0.9784166,0.9800849,0.9791832,0.9876041,0.9878468,0.9830598,0.9699711,0.98750544,0.97911835,0.98855835,0.9820004,0.9752937,0.98398536,0.9849936,0.9816087,0.97090286,0.9840612,0.9910096,0.9847082,0.9756985,0.9907393,0.9860627,0.9889171,0.9871256,0.98575455,0.97819936,0.98592824,0.9697344,0.9826362,0.9863793,0.98177874,0.97986215,0.98831993,0.97441095,0.9840035,0.9897823,0.988365,0.9788859,0.980437,0.9875301,0.9826759,0.9840987,0.9875633,0.98551226,0.94996464,0.98391795,0.9881059,0.97855204,0.9884455,0.8841002,0.9830305,0.9883385,0.98324233,0.9891048,0.98706406,0.98024225,0.9849087,0.98638684,0.98089683,0.98988867,0.984912,0.9820554,0.9850485,0.9819202,0.9857468,0.98385966,0.9845837,0.9819172,0.9855449,0.98990023,0.98305506,0.98724574,0.98636436,0.9870234,0.9817934,0.9797532,0.9863432,0.98411006,0.9765252,0.9844042,0.98432815,0.9848716,0.986403,0.9816742,0.9787955,0.98174036,0.9776205,0.9858384,0.98646873,0.9799159,0.98561203,0.9825369,0.9866972,0.98919535,0.97085285,0.9872431,0.98030686,0.98681414,0.98912424,0.98598284,0.9880294,0.97145236,0.9873907,0.981997,0.9860422,0.9850281,0.98261535,0.9802861,0.98834527,0.98855925,0.9829778,0.9834743,0.98854697,0.9798285,0.98682016,0.9862915
sizzle,0.9837397,0.9745828,0.9741994,0.9723987,0.9679395,0.9703204,0.95770097,0.9594164,0.9703615,0.96721447,0.97183776,0.97652656,0.96911573,0.97352993,0.97254205,0.9754402,0.97359586,0.97570795,0.9770514,0.97703177,0.97719747,0.9681275,0.9651435,0.97648084,0.9744657,0.9796214,0.97344846,0.9734669,0.97550625,0.9733324,0.9746857,0.96807146,0.9723774,0.95312977,0.97544974,0.97621596,0.9763384,0.97126836,0.97554445,0.9648495,0.97517276,0.97658086,0.9725075,0.97611004,0.9776898,0.96668893,0.9665356,0.9709304,0.9702635,0.9630942,0.9723038,0.9710038,0.95696706,0.9555898,0.97499484,0.9718853,0.9545995,0.9777734,0.9585584,0.9761804,0.9776566,0.9671295,0.9758182,0.97348833,0.97262144,0.9751725,0.97190106,0.9774904,0.99999976,0.97446156,0.9712026,0.97428906,0.9611425,0.9750828,0.9727886,0.97259897,0.9775419,0.9731812,0.9771936,0.97544575,0.9520979,0.9762461,0.97692794,0.9699222,0.97515845,0.9760648,0.9790382,0.97692406,0.97630554,0.9730389,0.9755482,0.9722508,0.97463566,0.9618104,0.97297186,0.9766641,0.97364634,0.9767098,0.9696422,0.9739028,0.9758759,0.9755832,0.9707574,0.9697034,0.96876174,0.9698268,0.9725016,0.9651332,0.96642506,0.9750549,0.97522277,0.9593148,0.967606,0.9653574,0.9724093,0.9756781,0.95041233,0.66190755,0.96650773,0.97753376,0.9758981,0.97740483,0.97832,0.9782787,0.95577914,0.96856093,0.9732788,0.97455305,0.9714336,0.9751051,0.97329235,0.977911,0.96705,0.97944695,0.9692208,0.9687614,0.9725572,0.9756379,0.9775178,0.9781912,0.9743004,0.9727802,0.9716328,0.9745173,0.9646453,0.9730434,0.971,0.9768729,0.9667846,0.9760368,0.97544414,0.97743124,0.97751695,0.9731127,0.9657745,0.96832955,0.97363704,0.9716747,0.98112434,0.9743589,0.97187626,0.9575354,0.9721311,0.9687245,0.97379124,0.9740772,0.96896845,0.9726042,0.973781,0.97356325,0.9656313,0.97501075,0.9737827,0.97170854,0.966908,0.97772276,0.9757204,0.97487706,0.97695506,0.9761629,0.9687399,0.977928,0.9587851,0.9684966,0.97663045,0.9682097,0.9711869,0.97759515,0.96357495,0.9745543,0.97727007,0.9795922,0.9685061,0.9703305,0.97428477,0.97369796,0.9770592,0.9784971,0.9727792,0.9375743,0.9744425,0.97831416,0.9714146,0.9763559,0.8665958,0.9715716,0.97483414,0.97508705,0.9792617,0.9751021,0.9667882,0.97878414,0.9787023,0.9719642,0.97885716,0.9742657,0.9741674,0.9667419,0.96604663,0.9728943,0.9717056,0.9763425,0.97298,0.97180116,0.9748672,0.97464466,0.97468996,0.9772337,0.9832212,0.97296464,0.9703596,0.9733534,0.971965,0.96633613,0.9715536,0.9756556,0.973577,0.97750705,0.97187895,0.97008574,0.9713742,0.97363836,0.97050565,0.97643214,0.9710881,0.97358924,0.97011,0.97744364,0.978031,0.9621838,0.97992605,0.97014606,0.9768447,0.9831284,0.977765,0.97370464,0.96220624,0.9744384,0.9703233,0.97492194,0.9707234,0.9736873,0.9710934,0.9792099,0.9775205,0.9728797,0.97066265,0.97509944,0.97051924,0.97935027,0.9767299
sear,0.98290867,0.9788894,0.97846913,0.978946,0.97755826,0.9767691,0.9578417,0.96160173,0.96418375,0.9731147,0.9775431,0.9792633,0.9731084,0.9752237,0.97984093,0.9789599,0.9790549,0.97952205,0.97679234,0.9836252,0.97853994,0.9711117,0.97353524,0.99251574,0.9753468,0.9818593,0.980803,0.97976524,0.9786802,0.98916143,0.9825163,0.9719036,0.97975457,0.9567957,0.9841125,0.98607886,0.9871872,0.9774108,0.9878874,0.9736169,0.9829439,0.9861402,0.9762213,0.97851604,0.9844237,0.9660351,0.9735335,0.97392195,0.9850223,0.96891886,0.97603685,0.97616136,0.9623205,0.9626632,0.97839415,0.982404,0.9596383,0.986767,0.96822107,0.98109114,0.993421,0.97685313,0.98071784,0.97898203,0.9789377,0.97951794,0.98010397,0.9805585,0.97446156,1.0000002,0.9842789,0.97871643,0.96939313,0.98105806,0.9774217,0.97627884,0.9822883,0.98214245,0.9806775,0.97994834,0.9531032,0.9840859,0.98210686,0.977657,0.9812793,0.98276,0.98057324,0.98268855,0.98053336,0.9822106,0.9822591,0.97570235,0.98026395,0.96711355,0.9792082,0.9836603,0.9784841,0.9823213,0.9768591,0.9808097,0.99411905,0.98132026,0.97829026,0.9768141,0.9699028,0.976748,0.98183244,0.9665166,0.9734676,0.9792492,0.97986186,0.96794206,0.97680444,0.97258383,0.9762557,0.9819276,0.9544343,0.67630166,0.9742759,0.985902,0.98315185,0.98254234,0.9898569,0.9826351,0.9635647,0.9777194,0.9781839,0.98704714,0.9803845,0.98001236,0.9747277,0.98362803,0.9734534,0.98347986,0.975018,0.98281324,0.9788617,0.9833103,0.98085356,0.9825878,0.9811151,0.9774705,0.9770132,0.98043346,0.980305,0.9817952,0.98146826,0.98091793,0.97882307,0.9820083,0.98204154,0.97569937,0.9833095,0.97646314,0.9690267,0.975437,0.9724932,0.9800901,0.98704433,0.9767287,0.9757228,0.9611998,0.979344,0.9744774,0.98102117,0.9797431,0.976436,0.98020715,0.9771212,0.9801592,0.9638364,0.9778074,0.97844285,0.9770958,0.97129774,0.9817,0.98236525,0.9842826,0.98330766,0.98166275,0.9759094,0.9805349,0.9682188,0.97646505,0.98327655,0.97518086,0.97696054,0.9821232,0.9718767,0.98439157,0.98357934,0.98360956,0.9755436,0.97464687,0.9784793,0.9788362,0.9814458,0.98913616,0.97678125,0.9482933,0.978575,0.98251957,0.9738623,0.9789606,0.87406254,0.9792688,0.98195595,0.97850394,0.9878024,0.9803767,0.97703135,0.9837334,0.9854835,0.9767419,0.98264116,0.98046017,0.97914785,0.97712755,0.977962,0.9782796,0.9787927,0.9788048,0.9761339,0.97854894,0.9803496,0.9800257,0.98221093,0.9839618,0.9859594,0.980376,0.9773088,0.9799415,0.9777846,0.9716811,0.97898304,0.9791866,0.97498953,0.98435956,0.97874,0.973247,0.9769518,0.97692484,0.9779388,0.98579645,0.9720149,0.980061,0.9770397,0.98175395,0.9820925,0.9699954,0.98394,0.9823628,0.9869071,0.98937184,0.9890432,0.9785289,0.9657998,0.98088855,0.98009056,0.9807556,0.9758746,0.9810382,0.9758438,0.9890634,0.9843538,0.9754807,0.9745731,0.9801884,0.97253346,0.9816965,0.9833807
caramelized,0.98038536,0.97515833,0.9768481,0.97420156,0.9724285,0.97559166,0.9535789,0.95800126,0.96319604,0.9708375,0.97545934,0.9761985,0.96965283,0.9715047,0.9799351,0.9763946,0.977368,0.97538334,0.97212255,0.9794126,0.9704046,0.97333497,0.9717547,0.9899113,0.9729275,0.9773497,0.976587,0.97728103,0.9789758,0.9778198,0.9810365,0.97345775,0.9733878,0.95550287,0.97946787,0.98015845,0.979539,0.9706711,0.9769523,0.9702422,0.9762906,0.9809751,0.9740725,0.97698575,0.98266065,0.9689229,0.9709413,0.97251445,0.977533,0.9715495,0.9726119,0.97170424,0.9607985,0.9630814,0.97453797,0.9717201,0.95403045,0.979622,0.96591467,0.9791955,0.9808213,0.9754918,0.9789074,0.97439003,0.9772268,0.97715884,0.97542596,0.9762126,0.9712026,0.9842789,0.9999999,0.9733322,0.97380954,0.9747777,0.97516686,0.97430325,0.98044527,0.97811407,0.9779882,0.9766549,0.9485112,0.9806611,0.9789664,0.97408134,0.9764792,0.97922903,0.9786196,0.9795949,0.9777807,0.97881967,0.9772255,0.9741658,0.97825533,0.96505845,0.977187,0.9765191,0.9758368,0.97796124,0.97467,0.9783657,0.9817765,0.9782172,0.9759725,0.970125,0.966386,0.9706568,0.9779876,0.9682129,0.9708754,0.97738737,0.97747755,0.9660831,0.97274417,0.96532553,0.97266513,0.98065835,0.9539792,0.6682312,0.97235924,0.98126066,0.9801028,0.9796993,0.97952473,0.97821105,0.9627957,0.97250193,0.9759166,0.9765634,0.9768968,0.9790218,0.9736113,0.9778845,0.97119284,0.97822994,0.97143847,0.97460854,0.97355,0.97805667,0.9760836,0.979919,0.97614604,0.97589844,0.97172385,0.97958386,0.96839553,0.9783828,0.97584677,0.978426,0.9740636,0.978211,0.9786359,0.9755498,0.9797763,0.97441095,0.9612321,0.97035414,0.9726929,0.9731506,0.9805512,0.97576296,0.9736295,0.9557307,0.97351354,0.9725616,0.9765037,0.97582674,0.96717,0.97376347,0.9732206,0.9777801,0.96111023,0.9748737,0.9749455,0.9740952,0.96729124,0.97814864,0.9782465,0.9797842,0.9824459,0.9769567,0.9699605,0.979148,0.96543956,0.97101635,0.9769896,0.97245324,0.97460103,0.97924894,0.9688521,0.9770631,0.97737736,0.97964156,0.9713246,0.9749205,0.9763654,0.9754049,0.9743734,0.981047,0.97311765,0.94389427,0.9753012,0.97583044,0.96960014,0.97969246,0.8727917,0.97436833,0.9764516,0.9743437,0.98096985,0.9755884,0.9717004,0.9753211,0.9831796,0.9726634,0.9782499,0.9786215,0.97810555,0.97006005,0.97255677,0.977072,0.976571,0.9813389,0.9700861,0.97550637,0.97686005,0.97684103,0.97641444,0.9800496,0.9810753,0.9755022,0.9735565,0.9762435,0.97811383,0.9680398,0.97550094,0.97596323,0.9715058,0.9797132,0.97511184,0.96997947,0.9755282,0.97262496,0.97433794,0.98232317,0.96698385,0.9786742,0.97142375,0.97988003,0.97657514,0.96660924,0.9810151,0.9761297,0.979942,0.98305875,0.98254824,0.97470206,0.96521044,0.9776125,0.9715548,0.9802637,0.9719509,0.9767684,0.9724981,0.98022497,0.98142457,0.97486466,0.9701481,0.97814614,0.9671049,0.98211485,0.9785208
unroll,0.9829555,0.9884828,0.9804453,0.98255014,0.97813594,0.9820468,0.9689778,0.96342236,0.97270465,0.9739223,0.9803696,0.98734206,0.9704604,0.9767249,0.98271257,0.98312217,0.9838185,0.9869526,0.9800738,0.9831176,0.9770172,0.96916056,0.97523654,0.9788488,0.9884719,0.9812735,0.97841555,0.9801372,0.98330224,0.97799516,0.9843682,0.9743086,0.97883123,0.9666885,0.9831048,0.9879822,0.9840294,0.9800704,0.9819046,0.9700961,0.98475534,0.9825598,0.9802571,0.98188967,0.98613816,0.9729394,0.9792053,0.98310405,0.9837997,0.97126156,0.980432,0.9782492,0.9715417,0.96660686,0.9783247,0.9818084,0.9577096,0.9841478,0.9697135,0.9852565,0.9853385,0.9826966,0.9865074,0.98010874,0.9825726,0.9858881,0.98081887,0.986705,0.97428906,0.97871643,0.9733322,1.0000004,0.9681974,0.9823263,0.9845211,0.97812885,0.9825218,0.98190594,0.98296237,0.9827649,0.9556609,0.9855105,0.98368114,0.9765516,0.98854893,0.9835325,0.98286164,0.9845642,0.9818425,0.9832896,0.98406583,0.98030514,0.98693746,0.97191983,0.98080873,0.9888257,0.9792533,0.98081595,0.9771149,0.98296523,0.97833097,0.9852641,0.97733223,0.97905755,0.97220886,0.973622,0.98146856,0.97521555,0.9753216,0.9847377,0.98721796,0.9712724,0.9780365,0.97092646,0.97886705,0.9834094,0.95634466,0.66258484,0.9808378,0.98500335,0.98322016,0.98983246,0.98464954,0.984651,0.9689774,0.9782967,0.9862623,0.98193055,0.978509,0.98006606,0.97741,0.98481566,0.97261244,0.9873106,0.97968876,0.98183215,0.9826011,0.9847619,0.98302215,0.9849999,0.9805831,0.977632,0.9781592,0.98280215,0.9792322,0.98435736,0.9796016,0.9846103,0.9810412,0.98704016,0.9880846,0.98675555,0.98349965,0.9830421,0.9715739,0.976542,0.9812269,0.97810453,0.98437786,0.9898732,0.98411965,0.9672445,0.98254836,0.9762681,0.98119575,0.9790295,0.972108,0.98158187,0.9879648,0.980393,0.97614497,0.98406285,0.9852663,0.9808825,0.97223514,0.98638386,0.9876799,0.98392564,0.9823777,0.9842473,0.97910607,0.9831246,0.9668511,0.9796036,0.98592186,0.9816541,0.97851366,0.9862403,0.97063726,0.98417604,0.9874433,0.98556435,0.97649133,0.9845955,0.9886578,0.98060703,0.9882361,0.9856578,0.98658305,0.9451076,0.9861098,0.98561347,0.97774744,0.988257,0.86918753,0.9867021,0.9908753,0.9839216,0.98840255,0.98316294,0.976775,0.9839481,0.9853894,0.9785398,0.9864806,0.9824245,0.9797071,0.9767237,0.9749371,0.98373413,0.9787002,0.98047,0.98064166,0.98219675,0.9852134,0.9812387,0.9824194,0.984231,0.98604065,0.9789621,0.97888994,0.98085415,0.980004,0.9740198,0.98094726,0.9837118,0.98039216,0.9829696,0.97955877,0.97665083,0.9786981,0.97332925,0.978497,0.9860201,0.9756909,0.9813979,0.977221,0.9826374,0.984331,0.9719351,0.9866182,0.9833144,0.98293,0.9864083,0.98428655,0.9809325,0.9703917,0.98251784,0.98201895,0.98445696,0.9756152,0.9835863,0.9814865,0.98876446,0.98434466,0.9785076,0.97864085,0.9833986,0.9754866,0.98542136,0.98379916
sweeten,0.97214097,0.9676649,0.974193,0.96652806,0.9661394,0.9679899,0.9528171,0.9492987,0.95942646,0.96508807,0.9647542,0.96963894,0.9573541,0.9675299,0.9695994,0.9707172,0.9711711,0.9726985,0.9689242,0.9709148,0.9613581,0.96177405,0.9623957,0.9745801,0.96575785,0.969334,0.9675895,0.97037655,0.9707821,0.9676895,0.9715803,0.9639266,0.9641974,0.9518605,0.9716373,0.97219884,0.972971,0.9622928,0.9680244,0.96025634,0.9694593,0.9691328,0.96824896,0.96880484,0.98118216,0.9579342,0.96501946,0.9707761,0.9715272,0.95792145,0.96463597,0.96414155,0.9526411,0.9554575,0.967436,0.96871513,0.95186216,0.9721785,0.9758633,0.9777078,0.9738404,0.9663578,0.97230893,0.96955776,0.97318983,0.96896505,0.97872597,0.9694299,0.9611425,0.96939313,0.97380954,0.9681974,0.9999997,0.9696487,0.9711634,0.9658259,0.9716086,0.98169744,0.96970934,0.9694768,0.9403972,0.97129947,0.9769254,0.96463543,0.97361135,0.972617,0.97365314,0.97160536,0.9736636,0.97567683,0.96881026,0.97292095,0.9733941,0.95452684,0.97023517,0.96873194,0.9644279,0.9728321,0.97330016,0.97241354,0.9689254,0.97069263,0.964873,0.9658924,0.960631,0.96273416,0.9693398,0.9560605,0.9618723,0.9688744,0.98070955,0.9582948,0.9669682,0.9639928,0.96672714,0.9763106,0.9599641,0.66914153,0.9682415,0.9717243,0.9735285,0.9711767,0.9726028,0.97121966,0.9567061,0.9664954,0.97004116,0.9775507,0.9699089,0.97135097,0.9689207,0.97192705,0.9640483,0.9721148,0.96274036,0.9655344,0.9689656,0.9692154,0.9679624,0.97181475,0.96719897,0.97742546,0.9657023,0.97852045,0.9634975,0.9708976,0.9736483,0.97045314,0.9705303,0.9689286,0.9702973,0.96746916,0.9756651,0.96834564,0.95231,0.96402276,0.9693239,0.9671409,0.9747035,0.96905595,0.9672152,0.9492948,0.9727672,0.9612512,0.9700681,0.9659411,0.9543739,0.970969,0.96706665,0.96613395,0.9562968,0.9664448,0.9670289,0.96730286,0.9669774,0.96995044,0.9710001,0.97998804,0.97856444,0.96959096,0.96613646,0.97208226,0.9632718,0.9653889,0.96923745,0.9678575,0.9646207,0.97127223,0.9716601,0.97165906,0.9702896,0.9728498,0.9642441,0.96607643,0.97203195,0.9666359,0.968311,0.9722534,0.96808124,0.94111586,0.9685052,0.9666276,0.96877533,0.9698205,0.8734335,0.96789813,0.9705317,0.97412944,0.9747169,0.96954954,0.9632538,0.9675632,0.97515607,0.96221155,0.96921974,0.97507447,0.9687204,0.9714325,0.960546,0.9683746,0.966044,0.97528714,0.9657014,0.976524,0.97184587,0.9674537,0.9683221,0.9787068,0.9728318,0.980159,0.97325397,0.96722794,0.965864,0.96015644,0.9652256,0.9721933,0.9662848,0.978692,0.96464974,0.96011317,0.9683002,0.96276194,0.9670709,0.9727046,0.9652481,0.9685494,0.9666751,0.9729219,0.9696051,0.95577675,0.97494584,0.9731363,0.970736,0.9739016,0.9713161,0.9664726,0.95753187,0.9694423,0.9708939,0.97665465,0.96428454,0.9724585,0.97042006,0.97350544,0.9699469,0.9670049,0.9635996,0.97593516,0.96164715,0.9733642,0.9699057
flake,0.9855473,0.9816986,0.98424363,0.98121464,0.9797535,0.97905207,0.9661397,0.9599497,0.9751482,0.97814924,0.9827381,0.9844987,0.9722622,0.9814143,0.98203623,0.9833144,0.9874137,0.98088384,0.98130685,0.9845212,0.98220223,0.9788805,0.9764247,0.98066694,0.9835909,0.9854093,0.98249656,0.98232096,0.98594004,0.98308194,0.98658824,0.9787423,0.9849171,0.9635833,0.9835048,0.98586947,0.99045306,0.98374027,0.98589236,0.97703815,0.9871982,0.98372376,0.9844336,0.9843355,0.98760444,0.97212446,0.9785832,0.9757874,0.981785,0.9715306,0.98012894,0.9774052,0.9777222,0.9675293,0.9833607,0.98167384,0.9585659,0.9904706,0.96778464,0.9871751,0.9864785,0.97995603,0.99098885,0.98668724,0.9826716,0.9913142,0.9835457,0.9853232,0.9750828,0.98105806,0.9747777,0.9823263,0.9696487,0.9999999,0.98855525,0.9799744,0.9843982,0.98504305,0.98319715,0.9948842,0.9773043,0.986901,0.98608154,0.9822544,0.9854912,0.9859345,0.98269045,0.9865453,0.9858177,0.98600835,0.98486775,0.9808815,0.9876279,0.97063696,0.983093,0.9840668,0.978585,0.98295176,0.97995436,0.9885501,0.98322344,0.986416,0.9897324,0.98499304,0.9808592,0.98554987,0.9850912,0.97518617,0.9829311,0.98520625,0.98442,0.9804563,0.98930955,0.9751084,0.9841707,0.9864384,0.95807904,0.6676094,0.9804224,0.9859047,0.9862443,0.9860987,0.9856881,0.9856664,0.96671796,0.9801772,0.99072164,0.98587245,0.98124146,0.9841114,0.97856134,0.9867671,0.978389,0.9860458,0.9769323,0.97780716,0.9845232,0.9853924,0.9849061,0.9868395,0.98432904,0.9804114,0.9870808,0.984329,0.9785058,0.9865221,0.9844244,0.98722905,0.9793301,0.9846334,0.9854872,0.9836458,0.98815304,0.9798478,0.97359574,0.9793745,0.980892,0.9820479,0.98803306,0.9853564,0.9872473,0.9724286,0.9797748,0.9867137,0.98572904,0.9797674,0.9770792,0.98341274,0.98962814,0.9818058,0.9685966,0.98194295,0.9862688,0.98921883,0.9775916,0.9921386,0.9875287,0.98762304,0.9848165,0.9943519,0.9807326,0.98759025,0.9701932,0.9929681,0.9862466,0.97771025,0.9772617,0.98858124,0.9766968,0.9849785,0.98898286,0.9855791,0.99171,0.9816328,0.9887172,0.9829037,0.9840898,0.9878913,0.9861294,0.9522687,0.9834876,0.9864625,0.9835391,0.98511064,0.8746853,0.9832513,0.9829741,0.98276824,0.9886009,0.98379177,0.97715056,0.9854726,0.98819137,0.9804266,0.98613894,0.9828541,0.980369,0.9841597,0.9774613,0.98209774,0.9920908,0.98372006,0.9856855,0.9828315,0.98301256,0.98065215,0.9853116,0.98742986,0.98623127,0.98209506,0.9789308,0.99329776,0.9814166,0.9897151,0.9910385,0.98253727,0.9915353,0.9886235,0.97887653,0.9774027,0.9811607,0.9789519,0.9814879,0.9867125,0.9808145,0.98455364,0.98371595,0.9872946,0.9916208,0.97206604,0.9866319,0.9802861,0.98543257,0.9884827,0.98620653,0.98277587,0.97111356,0.98492914,0.9845147,0.98852736,0.9797033,0.98344475,0.9796007,0.9879162,0.986776,0.9836626,0.98043627,0.98415923,0.98019975,0.98610705,0.9880426
tuck,0.98315996,0.9835,0.9809674,0.98343164,0.9765843,0.9807731,0.9651852,0.9642137,0.96926826,0.97618914,0.9788336,0.9863204,0.97156847,0.9786362,0.98324484,0.98488426,0.98464036,0.9853202,0.9774413,0.9846018,0.9780823,0.9708106,0.9715269,0.97824436,0.9835888,0.9831943,0.9810429,0.9804966,0.98366463,0.97902626,0.9855103,0.97709876,0.97877485,0.9588037,0.9808359,0.9834139,0.9860879,0.97873724,0.9796851,0.9739033,0.984938,0.98173547,0.9807765,0.98195636,0.9849195,0.96975833,0.9768854,0.98038423,0.97996217,0.969107,0.98097897,0.98052293,0.96901983,0.9628667,0.97607934,0.97848374,0.95595014,0.9878076,0.9698322,0.98732865,0.98176926,0.97394395,0.99153805,0.9851812,0.9805645,0.9896529,0.98161876,0.9849301,0.9727886,0.9774217,0.97516686,0.9845211,0.9711634,0.98855525,0.99999976,0.975231,0.98355883,0.98310465,0.98195565,0.98818505,0.96137327,0.9861336,0.98545086,0.97788095,0.98708284,0.9865861,0.98235285,0.9819675,0.98411083,0.98292184,0.98310566,0.9828947,0.9891108,0.97165143,0.980941,0.9838895,0.97747964,0.98113596,0.97930616,0.98772216,0.97822016,0.9858235,0.9834259,0.9809518,0.9701893,0.9765554,0.9844345,0.97437733,0.98100543,0.98468935,0.9874343,0.97416025,0.9801621,0.97471565,0.9778593,0.9851591,0.9589192,0.6495628,0.9776961,0.9831631,0.98226076,0.98748386,0.9830072,0.98295176,0.9645883,0.97587615,0.9911656,0.9806756,0.9786196,0.9813086,0.97790474,0.98362964,0.9734995,0.9844969,0.9748442,0.9770852,0.9806857,0.98228776,0.98006546,0.9843899,0.97986454,0.97915167,0.9834885,0.98255926,0.9717959,0.9865005,0.97924405,0.9898881,0.97671086,0.9803551,0.9839956,0.984981,0.98644143,0.982654,0.9693228,0.9764321,0.9843926,0.97694826,0.98562247,0.98651344,0.98625946,0.9703672,0.97954273,0.9744527,0.98438644,0.9775119,0.972639,0.98179793,0.9869022,0.98022646,0.96873075,0.97910774,0.9857465,0.98173916,0.9756802,0.98904115,0.9836005,0.987612,0.9835902,0.98688143,0.97709763,0.98587364,0.9663249,0.98522156,0.9850924,0.97519743,0.97476935,0.9852597,0.97399414,0.9836457,0.9846644,0.9834824,0.98063517,0.98375773,0.98947024,0.98422015,0.9813453,0.9838768,0.9850676,0.95120263,0.9846586,0.9838421,0.9811099,0.9877864,0.87725407,0.9792834,0.98610175,0.98556423,0.98888177,0.9800584,0.9754417,0.97989404,0.9850413,0.97703326,0.98759544,0.9808112,0.9782248,0.9797575,0.97078866,0.98338455,0.9856728,0.979865,0.98391503,0.9818529,0.9849301,0.97981894,0.98265636,0.98418003,0.9844525,0.9791217,0.9770825,0.9878402,0.9803178,0.9784084,0.9850383,0.9823156,0.9809273,0.9853169,0.9784354,0.9745786,0.9789925,0.97583646,0.97947764,0.9839483,0.97708356,0.9797431,0.97889614,0.98462886,0.9864381,0.96818507,0.98395795,0.9801834,0.9829329,0.98662424,0.9823328,0.9823304,0.96801996,0.98312587,0.98193693,0.9861163,0.9757731,0.98490804,0.97839856,0.98562646,0.984882,0.9817374,0.97908866,0.9847081,0.97779757,0.98561555,0.98487693
stop,0.98708,0.9774571,0.9855094,0.9774698,0.9761633,0.97737527,0.96106803,0.95560926,0.969834,0.97713524,0.98077303,0.98152155,0.9713188,0.9767532,0.9808985,0.98028326,0.9758671,0.97985667,0.97728676,0.98189324,0.9707778,0.97247463,0.9813123,0.97723854,0.9771736,0.982198,0.97700477,0.9795437,0.9804632,0.9771749,0.9823993,0.9716671,0.98076284,0.9568913,0.9799345,0.98590773,0.9838669,0.97247267,0.98192745,0.972333,0.97937876,0.98007745,0.97887623,0.97611874,0.9845897,0.9697906,0.9729867,0.9744994,0.9797764,0.96848714,0.973712,0.9772721,0.9659294,0.9608128,0.9857089,0.9759959,0.9539466,0.98200077,0.96062684,0.9822444,0.98397243,0.9749124,0.97941786,0.97874427,0.97712266,0.98162484,0.97674644,0.9816104,0.97259897,0.97627884,0.97430325,0.97812885,0.9658259,0.9799744,0.975231,1.0000002,0.98311263,0.98048556,0.986173,0.98045003,0.95720214,0.9826944,0.97852206,0.9745572,0.98055315,0.9821697,0.9783819,0.98477095,0.9784442,0.9812794,0.9860254,0.9753686,0.9796252,0.96580935,0.98572695,0.9803042,0.97644365,0.9775337,0.9770709,0.9805835,0.97720236,0.9854491,0.9771208,0.9784266,0.9709647,0.9759878,0.97719115,0.9648049,0.970139,0.9844261,0.97841275,0.968074,0.9768014,0.97045916,0.98245233,0.9810314,0.9497124,0.66130644,0.97454256,0.98676956,0.9863835,0.98020303,0.9829022,0.9818029,0.976081,0.97270405,0.97840554,0.98010844,0.98400474,0.9837424,0.9836838,0.9827903,0.98003745,0.9814929,0.9752778,0.9755404,0.9813131,0.98409057,0.9838853,0.98258764,0.97725487,0.97775537,0.97622764,0.98008186,0.97928303,0.9806013,0.9784462,0.97515464,0.97372663,0.98396105,0.9842683,0.97850543,0.9802143,0.97970796,0.96653485,0.970862,0.97464144,0.97779316,0.9858511,0.9783594,0.9775529,0.96582365,0.98431724,0.9773406,0.98247856,0.98290336,0.96843904,0.97343004,0.9771517,0.9728886,0.9637056,0.9792963,0.97799206,0.9781161,0.9708124,0.9810044,0.98178035,0.98164576,0.97971267,0.979513,0.9725217,0.98209304,0.97818923,0.9759681,0.9801615,0.9811529,0.9722019,0.9846701,0.9657571,0.9814197,0.9866378,0.9849091,0.97567755,0.9732295,0.9784758,0.9797701,0.97790265,0.9859201,0.9766481,0.94492626,0.97517127,0.9848313,0.97732055,0.9814753,0.8724969,0.9754002,0.9792459,0.9783495,0.98377806,0.98182493,0.9771564,0.98294616,0.9849202,0.97741127,0.9800695,0.98141336,0.9888272,0.9746584,0.9695409,0.9816707,0.97783244,0.9816021,0.9759244,0.9826518,0.98137826,0.97474146,0.98129034,0.98496485,0.98505986,0.9788668,0.9737306,0.97989124,0.981362,0.9725725,0.97800297,0.9763313,0.9781956,0.981911,0.98267597,0.97648567,0.9841132,0.9759233,0.9833667,0.9851016,0.97569185,0.98621243,0.97634083,0.98678154,0.98301834,0.97361946,0.9883546,0.97685117,0.9842136,0.9865476,0.98516303,0.9830399,0.97491884,0.97992027,0.97722864,0.98615986,0.98756754,0.975491,0.97392535,0.98528606,0.9819422,0.980378,0.9822786,0.9835706,0.9707071,0.9856513,0.983752
settle,0.98707336,0.98228157,0.9830958,0.9836528,0.9816991,0.9810205,0.96161413,0.9650567,0.97141916,0.9805304,0.98353314,0.9838472,0.9752299,0.97955036,0.98454916,0.9829677,0.98151624,0.98408926,0.98044354,0.98486173,0.9783649,0.9763307,0.97350216,0.98314047,0.97927624,0.9847438,0.97941214,0.9829329,0.9865697,0.98338765,0.98588365,0.9763068,0.97985,0.962252,0.9854184,0.98494494,0.98826057,0.9799874,0.9839987,0.9739428,0.98790693,0.98383206,0.98068994,0.9798405,0.9875963,0.9740004,0.98118,0.97693086,0.9830389,0.97507477,0.9787306,0.97760266,0.9639516,0.96515423,0.98214906,0.9790583,0.9593212,0.9880275,0.9728624,0.9867531,0.98576057,0.98014164,0.98680073,0.98254937,0.98184294,0.9866013,0.98383665,0.98450536,0.9775419,0.9822883,0.98044527,0.9825218,0.9716086,0.9843982,0.98355883,0.98311263,1.0000001,0.98412865,0.9850369,0.9867976,0.9602941,0.9869451,0.98651284,0.9812082,0.98706317,0.9897404,0.9834477,0.9880978,0.98232114,0.98391265,0.9858686,0.9797391,0.9855919,0.97263765,0.9883468,0.98320836,0.9797546,0.984117,0.9794541,0.9836306,0.98199433,0.9883523,0.980099,0.97922504,0.9729225,0.97851855,0.98242223,0.9740527,0.97712064,0.9858043,0.98660517,0.97003824,0.978759,0.9775445,0.98358667,0.98567647,0.9573957,0.6654248,0.9828242,0.9857651,0.9893091,0.9872045,0.98460865,0.984981,0.9750216,0.9797694,0.982539,0.98447335,0.9881269,0.98567283,0.97924685,0.9858014,0.9797345,0.9852621,0.97839123,0.977537,0.9847139,0.9864948,0.98469025,0.98415846,0.9796281,0.9840028,0.9808314,0.9861044,0.9762204,0.988283,0.9824126,0.9839948,0.97729343,0.98288316,0.99107236,0.98196685,0.986193,0.98404014,0.9743741,0.98037,0.9812675,0.98096454,0.9864808,0.98291904,0.9818881,0.9694696,0.98669624,0.97621673,0.984409,0.9926908,0.973923,0.9839095,0.98237324,0.981382,0.96994054,0.98072726,0.9828305,0.9824045,0.9775201,0.98642135,0.98434705,0.9871176,0.98599815,0.9838791,0.975579,0.98603266,0.97004056,0.97893906,0.98557127,0.9812612,0.9782321,0.98713773,0.97301173,0.98624486,0.98749995,0.98718345,0.976451,0.98141015,0.98388374,0.98220086,0.9830656,0.9865763,0.9820835,0.9493809,0.98328525,0.9875601,0.9817754,0.98417836,0.88364977,0.98419875,0.9851679,0.98247313,0.98827606,0.98397034,0.9768689,0.98614514,0.9855612,0.97981054,0.9845751,0.9872314,0.984491,0.98023343,0.976323,0.9872593,0.98161167,0.9843695,0.982697,0.9830611,0.98689777,0.9827075,0.98274446,0.9877537,0.98640275,0.9830825,0.980076,0.9853103,0.98383254,0.9757671,0.9820937,0.9830175,0.9804875,0.98516965,0.9916761,0.97537667,0.99449754,0.975594,0.985441,0.9853725,0.9803944,0.9866184,0.9839679,0.9907619,0.985699,0.9729464,0.99459743,0.98175263,0.9867616,0.9894576,0.9846729,0.9858841,0.97067976,0.9826388,0.9793829,0.98635715,0.98326135,0.9836721,0.9784335,0.9916497,0.98753375,0.98365617,0.9815217,0.98775136,0.9811093,0.99320155,0.98680896
moisten,0.9868766,0.98365307,0.9883479,0.9834261,0.98497504,0.98145896,0.96532774,0.9617966,0.9719522,0.9806056,0.9800828,0.9855065,0.97205895,0.9807755,0.9824845,0.9864084,0.9855584,0.9854406,0.9783305,0.9865112,0.9802806,0.9762113,0.9759462,0.9828788,0.9814142,0.9861152,0.98622257,0.98410094,0.98415375,0.9806694,0.9882813,0.9817239,0.9784374,0.960809,0.98541015,0.9862094,0.988453,0.9782619,0.9820691,0.97875696,0.9862307,0.98661286,0.98487526,0.98694515,0.99272966,0.9688714,0.97818136,0.98138225,0.9848069,0.97242224,0.97921807,0.97858226,0.9675843,0.96768624,0.98241776,0.98042804,0.9591791,0.9869121,0.977587,0.98839045,0.987186,0.9789224,0.9856343,0.9856421,0.9854339,0.98481673,0.9888775,0.984938,0.9731812,0.98214245,0.97811407,0.98190594,0.98169744,0.98504305,0.98310465,0.98048556,0.98412865,1.0000002,0.98159105,0.9845484,0.957537,0.98770607,0.9924642,0.98013717,0.986758,0.9890991,0.9856181,0.9840465,0.99092823,0.991273,0.9819186,0.99027866,0.9859406,0.9696323,0.9837829,0.98279065,0.9783948,0.9846935,0.98802334,0.98881596,0.9821553,0.98719525,0.97962475,0.9806701,0.9774744,0.9767328,0.9851334,0.96991205,0.9765323,0.9830996,0.9909629,0.97062415,0.9797682,0.97569865,0.982866,0.9909474,0.9661262,0.68042105,0.9801998,0.98804665,0.986432,0.986129,0.9866023,0.9881322,0.9693445,0.98049676,0.9820314,0.9875156,0.98437303,0.98566693,0.98316616,0.98690397,0.9769568,0.98703367,0.9796917,0.97981894,0.98165166,0.98790026,0.9843814,0.9893181,0.9843887,0.98424506,0.9821352,0.98938954,0.9757208,0.9876234,0.9877092,0.98397833,0.9811869,0.98615843,0.9850842,0.9817737,0.99170905,0.97941965,0.9698548,0.97956526,0.98077935,0.98342335,0.98745227,0.98336846,0.98318166,0.96743184,0.9869035,0.9760344,0.9846868,0.978757,0.97473836,0.9871382,0.9833231,0.9795569,0.9677778,0.9794606,0.98190063,0.9799158,0.980255,0.98593765,0.9878715,0.99486566,0.98901385,0.9843777,0.97858554,0.98597187,0.9732145,0.97937435,0.98548496,0.97731286,0.98016375,0.9860158,0.985887,0.98633164,0.98784494,0.98852867,0.97918785,0.9786231,0.9830903,0.9822768,0.98335505,0.98784137,0.98181415,0.9538591,0.98101807,0.9856919,0.98043346,0.98553187,0.88187057,0.98004764,0.98236716,0.9843227,0.9904313,0.9839424,0.97823274,0.98230875,0.99065953,0.97781473,0.98597646,0.9865921,0.9792017,0.9852728,0.9751256,0.9831629,0.9808699,0.9839706,0.9814382,0.9870727,0.9838838,0.9800998,0.98585093,0.99021363,0.9874331,0.9876084,0.9817044,0.98356265,0.9798405,0.9740652,0.9818715,0.9848935,0.98000056,0.9960918,0.97694856,0.9758171,0.98222464,0.97612363,0.9808544,0.9879293,0.98054004,0.9838488,0.9810377,0.98784757,0.98613554,0.96822435,0.98553514,0.98570037,0.9868732,0.9883259,0.9854624,0.982899,0.97095716,0.9864862,0.98416924,0.990313,0.9800874,0.9851238,0.9834299,0.98773944,0.98435587,0.98242384,0.9797384,0.9886915,0.9769424,0.9843422,0.9857213
rotate,0.9881837,0.9839397,0.98183274,0.98085517,0.9781457,0.98159826,0.96458584,0.96271235,0.97116,0.9766502,0.9843368,0.985791,0.97451,0.9786492,0.9835106,0.982324,0.9797638,0.98526686,0.97956055,0.9847077,0.9748496,0.97504026,0.9803637,0.9800425,0.9810879,0.9830685,0.98014355,0.9818846,0.9863037,0.97935927,0.9871326,0.9776648,0.9821521,0.9585953,0.98296994,0.9856521,0.9855419,0.97748303,0.98438156,0.9715334,0.98371786,0.98173606,0.98412883,0.9818817,0.98562664,0.97632897,0.9794244,0.982233,0.9838022,0.97413915,0.97696877,0.9796986,0.9669864,0.96534646,0.9841134,0.9791817,0.95949817,0.9844377,0.9655352,0.98484784,0.98561424,0.980198,0.9851123,0.9819098,0.97893965,0.9864911,0.98109496,0.98594177,0.9771936,0.9806775,0.9779882,0.98296237,0.96970934,0.98319715,0.98195565,0.986173,0.9850369,0.98159105,1.0,0.9837507,0.9603347,0.9870703,0.98325056,0.980229,0.98717415,0.9842699,0.9807814,0.9847419,0.9827269,0.9829221,0.9892992,0.97968626,0.98564833,0.97365016,0.98352677,0.9843087,0.97902757,0.9806155,0.9787707,0.9829544,0.9793119,0.98610926,0.9801988,0.97974825,0.9739518,0.97931904,0.98315805,0.9703886,0.97853404,0.98758316,0.98504126,0.9694931,0.979189,0.970121,0.9829842,0.98392355,0.95537335,0.6606234,0.98095113,0.98589927,0.987842,0.98552793,0.9867237,0.98533285,0.97312796,0.976982,0.9852941,0.98175484,0.98377997,0.9834665,0.9800433,0.98527455,0.9779413,0.9847286,0.9795367,0.976845,0.98379004,0.9847274,0.9834776,0.9849082,0.980843,0.97977275,0.97904,0.9811528,0.9794465,0.9838504,0.98057014,0.9812347,0.97741365,0.9845031,0.9853205,0.9859484,0.9840405,0.9791527,0.97027475,0.9796333,0.97796416,0.9784455,0.98828644,0.98454756,0.98344785,0.9721544,0.98382187,0.97813296,0.98573285,0.98081493,0.97353053,0.98127496,0.9818708,0.9789535,0.9703514,0.9836491,0.98320377,0.98111045,0.97306794,0.9849859,0.98475003,0.98457164,0.98257565,0.98154455,0.97582,0.9836015,0.9726089,0.9784237,0.9828083,0.98241204,0.9758118,0.9861511,0.9716056,0.9837129,0.9869768,0.9870496,0.9764113,0.97720563,0.98291034,0.9811728,0.98175675,0.9889321,0.982704,0.9491312,0.9858977,0.98559314,0.97786295,0.98557967,0.87648594,0.97750944,0.98515445,0.9825785,0.98769355,0.9844099,0.9812209,0.9823796,0.9863972,0.97923386,0.98679155,0.9824207,0.98700976,0.9768656,0.9730761,0.98864317,0.9820888,0.984408,0.97870505,0.98522484,0.98610795,0.97957724,0.98369575,0.98514634,0.9865454,0.9798335,0.9766462,0.9826125,0.9829131,0.9736919,0.98196644,0.9796093,0.97898257,0.9828259,0.98143786,0.9775778,0.98274606,0.9781272,0.98574346,0.984942,0.97585756,0.9859703,0.9784731,0.9855499,0.98473454,0.9722353,0.9883693,0.9813972,0.98452294,0.98789316,0.9876269,0.98619527,0.97255254,0.98532045,0.9814484,0.98572654,0.9827098,0.97984946,0.97906524,0.98605514,0.98715687,0.9837139,0.98304677,0.98530376,0.9747438,0.98613834,0.9853686
crumble,0.987344,0.9832461,0.98365885,0.9843249,0.981803,0.9792251,0.9664145,0.96066946,0.9744026,0.98063403,0.98284745,0.9848821,0.97572654,0.98114324,0.9852283,0.98352104,0.9855595,0.9853876,0.9785717,0.98451114,0.97995234,0.9799701,0.97531074,0.9799796,0.9829918,0.98461956,0.9833196,0.9842884,0.98722553,0.98246145,0.98913383,0.97765774,0.9829956,0.9592263,0.9837154,0.9847895,0.9895705,0.98137194,0.98341846,0.9767886,0.98919207,0.9848725,0.9837712,0.9839006,0.98722,0.9728834,0.98099416,0.9777655,0.98160636,0.97248775,0.97867984,0.97800887,0.9798467,0.9705371,0.98159057,0.98046744,0.9563107,0.990637,0.9686847,0.98681134,0.98478603,0.9793089,0.9947265,0.98780215,0.9809461,0.9953778,0.9855632,0.98826355,0.97544575,0.97994834,0.9766549,0.9827649,0.9694768,0.9948842,0.98818505,0.98045003,0.9867976,0.9845484,0.9837507,1.0000006,0.9776612,0.9866598,0.9862519,0.9824004,0.98635805,0.9872484,0.9818807,0.9853134,0.98533016,0.98507273,0.9860293,0.98093146,0.9897805,0.97054297,0.9849959,0.98625857,0.98029286,0.98180604,0.97934467,0.98859984,0.9807248,0.988184,0.9928902,0.9869977,0.97490406,0.9870466,0.9843382,0.9754904,0.98383737,0.98592585,0.98711133,0.9802619,0.98981404,0.97753346,0.98526603,0.9903654,0.9583694,0.6623157,0.98242223,0.9846628,0.98648506,0.98645025,0.9847272,0.9859169,0.9665823,0.9810717,0.9902025,0.9845864,0.98390603,0.98609805,0.9791514,0.9861998,0.98040074,0.98625183,0.9776588,0.9781498,0.9840275,0.9850188,0.9849181,0.9859796,0.9824769,0.98052716,0.9880828,0.98411316,0.9758862,0.9883068,0.98484457,0.9874827,0.97568953,0.98365766,0.98863125,0.9881264,0.9883584,0.9794915,0.97245836,0.9781875,0.9814612,0.9784489,0.98802626,0.9853367,0.9860104,0.97039604,0.98335814,0.9856051,0.98499405,0.9831558,0.97452945,0.9827463,0.99028814,0.9827754,0.9696016,0.98197657,0.98705447,0.9906778,0.97866607,0.9950647,0.98534214,0.98779917,0.9841213,0.99308896,0.9808846,0.987838,0.9687882,0.9925443,0.9859607,0.9783169,0.97834027,0.9875872,0.9762384,0.9851853,0.9880615,0.98761994,0.990374,0.98187983,0.9878329,0.984262,0.98392934,0.9870644,0.9846798,0.95297706,0.9847047,0.9861977,0.9844493,0.98578024,0.8783597,0.98445964,0.9839566,0.9835849,0.98924476,0.982828,0.97723943,0.98360825,0.9877328,0.9792321,0.9873732,0.98568475,0.9821518,0.98493564,0.9763305,0.98625267,0.9936742,0.98570883,0.986063,0.98382854,0.9842798,0.98057556,0.98517835,0.98860836,0.98652524,0.9812323,0.97874224,0.99620825,0.9833583,0.9892478,0.9901812,0.9821182,0.990815,0.9876941,0.9825057,0.97719735,0.98423237,0.9783125,0.9823362,0.9863753,0.98283654,0.9877278,0.9874094,0.98922473,0.9908857,0.9693911,0.98812056,0.9798556,0.986042,0.9887837,0.9857011,0.9837342,0.9719938,0.98492706,0.9811058,0.9883398,0.9800241,0.9832542,0.9777309,0.989007,0.98839605,0.9844363,0.98028255,0.9867371,0.97996545,0.9882624,0.98855525
snap,0.9650687,0.9581569,0.9597162,0.9579986,0.9580612,0.9525778,0.94417465,0.9317542,0.9505545,0.9553698,0.9596066,0.96116287,0.95374304,0.9599716,0.95934796,0.95995307,0.96165764,0.9585291,0.9564185,0.96265227,0.95808965,0.95442444,0.9556421,0.9515932,0.9592708,0.9620114,0.95417154,0.95816183,0.95965964,0.9580896,0.96057963,0.949829,0.9677672,0.93531024,0.962189,0.95996636,0.9619715,0.9583926,0.9610866,0.95458114,0.96345437,0.9602156,0.96329224,0.9636672,0.9630967,0.94502646,0.9554081,0.9527294,0.95806885,0.9501805,0.9567011,0.95528954,0.9683365,0.9523142,0.96026033,0.9580565,0.938437,0.9687047,0.9403493,0.9595011,0.95936817,0.95618945,0.9650258,0.96481276,0.9567906,0.97238135,0.95912325,0.9616415,0.9520979,0.9531032,0.9485112,0.9556609,0.9403972,0.9773043,0.96137327,0.95720214,0.9602941,0.957537,0.9603347,0.9776612,0.99999964,0.96202993,0.96131414,0.95685995,0.9576531,0.96122825,0.9565499,0.9601763,0.95928854,0.9599423,0.9621858,0.9542867,0.96227235,0.9388219,0.95787483,0.9590139,0.95466805,0.9585488,0.95273226,0.9623311,0.95370406,0.9618749,0.9728887,0.9699244,0.9535235,0.9753191,0.9594148,0.9534898,0.96597075,0.9640222,0.9581409,0.97312933,0.97124594,0.9553494,0.960642,0.95997244,0.9310834,0.6614893,0.95915174,0.96042055,0.96388173,0.9602304,0.95889837,0.9618059,0.9374129,0.9564865,0.96753645,0.9598516,0.9581371,0.96005344,0.9572472,0.96145284,0.9576306,0.96220213,0.95167744,0.9509278,0.9634788,0.9615266,0.9650158,0.9626753,0.95952755,0.95189744,0.9683554,0.9613855,0.951485,0.9624514,0.96381706,0.96484613,0.9499465,0.960122,0.9605928,0.95999235,0.96303207,0.95406777,0.95062023,0.95831084,0.9569426,0.9516748,0.9638651,0.96388644,0.96041435,0.95238584,0.95431906,0.9708192,0.95862496,0.95815474,0.953566,0.9549608,0.9666202,0.95299214,0.94166416,0.9580495,0.9619339,0.969643,0.9509573,0.97105616,0.96023947,0.96079344,0.96347976,0.9734688,0.96039087,0.9650649,0.9513477,0.97359514,0.95806825,0.95403636,0.9608274,0.9635622,0.9464802,0.95860535,0.96429026,0.96205026,0.97993577,0.95516187,0.9626559,0.96054965,0.9611658,0.9634366,0.96551025,0.93666214,0.958585,0.9615338,0.9569364,0.9617088,0.8575756,0.9585592,0.9594935,0.9583255,0.9616971,0.960009,0.96508044,0.9580191,0.9639481,0.9585304,0.96344197,0.95911425,0.9585301,0.96029556,0.9560102,0.95975935,0.97432035,0.96318644,0.9604435,0.9593961,0.96092427,0.9604128,0.96315295,0.9639085,0.96277124,0.95686406,0.95627123,0.97484374,0.959395,0.9777617,0.9743987,0.9585488,0.9758323,0.9626458,0.95537823,0.9534405,0.9583506,0.9580231,0.9555946,0.96115655,0.9567534,0.96776503,0.9680519,0.9622084,0.9756428,0.9577992,0.96412945,0.9545611,0.960594,0.9639543,0.961823,0.95848536,0.94997525,0.9577848,0.95545053,0.9626781,0.9576889,0.9570472,0.9501362,0.9611795,0.96567136,0.9596951,0.9570441,0.9612506,0.95716214,0.9635277,0.96420485
skim,0.991112,0.98896784,0.986056,0.9835984,0.9814957,0.98465645,0.9737058,0.96699405,0.974404,0.9806967,0.98813933,0.986736,0.9748969,0.98058903,0.98616123,0.98800194,0.98860073,0.98676455,0.98130137,0.9874902,0.9799998,0.97676504,0.97768396,0.98301744,0.98330253,0.98881316,0.9853557,0.9866132,0.9866311,0.98324805,0.99328953,0.9853818,0.9827261,0.96656686,0.9857766,0.9896067,0.9894963,0.9827918,0.98535454,0.97936285,0.9887696,0.98618585,0.98606837,0.98666847,0.99115443,0.9796197,0.9877073,0.98164517,0.98525256,0.9769185,0.98098505,0.9797168,0.967746,0.96985054,0.9840322,0.9802695,0.9613363,0.99061817,0.972488,0.9881222,0.98765415,0.9869383,0.9882948,0.98782885,0.9828652,0.9871856,0.98493814,0.9890064,0.9762461,0.9840859,0.9806611,0.9855105,0.97129947,0.986901,0.9861336,0.9826944,0.9869451,0.98770607,0.9870703,0.9866598,0.96202993,1.0000005,0.99011266,0.982026,0.990303,0.9917543,0.985857,0.98826367,0.98890424,0.987774,0.9892904,0.9865509,0.9872591,0.9788037,0.9854515,0.9855287,0.98648566,0.98481166,0.9826372,0.9892657,0.9824684,0.99149066,0.98228616,0.9812149,0.9759864,0.9802508,0.99449885,0.9745958,0.98561054,0.9899964,0.98750925,0.97212875,0.97985315,0.9759878,0.98411053,0.98865616,0.96300423,0.6620516,0.9884514,0.9885528,0.9929038,0.98974293,0.98604685,0.9929046,0.9733575,0.98171866,0.9852132,0.984711,0.98565626,0.9855153,0.9815226,0.9926041,0.9810915,0.9922498,0.98425305,0.981255,0.99296486,0.9894891,0.98773223,0.989704,0.9866402,0.981213,0.9843324,0.9883248,0.9780272,0.99338055,0.9839392,0.98571825,0.9812965,0.9897074,0.98910886,0.9845612,0.98999226,0.9828871,0.97306854,0.9837337,0.9806196,0.9819568,0.9898623,0.9857552,0.9856621,0.9692412,0.989063,0.98093563,0.9932683,0.9820475,0.9816117,0.98308945,0.9848026,0.9815236,0.9782362,0.9829673,0.9845973,0.98334956,0.97638875,0.9891652,0.9941502,0.99220574,0.98949987,0.98664016,0.98014444,0.9880845,0.9758454,0.98221666,0.9888174,0.9889012,0.98103184,0.99064416,0.9806767,0.9864359,0.9889183,0.9893286,0.97929025,0.98276395,0.9856078,0.98506176,0.9859868,0.9893794,0.9841583,0.9559969,0.9848333,0.9893327,0.9798325,0.9877248,0.88449126,0.9826225,0.9923359,0.98333603,0.99062115,0.98862404,0.98423755,0.9852757,0.99000996,0.982525,0.99387276,0.98762983,0.98216605,0.98095024,0.97752947,0.98731077,0.9853954,0.98581064,0.9822608,0.98713154,0.99366367,0.9861636,0.98814523,0.98823786,0.98943126,0.9842247,0.98312175,0.98648745,0.9851929,0.97675383,0.98799497,0.985874,0.98163533,0.9910838,0.98184186,0.9794409,0.9854629,0.9794275,0.9904531,0.9885184,0.9783279,0.9874828,0.9827635,0.98807055,0.98892367,0.97442764,0.98919237,0.9839702,0.9894656,0.9907931,0.9888542,0.9902827,0.9791457,0.99466395,0.9839818,0.989832,0.98750263,0.9861592,0.98150885,0.98920095,0.9888307,0.9826193,0.9899718,0.989529,0.9796765,0.9880031,0.9884961
soak,0.98714036,0.98520225,0.989963,0.9813819,0.9825708,0.9827174,0.96592224,0.9633365,0.97515607,0.9786354,0.9816378,0.9859065,0.97701055,0.9809569,0.98261964,0.9891919,0.9904283,0.98735607,0.9793665,0.98919946,0.9809976,0.9768555,0.97504914,0.9833177,0.9840454,0.9849888,0.9885672,0.9835501,0.9842964,0.9811673,0.99060494,0.98234457,0.98051506,0.9604892,0.98441845,0.98598653,0.9869292,0.9799532,0.98290735,0.9788619,0.986135,0.986973,0.98707217,0.9923213,0.99263924,0.97382236,0.977391,0.9818166,0.98430395,0.9744344,0.9808381,0.97921294,0.96849674,0.9655335,0.9815029,0.98122436,0.9635599,0.9907426,0.9738544,0.99020153,0.9863158,0.98098457,0.9870266,0.9868294,0.9857279,0.9864224,0.9861183,0.98490036,0.97692794,0.98210686,0.9789664,0.98368114,0.9769254,0.98608154,0.98545086,0.97852206,0.98651284,0.9924642,0.98325056,0.9862519,0.96131414,0.99011266,0.99999994,0.9777525,0.98654044,0.9923265,0.9878184,0.9843719,0.9936182,0.9892137,0.98447025,0.99404603,0.9864834,0.9687137,0.9828993,0.98504364,0.97940564,0.98486185,0.98833704,0.9918304,0.98250103,0.98755866,0.98242813,0.9816046,0.97572166,0.979268,0.9870614,0.97201806,0.9801749,0.9851993,0.98928964,0.9729884,0.9791744,0.97428083,0.9838324,0.99100614,0.9637604,0.6647131,0.97917473,0.9881597,0.98627454,0.98475933,0.9865745,0.98823667,0.967144,0.9780733,0.9831269,0.9864298,0.9855499,0.98582596,0.9826581,0.98656565,0.9777626,0.98787135,0.98087174,0.9802842,0.9830713,0.98665714,0.9832313,0.9929762,0.98449343,0.98267865,0.9838217,0.9872806,0.9742276,0.9903599,0.98491794,0.98708946,0.9803929,0.98848546,0.9855674,0.9837606,0.99364734,0.97921073,0.96962404,0.9808091,0.98246235,0.98221886,0.9896908,0.9832612,0.9817179,0.9663951,0.9847468,0.9768968,0.9854331,0.98232114,0.97381127,0.98629713,0.98485017,0.9797089,0.969853,0.98007005,0.98271066,0.98058856,0.9804634,0.98613656,0.9907423,0.9945105,0.98795885,0.98674,0.9813971,0.9908004,0.9714618,0.98079854,0.98595595,0.97747505,0.98203206,0.9874413,0.9853186,0.98634106,0.98683435,0.98954034,0.9816658,0.9792231,0.98370886,0.9876849,0.9866519,0.9888487,0.983008,0.95935076,0.982068,0.9862717,0.9795272,0.9852896,0.882752,0.97998464,0.9845272,0.9837709,0.9920632,0.984375,0.9761305,0.9820888,0.99271244,0.9814706,0.98830587,0.9880509,0.9807705,0.983144,0.973344,0.9869591,0.9850306,0.9839685,0.9798907,0.9873244,0.98462063,0.9836805,0.9876264,0.99102193,0.9907973,0.9852687,0.9835788,0.98602706,0.982771,0.97564596,0.9852358,0.98497784,0.9806295,0.9949406,0.98020047,0.9781257,0.98302996,0.9778533,0.9796423,0.99009484,0.97892195,0.98332065,0.9839522,0.98725027,0.9869706,0.9712953,0.98806065,0.9846883,0.9863647,0.98953754,0.98734766,0.9827012,0.9745734,0.98809314,0.9833422,0.9916918,0.9792086,0.98482025,0.982067,0.98777455,0.9888586,0.9814356,0.9825994,0.98900914,0.9768229,0.98747945,0.98837775
sieve,0.98360336,0.97845197,0.97596544,0.9792246,0.97686553,0.9778696,0.9569532,0.9625806,0.9663614,0.9793881,0.98070574,0.97872365,0.97160786,0.9745657,0.97781014,0.9757979,0.9757563,0.9779438,0.9760808,0.9799659,0.97473073,0.9757312,0.9716754,0.9772314,0.977526,0.9812077,0.97175395,0.9805095,0.9817489,0.97626823,0.9788197,0.96975744,0.97556704,0.95894146,0.97986543,0.9823418,0.98514736,0.97353536,0.97844356,0.96584207,0.98368675,0.97784746,0.9758726,0.9766206,0.98098856,0.9665221,0.97621924,0.9753272,0.9774593,0.97038066,0.9747157,0.9759966,0.964099,0.96503925,0.97844875,0.97277606,0.95513636,0.98148483,0.96587884,0.9805883,0.9811297,0.975537,0.9830002,0.9799066,0.9771662,0.98057103,0.9767067,0.9812423,0.9699222,0.977657,0.97408134,0.9765516,0.96463543,0.9822544,0.97788095,0.9745572,0.9812082,0.98013717,0.980229,0.9824004,0.95685995,0.982026,0.9777525,0.9999999,0.9796628,0.97773236,0.97517204,0.9807201,0.9777353,0.9809235,0.9804216,0.97355866,0.9857795,0.97413576,0.9792647,0.97675455,0.9727153,0.97515154,0.9732585,0.9773956,0.9781762,0.9809098,0.97956145,0.97462785,0.97065085,0.97351885,0.9783378,0.9660858,0.97550464,0.98378766,0.9810751,0.9678777,0.9769932,0.97068846,0.97871554,0.97840255,0.95440704,0.6762827,0.9772136,0.9789253,0.9847506,0.98360705,0.9803993,0.9810524,0.96511716,0.97319263,0.9795747,0.97733176,0.9765391,0.98120254,0.9740105,0.9815471,0.9751813,0.98057145,0.97912204,0.97229546,0.9789903,0.9796226,0.9825355,0.97950476,0.97656345,0.9758939,0.974576,0.97981906,0.97187126,0.98009735,0.97868705,0.97918,0.97184956,0.978091,0.98196244,0.97937834,0.9801495,0.9749884,0.9683367,0.9742573,0.977624,0.9728275,0.9806005,0.9778638,0.9786851,0.9635317,0.98052096,0.97556424,0.9806158,0.973625,0.9702196,0.980043,0.97795004,0.97982866,0.962251,0.97987336,0.9778767,0.9813904,0.9704639,0.9848443,0.9787498,0.9817207,0.9811538,0.9820578,0.96936965,0.9789132,0.96869826,0.975,0.98408747,0.97449285,0.9743675,0.98421687,0.96977586,0.9781013,0.9815683,0.9799563,0.9778344,0.9732452,0.978196,0.9775828,0.97977555,0.9847967,0.97799236,0.94971794,0.98034996,0.9833087,0.9776887,0.981276,0.8723677,0.97864,0.9784337,0.979992,0.9819367,0.97940266,0.9778657,0.9819872,0.98068243,0.974899,0.9822817,0.9772173,0.9762146,0.9745567,0.9717752,0.9802068,0.97818565,0.9806152,0.9782558,0.9786706,0.9811575,0.9767419,0.9806147,0.98241353,0.9809171,0.97609013,0.9715633,0.97940665,0.97655743,0.97433025,0.9787282,0.9774653,0.978246,0.98099136,0.9737213,0.97353745,0.97528976,0.9697085,0.9836011,0.9803367,0.97531193,0.9821169,0.9718759,0.9834267,0.98327875,0.96794546,0.9819873,0.97464746,0.9817159,0.9836261,0.9805509,0.9833414,0.962916,0.9798975,0.9736117,0.97991705,0.97995865,0.97750854,0.9713764,0.9840685,0.98165447,0.9779003,0.9786139,0.9801436,0.9748794,0.979929,0.98053426
stretch,0.98823243,0.98908234,0.9835191,0.9897433,0.9824805,0.99011046,0.9686714,0.9654357,0.9724055,0.9792128,0.9824163,0.98911655,0.97552896,0.9804772,0.9896304,0.9856301,0.9835898,0.9932549,0.9781265,0.98643845,0.97629416,0.9740133,0.9778453,0.979508,0.985541,0.98592013,0.9806885,0.98397416,0.9879871,0.98365957,0.9887014,0.97876614,0.98195076,0.9614291,0.9838395,0.98620653,0.988187,0.9796698,0.9835896,0.9748185,0.98974055,0.98309416,0.9829739,0.98430794,0.98893106,0.9755627,0.98240006,0.9893389,0.98506945,0.9749943,0.979175,0.98226655,0.96770674,0.96850324,0.98171306,0.98225075,0.9613625,0.9875663,0.9704921,0.9853128,0.9854954,0.9816203,0.98852336,0.98330003,0.9820529,0.9893775,0.9851299,0.9877293,0.97515845,0.9812793,0.9764792,0.98854893,0.97361135,0.9854912,0.98708284,0.98055315,0.98706317,0.986758,0.98717415,0.98635805,0.9576531,0.990303,0.98654044,0.9796628,1.0,0.988671,0.9865295,0.98647505,0.98420686,0.9854341,0.98757493,0.9841258,0.98910886,0.9754439,0.98483104,0.9875296,0.98358506,0.9838307,0.98131514,0.9861751,0.979609,0.98932886,0.97924554,0.9821382,0.9772032,0.97995925,0.9876743,0.97514594,0.98059005,0.9868465,0.9928682,0.97232234,0.98131144,0.97678655,0.9828301,0.9876633,0.95989925,0.6570963,0.9838622,0.9877769,0.9861585,0.9894604,0.9854857,0.9873718,0.96929055,0.98104966,0.9881939,0.9852153,0.98448443,0.9830208,0.9815397,0.989001,0.97783333,0.9876873,0.9790828,0.9783287,0.986516,0.9881335,0.9838136,0.988185,0.9812683,0.9824727,0.98280066,0.9861855,0.97766626,0.98958856,0.98370796,0.98617244,0.9799073,0.98617476,0.990241,0.98752624,0.9860222,0.98125756,0.97254264,0.98215264,0.98373,0.98246247,0.98837286,0.9894215,0.98738676,0.9720125,0.9900989,0.97998923,0.98615843,0.9824253,0.9753286,0.9837012,0.9871173,0.98159724,0.97613007,0.9826016,0.9874182,0.98389417,0.9744304,0.9883202,0.98735106,0.9881407,0.98522586,0.98393,0.9796354,0.98587877,0.97162795,0.9804574,0.9871076,0.98094785,0.9794336,0.9865401,0.97622263,0.98651725,0.9890097,0.9887127,0.9783005,0.9824494,0.9872892,0.9816651,0.9833462,0.98787796,0.98606944,0.95332897,0.99095666,0.9857206,0.98013425,0.99159676,0.87948596,0.9839462,0.9915323,0.98665655,0.9916428,0.9829019,0.97830945,0.98110294,0.9886766,0.97896373,0.9888883,0.98629767,0.98252684,0.97966915,0.9782693,0.9886618,0.98123443,0.98525625,0.9828423,0.98448586,0.9885586,0.98153716,0.98588395,0.9869427,0.9881639,0.9830096,0.9802386,0.984696,0.9828637,0.9756233,0.9833578,0.9862736,0.9803356,0.9860852,0.9814357,0.9763995,0.9842067,0.97577345,0.9837151,0.9881083,0.97874653,0.98392,0.9836184,0.9879913,0.98627996,0.9705045,0.98838806,0.983919,0.9857579,0.9895402,0.9878486,0.9854931,0.97078437,0.9885766,0.985746,0.9865415,0.9783182,0.98618877,0.98375744,0.98943,0.9876913,0.98294145,0.98091483,0.98815244,0.98064405,0.98915315,0.98478025
drip,0.98920494,0.9858343,0.9909254,0.98425704,0.98464906,0.9839665,0.9696743,0.9643628,0.97636795,0.9800136,0.9837982,0.9867862,0.9750075,0.9822589,0.98567474,0.9897245,0.9880919,0.98741007,0.9792119,0.9884624,0.98008466,0.97689694,0.9762644,0.98415166,0.98159105,0.9861113,0.9852464,0.9848218,0.98512214,0.98335165,0.9932242,0.9811354,0.98236257,0.96092206,0.9867752,0.98676443,0.9894218,0.9814889,0.9834143,0.980519,0.9878521,0.9886678,0.9876851,0.9849529,0.9901878,0.9754831,0.9829951,0.9798519,0.9842565,0.9753358,0.979843,0.97957695,0.96842754,0.9657852,0.9823611,0.9801089,0.95930356,0.9900742,0.9707939,0.987066,0.9864416,0.98286426,0.9873348,0.9875074,0.98580444,0.98734176,0.9863935,0.98568577,0.9760648,0.98276,0.97922903,0.9835325,0.972617,0.9859345,0.9865861,0.9821697,0.9897404,0.9890991,0.9842699,0.9872484,0.96122825,0.9917543,0.9923265,0.97773236,0.988671,1.0000001,0.9882127,0.98614806,0.99181294,0.9922243,0.98623705,0.9882306,0.9867027,0.9734868,0.9864079,0.98499227,0.9856219,0.98462605,0.98965883,0.9917546,0.98148644,0.99245787,0.9818694,0.9821963,0.97536486,0.9805255,0.9902131,0.9706331,0.98083377,0.98578984,0.9891286,0.97298414,0.97905725,0.9764742,0.9831138,0.9929339,0.95915306,0.65931743,0.9842371,0.9908108,0.98779434,0.98704726,0.9869101,0.9902078,0.97180355,0.981187,0.98440605,0.984667,0.98620933,0.98599315,0.9812711,0.99049854,0.9787575,0.98959845,0.9843791,0.978949,0.9854008,0.99159396,0.98557967,0.99062085,0.98725563,0.98145145,0.98530793,0.9865122,0.9759033,0.993788,0.98527867,0.985616,0.9795461,0.9897941,0.9887937,0.9836413,0.99179035,0.98164356,0.97318465,0.98248607,0.9815483,0.98211795,0.9884758,0.9846336,0.9845723,0.9665608,0.9881571,0.9777001,0.9872768,0.98637384,0.9779222,0.9840489,0.9841485,0.98069125,0.9743304,0.98173577,0.98268956,0.9817806,0.97807187,0.98659563,0.9931801,0.99395835,0.9877234,0.98470104,0.97875464,0.98865867,0.9732089,0.981365,0.98675966,0.98072267,0.98174024,0.98660314,0.97607017,0.98976815,0.9883181,0.9900257,0.9791357,0.98080504,0.9842278,0.9846127,0.9843263,0.9882333,0.9829917,0.95474696,0.9831869,0.98797494,0.98023635,0.9868261,0.88194144,0.98331237,0.9863203,0.98398215,0.9936161,0.984633,0.97961396,0.9825404,0.9910981,0.9803945,0.9888428,0.9860711,0.9817958,0.9819715,0.97764724,0.9869448,0.9839117,0.985047,0.9819031,0.98504716,0.986551,0.98265094,0.98841745,0.9883784,0.98847306,0.98289496,0.98144704,0.9871259,0.9837557,0.9761339,0.9841171,0.9838912,0.9811323,0.99193317,0.98453337,0.9770409,0.9857656,0.97854406,0.983413,0.99182814,0.9798186,0.9860425,0.98482907,0.98976606,0.9871796,0.97162944,0.9909146,0.9832899,0.98642933,0.9900714,0.98697513,0.98597133,0.9752592,0.9903161,0.9832902,0.99033916,0.98191255,0.98384726,0.9831597,0.9899867,0.9875299,0.9825172,0.98407924,0.9885702,0.9797897,0.9906999,0.98780894
sweat,0.98829794,0.9845795,0.9831044,0.9799899,0.979827,0.9814719,0.964686,0.9629136,0.9726665,0.97570604,0.97831386,0.9854596,0.97486943,0.982338,0.98062027,0.98341715,0.9847478,0.98429024,0.97868913,0.9859608,0.9816229,0.97473013,0.9753963,0.9846799,0.98245555,0.98579496,0.97944176,0.9866429,0.9818335,0.98030597,0.9861065,0.9758944,0.97989726,0.9663497,0.9847088,0.9871003,0.9847203,0.97737336,0.9816238,0.9715558,0.98506004,0.9831751,0.9822468,0.9873666,0.98960763,0.97201836,0.9779415,0.9814341,0.9826188,0.9717997,0.9811138,0.97939044,0.9658779,0.9643384,0.9823301,0.9784513,0.96103674,0.9850842,0.9724748,0.98556495,0.98622197,0.98013747,0.982616,0.98303175,0.9822628,0.98318374,0.9828485,0.98291993,0.9790382,0.98057324,0.9786196,0.98286164,0.97365314,0.98269045,0.98235285,0.9783819,0.9834477,0.9856181,0.9807814,0.9818807,0.9565499,0.985857,0.9878184,0.97517204,0.9865295,0.9882127,0.9999999,0.9871736,0.986461,0.98551947,0.9815537,0.98474807,0.98353285,0.96949255,0.98277986,0.98323655,0.97991735,0.98655593,0.98126274,0.9862289,0.9806412,0.98508376,0.9773375,0.9766826,0.9769968,0.97510546,0.98355144,0.97294533,0.97510004,0.9818368,0.98637366,0.9697399,0.9765319,0.9732184,0.9832271,0.9854333,0.9598752,0.68232536,0.9794334,0.99048704,0.9853398,0.98440295,0.9868806,0.98552465,0.96734285,0.9783909,0.98096627,0.9842324,0.98226327,0.9824923,0.9824006,0.9862999,0.97395384,0.98601174,0.97634107,0.9795712,0.9807884,0.9861725,0.9832581,0.9928588,0.9827288,0.98124427,0.9785085,0.9857402,0.9755953,0.9854973,0.9848611,0.98446864,0.97974664,0.9868788,0.9865083,0.97916037,0.9868627,0.97963846,0.96852976,0.9800419,0.97834367,0.98598695,0.9871802,0.980866,0.97944164,0.96039027,0.98292315,0.9733083,0.98282737,0.9800918,0.97493494,0.98270893,0.98111326,0.9775388,0.97106946,0.9798463,0.9821215,0.97657555,0.97257775,0.9832476,0.9860212,0.98595387,0.9860059,0.9837291,0.97845334,0.9874979,0.9687765,0.97718817,0.98563397,0.97919965,0.9808121,0.9861164,0.9748498,0.9840389,0.98661083,0.9911787,0.9784285,0.9799695,0.9813254,0.9823431,0.9857583,0.9881493,0.9809691,0.9519903,0.9800555,0.98469496,0.9757832,0.98214746,0.8821762,0.9807035,0.98356485,0.98066974,0.986969,0.9844444,0.9765111,0.9831168,0.9892541,0.97974443,0.98451954,0.98354113,0.97907996,0.9762665,0.9752002,0.98260695,0.9802824,0.9819639,0.978823,0.98102236,0.9830977,0.9816077,0.9834266,0.98547,0.99126524,0.982449,0.98066556,0.98183423,0.98074013,0.9737707,0.9813935,0.9841598,0.9805357,0.98704195,0.9781932,0.97748417,0.9794025,0.9736272,0.97918534,0.99112844,0.9767493,0.9821766,0.9785176,0.98633355,0.98459256,0.9705251,0.9863639,0.98169017,0.9850898,0.989584,0.98763096,0.9800471,0.9703699,0.98427355,0.98435354,0.98601985,0.97605217,0.9823652,0.9861351,0.9871445,0.9853963,0.9782193,0.977394,0.98468184,0.9758229,0.9831793,0.985646
handle,0.98802996,0.98352647,0.98364043,0.9796204,0.9819001,0.980678,0.9649624,0.966566,0.97428447,0.9811857,0.9877996,0.98415565,0.97382146,0.9807565,0.9847685,0.9827504,0.9858996,0.9823405,0.9836969,0.98587257,0.982957,0.97593886,0.9769341,0.98321897,0.98306525,0.9868808,0.9793262,0.9852774,0.9881019,0.98082227,0.98578554,0.9767342,0.9793532,0.9754988,0.9848265,0.9889355,0.9876597,0.9826303,0.9850216,0.97150695,0.98916453,0.9836048,0.97946864,0.98257875,0.9904123,0.9770014,0.9828924,0.97651625,0.9804984,0.97689533,0.9825649,0.9798301,0.96783423,0.967773,0.984304,0.9782525,0.960774,0.98689795,0.97376436,0.9904637,0.98869467,0.9817671,0.98545426,0.98375064,0.9849858,0.9843518,0.98286635,0.9865465,0.97692406,0.98268855,0.9795949,0.9845642,0.97160536,0.9865453,0.9819675,0.98477095,0.9880978,0.9840465,0.9847419,0.9853134,0.9601763,0.98826367,0.9843719,0.9807201,0.98647505,0.98614806,0.9871736,1.0000002,0.9849051,0.98603654,0.9847953,0.9813301,0.9844837,0.9733745,0.99045414,0.9847608,0.9792654,0.98590595,0.979806,0.98503655,0.9836135,0.9884346,0.9799927,0.97917557,0.9771027,0.9771736,0.98300874,0.97600514,0.9768992,0.98548216,0.98452187,0.97023994,0.98035777,0.97564715,0.98851514,0.98410064,0.9605591,0.662422,0.98378307,0.98892504,0.9903412,0.9876653,0.98560584,0.98762715,0.9746391,0.9803579,0.98189104,0.98622197,0.9853816,0.98545027,0.9823685,0.98818785,0.98190176,0.9867709,0.9798699,0.98229945,0.98672533,0.98721147,0.9888586,0.9878625,0.9866061,0.9838321,0.9803972,0.989121,0.98261833,0.9868715,0.98577684,0.98302644,0.9821882,0.9873596,0.99155337,0.98129207,0.98756903,0.985452,0.97251594,0.98156035,0.97898144,0.9863113,0.98733044,0.9838799,0.9809955,0.9690054,0.98631376,0.97994816,0.98961264,0.9827834,0.9777113,0.9848779,0.9832528,0.9792684,0.9709432,0.9830322,0.9840975,0.98401827,0.97304136,0.9861677,0.98719275,0.98672634,0.98819065,0.98714745,0.9755416,0.98863477,0.9756929,0.9810059,0.9855722,0.987402,0.9801167,0.9908654,0.973446,0.9847935,0.99182737,0.9880113,0.9796591,0.9820839,0.98550946,0.9841099,0.9858562,0.98852336,0.9797195,0.94792086,0.97941506,0.99017197,0.98108697,0.98271674,0.88262606,0.9857127,0.9852442,0.9803896,0.98771656,0.9887241,0.9782902,0.9919384,0.98683757,0.98162967,0.98698354,0.9866072,0.98230505,0.9813806,0.9775517,0.984299,0.9815444,0.9862334,0.9833597,0.98467803,0.98697734,0.9843658,0.9851969,0.9884175,0.987855,0.98371214,0.98246354,0.98358554,0.98468214,0.9781742,0.98322994,0.98364383,0.98462915,0.9866806,0.9821224,0.9787808,0.9853359,0.97709715,0.98701465,0.9876813,0.9796018,0.9882904,0.97969097,0.9907464,0.9882593,0.9781512,0.9915036,0.97964036,0.98647845,0.99166054,0.98610103,0.9870624,0.97519416,0.9840562,0.98281914,0.9870541,0.9851714,0.98084885,0.9808873,0.9918393,0.98736334,0.9833559,0.9844114,0.98782194,0.9805252,0.98712057,0.989803
submerge,0.98743725,0.9832092,0.98969966,0.9791076,0.9824646,0.9809333,0.96764773,0.9643358,0.9760915,0.97815967,0.9812892,0.98528314,0.97451186,0.9801003,0.98180705,0.989676,0.9913532,0.984324,0.97887176,0.9898377,0.986078,0.9777245,0.9758119,0.98300564,0.98286474,0.98536587,0.9884994,0.9839341,0.9838259,0.98152643,0.99159306,0.98197824,0.97980434,0.9613847,0.98537785,0.9863757,0.9878868,0.97967637,0.98294127,0.9800169,0.9849208,0.9884834,0.98627007,0.9894581,0.9923343,0.9725678,0.97781456,0.9789694,0.9829855,0.9718598,0.98030216,0.98108417,0.9696818,0.9659963,0.9815667,0.98003966,0.96416605,0.9873442,0.9701803,0.98934615,0.985879,0.98020834,0.9863989,0.9860824,0.98678035,0.98590124,0.9862084,0.98547095,0.97630554,0.98053336,0.9777807,0.9818425,0.9736636,0.9858177,0.98411083,0.9784442,0.98232114,0.99092823,0.9827269,0.98533016,0.95928854,0.98890424,0.9936182,0.9777353,0.98420686,0.99181294,0.986461,0.9849051,0.99999964,0.9911152,0.98276705,0.9932876,0.9861114,0.97022945,0.981319,0.98337466,0.9800296,0.98659843,0.9904488,0.9938151,0.9829305,0.9879847,0.98135436,0.97986376,0.9760451,0.97793543,0.98692596,0.9711038,0.97811496,0.9838453,0.98699856,0.971138,0.9792296,0.97328913,0.9800548,0.9918309,0.9618593,0.6658572,0.9793231,0.9892798,0.98566085,0.98484993,0.9872194,0.9891579,0.9656361,0.97847104,0.9836738,0.9866849,0.98309,0.98353153,0.9806257,0.98741055,0.97854924,0.988438,0.9812903,0.98108196,0.9821299,0.98723054,0.9838615,0.99115217,0.98819274,0.9816281,0.9819441,0.98649657,0.9761005,0.9898133,0.9837124,0.98563135,0.97841984,0.9884642,0.9832832,0.9832496,0.9924667,0.97877187,0.9698597,0.97883874,0.9796002,0.9810305,0.986982,0.98261595,0.9824577,0.9662886,0.98328745,0.97731227,0.9840347,0.9792096,0.977235,0.98589927,0.9849393,0.9806188,0.9707457,0.9822243,0.9807197,0.98057723,0.9776066,0.9856697,0.9913556,0.99336195,0.9877511,0.98642445,0.978969,0.98787904,0.9733251,0.98116803,0.985223,0.97716933,0.9795582,0.98585826,0.9816823,0.9863656,0.9866195,0.9895158,0.9810785,0.98065364,0.98394096,0.9876937,0.9873307,0.98824877,0.9820324,0.9549805,0.9810345,0.9864025,0.97872466,0.98471427,0.87606585,0.98029536,0.9828999,0.98220015,0.9923939,0.9840595,0.97754353,0.98433995,0.9921653,0.9816787,0.9892772,0.98626673,0.9792155,0.9806518,0.97324693,0.98370224,0.98379904,0.98427653,0.97994834,0.98484546,0.98280203,0.985254,0.9898972,0.9884374,0.9879613,0.98387206,0.9822946,0.98484695,0.98043746,0.9759126,0.98552936,0.9824277,0.98235255,0.994613,0.9779075,0.97972333,0.97862715,0.97667414,0.9791413,0.9898668,0.97756416,0.98227197,0.9801883,0.9857445,0.9876702,0.9701585,0.9862011,0.9824693,0.9852146,0.9885725,0.9855679,0.9813016,0.97589034,0.989341,0.9826793,0.992198,0.9786578,0.98340416,0.98169583,0.9875799,0.98778975,0.9809293,0.982428,0.9877803,0.97548634,0.98432934,0.9892547
spray,0.98856515,0.98323643,0.98902506,0.9816969,0.98418033,0.98261786,0.964096,0.9629968,0.97468543,0.9795925,0.98285884,0.98749137,0.9744807,0.9813374,0.9834547,0.9864049,0.9871883,0.9844963,0.9803006,0.98754305,0.982629,0.9766964,0.97959876,0.9831907,0.9825743,0.9893862,0.98200655,0.9835788,0.98316044,0.9819216,0.9882769,0.97427064,0.9831253,0.96290463,0.99017084,0.98765165,0.9888004,0.9818885,0.98417467,0.9770834,0.9875356,0.98853284,0.98629534,0.9832336,0.99046284,0.9695411,0.9786266,0.97965366,0.98520947,0.97604394,0.9795027,0.9820864,0.9696729,0.97110057,0.9831275,0.9817246,0.9601052,0.98822546,0.97232884,0.98723465,0.98791194,0.9806965,0.9871135,0.9874943,0.9874679,0.9851443,0.9867723,0.98785675,0.9730389,0.9822106,0.97881967,0.9832896,0.97567683,0.98600835,0.98292184,0.9812794,0.98391265,0.991273,0.9829221,0.98507273,0.9599423,0.987774,0.9892137,0.9809235,0.9854341,0.9922243,0.98551947,0.98603654,0.9911152,0.9999999,0.9840033,0.9869086,0.9882002,0.96922493,0.98518014,0.9832594,0.9794758,0.9841757,0.98903465,0.98960936,0.98210245,0.9901196,0.9821473,0.98093265,0.97637016,0.9791104,0.98412126,0.9702428,0.9753826,0.9858142,0.98769164,0.973987,0.9819053,0.97464335,0.9803222,0.99083006,0.95692384,0.6756916,0.97985744,0.99039733,0.9874654,0.9872055,0.98687,0.9874284,0.9718297,0.98694575,0.9835976,0.9863232,0.98334885,0.98311204,0.9788412,0.987642,0.9777016,0.98687756,0.9816176,0.98010284,0.98193175,0.99368286,0.98911,0.9881829,0.9876868,0.9810918,0.98507845,0.98874396,0.9796664,0.98652655,0.9898243,0.9832051,0.97954327,0.99041295,0.9847186,0.9817721,0.99136454,0.9795381,0.9736671,0.9794138,0.97790205,0.9815983,0.98789275,0.9844103,0.9822917,0.9659735,0.98630446,0.97883135,0.98524696,0.97893465,0.9754969,0.9856933,0.9838209,0.9804612,0.9682082,0.9829309,0.98089844,0.98248476,0.9790759,0.9858344,0.9896557,0.9939643,0.991176,0.98549765,0.9783823,0.9847823,0.9721439,0.98366255,0.98822063,0.9786675,0.98517084,0.98821795,0.9752367,0.98718864,0.9891785,0.9874927,0.9804058,0.9784386,0.9844445,0.98127383,0.9851656,0.98886335,0.9823432,0.95325124,0.9815711,0.9883125,0.97938824,0.98582524,0.8831809,0.98561406,0.98304355,0.98236483,0.99142563,0.9846848,0.98038816,0.98378396,0.9897719,0.98048043,0.9860536,0.9838993,0.9801059,0.98917335,0.9883906,0.98293346,0.9829392,0.9855105,0.98062515,0.9868118,0.98347366,0.9835759,0.9881551,0.98710597,0.9865773,0.9842222,0.98007166,0.98525786,0.9815883,0.9775305,0.9825178,0.9876523,0.9822294,0.99138314,0.9784215,0.97811407,0.9802443,0.9770409,0.98173165,0.99046093,0.979272,0.98558694,0.98054445,0.98759127,0.9878091,0.969821,0.9873296,0.983512,0.9854537,0.98841435,0.98631454,0.98451,0.9723553,0.9855164,0.98264587,0.99007934,0.98153496,0.98174876,0.98440874,0.989679,0.9854778,0.9815596,0.9816774,0.986517,0.9767675,0.9850831,0.98732597
flip,0.98926365,0.98423344,0.9833259,0.9838471,0.97870153,0.9830295,0.96647906,0.96326435,0.9736542,0.9787561,0.98750216,0.9858275,0.97708565,0.9781457,0.98399687,0.986433,0.98240364,0.98573124,0.9783965,0.9842099,0.9738293,0.9721068,0.9793808,0.9796441,0.98068565,0.98325384,0.98019826,0.98292947,0.98363245,0.98402953,0.9873563,0.97513145,0.9842784,0.9562318,0.98317724,0.98857945,0.9869066,0.9790473,0.98576677,0.97384435,0.98694056,0.9818501,0.98434013,0.9815637,0.98786855,0.9742724,0.97953784,0.98016477,0.98365563,0.9734479,0.9793717,0.9793447,0.96990997,0.9685167,0.9846141,0.98057365,0.962076,0.9883463,0.964603,0.98603296,0.9853877,0.9812103,0.9870999,0.9845056,0.9785366,0.98762375,0.98290324,0.98786926,0.9755482,0.9822591,0.9772255,0.98406583,0.96881026,0.98486775,0.98310566,0.9860254,0.9858686,0.9819186,0.9892992,0.9860293,0.9621858,0.9892904,0.98447025,0.9804216,0.98757493,0.98623705,0.9815537,0.9847953,0.98276705,0.9840033,0.9999998,0.97981846,0.9858839,0.971814,0.9873351,0.98505634,0.9822958,0.9817269,0.9777985,0.98482364,0.9788612,0.9878881,0.9832924,0.9801394,0.97202384,0.98323995,0.9857131,0.9702437,0.9780701,0.98963594,0.9840675,0.9705184,0.98060304,0.97527236,0.9829105,0.98485005,0.9563684,0.6570066,0.9808073,0.9861138,0.987847,0.9857133,0.98418874,0.9855299,0.9725074,0.9848159,0.9848616,0.98352295,0.9843525,0.984014,0.98115104,0.98687,0.9799604,0.98623466,0.97974694,0.978698,0.9858275,0.98847723,0.9847131,0.98483366,0.978471,0.98076314,0.9836142,0.98223144,0.97799695,0.9857285,0.98065203,0.983679,0.9761952,0.98556185,0.98787236,0.9837253,0.9848289,0.9807394,0.9735488,0.9839674,0.98012084,0.976018,0.9883274,0.983054,0.9828985,0.9713447,0.98486257,0.9788628,0.985719,0.9840294,0.9711559,0.9805706,0.98339415,0.9806386,0.970654,0.9842863,0.9838449,0.98376846,0.9737208,0.98658097,0.9852559,0.9863415,0.9829619,0.9848068,0.97796667,0.985258,0.97716904,0.98167014,0.9844878,0.98076993,0.9776694,0.9874367,0.97163105,0.9839947,0.9855897,0.98721725,0.97941566,0.9794518,0.9838983,0.9844818,0.98160934,0.98702884,0.9837308,0.9506678,0.9842406,0.9866955,0.9796121,0.98463315,0.87496126,0.9804524,0.9872557,0.98285747,0.98815554,0.9841849,0.98045546,0.9828084,0.9870546,0.98248166,0.9868715,0.98531646,0.98785216,0.9788533,0.97776794,0.9877932,0.98465997,0.9850822,0.98260695,0.985682,0.98791915,0.9804104,0.9856305,0.9868074,0.9869018,0.9815724,0.97821736,0.98644066,0.9841157,0.9771958,0.9840316,0.9871907,0.9808985,0.98456055,0.98351085,0.9803886,0.98474586,0.97761506,0.9856431,0.98647064,0.97812545,0.9847717,0.98198557,0.98667985,0.985709,0.9761413,0.98901266,0.98033655,0.9874811,0.98860604,0.987794,0.9868685,0.97672814,0.9868715,0.97965693,0.98716795,0.9854591,0.98508215,0.97636604,0.9872824,0.9896101,0.98226166,0.98475915,0.9876019,0.9789801,0.987852,0.98553884
immerse,0.98318285,0.98183435,0.9874599,0.9782493,0.98062766,0.9801394,0.9653702,0.962149,0.973287,0.9739686,0.9780068,0.9834871,0.97416395,0.9762365,0.9790529,0.98911387,0.9892438,0.984241,0.9752794,0.98807263,0.9799095,0.97445333,0.97013503,0.97775304,0.9825122,0.9815573,0.98631865,0.9801788,0.9810077,0.9771761,0.9887762,0.98119694,0.975898,0.9571655,0.9802456,0.9815313,0.98281497,0.9742157,0.9776418,0.97719675,0.9827777,0.98446274,0.9846645,0.988773,0.98939073,0.9707754,0.9752899,0.97952044,0.98023874,0.96916616,0.9831099,0.97488594,0.9640425,0.9618575,0.9773181,0.9761226,0.95710516,0.9849353,0.9690118,0.9858805,0.9810713,0.97564447,0.98280317,0.98298055,0.9824562,0.98240876,0.983358,0.9827125,0.9722508,0.97570235,0.9741658,0.98030514,0.97292095,0.9808815,0.9828947,0.9753686,0.9797391,0.99027866,0.97968626,0.98093146,0.9542867,0.9865509,0.99404603,0.97355866,0.9841258,0.9882306,0.98474807,0.9813301,0.9932876,0.9869086,0.97981846,1.0000001,0.98391676,0.9671977,0.9773174,0.98123676,0.97804093,0.9823226,0.9859806,0.99097115,0.97677904,0.9848832,0.97687745,0.97837996,0.9741049,0.972273,0.9847126,0.9684454,0.97353613,0.9797888,0.9861597,0.9674364,0.97431916,0.97029245,0.9789602,0.9882445,0.9615293,0.6611427,0.9770948,0.9849408,0.98136693,0.98251593,0.9820818,0.9862435,0.96377283,0.97449785,0.97943354,0.98202616,0.9797428,0.9818632,0.98217815,0.98464525,0.97207016,0.98593193,0.97847915,0.9762915,0.9787593,0.9838219,0.97897834,0.99087405,0.9827096,0.9776192,0.97900647,0.98283476,0.96996784,0.98628604,0.9802238,0.98524374,0.97631663,0.98469394,0.9823523,0.9821193,0.9889067,0.97891057,0.96534175,0.97688895,0.97697425,0.97750914,0.98488,0.9806341,0.9799438,0.96428907,0.98189837,0.97137505,0.98204595,0.97522,0.9711598,0.9824541,0.98142576,0.97809327,0.9695087,0.9779565,0.97916675,0.9758129,0.97437567,0.98183393,0.98768663,0.99054796,0.9840507,0.9801536,0.9783196,0.9882725,0.97027653,0.9746022,0.9810429,0.9737689,0.97678775,0.983465,0.98153335,0.9820885,0.98290527,0.9865377,0.97696096,0.978414,0.9804003,0.9846136,0.98341554,0.98411924,0.9779051,0.9574039,0.97889996,0.98303336,0.97457695,0.983446,0.87382245,0.9767002,0.98225147,0.979413,0.98840064,0.9811238,0.97439194,0.97835445,0.98893446,0.9782201,0.9839271,0.9828065,0.9766323,0.97752833,0.9691142,0.9813004,0.9785642,0.98023206,0.9765137,0.9814664,0.98091686,0.9799774,0.9880988,0.98582286,0.9870322,0.9809931,0.9792363,0.9806694,0.9759435,0.97006243,0.9790468,0.981436,0.975756,0.99193776,0.9728356,0.9763476,0.9775938,0.9749588,0.9764732,0.98647225,0.9736714,0.97911865,0.97866726,0.9821044,0.9829675,0.96857023,0.9822671,0.98091805,0.98407936,0.98600286,0.98339665,0.97842723,0.967279,0.9866453,0.9809532,0.98722166,0.9752651,0.98424304,0.98008156,0.98368555,0.98460704,0.9779085,0.9768674,0.9864598,0.97332036,0.98141265,0.9824051
powdered,0.98741496,0.9880932,0.98492324,0.9863797,0.9827135,0.98351526,0.9654967,0.9655069,0.9714256,0.9801124,0.98107517,0.9871054,0.97425044,0.9803135,0.9866808,0.9849706,0.9847912,0.9888638,0.97993153,0.98725134,0.9801201,0.9790486,0.97578925,0.9815267,0.9841555,0.98595935,0.98274213,0.98464394,0.98674005,0.98125094,0.9876554,0.9789133,0.9794588,0.95955276,0.9835458,0.98666245,0.9909582,0.9788416,0.9825776,0.9725255,0.9884441,0.9852116,0.98453736,0.9837609,0.9880115,0.9715932,0.98314655,0.98343486,0.9834355,0.9748089,0.97810614,0.9812477,0.9687182,0.96832,0.98244077,0.97914004,0.9623509,0.9862058,0.9704334,0.98586893,0.98549664,0.9808917,0.99400634,0.9837893,0.9825281,0.9899995,0.986334,0.9873898,0.97463566,0.98026395,0.97825533,0.98693746,0.9733941,0.9876279,0.9891108,0.9796252,0.9855919,0.9859406,0.98564833,0.9897805,0.96227235,0.9872591,0.9864834,0.9857795,0.98910886,0.9867027,0.98353285,0.9844837,0.9861114,0.9882002,0.9858839,0.98391676,1.0000002,0.9735531,0.9840571,0.98770386,0.97958916,0.98325676,0.9818033,0.98710567,0.9819682,0.9880791,0.98485965,0.980837,0.97844917,0.9767791,0.9831952,0.9730601,0.9781625,0.9880976,0.99081653,0.9718702,0.9810116,0.9737333,0.9816899,0.9882052,0.95768815,0.6606402,0.9831006,0.9862362,0.98647857,0.9890042,0.9861689,0.98633665,0.96567017,0.9785096,0.99145067,0.9840512,0.98333067,0.9841337,0.97925645,0.9857273,0.9747377,0.9858962,0.97960484,0.982446,0.9835736,0.9844091,0.98389643,0.9858688,0.9833581,0.9820764,0.97978085,0.9854108,0.9757648,0.98706007,0.9864131,0.9875517,0.9772429,0.98455465,0.9881986,0.9885824,0.9871559,0.97902316,0.97035563,0.9768271,0.98319453,0.9789468,0.9863265,0.98894095,0.9906397,0.97049075,0.9856286,0.9773462,0.9838775,0.98160636,0.976006,0.98574305,0.9889022,0.981558,0.9693393,0.9816848,0.9861553,0.9865167,0.97596294,0.9917594,0.98644155,0.9881191,0.985629,0.98561096,0.976303,0.9860849,0.9679273,0.9829834,0.98879886,0.97948724,0.9781446,0.988203,0.97499293,0.985051,0.9868384,0.9866587,0.9811855,0.9811495,0.99020106,0.9831449,0.98508686,0.9880635,0.98594993,0.9522883,0.9875202,0.98536825,0.98137957,0.9905051,0.8803938,0.98375845,0.9864608,0.98620045,0.9923092,0.9829709,0.97849506,0.9823024,0.98750633,0.9784105,0.9886484,0.9858696,0.9814306,0.98109883,0.97482365,0.98753643,0.98476464,0.9849398,0.9820436,0.9847184,0.98638296,0.98169255,0.9857074,0.9872076,0.9869441,0.98255044,0.9796382,0.98767537,0.98302746,0.9779632,0.98440254,0.98460174,0.9817864,0.9870106,0.98144156,0.9764337,0.9806942,0.9737507,0.9832773,0.98668474,0.9772706,0.98531073,0.98095757,0.9863745,0.98789525,0.97041166,0.98750204,0.9819068,0.98631185,0.9885572,0.98505163,0.98504305,0.97195876,0.9844352,0.9818247,0.9888556,0.9789523,0.9826226,0.98082626,0.99016,0.98585296,0.9842468,0.9813731,0.9877324,0.97495115,0.9885583,0.98695713
sift,0.9718053,0.9768309,0.96696365,0.96796346,0.96647066,0.9699341,0.96361125,0.95417017,0.9567554,0.969055,0.9728087,0.97260207,0.9630769,0.9663127,0.9707278,0.9683897,0.96976477,0.9727988,0.96611184,0.96953803,0.9659051,0.95957613,0.96287614,0.96990424,0.97062945,0.9694473,0.9649887,0.970423,0.97385573,0.96369797,0.9784338,0.9708979,0.9641521,0.95487005,0.9700466,0.97504574,0.9750112,0.9706786,0.9698682,0.96150553,0.97398037,0.9713142,0.9676695,0.96795034,0.97210485,0.9720162,0.9758117,0.96945345,0.96830946,0.96038103,0.9654394,0.9645954,0.95046,0.95057106,0.96720785,0.962798,0.93993074,0.9694467,0.95466256,0.9711492,0.9735192,0.97261167,0.9754673,0.9687399,0.96837795,0.9711262,0.9665744,0.96978045,0.9618104,0.96711355,0.96505845,0.97191983,0.95452684,0.97063696,0.97165143,0.96580935,0.97263765,0.9696323,0.97365016,0.97054297,0.9388219,0.9788037,0.9687137,0.97413576,0.9754439,0.9734868,0.96949255,0.9733745,0.97022945,0.96922493,0.971814,0.9671977,0.9735531,1.0,0.96996474,0.9710028,0.978153,0.96653485,0.96429884,0.97055405,0.9681787,0.9756185,0.9654042,0.96561277,0.9582046,0.9583088,0.98040324,0.9611137,0.97403604,0.97496986,0.97419024,0.9566866,0.96443427,0.95856225,0.96747214,0.9717305,0.94747525,0.6669983,0.97672564,0.9721563,0.97524595,0.9771374,0.9729688,0.97887564,0.9582961,0.961287,0.9698693,0.96649915,0.9666231,0.9701184,0.96325237,0.9787251,0.9647199,0.9789022,0.9712826,0.9648489,0.97311276,0.9701553,0.9725795,0.97304326,0.9689349,0.9655138,0.9642336,0.97088426,0.96612436,0.9762075,0.9673084,0.9697786,0.96484274,0.96971,0.9743574,0.9682293,0.9736943,0.9679104,0.9656283,0.97028697,0.96547025,0.9663921,0.9750049,0.97190505,0.97289205,0.96000797,0.9739024,0.96241945,0.9756607,0.9642605,0.97142816,0.9736794,0.9722423,0.9696386,0.97248954,0.9707518,0.96768713,0.9681546,0.96422386,0.97309744,0.9768672,0.9743507,0.9700765,0.97128713,0.9592305,0.97087395,0.9566937,0.96495885,0.9729478,0.97375804,0.96351415,0.9745272,0.96350574,0.9722703,0.97232795,0.973628,0.96106887,0.9678426,0.9715353,0.96580386,0.9697649,0.97484976,0.96900463,0.93732166,0.971743,0.97771,0.9658061,0.9738133,0.85835886,0.9688762,0.97503525,0.96892434,0.97398067,0.9693066,0.9647971,0.9727952,0.9721942,0.96314216,0.9784086,0.9698414,0.96932375,0.963974,0.95636815,0.97119224,0.9674748,0.96930075,0.9710798,0.9678376,0.9755093,0.9643926,0.97085214,0.97180474,0.9747135,0.964554,0.9610202,0.96904933,0.966903,0.96040744,0.9726262,0.9662199,0.9656549,0.9701422,0.9657698,0.963547,0.9723237,0.9680602,0.9791327,0.97382313,0.96534044,0.96970254,0.9614358,0.9732407,0.9724249,0.9532158,0.97225463,0.9672553,0.9694545,0.9780163,0.9732543,0.972523,0.95577073,0.98084205,0.9665921,0.970453,0.9679672,0.9680062,0.96743053,0.9755863,0.9705356,0.96908855,0.9736448,0.9710642,0.9706198,0.9719186,0.9729169
shake,0.9876531,0.9802802,0.98322767,0.9821018,0.98117185,0.9792338,0.96264815,0.9613936,0.97239226,0.98602605,0.9824135,0.98448,0.9747368,0.98427445,0.9840198,0.98096657,0.9801157,0.9817372,0.9783157,0.98216265,0.9748063,0.9741908,0.9758325,0.9794981,0.97623855,0.9847705,0.9778301,0.98439604,0.9846957,0.98108244,0.98350585,0.9745883,0.97928375,0.9615516,0.9837811,0.98627084,0.9874561,0.9770192,0.9820115,0.97180367,0.9885269,0.9804463,0.978174,0.97964275,0.9873155,0.9729411,0.9783549,0.97389114,0.98036397,0.9749618,0.97461206,0.9801531,0.96577674,0.9627922,0.98395985,0.9779529,0.9590617,0.9862699,0.9678184,0.98620933,0.9852199,0.9767707,0.9845671,0.98409575,0.9801661,0.98499864,0.9814687,0.98384994,0.97297186,0.9792082,0.977187,0.98080873,0.97023517,0.983093,0.980941,0.98572695,0.9883468,0.9837829,0.98352677,0.9849959,0.95787483,0.9854515,0.9828993,0.9792647,0.98483104,0.9864079,0.98277986,0.99045414,0.981319,0.98518014,0.9873351,0.9773174,0.9840571,0.96996474,0.99999994,0.9811248,0.9787381,0.98255485,0.97780687,0.9850166,0.9794552,0.9873987,0.9795671,0.97655016,0.9710455,0.9777557,0.98035276,0.9687321,0.97428465,0.9854304,0.98376375,0.9690802,0.9778517,0.9796347,0.98884225,0.9826591,0.95464474,0.654182,0.9795737,0.9869677,0.9878001,0.9854586,0.98353845,0.9860799,0.9768796,0.981257,0.9812283,0.9835693,0.9854938,0.9881178,0.9799597,0.9858985,0.9791884,0.9844953,0.9763923,0.9796738,0.9834301,0.9885745,0.9849045,0.9841421,0.9772293,0.9882157,0.9823949,0.98646444,0.97649854,0.98575455,0.9830036,0.9800798,0.97613704,0.9830694,0.99020195,0.97895664,0.9854512,0.9810026,0.9718299,0.9776323,0.9825322,0.98198175,0.9851166,0.9802007,0.98068714,0.97382456,0.98522574,0.9768512,0.9844585,0.9837144,0.9698964,0.98122925,0.98079395,0.9797204,0.9693538,0.9825018,0.9802218,0.98254985,0.9723837,0.9846804,0.9821653,0.98619145,0.9835678,0.9828628,0.97443384,0.9837803,0.9747007,0.9803871,0.98459065,0.9820034,0.97572684,0.9866155,0.97186995,0.98555666,0.98819053,0.9873334,0.97648466,0.9771047,0.9821235,0.98386693,0.97995394,0.9853343,0.9790369,0.9449784,0.97942436,0.9868449,0.98693484,0.9819167,0.8767478,0.9818184,0.9836101,0.98247796,0.9868739,0.9827221,0.97724557,0.98669964,0.98546857,0.98028487,0.98284596,0.9857286,0.98195255,0.98100924,0.975412,0.9850877,0.9808598,0.98554635,0.986625,0.98429495,0.98512125,0.9784418,0.98219997,0.9894676,0.9854838,0.9826852,0.97680885,0.98444957,0.9868153,0.977108,0.9805111,0.98269695,0.9807906,0.9840026,0.98339593,0.9781431,0.9854552,0.97215307,0.9867834,0.9862911,0.9859089,0.9887621,0.98149794,0.99484426,0.9856897,0.9747813,0.9898805,0.97897243,0.9855849,0.98928744,0.9843178,0.98666155,0.9734416,0.9817364,0.97777605,0.98679745,0.9851116,0.979686,0.9774358,0.9901414,0.9849754,0.98995095,0.9835476,0.9861982,0.98090255,0.9868445,0.98682034
wilt,0.9844112,0.98861545,0.9816417,0.9822845,0.97739285,0.98078936,0.9696209,0.96397686,0.97139007,0.9753112,0.9800549,0.9866549,0.97313255,0.9772114,0.982987,0.98288566,0.9826952,0.98704666,0.9775995,0.9838153,0.97725695,0.9743174,0.97523427,0.98210394,0.9842436,0.98213995,0.9849156,0.9796391,0.9839657,0.98397964,0.98791915,0.9764599,0.97957724,0.9625189,0.9827431,0.9858793,0.9877172,0.9772168,0.98605376,0.97601056,0.9856122,0.98738813,0.9816112,0.9823883,0.98551875,0.97475195,0.9788666,0.982208,0.9845885,0.96871096,0.97889453,0.9779377,0.9686677,0.964171,0.981005,0.9811336,0.95969945,0.98638237,0.967819,0.9854718,0.9890477,0.98141253,0.98838776,0.982758,0.979418,0.98893034,0.98184705,0.9876405,0.9766641,0.9836603,0.9765191,0.9888257,0.96873194,0.9840668,0.9838895,0.9803042,0.98320836,0.98279065,0.9843087,0.98625857,0.9590139,0.9855287,0.98504364,0.97675455,0.9875296,0.98499227,0.98323655,0.9847608,0.98337466,0.9832594,0.98505634,0.98123676,0.98770386,0.9710028,0.9811248,1.0000001,0.9809257,0.9797916,0.9769126,0.98253804,0.98344445,0.98485756,0.9831403,0.9802939,0.97595954,0.9777086,0.98181576,0.97304183,0.9783051,0.9861332,0.9854402,0.97002953,0.9776947,0.97096586,0.97957283,0.987584,0.95522,0.65992504,0.9795187,0.986259,0.9836852,0.98765063,0.9878262,0.98548657,0.9649017,0.97720355,0.984977,0.98281735,0.97954875,0.981257,0.978263,0.98479027,0.9734022,0.98595226,0.9807446,0.98238087,0.98454946,0.9840289,0.9818114,0.9848078,0.9820718,0.9772338,0.97983956,0.98158187,0.9793841,0.9836726,0.98201835,0.98572874,0.98101795,0.9869781,0.98689353,0.9888811,0.985121,0.97987694,0.9699667,0.9740274,0.9795284,0.9803805,0.98714477,0.98758256,0.9844398,0.9674369,0.98162085,0.97767043,0.9836528,0.9808411,0.9731646,0.981992,0.98525727,0.9796957,0.97362477,0.98012483,0.9871449,0.9798168,0.9737825,0.987774,0.9878717,0.9850358,0.98381007,0.9846298,0.97668993,0.98547876,0.9674543,0.97936386,0.9836779,0.9793312,0.9782606,0.9846172,0.971052,0.9846288,0.98572147,0.98635054,0.9785945,0.9806573,0.9868009,0.9829445,0.9833215,0.9876919,0.98273605,0.9477662,0.98545265,0.9848617,0.97623456,0.98734653,0.87596077,0.9812071,0.98677903,0.982557,0.99179447,0.9823564,0.9754629,0.9818751,0.9870548,0.9777269,0.9882764,0.9834282,0.9820673,0.9781232,0.9747143,0.9843823,0.98419964,0.9805386,0.9791386,0.982431,0.9850196,0.98189217,0.9825478,0.98526996,0.9868431,0.978774,0.9781225,0.9853279,0.9811134,0.97602284,0.98265356,0.98059136,0.97977686,0.9840411,0.97962403,0.97642547,0.979047,0.9777917,0.9796747,0.98693216,0.9746849,0.98245317,0.9791097,0.98302394,0.98501337,0.9669475,0.986005,0.9837807,0.9868823,0.9883167,0.9857572,0.98201865,0.972728,0.98265123,0.9833693,0.9858446,0.9769348,0.9815923,0.97945607,0.9899467,0.98560923,0.98054403,0.98073643,0.98487216,0.9748033,0.9858277,0.9840704
scrape,0.98279434,0.98096687,0.9769016,0.97777003,0.97424793,0.978437,0.9794836,0.95902103,0.9768578,0.97380155,0.97739005,0.9816735,0.96804774,0.9750577,0.9821753,0.98085093,0.9795881,0.9805662,0.9752181,0.97893006,0.968688,0.9710878,0.9723129,0.9774586,0.9761179,0.9779547,0.9779938,0.98026484,0.9813915,0.9821547,0.9858814,0.9761195,0.97868663,0.95674586,0.97832495,0.98275036,0.98044133,0.9772455,0.9804691,0.97232705,0.97947335,0.9807808,0.98048836,0.9775631,0.9819413,0.98234034,0.97960645,0.9759185,0.9779458,0.9669179,0.97353387,0.97025764,0.96329707,0.9611281,0.9770835,0.974459,0.9498261,0.98368984,0.96422666,0.9785439,0.9810047,0.9796951,0.9803716,0.97882307,0.974832,0.9801902,0.976593,0.98060524,0.97364634,0.9784841,0.9758368,0.9792533,0.9644279,0.978585,0.97747964,0.97644365,0.9797546,0.9783948,0.97902757,0.98029286,0.95466805,0.98648566,0.97940564,0.9727153,0.98358506,0.9856219,0.97991735,0.9792654,0.9800296,0.9794758,0.9822958,0.97804093,0.97958916,0.978153,0.9787381,0.9809257,0.99999994,0.97853285,0.9744866,0.9807385,0.97411305,0.9829847,0.97804844,0.9763254,0.967959,0.9765378,0.9874959,0.9672167,0.9786347,0.9804377,0.9803763,0.9663309,0.97391385,0.96974015,0.97646284,0.98204356,0.94935393,0.65339977,0.9810586,0.98269224,0.98067707,0.9828377,0.98111504,0.9919531,0.96354973,0.976456,0.97748417,0.9786993,0.9757107,0.9808133,0.9726611,0.99393255,0.9711033,0.9920573,0.97787946,0.97405803,0.9801468,0.9834643,0.97967577,0.9819964,0.97777134,0.9731086,0.97986525,0.9789443,0.97238,0.9847928,0.9760274,0.97940606,0.9737005,0.9803103,0.98057145,0.9795361,0.9810253,0.97565544,0.97028846,0.9732904,0.9719983,0.9751446,0.98377323,0.97994775,0.9778203,0.95759,0.9802543,0.9726686,0.9812589,0.9786483,0.9752509,0.9726607,0.9775229,0.97813225,0.98381144,0.9760339,0.9779799,0.9739738,0.97144455,0.98086834,0.9844407,0.9825373,0.9782228,0.97794235,0.9734234,0.9801987,0.9699063,0.97254145,0.9785853,0.976514,0.9740576,0.9790634,0.9679247,0.982152,0.9794048,0.9825897,0.9707949,0.9742882,0.9771217,0.975745,0.97594327,0.98144066,0.9795363,0.9523245,0.9814348,0.98176384,0.972364,0.98162246,0.8692918,0.9768295,0.9843033,0.97692955,0.9822512,0.97754455,0.9759515,0.9743727,0.98219573,0.9739223,0.9830151,0.9774948,0.9773734,0.9739427,0.9724623,0.97757006,0.978004,0.9775009,0.9762107,0.97808135,0.98106414,0.9736246,0.98169696,0.9800135,0.9832706,0.9747649,0.9738764,0.979161,0.9769052,0.96780556,0.97957605,0.9793701,0.9740264,0.9800973,0.97749096,0.97119534,0.97686976,0.97563964,0.97901756,0.98323375,0.9718033,0.9810201,0.9758286,0.9811687,0.9791001,0.9668101,0.98244727,0.9770337,0.98078173,0.9850665,0.9836089,0.97864926,0.9679821,0.9868843,0.97658694,0.97988665,0.97459495,0.9796709,0.9772096,0.98157215,0.9826398,0.9760879,0.9793679,0.97970617,0.9726657,0.98261565,0.97726
smoke,0.9860435,0.9813211,0.9823404,0.98099744,0.9772983,0.97999865,0.96265674,0.96282583,0.97068113,0.9744591,0.97883606,0.9846732,0.9721625,0.97822773,0.98300576,0.9891319,0.9837978,0.98199886,0.9806795,0.99114865,0.98231065,0.97247934,0.97490996,0.98270786,0.9811864,0.98533875,0.9802576,0.9885239,0.9845855,0.9859675,0.98439354,0.9753579,0.9796613,0.9603412,0.98401284,0.9871008,0.9853543,0.9783917,0.9841999,0.9746014,0.984727,0.9831424,0.97998136,0.98291945,0.99048114,0.9707907,0.97683144,0.97677195,0.9810173,0.9709363,0.9800394,0.9786463,0.9651058,0.9619364,0.9798705,0.97863334,0.9705903,0.98698,0.9714381,0.9848236,0.9854344,0.9781133,0.98357403,0.98066646,0.9871431,0.982631,0.98290235,0.9831244,0.9767098,0.9823213,0.97796124,0.98081595,0.9728321,0.98295176,0.98113596,0.9775337,0.984117,0.9846935,0.9806155,0.98180604,0.9585488,0.98481166,0.98486185,0.97515154,0.9838307,0.98462605,0.98655593,0.98590595,0.98659843,0.9841757,0.9817269,0.9823226,0.98325676,0.96653485,0.98255485,0.9797916,0.97853285,1.0000002,0.98575073,0.9850154,0.9849704,0.98489755,0.9773314,0.97524965,0.9724537,0.9752935,0.98197114,0.9734267,0.9726477,0.982813,0.98457307,0.96840495,0.97591394,0.98169774,0.9785032,0.98424715,0.9593756,0.6599429,0.9775114,0.9878368,0.9835313,0.9860773,0.9862373,0.98507035,0.96667874,0.97646534,0.98306394,0.9925772,0.9801739,0.9802143,0.97957546,0.9852439,0.97564834,0.98473746,0.9761012,0.9809295,0.9800482,0.9863505,0.9842533,0.98647565,0.98417073,0.98727286,0.9782057,0.9896993,0.97475773,0.98775584,0.98307145,0.9822144,0.9760042,0.98223484,0.98348325,0.9800194,0.98714936,0.9786107,0.96916026,0.9791448,0.9772057,0.98099524,0.98553175,0.98360103,0.9801561,0.9629639,0.9805817,0.9751353,0.9820847,0.978643,0.9769394,0.9834293,0.98236376,0.9767289,0.9662805,0.97921306,0.9821002,0.9806793,0.9729953,0.98487973,0.98276997,0.9866901,0.98543555,0.9833672,0.976752,0.98436415,0.9716095,0.9773929,0.9846614,0.97735924,0.9788322,0.98494345,0.975198,0.98305964,0.9869615,0.98719853,0.9767442,0.97900254,0.98268646,0.9807763,0.98168385,0.9871524,0.9826384,0.9504404,0.98171294,0.98432803,0.9764265,0.9831941,0.8854203,0.98060834,0.98339033,0.9793949,0.9869251,0.98393255,0.9777693,0.98381275,0.98583716,0.980682,0.986065,0.9851627,0.97803813,0.97839415,0.97364473,0.9819047,0.978364,0.9828098,0.9785613,0.981685,0.9829065,0.98137707,0.9838329,0.985211,0.98726976,0.9901289,0.9864722,0.9802396,0.98099005,0.9731698,0.981489,0.98361146,0.980132,0.9869477,0.9770472,0.9782225,0.98026866,0.9756754,0.9784298,0.98681384,0.97723085,0.98298895,0.9770603,0.9850971,0.9854997,0.97985095,0.98517966,0.9786487,0.9833934,0.9883876,0.9851748,0.97932434,0.97067535,0.98277634,0.98022825,0.9867287,0.9770653,0.981889,0.98100066,0.9867133,0.9841615,0.97790253,0.978866,0.9848931,0.9753129,0.98413146,0.98715144
marinade,0.98235655,0.9808289,0.9872668,0.9768521,0.97753006,0.9797571,0.96111864,0.96172637,0.97000873,0.9730556,0.9761858,0.98151964,0.96770734,0.9762263,0.98024416,0.9894664,0.9839561,0.98059887,0.9773664,0.9901503,0.97521186,0.97319084,0.97418064,0.9797838,0.97787994,0.98089993,0.9814637,0.9803416,0.9804592,0.97879523,0.9861411,0.9743419,0.9765325,0.9537428,0.98078936,0.98256344,0.9826078,0.9739576,0.9784833,0.9772522,0.980997,0.9854563,0.98194313,0.9798968,0.9889949,0.96532786,0.9728754,0.97526985,0.98020834,0.9748849,0.9754923,0.9783684,0.9645566,0.9609809,0.9788021,0.976051,0.95818514,0.98278934,0.9675553,0.98283184,0.9818363,0.9772781,0.98097587,0.9794606,0.9925619,0.9798082,0.9816149,0.9790644,0.9696422,0.9768591,0.97467,0.9771149,0.97330016,0.97995436,0.97930616,0.9770709,0.9794541,0.98802334,0.9787707,0.97934467,0.95273226,0.9826372,0.98833704,0.9732585,0.98131514,0.98965883,0.98126274,0.979806,0.9904488,0.98903465,0.9777985,0.9859806,0.9818033,0.96429884,0.97780687,0.9769126,0.9744866,0.98575073,1.0000001,0.9887671,0.9791573,0.9861056,0.9748926,0.9746968,0.9723049,0.9718609,0.98131824,0.96390605,0.9700982,0.97889394,0.985634,0.9685664,0.97277004,0.975007,0.97605354,0.98921037,0.9571604,0.6569083,0.97377205,0.986968,0.98005843,0.9797073,0.9838644,0.981392,0.9667336,0.97052944,0.9795627,0.98663414,0.97913074,0.9795382,0.977069,0.98139316,0.97648436,0.9816842,0.9800055,0.97801936,0.9744875,0.9844869,0.980061,0.9861112,0.9827389,0.98201376,0.9749067,0.9851603,0.9743832,0.9862956,0.9799211,0.9775474,0.9750557,0.98634815,0.9785068,0.9780396,0.9878188,0.9751628,0.9646775,0.97771007,0.97509795,0.97764325,0.9836744,0.97830725,0.9793286,0.95943636,0.9838945,0.9723987,0.9795049,0.9740745,0.9697119,0.983934,0.9787338,0.97343725,0.96268415,0.9784828,0.9763154,0.97795683,0.97381467,0.98007727,0.98632085,0.990091,0.9826537,0.97816896,0.9731022,0.9813217,0.97062767,0.97555965,0.98197836,0.97163963,0.9759851,0.9811868,0.9745214,0.9838621,0.9822382,0.9837548,0.9741268,0.9757908,0.97768223,0.9799961,0.9791616,0.98467857,0.9784752,0.94993794,0.97706485,0.98061645,0.97517234,0.9812272,0.88006914,0.9771663,0.97793186,0.97806907,0.9892496,0.9790888,0.97302586,0.9769971,0.9872815,0.97451633,0.98170316,0.9814192,0.9764129,0.9757498,0.96961564,0.977962,0.97624564,0.9827587,0.97391707,0.9800639,0.97615844,0.9753335,0.98448306,0.9849911,0.98358023,0.9835844,0.9823591,0.9785946,0.9761688,0.9700748,0.97664195,0.9790585,0.9768135,0.98995185,0.97283196,0.9732144,0.97752696,0.97449166,0.9736876,0.9872692,0.9743613,0.97753775,0.9740922,0.9818781,0.981796,0.969371,0.9822653,0.97892195,0.9800986,0.98417133,0.98192745,0.97729063,0.96897185,0.98350084,0.97802824,0.9882116,0.974455,0.9783484,0.97708774,0.98352003,0.9794804,0.97573483,0.9765225,0.98224837,0.97127867,0.9818363,0.986205
dissolve,0.9870506,0.98463774,0.9899478,0.9823716,0.982082,0.9835608,0.9674112,0.9626146,0.9757268,0.9820714,0.9812729,0.9873802,0.97614425,0.9839265,0.98484427,0.99033153,0.9925147,0.98628926,0.97737944,0.98998153,0.9814524,0.97984934,0.97475773,0.9827334,0.9831547,0.98657084,0.9868538,0.9838725,0.9844523,0.98150873,0.990833,0.9824354,0.98088235,0.9601485,0.98425657,0.9866312,0.98992544,0.9800594,0.98266894,0.9804122,0.9866599,0.98827016,0.9863975,0.9889949,0.9902196,0.97373503,0.9790425,0.9803113,0.9841239,0.9738333,0.9811767,0.9796859,0.9702203,0.96567905,0.983596,0.98095745,0.95937777,0.98881626,0.9695561,0.9861994,0.9853895,0.9794425,0.98902357,0.9859353,0.9853111,0.98887616,0.9846453,0.98536974,0.9739028,0.9808097,0.9783657,0.98296523,0.97241354,0.9885501,0.98772216,0.9805835,0.9836306,0.98881596,0.9829544,0.98859984,0.9623311,0.9892657,0.9918304,0.9773956,0.9861751,0.9917546,0.9862289,0.98503655,0.9938151,0.98960936,0.98482364,0.99097115,0.98710567,0.97055405,0.9850166,0.98253804,0.9807385,0.9850154,0.9887671,0.9999996,0.9823302,0.9900122,0.9851545,0.9840351,0.9772114,0.97811526,0.9872729,0.9705627,0.9777867,0.9834946,0.98810256,0.97350824,0.9821663,0.9817866,0.9845945,0.9909689,0.95801926,0.66354984,0.98040485,0.9889777,0.9851412,0.9863338,0.98751616,0.9883732,0.9704154,0.977826,0.9887328,0.98456794,0.98369557,0.98990524,0.9834833,0.9873624,0.9796866,0.98877263,0.98042846,0.98062307,0.9813638,0.9881244,0.9840354,0.9926984,0.9852537,0.98249686,0.9827511,0.9848256,0.9748638,0.99013275,0.981811,0.9860483,0.98034865,0.988341,0.98482543,0.9829502,0.9904273,0.9799549,0.971439,0.98143876,0.9838168,0.9816938,0.98802227,0.9829762,0.98636246,0.9695983,0.98478854,0.9781709,0.9854136,0.9802223,0.9745312,0.984246,0.9888688,0.9808034,0.9707765,0.981679,0.98261285,0.9860532,0.97553736,0.98885953,0.99035275,0.99167097,0.9861513,0.98762554,0.98097014,0.98819065,0.9710376,0.9862125,0.98710215,0.9771968,0.98026556,0.9886009,0.9798418,0.9875038,0.98707074,0.98976946,0.98449063,0.98305905,0.9859731,0.986338,0.9857694,0.9881704,0.9823169,0.95658386,0.9814837,0.9865068,0.98721534,0.98566043,0.87761813,0.98112124,0.9846819,0.9859554,0.9926249,0.9847224,0.9775064,0.98293793,0.9922369,0.9817246,0.98755175,0.9844547,0.9794782,0.9792684,0.97454244,0.9849447,0.9861501,0.98678744,0.98709184,0.9833468,0.9833494,0.98230493,0.98976547,0.9891933,0.98953795,0.9821682,0.980997,0.98829263,0.9824846,0.97966063,0.9867286,0.98359156,0.9834571,0.9929066,0.9794079,0.9798996,0.98178184,0.9764731,0.9805605,0.99114513,0.9836566,0.9835929,0.9818517,0.9894199,0.9878768,0.9713233,0.98670787,0.9838543,0.9855559,0.98951375,0.9866438,0.98250777,0.9730304,0.988767,0.98391676,0.9927315,0.9801067,0.9822483,0.98327637,0.9878713,0.9872061,0.98476446,0.9812125,0.9862021,0.98142606,0.98600864,0.99205595
toast,0.98225355,0.978519,0.98084515,0.977291,0.97788,0.9749281,0.956991,0.9591061,0.9635581,0.97338015,0.97671413,0.9786487,0.9720692,0.9767514,0.9766107,0.9814603,0.9804983,0.9787128,0.97826123,0.9870606,0.98398143,0.9740586,0.97283435,0.9921724,0.97609264,0.98422873,0.98118585,0.97986,0.97883445,0.9864868,0.98207444,0.9723791,0.97726154,0.9576624,0.9834149,0.98657435,0.9879142,0.97536117,0.98698634,0.97290105,0.9819432,0.9877942,0.973847,0.980179,0.98558474,0.96611834,0.97227556,0.9738633,0.9846833,0.9682111,0.97473305,0.9769623,0.96400034,0.959487,0.9801117,0.98225296,0.9661983,0.9859787,0.9656072,0.98147345,0.9933744,0.9750755,0.9814816,0.97820693,0.980929,0.9791177,0.97981447,0.97810286,0.9758759,0.99411905,0.9817765,0.97833097,0.9689254,0.98322344,0.97822016,0.97720236,0.98199433,0.9821553,0.9793119,0.9807248,0.95370406,0.9824684,0.98250103,0.9781762,0.979609,0.98148644,0.9806412,0.9836135,0.9829305,0.98210245,0.9788612,0.97677904,0.9819682,0.9681787,0.9794552,0.98344445,0.97411305,0.9849704,0.9791573,0.9823302,1.0,0.9817533,0.97727364,0.9753523,0.9731258,0.9732043,0.97976357,0.96495956,0.97371316,0.97842383,0.979972,0.9678531,0.9751457,0.9749834,0.9770777,0.98190755,0.9533924,0.6677923,0.9725272,0.9863894,0.98200643,0.98179483,0.9920182,0.98349345,0.9611356,0.97403234,0.979499,0.988838,0.9786374,0.98042965,0.97586405,0.98307353,0.97335523,0.98327345,0.9749148,0.98458827,0.97812116,0.98196876,0.9821649,0.98350847,0.98346925,0.9813128,0.97492397,0.98188365,0.9803972,0.9817201,0.98036975,0.98081195,0.9782522,0.98183185,0.98131055,0.97514385,0.98500645,0.9759396,0.96655005,0.97262573,0.9742155,0.98289543,0.9864157,0.97617215,0.9765626,0.96223474,0.9780226,0.9736752,0.98015386,0.97721744,0.97721267,0.981231,0.97876906,0.97742355,0.96445054,0.9775399,0.97709405,0.9798239,0.9724962,0.9826284,0.98249644,0.9839331,0.98358166,0.9824646,0.9760304,0.9824519,0.9672919,0.97784406,0.9839009,0.9747836,0.97628707,0.98314005,0.97395813,0.9849997,0.984511,0.9837597,0.97708213,0.9743035,0.98007834,0.9801295,0.98311543,0.9906577,0.97674966,0.94922805,0.9762204,0.9827197,0.976577,0.9781462,0.87746567,0.97795916,0.9797351,0.9776262,0.99002224,0.97914904,0.9745581,0.98497504,0.9874656,0.97583395,0.98359823,0.9804907,0.97807616,0.9763994,0.9711816,0.9780293,0.97922033,0.98030204,0.97764844,0.975662,0.97909176,0.9811841,0.9799627,0.9838511,0.98691815,0.9832296,0.9797537,0.9801018,0.9770192,0.97315574,0.97899115,0.9789728,0.97623366,0.9856258,0.97622293,0.9726919,0.9765005,0.97573596,0.9771632,0.9871079,0.97464085,0.97861576,0.9757497,0.9824174,0.98301953,0.9696344,0.9831722,0.9824332,0.98532856,0.98914754,0.9879459,0.97732306,0.9666912,0.98019016,0.98105294,0.982766,0.9752482,0.9779906,0.9764743,0.9905721,0.9822334,0.97568554,0.97521764,0.98004967,0.972335,0.98187315,0.9860336
squeeze,0.98904634,0.9874143,0.98717874,0.9875522,0.9825444,0.9883113,0.9723393,0.96532315,0.9745672,0.9806003,0.9868184,0.991487,0.9751733,0.98126155,0.98748696,0.9896934,0.986426,0.98756,0.9813088,0.98765504,0.98189056,0.977619,0.97805405,0.9820683,0.9842332,0.98782855,0.9811297,0.9839708,0.9854285,0.98142004,0.9924026,0.9798976,0.98053837,0.9634669,0.9839765,0.9873783,0.990723,0.98293257,0.98415357,0.9763787,0.9907334,0.9882211,0.98635626,0.9823584,0.9888433,0.976161,0.98596156,0.98069376,0.98350805,0.97520274,0.98092294,0.9796714,0.96813834,0.9700705,0.9853535,0.98111326,0.9590812,0.9879404,0.9706969,0.98815835,0.98721284,0.9849819,0.9896199,0.98550737,0.98539597,0.9895525,0.98562425,0.98929274,0.9755832,0.98132026,0.9782172,0.9852641,0.97069263,0.986416,0.9858235,0.9854491,0.9883523,0.98719525,0.98610926,0.988184,0.9618749,0.99149066,0.98755866,0.9809098,0.98932886,0.99245787,0.98508376,0.9884346,0.9879847,0.9901196,0.9878881,0.9848832,0.9880791,0.9756185,0.9873987,0.98485756,0.9829847,0.98489755,0.9861056,0.9900122,0.9817533,0.9999999,0.9825824,0.9813242,0.9759541,0.97823524,0.98869973,0.97378933,0.98068297,0.989011,0.988795,0.9721134,0.9819526,0.9772278,0.9856457,0.9903995,0.9591288,0.66485727,0.9863653,0.9896037,0.988992,0.9882001,0.9871938,0.9883161,0.97755754,0.9782958,0.9868342,0.9848812,0.98540294,0.9864241,0.98320174,0.9885939,0.98349,0.988994,0.98474145,0.98049456,0.9862621,0.9916684,0.98910797,0.98815733,0.98692244,0.98333746,0.98216856,0.98704374,0.97930056,0.9924564,0.98284817,0.9852225,0.9798658,0.9883323,0.9913921,0.98427,0.9894355,0.9831776,0.97495013,0.98132974,0.9812796,0.98382777,0.9876713,0.98679656,0.9863981,0.9684498,0.9907557,0.97945136,0.9891788,0.98463196,0.9795813,0.9835823,0.98571646,0.9810996,0.97389567,0.98225,0.986129,0.9875953,0.9788493,0.9889385,0.99141085,0.99080086,0.98803735,0.98589265,0.9780563,0.9870943,0.9735136,0.98285806,0.98732555,0.9858182,0.9828792,0.9913848,0.973602,0.9899883,0.99110496,0.98956746,0.9803567,0.9805329,0.9872788,0.9850818,0.9831546,0.9885494,0.98436606,0.9531806,0.983948,0.9905219,0.982531,0.98804533,0.8854174,0.9846468,0.9877116,0.9840684,0.9931946,0.9869234,0.978406,0.9858178,0.98812574,0.9824945,0.99122584,0.9879904,0.9834315,0.98063165,0.97904396,0.98870075,0.98396397,0.98693115,0.98359174,0.9859324,0.9883407,0.9828088,0.9888727,0.98914665,0.98857504,0.9844137,0.9835973,0.98738015,0.98999405,0.97699726,0.9854791,0.9872086,0.9829515,0.98914844,0.98460156,0.98108166,0.98784477,0.9766838,0.9878212,0.9900294,0.9807908,0.9869055,0.98343104,0.9901192,0.987971,0.9746504,0.99101794,0.98375225,0.9881152,0.99057317,0.98626465,0.9881968,0.9809768,0.98983496,0.98324865,0.98995143,0.98621035,0.9825049,0.9847943,0.99295294,0.9883543,0.98360145,0.9873926,0.99032223,0.97957146,0.9909155,0.99002445
grind,0.98155624,0.97835064,0.9787787,0.9778918,0.97576547,0.9764118,0.96025026,0.95620733,0.96989816,0.9761521,0.9786921,0.9821254,0.97285634,0.9750745,0.9821516,0.9787958,0.98163897,0.981058,0.9735814,0.98084193,0.9750289,0.9770217,0.9724147,0.9760988,0.9780431,0.98011327,0.9821345,0.9784323,0.98449576,0.9808264,0.98475516,0.9748561,0.9799206,0.95556325,0.9809887,0.9820926,0.9830185,0.9780896,0.9810006,0.97194904,0.9850215,0.9811892,0.98291194,0.979979,0.9819035,0.97125196,0.97445524,0.97626036,0.97803015,0.96880364,0.9739871,0.97456044,0.97829014,0.96727383,0.97797155,0.97744095,0.95364445,0.9886083,0.9647069,0.9834098,0.9809462,0.9751936,0.9905564,0.98632956,0.9755208,0.99070716,0.9794574,0.9844264,0.9707574,0.97829026,0.9759725,0.97733223,0.964873,0.9897324,0.9834259,0.9771208,0.980099,0.97962475,0.9801988,0.9928902,0.9728887,0.98228616,0.98242813,0.97956145,0.97924554,0.9818694,0.9773375,0.9799927,0.98135436,0.9821473,0.9832924,0.97687745,0.98485965,0.9654042,0.9795671,0.9831403,0.97804844,0.9773314,0.9748926,0.9851545,0.97727364,0.9825824,1.0,0.98255277,0.97038525,0.9842566,0.97951186,0.9704432,0.9789489,0.9819269,0.98074424,0.978242,0.98567575,0.9725497,0.97891885,0.9850579,0.9526017,0.6680795,0.97557855,0.9812189,0.9814957,0.98196864,0.9811931,0.9808341,0.9628438,0.97920805,0.9859817,0.97945374,0.9771475,0.9839531,0.97336984,0.98113525,0.97528696,0.98122245,0.9740774,0.9755466,0.9779008,0.98169094,0.9803314,0.98170966,0.97649485,0.9746158,0.98721343,0.977946,0.97140294,0.98159075,0.98190254,0.9831081,0.97160226,0.9791456,0.97972745,0.98250437,0.9836291,0.9739885,0.9687477,0.9716008,0.9763087,0.97357213,0.984976,0.97980523,0.98024577,0.96298045,0.9764941,0.9837838,0.98166513,0.976428,0.9681792,0.9774285,0.9847781,0.98203254,0.9640166,0.9782722,0.98598397,0.9847703,0.9750996,0.9885207,0.98049337,0.98367125,0.98027873,0.9898767,0.9766457,0.9839571,0.9666926,0.9891753,0.9820149,0.9730612,0.97444713,0.9843668,0.97148776,0.97973734,0.9824993,0.98220694,0.9879342,0.97657305,0.9831137,0.9803688,0.9792146,0.9830881,0.982469,0.9483786,0.9791449,0.9809403,0.97995025,0.9819245,0.8701318,0.97805667,0.9794496,0.97953427,0.9840578,0.9789617,0.97490925,0.97906226,0.98351115,0.97653663,0.9831843,0.978558,0.9783208,0.98289984,0.97492445,0.9810487,0.9937678,0.9796227,0.9813573,0.9799741,0.97924274,0.9767459,0.98092604,0.9826477,0.9825593,0.9760184,0.97301346,0.99294907,0.9820534,0.9865911,0.98891777,0.9790435,0.98656285,0.98272806,0.9759451,0.97458726,0.9764738,0.976075,0.97813654,0.9827493,0.97654676,0.98486376,0.9811133,0.9843219,0.987327,0.96793634,0.98186314,0.97586554,0.9811852,0.98449355,0.9828281,0.97928107,0.96808493,0.9801835,0.9779725,0.9843279,0.9760059,0.9785845,0.9732658,0.98311,0.98511964,0.98095787,0.97657967,0.98018956,0.97501147,0.9811649,0.98452246
blitz,0.9829459,0.977489,0.9811199,0.98009855,0.9778277,0.9755164,0.9632963,0.9570916,0.9680232,0.9738949,0.978073,0.98055375,0.9748233,0.9763615,0.97790647,0.97820795,0.9802386,0.98383653,0.9721453,0.98087025,0.9718478,0.97196424,0.9723264,0.97486943,0.9783469,0.97898006,0.97617406,0.97658914,0.9782241,0.97628444,0.9826391,0.97178996,0.9799591,0.9550856,0.9794283,0.9803986,0.9829101,0.9755032,0.9809568,0.9729023,0.9827304,0.9769922,0.98145145,0.9812642,0.98164576,0.9679237,0.9723359,0.97957087,0.9792181,0.9654558,0.9754007,0.9766195,0.96959496,0.96737146,0.97895515,0.98189074,0.9536777,0.9851671,0.9631429,0.97865725,0.9833571,0.9724548,0.98234934,0.9805226,0.97483826,0.98691505,0.9817498,0.98189104,0.9697034,0.9768141,0.970125,0.97905755,0.9658924,0.98499304,0.9809518,0.9784266,0.97922504,0.9806701,0.97974825,0.9869977,0.9699244,0.9812149,0.9816046,0.97462785,0.9821382,0.9821963,0.9766826,0.97917557,0.97986376,0.98093265,0.9801394,0.97837996,0.980837,0.96561277,0.97655016,0.9802939,0.9763254,0.97524965,0.9746968,0.9840351,0.9753523,0.9813242,0.98255277,1.0,0.9719439,0.98053634,0.9785517,0.9672054,0.97930783,0.9796487,0.9824009,0.97749203,0.9825406,0.97314405,0.9765077,0.98208064,0.9513715,0.673901,0.97516644,0.9812336,0.98004967,0.982219,0.9797917,0.9824174,0.961484,0.9747818,0.98159707,0.9798071,0.9766471,0.98441386,0.9772678,0.98266405,0.9756567,0.98290896,0.97348315,0.9712137,0.98046106,0.979997,0.97941893,0.98422164,0.97825724,0.9734798,0.9832493,0.9771906,0.9768489,0.9826478,0.9803551,0.9819771,0.9750632,0.9806585,0.98003113,0.9801918,0.9812792,0.9748432,0.96873736,0.972075,0.97704786,0.9741807,0.9869835,0.979199,0.9777439,0.96657205,0.98062396,0.9797168,0.9805379,0.9787876,0.9704653,0.97593474,0.9801234,0.9765248,0.96793485,0.9768186,0.97841024,0.9823662,0.97288156,0.9837848,0.98150766,0.98342824,0.9782224,0.9843981,0.9809142,0.98237807,0.96565586,0.98550135,0.980336,0.97233254,0.9769755,0.9821197,0.968561,0.98096836,0.9818035,0.98266673,0.9850555,0.97337496,0.98087347,0.9797303,0.98162097,0.9840283,0.97853154,0.953788,0.9770602,0.9810268,0.97854,0.98140675,0.8791842,0.978191,0.9804255,0.98285717,0.98358774,0.9796282,0.9742823,0.9757016,0.98554784,0.97381234,0.9807922,0.97741085,0.98024094,0.9793235,0.97094065,0.9800615,0.98277843,0.97878265,0.9800319,0.9829573,0.9788878,0.9752847,0.9841034,0.98482084,0.9853993,0.97604847,0.9721534,0.98571724,0.9747706,0.9803911,0.9834148,0.9750232,0.98171204,0.98258334,0.9776198,0.97141963,0.97653323,0.9764239,0.97549516,0.98358214,0.9800563,0.9786511,0.98203516,0.98112047,0.9864328,0.96288794,0.9831533,0.97843,0.9797606,0.9865975,0.9844287,0.97827834,0.96284646,0.9787425,0.9806188,0.98149085,0.9757746,0.97672683,0.97475123,0.9827844,0.9839729,0.97623307,0.97304827,0.9809768,0.977802,0.9823451,0.9796784
bubble,0.97835845,0.9790659,0.9754503,0.97132957,0.97072744,0.9722993,0.9540716,0.95192343,0.9634012,0.9697974,0.96937555,0.97568214,0.96384275,0.9698841,0.9715821,0.97321266,0.97217506,0.9743854,0.9689193,0.97602785,0.9719608,0.98334104,0.96923614,0.9718775,0.96962523,0.97798747,0.9712983,0.97177607,0.97439224,0.9699714,0.975222,0.973756,0.97071725,0.95134366,0.9712327,0.9765702,0.98177004,0.96785825,0.9742151,0.9658768,0.977854,0.9722164,0.97436565,0.9763312,0.97865194,0.9639674,0.96809286,0.97168887,0.9740847,0.9620065,0.9676465,0.9699724,0.96050173,0.95666504,0.9889812,0.97271234,0.95041543,0.9743938,0.9566289,0.9727684,0.9765231,0.97082055,0.9737148,0.9743881,0.97127825,0.9756391,0.9733971,0.97441626,0.96876174,0.9699028,0.966386,0.97220886,0.960631,0.9808592,0.9701893,0.9709647,0.9729225,0.9774744,0.9739518,0.97490406,0.9535235,0.9759864,0.97572166,0.97065085,0.9772032,0.97536486,0.9769968,0.9771027,0.9760451,0.97637016,0.97202384,0.9741049,0.97844917,0.9582046,0.9710455,0.97595954,0.967959,0.9724537,0.9723049,0.9772114,0.9731258,0.9759541,0.97038525,0.9719439,1.0,0.96878576,0.9704647,0.9604401,0.96766585,0.971366,0.9753757,0.96250224,0.970952,0.9651752,0.97561884,0.9758963,0.9503718,0.66718227,0.96986806,0.9788681,0.9758564,0.97552466,0.9770849,0.9776501,0.95742774,0.9677867,0.97771215,0.9739167,0.9724475,0.97555846,0.97238487,0.9775524,0.96686226,0.97596663,0.96844023,0.9734674,0.97390145,0.97439384,0.97293085,0.9786364,0.973743,0.9696715,0.9678235,0.9745272,0.96793383,0.972903,0.97377735,0.9726329,0.9719101,0.97679675,0.9746081,0.9716718,0.97678196,0.9663432,0.96207243,0.9693624,0.9696353,0.9782483,0.97680837,0.97403055,0.9818271,0.95995677,0.97278714,0.96919096,0.9751046,0.9699036,0.967521,0.9735804,0.97137076,0.9681369,0.9635516,0.9696848,0.9746877,0.9732625,0.9634177,0.9756914,0.97829455,0.97584933,0.97534287,0.97445184,0.9663997,0.9790676,0.9607026,0.9712803,0.9768986,0.9664862,0.9676074,0.97770625,0.9644639,0.97446007,0.9764041,0.97772926,0.97277266,0.9670231,0.97477764,0.9710044,0.97406363,0.97922546,0.9720424,0.9463985,0.97081935,0.97412455,0.9721819,0.97622657,0.8809224,0.9712885,0.97121125,0.97107244,0.97978127,0.97487086,0.9701125,0.9705121,0.9801333,0.96984905,0.97463673,0.9721863,0.96996695,0.9678614,0.9656671,0.9717152,0.97214633,0.97556615,0.97282624,0.9711057,0.9735184,0.9701718,0.97269994,0.976169,0.97842133,0.9722019,0.97049004,0.97399366,0.9687924,0.9690778,0.97391856,0.9739541,0.97478116,0.9794207,0.965807,0.9671012,0.96945137,0.9661439,0.97080016,0.97713035,0.9700826,0.97238284,0.97012246,0.976417,0.97752225,0.96035635,0.9767694,0.9736727,0.9741813,0.9792747,0.9770909,0.97247,0.9598478,0.9735893,0.97661006,0.9770894,0.9692812,0.97101957,0.97289944,0.9779735,0.97478575,0.9729467,0.97022593,0.9754735,0.9710621,0.9748942,0.97535735
slash,0.98218364,0.9756686,0.974607,0.9767301,0.97312814,0.974293,0.95788956,0.9525823,0.9697097,0.9712182,0.97719413,0.97641903,0.9699467,0.97148585,0.9764123,0.9758565,0.9760962,0.9767957,0.97181386,0.9765205,0.9694626,0.9689005,0.97305423,0.9719391,0.97305775,0.97697663,0.97403544,0.97765046,0.9771389,0.9808576,0.979612,0.9664332,0.97936374,0.95076793,0.9780513,0.9782353,0.9790189,0.9752192,0.97978556,0.9697018,0.9807712,0.97630537,0.97899246,0.9751718,0.9798229,0.96300423,0.9689688,0.9739656,0.97722507,0.9669161,0.96879166,0.974459,0.9826991,0.96739995,0.9770833,0.9769999,0.9520065,0.98769164,0.95896053,0.9782366,0.9777826,0.971798,0.9802686,0.98342514,0.97258484,0.98632306,0.97749233,0.981709,0.9698268,0.976748,0.9706568,0.973622,0.96273416,0.98554987,0.9765554,0.9759878,0.97851855,0.9767328,0.97931904,0.9870466,0.9753191,0.9802508,0.979268,0.97351885,0.97995925,0.9805255,0.97510546,0.9771736,0.97793543,0.9791104,0.98323995,0.972273,0.9767791,0.9583088,0.9777557,0.9777086,0.9765378,0.9752935,0.9718609,0.97811526,0.9732043,0.97823524,0.9842566,0.98053634,0.96878576,1.0000005,0.97904736,0.9670958,0.9791371,0.97991425,0.976693,0.98258775,0.9849995,0.96723896,0.9747655,0.9789794,0.95071524,0.6613238,0.97227794,0.9786543,0.98067296,0.9773158,0.9779771,0.9798891,0.95915765,0.98033357,0.9813153,0.97941905,0.9777621,0.97506106,0.9731053,0.9818214,0.9750176,0.97913975,0.9682929,0.9701342,0.9774308,0.9829522,0.9797768,0.9768282,0.97235537,0.9722866,0.9868303,0.97742206,0.9692703,0.97937,0.9788305,0.9779859,0.9718169,0.97685176,0.97725797,0.97836787,0.97898054,0.9739098,0.9688471,0.9726458,0.9723047,0.97072965,0.97981864,0.97660655,0.9738256,0.9618868,0.9742429,0.9822171,0.9773963,0.97876656,0.9671237,0.97295076,0.9770973,0.97496724,0.9632723,0.9785397,0.9778067,0.9793163,0.96958566,0.9821221,0.9770223,0.98015064,0.9791932,0.985239,0.9773075,0.97872376,0.96989346,0.9858798,0.97641313,0.96908146,0.9735362,0.97846156,0.96714973,0.976815,0.9814402,0.9792865,0.987092,0.9722537,0.97613263,0.97607136,0.9745814,0.979339,0.9794652,0.9492997,0.97855794,0.97888505,0.9725909,0.9772131,0.87075365,0.97414297,0.97869873,0.9746178,0.97994095,0.9763921,0.97459245,0.97481495,0.98034817,0.9740813,0.9786626,0.97846216,0.97640806,0.9776019,0.9772412,0.97671074,0.98690397,0.97882205,0.97423357,0.97633094,0.9779231,0.9753342,0.97871095,0.9796526,0.97810304,0.97512776,0.9722894,0.9882749,0.9741387,0.98741543,0.98543346,0.977871,0.98774064,0.97878784,0.97674966,0.9714273,0.9759986,0.9716119,0.97423536,0.9787454,0.9714707,0.9799939,0.98388916,0.9798991,0.9870583,0.96485794,0.9815646,0.97573173,0.9796057,0.98069495,0.9798293,0.97682834,0.9648063,0.9804572,0.9749175,0.9793341,0.9752753,0.9794126,0.97011364,0.9796509,0.98407143,0.9735595,0.9738038,0.97946715,0.9718027,0.9816643,0.9785107
blot,0.9865826,0.9849551,0.98246974,0.9802521,0.97822785,0.98115325,0.9743788,0.96546143,0.9728489,0.974362,0.9836852,0.9824074,0.9705287,0.9790753,0.9818404,0.9857889,0.9871465,0.9823047,0.97713125,0.98426175,0.9763262,0.97258145,0.97399014,0.981368,0.98123425,0.98202085,0.9832744,0.9820723,0.9825731,0.98177594,0.9935646,0.9850453,0.98036206,0.9611385,0.9822292,0.9850125,0.98541677,0.9819037,0.9829893,0.97634566,0.98477036,0.98468626,0.98325425,0.9842997,0.9879737,0.97819716,0.9844993,0.9772769,0.9805368,0.9711499,0.97959983,0.97517127,0.96641624,0.96660715,0.9787321,0.9773047,0.9554192,0.98712385,0.9680993,0.98420566,0.9836205,0.9834471,0.9855166,0.9833819,0.98043716,0.9841479,0.9822133,0.98493475,0.9725016,0.98183244,0.9779876,0.98146856,0.9693398,0.9850912,0.9844345,0.97719115,0.98242223,0.9851334,0.98315805,0.9843382,0.9594148,0.99449885,0.9870614,0.9783378,0.9876743,0.9902131,0.98355144,0.98300874,0.98692596,0.98412126,0.9857131,0.9847126,0.9831952,0.98040324,0.98035276,0.98181576,0.9874959,0.98197114,0.98131824,0.9872729,0.97976357,0.98869973,0.97951186,0.9785517,0.9704647,0.97904736,1.0000001,0.9702129,0.9852584,0.98415124,0.9851983,0.9674232,0.97860503,0.97285026,0.97984916,0.9870706,0.9586813,0.65652394,0.9853271,0.9851491,0.986867,0.98497856,0.98381335,0.9903634,0.9657871,0.9790005,0.9824728,0.98242414,0.9798731,0.9820411,0.9787404,0.9908705,0.9760719,0.9897864,0.98196274,0.976726,0.98503757,0.98696834,0.9823815,0.98721766,0.98252124,0.9767451,0.9820289,0.983421,0.97401625,0.9924757,0.98040473,0.98371124,0.97612804,0.98477,0.98498094,0.9823745,0.98722434,0.97849685,0.9730318,0.9811233,0.9766819,0.97755533,0.9857665,0.98227805,0.9831803,0.96521467,0.9834878,0.9767927,0.9888741,0.97816485,0.98163265,0.98095065,0.9825495,0.9801665,0.97826165,0.98120373,0.9824214,0.9811897,0.97650725,0.98596746,0.9913044,0.9892099,0.98466426,0.9843776,0.97711724,0.98441076,0.9718133,0.97904104,0.98325,0.98165995,0.97873366,0.98379445,0.9798466,0.983763,0.9846822,0.98640406,0.97736627,0.98010015,0.98212904,0.9815776,0.981738,0.98549366,0.9822689,0.9551673,0.9829905,0.98370177,0.97565097,0.98382294,0.8783833,0.9785271,0.9877716,0.9805927,0.98722464,0.9819241,0.97948223,0.980077,0.9879326,0.9787383,0.9894412,0.9837556,0.979154,0.9770652,0.9746974,0.9821105,0.9824981,0.9825097,0.9788132,0.981435,0.9861306,0.9797708,0.9872861,0.98429173,0.9853244,0.9796339,0.9792284,0.98382723,0.9807868,0.9735569,0.98620725,0.9819734,0.9791125,0.98815787,0.97858626,0.97677284,0.98080254,0.9783447,0.9857051,0.9861903,0.9743579,0.98225135,0.97930604,0.98398316,0.98404235,0.9704456,0.9841401,0.98013175,0.9866462,0.98738825,0.98555446,0.98347366,0.9723592,0.9978246,0.981138,0.98510176,0.97923076,0.98437184,0.9784831,0.9845582,0.9863853,0.97847843,0.98433983,0.98573995,0.9760598,0.98504555,0.98471797
style,0.9726626,0.9728976,0.96713674,0.9696958,0.9638761,0.9696451,0.95425487,0.9529129,0.961485,0.9627739,0.97324896,0.9732527,0.9649785,0.9620598,0.9740018,0.9703891,0.97352946,0.9721319,0.97108406,0.97078836,0.973406,0.9613926,0.9603348,0.96665597,0.9779153,0.9705905,0.9696013,0.9707961,0.9740876,0.9673667,0.9744364,0.9660322,0.9675395,0.9619568,0.96991116,0.9740593,0.97271436,0.97404736,0.9706149,0.9625911,0.97539395,0.96906686,0.9711221,0.9703587,0.976369,0.9646668,0.9712628,0.96932197,0.96842104,0.95846653,0.9711836,0.9665657,0.9573903,0.96241206,0.9670869,0.9676838,0.9501093,0.9734873,0.9655567,0.9764872,0.9723558,0.97091377,0.97712797,0.96909887,0.97074914,0.97744924,0.96961856,0.97628886,0.9651332,0.9665166,0.9682129,0.97521555,0.9560605,0.97518617,0.97437733,0.9648049,0.9740527,0.96991205,0.9703886,0.9754904,0.9534898,0.9745958,0.97201806,0.9660858,0.97514594,0.9706331,0.97294533,0.97600514,0.9711038,0.9702428,0.9702437,0.9684454,0.9730601,0.9611137,0.9687321,0.97304183,0.9672167,0.9734267,0.96390605,0.9705627,0.96495956,0.97378933,0.9704432,0.9672054,0.9604401,0.9670958,0.9702129,0.99999994,0.968255,0.9774391,0.9728149,0.96196103,0.97349423,0.96050346,0.97008127,0.9719371,0.96591103,0.6700769,0.97240376,0.9725587,0.9743824,0.9779265,0.970221,0.97033954,0.9565485,0.96758336,0.9749302,0.96880037,0.96994764,0.96906835,0.9667987,0.9714402,0.96423286,0.9724036,0.9640584,0.9651367,0.9729625,0.97169226,0.9721737,0.97373044,0.97005737,0.966487,0.96812075,0.9750636,0.9651025,0.97417676,0.96949613,0.9783913,0.9679145,0.9704903,0.9774238,0.97470146,0.97733724,0.9771421,0.9629668,0.96718997,0.96731937,0.9701805,0.973246,0.98001117,0.97101474,0.95742416,0.9684673,0.96963716,0.97148514,0.96776253,0.96474165,0.96910906,0.9752686,0.9748418,0.9624941,0.96831036,0.9761016,0.96850026,0.96244204,0.9755519,0.9728043,0.9708658,0.9732894,0.9778801,0.9696111,0.9744817,0.95604026,0.97006226,0.9717012,0.9723179,0.97060126,0.97711986,0.9601133,0.9700167,0.97601825,0.97382444,0.96963197,0.9746807,0.9771182,0.96963924,0.97063947,0.9722852,0.976003,0.9411435,0.9720471,0.97246796,0.9645327,0.9770402,0.87604755,0.97511715,0.976288,0.9677804,0.9722211,0.9749571,0.9646358,0.9722945,0.97134995,0.967907,0.97500855,0.97385913,0.9678696,0.967421,0.96639335,0.97356033,0.9723039,0.9673525,0.96830595,0.9714339,0.9731554,0.9708064,0.9695988,0.97363204,0.9746148,0.96770936,0.97046876,0.9734714,0.9705559,0.9662794,0.9748827,0.9700422,0.97535837,0.9713661,0.96845394,0.96587807,0.97190887,0.96327084,0.9684359,0.9721981,0.9638902,0.9708043,0.9705785,0.9724388,0.97549146,0.9615538,0.97705734,0.96641475,0.9721119,0.9758952,0.9716814,0.96825594,0.96126765,0.9709269,0.96855813,0.97476864,0.96421945,0.9779707,0.96906674,0.9759388,0.9777806,0.96982837,0.96807694,0.97441584,0.9647886,0.97559947,0.9708974
trim,0.98018867,0.98129284,0.9718771,0.9789893,0.9719935,0.97476447,0.9705373,0.9556337,0.96196526,0.9715453,0.9765138,0.9763479,0.96673554,0.9721428,0.9770645,0.9750199,0.97601074,0.9790962,0.9730979,0.9760744,0.9669666,0.9686165,0.97076553,0.9731583,0.9750379,0.9761094,0.9715654,0.9755764,0.9771597,0.97356814,0.9832657,0.9728684,0.9768237,0.95900023,0.9754677,0.979188,0.97940725,0.97204447,0.9781404,0.9686931,0.97986275,0.97592264,0.9754813,0.97830814,0.9792329,0.9692971,0.9776414,0.9755451,0.9771869,0.9647436,0.9712058,0.97056055,0.96841455,0.9690804,0.9751689,0.9732525,0.9599702,0.9817194,0.9621145,0.9796162,0.97899103,0.9761689,0.9807196,0.97843575,0.97253734,0.9829475,0.9753837,0.9786105,0.96642506,0.9734676,0.9708754,0.9753216,0.9618723,0.9829311,0.98100543,0.970139,0.97712064,0.9765323,0.97853404,0.98383737,0.96597075,0.98561054,0.9801749,0.97550464,0.98059005,0.98083377,0.97510004,0.9768992,0.97811496,0.9753826,0.9780701,0.97353613,0.9781625,0.97403604,0.97428465,0.9783051,0.9786347,0.9726477,0.9700982,0.9777867,0.97371316,0.98068297,0.9789489,0.97930783,0.96766585,0.9791371,0.9852584,0.968255,1.0,0.98093337,0.9777596,0.9715233,0.9802058,0.9674368,0.9765337,0.97780067,0.95124626,0.6562182,0.9791063,0.97767735,0.9820004,0.9803366,0.97715455,0.9833419,0.95739603,0.9736377,0.9798148,0.9757188,0.97382087,0.977816,0.97069865,0.982547,0.9719207,0.9824494,0.97494173,0.9693075,0.98203206,0.97632915,0.97702116,0.9784399,0.9736019,0.9719459,0.97809994,0.9788313,0.9718172,0.98433465,0.9763317,0.97915816,0.9716462,0.9771045,0.9781601,0.976087,0.9799327,0.9707457,0.96251386,0.97193277,0.9730309,0.9714557,0.98236597,0.9765446,0.97553116,0.96044195,0.97667587,0.97628385,0.9822091,0.9735444,0.9719475,0.9736148,0.97849196,0.9742416,0.97146165,0.9742534,0.97765094,0.9774517,0.9689345,0.98317635,0.9825149,0.98049873,0.9777323,0.9846032,0.9732745,0.980368,0.9670525,0.9802697,0.977379,0.97684205,0.9712364,0.9785202,0.96794116,0.9768048,0.9787279,0.97876793,0.97904754,0.9744767,0.9793222,0.97668093,0.97561705,0.9805925,0.9786118,0.949787,0.976632,0.9773422,0.9717509,0.97833157,0.88092273,0.97386897,0.98129237,0.9742782,0.9800067,0.97580826,0.9758804,0.97253895,0.97977823,0.97252584,0.9864308,0.9784093,0.97482866,0.9753056,0.96619713,0.97802544,0.98393416,0.97491205,0.97314245,0.977067,0.98241335,0.972926,0.9753002,0.9784459,0.9801294,0.97442734,0.9719926,0.9829686,0.97714007,0.97646874,0.98846835,0.97199816,0.98098844,0.9783661,0.9729163,0.9690839,0.97471476,0.97338414,0.9802394,0.9792463,0.9709523,0.9770768,0.9760193,0.97777677,0.98217183,0.96206284,0.979317,0.9756431,0.97812736,0.9818062,0.9805211,0.9776134,0.969398,0.98372144,0.97315925,0.97851974,0.97347456,0.97547275,0.96898764,0.9787128,0.9813996,0.97456807,0.9824038,0.97950655,0.9711549,0.9791344,0.979218
twist,0.9899765,0.9857471,0.983234,0.9825754,0.9772233,0.98465836,0.9684778,0.96227324,0.97580385,0.98235697,0.9886688,0.9878195,0.97344196,0.98028135,0.9863505,0.9832424,0.9820486,0.9850424,0.9815589,0.98260283,0.9757647,0.9735302,0.97863317,0.9798032,0.98523426,0.98617965,0.9790196,0.98601484,0.9832414,0.9804643,0.98681265,0.97546965,0.9831095,0.9614293,0.9832216,0.98736316,0.989293,0.97875285,0.9835344,0.9744905,0.98640734,0.9827242,0.98583853,0.98157275,0.98672485,0.97560406,0.98066396,0.9809167,0.9807611,0.9717923,0.9808963,0.9815423,0.96811014,0.97026813,0.98338383,0.98049456,0.96241945,0.9873925,0.9688072,0.9883566,0.9856295,0.98365176,0.9880751,0.98564,0.9830131,0.9882269,0.98272395,0.9888182,0.9750549,0.9792492,0.97738737,0.9847377,0.9688744,0.98520625,0.98468935,0.9844261,0.9858043,0.9830996,0.98758316,0.98592585,0.9640222,0.9899964,0.9851993,0.98378766,0.9868465,0.98578984,0.9818368,0.98548216,0.9838453,0.9858142,0.98963594,0.9797888,0.9880976,0.97496986,0.9854304,0.9861332,0.9804377,0.982813,0.97889394,0.9834946,0.97842383,0.989011,0.9819269,0.9796487,0.971366,0.97991425,0.98415124,0.9774391,0.98093337,1.0000001,0.98445225,0.9708251,0.98218733,0.9729042,0.9831953,0.9839819,0.9584092,0.6594317,0.98213685,0.98649293,0.990574,0.9897992,0.9842238,0.9872594,0.97505164,0.9803348,0.9874763,0.9834283,0.98270494,0.9842439,0.98000455,0.98771083,0.98023355,0.9882686,0.9786201,0.9770756,0.9878147,0.98771006,0.98919266,0.984301,0.9798846,0.9808777,0.98121715,0.9869858,0.9774866,0.98671883,0.9842715,0.98434883,0.9771701,0.9841522,0.98736376,0.9845712,0.985515,0.98177046,0.97088563,0.98006994,0.9824427,0.98023856,0.98716307,0.9897959,0.98375714,0.96985424,0.98626953,0.98110265,0.9886865,0.9820168,0.97297174,0.98172605,0.9853007,0.9797141,0.9729821,0.98213947,0.9846019,0.98293024,0.9747759,0.9890352,0.98666215,0.9879783,0.986677,0.986155,0.97875607,0.98620355,0.97283125,0.98224926,0.98679096,0.9836562,0.9801159,0.9902237,0.9721373,0.9847295,0.9897261,0.98617786,0.9801793,0.98033935,0.9878118,0.9844269,0.9808785,0.9880612,0.9849855,0.95061296,0.98534024,0.9892175,0.9803299,0.9912452,0.87645686,0.9826121,0.98741895,0.98354334,0.9877264,0.9881186,0.98032236,0.9832891,0.9846497,0.98578435,0.9913005,0.9866725,0.9837628,0.98159456,0.97740936,0.98758346,0.9850158,0.9821644,0.9816652,0.9886101,0.99024206,0.9813852,0.9847414,0.9875983,0.9868462,0.9828686,0.9788535,0.9854652,0.9864851,0.97730166,0.9859473,0.9842412,0.981583,0.98537964,0.9815226,0.98352695,0.9842589,0.9766827,0.9893567,0.98624235,0.97908956,0.98723316,0.9813854,0.9871704,0.98973864,0.9763639,0.9881877,0.9800024,0.9884025,0.9880353,0.9852324,0.9915175,0.97930056,0.985001,0.9808424,0.9892006,0.99031687,0.9814566,0.9794125,0.9884544,0.98810786,0.98234755,0.9895066,0.98917747,0.97778904,0.98960245,0.98727643
whip,0.98788655,0.99086946,0.9856616,0.9871641,0.98390555,0.9867639,0.9662077,0.9634301,0.97068834,0.9803775,0.9804421,0.9878392,0.97354364,0.9817493,0.9870119,0.9846126,0.9839223,0.9920913,0.97868145,0.98587596,0.9776141,0.9746459,0.97605723,0.9817807,0.9845496,0.98510903,0.98154145,0.98469603,0.9871658,0.97997284,0.9887174,0.9793851,0.9792582,0.95854175,0.9847466,0.9856172,0.9881961,0.9785792,0.9813085,0.9730238,0.9892708,0.98335254,0.9840115,0.98492104,0.99044687,0.9727981,0.9831501,0.98701745,0.98398614,0.97668576,0.9779307,0.9817405,0.96745664,0.96728045,0.9812537,0.98169035,0.9574091,0.9862725,0.9752927,0.98625255,0.9855088,0.97962034,0.989581,0.9849931,0.9852488,0.98899156,0.9897686,0.98651737,0.97522277,0.97986186,0.97747755,0.98721796,0.98070955,0.98442,0.9874343,0.97841275,0.98660517,0.9909629,0.98504126,0.98711133,0.9581409,0.98750925,0.98928964,0.9810751,0.9928682,0.9891286,0.98637366,0.98452187,0.98699856,0.98769164,0.9840675,0.9861597,0.99081653,0.97419024,0.98376375,0.9854402,0.9803763,0.98457307,0.985634,0.98810256,0.979972,0.988795,0.98074424,0.9824009,0.9753757,0.976693,0.9851983,0.9728149,0.9777596,0.98445225,0.99999964,0.97245705,0.980234,0.97769946,0.98113966,0.9907604,0.96336687,0.6721297,0.9839528,0.9873654,0.9862702,0.9881775,0.986323,0.9868459,0.96960294,0.97915,0.98793334,0.9854474,0.98674643,0.98480636,0.983347,0.9868125,0.97738844,0.98752105,0.98277867,0.97894657,0.9823426,0.9856613,0.9840709,0.98823047,0.98260933,0.984137,0.98092496,0.9874658,0.97493047,0.98899394,0.98536384,0.98606455,0.97873175,0.9846549,0.98800606,0.98731315,0.9882992,0.9802127,0.97147435,0.9849826,0.9883781,0.9818921,0.9875187,0.98786086,0.98594296,0.9697423,0.9899414,0.9760008,0.9842815,0.9812818,0.9749976,0.9876663,0.98712134,0.98077494,0.97240734,0.9816364,0.98609686,0.9844371,0.9792272,0.98858535,0.9865122,0.9910559,0.9862161,0.9832885,0.97883254,0.98542863,0.9724292,0.9791794,0.98707724,0.9787488,0.9799484,0.9859797,0.98103374,0.98767316,0.98811847,0.98966724,0.9780961,0.9804447,0.9871321,0.98133767,0.98525786,0.9879161,0.9853169,0.95584875,0.98662853,0.98543376,0.98059374,0.98888844,0.8812246,0.9845807,0.98732746,0.99265975,0.9919632,0.98273927,0.97787285,0.9809077,0.989888,0.97681963,0.98811424,0.9867645,0.98011655,0.98224735,0.97424036,0.9879416,0.9804683,0.9886149,0.9825168,0.9863205,0.9859432,0.9797335,0.98424494,0.9891155,0.9879086,0.9853192,0.98079467,0.98415965,0.98165333,0.97399914,0.98242474,0.9850958,0.97939944,0.9899912,0.9807603,0.9753612,0.98378044,0.97511345,0.9818726,0.98787284,0.98052686,0.98400563,0.9831176,0.9887732,0.98546135,0.96894795,0.9886048,0.9838357,0.9847205,0.9886905,0.9854228,0.9841297,0.9698885,0.986507,0.98433703,0.98783815,0.977855,0.98382926,0.98440135,0.9893592,0.98540074,0.98299706,0.9812561,0.9891059,0.97877103,0.9890606,0.9876561
carve,0.9733852,0.9683367,0.97005635,0.97023803,0.9664231,0.9686221,0.94819516,0.9448748,0.9568329,0.96370864,0.9682716,0.97207755,0.96406823,0.9667819,0.9704301,0.970334,0.9711129,0.9725841,0.9648999,0.974309,0.9669525,0.963189,0.96816057,0.9660765,0.96795326,0.9707305,0.96493703,0.9681847,0.969005,0.96944195,0.9709151,0.95758194,0.9732245,0.94865096,0.9753822,0.9734057,0.97224367,0.96560025,0.97200614,0.96301025,0.9741516,0.97053605,0.9707746,0.9710449,0.9749016,0.9541729,0.9612098,0.9683908,0.97547454,0.96027654,0.96310264,0.9698788,0.9798781,0.95865786,0.97010744,0.97107166,0.9470001,0.97804254,0.9558794,0.9708084,0.97289205,0.96707094,0.9736095,0.97532207,0.9691807,0.9803,0.96987736,0.97011644,0.9593148,0.96794206,0.9660831,0.9712724,0.9582948,0.9804563,0.97416025,0.968074,0.97003824,0.97062415,0.9694931,0.9802619,0.97312933,0.97212875,0.9729884,0.9678777,0.97232234,0.97298414,0.9697399,0.97023994,0.971138,0.973987,0.9705184,0.9674364,0.9718702,0.9566866,0.9690802,0.97002953,0.9663309,0.96840495,0.9685664,0.97350824,0.9678531,0.9721134,0.978242,0.97749203,0.96250224,0.98258775,0.9674232,0.96196103,0.9715233,0.9708251,0.97245705,0.99999994,0.9775721,0.9623736,0.96703446,0.97262484,0.94896275,0.67862177,0.9658457,0.9749968,0.97190773,0.9722518,0.97355396,0.9721728,0.95255476,0.9670571,0.9746931,0.9711317,0.9691265,0.9701437,0.96740615,0.9732462,0.96746254,0.97412026,0.95828414,0.9655235,0.9720361,0.97292763,0.9731427,0.97389597,0.969197,0.96658945,0.9776377,0.9707352,0.9655986,0.9717487,0.9731823,0.97650677,0.97053397,0.9738357,0.96926636,0.9686597,0.97431284,0.9731109,0.9576682,0.9636047,0.96910924,0.96762305,0.97501963,0.9712978,0.9687422,0.95253664,0.96837646,0.9759696,0.9678018,0.9678908,0.9587206,0.965528,0.9718857,0.96810025,0.9571308,0.97112185,0.9701858,0.9699758,0.9594591,0.9751717,0.9704544,0.97368884,0.97339445,0.9808436,0.9711746,0.9724401,0.9601437,0.98275423,0.9770606,0.96313304,0.9670007,0.9728406,0.9591376,0.9735595,0.97534364,0.9731454,0.9849699,0.9699768,0.97129333,0.9697915,0.9738909,0.97624683,0.97389853,0.9434979,0.96890056,0.9722949,0.96475863,0.971539,0.8738312,0.97222483,0.97299385,0.9701175,0.97357386,0.96731454,0.9688736,0.96779543,0.97537726,0.9649567,0.97057587,0.96860546,0.97085387,0.97038996,0.96622074,0.9694514,0.98154074,0.9696821,0.9671764,0.96809214,0.97030723,0.9711126,0.97029984,0.97248596,0.9735344,0.9695969,0.9677349,0.9829428,0.9670759,0.98502386,0.9801806,0.96945876,0.98320895,0.97288394,0.9663835,0.9600387,0.9671612,0.9645009,0.96293455,0.97418374,0.9636246,0.97174436,0.9752029,0.9721981,0.9844647,0.9555077,0.9738211,0.9737979,0.97024715,0.9742919,0.97416365,0.9679118,0.95910877,0.9681963,0.97073644,0.9728315,0.9648505,0.97355527,0.967527,0.97455865,0.9742068,0.96513236,0.96497595,0.97118336,0.9647709,0.97310674,0.9722487
divide,0.98090416,0.97642535,0.9750429,0.9788361,0.97648156,0.974443,0.9589047,0.9567729,0.9702185,0.97148204,0.978558,0.978656,0.9682048,0.9710636,0.9794914,0.9740422,0.9794829,0.97900015,0.9739541,0.97678053,0.9735459,0.97193754,0.97306156,0.9739572,0.97756755,0.97812366,0.97524506,0.9746503,0.9783553,0.9785657,0.9809944,0.9700783,0.98057574,0.955857,0.97921246,0.97973734,0.98475707,0.97654843,0.98010767,0.96919346,0.9835417,0.9783469,0.97978604,0.9779096,0.98033285,0.9670856,0.9724143,0.973778,0.97743124,0.9686409,0.9738186,0.9735837,0.9792129,0.9797709,0.97833264,0.9787096,0.9551526,0.9839467,0.96272737,0.98190933,0.98033464,0.9734766,0.9847291,0.9808324,0.97643644,0.98806,0.97816205,0.98347515,0.967606,0.97680444,0.97274417,0.9780365,0.9669682,0.98930955,0.9801621,0.9768014,0.978759,0.9797682,0.979189,0.98981404,0.97124594,0.97985315,0.9791744,0.9769932,0.98131144,0.97905725,0.9765319,0.98035777,0.9792296,0.9819053,0.98060304,0.97431916,0.9810116,0.96443427,0.9778517,0.9776947,0.97391385,0.97591394,0.97277004,0.9821663,0.9751457,0.9819526,0.98567575,0.9825406,0.970952,0.9849995,0.97860503,0.97349423,0.9802058,0.98218733,0.980234,0.9775721,0.9999998,0.9692081,0.9784432,0.98008066,0.95370996,0.6711809,0.9744581,0.9793434,0.9802146,0.97954214,0.9790995,0.9797246,0.9618617,0.98061335,0.9871324,0.9798044,0.97598994,0.978187,0.9748693,0.9803269,0.9795563,0.9797911,0.9718527,0.97205997,0.97991,0.98114884,0.9811131,0.979079,0.97320724,0.9740284,0.98310083,0.97789705,0.97328687,0.9799008,0.9786114,0.9810799,0.97252333,0.97750574,0.98185986,0.9769076,0.9804695,0.97332275,0.9675313,0.97405964,0.97244996,0.9738169,0.98191494,0.9805623,0.97924864,0.9641413,0.9776776,0.9843007,0.97898716,0.9769208,0.96825033,0.97710365,0.98339635,0.9803226,0.9640316,0.97717744,0.98015124,0.98389477,0.9701302,0.98434097,0.9794904,0.9809569,0.97905946,0.9910175,0.9771928,0.9820284,0.96784776,0.99064475,0.9796589,0.9729655,0.9733903,0.9824607,0.96982276,0.9785681,0.98492163,0.98009086,0.99016976,0.9765872,0.98200315,0.9780762,0.9773978,0.98185396,0.97941816,0.94543445,0.97785485,0.98112315,0.97840494,0.98028064,0.87123513,0.9790651,0.97873634,0.97600675,0.9809835,0.97902673,0.9736538,0.9792768,0.9812139,0.97664577,0.98009986,0.98018175,0.97828513,0.98274314,0.9778032,0.9792837,0.9872019,0.9794388,0.9807822,0.97846913,0.97783613,0.9761314,0.980527,0.9810143,0.97941625,0.97566694,0.97264826,0.9881751,0.9791635,0.9859943,0.99080396,0.9772393,0.9890734,0.9811349,0.9767402,0.9746443,0.97707444,0.9722303,0.97664243,0.98002034,0.9760683,0.98061293,0.97881454,0.98125815,0.98644143,0.9658459,0.982562,0.97485965,0.9813223,0.9821639,0.9807055,0.97613406,0.96893805,0.97914743,0.97654057,0.98304504,0.97499585,0.97924566,0.9728829,0.9825015,0.9846318,0.9769976,0.9762406,0.9810041,0.9750617,0.9817458,0.98443425
meld,0.97731835,0.9727888,0.9748754,0.97667027,0.97090036,0.97346157,0.95367646,0.9501486,0.96299106,0.9738971,0.9706074,0.9765789,0.9677525,0.975207,0.9748353,0.97913224,0.97268724,0.9761692,0.9703678,0.9820926,0.96922463,0.96859384,0.9646778,0.9707532,0.97098,0.97816896,0.96820754,0.97616225,0.97516125,0.97478235,0.9738323,0.96452105,0.97415787,0.95124954,0.975967,0.97752106,0.9798525,0.9706792,0.9731059,0.9681412,0.97994804,0.97503304,0.9663104,0.97155625,0.9788295,0.96383566,0.96939,0.9677333,0.9746478,0.9625888,0.97038686,0.9691524,0.9565275,0.9523287,0.9745052,0.9706187,0.95790714,0.97948444,0.964317,0.97617245,0.97591394,0.9685686,0.9758379,0.97320825,0.9769021,0.9768991,0.97367376,0.9762088,0.9653574,0.97258383,0.96532553,0.97092646,0.9639928,0.9751084,0.97471565,0.97045916,0.9775445,0.97569865,0.970121,0.97753346,0.9553494,0.9759878,0.97428083,0.97068846,0.97678655,0.9764742,0.9732184,0.97564715,0.97328913,0.97464335,0.97527236,0.97029245,0.9737333,0.95856225,0.9796347,0.97096586,0.96974015,0.98169774,0.975007,0.9817866,0.9749834,0.9772278,0.9725497,0.97314405,0.9651752,0.96723896,0.97285026,0.96050346,0.9674368,0.9729042,0.97769946,0.9623736,0.9692081,1.0000002,0.9770009,0.9757698,0.9456087,0.65113014,0.97064847,0.97643375,0.9760717,0.9779303,0.9765091,0.97643906,0.962155,0.96839106,0.97509193,0.9808347,0.97446954,0.98224866,0.9718849,0.9774186,0.97583014,0.9779298,0.96610826,0.971074,0.9725341,0.977549,0.97536993,0.9762742,0.96906126,0.9795512,0.97123456,0.9799678,0.9652945,0.9793363,0.9736011,0.97437555,0.96823555,0.9726245,0.97672415,0.9704946,0.9772428,0.9724986,0.9631379,0.97177136,0.97650987,0.97118324,0.97741777,0.97307324,0.97409695,0.95826405,0.9757744,0.96513194,0.9742137,0.97142154,0.9657542,0.97351706,0.97342575,0.96872425,0.96225715,0.9703571,0.97451204,0.97524697,0.96609,0.9784492,0.97174686,0.97738725,0.9758683,0.97382957,0.9676511,0.9746445,0.9628115,0.9711537,0.9767604,0.9695597,0.971249,0.9769337,0.9646834,0.9764532,0.9762596,0.977717,0.9680348,0.9711429,0.975044,0.97559714,0.97297657,0.9775607,0.97454727,0.944415,0.97340363,0.97509843,0.98054767,0.9734993,0.87853265,0.97414684,0.97531444,0.9786709,0.9792163,0.97391295,0.9707172,0.9736717,0.977239,0.97288936,0.97535956,0.97586554,0.9676983,0.96933234,0.96665955,0.9743202,0.97143894,0.9774991,0.9823606,0.9729211,0.975661,0.96923095,0.9744757,0.9811132,0.97743434,0.97894174,0.97413,0.9743501,0.9726976,0.96595675,0.9710108,0.9755801,0.9710088,0.97689086,0.9710534,0.9696659,0.9765943,0.96679455,0.9716999,0.977482,0.9857115,0.9742415,0.97217804,0.98415196,0.9764704,0.9696573,0.9790071,0.97100955,0.974354,0.9798133,0.9753756,0.97289383,0.95754683,0.9723514,0.96950006,0.9771514,0.9712179,0.970782,0.96814346,0.97997445,0.9753767,0.9747544,0.97005427,0.9771559,0.98094976,0.9761647,0.98060125
swirl,0.9841278,0.9800636,0.98216575,0.97783893,0.9781345,0.97830546,0.96267265,0.9557056,0.97359324,0.98081803,0.98164064,0.98100775,0.97161007,0.9793948,0.98155224,0.9801454,0.9797159,0.9801263,0.978593,0.9815475,0.9729835,0.97661924,0.97250956,0.9771028,0.9782902,0.9821003,0.97635305,0.9802826,0.9842458,0.9762791,0.9821985,0.97469,0.9779393,0.96301156,0.9787433,0.9834007,0.9851175,0.97667176,0.98099595,0.97107,0.98471946,0.9801264,0.9783448,0.9814067,0.98503697,0.97363293,0.9768355,0.9738323,0.9787507,0.97086376,0.977819,0.97073245,0.96774024,0.9619765,0.9826466,0.974726,0.95568407,0.9842728,0.96847236,0.98597264,0.9825836,0.9779563,0.98212177,0.9799447,0.9778426,0.9826361,0.97729754,0.9818032,0.9724093,0.9762557,0.97266513,0.97886705,0.96672714,0.9841707,0.9778593,0.98245233,0.98358667,0.982866,0.9829842,0.98526603,0.960642,0.98411053,0.9838324,0.97871554,0.9828301,0.9831138,0.9832271,0.98851514,0.9800548,0.9803222,0.9829105,0.9789602,0.9816899,0.96747214,0.98884225,0.97957283,0.97646284,0.9785032,0.97605354,0.9845945,0.9770777,0.9856457,0.97891885,0.9765077,0.97561884,0.9747655,0.97984916,0.97008127,0.9765337,0.9831953,0.98113966,0.96703446,0.9784432,0.9770009,0.9999998,0.980252,0.9552478,0.66418374,0.9788502,0.9831715,0.986254,0.98124516,0.9816873,0.9828146,0.97205925,0.9745226,0.9796559,0.98079425,0.983467,0.99251074,0.98219645,0.98471427,0.97717804,0.98295474,0.9755626,0.9749456,0.9821652,0.98276997,0.9824376,0.9860792,0.97706354,0.9811228,0.97761846,0.9822509,0.97462857,0.98262423,0.9819502,0.9803338,0.9759788,0.9822676,0.987532,0.9786735,0.9842828,0.97931087,0.96697676,0.9778606,0.97994816,0.98334193,0.98466283,0.9792975,0.9814181,0.96377045,0.9813196,0.9757834,0.98540336,0.9804268,0.9714645,0.97797644,0.9810289,0.97654533,0.9684745,0.9773023,0.9818511,0.9818135,0.97156656,0.98489577,0.9829936,0.9823695,0.9793566,0.983414,0.9744266,0.98745054,0.9691437,0.9786124,0.9830422,0.9825789,0.9763751,0.9875658,0.9722262,0.9827099,0.9876236,0.9833029,0.97874284,0.97788215,0.9800512,0.98290116,0.98066074,0.9848773,0.9768047,0.94999886,0.97628754,0.98405474,0.98407894,0.97896814,0.87732184,0.9779868,0.9815602,0.9802903,0.9842242,0.98330104,0.97521913,0.9818694,0.98380107,0.979536,0.98155767,0.9835304,0.97820705,0.97631544,0.9702062,0.9841562,0.9813736,0.981628,0.98154044,0.9818648,0.9827161,0.97530246,0.9822835,0.98923326,0.9864418,0.97939384,0.9773356,0.98216695,0.9862895,0.97403574,0.9802611,0.97947305,0.9801986,0.98370165,0.97679156,0.9777477,0.9827358,0.9723748,0.98365444,0.9844416,0.98316216,0.98689634,0.9783805,0.9907425,0.98255193,0.9730919,0.9864447,0.9780009,0.98323655,0.9874874,0.983318,0.98464704,0.97282875,0.98154676,0.97976995,0.9859474,0.9824445,0.97690135,0.97622234,0.9850118,0.9850907,0.9853252,0.9830094,0.98404294,0.9749257,0.98470646,0.9853957
thicken,0.9889272,0.98446286,0.98970085,0.9839697,0.9835436,0.9820792,0.96762186,0.9627537,0.97475266,0.980027,0.98059344,0.9866373,0.9761099,0.9806339,0.9855521,0.98854923,0.98708427,0.98814905,0.978691,0.98795927,0.98,0.9792827,0.9784749,0.9848094,0.9832628,0.9856356,0.98888767,0.98520327,0.9853466,0.9821496,0.9944004,0.98114437,0.98069924,0.9602806,0.9856094,0.9870606,0.98986197,0.9805637,0.98365533,0.9810569,0.986677,0.9890345,0.98740983,0.9854672,0.99210405,0.97311604,0.98196507,0.9808999,0.984782,0.9742441,0.97872406,0.97992384,0.96959233,0.9672656,0.98181725,0.9797592,0.9562005,0.987314,0.9728766,0.98621637,0.9869425,0.98241657,0.99110276,0.98519903,0.98657125,0.9911766,0.98851293,0.98883355,0.9756781,0.9819276,0.98065835,0.9834094,0.9763106,0.9864384,0.9851591,0.9810314,0.98567647,0.9909474,0.98392355,0.9903654,0.95997244,0.98865616,0.99100614,0.97840255,0.9876633,0.9929339,0.9854333,0.98410064,0.9918309,0.99083006,0.98485005,0.9882445,0.9882052,0.9717305,0.9826591,0.987584,0.98204356,0.98424715,0.98921037,0.9909689,0.98190755,0.9903995,0.9850579,0.98208064,0.9758963,0.9789794,0.9870706,0.9719371,0.97780067,0.9839819,0.9907604,0.97262484,0.98008066,0.9757698,0.980252,0.9999999,0.9621266,0.6682254,0.98289883,0.989993,0.986259,0.9863784,0.98728013,0.98738635,0.9682714,0.97890764,0.985122,0.9864578,0.9852877,0.9844949,0.9797019,0.98671746,0.97799265,0.9874459,0.9823979,0.9810272,0.98169523,0.987203,0.98375344,0.98976594,0.9872502,0.98111635,0.9821372,0.9880913,0.97803235,0.99042135,0.9851227,0.9859962,0.9787596,0.98902637,0.98688996,0.9885024,0.99257976,0.9788057,0.971754,0.9788096,0.9796429,0.9803052,0.9891751,0.98505855,0.9849455,0.9656573,0.9875581,0.9793931,0.98402154,0.98162,0.97600496,0.98486096,0.9849436,0.98229575,0.97136676,0.98256755,0.98556113,0.98303944,0.9792556,0.98985165,0.9903687,0.9939252,0.98857856,0.9857649,0.9782163,0.9862848,0.9733429,0.98121136,0.98611456,0.9776951,0.9806298,0.98562735,0.97992253,0.98819345,0.9861675,0.9905794,0.98053795,0.9796252,0.9846154,0.982615,0.9848527,0.98887587,0.9836814,0.95506674,0.9834632,0.98562723,0.98006606,0.9874508,0.88041204,0.9838305,0.9832346,0.9831485,0.9936353,0.9830138,0.9782459,0.9812966,0.99196684,0.97755283,0.98831654,0.9870553,0.9820835,0.98196656,0.9762695,0.98510206,0.9856186,0.9860891,0.9812447,0.9847106,0.98357874,0.9811149,0.9862478,0.9883362,0.9888333,0.98322153,0.9818741,0.9889611,0.9805748,0.9765122,0.98350585,0.984268,0.98247164,0.9931161,0.97995406,0.97636,0.982721,0.97941875,0.9807899,0.9905719,0.9804294,0.9838478,0.98352486,0.9875276,0.98704433,0.9679653,0.98748285,0.9834691,0.98567766,0.98954713,0.98748434,0.98220086,0.9723792,0.98871684,0.9832866,0.9906449,0.97832453,0.9841449,0.98302865,0.9894472,0.9854989,0.9820824,0.9794769,0.9884667,0.9773922,0.9876045,0.98668265
garnish,0.9568126,0.9579019,0.95626885,0.9543238,0.95174265,0.9534151,0.93731636,0.9393493,0.93750966,0.94753104,0.9561161,0.95402664,0.94174606,0.94809574,0.9563467,0.9566919,0.95883816,0.95802754,0.94851094,0.9550646,0.9580367,0.94848984,0.94223547,0.9538521,0.9548169,0.955421,0.9602258,0.9540832,0.95947206,0.9540291,0.9635444,0.9585744,0.9438076,0.93438125,0.9531317,0.9562262,0.96000344,0.9507175,0.9529747,0.9467463,0.961797,0.9516934,0.9577665,0.954631,0.9668537,0.9473823,0.9548437,0.956626,0.9537758,0.9423393,0.953851,0.9451405,0.9411401,0.9451445,0.9537781,0.9516048,0.9336875,0.95636696,0.9638279,0.9630291,0.9555529,0.9546144,0.95940495,0.95678264,0.95509565,0.959063,0.96282506,0.95852906,0.95041233,0.9544343,0.9539792,0.95634466,0.9599641,0.95807904,0.9589192,0.9497124,0.9573957,0.9661262,0.95537335,0.9583694,0.9310834,0.96300423,0.9637604,0.95440704,0.95989925,0.95915306,0.9598752,0.9605591,0.9618593,0.95692384,0.9563684,0.9615293,0.95768815,0.94747525,0.95464474,0.95522,0.94935393,0.9593756,0.9571604,0.95801926,0.9533924,0.9591288,0.9526017,0.9513715,0.9503718,0.95071524,0.9586813,0.96591103,0.95124626,0.9584092,0.96336687,0.94896275,0.95370996,0.9456087,0.9552478,0.9621266,1.0000002,0.657824,0.9578228,0.9564727,0.9607825,0.957684,0.95555526,0.9568502,0.94131047,0.950339,0.9547535,0.96096367,0.95638496,0.95747143,0.9545895,0.9571575,0.9548989,0.9586458,0.94975835,0.9572921,0.9606617,0.95423454,0.95383185,0.95733017,0.95227844,0.9575014,0.9484191,0.96431,0.94454765,0.96266526,0.9574826,0.9581952,0.9529526,0.952384,0.9588576,0.9537577,0.96606284,0.95944965,0.945012,0.9541104,0.95425266,0.9554222,0.95558256,0.95469534,0.95528716,0.9381847,0.95952606,0.9472975,0.9600946,0.95211315,0.9487136,0.9564075,0.95686257,0.9545192,0.9455216,0.94801944,0.95778805,0.9536678,0.9519681,0.9601609,0.95778644,0.96348906,0.96259683,0.95704305,0.9533381,0.9611439,0.94773597,0.95308495,0.95684373,0.9559812,0.951126,0.95703393,0.959944,0.9550565,0.95955026,0.9604959,0.9513585,0.9551455,0.95550233,0.9568624,0.9535771,0.9561125,0.9590365,0.9289068,0.95505106,0.95476717,0.95181304,0.9578637,0.8549397,0.9532756,0.96077913,0.9550297,0.95945734,0.9580816,0.9506758,0.9543744,0.9575567,0.95114696,0.958769,0.9626387,0.9555575,0.95396876,0.9440738,0.9572304,0.95328575,0.95400053,0.9516419,0.95887035,0.96081173,0.95543236,0.9532931,0.96299905,0.9578161,0.9625147,0.9605143,0.95690715,0.95358723,0.94711435,0.95582646,0.955357,0.9556452,0.9661364,0.951601,0.94916344,0.95701677,0.94331354,0.95652246,0.9575594,0.94791543,0.95523787,0.9579841,0.9597107,0.95892406,0.9444756,0.9585451,0.9586835,0.95891196,0.9589169,0.9533975,0.95577455,0.94759905,0.95888567,0.9577898,0.96347046,0.9533833,0.9755612,0.950761,0.9598446,0.95788145,0.95504564,0.9550796,0.96850735,0.9473226,0.9586196,0.9563044
,0.6725194,0.66328037,0.6643222,0.6702704,0.67338645,0.6655877,0.6388922,0.641255,0.6617807,0.67192477,0.6661484,0.66673,0.66775995,0.6757108,0.6548349,0.6502235,0.66502786,0.66385394,0.6583361,0.6610409,0.6807367,0.6560894,0.66977614,0.6792344,0.66888064,0.66719604,0.66666305,0.6636315,0.6586897,0.65546733,0.66754365,0.6650913,0.6711448,0.65691125,0.6820947,0.67520005,0.6695898,0.6699475,0.67280835,0.6583664,0.6702208,0.6706143,0.67505455,0.6741549,0.6656674,0.6552898,0.67214024,0.6669645,0.6793798,0.6646373,0.6680515,0.6738065,0.64709073,0.6756446,0.66973007,0.67392516,0.63292146,0.65693706,0.67621213,0.6576596,0.6791507,0.6750323,0.6631217,0.6639641,0.661495,0.6665064,0.67413443,0.66002655,0.66190755,0.67630166,0.6682312,0.66258484,0.66914153,0.6676094,0.6495628,0.66130644,0.6654248,0.68042105,0.6606234,0.6623157,0.6614893,0.6620516,0.6647131,0.6762827,0.6570963,0.65931743,0.68232536,0.662422,0.6658572,0.6756916,0.6570066,0.6611427,0.6606402,0.6669983,0.654182,0.65992504,0.65339977,0.6599429,0.6569083,0.66354984,0.6677923,0.66485727,0.6680795,0.673901,0.66718227,0.6613238,0.65652394,0.6700769,0.6562182,0.6594317,0.6721297,0.67862177,0.6711809,0.65113014,0.66418374,0.6682254,0.657824,0.99999994,0.6770822,0.6837493,0.6743368,0.6636868,0.6769119,0.6656508,0.652652,0.66318905,0.6506172,0.65680933,0.65958804,0.67066693,0.6665518,0.66349244,0.66415113,0.67112166,0.6666135,0.6582867,0.65867394,0.66166025,0.66993433,0.6793451,0.6630595,0.6490241,0.65728915,0.6567412,0.66572183,0.65949124,0.6719007,0.66174173,0.662339,0.67197806,0.6681261,0.6506322,0.66901445,0.65867376,0.6729468,0.6712933,0.65501124,0.6750203,0.6749139,0.64840364,0.651637,0.6465972,0.6786193,0.6685666,0.656447,0.6559845,0.66617626,0.6657677,0.6561965,0.66600424,0.6554761,0.6642382,0.6560553,0.65445304,0.6499807,0.6600895,0.6709288,0.66879267,0.6686049,0.6749845,0.6642973,0.6587435,0.6486191,0.6662285,0.67507315,0.65832615,0.6672388,0.67100006,0.66254854,0.67204916,0.6652525,0.68313915,0.67795867,0.66061926,0.6490038,0.6479783,0.6802769,0.67897165,0.662745,0.65054756,0.6437735,0.6710629,0.66287625,0.65952927,0.60168993,0.6818753,0.6587739,0.6679948,0.66309404,0.67617303,0.67020845,0.6761329,0.67438513,0.6604636,0.66095763,0.6626159,0.6637409,0.6680323,0.6651124,0.66477495,0.6666217,0.6639967,0.657149,0.66046387,0.6620419,0.6681771,0.66629344,0.6722223,0.6783698,0.6592463,0.6644703,0.6695487,0.65464973,0.67666787,0.6760553,0.6613369,0.6741945,0.6779062,0.654179,0.6700922,0.6650957,0.6697834,0.670592,0.68284154,0.6691812,0.6600212,0.653843,0.66756415,0.6757659,0.64726424,0.66747,0.6739317,0.67869115,0.67644763,0.67162937,0.6638993,0.64048076,0.6590748,0.66526,0.6657802,0.66422737,0.6654036,0.67704463,0.6728579,0.6590751,0.65939903,0.6527169,0.65470046,0.66477585,0.6529007,0.6709626
thaw,0.9829006,0.9844727,0.9774723,0.978541,0.9758819,0.9769639,0.9752721,0.95982575,0.9694476,0.9743968,0.9805672,0.97912055,0.9672616,0.9736608,0.97996444,0.97866875,0.9798017,0.98187655,0.9760499,0.97853357,0.97320443,0.96954465,0.97054344,0.97525316,0.977462,0.9783138,0.97323346,0.98078185,0.9815119,0.9727621,0.98753834,0.97660977,0.9742244,0.96668226,0.97908103,0.982019,0.9841228,0.9761371,0.97714233,0.97152853,0.9841404,0.978852,0.9812025,0.9764363,0.98422843,0.97456247,0.9978736,0.97320384,0.97912675,0.9685298,0.97592044,0.97095644,0.9596393,0.96425265,0.97683537,0.97395396,0.95153326,0.97974855,0.97152394,0.981332,0.98115337,0.98571956,0.98386884,0.9774844,0.9765526,0.9830585,0.98903096,0.9812507,0.96650773,0.9742759,0.97235924,0.9808378,0.9682415,0.9804224,0.9776961,0.97454256,0.9828242,0.9801998,0.98095113,0.98242223,0.95915174,0.9884514,0.97917473,0.9772136,0.9838622,0.9842371,0.9794334,0.98378307,0.9793231,0.97985744,0.9808073,0.9770948,0.9831006,0.97672564,0.9795737,0.9795187,0.9810586,0.9775114,0.97377205,0.98040485,0.9725272,0.9863653,0.97557855,0.97516644,0.96986806,0.97227794,0.9853271,0.97240376,0.9791063,0.98213685,0.9839528,0.9658457,0.9744581,0.97064847,0.9788502,0.98289883,0.9578228,0.6770822,1.0,0.9811502,0.98748493,0.9838464,0.9792467,0.98609155,0.9685651,0.97335094,0.97902536,0.9774166,0.97985744,0.9794974,0.9726139,0.9861852,0.9724658,0.98549265,0.9802654,0.9720931,0.9836967,0.979717,0.9808581,0.98129207,0.9797089,0.97518873,0.9736409,0.9829969,0.9737665,0.98710686,0.9789873,0.97904515,0.9765729,0.9821595,0.9872568,0.9781615,0.98179656,0.9779051,0.9665398,0.9780302,0.97271657,0.9750012,0.98088294,0.9813804,0.98003733,0.96264464,0.983638,0.97393465,0.9838424,0.97737384,0.9750372,0.97792566,0.97915226,0.97402793,0.9753751,0.9766669,0.9797651,0.97935474,0.9691005,0.98325807,0.9867947,0.98276657,0.98200786,0.9796847,0.9732865,0.97976387,0.9675932,0.9738907,0.9804531,0.9837575,0.97442967,0.98353916,0.9695916,0.980826,0.98179615,0.983941,0.9730116,0.97761446,0.9796003,0.9756763,0.9804072,0.9812893,0.979632,0.9486331,0.97770315,0.9802654,0.975175,0.980287,0.8740367,0.98230606,0.9843674,0.9773441,0.9830904,0.98359495,0.97829986,0.9790302,0.98056877,0.9743295,0.9851319,0.98324955,0.97449136,0.973933,0.9701761,0.9819768,0.9780154,0.9791522,0.97707266,0.9798984,0.98470604,0.9765408,0.97940534,0.9822956,0.98086804,0.97742915,0.97764516,0.98037446,0.97668195,0.97063804,0.9811622,0.976569,0.9786856,0.9814854,0.9770855,0.97176677,0.9822086,0.971079,0.9841027,0.98133564,0.9725307,0.98150396,0.9816244,0.98216116,0.98044956,0.9675584,0.9851356,0.97754955,0.98221844,0.9837441,0.97898823,0.9814247,0.96887857,0.98567355,0.97690207,0.98232234,0.97714794,0.97874105,0.97689444,0.984613,0.97992206,0.9767258,0.98064476,0.9843573,0.97355604,0.9819507,0.9799647
braise,0.992472,0.9861025,0.9873143,0.9836055,0.9840523,0.98444414,0.9674412,0.9637215,0.9743411,0.98012793,0.9820799,0.989871,0.97676253,0.9843193,0.9860637,0.98687214,0.9854863,0.9863809,0.9827838,0.99032444,0.9828472,0.9781178,0.98850936,0.9873336,0.9856585,0.9896911,0.9841058,0.9874269,0.98424023,0.9850348,0.9888764,0.9777967,0.98727566,0.9644966,0.9896316,0.9940419,0.98984003,0.9798727,0.9895744,0.97819465,0.987456,0.98902446,0.9855649,0.9873619,0.992054,0.9731757,0.9791164,0.9814121,0.98951113,0.9781429,0.9808389,0.9866799,0.97019535,0.96610636,0.98805004,0.9822022,0.9612035,0.9883253,0.969733,0.98595876,0.9929836,0.9824484,0.9859058,0.9852651,0.9864681,0.9864705,0.9846577,0.9868124,0.97753376,0.985902,0.98126066,0.98500335,0.9717243,0.9859047,0.9831631,0.98676956,0.9857651,0.98804665,0.98589927,0.9846628,0.96042055,0.9885528,0.9881597,0.9789253,0.9877769,0.9908108,0.99048704,0.98892504,0.9892798,0.99039733,0.9861138,0.9849408,0.9862362,0.9721563,0.9869677,0.986259,0.98269224,0.9878368,0.986968,0.9889777,0.9863894,0.9896037,0.9812189,0.9812336,0.9788681,0.9786543,0.9851491,0.9725587,0.97767735,0.98649293,0.9873654,0.9749968,0.9793434,0.97643375,0.9831715,0.989993,0.9564727,0.6837493,0.9811502,1.0000001,0.98823506,0.9876572,0.99305063,0.98911685,0.9704237,0.9792653,0.9839164,0.98712134,0.98585445,0.9849077,0.98177385,0.9892818,0.9795951,0.9887035,0.981527,0.9850324,0.9831493,0.99017787,0.9875696,0.99374646,0.9879246,0.98298573,0.9820269,0.98810136,0.9853468,0.9875596,0.98607665,0.984811,0.98304296,0.9921031,0.98726815,0.98223203,0.9903666,0.9812062,0.9716219,0.9800891,0.980131,0.98995894,0.9930025,0.9851602,0.9829483,0.96761423,0.98809475,0.9792239,0.98564833,0.9815625,0.97776943,0.98441136,0.98318964,0.98064744,0.971453,0.9867441,0.9845317,0.9819038,0.97598,0.98616016,0.989598,0.9906087,0.98822093,0.9855017,0.97856253,0.9866992,0.9784307,0.98117006,0.9887894,0.98001903,0.98094827,0.9875925,0.974319,0.9897586,0.99055487,0.9944334,0.9799525,0.9809935,0.984596,0.98340917,0.98720527,0.9952699,0.9828144,0.95518625,0.9817693,0.98846686,0.98008835,0.9869023,0.88321424,0.98373675,0.98561466,0.98326916,0.99240035,0.9859914,0.98380446,0.9852953,0.9936333,0.9829386,0.9886169,0.9851875,0.9870028,0.9801325,0.9780633,0.9838199,0.98396534,0.98600334,0.9813441,0.98466057,0.98556185,0.9831504,0.98703367,0.9872324,0.9937685,0.98384535,0.9824821,0.9852668,0.9834211,0.97716224,0.9845182,0.98464,0.9833571,0.9902925,0.9809411,0.9802468,0.9821334,0.9815959,0.9822454,0.9971654,0.9809537,0.9860132,0.9813011,0.9887675,0.98880965,0.97432125,0.9903271,0.9857878,0.98812044,0.9946185,0.9939168,0.9848362,0.9730163,0.9867378,0.98659575,0.98937666,0.9819276,0.9832701,0.9865481,0.9909748,0.98661953,0.98300385,0.9814704,0.9868337,0.97891104,0.9867633,0.989501
uncover,0.9934122,0.9857882,0.98447233,0.98109215,0.9816244,0.9823855,0.9686661,0.9630106,0.97471166,0.9837808,0.98773146,0.9855782,0.97291905,0.98275226,0.98360974,0.9833838,0.98367673,0.9834109,0.98441464,0.9854611,0.9797485,0.9782908,0.9810762,0.98299605,0.98341507,0.9884616,0.97884727,0.98725826,0.98667586,0.98113286,0.98829716,0.9775848,0.9832277,0.9707516,0.9878469,0.9909015,0.99088657,0.9818643,0.9862926,0.9756078,0.9876152,0.9840361,0.98327506,0.9824467,0.99092597,0.9749169,0.9868712,0.9777079,0.9851628,0.97616667,0.9817056,0.9794581,0.9676531,0.9680809,0.98638064,0.97980756,0.9619702,0.988577,0.9752836,0.9892617,0.9891712,0.98553544,0.9863873,0.98675126,0.9835408,0.9867532,0.9851517,0.9890698,0.9758981,0.98315185,0.9801028,0.98322016,0.9735285,0.9862443,0.98226076,0.9863835,0.9893091,0.986432,0.987842,0.98648506,0.96388173,0.9929038,0.98627454,0.9847506,0.9861585,0.98779434,0.9853398,0.9903412,0.98566085,0.9874654,0.987847,0.98136693,0.98647857,0.97524595,0.9878001,0.9836852,0.98067707,0.9835313,0.98005843,0.9851412,0.98200643,0.988992,0.9814957,0.98004967,0.9758564,0.98067296,0.986867,0.9743824,0.9820004,0.990574,0.9862702,0.97190773,0.9802146,0.9760717,0.986254,0.986259,0.9607825,0.6743368,0.98748493,0.98823506,0.9999998,0.99003035,0.9867656,0.9894088,0.97750324,0.98123497,0.98299676,0.9851245,0.99116856,0.9852346,0.98255396,0.9899846,0.98177475,0.9889284,0.9803662,0.979138,0.9902984,0.98831004,0.9894492,0.98724264,0.9834238,0.9826171,0.98054844,0.99012935,0.9826565,0.98846424,0.9870352,0.9830615,0.9802795,0.9881036,0.9899528,0.9834258,0.9872983,0.98489356,0.97189665,0.98285186,0.98058933,0.98348546,0.9892967,0.98444676,0.9832743,0.967968,0.9893003,0.9801326,0.9916051,0.9841416,0.9769582,0.98191464,0.9834191,0.97870713,0.9715659,0.9839663,0.9842597,0.98370355,0.97561485,0.989572,0.9887049,0.9897536,0.9891123,0.98658717,0.9783172,0.9867647,0.97757953,0.98154974,0.9879216,0.99000967,0.98022556,0.99222136,0.975783,0.98566735,0.9894234,0.98838794,0.97969186,0.981901,0.9845468,0.98408973,0.9874685,0.9909257,0.9839694,0.95505434,0.98190975,0.9892609,0.9812291,0.9849784,0.8815067,0.9852291,0.9872657,0.9833855,0.9879353,0.9904465,0.9858653,0.9888422,0.9873824,0.9833827,0.99038833,0.9876302,0.9840853,0.9822508,0.97882164,0.9857216,0.9843657,0.98622197,0.98124504,0.987608,0.9928621,0.9834673,0.9864292,0.98971355,0.9887795,0.9859708,0.9805297,0.9854811,0.9844632,0.97721833,0.9857797,0.9827105,0.9839587,0.9888675,0.9838339,0.98082083,0.98815775,0.97886664,0.9938125,0.986979,0.98039436,0.98901343,0.98220783,0.9898993,0.9891404,0.9759997,0.9919458,0.9830152,0.9903819,0.99072194,0.98868203,0.9920809,0.9754784,0.988101,0.9823214,0.9886276,0.992299,0.9820623,0.9797948,0.9901431,0.98699445,0.98330885,0.98972905,0.989573,0.9775897,0.9876997,0.98884416
process,0.9896171,0.9872647,0.9828343,0.985849,0.98068684,0.9849503,0.96804345,0.9675649,0.97408354,0.9818346,0.98594534,0.9918583,0.97465575,0.9812725,0.9859979,0.98508024,0.98575824,0.9859993,0.98348707,0.9852911,0.98026973,0.97584504,0.9774789,0.98311496,0.9875198,0.9867063,0.98018616,0.9866296,0.9876604,0.9819755,0.98694634,0.9774044,0.9819494,0.9679249,0.9861822,0.98913,0.9897567,0.98089755,0.98591775,0.9764256,0.9889254,0.9849457,0.9834559,0.9818649,0.9884637,0.97703344,0.9822013,0.9814289,0.98560536,0.97292805,0.9826983,0.98249924,0.9669583,0.9671133,0.9822032,0.98243076,0.96113306,0.9877218,0.97334975,0.9881423,0.9885793,0.98258567,0.9896071,0.98623097,0.98408675,0.98868096,0.9841692,0.9894286,0.97740483,0.98254234,0.9796993,0.98983246,0.9711767,0.9860987,0.98748386,0.98020303,0.9872045,0.986129,0.98552793,0.98645025,0.9602304,0.98974293,0.98475933,0.98360705,0.9894604,0.98704726,0.98440295,0.9876653,0.98484993,0.9872055,0.9857133,0.98251593,0.9890042,0.9771374,0.9854586,0.98765063,0.9828377,0.9860773,0.9797073,0.9863338,0.98179483,0.9882001,0.98196864,0.982219,0.97552466,0.9773158,0.98497856,0.9779265,0.9803366,0.9897992,0.9881775,0.9722518,0.97954214,0.9779303,0.98124516,0.9863784,0.957684,0.6636868,0.9838464,0.9876572,0.99003035,0.9999999,0.98616546,0.9890887,0.972652,0.98034745,0.9877605,0.9847376,0.983633,0.9848322,0.9807685,0.98889023,0.97741634,0.98989505,0.97945786,0.979988,0.98709667,0.9902668,0.9880059,0.98659945,0.98604304,0.9829826,0.98226076,0.98823404,0.9810054,0.9867323,0.9851217,0.9851377,0.9826257,0.9859957,0.9888294,0.9880048,0.9868305,0.98512375,0.97413194,0.9805163,0.9839502,0.98177,0.9879481,0.9930084,0.9878115,0.972363,0.9855994,0.98058325,0.9882839,0.9808966,0.9748216,0.9849964,0.98796123,0.9828423,0.9773308,0.9853082,0.9861351,0.9841049,0.9744435,0.9916293,0.98767704,0.9888025,0.9875566,0.9872047,0.9805714,0.9862741,0.97040796,0.98253554,0.98867124,0.9832132,0.9801606,0.98993444,0.97327864,0.9868683,0.9894838,0.987739,0.9786118,0.98555964,0.9904195,0.9823127,0.98606443,0.9889305,0.9857358,0.94693637,0.9874248,0.990416,0.982906,0.9915872,0.88253796,0.9867311,0.990029,0.98574525,0.99028975,0.98763055,0.9832624,0.9867445,0.9869361,0.9818465,0.9908177,0.9845963,0.9804166,0.9814739,0.97810924,0.98533046,0.98299533,0.98353946,0.98690444,0.986216,0.99081993,0.98284346,0.98405564,0.98742056,0.9879453,0.9837274,0.9794224,0.98525804,0.98314476,0.97843915,0.98478985,0.9851732,0.9833415,0.9862679,0.98090976,0.9791292,0.9822419,0.9773879,0.98694557,0.9875013,0.98075384,0.986275,0.9809852,0.98818886,0.9902427,0.9717858,0.988815,0.9842492,0.9871634,0.99079216,0.98706824,0.98804086,0.97118217,0.9852615,0.98412824,0.98747176,0.98414475,0.9839126,0.98609734,0.99169695,0.9869913,0.9840244,0.9837553,0.9875759,0.9843038,0.9877808,0.9862232
bake,0.98913085,0.9844762,0.98442304,0.981721,0.98288673,0.9812604,0.9660578,0.9629269,0.9716103,0.97920704,0.98022527,0.9887001,0.9751945,0.98358727,0.98200566,0.9853743,0.9840752,0.9850638,0.98207736,0.98939216,0.9839243,0.97776,0.98176533,0.98969334,0.98146045,0.9876904,0.9831835,0.98604834,0.98244774,0.986639,0.9871917,0.9756101,0.9841775,0.9622009,0.98868847,0.9924352,0.99046296,0.97850585,0.9894823,0.97764534,0.985637,0.9909402,0.9822529,0.9856542,0.98924404,0.97158635,0.97805226,0.98023117,0.99130094,0.9747058,0.9802309,0.98369575,0.9696282,0.96347046,0.98484683,0.98541963,0.96088946,0.9883315,0.9697098,0.9849841,0.99542034,0.9810986,0.9851636,0.98365057,0.98459315,0.9855205,0.98415536,0.98431045,0.97832,0.9898569,0.97952473,0.98464954,0.9726028,0.9856881,0.9830072,0.9829022,0.98460865,0.9866023,0.9867237,0.9847272,0.95889837,0.98604685,0.9865745,0.9803993,0.9854857,0.9869101,0.9868806,0.98560584,0.9872194,0.98687,0.98418874,0.9820818,0.9861689,0.9729688,0.98353845,0.9878262,0.98111504,0.9862373,0.9838644,0.98751616,0.9920182,0.9871938,0.9811931,0.9797917,0.9770849,0.9779771,0.98381335,0.970221,0.97715455,0.9842238,0.986323,0.97355396,0.9790995,0.9765091,0.9816873,0.98728013,0.95555526,0.6769119,0.9792467,0.99305063,0.9867656,0.98616546,1.0000001,0.9883027,0.96859074,0.97779334,0.98497605,0.98841447,0.983065,0.983437,0.98070776,0.9884706,0.9770978,0.98927104,0.97989386,0.9844749,0.9818778,0.98708415,0.9864043,0.99098855,0.9848633,0.9818928,0.98029536,0.98508924,0.9854792,0.9855728,0.9846128,0.9844783,0.9849754,0.98873717,0.98519415,0.9815773,0.98845416,0.9801635,0.97306424,0.97804874,0.97861636,0.9890164,0.9917087,0.9827227,0.9825154,0.9659796,0.9848434,0.97727084,0.9830684,0.98027843,0.9760897,0.98416686,0.9829769,0.9813428,0.97175187,0.984647,0.98321486,0.9824245,0.975273,0.98578393,0.98746717,0.98830056,0.98701364,0.9850525,0.9792462,0.98505384,0.97288,0.9809047,0.98835176,0.9790607,0.979943,0.9860912,0.97478014,0.9896035,0.98855793,0.9923152,0.9799136,0.9807824,0.9843192,0.9829783,0.9871138,0.9961853,0.98276794,0.95559967,0.98300946,0.9872481,0.9811088,0.98324937,0.8841265,0.98241955,0.98462415,0.9833207,0.9925975,0.9838205,0.98050547,0.9858821,0.9917446,0.980103,0.9878337,0.98258454,0.9842207,0.9791931,0.9758725,0.9826912,0.9837859,0.9840504,0.98129845,0.9816773,0.98359823,0.9838615,0.9850925,0.9866969,0.9926354,0.98429453,0.9828878,0.98455596,0.9803562,0.97609395,0.98281074,0.98330283,0.98148376,0.9887893,0.9797337,0.9779896,0.97991997,0.9802636,0.9812784,0.99276054,0.9790508,0.98389643,0.9809645,0.98618793,0.98647547,0.9705744,0.9880307,0.9909832,0.988177,0.9933326,0.99259037,0.982275,0.9724822,0.9853326,0.98760384,0.9878909,0.97876906,0.9826158,0.98670477,0.99210733,0.98628813,0.98052317,0.97990227,0.9848334,0.9766528,0.9852613,0.98902315
rinse,0.9907459,0.98669165,0.985201,0.98228323,0.98339164,0.9817789,0.9792484,0.96386355,0.98043084,0.981899,0.9849877,0.98698574,0.9746356,0.98368335,0.9830031,0.9858958,0.98751074,0.9861329,0.9810802,0.9866066,0.98202676,0.9770193,0.9779344,0.98392135,0.98192656,0.98773324,0.9837813,0.98822373,0.98451555,0.9815887,0.9904168,0.9832091,0.9815042,0.963211,0.98646367,0.9891862,0.9888804,0.98045856,0.9836753,0.9774003,0.9870572,0.9865863,0.9838922,0.9885222,0.9898524,0.98162735,0.9847896,0.9811881,0.98413867,0.9734763,0.9790471,0.9807491,0.96879697,0.969096,0.98493993,0.9822072,0.9614953,0.989401,0.969294,0.9858698,0.9883921,0.98292327,0.9862856,0.9877366,0.9828056,0.985242,0.98522705,0.9876298,0.9782787,0.9826351,0.97821105,0.984651,0.97121966,0.9856664,0.98295176,0.9818029,0.984981,0.9881322,0.98533285,0.9859169,0.9618059,0.9929046,0.98823667,0.9810524,0.9873718,0.9902078,0.98552465,0.98762715,0.9891579,0.9874284,0.9855299,0.9862435,0.98633665,0.97887564,0.9860799,0.98548657,0.9919531,0.98507035,0.981392,0.9883732,0.98349345,0.9883161,0.9808341,0.9824174,0.9776501,0.9798891,0.9903634,0.97033954,0.9833419,0.9872594,0.9868459,0.9721728,0.9797246,0.97643906,0.9828146,0.98738635,0.9568502,0.6656508,0.98609155,0.98911685,0.9894088,0.9890887,0.9883027,1.0,0.9693442,0.98188615,0.9834285,0.9849961,0.98229104,0.9848571,0.98057795,0.9976205,0.97894484,0.9969924,0.9816435,0.98095584,0.98750323,0.98854107,0.98803204,0.9900026,0.9859988,0.98095906,0.9848979,0.9874728,0.9779013,0.99074584,0.9845831,0.9842666,0.9816034,0.9868078,0.9870509,0.9843213,0.9898171,0.97928655,0.97233033,0.9809264,0.979202,0.98357105,0.98881894,0.98518693,0.98319364,0.96887004,0.9879349,0.977205,0.98926973,0.9817039,0.9803091,0.9828787,0.9839562,0.9789305,0.98368526,0.98218477,0.9824159,0.98225063,0.97554356,0.9879454,0.990817,0.99187416,0.98848516,0.9852688,0.98073316,0.9875202,0.97374207,0.9805092,0.9867138,0.98302084,0.98023987,0.98764145,0.9793653,0.98770285,0.98917127,0.9909683,0.9789015,0.9783759,0.9843316,0.9825677,0.985227,0.9896247,0.9828697,0.95533836,0.9834415,0.9893427,0.9805172,0.9864859,0.8779381,0.9824863,0.98786443,0.9825365,0.989463,0.9865822,0.9828508,0.9843171,0.98992234,0.980337,0.9910508,0.9837427,0.981629,0.98291665,0.9751756,0.98471653,0.9830323,0.98503435,0.9840212,0.9844568,0.98899287,0.98362285,0.9868492,0.9870159,0.9894452,0.983952,0.9802712,0.98464775,0.98091274,0.9754433,0.9859049,0.98400664,0.98130995,0.9907619,0.98053914,0.9771429,0.98239785,0.9782315,0.98696345,0.9886138,0.9802179,0.9866689,0.98208797,0.9879326,0.9891062,0.97310156,0.98783565,0.9849583,0.98781294,0.99129814,0.9878254,0.98777574,0.97326183,0.99151033,0.9839694,0.98695886,0.98476636,0.98205924,0.98414093,0.9889949,0.98746824,0.98169506,0.98690784,0.986901,0.9805582,0.9864113,0.98740685
repeat,0.9715646,0.9667015,0.97139186,0.9652487,0.96376806,0.96800274,0.95290124,0.94526654,0.9611287,0.969478,0.970254,0.97049564,0.9570493,0.96644455,0.96902514,0.9677729,0.96572983,0.9653497,0.96296066,0.9664416,0.9580961,0.96225977,0.96005446,0.9657862,0.96494913,0.9685854,0.9594171,0.9698822,0.97052366,0.96334416,0.9694075,0.962993,0.9637814,0.9485395,0.9680851,0.9700202,0.97235227,0.9656072,0.96719307,0.9605773,0.96940345,0.96516895,0.96634257,0.9592186,0.97050136,0.9625813,0.9673203,0.9596767,0.96535975,0.95997936,0.9643887,0.9598657,0.9467641,0.9502687,0.9724392,0.96036917,0.93392015,0.96936816,0.95892555,0.9746271,0.9708255,0.9721026,0.9672357,0.9681852,0.9690261,0.9689619,0.9670742,0.9699887,0.95577914,0.9635647,0.9627957,0.9689774,0.9567061,0.96671796,0.9645883,0.976081,0.9750216,0.9693445,0.97312796,0.9665823,0.9374129,0.9733575,0.967144,0.96511716,0.96929055,0.97180355,0.96734285,0.9746391,0.9656361,0.9718297,0.9725074,0.96377283,0.96567017,0.9582961,0.9768796,0.9649017,0.96354973,0.96667874,0.9667336,0.9704154,0.9611356,0.97755754,0.9628438,0.961484,0.95742774,0.95915765,0.9657871,0.9565485,0.95739603,0.97505164,0.96960294,0.95255476,0.9618617,0.962155,0.97205925,0.9682714,0.94131047,0.652652,0.9685651,0.9704237,0.97750324,0.972652,0.96859074,0.9693442,1.0000004,0.9637588,0.96636295,0.96843874,0.97285366,0.9738795,0.96643907,0.9712028,0.9704989,0.9711715,0.9660269,0.96043104,0.97199714,0.9747514,0.97415775,0.96879405,0.9641072,0.9664603,0.96296495,0.972137,0.9662724,0.969836,0.96599674,0.9614928,0.9652911,0.96985567,0.97681767,0.9634482,0.96877646,0.9731924,0.95925915,0.9639384,0.9639989,0.96689945,0.9698729,0.9674016,0.96776664,0.94742876,0.9768133,0.9631588,0.97549623,0.967367,0.95678717,0.9648384,0.9647726,0.9641637,0.9582659,0.9669717,0.96491915,0.96485925,0.9639296,0.9678556,0.97111326,0.9720822,0.9694596,0.9655064,0.9566632,0.96776855,0.9635322,0.96518743,0.96912247,0.97655165,0.96103704,0.975518,0.95444334,0.97107375,0.97491056,0.97103137,0.9593267,0.9650084,0.9680622,0.9675807,0.96515065,0.9715537,0.96796536,0.93424416,0.964626,0.9752142,0.9702554,0.9699901,0.8613368,0.96991825,0.9707586,0.9657507,0.971599,0.9722968,0.96492195,0.9752009,0.9681143,0.9684317,0.9690395,0.9733346,0.9671387,0.96615344,0.9612239,0.97194123,0.9630111,0.96869063,0.9686233,0.97528136,0.9732065,0.9627855,0.9692834,0.97536737,0.97013956,0.96772075,0.9641783,0.9659341,0.9716743,0.9576171,0.96365374,0.96632546,0.96349645,0.96916294,0.96790093,0.9690828,0.9802736,0.95807767,0.97777975,0.9700992,0.9692276,0.97647,0.96041584,0.97775096,0.96928746,0.9626984,0.97500056,0.96425086,0.97296876,0.9717215,0.96872056,0.9748112,0.9660989,0.96769977,0.9605952,0.97659445,0.980854,0.963406,0.9636228,0.9755114,0.9681224,0.9654796,0.97720814,0.9728295,0.9650536,0.9729619,0.97432476
scatter,0.9833869,0.9747647,0.97393787,0.9762455,0.97619116,0.97228533,0.9587465,0.9537403,0.96841735,0.9740389,0.97683495,0.9769666,0.9689923,0.97278863,0.97573686,0.97542846,0.9772127,0.97765774,0.970385,0.97584325,0.97220033,0.9675974,0.96915865,0.9751254,0.9714232,0.980167,0.9728626,0.9782326,0.9760559,0.9798418,0.97844964,0.965666,0.9774623,0.95685005,0.9819304,0.98245794,0.981354,0.9751224,0.97889113,0.965266,0.98259705,0.9775519,0.9755042,0.97576886,0.9825576,0.96291155,0.97142005,0.9736648,0.97817975,0.96649283,0.9714994,0.9739598,0.9688252,0.9777795,0.97582495,0.97525644,0.9548639,0.9845287,0.9626171,0.98021287,0.9801407,0.9710675,0.9802182,0.98138404,0.9727134,0.9798589,0.97922856,0.98331076,0.96856093,0.9777194,0.97250193,0.9782967,0.9664954,0.9801772,0.97587615,0.97270405,0.9797694,0.98049676,0.976982,0.9810717,0.9564865,0.98171866,0.9780733,0.97319263,0.98104966,0.981187,0.9783909,0.9803579,0.97847104,0.98694575,0.9848159,0.97449785,0.9785096,0.961287,0.981257,0.97720355,0.976456,0.97646534,0.97052944,0.977826,0.97403234,0.9782958,0.97920805,0.9747818,0.9677867,0.98033357,0.9790005,0.96758336,0.9736377,0.9803348,0.97915,0.9670571,0.98061335,0.96839106,0.9745226,0.97890764,0.950339,0.66318905,0.97335094,0.9792653,0.98123497,0.98034745,0.97779334,0.98188615,0.9637588,0.9999998,0.97747326,0.97936064,0.976975,0.97496456,0.97151816,0.9836368,0.97224396,0.98101574,0.9698477,0.97224754,0.9780171,0.9880438,0.98319995,0.97805667,0.97435266,0.972042,0.9840309,0.97894543,0.9711145,0.9784365,0.982443,0.9783031,0.9715888,0.97921145,0.9809408,0.976033,0.98018205,0.9722598,0.96862227,0.97435224,0.9705815,0.9729882,0.98120147,0.97604525,0.97293246,0.9604095,0.97777134,0.97398067,0.9783433,0.97615916,0.96649814,0.9756189,0.9778088,0.9771318,0.9654174,0.97571397,0.9768915,0.9757696,0.9701656,0.9804529,0.9776519,0.9823997,0.9827045,0.98146576,0.9735179,0.9778489,0.9661994,0.9801317,0.98056734,0.9712109,0.979148,0.9797969,0.9684164,0.9774491,0.9820779,0.98020506,0.9750142,0.97287846,0.97909796,0.9743704,0.9766637,0.9794148,0.9794382,0.94597876,0.9777027,0.98037314,0.97267663,0.97656566,0.87213224,0.97980255,0.9798059,0.97534764,0.97992635,0.9780258,0.9757148,0.97739756,0.98059744,0.97371054,0.97791845,0.97694856,0.97558784,0.9863544,0.98710006,0.9785973,0.9792956,0.9781809,0.97777414,0.9787992,0.9799463,0.9788924,0.978105,0.9783941,0.97854835,0.97529024,0.9710173,0.98093814,0.9748986,0.9741861,0.9791641,0.9862196,0.9771015,0.9799051,0.975728,0.9706778,0.97615516,0.9707789,0.97673213,0.9795188,0.9740214,0.9804386,0.97744226,0.9816579,0.98124295,0.9641812,0.9814968,0.976251,0.9814346,0.9811223,0.98034906,0.97989976,0.9639898,0.9790461,0.97417706,0.9789307,0.97656494,0.9794002,0.9754214,0.9820562,0.98330224,0.9744777,0.975054,0.9789743,0.97202504,0.97945076,0.9782872
square,0.9842362,0.9860907,0.9824837,0.98515326,0.97780246,0.98277134,0.9649882,0.96233314,0.97160816,0.9764934,0.97913986,0.98728824,0.9717343,0.97774965,0.9857389,0.98439074,0.98406804,0.9859604,0.97640026,0.98450035,0.9770653,0.97672755,0.9749706,0.9783879,0.98569506,0.9845091,0.9792619,0.98257875,0.98430705,0.98032457,0.9853408,0.97699696,0.98059165,0.95636696,0.98071027,0.98349315,0.9886881,0.97776854,0.98087955,0.97477984,0.9852353,0.9822708,0.9834764,0.9811177,0.9850057,0.9698212,0.97806644,0.98205376,0.980928,0.97225416,0.97767454,0.9807134,0.9764619,0.9674123,0.9815797,0.98148704,0.9595469,0.98617095,0.96670187,0.98339015,0.9823987,0.9758681,0.9916492,0.98266387,0.9822611,0.99236536,0.9823445,0.9859791,0.9732788,0.9781839,0.9759166,0.9862623,0.97004116,0.99072164,0.9911656,0.97840554,0.982539,0.9820314,0.9852941,0.9902025,0.96753645,0.9852132,0.9831269,0.9795747,0.9881939,0.98440605,0.98096627,0.98189104,0.9836738,0.9835976,0.9848616,0.97943354,0.99145067,0.9698693,0.9812283,0.984977,0.97748417,0.98306394,0.9795627,0.9887328,0.979499,0.9868342,0.9859817,0.98159707,0.97771215,0.9813153,0.9824728,0.9749302,0.9798148,0.9874763,0.98793334,0.9746931,0.9871324,0.97509193,0.9796559,0.985122,0.9547535,0.6506172,0.97902536,0.9839164,0.98299676,0.9877605,0.98497605,0.9834285,0.96636295,0.97747326,1.0,0.98185164,0.9799537,0.9812493,0.9794597,0.9835259,0.97508925,0.98457044,0.9767704,0.9772285,0.9811842,0.9838367,0.9832916,0.9834069,0.97953844,0.9797206,0.9805781,0.98247224,0.9712667,0.9853293,0.97922194,0.9867146,0.97729033,0.9812163,0.98363394,0.9859557,0.98350793,0.9779969,0.9693575,0.9776243,0.98459333,0.977836,0.9841213,0.9911545,0.9916149,0.9719875,0.9799384,0.9809454,0.98265105,0.9796569,0.9730792,0.98274475,0.9917156,0.98066425,0.9683375,0.9806852,0.9873257,0.98781717,0.97399485,0.9919828,0.98440087,0.98508805,0.9827436,0.98815715,0.97967017,0.9831067,0.96931636,0.98855835,0.9856751,0.9759001,0.9766008,0.9871267,0.9734127,0.98428375,0.9871479,0.9839097,0.98620284,0.9833264,0.99258673,0.98126376,0.9806652,0.98539644,0.9867484,0.95053446,0.9887103,0.98430973,0.98291683,0.9917055,0.8775038,0.9812439,0.98655295,0.9860311,0.9897269,0.9819482,0.9756375,0.9804021,0.9850769,0.97892123,0.98839265,0.98047966,0.97897106,0.977074,0.9739602,0.9840591,0.9870924,0.9839684,0.984379,0.9814423,0.9852109,0.97877884,0.9841344,0.9837246,0.9836461,0.9809226,0.97847927,0.9888823,0.9814882,0.98418933,0.9869791,0.98341095,0.98576385,0.9848882,0.97970897,0.9770472,0.97883755,0.975121,0.98018813,0.98438984,0.9782129,0.98208344,0.981169,0.98415536,0.9889514,0.97379756,0.9848882,0.9812455,0.98294425,0.9854914,0.98294485,0.982631,0.9701347,0.9833454,0.98309183,0.9880376,0.9774244,0.98024297,0.9806397,0.9857913,0.98463804,0.98296213,0.98022187,0.9832212,0.97780186,0.9879795,0.9873643
char,0.9856816,0.9808049,0.98359776,0.97983897,0.9805811,0.97885436,0.9629624,0.9591611,0.97132176,0.97734314,0.9802806,0.9830112,0.97207874,0.9795815,0.9807278,0.9862197,0.98260564,0.9824016,0.981253,0.9892591,0.98073345,0.97323585,0.9774808,0.9841253,0.9799529,0.9847625,0.98050207,0.9857057,0.98384506,0.98988736,0.984687,0.9727306,0.98250663,0.96107084,0.9851376,0.98740214,0.98796666,0.98010945,0.98768604,0.97446156,0.9852494,0.9839434,0.97905874,0.98112446,0.9919795,0.97055167,0.9760653,0.97692966,0.98359466,0.9710827,0.97780067,0.97931653,0.9669462,0.9656588,0.9820794,0.9826591,0.9672993,0.98918605,0.97413105,0.9873974,0.9901286,0.98046184,0.98441625,0.98166,0.9875408,0.98341686,0.9863373,0.9835492,0.97455305,0.98704714,0.9765634,0.98193055,0.9775507,0.98587245,0.9806756,0.98010844,0.98447335,0.9875156,0.98175484,0.9845864,0.9598516,0.984711,0.9864298,0.97733176,0.9852153,0.984667,0.9842324,0.98622197,0.9866849,0.9863232,0.98352295,0.98202616,0.9840512,0.96649915,0.9835693,0.98281735,0.9786993,0.9925772,0.98663414,0.98456794,0.988838,0.9848812,0.97945374,0.9798071,0.9739167,0.97941905,0.98242414,0.96880037,0.9757188,0.9834283,0.9854474,0.9711317,0.9798044,0.9808347,0.98079425,0.9864578,0.96096367,0.65680933,0.9774166,0.98712134,0.9851245,0.9847376,0.98841447,0.9849961,0.96843874,0.97936064,0.98185164,1.0000001,0.9832201,0.98276407,0.9789957,0.9862473,0.97699684,0.9851611,0.9762144,0.9835974,0.9816405,0.9865681,0.9848134,0.98449993,0.9829894,0.98791254,0.9804799,0.9912309,0.9847581,0.98653233,0.9862825,0.9811839,0.9787467,0.98296744,0.9841143,0.9792345,0.9882258,0.9794401,0.971143,0.9761259,0.9767958,0.98121816,0.98815846,0.9808476,0.9784591,0.96260047,0.9829965,0.9775195,0.98248315,0.98035264,0.97675794,0.985232,0.9820173,0.97842467,0.968697,0.98020613,0.980888,0.98307425,0.97848994,0.98542714,0.9832822,0.9888925,0.9872634,0.985193,0.9789702,0.98499095,0.9751319,0.9819605,0.9850365,0.9780148,0.9797438,0.98524076,0.97774255,0.9849742,0.9867634,0.9855809,0.97973907,0.9776132,0.9825072,0.9815705,0.9842238,0.98974407,0.9835234,0.9525473,0.98178613,0.9846368,0.9811513,0.9815483,0.88315034,0.9822924,0.9839704,0.98015255,0.9885213,0.98293865,0.9783951,0.98503673,0.9866428,0.97920537,0.9848523,0.9864972,0.9801619,0.98280275,0.9773113,0.9804266,0.9803982,0.9809764,0.9804905,0.98378414,0.98209494,0.9811209,0.9843343,0.98918235,0.9877019,0.992102,0.98735493,0.98257333,0.98021173,0.9757969,0.98220414,0.9852244,0.98223114,0.9887383,0.9788287,0.9768178,0.9810937,0.97705185,0.97961384,0.9866745,0.9804183,0.9825721,0.9805144,0.985791,0.9865158,0.97729176,0.9867975,0.98158324,0.98504233,0.9896144,0.9882375,0.9803613,0.97021604,0.98328346,0.9820615,0.98774,0.97919977,0.98442674,0.97832316,0.99030614,0.98528147,0.9786856,0.978677,0.98677397,0.9751116,0.9846486,0.98670965
uncovered,0.9884889,0.9831831,0.9835301,0.9804993,0.9831949,0.98073655,0.95967215,0.95682853,0.97216064,0.9800333,0.9787076,0.980335,0.97285783,0.97810173,0.9822863,0.9809845,0.97811633,0.9830004,0.97777,0.98316026,0.97335464,0.97397614,0.9775882,0.97935325,0.9777268,0.9817072,0.9773581,0.9813942,0.982585,0.97932255,0.984423,0.9724461,0.981247,0.9586326,0.9834735,0.9850955,0.98657507,0.97682744,0.98328394,0.9744126,0.98544866,0.9809855,0.9779922,0.97999364,0.98866045,0.96902794,0.979346,0.97430927,0.9821116,0.9745105,0.9747747,0.9766035,0.96502644,0.9615856,0.9830877,0.97613686,0.95487624,0.98516476,0.9694143,0.9847028,0.98473656,0.9767417,0.9836522,0.98292094,0.97971785,0.9844282,0.98227024,0.9838393,0.9714336,0.9803845,0.9768968,0.978509,0.9699089,0.98124146,0.9786196,0.98400474,0.9881269,0.98437303,0.98377997,0.98390603,0.9581371,0.98565626,0.9855499,0.9765391,0.98448443,0.98620933,0.98226327,0.9853816,0.98309,0.98334885,0.9843525,0.9797428,0.98333067,0.9666231,0.9854938,0.97954875,0.9757107,0.9801739,0.97913074,0.98369557,0.9786374,0.98540294,0.9771475,0.9766471,0.9724475,0.9777621,0.9798731,0.96994764,0.97382087,0.98270494,0.98674643,0.9691265,0.97598994,0.97446954,0.983467,0.9852877,0.95638496,0.65958804,0.97985744,0.98585445,0.99116856,0.983633,0.983065,0.98229104,0.97285366,0.976975,0.9799537,0.9832201,1.0,0.9833519,0.9830759,0.98316735,0.9783648,0.982537,0.97450477,0.97741103,0.98245925,0.98415214,0.9821065,0.98474336,0.97837603,0.9804838,0.9772575,0.98364526,0.9777428,0.985746,0.98326004,0.9794791,0.9755156,0.9841388,0.9872799,0.9805261,0.9836614,0.97992647,0.96729857,0.9801134,0.98054105,0.97908026,0.9866678,0.9798936,0.9794466,0.9669834,0.98521847,0.9730216,0.9832051,0.985327,0.9709175,0.9802868,0.9796691,0.9762357,0.9642609,0.9810134,0.9813269,0.9794035,0.97489166,0.9832365,0.98209286,0.98571384,0.9823528,0.9799166,0.97464824,0.9828118,0.9753061,0.9763255,0.9828704,0.9801963,0.9755354,0.98465705,0.97722566,0.9857817,0.9855738,0.9856331,0.9751389,0.975456,0.97961664,0.9805824,0.98367864,0.98704946,0.9783953,0.95302093,0.9778142,0.98356736,0.9786344,0.9807626,0.88130176,0.98121095,0.9811935,0.9823988,0.9869033,0.98286307,0.97810245,0.98249954,0.9863755,0.97822684,0.9821099,0.9854504,0.9806484,0.9779012,0.97290164,0.9839193,0.9784943,0.98418385,0.9780044,0.9828443,0.9841544,0.97674185,0.98241264,0.9871322,0.9860661,0.98106086,0.97676474,0.9818041,0.9794862,0.97117084,0.97880423,0.9786492,0.9781838,0.9852344,0.98427904,0.9745959,0.9874173,0.97566056,0.98272896,0.98523146,0.97818977,0.98456645,0.98246866,0.9886021,0.9828808,0.9718137,0.9904768,0.97845626,0.9846914,0.98761135,0.9861515,0.9834477,0.97237706,0.98283315,0.97790396,0.986092,0.9832871,0.9786569,0.97540665,0.9880099,0.9835109,0.98099494,0.9813269,0.98645097,0.9737626,0.98709965,0.9843039
whirl,0.98575294,0.98099977,0.9860319,0.9804269,0.9785791,0.98074263,0.9629823,0.9589312,0.9720322,0.98439264,0.9816692,0.9826006,0.9739464,0.9837255,0.98448247,0.98196965,0.9822721,0.98362696,0.9785154,0.9839098,0.9737863,0.98069495,0.97232044,0.9807192,0.97860926,0.983357,0.9820797,0.98150337,0.9850595,0.98094493,0.9854473,0.979929,0.9798125,0.9606954,0.9812994,0.9845717,0.98713434,0.9764286,0.9828179,0.9744201,0.98555034,0.9817137,0.9820136,0.98358,0.986285,0.97609216,0.9772969,0.97804505,0.98111796,0.9690884,0.97812575,0.97447443,0.9651264,0.9622011,0.98505133,0.97858125,0.9569535,0.98584455,0.97104746,0.9860091,0.9842967,0.9793768,0.98409504,0.98235834,0.97899604,0.98485774,0.9818852,0.9827218,0.9751051,0.98001236,0.9790218,0.98006606,0.97135097,0.9841114,0.9813086,0.9837424,0.98567283,0.98566693,0.9834665,0.98609805,0.96005344,0.9855153,0.98582596,0.98120254,0.9830208,0.98599315,0.9824923,0.98545027,0.98353153,0.98311204,0.984014,0.9818632,0.9841337,0.9701184,0.9881178,0.981257,0.9808133,0.9802143,0.9795382,0.98990524,0.98042965,0.9864241,0.9839531,0.98441386,0.97555846,0.97506106,0.9820411,0.96906835,0.977816,0.9842439,0.98480636,0.9701437,0.978187,0.98224866,0.99251074,0.9844949,0.95747143,0.67066693,0.9794974,0.9849077,0.9852346,0.9848322,0.983437,0.9848571,0.9738795,0.97496456,0.9812493,0.98276407,0.9833519,1.0000001,0.98227507,0.98531073,0.97825783,0.98497593,0.97826755,0.9777778,0.9819848,0.98471504,0.9825497,0.98700476,0.9790015,0.9828543,0.9798613,0.9831754,0.9753092,0.9851797,0.9819681,0.98246646,0.97629535,0.9835734,0.986083,0.980117,0.98591024,0.9813382,0.9685459,0.97560406,0.9842069,0.9800656,0.9869713,0.97934437,0.98221856,0.96601826,0.98377305,0.9773787,0.98430824,0.982651,0.97089136,0.9794835,0.98212695,0.98174846,0.9702653,0.97911954,0.9809065,0.982605,0.9740481,0.9858463,0.98476374,0.9856266,0.98175746,0.983669,0.9765603,0.9878409,0.9707153,0.9798724,0.9852051,0.98054606,0.97768056,0.9874683,0.97426534,0.9844656,0.9855307,0.9859455,0.97946507,0.9789333,0.9812565,0.9844626,0.9831883,0.9861479,0.9785161,0.9522281,0.97797024,0.9840252,0.9873271,0.9828758,0.8810429,0.9797595,0.9829048,0.98586035,0.9868137,0.9828779,0.97732294,0.9819587,0.98744375,0.9803173,0.9823792,0.98497754,0.98037213,0.97750896,0.97104615,0.9855567,0.983064,0.98316395,0.9849547,0.98447454,0.98227686,0.97648007,0.9855934,0.99159366,0.98824733,0.98010725,0.9777834,0.9842787,0.98599744,0.9749074,0.9817091,0.98080343,0.97998,0.98611754,0.9799642,0.9785499,0.9836439,0.974206,0.9828949,0.9869693,0.9850797,0.9881106,0.98055255,0.9928225,0.9838965,0.9722362,0.9877336,0.979299,0.98477936,0.98850673,0.9854567,0.9828377,0.9734038,0.98284674,0.97909474,0.98888403,0.9828646,0.9799453,0.97665846,0.98773664,0.9873057,0.9869591,0.98273337,0.9866207,0.9795379,0.9862752,0.9866959
seal,0.98522896,0.98176074,0.98398644,0.9811834,0.97944957,0.98158234,0.95924705,0.95488125,0.96975726,0.97584176,0.97900397,0.9805672,0.9720366,0.976212,0.97828907,0.983362,0.9782883,0.98226184,0.9754554,0.9831983,0.9742186,0.9692493,0.9718121,0.97650486,0.9801303,0.98103803,0.9755736,0.97755253,0.9779591,0.97422653,0.98190403,0.9720573,0.97585344,0.95581555,0.97793,0.9814077,0.98227227,0.971631,0.97703993,0.97046155,0.97995096,0.9797322,0.97825617,0.9820132,0.9844845,0.96591884,0.97114164,0.97835714,0.97792804,0.9691241,0.9786951,0.97402424,0.9648603,0.9619369,0.98032194,0.9747827,0.955915,0.98234755,0.9635029,0.9821419,0.9794462,0.9705051,0.97872293,0.9807615,0.9774783,0.9801601,0.97692424,0.98031455,0.97329235,0.9747277,0.9736113,0.97741,0.9689207,0.97856134,0.97790474,0.9836838,0.97924685,0.98316616,0.9800433,0.9791514,0.9572472,0.9815226,0.9826581,0.9740105,0.9815397,0.9812711,0.9824006,0.9823685,0.9806257,0.9788412,0.98115104,0.98217815,0.97925645,0.96325237,0.9799597,0.978263,0.9726611,0.97957546,0.977069,0.9834833,0.97586405,0.98320174,0.97336984,0.9772678,0.97238487,0.9731053,0.9787404,0.9667987,0.97069865,0.98000455,0.983347,0.96740615,0.9748693,0.9718849,0.98219645,0.9797019,0.9545895,0.6665518,0.9726139,0.98177385,0.98255396,0.9807685,0.98070776,0.98057795,0.96643907,0.97151816,0.9794597,0.9789957,0.9830759,0.98227507,0.9999999,0.98096937,0.9747282,0.9810773,0.97576064,0.9727774,0.9773293,0.9823197,0.98195904,0.9852807,0.97804874,0.97670424,0.9750682,0.978593,0.9701972,0.9808378,0.9770766,0.9802298,0.97421646,0.98141605,0.9823753,0.9775837,0.98136526,0.97882414,0.9651317,0.9789605,0.97971946,0.9754186,0.9830561,0.97843474,0.97730523,0.9670808,0.981591,0.97205985,0.9810859,0.9761598,0.9690055,0.97689533,0.97736937,0.9711401,0.96193063,0.97593457,0.9771319,0.9776651,0.96878356,0.9807464,0.9808821,0.98158866,0.9810181,0.978549,0.97655576,0.9859168,0.96966726,0.9741957,0.9790534,0.974288,0.9767491,0.98518914,0.9704856,0.9794182,0.98460525,0.98357135,0.97753805,0.976529,0.9779137,0.9812267,0.97923833,0.9834307,0.9762178,0.9487518,0.97543055,0.98344386,0.9758791,0.9814287,0.8777484,0.9729828,0.97769475,0.9816609,0.98382574,0.9813057,0.97376114,0.9796425,0.98482066,0.9758618,0.98056144,0.9802265,0.97872376,0.97136563,0.96754485,0.978703,0.97568977,0.9821406,0.97629935,0.9776693,0.98017687,0.977398,0.9843167,0.9847734,0.9855425,0.97909564,0.9746604,0.97829527,0.9768165,0.970341,0.97623223,0.97869253,0.9761344,0.9841506,0.9730933,0.9752855,0.9794783,0.97396874,0.9791685,0.98339474,0.97396857,0.98071784,0.9756144,0.9830438,0.98183095,0.9722442,0.9834686,0.9787389,0.9843164,0.98473144,0.9811906,0.9800674,0.9683372,0.9813746,0.97647625,0.9822513,0.98095846,0.9765625,0.97553027,0.98246765,0.98307997,0.97844875,0.97704077,0.9834929,0.97226924,0.9834645,0.98194367
wipe,0.99097896,0.9857862,0.98448247,0.9823533,0.98356426,0.98295385,0.9799177,0.9633922,0.9815607,0.9805445,0.9856792,0.98659426,0.9734572,0.9825504,0.9840336,0.98649496,0.9859677,0.98569405,0.98310715,0.98646116,0.9800919,0.97599554,0.9792953,0.98348635,0.9828492,0.98756206,0.9806601,0.9880045,0.9851289,0.9837135,0.9890184,0.9787589,0.98382586,0.9639912,0.9872037,0.9897487,0.9890195,0.98279893,0.9848763,0.976892,0.9879671,0.9855216,0.98418206,0.98495865,0.98935604,0.98095,0.98445463,0.9804924,0.98433274,0.97442836,0.980951,0.9798215,0.9697095,0.96913195,0.9844061,0.98106366,0.96079326,0.9903148,0.97024584,0.9865775,0.9882352,0.9837888,0.9861338,0.98708314,0.98269194,0.98518735,0.9847079,0.98757917,0.977911,0.98362803,0.9778845,0.98481566,0.97192705,0.9867671,0.98362964,0.9827903,0.9858014,0.98690397,0.98527455,0.9861998,0.96145284,0.9926041,0.98656565,0.9815471,0.989001,0.99049854,0.9862999,0.98818785,0.98741055,0.987642,0.98687,0.98464525,0.9857273,0.9787251,0.9858985,0.98479027,0.99393255,0.9852439,0.98139316,0.9873624,0.98307353,0.9885939,0.98113525,0.98266405,0.9775524,0.9818214,0.9908705,0.9714402,0.982547,0.98771083,0.9868125,0.9732462,0.9803269,0.9774186,0.98471427,0.98671746,0.9571575,0.66349244,0.9861852,0.9892818,0.9899846,0.98889023,0.9884706,0.9976205,0.9712028,0.9836368,0.9835259,0.9862473,0.98316735,0.98531073,0.98096937,1.0000001,0.9794823,0.9968825,0.9813135,0.98000854,0.98748344,0.98980194,0.98829234,0.9894033,0.98508525,0.98117447,0.98533523,0.987632,0.9789189,0.98970455,0.98572576,0.98481035,0.98113006,0.9868043,0.9872078,0.98348457,0.98881435,0.981676,0.97468966,0.98144543,0.97916156,0.984205,0.9896229,0.9848665,0.982612,0.9655974,0.987296,0.9779066,0.99009305,0.9826643,0.9814584,0.9817858,0.9844463,0.9794988,0.9839349,0.98267514,0.9845151,0.98258966,0.9763258,0.98822594,0.98969764,0.9904527,0.9878024,0.98562586,0.98085076,0.987933,0.97469085,0.9810868,0.98767376,0.9834916,0.98155236,0.9881755,0.9764901,0.987505,0.99027544,0.98955643,0.97928375,0.98025244,0.9840673,0.98338616,0.984502,0.99003494,0.9837355,0.95748746,0.9850069,0.98901325,0.98012155,0.9858996,0.8762454,0.98377687,0.98873615,0.98304176,0.98879874,0.98697424,0.9833154,0.9836803,0.9886272,0.9821385,0.9901052,0.98411703,0.98241335,0.982538,0.9787241,0.98456025,0.98385084,0.9844153,0.98281944,0.98517084,0.98864275,0.98279095,0.98728585,0.9869389,0.9891781,0.9847778,0.9807222,0.98531896,0.98096746,0.9761015,0.9853776,0.9853769,0.98204124,0.9888288,0.9814062,0.9787424,0.9835059,0.9796865,0.98719585,0.98878133,0.9794534,0.98693275,0.9828672,0.98821604,0.9883348,0.9739723,0.9887105,0.9841914,0.9880369,0.9911312,0.98866177,0.9880716,0.9734876,0.9913162,0.9852185,0.98699176,0.98517585,0.98437524,0.98341364,0.9887204,0.9885621,0.97996,0.9865083,0.98754054,0.97963345,0.98740584,0.9865827
assemble,0.98207974,0.97487545,0.97465557,0.9761825,0.97159106,0.97486854,0.95512426,0.9575834,0.9650717,0.9708621,0.98029315,0.977249,0.9694874,0.9705397,0.97740495,0.9750127,0.9751415,0.9760083,0.9716021,0.9773309,0.9680808,0.9686652,0.97170746,0.9737931,0.9733185,0.97750986,0.97214407,0.97668004,0.97609603,0.97348624,0.9783218,0.9688088,0.97357666,0.9521903,0.97482336,0.9793358,0.9820109,0.9740289,0.97687036,0.9670068,0.98029673,0.9762109,0.97265303,0.9743929,0.97922397,0.9670335,0.9707498,0.9696508,0.974922,0.966683,0.971555,0.9722125,0.9625975,0.97495925,0.97925305,0.9719452,0.9538055,0.9812978,0.9628824,0.9840001,0.9776785,0.97275573,0.9774935,0.9794017,0.97761923,0.97900766,0.9735826,0.9805275,0.96705,0.9734534,0.97119284,0.97261244,0.9640483,0.978389,0.9734995,0.98003745,0.9797345,0.9769568,0.9779413,0.98040074,0.9576306,0.9810915,0.9777626,0.9751813,0.97783333,0.9787575,0.97395384,0.98190176,0.97854924,0.9777016,0.9799604,0.97207016,0.9747377,0.9647199,0.9791884,0.9734022,0.9711033,0.97564834,0.97648436,0.9796866,0.97335523,0.98349,0.97528696,0.9756567,0.96686226,0.9750176,0.9760719,0.96423286,0.9719207,0.98023355,0.97738844,0.96746254,0.9795563,0.97583014,0.97717804,0.97799265,0.9548989,0.66415113,0.9724658,0.9795951,0.98177475,0.97741634,0.9770978,0.97894484,0.9704989,0.97224396,0.97508925,0.97699684,0.9783648,0.97825783,0.9747282,0.9794823,0.99999964,0.9790389,0.9732726,0.97176254,0.97941643,0.98061806,0.98116606,0.97877985,0.9731519,0.974862,0.9768697,0.9788357,0.9696429,0.97970015,0.9743339,0.97408146,0.97122097,0.976885,0.98165923,0.9734854,0.97844374,0.97639614,0.96479344,0.9735954,0.97010607,0.9741849,0.97984505,0.97407186,0.9731513,0.95791906,0.9821039,0.9736247,0.9820402,0.9765403,0.9674425,0.9719652,0.9745871,0.9710107,0.9604338,0.97427064,0.9749776,0.9778936,0.9694102,0.97942233,0.97788477,0.98085123,0.9789239,0.97898805,0.96903473,0.9793625,0.9716921,0.97671276,0.9760756,0.9755935,0.9714454,0.9815123,0.96786326,0.9767876,0.98305047,0.9801663,0.97438383,0.97187537,0.9760395,0.9824289,0.97336507,0.98144007,0.9744942,0.94172585,0.97360885,0.9820411,0.971848,0.97567546,0.8799188,0.97496194,0.9768606,0.97358257,0.9801135,0.9803954,0.97185934,0.9778291,0.98046833,0.9783432,0.97870934,0.9813591,0.97858024,0.9746342,0.9700851,0.9788875,0.9749508,0.9809717,0.9758195,0.9782945,0.9801258,0.9734992,0.97785777,0.9837475,0.9793222,0.97629076,0.9729054,0.9780069,0.9792663,0.9704465,0.98046184,0.9747143,0.9762657,0.9799384,0.9763523,0.975124,0.9812431,0.97009814,0.97969806,0.9801946,0.9765165,0.98059535,0.9731011,0.9822402,0.98133916,0.969517,0.983136,0.9735183,0.9798853,0.9815237,0.9786201,0.98105216,0.9686142,0.9783776,0.9726269,0.980502,0.9828857,0.9741172,0.96976674,0.9818842,0.9835017,0.9720897,0.9802299,0.9837897,0.97639644,0.98169327,0.98603565
wash,0.9893273,0.9870993,0.98429155,0.9830153,0.98253554,0.9835473,0.978966,0.9648259,0.9823266,0.98094755,0.98517,0.9886876,0.97461253,0.9830921,0.98352534,0.986343,0.9882199,0.98667026,0.9830498,0.9862209,0.98196113,0.97568995,0.97786385,0.98508304,0.98493934,0.98735815,0.98298764,0.9866709,0.9838189,0.9810113,0.98999435,0.9807893,0.98421115,0.9631887,0.98790586,0.988835,0.98867744,0.9818777,0.9837202,0.9777814,0.98686206,0.98701125,0.9844207,0.9861412,0.9896873,0.9811621,0.98379725,0.98110557,0.98495376,0.9745123,0.9833143,0.97990423,0.96938413,0.9681193,0.9836437,0.98364294,0.95867336,0.9884663,0.9713386,0.9863137,0.98899144,0.98349506,0.98665434,0.9861911,0.985576,0.9860542,0.9844666,0.9871923,0.97944695,0.98347986,0.97822994,0.9873106,0.9721148,0.9860458,0.9844969,0.9814929,0.9852621,0.98703367,0.9847286,0.98625183,0.96220213,0.9922498,0.98787135,0.98057145,0.9876873,0.98959845,0.98601174,0.9867709,0.988438,0.98687756,0.98623466,0.98593193,0.9858962,0.9789022,0.9844953,0.98595226,0.9920573,0.98473746,0.9816842,0.98877263,0.98327345,0.988994,0.98122245,0.98290896,0.97596663,0.97913975,0.9897864,0.9724036,0.9824494,0.9882686,0.98752105,0.97412026,0.9797911,0.9779298,0.98295474,0.9874459,0.9586458,0.67112166,0.98549265,0.9887035,0.9889284,0.98989505,0.98927104,0.9969924,0.9711715,0.98101574,0.98457044,0.9851611,0.982537,0.98497593,0.9810773,0.9968825,0.9790389,0.9999999,0.98164636,0.9807859,0.98803127,0.98803926,0.988517,0.9895944,0.9847619,0.9805285,0.98290026,0.9867623,0.9784846,0.9905148,0.9838207,0.9856565,0.9817123,0.9864877,0.9870386,0.984439,0.98844814,0.9833207,0.9755448,0.98199224,0.98071766,0.98385525,0.9886518,0.98571146,0.98327667,0.9666144,0.9874363,0.97849226,0.9889728,0.98240894,0.9802825,0.9830528,0.98537934,0.98120224,0.9859856,0.9841919,0.9841389,0.98259926,0.97594774,0.98857003,0.99037665,0.9907756,0.9879436,0.9860002,0.98219514,0.9864262,0.9730119,0.9813936,0.98812604,0.9832998,0.98074317,0.9880891,0.9779534,0.98905116,0.98928386,0.9913277,0.979897,0.98200834,0.9856622,0.9838097,0.9862335,0.9892596,0.98436594,0.9550475,0.9849979,0.989622,0.9815453,0.9867942,0.8752473,0.9865016,0.9895087,0.98458827,0.9894473,0.9868769,0.9817511,0.98452204,0.9891558,0.9834606,0.99079597,0.98395383,0.98175025,0.9813023,0.9761805,0.9849974,0.98305637,0.98366535,0.9842725,0.9849455,0.98907715,0.9838606,0.9857786,0.9875024,0.9891144,0.983946,0.9809324,0.9848248,0.98109007,0.97643167,0.9858388,0.9849745,0.98182815,0.99019116,0.98136914,0.980752,0.9832967,0.97929,0.9857335,0.98864716,0.9806271,0.98496246,0.9817898,0.9873545,0.9890075,0.9747193,0.9878431,0.9866305,0.9871953,0.99093205,0.98713076,0.9870016,0.9741819,0.99013203,0.98504966,0.98756397,0.9844171,0.9839387,0.98443156,0.9898104,0.98691,0.9804144,0.9861271,0.9866909,0.9800873,0.98686063,0.9875183
strain,0.9796609,0.9857509,0.97813785,0.9779141,0.9762486,0.97789156,0.9699702,0.9611142,0.9668515,0.9726243,0.9789828,0.9788155,0.966118,0.971675,0.97873634,0.97985834,0.97912717,0.97986746,0.97373164,0.9794803,0.97174424,0.9685993,0.96846366,0.97645426,0.9786913,0.97771585,0.9764049,0.97583544,0.97870713,0.9738523,0.9859073,0.9735568,0.9740722,0.9560817,0.97716254,0.9795195,0.9803171,0.9739515,0.97756076,0.96966976,0.9813592,0.98194075,0.9795894,0.97651565,0.9806168,0.97101825,0.980277,0.9758028,0.9754418,0.97227174,0.9764579,0.971486,0.9570205,0.961256,0.97620714,0.9719421,0.9505981,0.9793768,0.963691,0.9801885,0.9801002,0.9811434,0.97941214,0.9761469,0.9796866,0.9785149,0.97712815,0.97979814,0.9692208,0.975018,0.97143847,0.97968876,0.96274036,0.9769323,0.9748442,0.9752778,0.97839123,0.9796917,0.9795367,0.9776588,0.95167744,0.98425305,0.98087174,0.97912204,0.9790828,0.9843791,0.97634107,0.9798699,0.9812903,0.9816176,0.97974694,0.97847915,0.97960484,0.9712826,0.9763923,0.9807446,0.97787946,0.9761012,0.9800055,0.98042846,0.9749148,0.98474145,0.9740774,0.97348315,0.96844023,0.9682929,0.98196274,0.9640584,0.97494173,0.9786201,0.98277867,0.95828414,0.9718527,0.96610826,0.9755626,0.9823979,0.94975835,0.6666135,0.9802654,0.981527,0.9803662,0.97945786,0.97989386,0.9816435,0.9660269,0.9698477,0.9767704,0.9762144,0.97450477,0.97826755,0.97576064,0.9813135,0.9732726,0.98164636,0.9999999,0.97250676,0.97803336,0.9805237,0.978574,0.9817458,0.97847736,0.9719091,0.9731776,0.97648865,0.9726274,0.98254216,0.9748674,0.9753531,0.97197056,0.9849321,0.9817676,0.97732186,0.9814164,0.97471744,0.9662606,0.97731197,0.9732865,0.97290343,0.9803217,0.97723794,0.9760056,0.96169496,0.9825099,0.9704336,0.9810816,0.9736274,0.97326845,0.98084223,0.97628844,0.9751339,0.9686026,0.97716445,0.97703964,0.9784395,0.97015107,0.97947717,0.9879617,0.98257554,0.97851723,0.97729176,0.96963876,0.980125,0.9691227,0.97078204,0.97950715,0.9774682,0.97482824,0.98100746,0.96657985,0.98005784,0.9803011,0.98161656,0.9711708,0.97523737,0.97593695,0.978181,0.9781776,0.9817331,0.9753369,0.9485229,0.9766022,0.981058,0.97105336,0.97876745,0.8677187,0.9757834,0.9801665,0.97647053,0.9845968,0.9783605,0.9724159,0.97705406,0.9833145,0.9749029,0.9829187,0.9803563,0.9743492,0.97264427,0.9689285,0.9768677,0.9738576,0.9813747,0.9732113,0.9762226,0.9786769,0.9746157,0.98016113,0.98067105,0.9817749,0.9734525,0.97154695,0.97559166,0.9760837,0.9653008,0.9773429,0.97560686,0.9733124,0.9814761,0.9734727,0.9745419,0.97568625,0.97210884,0.9784135,0.9836057,0.9698085,0.97871417,0.9703711,0.9783036,0.9768292,0.96790487,0.98156387,0.97406447,0.9804526,0.9826055,0.97926146,0.9777125,0.9661555,0.9837241,0.97457886,0.9810875,0.97397417,0.97392386,0.9743847,0.982358,0.9789895,0.97611177,0.9794823,0.97998846,0.9711468,0.98133457,0.982342
pop,0.97940886,0.9814024,0.97764724,0.97494525,0.97602755,0.9748163,0.95811856,0.95657486,0.9626976,0.97192055,0.97480154,0.9782994,0.96715343,0.97432256,0.97741127,0.97962403,0.9786503,0.9790564,0.9726649,0.98164654,0.97668576,0.97028387,0.97211564,0.9801381,0.9741003,0.9799629,0.98102987,0.97687054,0.9769354,0.98041385,0.9803221,0.9739779,0.972837,0.95667183,0.9786202,0.98811316,0.9829217,0.9731281,0.98223066,0.9710327,0.98252225,0.98201174,0.97473323,0.97819304,0.98416835,0.96647465,0.97090685,0.9722848,0.98123956,0.97370815,0.96857744,0.975573,0.9680201,0.9612023,0.97913396,0.9775446,0.95869464,0.98142666,0.96316177,0.97939914,0.9857434,0.97785395,0.9809124,0.9792026,0.97829646,0.97813666,0.9762906,0.9794372,0.9687614,0.98281324,0.97460854,0.98183215,0.9655344,0.97780716,0.9770852,0.9755404,0.977537,0.97981894,0.976845,0.9781498,0.9509278,0.981255,0.9802842,0.97229546,0.9783287,0.978949,0.9795712,0.98229945,0.98108196,0.98010284,0.978698,0.9762915,0.982446,0.9648489,0.9796738,0.98238087,0.97405803,0.9809295,0.97801936,0.98062307,0.98458827,0.98049456,0.9755466,0.9712137,0.9734674,0.9701342,0.976726,0.9651367,0.9693075,0.9770756,0.97894657,0.9655235,0.97205997,0.971074,0.9749456,0.9810272,0.9572921,0.6582867,0.9720931,0.9850324,0.979138,0.979988,0.9844749,0.98095584,0.96043104,0.97224754,0.9772285,0.9835974,0.97741103,0.9777778,0.9727774,0.98000854,0.97176254,0.9807859,0.97250676,1.0000001,0.9752396,0.97994363,0.97675556,0.9807097,0.9787105,0.9793722,0.9716264,0.98115236,0.9782482,0.9789682,0.9791014,0.9767765,0.9762656,0.97952765,0.97962296,0.9754797,0.98266494,0.97274125,0.96288574,0.97202057,0.9716465,0.9766263,0.9826205,0.9757508,0.9753024,0.9621498,0.9786991,0.96713597,0.97729504,0.97494584,0.9710535,0.9786876,0.97572345,0.9723194,0.9651981,0.97541827,0.97663045,0.9762052,0.966985,0.980266,0.97965556,0.98179054,0.9793569,0.97787666,0.970269,0.9804662,0.96418816,0.974399,0.98082787,0.97358567,0.97160566,0.98053944,0.9710556,0.97994375,0.979791,0.9818762,0.971204,0.9721389,0.9769329,0.97649825,0.9796701,0.9849185,0.9790095,0.9417338,0.9744467,0.9779779,0.97389793,0.97608304,0.8773505,0.9747366,0.9776694,0.97455513,0.9852327,0.9747684,0.97250074,0.9784185,0.9834572,0.9716384,0.98018044,0.9789583,0.9773566,0.9735156,0.9691901,0.97538716,0.97548175,0.97900087,0.97515357,0.9751419,0.9762134,0.97470886,0.9786857,0.9815082,0.98372096,0.9776681,0.9771642,0.9775641,0.9738856,0.9674662,0.9769491,0.9785714,0.9738731,0.9818105,0.974405,0.9696075,0.9742808,0.97086513,0.9753622,0.9826332,0.97110766,0.97737586,0.973444,0.979929,0.9803424,0.9675896,0.98009145,0.97887456,0.980527,0.98599994,0.98237497,0.9742782,0.96711165,0.9780395,0.97666997,0.9821004,0.97268337,0.97720146,0.9732537,0.98664194,0.9795728,0.97461593,0.9735228,0.97912765,0.9683565,0.97738016,0.98230284
strip,0.9876531,0.9823903,0.9799585,0.98080784,0.977219,0.9801091,0.9673594,0.96151894,0.9718421,0.98038244,0.9849918,0.98279667,0.9694518,0.97530246,0.9817025,0.9805416,0.98271024,0.98294324,0.9806473,0.9812555,0.9756351,0.97431767,0.974886,0.9775832,0.97825056,0.98303556,0.9770159,0.98188555,0.9825321,0.9780465,0.985643,0.9758059,0.9813748,0.965571,0.9814845,0.9854291,0.98770887,0.97875804,0.98278546,0.9732925,0.9858896,0.97967315,0.9805884,0.97966665,0.9860293,0.9755819,0.98209333,0.97738767,0.9822055,0.97139084,0.9769934,0.97401404,0.96475476,0.9685204,0.982926,0.9779494,0.9603217,0.9850747,0.9698943,0.9859811,0.9854614,0.98275965,0.98281455,0.9819092,0.9783467,0.98468906,0.98053735,0.9856548,0.9725572,0.9788617,0.97355,0.9826011,0.9689656,0.9845232,0.9806857,0.9813131,0.9847139,0.98165166,0.98379004,0.9840275,0.9634788,0.99296486,0.9830713,0.9789903,0.986516,0.9854008,0.9807884,0.98672533,0.9821299,0.98193175,0.9858275,0.9787593,0.9835736,0.97311276,0.9834301,0.98454946,0.9801468,0.9800482,0.9744875,0.9813638,0.97812116,0.9862621,0.9779008,0.98046106,0.97390145,0.9774308,0.98503757,0.9729625,0.98203206,0.9878147,0.9823426,0.9720361,0.97991,0.9725341,0.9821652,0.98169523,0.9606617,0.65867394,0.9836967,0.9831493,0.9902984,0.98709667,0.9818778,0.98750323,0.97199714,0.9780171,0.9811842,0.9816405,0.98245925,0.9819848,0.9773293,0.98748344,0.97941643,0.98803127,0.97803336,0.9752396,1.0,0.9838147,0.98400635,0.9826554,0.98178697,0.9786911,0.9794083,0.9849567,0.97784597,0.98726654,0.98059374,0.98161525,0.97845685,0.9837664,0.9879968,0.9805516,0.984095,0.9822319,0.9709237,0.9778027,0.97642034,0.9797007,0.98532563,0.9820575,0.98119164,0.96790504,0.9853515,0.9809814,0.9882395,0.9812358,0.97578114,0.97819734,0.98102885,0.9790468,0.97591573,0.98087984,0.98156345,0.98108554,0.97163194,0.9849503,0.9877078,0.9853539,0.98504996,0.9848899,0.9762102,0.98351496,0.97152126,0.9805562,0.9835726,0.98950714,0.9747141,0.98617256,0.97071165,0.98395514,0.98531413,0.98466116,0.9783162,0.9791977,0.98318815,0.9823822,0.98244,0.98540044,0.98107684,0.9477291,0.97929513,0.9863385,0.978204,0.9824001,0.88632864,0.9824963,0.9902412,0.9792555,0.985487,0.984945,0.980118,0.98351383,0.9832633,0.9803525,0.9878614,0.98553216,0.98103774,0.9792849,0.9726477,0.9846284,0.9820637,0.9812256,0.9806375,0.9854667,0.99419314,0.98493695,0.9820707,0.9860391,0.9841679,0.9816753,0.9810412,0.98317206,0.98240775,0.97595763,0.98455775,0.9796072,0.9814271,0.98379195,0.98009884,0.97613204,0.9831491,0.97428876,0.986951,0.9828167,0.9763282,0.98302865,0.98062193,0.9850242,0.9872307,0.9698617,0.9877588,0.98077625,0.98536915,0.9865107,0.98408955,0.9870264,0.98125976,0.98460615,0.9804476,0.986166,0.98572564,0.98168707,0.97713894,0.9877225,0.9848258,0.98017687,0.98819554,0.98729706,0.9777092,0.98485607,0.9843207
brush,0.9898363,0.9836932,0.9861039,0.9836266,0.9829608,0.98485994,0.96572095,0.96150327,0.9753262,0.97958916,0.985098,0.9901255,0.97446346,0.9815722,0.98453265,0.9867169,0.9856264,0.9841205,0.9806495,0.9867364,0.98160505,0.9757596,0.97987354,0.9815489,0.9836351,0.9901366,0.9809142,0.98503035,0.98382604,0.98638475,0.9872088,0.97497886,0.98491776,0.96259445,0.98988414,0.98830855,0.9884267,0.98250204,0.98624855,0.9753352,0.9881205,0.98734784,0.9850659,0.98204803,0.98877025,0.972536,0.978382,0.97924834,0.9862523,0.9756038,0.98099923,0.98105747,0.9700287,0.9717924,0.98442435,0.9818868,0.9606057,0.9902179,0.9688265,0.98724914,0.9873155,0.9808867,0.98529667,0.98743236,0.985032,0.9855109,0.98312587,0.987387,0.9756379,0.9833103,0.97805667,0.9847619,0.9692154,0.9853924,0.98228776,0.98409057,0.9864948,0.98790026,0.9847274,0.9850188,0.9615266,0.9894891,0.98665714,0.9796226,0.9881335,0.99159396,0.9861725,0.98721147,0.98723054,0.99368286,0.98847723,0.9838219,0.9844091,0.9701553,0.9885745,0.9840289,0.9834643,0.9863505,0.9844869,0.9881244,0.98196876,0.9916684,0.98169094,0.979997,0.97439384,0.9829522,0.98696834,0.97169226,0.97632915,0.98771006,0.9856613,0.97292763,0.98114884,0.977549,0.98276997,0.987203,0.95423454,0.66166025,0.979717,0.99017787,0.98831004,0.9902668,0.98708415,0.98854107,0.9747514,0.9880438,0.9838367,0.9865681,0.98415214,0.98471504,0.9823197,0.98980194,0.98061806,0.98803926,0.9805237,0.97994363,0.9838147,1.0,0.9928712,0.9874854,0.9855167,0.9822424,0.9873078,0.9880583,0.97866666,0.98737293,0.9876226,0.9837887,0.978906,0.98856044,0.9875618,0.9822568,0.9888141,0.9827085,0.97534084,0.9812607,0.978916,0.9820923,0.98727405,0.98608404,0.982575,0.968352,0.9858984,0.9800247,0.986203,0.9822704,0.9748675,0.98255116,0.9836283,0.98023736,0.9719301,0.9835231,0.982112,0.9833433,0.9762457,0.9866426,0.98818856,0.99030167,0.9902316,0.98587525,0.979976,0.9862525,0.97421294,0.98244065,0.98795336,0.98031795,0.9886168,0.989998,0.972907,0.9866931,0.9912688,0.9878114,0.98017323,0.9811872,0.98443645,0.9832629,0.9839425,0.98884565,0.98426324,0.95079565,0.985017,0.99020225,0.9799473,0.98623765,0.88439447,0.98340714,0.9871048,0.98160136,0.9901693,0.98635805,0.98144567,0.98522377,0.9888047,0.98364776,0.9868774,0.98465115,0.9823811,0.98351026,0.9882705,0.9849776,0.98319614,0.98577905,0.9837201,0.9849759,0.98646617,0.98436475,0.9879729,0.9869981,0.9873673,0.98389274,0.98040485,0.98518425,0.9850593,0.977792,0.9839504,0.9917115,0.9821383,0.9878176,0.982033,0.9808454,0.9844643,0.9772268,0.98413545,0.9900219,0.97998685,0.98882556,0.9818831,0.9895724,0.98763347,0.97535336,0.98928124,0.9847583,0.98822653,0.9891537,0.98792964,0.9865658,0.97383314,0.9879129,0.9828562,0.9884917,0.98508525,0.98417896,0.98609054,0.9907189,0.989902,0.9817241,0.98375934,0.9877825,0.97971654,0.98729503,0.9880167
smear,0.98956454,0.9834848,0.9835573,0.9800274,0.9796563,0.98215336,0.9669249,0.9594275,0.9737378,0.97962815,0.98635286,0.98611796,0.9733074,0.9798505,0.9835476,0.98249257,0.982548,0.9822255,0.98199683,0.9841193,0.98317456,0.9741726,0.977065,0.9812198,0.9843116,0.9917547,0.97561955,0.98489887,0.98214763,0.9795398,0.9833357,0.97146153,0.9829093,0.9657387,0.9872087,0.98736525,0.98735446,0.97996694,0.9833427,0.9711386,0.98457485,0.9843404,0.98156506,0.98120975,0.9878792,0.9701431,0.9797335,0.97831315,0.9823374,0.9737101,0.9806019,0.9801355,0.96853024,0.9725952,0.98368305,0.9793915,0.958279,0.9874849,0.9698588,0.9867067,0.9867487,0.9789866,0.98482215,0.98487186,0.9844238,0.98463815,0.98275334,0.98619664,0.9775178,0.98085356,0.9760836,0.98302215,0.9679624,0.9849061,0.98006546,0.9838853,0.98469025,0.9843814,0.9834776,0.9849181,0.9650158,0.98773223,0.9832313,0.9825355,0.9838136,0.98557967,0.9832581,0.9888586,0.9838615,0.98911,0.9847131,0.97897834,0.98389643,0.9725795,0.9849045,0.9818114,0.97967577,0.9842533,0.980061,0.9840354,0.9821649,0.98910797,0.9803314,0.97941893,0.97293085,0.9797768,0.9823815,0.9721737,0.97702116,0.98919266,0.9840709,0.9731427,0.9811131,0.97536993,0.9824376,0.98375344,0.95383185,0.66993433,0.9808581,0.9875696,0.9894492,0.9880059,0.9864043,0.98803204,0.97415775,0.98319995,0.9832916,0.9848134,0.9821065,0.9825497,0.98195904,0.98829234,0.98116606,0.988517,0.978574,0.97675556,0.98400635,0.9928712,0.99999976,0.9850491,0.98432606,0.98018885,0.98245364,0.9895758,0.9783789,0.98529077,0.987357,0.98184603,0.9775898,0.985992,0.9857813,0.98016083,0.9864305,0.98138607,0.9709175,0.98055756,0.977846,0.9820054,0.98628664,0.9846723,0.9801753,0.9629963,0.98610264,0.98327523,0.9868998,0.98027104,0.9750977,0.98239917,0.98320407,0.97547823,0.96906286,0.98052216,0.98071027,0.98278975,0.975834,0.9879388,0.9858042,0.98771864,0.99168307,0.98644924,0.9784368,0.9847071,0.9736461,0.98195815,0.9876681,0.9816458,0.9897994,0.99214745,0.97268176,0.9835694,0.99238455,0.9863204,0.98152655,0.97905576,0.9845099,0.98154694,0.9840835,0.9890586,0.9837677,0.95092136,0.9813841,0.99324083,0.97818977,0.9857094,0.8818638,0.9825632,0.98402524,0.98063564,0.9871349,0.988772,0.98055947,0.9864968,0.9853173,0.98092294,0.98908025,0.9834497,0.98040044,0.9816666,0.9832346,0.9833259,0.9820517,0.9848376,0.9808972,0.9840996,0.9873354,0.98378134,0.9847557,0.986768,0.98661536,0.98435396,0.9804021,0.98374826,0.9823235,0.9777577,0.9834047,0.9898725,0.98307294,0.98744416,0.9797711,0.9788586,0.983408,0.9763356,0.98528403,0.9869175,0.9779708,0.98824775,0.97985744,0.9865523,0.989971,0.97554755,0.9883516,0.9821193,0.9857283,0.9883722,0.9853449,0.9886913,0.97326875,0.98372114,0.9799512,0.9864787,0.9891435,0.9782386,0.98268884,0.98940444,0.9865975,0.9773656,0.98516154,0.98599416,0.97642255,0.98649925,0.9888778
poach,0.99137604,0.9857732,0.98875284,0.9832395,0.98501474,0.98379296,0.9683751,0.9665675,0.97652787,0.98038036,0.9827897,0.98901236,0.98142403,0.98585194,0.9836965,0.9890269,0.99106544,0.9886403,0.98141015,0.9917165,0.98324126,0.9779981,0.9811812,0.9867065,0.9857543,0.98735845,0.9863783,0.9888319,0.9844977,0.9817275,0.9901561,0.982387,0.9841427,0.96642137,0.9874905,0.9916133,0.98811984,0.9798702,0.9850368,0.9791915,0.9875953,0.98734844,0.98537093,0.9950122,0.99196625,0.97488534,0.9797921,0.98401755,0.9870911,0.97632277,0.98420227,0.98350817,0.9690732,0.9668453,0.9847766,0.98195404,0.9606299,0.9894367,0.970931,0.98649263,0.989475,0.9818102,0.98623794,0.98558646,0.9852635,0.98721296,0.9841047,0.98633575,0.9781912,0.9825878,0.979919,0.9849999,0.97181475,0.9868395,0.9843899,0.98258764,0.98415846,0.9893181,0.9849082,0.9859796,0.9626753,0.989704,0.9929762,0.97950476,0.988185,0.99062085,0.9928588,0.9878625,0.99115217,0.9881829,0.98483366,0.99087405,0.9858688,0.97304326,0.9841421,0.9848078,0.9819964,0.98647565,0.9861112,0.9926984,0.98350847,0.98815733,0.98170966,0.98422164,0.9786364,0.9768282,0.98721766,0.97373044,0.9784399,0.984301,0.98823047,0.97389597,0.979079,0.9762742,0.9860792,0.98976594,0.95733017,0.6793451,0.98129207,0.99374646,0.98724264,0.98659945,0.99098855,0.9900026,0.96879405,0.97805667,0.9834069,0.98449993,0.98474336,0.98700476,0.9852807,0.9894033,0.97877985,0.9895944,0.9817458,0.9807097,0.9826554,0.9874854,0.9850491,0.9999997,0.9867688,0.98120767,0.9830805,0.9854689,0.9800283,0.9895487,0.9850946,0.9881231,0.98304796,0.9916836,0.98734796,0.9842553,0.99153125,0.9809536,0.9705879,0.9817039,0.98117644,0.9868472,0.99311537,0.98415315,0.98311144,0.9692221,0.9863779,0.9775937,0.9862776,0.97991973,0.9760573,0.98479986,0.98499584,0.9815496,0.9724844,0.9849161,0.98439753,0.98233664,0.9739281,0.98678,0.99082565,0.9908743,0.98660725,0.9861861,0.9826473,0.99116164,0.9734495,0.98075396,0.9882122,0.9800045,0.98320246,0.9890425,0.97939414,0.9870526,0.9888381,0.9948846,0.9828894,0.9819486,0.98357576,0.98679614,0.99015784,0.99347466,0.98271877,0.96146786,0.98182786,0.9875186,0.9801048,0.9856982,0.8814983,0.98263186,0.98577356,0.9839507,0.9916756,0.98631537,0.98106545,0.9851409,0.9961664,0.9821446,0.98811567,0.9844114,0.98444533,0.9799244,0.97440183,0.9851899,0.98432225,0.9859655,0.9825446,0.9830832,0.9842019,0.983539,0.98991305,0.9896714,0.99641925,0.9820754,0.98141795,0.9856482,0.9809387,0.97665,0.9845366,0.98362124,0.9829342,0.99230975,0.9784819,0.9796003,0.9811066,0.9810401,0.98135257,0.99576074,0.98096883,0.9850031,0.9815656,0.9882634,0.9878709,0.9725027,0.9884027,0.9848046,0.98708045,0.9939972,0.99318105,0.9837508,0.97150576,0.9885732,0.9859458,0.98943615,0.97957635,0.9836712,0.98653936,0.9887469,0.9897743,0.98235387,0.9810822,0.9863546,0.9800771,0.98573023,0.9885651
ladle,0.9848162,0.979943,0.9863491,0.9776322,0.9800055,0.97782713,0.96476793,0.9627322,0.9705924,0.97452086,0.98054886,0.9843338,0.9702983,0.9777761,0.97902125,0.98447406,0.98657644,0.97998816,0.9803926,0.98656195,0.9848884,0.97379094,0.97412485,0.9830923,0.980667,0.984954,0.9797346,0.9814897,0.980892,0.9776294,0.98599863,0.97508514,0.9766453,0.9670846,0.9826004,0.98585576,0.9849767,0.98028713,0.9825086,0.97424644,0.98243177,0.9861697,0.9814006,0.9820188,0.98803896,0.9712595,0.97913754,0.97431374,0.98079723,0.97130257,0.97660226,0.9764829,0.9639835,0.962206,0.9780027,0.97705036,0.95787686,0.9842891,0.9657419,0.984222,0.98747647,0.9783479,0.9829991,0.98073965,0.982516,0.9814549,0.9824035,0.9833992,0.9743004,0.9811151,0.97614604,0.9805831,0.96719897,0.98432904,0.97986454,0.97725487,0.9796281,0.9843887,0.980843,0.9824769,0.95952755,0.9866402,0.98449343,0.97656345,0.9812683,0.98725563,0.9827288,0.9866061,0.98819274,0.9876868,0.978471,0.9827096,0.9833581,0.9689349,0.9772293,0.9820718,0.97777134,0.98417073,0.9827389,0.9852537,0.98346925,0.98692244,0.97649485,0.97825724,0.973743,0.97235537,0.98252124,0.97005737,0.9736019,0.9798846,0.98260933,0.969197,0.97320724,0.96906126,0.97706354,0.9872502,0.95227844,0.6630595,0.9797089,0.9879246,0.9834238,0.98604304,0.9848633,0.9859988,0.9641072,0.97435266,0.97953844,0.9829894,0.97837603,0.9790015,0.97804874,0.98508525,0.9731519,0.9847619,0.97847736,0.9787105,0.98178697,0.9855167,0.98432606,0.9867688,0.9999998,0.9760032,0.9778913,0.98383945,0.9793835,0.98520577,0.9811905,0.98245734,0.9809288,0.98737246,0.9824027,0.98171747,0.9896645,0.97643983,0.9691237,0.9752382,0.97534573,0.98023033,0.98626786,0.9831049,0.9805215,0.9653621,0.98085004,0.9760883,0.98323345,0.9749458,0.9836143,0.9827065,0.9815694,0.9743308,0.96855086,0.97833276,0.9784103,0.9809866,0.9728587,0.9845489,0.9881909,0.9875951,0.986541,0.98346895,0.97518563,0.98267984,0.967319,0.9777769,0.98311675,0.97859395,0.9796771,0.98509,0.9699731,0.98296857,0.98578686,0.9854725,0.976321,0.97482795,0.98318374,0.9787242,0.98422414,0.98732877,0.978675,0.9504785,0.9780473,0.986528,0.9744926,0.9818753,0.8839463,0.9799802,0.9804556,0.9786487,0.9892878,0.9834156,0.9764506,0.983758,0.9871951,0.97366834,0.98726034,0.97909063,0.9756496,0.9773221,0.9738271,0.9805611,0.97836584,0.98193663,0.9771339,0.9835447,0.98166436,0.9829166,0.9840966,0.9828544,0.98602384,0.97893244,0.979389,0.9805586,0.9775033,0.9729224,0.98023456,0.9805139,0.9797529,0.9880562,0.97399545,0.97035766,0.97474664,0.978321,0.9771808,0.9874324,0.9738306,0.9806202,0.9765624,0.9813569,0.9858949,0.96744144,0.98409665,0.9788451,0.9809915,0.9878619,0.984683,0.9803151,0.97164214,0.98363364,0.981539,0.9850326,0.9759939,0.97670174,0.98279315,0.9872458,0.98231936,0.9769499,0.9770394,0.98177564,0.9743395,0.9815622,0.9840987
seasoning,0.9833729,0.9784759,0.9798122,0.97923493,0.9758791,0.9778478,0.95884365,0.95882314,0.9659933,0.9801172,0.9771255,0.98127663,0.9720808,0.979352,0.9807167,0.98215425,0.9776441,0.97946525,0.97851187,0.98316205,0.9739724,0.971346,0.9714514,0.97778696,0.9746692,0.9805369,0.97610134,0.98237693,0.98300266,0.97951967,0.980139,0.97278404,0.97449833,0.9564768,0.9791805,0.98233163,0.9839065,0.97327936,0.9773986,0.9696597,0.9839295,0.9786633,0.9759962,0.9776967,0.98791474,0.96759385,0.9741946,0.9734879,0.97819316,0.97076315,0.97258747,0.9779067,0.96184003,0.9609109,0.97888184,0.9764736,0.9737823,0.98309493,0.97009224,0.98354757,0.98212636,0.9739683,0.9816092,0.9788061,0.9826088,0.9811763,0.98073506,0.9787101,0.9727802,0.9774705,0.97589844,0.977632,0.97742546,0.9804114,0.97915167,0.97775537,0.9840028,0.98424506,0.97977275,0.98052716,0.95189744,0.981213,0.98267865,0.9758939,0.9824727,0.98145145,0.98124427,0.9838321,0.9816281,0.9810918,0.98076314,0.9776192,0.9820764,0.9655138,0.9882157,0.9772338,0.9731086,0.98727286,0.98201376,0.98249686,0.9813128,0.98333746,0.9746158,0.9734798,0.9696715,0.9722866,0.9767451,0.966487,0.9719459,0.9808777,0.984137,0.96658945,0.9740284,0.9795512,0.9811228,0.98111635,0.9575014,0.6490241,0.97518873,0.98298573,0.9826171,0.9829826,0.9818928,0.98095906,0.9664603,0.972042,0.9797206,0.98791254,0.9804838,0.9828543,0.97670424,0.98117447,0.974862,0.9805285,0.9719091,0.9793722,0.9786911,0.9822424,0.98018885,0.98120767,0.9760032,1.0,0.9755394,0.98731744,0.9724799,0.98312,0.97997797,0.9784533,0.973942,0.97865415,0.9824917,0.9764549,0.9831172,0.9767414,0.9686942,0.97424704,0.98143333,0.9788269,0.98232216,0.97698814,0.97813183,0.96773833,0.9801385,0.97192097,0.9786116,0.9787466,0.9686705,0.98117346,0.97902215,0.97594494,0.96354854,0.9788025,0.97721887,0.9791017,0.9723504,0.9820191,0.9788261,0.9845443,0.98136324,0.979479,0.97234106,0.9802823,0.96798515,0.97606736,0.981029,0.97586673,0.97397363,0.9837401,0.9741992,0.98103297,0.98249316,0.98349,0.97294766,0.97360045,0.97922766,0.9781255,0.97726756,0.9827749,0.9787278,0.94349223,0.97809786,0.98038715,0.9822845,0.97872573,0.8785597,0.9771794,0.97997487,0.98173773,0.98472166,0.9793507,0.9715629,0.9819438,0.98223907,0.97572166,0.9808032,0.98435503,0.9775757,0.9760875,0.969076,0.97991025,0.976783,0.98173606,0.98101896,0.9814184,0.9810231,0.9759781,0.9789917,0.98757267,0.98233306,0.99392486,0.9810174,0.9796536,0.9788553,0.97215164,0.97726464,0.980151,0.976166,0.9840909,0.97813636,0.97360563,0.9791228,0.9700199,0.9798637,0.981873,0.9802973,0.9795202,0.97598326,0.9885609,0.98219025,0.9700635,0.9849299,0.97782975,0.9809965,0.9853701,0.9808066,0.9792315,0.9699707,0.978391,0.97774696,0.98476094,0.9764707,0.97923756,0.9755619,0.98583937,0.98184943,0.9830353,0.9766245,0.98378307,0.9756113,0.98312813,0.98327297
poke,0.9850676,0.9775265,0.97960085,0.97683007,0.97668135,0.9759811,0.961463,0.9572674,0.9735254,0.9740719,0.97950953,0.9819806,0.97291744,0.97547215,0.9777439,0.97998416,0.9819506,0.9804003,0.9746887,0.98003775,0.9733413,0.9689283,0.972258,0.9744473,0.97698313,0.9813909,0.9791784,0.97953707,0.9795956,0.98129857,0.982245,0.9725765,0.9809103,0.95447296,0.98168504,0.9817852,0.98150605,0.98041147,0.9810162,0.97243994,0.9846478,0.98143494,0.98082906,0.98132384,0.98274165,0.96931034,0.9717756,0.9751378,0.97845167,0.9668295,0.97289395,0.97663486,0.9750911,0.96830845,0.9766786,0.97953963,0.95382726,0.99565417,0.96218175,0.98463374,0.9810109,0.9723809,0.9857203,0.99409527,0.97511643,0.9853155,0.9803015,0.9851336,0.9716328,0.9770132,0.97172385,0.9781592,0.9657023,0.9870808,0.9834885,0.97622764,0.9808314,0.9821352,0.97904,0.9880828,0.9683554,0.9843324,0.9838217,0.974576,0.98280066,0.98530793,0.9785085,0.9803972,0.9819441,0.98507845,0.9836142,0.97900647,0.97978085,0.9642336,0.9823949,0.97983956,0.97986525,0.9782057,0.9749067,0.9827511,0.97492397,0.98216856,0.98721343,0.9832493,0.9678235,0.9868303,0.9820289,0.96812075,0.97809994,0.98121715,0.98092496,0.9776377,0.98310083,0.97123456,0.97761846,0.9821372,0.9484191,0.65728915,0.9736409,0.9820269,0.98054844,0.98226076,0.98029536,0.9848979,0.96296495,0.9840309,0.9805781,0.9804799,0.9772575,0.9798613,0.9750682,0.98533523,0.9768697,0.98290026,0.9731776,0.9716264,0.9794083,0.9873078,0.98245364,0.9830805,0.9778913,0.9755394,0.9999999,0.9792248,0.97218823,0.982715,0.9817164,0.9818396,0.97528374,0.98167086,0.9804687,0.98201114,0.98600304,0.97525465,0.9691815,0.9732969,0.9746392,0.97506684,0.98652774,0.9798668,0.97512746,0.96629936,0.9787359,0.9796025,0.9846753,0.9761022,0.9678716,0.9770739,0.9785117,0.9781668,0.9656127,0.9797773,0.97861296,0.9784862,0.977581,0.9823109,0.98209274,0.9881344,0.9818808,0.98677075,0.98072517,0.98532116,0.9679817,0.98678166,0.9809723,0.97194266,0.97570235,0.98240924,0.9722642,0.9810596,0.98447853,0.98229903,0.98162776,0.97403777,0.98152876,0.97955304,0.97873497,0.98340964,0.9799388,0.94754773,0.9802934,0.9839545,0.9747841,0.9805624,0.8754632,0.97699726,0.9820935,0.9784985,0.98413426,0.980259,0.9756044,0.9775598,0.9851917,0.9757696,0.98195857,0.978249,0.9765758,0.9868058,0.9783943,0.9791572,0.9871425,0.98118585,0.97888225,0.981168,0.98167807,0.97718036,0.9817705,0.9826743,0.983006,0.97749686,0.97234964,0.98925436,0.978017,0.9813093,0.98388946,0.98156315,0.98360157,0.98371726,0.97552925,0.97297686,0.97798187,0.97565585,0.97737515,0.9831219,0.9754579,0.98327345,0.9824647,0.9837463,0.9863393,0.96707845,0.98229265,0.97701156,0.98176247,0.985299,0.98353165,0.98102015,0.9645359,0.9836181,0.9790337,0.9811984,0.9772774,0.97927904,0.97671306,0.98308825,0.9863527,0.9776308,0.97591615,0.9811081,0.97672343,0.98249996,0.98076606
dress,0.9892164,0.98338026,0.98455733,0.9803712,0.98084795,0.98116124,0.9652264,0.96030277,0.9723895,0.97988725,0.98317003,0.98533994,0.9718058,0.9786479,0.98537517,0.98495615,0.9835964,0.98316073,0.983877,0.9866753,0.9792875,0.97606856,0.9781853,0.9815242,0.9836777,0.9897454,0.97791934,0.98777056,0.98509854,0.98223436,0.98508066,0.97489405,0.9808692,0.97100157,0.98664844,0.9884447,0.98841375,0.98133874,0.98317224,0.9746231,0.9862122,0.98316395,0.9813296,0.98267406,0.9938236,0.97126275,0.9818632,0.97819096,0.9831202,0.97607195,0.97993684,0.9790984,0.96562207,0.9673561,0.9822075,0.9790351,0.9637373,0.98727655,0.9788189,0.9890085,0.98688006,0.982771,0.9848773,0.9836718,0.98955286,0.98443514,0.9868007,0.9855367,0.9745173,0.98043346,0.97958386,0.98280215,0.97852045,0.984329,0.98255926,0.98008186,0.9861044,0.98938954,0.9811528,0.98411316,0.9613855,0.9883248,0.9872806,0.97981906,0.9861855,0.9865122,0.9857402,0.989121,0.98649657,0.98874396,0.98223144,0.98283476,0.9854108,0.97088426,0.98646444,0.98158187,0.9789443,0.9896993,0.9851603,0.9848256,0.98188365,0.98704374,0.977946,0.9771906,0.9745272,0.97742206,0.983421,0.9750636,0.9788313,0.9869858,0.9874658,0.9707352,0.97789705,0.9799678,0.9822509,0.9880913,0.96431,0.6567412,0.9829969,0.98810136,0.99012935,0.98823404,0.98508924,0.9874728,0.972137,0.97894543,0.98247224,0.9912309,0.98364526,0.9831754,0.978593,0.987632,0.9788357,0.9867623,0.97648865,0.98115236,0.9849567,0.9880583,0.9895758,0.9854689,0.98383945,0.98731744,0.9792248,1.0,0.97957754,0.98739773,0.9889948,0.98310995,0.9803419,0.9849417,0.98628974,0.9809552,0.9903938,0.98128897,0.9695663,0.979487,0.97846115,0.9822377,0.98664075,0.98538953,0.98132575,0.96451205,0.9855323,0.9786279,0.9857444,0.97972673,0.97568613,0.984733,0.98273706,0.97742295,0.9694796,0.9801758,0.9820175,0.98161936,0.977694,0.98771447,0.9853004,0.9917045,0.99419844,0.9855713,0.97777313,0.9848786,0.9764657,0.9785449,0.98639417,0.9825979,0.98397076,0.98908526,0.97869563,0.98399484,0.98786956,0.9867484,0.9780325,0.9802263,0.98481596,0.9812516,0.98360646,0.98826736,0.9830871,0.9526537,0.9821423,0.9864823,0.97912335,0.98553234,0.88322985,0.9847537,0.9844315,0.98004997,0.98763937,0.9869498,0.9821902,0.9841772,0.9858925,0.9809199,0.98843205,0.98851824,0.97991365,0.9820219,0.9790568,0.9821073,0.9808059,0.98461425,0.98052996,0.98701614,0.9875429,0.981105,0.9832076,0.9886496,0.9867216,0.99132246,0.98551124,0.9825489,0.9819567,0.9741811,0.98229825,0.9872207,0.98254,0.99036366,0.9787444,0.977539,0.9839485,0.9749729,0.98346686,0.98623794,0.9792025,0.9858027,0.98172706,0.98769087,0.9879748,0.9759909,0.98826796,0.98217773,0.9851252,0.9885103,0.98541427,0.9855355,0.9718083,0.98395485,0.9816945,0.98902875,0.98408985,0.9833282,0.9797561,0.9888979,0.98521745,0.9808499,0.98246306,0.9893286,0.977232,0.9860563,0.9866492
burn,0.9819362,0.97454983,0.97407615,0.9711078,0.9731776,0.9715986,0.96161085,0.9530603,0.9672619,0.97224283,0.9782961,0.9793396,0.96638614,0.9727194,0.9722839,0.9733559,0.97660476,0.9742431,0.98048824,0.97748345,0.97135484,0.96727747,0.980711,0.9782382,0.9767151,0.97754323,0.97058785,0.9749854,0.97478306,0.978234,0.9779196,0.9626817,0.9808873,0.9704133,0.9799767,0.9888006,0.9821652,0.9749084,0.98882294,0.96873605,0.9778954,0.979378,0.9733491,0.97326416,0.98284656,0.9659441,0.9722112,0.9699668,0.9821863,0.9679912,0.9733843,0.97594756,0.95975524,0.9596341,0.97896266,0.9795689,0.95174474,0.97895336,0.96420616,0.97954696,0.99152094,0.9797897,0.97594965,0.97358215,0.97902846,0.9768064,0.9760472,0.9778038,0.9646453,0.980305,0.96839553,0.9792322,0.9634975,0.9785058,0.9717959,0.97928303,0.9762204,0.9757208,0.9794465,0.9758862,0.951485,0.9780272,0.9742276,0.97187126,0.97766626,0.9759033,0.9755953,0.98261833,0.9761005,0.9796664,0.97799695,0.96996784,0.9757648,0.96612436,0.97649854,0.9793841,0.97238,0.97475773,0.9743832,0.9748638,0.9803972,0.97930056,0.97140294,0.9768489,0.96793383,0.9692703,0.97401625,0.9651025,0.9718172,0.9774866,0.97493047,0.9655986,0.97328687,0.9652945,0.97462857,0.97803235,0.94454765,0.66572183,0.9737665,0.9853468,0.9826565,0.9810054,0.9854792,0.9779013,0.9662724,0.9711145,0.9712667,0.9847581,0.9777428,0.9753092,0.9701972,0.9789189,0.9696429,0.9784846,0.9726274,0.9782482,0.97784597,0.97866666,0.9783789,0.9800283,0.9793835,0.9724799,0.97218823,0.97957754,1.0000001,0.975317,0.97714853,0.9726647,0.97841346,0.9842753,0.97985077,0.973208,0.978024,0.975733,0.96319073,0.96945965,0.96593976,0.97676146,0.9877273,0.97611654,0.9719368,0.95943177,0.9814906,0.9741629,0.97653335,0.9717742,0.9673114,0.97456664,0.97194344,0.972421,0.965253,0.9815486,0.97327137,0.9756598,0.9670061,0.97598577,0.9803378,0.97934395,0.97728425,0.9800103,0.9731993,0.97607774,0.9710828,0.97595507,0.97905266,0.9778665,0.9697431,0.98124814,0.9616793,0.98044294,0.9791107,0.98056006,0.9712031,0.9735534,0.97736794,0.9718964,0.98225,0.98856974,0.9761199,0.94539845,0.9721558,0.97917265,0.9747308,0.9733377,0.8754238,0.9805253,0.9764709,0.9720001,0.98191077,0.9786988,0.9765188,0.9821102,0.9826591,0.97139484,0.9777251,0.9772316,0.9789497,0.9756914,0.9708861,0.97109103,0.9746874,0.9748382,0.9732369,0.9760803,0.97556573,0.9728335,0.97615004,0.9804947,0.98572665,0.97336817,0.9733463,0.97561747,0.9714441,0.96799797,0.9761946,0.9733618,0.97775096,0.97707903,0.97214586,0.970389,0.9735962,0.9761183,0.97572774,0.9841217,0.974456,0.97610676,0.97179073,0.9767623,0.9795539,0.9659472,0.98386836,0.9756838,0.97992754,0.98741466,0.9882584,0.97455394,0.9651365,0.97592646,0.977019,0.97866976,0.97430456,0.9728198,0.9734167,0.9865918,0.9763844,0.97207934,0.97271925,0.9764525,0.96841043,0.97604704,0.97775036
reduce,0.98845637,0.9862481,0.98664325,0.985609,0.98234576,0.98357314,0.9722378,0.96515805,0.97468126,0.98097914,0.98559105,0.98523813,0.9733292,0.98220927,0.98564935,0.9897299,0.9878104,0.9879042,0.97859085,0.9891947,0.97957194,0.9758469,0.97397035,0.982203,0.98234946,0.9851028,0.9855781,0.9866214,0.9858201,0.9825219,0.9942991,0.9848799,0.9803567,0.9641718,0.98372644,0.9865372,0.98955214,0.9821951,0.98176825,0.97769755,0.98893285,0.98537457,0.98465097,0.9863737,0.9910623,0.97629535,0.9864244,0.9805439,0.9823417,0.97302145,0.98032427,0.9784386,0.9673085,0.96762335,0.9811068,0.9804222,0.96220887,0.98928785,0.9722746,0.98677605,0.98557967,0.9831744,0.9885357,0.9851104,0.98540777,0.98835206,0.9870024,0.9864836,0.9730434,0.9817952,0.9783828,0.98435736,0.9708976,0.9865221,0.9865005,0.9806013,0.988283,0.9876234,0.9838504,0.9883068,0.9624514,0.99338055,0.9903599,0.98009735,0.98958856,0.993788,0.9854973,0.9868715,0.9898133,0.98652655,0.9857285,0.98628604,0.98706007,0.9762075,0.98575455,0.9836726,0.9847928,0.98775584,0.9862956,0.99013275,0.9817201,0.9924564,0.98159075,0.9826478,0.972903,0.97937,0.9924757,0.97417676,0.98433465,0.98671883,0.98899394,0.9717487,0.9799008,0.9793363,0.98262423,0.99042135,0.96266526,0.65949124,0.98710686,0.9875596,0.98846424,0.9867323,0.9855728,0.99074584,0.969836,0.9784365,0.9853293,0.98653233,0.985746,0.9851797,0.9808378,0.98970455,0.97970015,0.9905148,0.98254216,0.9789682,0.98726654,0.98737293,0.98529077,0.9895487,0.98520577,0.98312,0.982715,0.98739773,0.975317,1.0000002,0.9824631,0.98568875,0.9799068,0.9871411,0.9903714,0.98474425,0.98925865,0.9812511,0.9726669,0.98064286,0.9820694,0.9815602,0.98702127,0.98421425,0.9840262,0.967831,0.9888103,0.9784181,0.9880581,0.9845724,0.98016065,0.9829749,0.9852045,0.98097944,0.9744036,0.9812407,0.9843425,0.9842263,0.9775314,0.9880358,0.99182886,0.9919037,0.9861968,0.9855459,0.979558,0.98663825,0.972878,0.9811468,0.9863958,0.98311853,0.9800916,0.9873193,0.9810732,0.98848075,0.9875128,0.99033916,0.97954047,0.98100734,0.9848644,0.9849286,0.9841449,0.9872763,0.98446614,0.95624197,0.9840681,0.9867754,0.98101705,0.98645824,0.8824572,0.9846914,0.98822033,0.9848013,0.99117434,0.98531985,0.97857916,0.9839491,0.98984784,0.9805493,0.9905611,0.9876318,0.98078424,0.9800271,0.9738768,0.98801666,0.98330724,0.9842814,0.9817006,0.98461735,0.98870146,0.9827798,0.9876618,0.9889936,0.98747635,0.9849752,0.9847328,0.98660225,0.98433,0.9757244,0.98647964,0.9823727,0.98163664,0.9910705,0.98453933,0.97748816,0.9864469,0.9764293,0.9853638,0.98987025,0.98029923,0.98475754,0.9856972,0.98946875,0.98735577,0.97476166,0.9897739,0.98237735,0.98661375,0.98918664,0.9855447,0.9866388,0.97596145,0.9922948,0.983408,0.9886937,0.98244643,0.9838979,0.98182404,0.99014,0.98724234,0.98264444,0.9854765,0.9892673,0.9776473,0.9893525,0.9875533
dust,0.9863917,0.9815953,0.9824717,0.9785737,0.98445374,0.97870636,0.96151614,0.9563532,0.9690928,0.9765338,0.9792103,0.98194194,0.9711235,0.979229,0.982095,0.9788959,0.9806836,0.9819137,0.97867155,0.982665,0.97782,0.9721121,0.9771904,0.9803987,0.9794681,0.9871329,0.97729987,0.983236,0.98249114,0.98004,0.98272085,0.9712629,0.98362255,0.96129566,0.9894138,0.9852226,0.9852615,0.9773942,0.98314655,0.97116625,0.98603046,0.9825146,0.980217,0.98143333,0.9882274,0.96666735,0.9777827,0.97744876,0.9818611,0.97381055,0.9771598,0.9784624,0.96573484,0.9671752,0.97900736,0.97907037,0.95791095,0.9855208,0.9717515,0.9848773,0.98579615,0.9783409,0.98548484,0.98364234,0.9826139,0.98381686,0.9849598,0.98431337,0.971,0.98146826,0.97584677,0.9796016,0.9736483,0.9844244,0.97924405,0.9784462,0.9824126,0.9877092,0.98057014,0.98484457,0.96381706,0.9839392,0.98491794,0.97868705,0.98370796,0.98527867,0.9848611,0.98577684,0.9837124,0.9898243,0.98065203,0.9802238,0.9864131,0.9673084,0.9830036,0.98201835,0.9760274,0.98307145,0.9799211,0.981811,0.98036975,0.98284817,0.98190254,0.9803551,0.97377735,0.9788305,0.98040473,0.96949613,0.9763317,0.9842715,0.98536384,0.9731823,0.9786114,0.9736011,0.9819502,0.9851227,0.9574826,0.6719007,0.9789873,0.98607665,0.9870352,0.9851217,0.9846128,0.9845831,0.96599674,0.982443,0.97922194,0.9862825,0.98326004,0.9819681,0.9770766,0.98572576,0.9743339,0.9838207,0.9748674,0.9791014,0.98059374,0.9876226,0.987357,0.9850946,0.9811905,0.97997797,0.9817164,0.9889948,0.97714853,0.9824631,1.0000002,0.9808608,0.9751646,0.98363733,0.9829425,0.9796656,0.98665935,0.9769776,0.968153,0.97802776,0.9758447,0.9803024,0.9858037,0.9826056,0.97890866,0.96327835,0.98254275,0.9761161,0.98313594,0.978577,0.9733184,0.9835505,0.98089373,0.97550005,0.9653714,0.97965443,0.9825009,0.98004967,0.9740772,0.9860362,0.98218024,0.9880135,0.9890242,0.9838667,0.97578263,0.9848541,0.9678933,0.9788458,0.9865616,0.97727823,0.9843507,0.9857064,0.97450864,0.9819312,0.9894005,0.9845493,0.97886765,0.97565764,0.98139095,0.9787761,0.98282665,0.98772275,0.98192585,0.94561684,0.97905695,0.98413044,0.9749495,0.9824158,0.88166624,0.98151845,0.97990984,0.9791316,0.985534,0.98268,0.9788984,0.98036104,0.9855497,0.9797331,0.98345405,0.9836694,0.9781156,0.9879841,0.9816353,0.980779,0.98097444,0.981859,0.9771065,0.9837602,0.9818083,0.9782949,0.9817008,0.98534256,0.98513395,0.98443323,0.9766674,0.98296165,0.9795995,0.97428626,0.98155403,0.9831151,0.9806725,0.9867035,0.9759816,0.9760314,0.97883976,0.97500634,0.9800359,0.9854579,0.9742432,0.98617077,0.9808583,0.9852818,0.9866537,0.969661,0.9843316,0.97992694,0.9836524,0.9867562,0.9844701,0.9825576,0.9678831,0.98063207,0.9817507,0.9849677,0.97964966,0.9786398,0.97852457,0.9862265,0.9842686,0.97861737,0.97840834,0.9854782,0.97315925,0.98303133,0.9836729
stack,0.98491436,0.9829477,0.98313224,0.9835748,0.97970295,0.98166054,0.96431464,0.9705348,0.97473747,0.9755587,0.97974354,0.98527145,0.977062,0.9780761,0.98377645,0.98497236,0.9852583,0.9857054,0.98000354,0.9866927,0.98133683,0.97507155,0.9732679,0.9812785,0.985767,0.983635,0.9830296,0.9810542,0.9833965,0.98327875,0.9860846,0.977123,0.9806289,0.9644995,0.9842064,0.9842462,0.9858126,0.97988266,0.9830867,0.9752102,0.986624,0.9834313,0.98147136,0.9870126,0.98654705,0.97070265,0.97816455,0.9808558,0.98350286,0.9707925,0.98307383,0.9779549,0.9712124,0.9678711,0.9780718,0.9805284,0.95964503,0.9877199,0.9693125,0.98582554,0.9846356,0.9790094,0.9881095,0.98207307,0.98071796,0.98872787,0.98316,0.98521274,0.9768729,0.98091793,0.978426,0.9846103,0.97045314,0.98722905,0.9898881,0.97515464,0.9839948,0.98397833,0.9812347,0.9874827,0.96484613,0.98571825,0.98708946,0.97918,0.98617244,0.985616,0.98446864,0.98302644,0.98563135,0.9832051,0.983679,0.98524374,0.9875517,0.9697786,0.9800798,0.98572874,0.97940606,0.9822144,0.9775474,0.9860483,0.98081195,0.9852225,0.9831081,0.9819771,0.9726329,0.9779859,0.98371124,0.9783913,0.97915816,0.98434883,0.98606455,0.97650677,0.9810799,0.97437555,0.9803338,0.9859962,0.9581952,0.66174173,0.97904515,0.984811,0.9830615,0.9851377,0.9844783,0.9842666,0.9614928,0.9783031,0.9867146,0.9811839,0.9794791,0.98246646,0.9802298,0.98481035,0.97408146,0.9856565,0.9753531,0.9767765,0.98161525,0.9837887,0.98184603,0.9881231,0.98245734,0.9784533,0.9818396,0.98310995,0.9726647,0.98568875,0.9808608,1.0,0.9774064,0.9827483,0.98562515,0.9844016,0.9876091,0.9827501,0.9695496,0.9754062,0.9827298,0.97853124,0.9866087,0.9873022,0.98542935,0.9690321,0.9781077,0.97669977,0.9821633,0.9804819,0.97500044,0.9809846,0.9856274,0.9849539,0.9705864,0.98036546,0.9860244,0.9796668,0.9743826,0.98784,0.9846856,0.9857769,0.98590446,0.9863673,0.9802734,0.98739386,0.96714354,0.9805354,0.9842644,0.9766603,0.98100746,0.9864662,0.97359234,0.9834792,0.98544884,0.98611075,0.98292184,0.9814186,0.98869526,0.987285,0.9848706,0.98604083,0.9859106,0.9560641,0.9841464,0.9839355,0.9771394,0.98728013,0.87711394,0.9819408,0.9862389,0.9840408,0.98898745,0.98170626,0.97525567,0.98153174,0.9882094,0.97940016,0.9867965,0.98251826,0.9824284,0.9771673,0.97529984,0.9839839,0.98576254,0.98102176,0.98177123,0.9808244,0.9845107,0.9833174,0.9862632,0.9849757,0.9876427,0.9791715,0.97970486,0.9857839,0.9797195,0.97797966,0.9857416,0.9829064,0.9814923,0.9866534,0.97933376,0.9765708,0.9787211,0.9772062,0.97754896,0.9864885,0.97779834,0.98113286,0.9812912,0.984072,0.98662585,0.96937156,0.98607254,0.982309,0.98723686,0.98773944,0.9855403,0.980793,0.96869075,0.9832925,0.9806449,0.9851092,0.9748123,0.98726535,0.9783662,0.98681086,0.98980176,0.98105466,0.977391,0.9855796,0.9777156,0.98657495,0.9832676
reheat,0.979114,0.97702336,0.97807586,0.9741555,0.9729471,0.97439736,0.95906425,0.9560943,0.96807057,0.9705109,0.97708344,0.98027325,0.9673662,0.9726007,0.9741308,0.9779324,0.98168737,0.9768234,0.976945,0.9791737,0.9726088,0.9704196,0.9691012,0.97917825,0.976298,0.97773796,0.97563857,0.9765155,0.9747471,0.97554564,0.9793101,0.97013843,0.9724974,0.96875465,0.97709453,0.98386866,0.98273903,0.9747517,0.98035127,0.9692842,0.97936314,0.981992,0.97997034,0.9779359,0.9825135,0.9663733,0.9731717,0.9741243,0.98434377,0.96740013,0.9740613,0.9722887,0.9627882,0.9597747,0.97648305,0.97874427,0.95303637,0.9827691,0.9676234,0.98150927,0.98607814,0.97745544,0.9765673,0.9777359,0.9791065,0.9775278,0.9792967,0.9783174,0.9667846,0.97882307,0.9740636,0.9810412,0.9705303,0.9793301,0.97671086,0.97372663,0.97729343,0.9811869,0.97741365,0.97568953,0.9499465,0.9812965,0.9803929,0.97184956,0.9799073,0.9795461,0.97974664,0.9821882,0.97841984,0.97954327,0.9761952,0.97631663,0.9772429,0.96484274,0.97613704,0.98101795,0.9737005,0.9760042,0.9750557,0.98034865,0.9782522,0.9798658,0.97160226,0.9750632,0.9719101,0.9718169,0.97612804,0.9679145,0.9716462,0.9771701,0.97873175,0.97053397,0.97252333,0.96823555,0.9759788,0.9787596,0.9529526,0.662339,0.9765729,0.98304296,0.9802795,0.9826257,0.9849754,0.9816034,0.9652911,0.9715888,0.97729033,0.9787467,0.9755156,0.97629535,0.97421646,0.98113006,0.97122097,0.9817123,0.97197056,0.9762656,0.97845685,0.978906,0.9775898,0.98304796,0.9809288,0.973942,0.97528374,0.9803419,0.97841346,0.9799068,0.9751646,0.9774064,0.9999998,0.98328835,0.9793311,0.97570413,0.98126125,0.97688884,0.9629388,0.9703056,0.97466487,0.9849374,0.9820176,0.9800782,0.97653854,0.959619,0.9778287,0.97034776,0.9787718,0.9716876,0.9660305,0.97661245,0.97495127,0.97320426,0.9659997,0.9751558,0.97564995,0.9730424,0.9677993,0.9769754,0.9828819,0.98248976,0.98145455,0.97867495,0.97900385,0.97957903,0.96350485,0.9752358,0.9803038,0.97662586,0.97195834,0.9818458,0.96918094,0.9844423,0.98099506,0.98095655,0.9727402,0.97629356,0.9806229,0.97514385,0.98008764,0.9838916,0.9746957,0.94439274,0.9746899,0.98122686,0.9731645,0.97726095,0.8700259,0.9793088,0.9792306,0.9780408,0.9838386,0.9822891,0.9705277,0.9791296,0.9825472,0.9723974,0.9802396,0.97533983,0.9733593,0.9723372,0.9703165,0.9748104,0.975712,0.97582257,0.9747018,0.9776672,0.9787539,0.9778859,0.97763795,0.9799606,0.98282504,0.975455,0.97621334,0.9774877,0.9718673,0.9687209,0.97442013,0.97604376,0.9758961,0.98089504,0.9720795,0.9689696,0.9751769,0.9689876,0.9734475,0.9827323,0.97173417,0.97461575,0.97583294,0.97832716,0.98062384,0.96318775,0.98134243,0.9876584,0.9795096,0.9838884,0.980877,0.97620475,0.96436596,0.97659594,0.9875905,0.9813551,0.9732732,0.9766402,0.9866099,0.98500216,0.97928435,0.9727433,0.97004354,0.97897077,0.9716283,0.9785986,0.97798765
dripping,0.9904557,0.98629564,0.9876401,0.98044384,0.9802635,0.9824787,0.97011274,0.96380436,0.97530365,0.97813535,0.98249024,0.9866434,0.9751229,0.98033947,0.982444,0.9874933,0.9877253,0.98576534,0.9825939,0.9891908,0.9784041,0.97618717,0.9835383,0.9833775,0.9849359,0.98718095,0.9818966,0.9826328,0.98241144,0.97987163,0.9884682,0.97465247,0.98496664,0.9704866,0.9872802,0.990451,0.98638946,0.97941715,0.98609185,0.9779183,0.9849685,0.9895427,0.9852768,0.986207,0.9917394,0.97130394,0.9808576,0.98062724,0.98692656,0.97572464,0.982193,0.981385,0.96913815,0.9675662,0.9843458,0.9799897,0.96021146,0.98714817,0.9688558,0.98651814,0.9895938,0.9854655,0.9838593,0.9839798,0.9860056,0.9846093,0.98276037,0.9854149,0.9760368,0.9820083,0.978211,0.98704016,0.9689286,0.9846334,0.9803551,0.98396105,0.98288316,0.98615843,0.9845031,0.98365766,0.960122,0.9897074,0.98848546,0.978091,0.98617476,0.9897941,0.9868788,0.9873596,0.9884642,0.99041295,0.98556185,0.98469394,0.98455465,0.96971,0.9830694,0.9869781,0.9803103,0.98223484,0.98634815,0.988341,0.98183185,0.9883323,0.9791456,0.9806585,0.97679675,0.97685176,0.98477,0.9704903,0.9771045,0.9841522,0.9846549,0.9738357,0.97750574,0.9726245,0.9822676,0.98902637,0.952384,0.67197806,0.9821595,0.9921031,0.9881036,0.9859957,0.98873717,0.9868078,0.96985567,0.97921145,0.9812163,0.98296744,0.9841388,0.9835734,0.98141605,0.9868043,0.976885,0.9864877,0.9849321,0.97952765,0.9837664,0.98856044,0.985992,0.9916836,0.98737246,0.97865415,0.98167086,0.9849417,0.9842753,0.9871411,0.98363733,0.9827483,0.98328835,1.0000002,0.9871613,0.9830012,0.9881368,0.98014027,0.968642,0.9784985,0.97743946,0.98235947,0.9907359,0.98372144,0.9815714,0.9636175,0.9860957,0.97891706,0.9846672,0.97840965,0.9726795,0.9818565,0.98221415,0.97751904,0.96887994,0.9849776,0.9808403,0.9806084,0.9737141,0.98434603,0.99397063,0.98908186,0.9857318,0.9856607,0.97828645,0.9861225,0.9735945,0.98028445,0.98910975,0.9826876,0.98191845,0.98822635,0.97277987,0.9858292,0.9866482,0.9892252,0.97958314,0.98140526,0.98324907,0.98274183,0.9891221,0.99151397,0.9808338,0.9547807,0.98095167,0.98601156,0.9779519,0.9840178,0.8799576,0.9839147,0.9845115,0.98096424,0.991146,0.9867962,0.97982085,0.9849952,0.9923189,0.97982204,0.9867181,0.9830523,0.9830802,0.97829306,0.97825986,0.9817425,0.9831668,0.98533386,0.9787612,0.9841238,0.98404354,0.9827512,0.9866144,0.98648083,0.9907988,0.98034,0.9809391,0.98406184,0.98063195,0.97684425,0.9827449,0.98335534,0.98294586,0.98903245,0.97778517,0.9773207,0.97974586,0.9792623,0.97938704,0.99241614,0.9771192,0.98290527,0.9787121,0.98515683,0.98605454,0.97011256,0.9891631,0.98353136,0.98690337,0.99003583,0.9899723,0.982567,0.9765852,0.9868178,0.9841454,0.9887482,0.979813,0.97963506,0.9832242,0.98828316,0.98495096,0.9792419,0.980911,0.9848616,0.9754453,0.9845495,0.98605716
transfer,0.98887986,0.98654723,0.98330516,0.9857111,0.98353755,0.98290426,0.9683149,0.9670297,0.9760314,0.98147297,0.9869529,0.985675,0.97539276,0.98086977,0.98493814,0.9833479,0.9837441,0.9872168,0.9817129,0.9842033,0.97938013,0.9772706,0.97497076,0.98278785,0.98360723,0.98445374,0.9805022,0.9845291,0.98580647,0.98179275,0.98887223,0.97840834,0.98071736,0.968374,0.9840876,0.9877336,0.99017304,0.98075175,0.9848265,0.972504,0.991187,0.98425287,0.9822509,0.98302996,0.9885068,0.9764959,0.98678046,0.9790335,0.9825896,0.9743171,0.98397374,0.97894555,0.96673906,0.96971667,0.9843223,0.9790005,0.9589991,0.9865789,0.97181404,0.9896705,0.98757446,0.98498845,0.98803395,0.98332566,0.9826966,0.98854935,0.9853578,0.987705,0.97544414,0.98204154,0.9786359,0.9880846,0.9702973,0.9854872,0.9839956,0.9842683,0.99107236,0.9850842,0.9853205,0.98863125,0.9605928,0.98910886,0.9855674,0.98196244,0.990241,0.9887937,0.9865083,0.99155337,0.9832832,0.9847186,0.98787236,0.9823523,0.9881986,0.9743574,0.99020195,0.98689353,0.98057145,0.98348325,0.9785068,0.98482543,0.98131055,0.9913921,0.97972745,0.98003113,0.9746081,0.97725797,0.98498094,0.9774238,0.9781601,0.98736376,0.98800606,0.96926636,0.98185986,0.97672415,0.987532,0.98688996,0.9588576,0.6681261,0.9872568,0.98726815,0.9899528,0.9888294,0.98519415,0.9870509,0.97681767,0.9809408,0.98363394,0.9841143,0.9872799,0.986083,0.9823753,0.9872078,0.98165923,0.9870386,0.9817676,0.97962296,0.9879968,0.9875618,0.9857813,0.98734796,0.9824027,0.9824917,0.9804687,0.98628974,0.97985077,0.9903714,0.9829425,0.98562515,0.9793311,0.9871613,0.99999976,0.98473394,0.98613065,0.98595244,0.9736824,0.98066545,0.9798294,0.98290485,0.98672515,0.9857771,0.98366684,0.969601,0.98948073,0.97909164,0.98675394,0.98626405,0.9758534,0.982942,0.9848752,0.9823839,0.97430265,0.9834813,0.9848518,0.9846471,0.97494334,0.98824996,0.9885536,0.9863026,0.9852459,0.98628175,0.9766308,0.9880743,0.9729349,0.9811108,0.98557544,0.98713106,0.97820646,0.98920965,0.9733981,0.9876603,0.9897169,0.98991823,0.9793483,0.98409295,0.9857222,0.9860551,0.9852867,0.98776454,0.9821198,0.9485944,0.98206544,0.9886448,0.98307085,0.98553735,0.8775007,0.9881124,0.9882631,0.9817326,0.9897962,0.98754096,0.978737,0.9889552,0.98669916,0.98297185,0.9867883,0.9912475,0.98336875,0.9802299,0.9765728,0.99135166,0.98222476,0.9850492,0.9862432,0.98495793,0.98832256,0.98302466,0.9855394,0.99036247,0.9884215,0.98175544,0.9811706,0.98604786,0.9881792,0.9774854,0.9838937,0.9830938,0.9831655,0.98579687,0.9864151,0.9807841,0.989235,0.97426015,0.98787844,0.98803747,0.981884,0.98817796,0.9834745,0.9911237,0.98650753,0.97546804,0.9928978,0.98061806,0.99047965,0.99053293,0.9870484,0.98704994,0.97626853,0.9858196,0.9805334,0.98826087,0.9844814,0.9849279,0.98073244,0.9937694,0.9891902,0.98450524,0.9841471,0.9917588,0.98097175,0.9902576,0.9880274
soften,0.98626304,0.98570853,0.98194754,0.9824723,0.9765074,0.9799864,0.9663056,0.9603167,0.97495914,0.97500795,0.97899514,0.98617595,0.9738555,0.97708046,0.9834725,0.9837568,0.98246545,0.98710424,0.9764054,0.98377204,0.97494,0.974139,0.9732593,0.9773485,0.98545074,0.98024917,0.9829819,0.9822456,0.98712,0.9772132,0.98794484,0.97823805,0.9784308,0.9579852,0.97924304,0.9823479,0.9844543,0.97826815,0.97941697,0.97274375,0.98363954,0.9833733,0.98186225,0.9814896,0.9854746,0.9734915,0.97776496,0.9819135,0.98016423,0.9689302,0.9768516,0.977422,0.96884406,0.9642666,0.9768943,0.97748655,0.9540352,0.986262,0.9644013,0.9829564,0.9819711,0.9772025,0.9896087,0.98342025,0.97990394,0.989467,0.98073715,0.9897981,0.97743124,0.97569937,0.9755498,0.98675555,0.96746916,0.9836458,0.984981,0.97850543,0.98196685,0.9817737,0.9859484,0.9881264,0.95999235,0.9845612,0.9837606,0.97937834,0.98752624,0.9836413,0.97916037,0.98129207,0.9832496,0.9817721,0.9837253,0.9821193,0.9885824,0.9682293,0.97895664,0.9888811,0.9795361,0.9800194,0.9780396,0.9829502,0.97514385,0.98427,0.98250437,0.9801918,0.9716718,0.97836787,0.9823745,0.97470146,0.976087,0.9845712,0.98731315,0.9686597,0.9769076,0.9704946,0.9786735,0.9885024,0.9537577,0.6506322,0.9781615,0.98223203,0.9834258,0.9880048,0.9815773,0.9843213,0.9634482,0.976033,0.9859557,0.9792345,0.9805261,0.980117,0.9775837,0.98348457,0.9734854,0.984439,0.97732186,0.9754797,0.9805516,0.9822568,0.98016083,0.9842553,0.98171747,0.9764549,0.98201114,0.9809552,0.973208,0.98474425,0.9796656,0.9844016,0.97570413,0.9830012,0.98473394,0.9999998,0.9846645,0.9780008,0.9705329,0.97576344,0.9814858,0.9742715,0.985722,0.9891865,0.98493457,0.9683336,0.9814546,0.9766176,0.98218346,0.97782683,0.97217417,0.98043215,0.9866702,0.9798402,0.9706367,0.98364395,0.9879119,0.9823158,0.9757774,0.9900757,0.9843692,0.98528165,0.9814195,0.982928,0.9779052,0.9840888,0.9656297,0.9774492,0.9819814,0.9757706,0.97662395,0.9830514,0.9723708,0.98111486,0.98454136,0.9847301,0.9771245,0.97797483,0.9869495,0.9784931,0.98147523,0.98407036,0.9843634,0.95070225,0.9881163,0.98525053,0.97566193,0.98961926,0.87473786,0.98106515,0.9859732,0.98413193,0.98885345,0.9809331,0.97491693,0.9788391,0.98571503,0.97557133,0.98641735,0.9817296,0.97980976,0.97816557,0.97191787,0.98539287,0.981659,0.984362,0.9775876,0.9829005,0.9840107,0.9787271,0.9825504,0.9844323,0.9847678,0.97735137,0.9764075,0.98424923,0.97827137,0.97414,0.9793805,0.9802667,0.98114437,0.98381627,0.97736907,0.97504497,0.97811145,0.9770913,0.97903615,0.98349255,0.9757342,0.983214,0.9797836,0.9835348,0.98468345,0.96803695,0.98400694,0.9792229,0.98291683,0.9860244,0.9831865,0.98217565,0.96641815,0.98488235,0.98049796,0.9837532,0.97611713,0.9800328,0.97956455,0.9851694,0.98414785,0.98058015,0.9765876,0.98297757,0.9744414,0.98781455,0.9811524
drizzle,0.98827285,0.9847711,0.9906151,0.9815964,0.9849425,0.9826397,0.96642715,0.9637243,0.9750517,0.98044014,0.9820947,0.98710066,0.9783687,0.9822407,0.9843023,0.98877215,0.98984116,0.98637646,0.9811074,0.99021405,0.9876181,0.97885627,0.97704023,0.9854631,0.9840243,0.98760617,0.986407,0.98592806,0.9855312,0.9824744,0.9903396,0.9811307,0.9803625,0.964277,0.9876402,0.9885367,0.9890946,0.9861928,0.98536855,0.97803354,0.9883471,0.98871094,0.98491937,0.98903066,0.99243927,0.974534,0.98052895,0.9814978,0.98507667,0.9759462,0.97932935,0.98101646,0.9693556,0.9666729,0.98358995,0.98030907,0.9619984,0.99118596,0.9730617,0.9902931,0.9883444,0.98367673,0.9893315,0.9890489,0.98665845,0.9874179,0.98644036,0.98809737,0.97751695,0.9833095,0.9797763,0.98349965,0.9756651,0.98815304,0.98644143,0.9802143,0.986193,0.99170905,0.9840405,0.9883584,0.96303207,0.98999226,0.99364734,0.9801495,0.9860222,0.99179035,0.9868627,0.98756903,0.9924667,0.99136454,0.9848289,0.9889067,0.9871559,0.9736943,0.9854512,0.985121,0.9810253,0.98714936,0.9878188,0.9904273,0.98500645,0.9894355,0.9836291,0.9812792,0.97678196,0.97898054,0.98722434,0.97733724,0.9799327,0.985515,0.9882992,0.97431284,0.9804695,0.9772428,0.9842828,0.99257976,0.96606284,0.66901445,0.98179656,0.9903666,0.9872983,0.9868305,0.98845416,0.9898171,0.96877646,0.98018205,0.98350793,0.9882258,0.9836614,0.98591024,0.98136526,0.98881435,0.97844374,0.98844814,0.9814164,0.98266494,0.984095,0.9888141,0.9864305,0.99153125,0.9896645,0.9831172,0.98600304,0.9903938,0.978024,0.98925865,0.98665935,0.9876091,0.98126125,0.9881368,0.98613065,0.9846645,1.0000002,0.9796556,0.9743995,0.98003,0.9799438,0.9836963,0.99065244,0.98453766,0.98300576,0.96951336,0.9856208,0.9780036,0.9872848,0.98026717,0.98042506,0.9886768,0.9856912,0.98114544,0.97196317,0.9815919,0.98320276,0.9827844,0.98211503,0.98816633,0.9900731,0.9951172,0.9911019,0.9880914,0.9795599,0.9904795,0.972357,0.9831627,0.98860896,0.98106116,0.984807,0.98843616,0.9798632,0.987508,0.9892713,0.99019516,0.98133045,0.9793383,0.98530585,0.98568636,0.9869885,0.9907225,0.98338825,0.9588266,0.98269725,0.9886684,0.9799441,0.9858898,0.88926244,0.982064,0.98528755,0.9815268,0.99257857,0.98423225,0.9802485,0.9848827,0.9913977,0.97953784,0.99021894,0.98683083,0.9813436,0.9862225,0.97673434,0.9854506,0.9859383,0.98496914,0.98259526,0.987102,0.9851899,0.9846743,0.98763025,0.9897847,0.99059075,0.985723,0.9857799,0.9873495,0.9828414,0.976665,0.9846256,0.98637927,0.98383677,0.99354357,0.979372,0.97749966,0.9828895,0.9786439,0.982536,0.9907437,0.98045486,0.98566896,0.98224425,0.988055,0.98837876,0.9712958,0.9879175,0.9840289,0.9849591,0.9911972,0.9882473,0.9837218,0.97385526,0.98790073,0.98369193,0.9906281,0.9801154,0.9855065,0.9831077,0.9900801,0.9882114,0.9833979,0.98280483,0.9881544,0.9794307,0.98660654,0.98932976
arrange,0.9811382,0.9776342,0.97862506,0.9751596,0.973022,0.9761239,0.9592213,0.9581878,0.97072244,0.97200066,0.9823632,0.9801797,0.96762997,0.97439253,0.97763115,0.9795856,0.9811698,0.97769976,0.9805694,0.979805,0.9743649,0.9691923,0.9691295,0.9772849,0.9815277,0.978043,0.9745354,0.9771618,0.9795858,0.9762456,0.9809609,0.9701568,0.9754889,0.9702643,0.9813364,0.9820292,0.98134387,0.977081,0.97928303,0.9690057,0.9814166,0.9782468,0.97507215,0.9748295,0.98401785,0.96908224,0.97653055,0.9728033,0.97919613,0.9671909,0.9852455,0.97121614,0.9645272,0.95826477,0.97679216,0.97529894,0.9516194,0.9816226,0.9777899,0.9872566,0.9820786,0.9764166,0.9802927,0.97783566,0.9803971,0.98126787,0.977184,0.9798215,0.9731127,0.97646314,0.97441095,0.9830421,0.96834564,0.9798478,0.982654,0.97970796,0.98404014,0.97941965,0.9791527,0.9794915,0.95406777,0.9828871,0.97921073,0.9749884,0.98125756,0.98164356,0.97963846,0.985452,0.97877187,0.9795381,0.9807394,0.97891057,0.97902316,0.9679104,0.9810026,0.97987694,0.97565544,0.9786107,0.9751628,0.9799549,0.9759396,0.9831776,0.9739885,0.9748432,0.9663432,0.9739098,0.97849685,0.9771421,0.9707457,0.98177046,0.9802127,0.9731109,0.97332275,0.9724986,0.97931087,0.9788057,0.95944965,0.65867376,0.9779051,0.9812062,0.98489356,0.98512375,0.9801635,0.97928655,0.9731924,0.9722598,0.9779969,0.9794401,0.97992647,0.9813382,0.97882414,0.981676,0.97639614,0.9833207,0.97471744,0.97274125,0.9822319,0.9827085,0.98138607,0.9809536,0.97643983,0.9767414,0.97525465,0.98128897,0.975733,0.9812511,0.9769776,0.9827501,0.97688884,0.98014027,0.98595244,0.9780008,0.9796556,1.0000002,0.9681163,0.9734874,0.9759339,0.9781521,0.98044175,0.9807264,0.97707105,0.96008223,0.97926784,0.97355723,0.98060894,0.97851866,0.9683947,0.9742931,0.977747,0.9811066,0.97040933,0.9828457,0.97914857,0.9756696,0.9697136,0.9806414,0.98167473,0.98012054,0.9806533,0.9813401,0.97452515,0.9834833,0.97016716,0.97613436,0.98067456,0.9829052,0.97383755,0.9853467,0.96713924,0.98064804,0.98422754,0.9812681,0.9748961,0.98860425,0.97981346,0.98357123,0.98207927,0.98121136,0.9779127,0.9441019,0.97721654,0.982599,0.9761645,0.97890216,0.8778971,0.9841163,0.98417693,0.97800446,0.98129594,0.98298556,0.9756685,0.9843987,0.9806134,0.98092407,0.9782841,0.9829751,0.9767056,0.9719609,0.9712477,0.97837794,0.9767305,0.97703063,0.9778459,0.97870123,0.98164666,0.97905827,0.9805532,0.98442644,0.9812194,0.9772394,0.97601575,0.97941995,0.97752804,0.9734708,0.9772146,0.9781267,0.9802849,0.98008853,0.9778605,0.9778037,0.9829078,0.971846,0.9789872,0.98111624,0.9744028,0.9818041,0.97484916,0.98377746,0.9810522,0.9719568,0.98704624,0.9785034,0.98255,0.98298395,0.97950506,0.97977185,0.9706192,0.9790382,0.97752637,0.9820906,0.97966796,0.9840652,0.97567654,0.9871222,0.9827381,0.9742798,0.97943366,0.9855719,0.97298306,0.9841828,0.98120505
measure,0.9718871,0.9702952,0.9669489,0.968898,0.97052217,0.96828896,0.9540494,0.9514121,0.96161556,0.96743476,0.9696512,0.9752447,0.968367,0.96798205,0.96878076,0.97024906,0.96927506,0.9682505,0.9643802,0.969573,0.9691189,0.9611076,0.96297723,0.967251,0.96732014,0.96940416,0.9651657,0.96785426,0.972426,0.96991646,0.9738671,0.9618808,0.97076654,0.94705564,0.9723806,0.970704,0.9737369,0.98653233,0.9703471,0.9574454,0.9769975,0.9697831,0.97030866,0.9652034,0.9723339,0.96096873,0.9648928,0.9622661,0.96669984,0.9630362,0.9694305,0.96955013,0.9519305,0.95399356,0.96901006,0.96570516,0.94653535,0.9730862,0.9556607,0.97093666,0.97338897,0.9669367,0.9715739,0.96846884,0.96818817,0.9729123,0.96558255,0.9721509,0.9657745,0.9690267,0.9612321,0.9715739,0.95231,0.97359574,0.9693228,0.96653485,0.9743741,0.9698548,0.97027475,0.97245836,0.95062023,0.97306854,0.96962404,0.9683367,0.97254264,0.97318465,0.96852976,0.97251594,0.9698597,0.9736671,0.9735488,0.96534175,0.97035563,0.9656283,0.9718299,0.9699667,0.97028846,0.96916026,0.9646775,0.971439,0.96655005,0.97495013,0.9687477,0.96873736,0.96207243,0.9688471,0.9730318,0.9629668,0.96251386,0.97088563,0.97147435,0.9576682,0.9675313,0.9631379,0.96697676,0.971754,0.945012,0.6729468,0.9665398,0.9716219,0.97189665,0.97413194,0.97306424,0.97233033,0.95925915,0.96862227,0.9693575,0.971143,0.96729857,0.9685459,0.9651317,0.97468966,0.96479344,0.9755448,0.9662606,0.96288574,0.9709237,0.97534084,0.9709175,0.9705879,0.9691237,0.9686942,0.9691815,0.9695663,0.96319073,0.9726669,0.968153,0.9695496,0.9629388,0.968642,0.9736824,0.9705329,0.9743995,0.9681163,1.0,0.97119594,0.9660266,0.9689561,0.97122836,0.9688507,0.9704318,0.9658042,0.9689925,0.96808404,0.966896,0.96762276,0.9785418,0.9754334,0.97228223,0.97223645,0.9619203,0.97446096,0.9711278,0.97120327,0.97174674,0.9723938,0.97172046,0.9712078,0.9713952,0.9728069,0.96166396,0.9690323,0.95538753,0.96778834,0.96930116,0.9654646,0.9707903,0.9718518,0.9540664,0.9737952,0.97465414,0.97443616,0.96733177,0.9653723,0.9690694,0.9661589,0.96954715,0.9710233,0.9716918,0.9441527,0.9691341,0.97829145,0.9691038,0.9708794,0.86049163,0.97296506,0.9726971,0.9682991,0.97300416,0.9676926,0.96268547,0.974247,0.97098553,0.9700543,0.97235125,0.97203475,0.96704334,0.96890044,0.9716127,0.9696418,0.9679626,0.9700725,0.97487575,0.9710211,0.9691141,0.9716027,0.97103053,0.9712883,0.9711898,0.9697503,0.966703,0.97147596,0.965943,0.96749556,0.9709392,0.97260946,0.9675497,0.97020483,0.9671098,0.97010404,0.9687608,0.96494347,0.9720143,0.97195774,0.9693439,0.96914107,0.9664227,0.9754998,0.97534394,0.9582386,0.9728851,0.9697672,0.9688015,0.97545093,0.9713647,0.9669964,0.9570006,0.97225624,0.9670546,0.9706346,0.9636918,0.9716821,0.9677285,0.9762565,0.9732254,0.9730605,0.9663805,0.97071123,0.9744332,0.973332,0.97347647
fold,0.98149395,0.9848896,0.9753361,0.97636765,0.9762943,0.9786796,0.95983505,0.9572814,0.96746784,0.97254705,0.98008806,0.97896487,0.9681777,0.9727111,0.9786272,0.97815,0.97799784,0.97882503,0.97332585,0.97678524,0.9706864,0.9643448,0.9706479,0.9746356,0.9763048,0.97872925,0.97173196,0.9777496,0.98077446,0.97264004,0.98193794,0.970982,0.9757706,0.9532712,0.97855175,0.9809532,0.98073757,0.9756747,0.97701067,0.9696647,0.98450893,0.9772515,0.9801394,0.9770669,0.98280597,0.9691868,0.97680426,0.97315365,0.97654057,0.9767424,0.97834426,0.9720361,0.9608235,0.9604954,0.9753593,0.97516894,0.949929,0.9797976,0.96398306,0.97888297,0.9789498,0.9756239,0.97926164,0.97884834,0.97975725,0.9786282,0.97818387,0.9784166,0.96832955,0.975437,0.97035414,0.976542,0.96402276,0.9793745,0.9764321,0.970862,0.98037,0.97956526,0.9796333,0.9781875,0.95831084,0.9837337,0.9808091,0.9742573,0.98215264,0.98248607,0.9800419,0.98156035,0.97883874,0.9794138,0.9839674,0.97688895,0.9768271,0.97028697,0.9776323,0.9740274,0.9732904,0.9791448,0.97771007,0.98143876,0.97262573,0.98132974,0.9716008,0.972075,0.9693624,0.9726458,0.9811233,0.96718997,0.97193277,0.98006994,0.9849826,0.9636047,0.97405964,0.97177136,0.9778606,0.9788096,0.9541104,0.6712933,0.9780302,0.9800891,0.98285186,0.9805163,0.97804874,0.9809264,0.9639384,0.97435224,0.9776243,0.9761259,0.9801134,0.97560406,0.9789605,0.98144543,0.9735954,0.98199224,0.97731197,0.97202057,0.9778027,0.9812607,0.98055756,0.9817039,0.9752382,0.97424704,0.9732969,0.979487,0.96945965,0.98064286,0.97802776,0.9754062,0.9703056,0.9784985,0.98066545,0.97576344,0.98003,0.9734874,0.97119594,1.0,0.9772108,0.97492325,0.9805337,0.9783734,0.9767241,0.97158986,0.98092604,0.9715887,0.9824828,0.9761775,0.9708667,0.9836051,0.9770693,0.97100526,0.96608835,0.9772454,0.9787993,0.9793778,0.96761125,0.9796214,0.9803839,0.982208,0.9784378,0.977356,0.9728877,0.9800504,0.96735406,0.97256637,0.97924805,0.97393656,0.9737259,0.9817691,0.96988827,0.9790411,0.9830722,0.98132026,0.97214955,0.9750736,0.9750906,0.9742989,0.9760038,0.9809005,0.9768259,0.94341683,0.9761835,0.9822012,0.97155076,0.97776675,0.8675443,0.9763953,0.97838855,0.97932094,0.9813427,0.98092157,0.97491693,0.97600836,0.98090136,0.9771497,0.98090875,0.97973955,0.9739308,0.97407097,0.97009826,0.9792351,0.97422725,0.98549104,0.97820544,0.97701263,0.9802295,0.97169656,0.9790872,0.98049504,0.9809845,0.9757157,0.9719344,0.97716224,0.9745092,0.9678714,0.9769324,0.97879136,0.9732191,0.98211557,0.97364676,0.9741912,0.9786506,0.97282976,0.97937685,0.9803141,0.97293806,0.9796132,0.97568977,0.98209804,0.97986704,0.9716296,0.981075,0.9750649,0.9802926,0.98314077,0.97863483,0.97844195,0.9647615,0.9817485,0.975934,0.9791922,0.976326,0.97574985,0.97272766,0.9798894,0.97942215,0.97637236,0.9767002,0.9796112,0.9792752,0.9817667,0.9838268
beat,0.98209083,0.9838134,0.9805994,0.98098564,0.9746275,0.9811016,0.95837295,0.9591289,0.96538424,0.980195,0.9755924,0.9826882,0.9674008,0.9839344,0.9813451,0.97980833,0.9769242,0.9817562,0.97172195,0.9797762,0.9716848,0.9674142,0.968573,0.97537637,0.9786095,0.97818434,0.974899,0.9783663,0.9820257,0.97316164,0.9791574,0.97217596,0.97420084,0.9509809,0.9770778,0.97819483,0.98180807,0.97026867,0.9740284,0.96859336,0.9824199,0.9761212,0.97638017,0.9786602,0.9817599,0.96701103,0.9716472,0.9765431,0.9758829,0.96850085,0.97217345,0.97579145,0.96241766,0.9567981,0.9762869,0.97517085,0.9574793,0.98100966,0.9627185,0.9806178,0.97797406,0.97125745,0.9833727,0.979828,0.976458,0.9841085,0.97869056,0.9800849,0.97363704,0.9724932,0.9726929,0.9812269,0.9693239,0.980892,0.9843926,0.97464144,0.9812675,0.98077935,0.97796416,0.9814612,0.9569426,0.9806196,0.98246235,0.977624,0.98373,0.9815483,0.97834367,0.97898144,0.9796002,0.97790205,0.98012084,0.97697425,0.98319453,0.96547025,0.9825322,0.9795284,0.9719983,0.9772057,0.97509795,0.9838168,0.9742155,0.9812796,0.9763087,0.97704786,0.9696353,0.9723047,0.9766819,0.96731937,0.9730309,0.9824427,0.9883781,0.96910924,0.97244996,0.97650987,0.97994816,0.9796429,0.95425266,0.65501124,0.97271657,0.980131,0.98058933,0.9839502,0.97861636,0.979202,0.9639989,0.9705815,0.98459333,0.9767958,0.98054105,0.9842069,0.97971946,0.97916156,0.97010607,0.98071766,0.9732865,0.9716465,0.97642034,0.978916,0.977846,0.98117644,0.97534573,0.98143333,0.9746392,0.97846115,0.96593976,0.9820694,0.9758447,0.9827298,0.97466487,0.97743946,0.9798294,0.9814858,0.9799438,0.9759339,0.9660266,0.9772108,1.0,0.9764399,0.9803927,0.98321956,0.98334134,0.9678124,0.97763264,0.9709861,0.9785739,0.9775851,0.9664764,0.9779614,0.9831265,0.9752099,0.96455914,0.97657716,0.9812375,0.98015434,0.97074056,0.9844488,0.9785351,0.9821826,0.9780259,0.9789369,0.97258717,0.9803943,0.96444273,0.9759907,0.9814608,0.9711143,0.97274935,0.9817041,0.9718263,0.98091215,0.9819135,0.9817868,0.9737419,0.97540975,0.9845329,0.9780891,0.97784007,0.9804646,0.98088986,0.9482875,0.98073125,0.9802774,0.9833154,0.9846174,0.86994296,0.9761934,0.981997,0.9945827,0.9856239,0.977044,0.96833557,0.9768108,0.98306364,0.9737517,0.9827338,0.9781579,0.974331,0.972181,0.96604824,0.9821914,0.9760845,0.9796319,0.9812354,0.979851,0.9817368,0.97528726,0.97908,0.9850758,0.98126715,0.9782893,0.97328454,0.9791316,0.97747236,0.9719991,0.9777148,0.97732586,0.9744581,0.9818322,0.97633696,0.9720936,0.9759353,0.9687379,0.97701937,0.9805933,0.9812056,0.9774721,0.9761158,0.98728603,0.982036,0.96784,0.9830762,0.97686166,0.9792522,0.98234504,0.97782856,0.98059183,0.96583474,0.9777449,0.9764746,0.9832306,0.975477,0.9768831,0.97564065,0.98211634,0.98035246,0.98256826,0.97664547,0.98091227,0.9779607,0.9852714,0.9807535
simmer,0.9837473,0.979523,0.9789768,0.9759991,0.9751329,0.9777072,0.9604431,0.9578667,0.96869695,0.9760701,0.9771249,0.9827457,0.9668854,0.9790471,0.97856647,0.9782552,0.97877544,0.97772926,0.9764436,0.9797781,0.97665495,0.97740346,0.9732592,0.98257464,0.97660184,0.9817725,0.9775347,0.9819519,0.98003674,0.9783005,0.9814859,0.97322404,0.97510195,0.96300817,0.9785992,0.98536295,0.98663205,0.9758117,0.9828532,0.9673295,0.98375094,0.9820415,0.9788016,0.9808029,0.98502344,0.9705791,0.9727321,0.9734378,0.98114717,0.9687083,0.9753693,0.975594,0.9618633,0.95779794,0.98432153,0.97767025,0.9546082,0.9828076,0.96996605,0.98276055,0.98834074,0.9752207,0.97846746,0.9790221,0.9790782,0.97920364,0.97840655,0.9791832,0.9716747,0.9800901,0.9731506,0.97810453,0.9671409,0.9820479,0.97694826,0.97779316,0.98096454,0.98342335,0.9784455,0.9784489,0.9516748,0.9819568,0.98221886,0.9728275,0.98246247,0.98211795,0.98598695,0.9863113,0.9810305,0.9815983,0.976018,0.97750914,0.9789468,0.9663921,0.98198175,0.9803805,0.9751446,0.98099524,0.97764325,0.9816938,0.98289543,0.98382777,0.97357213,0.9741807,0.9782483,0.97072965,0.97755533,0.9701805,0.9714557,0.98023856,0.9818921,0.96762305,0.9738169,0.97118324,0.98334193,0.9803052,0.9554222,0.6750203,0.9750012,0.98995894,0.98348546,0.98177,0.9890164,0.98357105,0.96689945,0.9729882,0.977836,0.98121816,0.97908026,0.9800656,0.9754186,0.984205,0.9741849,0.98385525,0.97290343,0.9766263,0.9797007,0.9820923,0.9820054,0.9868472,0.98023033,0.9788269,0.97506684,0.9822377,0.97676146,0.9815602,0.9803024,0.97853124,0.9849374,0.98235947,0.98290485,0.9742715,0.9836963,0.9781521,0.9689561,0.97492325,0.9764399,0.9999997,0.98405814,0.9780946,0.9782691,0.9613989,0.9817117,0.97289467,0.983142,0.9761436,0.9722297,0.9783258,0.9771259,0.9752122,0.96874255,0.97497594,0.9800242,0.9753617,0.9735721,0.98044443,0.9830831,0.98347133,0.9815849,0.98055303,0.971834,0.981969,0.96538144,0.97546476,0.98194605,0.97720414,0.9742458,0.98287225,0.9720484,0.98948216,0.98684967,0.986376,0.97353864,0.9745747,0.9794086,0.9784853,0.97940946,0.9880146,0.97567487,0.9518066,0.9748609,0.98376447,0.97647095,0.977897,0.87954926,0.97861296,0.98008215,0.9785775,0.98560476,0.98413116,0.9721627,0.98012304,0.9851402,0.9794988,0.9820742,0.9806045,0.9756782,0.9748393,0.9707832,0.979189,0.9776335,0.9772394,0.97868496,0.9795555,0.98099613,0.9782233,0.9789661,0.98262507,0.9858704,0.9798381,0.9790288,0.9783435,0.98005146,0.9706925,0.9775646,0.9779763,0.97626877,0.9842454,0.9755545,0.97585535,0.9782637,0.96962184,0.9786545,0.9873378,0.97799885,0.980476,0.97568476,0.98551255,0.9816712,0.96542645,0.9838864,0.984403,0.98302937,0.9870155,0.98432845,0.9821425,0.9678617,0.9786312,0.98829466,0.98322564,0.97826755,0.9771121,0.9877537,0.98696184,0.98053163,0.97822714,0.97731423,0.9816249,0.97402227,0.9814772,0.98426163
saute,0.9932076,0.98502153,0.98662776,0.9833325,0.9839689,0.9826127,0.9693677,0.9635828,0.9756428,0.98175216,0.9829479,0.988193,0.98022765,0.9850816,0.9853541,0.9866949,0.98662555,0.98885435,0.98440355,0.9900053,0.98002636,0.9780613,0.98556215,0.9870584,0.98408216,0.9890153,0.98384404,0.986514,0.985756,0.98547256,0.9882074,0.977996,0.988477,0.96545255,0.98936087,0.99362606,0.98990417,0.981557,0.9909782,0.98149484,0.9879497,0.9883181,0.984647,0.9894529,0.99147284,0.9757316,0.979417,0.9834927,0.9895893,0.9775903,0.9807111,0.98410475,0.9710275,0.968528,0.98605454,0.9853563,0.9627323,0.99205077,0.9702222,0.9877529,0.9941688,0.98146677,0.98825496,0.987535,0.98413086,0.98801,0.98522717,0.9876041,0.98112434,0.98704433,0.9805512,0.98437786,0.9747035,0.98803306,0.98562247,0.9858511,0.9864808,0.98745227,0.98828644,0.98802626,0.9638651,0.9898623,0.9896908,0.9806005,0.98837286,0.9884758,0.9871802,0.98733044,0.986982,0.98789275,0.9883274,0.98488,0.9863265,0.9750049,0.9851166,0.98714477,0.98377323,0.98553175,0.9836744,0.98802227,0.9864157,0.9876713,0.984976,0.9869835,0.97680837,0.97981864,0.9857665,0.973246,0.98236597,0.98716307,0.9875187,0.97501963,0.98191494,0.97741777,0.98466283,0.9891751,0.95558256,0.6749139,0.98088294,0.9930025,0.9892967,0.9879481,0.9917087,0.98881894,0.9698729,0.98120147,0.9841213,0.98815846,0.9866678,0.9869713,0.9830561,0.9896229,0.97984505,0.9886518,0.9803217,0.9826205,0.98532563,0.98727405,0.98628664,0.99311537,0.98626786,0.98232216,0.98652774,0.98664075,0.9877273,0.98702127,0.9858037,0.9866087,0.9820176,0.9907359,0.98672515,0.985722,0.99065244,0.98044175,0.97122836,0.9805337,0.9803927,0.98405814,1.0000002,0.9844507,0.9820893,0.969408,0.98738426,0.9815955,0.9876196,0.9812897,0.9771992,0.9839262,0.98375684,0.9833282,0.9721454,0.9861969,0.98455834,0.9840627,0.9787542,0.9877268,0.988293,0.9913951,0.9870033,0.9882342,0.9828801,0.98923075,0.9764302,0.98413914,0.98926497,0.98116463,0.9808424,0.98937887,0.9769256,0.98720086,0.9881672,0.9911779,0.9823338,0.98006046,0.9852203,0.9847512,0.9889881,0.99588525,0.98365736,0.9590017,0.9839488,0.9878772,0.9824473,0.98581934,0.8853555,0.98344594,0.98607975,0.98558384,0.9915254,0.9854853,0.9834615,0.9850634,0.9937917,0.9805581,0.98900163,0.98487806,0.987822,0.9847318,0.9768102,0.98502195,0.9871459,0.9870413,0.9819155,0.9870133,0.98634744,0.9824252,0.98751414,0.99070084,0.99671435,0.9836499,0.98120815,0.9876497,0.9829452,0.97810286,0.98583233,0.98437697,0.98380333,0.98964447,0.98051316,0.9782346,0.9834712,0.9897956,0.9839364,0.99310017,0.98309815,0.98665774,0.9833278,0.98813665,0.9880351,0.9730731,0.9911923,0.98450834,0.9878633,0.9965691,0.99673086,0.9849777,0.9730704,0.9868192,0.9846539,0.9880744,0.98224866,0.9833464,0.98292935,0.99053264,0.9885401,0.9831365,0.9820701,0.98605865,0.9793341,0.9872108,0.9877453
mould,0.98493606,0.98711866,0.98271686,0.9838092,0.9784698,0.9840312,0.9669613,0.96403784,0.9741026,0.97406054,0.9815668,0.9906141,0.9716517,0.9759897,0.98706144,0.984225,0.9833126,0.9864216,0.9804081,0.9836571,0.9770232,0.9713924,0.97672975,0.9773465,0.98962975,0.983635,0.9787607,0.98219144,0.9854523,0.97843677,0.98553526,0.9762423,0.9806816,0.9640453,0.98233247,0.9847026,0.98581797,0.97941315,0.98193085,0.97451425,0.98488444,0.98310953,0.98377424,0.9810308,0.9860612,0.9744279,0.9801816,0.98261833,0.98136497,0.97118986,0.9796484,0.9806088,0.9684716,0.9654368,0.97793835,0.9808641,0.95790225,0.9847391,0.96872437,0.9848458,0.9837746,0.9817219,0.9887484,0.9817456,0.98337936,0.9886542,0.9823364,0.9878468,0.9743589,0.9767287,0.97576296,0.9898732,0.96905595,0.9853564,0.98651344,0.9783594,0.98291904,0.98336846,0.98454756,0.9853367,0.96388644,0.9857552,0.9832612,0.9778638,0.9894215,0.9846336,0.980866,0.9838799,0.98261595,0.9844103,0.983054,0.9806341,0.98894095,0.97190505,0.9802007,0.98758256,0.97994775,0.98360103,0.97830725,0.9829762,0.97617215,0.98679656,0.97980523,0.979199,0.97403055,0.97660655,0.98227805,0.98001117,0.9765446,0.9897959,0.98786086,0.9712978,0.9805623,0.97307324,0.9792975,0.98505855,0.95469534,0.64840364,0.9813804,0.9851602,0.98444676,0.9930084,0.9827227,0.98518693,0.9674016,0.97604525,0.9911545,0.9808476,0.9798936,0.97934437,0.97843474,0.9848665,0.97407186,0.98571146,0.97723794,0.9757508,0.9820575,0.98608404,0.9846723,0.98415315,0.9831049,0.97698814,0.9798668,0.98538953,0.97611654,0.98421425,0.9826056,0.9873022,0.9800782,0.98372144,0.9857771,0.9891865,0.98453766,0.9807264,0.9688507,0.9783734,0.98321956,0.9780946,0.9844507,1.0000001,0.9906133,0.97211957,0.9810715,0.9792779,0.9834323,0.97810143,0.9732104,0.9825087,0.9886492,0.97953707,0.97329915,0.9814992,0.98796237,0.9825239,0.9730458,0.9893425,0.9862223,0.9860031,0.9849112,0.9848103,0.97888213,0.9836833,0.9684078,0.97949415,0.9843027,0.97965544,0.9791877,0.9865862,0.9710085,0.98402345,0.9893183,0.9837748,0.97802424,0.98257935,0.9934696,0.9792852,0.98217833,0.98530626,0.9873388,0.9465411,0.98912257,0.9863739,0.976854,0.99527717,0.8756198,0.983182,0.9887908,0.98486453,0.98929465,0.9839496,0.97718185,0.9814352,0.9850671,0.97893286,0.98968744,0.9816416,0.9779902,0.97848654,0.97551084,0.98351306,0.9809152,0.9825134,0.9814071,0.983423,0.9869358,0.9793831,0.9831392,0.98349214,0.9847795,0.9792875,0.97856385,0.9824635,0.98156327,0.9753886,0.98260254,0.982465,0.98075897,0.9840243,0.97752136,0.9755726,0.97876984,0.9754972,0.98009104,0.98454773,0.97654676,0.98373216,0.97904766,0.98316264,0.9881504,0.9736599,0.9857359,0.9803683,0.9832432,0.9867927,0.98337156,0.9830107,0.96844006,0.9831359,0.98169565,0.98525286,0.97765994,0.9804448,0.98306495,0.9863543,0.98493963,0.981561,0.9792915,0.9851578,0.9789973,0.9890686,0.9827848
shape,0.9828455,0.9849986,0.9831008,0.982622,0.9780251,0.98185176,0.963761,0.9660306,0.9703463,0.9762144,0.9767088,0.9872747,0.97068256,0.97751313,0.98610294,0.9841002,0.98172176,0.9821722,0.9754503,0.98352677,0.97586805,0.97866666,0.97246003,0.97658265,0.9819146,0.9819473,0.97912055,0.979974,0.98619235,0.9780028,0.985821,0.98116577,0.97757,0.9566855,0.9795177,0.982172,0.9887548,0.9766921,0.98030406,0.9747401,0.98387915,0.982235,0.9823514,0.979506,0.9840384,0.9732373,0.9798727,0.97808176,0.9807111,0.971167,0.9756486,0.9759451,0.96720016,0.9608689,0.98147655,0.9776703,0.95502746,0.981168,0.9655082,0.9811176,0.98170495,0.97849,0.9883815,0.97887844,0.9798741,0.9886072,0.98064226,0.9830598,0.97187626,0.9757228,0.9736295,0.98411965,0.9672152,0.9872473,0.98625946,0.9775529,0.9818881,0.98318166,0.98344785,0.9860104,0.96041435,0.9856621,0.9817179,0.9786851,0.98738676,0.9845723,0.97944164,0.9809955,0.9824577,0.9822917,0.9828985,0.9799438,0.9906397,0.97289205,0.98068714,0.9844398,0.9778203,0.9801561,0.9793286,0.98636246,0.9765626,0.9863981,0.98024577,0.9777439,0.9818271,0.9738256,0.9831803,0.97101474,0.97553116,0.98375714,0.98594296,0.9687422,0.97924864,0.97409695,0.9814181,0.9849455,0.95528716,0.651637,0.98003733,0.9829483,0.9832743,0.9878115,0.9825154,0.98319364,0.96776664,0.97293246,0.9916149,0.9784591,0.9794466,0.98221856,0.97730523,0.982612,0.9731513,0.98327667,0.9760056,0.9753024,0.98119164,0.982575,0.9801753,0.98311144,0.9805215,0.97813183,0.97512746,0.98132575,0.9719368,0.9840262,0.97890866,0.98542935,0.97653854,0.9815714,0.98366684,0.98493457,0.98300576,0.97707105,0.9704318,0.9767241,0.98334134,0.9782691,0.9820893,0.9906133,1.0000002,0.97224975,0.980171,0.97688264,0.98172265,0.97751397,0.97447157,0.9816164,0.9873582,0.98007196,0.97078794,0.97892725,0.9847862,0.983503,0.9707809,0.9886828,0.98560506,0.98428065,0.9814704,0.9825745,0.97400236,0.9811002,0.9648668,0.98004454,0.9842,0.9768942,0.9740944,0.9852305,0.9721456,0.9837148,0.9843388,0.9830844,0.9782835,0.980629,0.9895552,0.97879696,0.9797386,0.98368764,0.984136,0.9490371,0.98571146,0.9835176,0.98216605,0.9910143,0.8774052,0.97897935,0.98542935,0.98424274,0.9897413,0.9806974,0.974891,0.9794452,0.9845626,0.9749916,0.9864528,0.9808293,0.9772506,0.9736027,0.9703089,0.98270637,0.9808139,0.9816447,0.9839534,0.98020315,0.98459756,0.9775569,0.98340094,0.98387915,0.9827462,0.97795194,0.9766363,0.9831164,0.9799377,0.97625035,0.9821927,0.98007816,0.9788486,0.9845913,0.97702867,0.974228,0.97871,0.9721778,0.9806899,0.98276603,0.9787883,0.98214924,0.97617984,0.98481405,0.98485124,0.96788204,0.98321545,0.9802306,0.98228973,0.98514664,0.98150045,0.98174757,0.96822953,0.983757,0.9796917,0.9864775,0.9763307,0.9801913,0.9789957,0.9850447,0.9817508,0.9842271,0.978903,0.98242825,0.97874856,0.98580825,0.9838771
stirring,0.9692132,0.96849144,0.96693444,0.96990204,0.9673118,0.96579355,0.9453923,0.95052284,0.9559461,0.96678084,0.9656113,0.9710928,0.96266043,0.965726,0.96855825,0.965577,0.9657681,0.96771914,0.9628545,0.96517426,0.96121174,0.9582069,0.9589977,0.9596134,0.9639341,0.9669105,0.9650251,0.9660538,0.9701789,0.9633253,0.96974504,0.96315175,0.9645562,0.94202197,0.9647373,0.9686807,0.9720446,0.96493345,0.9650082,0.95975864,0.97517794,0.9639647,0.9652906,0.9684981,0.9681278,0.9578705,0.96202934,0.9636299,0.9633418,0.95998305,0.9602885,0.9690998,0.9502031,0.94496673,0.96635526,0.969126,0.9434383,0.9690926,0.94410294,0.9661922,0.9682844,0.9575449,0.97171575,0.96741945,0.9627261,0.97295076,0.9652428,0.9699711,0.9575354,0.9611998,0.9557307,0.9672445,0.9492948,0.9724286,0.9703672,0.96582365,0.9694696,0.96743184,0.9721544,0.97039604,0.95238584,0.9692412,0.9663951,0.9635317,0.9720125,0.9665608,0.96039027,0.9690054,0.9662886,0.9659735,0.9713447,0.96428907,0.97049075,0.96000797,0.97382456,0.9674369,0.95759,0.9629639,0.95943636,0.9695983,0.96223474,0.9684498,0.96298045,0.96657205,0.95995677,0.9618868,0.96521467,0.95742416,0.96044195,0.96985424,0.9697423,0.95253664,0.9641413,0.95826405,0.96377045,0.9656573,0.9381847,0.6465972,0.96264464,0.96761423,0.967968,0.972363,0.9659796,0.96887004,0.94742876,0.9604095,0.9719875,0.96260047,0.9669834,0.96601826,0.9670808,0.9655974,0.95791906,0.9666144,0.96169496,0.9621498,0.96790504,0.968352,0.9629963,0.9692221,0.9653621,0.96773833,0.96629936,0.96451205,0.95943177,0.967831,0.96327835,0.9690321,0.959619,0.9636175,0.969601,0.9683336,0.96951336,0.96008223,0.9658042,0.97158986,0.9678124,0.9613989,0.969408,0.97211957,0.97224975,1.0000001,0.96586573,0.9622022,0.96540874,0.9637318,0.95862705,0.9755742,0.9691541,0.9646028,0.955446,0.9691316,0.96634126,0.97229236,0.9568512,0.9695982,0.9668346,0.9689854,0.9650163,0.96657157,0.9632679,0.96598643,0.95364255,0.96550757,0.9651866,0.96108675,0.95754683,0.96828824,0.95433354,0.96950996,0.9702679,0.97064877,0.9622421,0.9610966,0.97071594,0.9635153,0.96434104,0.9675443,0.9672166,0.9262287,0.9667393,0.96983075,0.9684928,0.97245395,0.85046,0.96202797,0.9687442,0.96900946,0.97237796,0.9642763,0.9599188,0.96908313,0.9712655,0.96261644,0.96836865,0.96576715,0.9658735,0.9646139,0.95550555,0.9663329,0.9654,0.97389793,0.97849905,0.9654393,0.96818465,0.9619646,0.96861386,0.9685076,0.96950513,0.9614719,0.9548226,0.96848273,0.96260995,0.96355146,0.96612924,0.9619483,0.9641599,0.9679509,0.9639072,0.9591801,0.96452755,0.9619326,0.96875787,0.96812326,0.9671247,0.96781313,0.96704394,0.9728458,0.97260207,0.95655626,0.9687652,0.9622632,0.9684628,0.9737542,0.9680974,0.9663734,0.9487155,0.9663065,0.96448565,0.967474,0.9620088,0.9642197,0.96021765,0.9715128,0.96926326,0.9852503,0.9616348,0.96719396,0.97693485,0.97012407,0.96821827
raise,0.9893725,0.98615867,0.98396164,0.98568994,0.98119926,0.98595345,0.9684013,0.96143377,0.97139347,0.98358756,0.983524,0.9847524,0.9725755,0.98055416,0.98533684,0.98296475,0.9809959,0.9884374,0.9771706,0.9833706,0.9750807,0.9742924,0.975567,0.9793364,0.97981614,0.9853749,0.97906065,0.98402023,0.98266965,0.9783172,0.98749924,0.9773561,0.97738624,0.96001285,0.98150945,0.98713565,0.98844635,0.9767122,0.98175,0.9712217,0.9877389,0.9831762,0.98145866,0.9807431,0.9877283,0.97318554,0.98279786,0.98377067,0.9819992,0.97479355,0.9763568,0.97944283,0.96122223,0.96762854,0.98358923,0.9795011,0.9563608,0.9846319,0.9704066,0.98370796,0.9858207,0.9814281,0.9842901,0.98374283,0.98255956,0.9844234,0.98461056,0.98750544,0.9721311,0.979344,0.97351354,0.98254836,0.9727672,0.9797748,0.97954273,0.98431724,0.98669624,0.9869035,0.98382187,0.98335814,0.95431906,0.989063,0.9847468,0.98052096,0.9900989,0.9881571,0.98292315,0.98631376,0.98328745,0.98630446,0.98486257,0.98189837,0.9856286,0.9739024,0.98522574,0.98162085,0.9802543,0.9805817,0.9838945,0.98478854,0.9780226,0.9907557,0.9764941,0.98062396,0.97278714,0.9742429,0.9834878,0.9684673,0.97667587,0.98626953,0.9899414,0.96837646,0.9776776,0.9757744,0.9813196,0.9875581,0.95952606,0.6786193,0.983638,0.98809475,0.9893003,0.9855994,0.9848434,0.9879349,0.9768133,0.97777134,0.9799384,0.9829965,0.98521847,0.98377305,0.981591,0.987296,0.9821039,0.9874363,0.9825099,0.9786991,0.9853515,0.9858984,0.98610264,0.9863779,0.98085004,0.9801385,0.9787359,0.9855323,0.9814906,0.9888103,0.98254275,0.9781077,0.9778287,0.9860957,0.98948073,0.9814546,0.9856208,0.97926784,0.9689925,0.98092604,0.97763264,0.9817117,0.98738426,0.9810715,0.980171,0.96586573,1.0000001,0.97550774,0.986808,0.98201597,0.97320145,0.98206484,0.9796704,0.97614586,0.97093517,0.97958785,0.9798654,0.98099977,0.97380424,0.9845393,0.98690945,0.98981583,0.9847655,0.9799517,0.9754508,0.9836418,0.973926,0.9767439,0.9855173,0.9835893,0.97621447,0.98720855,0.9746951,0.9866696,0.98676854,0.9887013,0.9734681,0.9766382,0.980921,0.9794167,0.9815856,0.9884234,0.9806518,0.9513446,0.98052055,0.9872209,0.97925764,0.98554385,0.8828474,0.98301184,0.9848319,0.98226416,0.98902166,0.98478764,0.98001766,0.9826618,0.9868987,0.9776386,0.9867866,0.9870043,0.9814042,0.98133075,0.9737227,0.9850956,0.977011,0.98558384,0.9799051,0.9838672,0.98746514,0.97778887,0.98423654,0.98807484,0.9877801,0.98175305,0.97829765,0.9816708,0.98140264,0.96992415,0.97940886,0.9814646,0.97763246,0.9876252,0.98145247,0.9765634,0.9868683,0.9734555,0.9879701,0.98770297,0.9801052,0.9851715,0.9807149,0.98787045,0.98535883,0.9703727,0.9885088,0.9808207,0.986434,0.9888212,0.9855068,0.9879809,0.9727317,0.9858125,0.98043954,0.9853976,0.9871645,0.97911966,0.98094666,0.9904033,0.9825696,0.9797432,0.98472065,0.9877822,0.97789526,0.9870566,0.9871443
tear,0.98059267,0.9745036,0.97704595,0.9758075,0.969003,0.9748846,0.95838535,0.95361507,0.9661593,0.9721516,0.9786069,0.9776015,0.9679221,0.9700452,0.98084134,0.9750457,0.9771402,0.97536576,0.9747327,0.9757607,0.9704088,0.97185653,0.97205496,0.9721096,0.97567093,0.9775162,0.9750003,0.974652,0.9815133,0.97692114,0.98104525,0.96955323,0.9802212,0.95854247,0.975871,0.97939706,0.98065335,0.97415084,0.9802901,0.9708197,0.978707,0.9759503,0.9791014,0.97623485,0.98011196,0.9672129,0.9715541,0.9706332,0.975194,0.96542865,0.9714012,0.9721353,0.97289795,0.96776086,0.97712624,0.9766086,0.95320386,0.9818067,0.9618235,0.9794953,0.97972697,0.974175,0.9807295,0.97731555,0.9748203,0.98500067,0.97616667,0.97911835,0.9687245,0.9744774,0.9725616,0.9762681,0.9612512,0.9867137,0.9744527,0.9773406,0.97621673,0.9760344,0.97813296,0.9856051,0.9708192,0.98093563,0.9768968,0.97556424,0.97998923,0.9777001,0.9733083,0.97994816,0.97731227,0.97883135,0.9788628,0.97137505,0.9773462,0.96241945,0.9768512,0.97767043,0.9726686,0.9751353,0.9723987,0.9781709,0.9736752,0.97945136,0.9837838,0.9797168,0.96919096,0.9822171,0.9767927,0.96963716,0.97628385,0.98110265,0.9760008,0.9759696,0.9843007,0.96513194,0.9757834,0.9793931,0.9472975,0.6685666,0.97393465,0.9792239,0.9801326,0.98058325,0.97727084,0.977205,0.9631588,0.97398067,0.9809454,0.9775195,0.9730216,0.9773787,0.97205985,0.9779066,0.9736247,0.97849226,0.9704336,0.96713597,0.9809814,0.9800247,0.98327523,0.9775937,0.9760883,0.97192097,0.9796025,0.9786279,0.9741629,0.9784181,0.9761161,0.97669977,0.97034776,0.97891706,0.97909164,0.9766176,0.9780036,0.97355723,0.96808404,0.9715887,0.9709861,0.97289467,0.9815955,0.9792779,0.97688264,0.9622022,0.97550774,1.0000001,0.978082,0.97263527,0.96583146,0.9741781,0.97928697,0.97864646,0.96436703,0.97757095,0.97845,0.97978663,0.96665245,0.9830609,0.9808327,0.9795167,0.9780411,0.9883275,0.976512,0.9774495,0.96835536,0.9840622,0.9775163,0.97139674,0.9715431,0.98211634,0.9674455,0.977947,0.98300666,0.97855556,0.988738,0.97482973,0.97857285,0.97599304,0.9765835,0.9804242,0.9792437,0.94252986,0.97607285,0.9814182,0.9735937,0.98122114,0.8678979,0.97639984,0.97793084,0.9744176,0.9798485,0.9768847,0.9732974,0.97846884,0.9806963,0.9708584,0.98224235,0.97812915,0.97479767,0.97686684,0.9721996,0.97659326,0.9852235,0.9778003,0.97588074,0.9788824,0.97737986,0.9749153,0.9790712,0.9811645,0.9790954,0.974684,0.97351986,0.98509806,0.97738874,0.9874784,0.98576576,0.9757607,0.9866037,0.9794911,0.9709367,0.9695313,0.97321856,0.97430474,0.9751727,0.9796916,0.97130257,0.9825796,0.9774999,0.9795122,0.98734385,0.96587324,0.9801399,0.97254497,0.97776353,0.9818463,0.98116493,0.9776025,0.9691392,0.97763026,0.97266537,0.98097515,0.9759913,0.97452694,0.9703424,0.97995913,0.97958577,0.97615033,0.9747259,0.9773688,0.97251153,0.97909087,0.9797688
pick,0.98867327,0.98620826,0.9830415,0.97980773,0.97789466,0.981852,0.9694606,0.9720538,0.97298646,0.97880054,0.9876645,0.98389465,0.970341,0.97753096,0.98318183,0.98351,0.98419255,0.98307914,0.97999614,0.98289806,0.97576493,0.9728543,0.97437024,0.98044676,0.98248965,0.98524743,0.980421,0.98418725,0.9855049,0.9792096,0.9887921,0.9807611,0.9779291,0.96413845,0.9809473,0.9864492,0.98805153,0.97988796,0.9832756,0.9745396,0.98852265,0.9817871,0.9820924,0.9810061,0.9869203,0.97792363,0.9833201,0.9777739,0.9793754,0.971581,0.98079586,0.974933,0.96570235,0.96717054,0.98298657,0.97824234,0.9557217,0.9904456,0.9718791,0.98892576,0.9853228,0.9820855,0.9871057,0.9897713,0.980506,0.98440385,0.98256564,0.98855835,0.97379124,0.98102117,0.9765037,0.98119575,0.9700681,0.98572904,0.98438644,0.98247856,0.984409,0.9846868,0.98573285,0.98499405,0.95862496,0.9932683,0.9854331,0.9806158,0.98615843,0.9872768,0.98282737,0.98961264,0.9840347,0.98524696,0.985719,0.98204595,0.9838775,0.9756607,0.9844585,0.9836528,0.9812589,0.9820847,0.9795049,0.9854136,0.98015386,0.9891788,0.98166513,0.9805379,0.9751046,0.9773963,0.9888741,0.97148514,0.9822091,0.9886865,0.9842815,0.9678018,0.97898716,0.9742137,0.98540336,0.98402154,0.9600946,0.656447,0.9838424,0.98564833,0.9916051,0.9882839,0.9830684,0.98926973,0.97549623,0.9783433,0.98265105,0.98248315,0.9832051,0.98430824,0.9810859,0.99009305,0.9820402,0.9889728,0.9810816,0.97729504,0.9882395,0.986203,0.9868998,0.9862776,0.98323345,0.9786116,0.9846753,0.9857444,0.97653335,0.9880581,0.98313594,0.9821633,0.9787718,0.9846672,0.98675394,0.98218346,0.9872848,0.98060894,0.966896,0.9824828,0.9785739,0.983142,0.9876196,0.9834323,0.98172265,0.96540874,0.986808,0.978082,1.0000004,0.9806386,0.97683007,0.98109674,0.98173356,0.97811943,0.9738516,0.97883046,0.9847323,0.9820751,0.9760565,0.9874502,0.9889835,0.9903789,0.985258,0.98471403,0.9770341,0.9882299,0.9738646,0.98205316,0.9853988,0.98701113,0.97564757,0.9901918,0.9758435,0.98420864,0.989335,0.9854296,0.9770066,0.9786278,0.984233,0.98560655,0.98005384,0.98770434,0.9800586,0.950559,0.9815367,0.9889489,0.97796535,0.9849724,0.88175946,0.9794485,0.9873212,0.98193574,0.9879046,0.9887233,0.981649,0.9832004,0.9853901,0.9822886,0.9911066,0.98478085,0.9803252,0.9819675,0.9732553,0.98448026,0.9833688,0.98324025,0.9800671,0.9859962,0.99209714,0.97741723,0.98496443,0.98722863,0.9861222,0.9828736,0.97794884,0.9845984,0.98401946,0.97459584,0.98452675,0.9807514,0.9808161,0.9877698,0.9801741,0.97980917,0.9837959,0.97648066,0.9912608,0.98583794,0.97765595,0.98681766,0.9790828,0.9874058,0.98691195,0.97432286,0.98623985,0.97919494,0.98793066,0.9887661,0.9847164,0.9919025,0.9732168,0.98949224,0.98243695,0.9863753,0.9909736,0.9801207,0.97772425,0.98684835,0.98619926,0.9800667,0.9894955,0.9870517,0.97796875,0.9867445,0.9870625
stand,0.98362976,0.9797942,0.97977316,0.98190856,0.97555476,0.9773454,0.9607463,0.9616,0.9672613,0.9760108,0.9786291,0.9785255,0.9682143,0.9746118,0.9821224,0.9785095,0.9763684,0.9805875,0.9732997,0.977943,0.9711018,0.9703466,0.9690733,0.9788326,0.97345454,0.9780219,0.9771488,0.9794896,0.98057616,0.98071986,0.98207426,0.9722674,0.97524184,0.9524607,0.9778822,0.98073345,0.9845711,0.9738155,0.97977865,0.97103226,0.9841792,0.9781464,0.97653764,0.97551626,0.983368,0.9691596,0.9756208,0.9727931,0.9778253,0.9663023,0.97265935,0.9713691,0.9638612,0.96346503,0.98022956,0.9767103,0.9544808,0.9837819,0.96542203,0.9810005,0.98114645,0.97583014,0.9821845,0.9786434,0.9742047,0.9836304,0.9804471,0.9820004,0.9740772,0.9797431,0.97582674,0.9790295,0.9659411,0.9797674,0.9775119,0.98290336,0.9926908,0.978757,0.98081493,0.9831558,0.95815474,0.9820475,0.98232114,0.973625,0.9824253,0.98637384,0.9800918,0.9827834,0.9792096,0.97893465,0.9840294,0.97522,0.98160636,0.9642605,0.9837144,0.9808411,0.9786483,0.978643,0.9740745,0.9802223,0.97721744,0.98463196,0.976428,0.9787876,0.9699036,0.97876656,0.97816485,0.96776253,0.9735444,0.9820168,0.9812818,0.9678908,0.9769208,0.97142154,0.9804268,0.98162,0.95211315,0.6559845,0.97737384,0.9815625,0.9841416,0.9808966,0.98027843,0.9817039,0.967367,0.97615916,0.9796569,0.98035264,0.985327,0.982651,0.9761598,0.9826643,0.9765403,0.98240894,0.9736274,0.97494584,0.9812358,0.9822704,0.98027104,0.97991973,0.9749458,0.9787466,0.9761022,0.97972673,0.9717742,0.9845724,0.978577,0.9804819,0.9716876,0.97840965,0.98626405,0.97782683,0.98026717,0.97851866,0.96762276,0.9761775,0.9775851,0.9761436,0.9812897,0.97810143,0.97751397,0.9637318,0.98201597,0.97263527,0.9806386,0.9999997,0.9708041,0.9763725,0.97815096,0.977069,0.96671546,0.97426826,0.9798135,0.9789801,0.97254395,0.9831944,0.9808956,0.9817305,0.9794197,0.97923917,0.9733123,0.98154956,0.9676821,0.97539675,0.98122287,0.97643113,0.97424704,0.9816515,0.9690713,0.9822707,0.9831711,0.98387766,0.9737397,0.97539335,0.97823495,0.9800654,0.9774546,0.98203826,0.9785977,0.9464321,0.97884935,0.98141855,0.97596556,0.98002625,0.8788526,0.9785698,0.98084867,0.97881734,0.9844358,0.9802574,0.97326124,0.9791723,0.9821506,0.97588384,0.97950774,0.98281384,0.9844543,0.9747976,0.9720458,0.98335487,0.97651607,0.9801806,0.9766369,0.9789564,0.9825701,0.97514445,0.9796627,0.98383504,0.9820982,0.9792473,0.9748991,0.98135144,0.9809142,0.9709392,0.97933245,0.97836924,0.97657967,0.981499,0.99635077,0.97086996,0.9863176,0.96891624,0.97893715,0.981705,0.9744782,0.9833432,0.9836088,0.9862582,0.98131514,0.9693598,0.9919229,0.97724503,0.98381287,0.9842543,0.98054343,0.98237514,0.97120416,0.97890747,0.9758278,0.9816928,0.98084426,0.97870475,0.9729979,0.9865587,0.98477364,0.979186,0.9787684,0.9838681,0.9731139,0.99228305,0.98144996
scoop,0.9756515,0.9761529,0.9713984,0.97183514,0.97494954,0.9709315,0.9633977,0.9534567,0.9620254,0.9671587,0.9712162,0.9734291,0.9644768,0.97036284,0.9727418,0.9743138,0.97402954,0.9719006,0.96879905,0.97762036,0.97899336,0.9644619,0.9646795,0.9756285,0.97172445,0.9774007,0.9698619,0.973364,0.97393847,0.9711747,0.9797487,0.9724295,0.9717671,0.95179033,0.97520876,0.9755651,0.9784533,0.9857275,0.9737825,0.9653974,0.9775132,0.97586566,0.9707928,0.97224814,0.97848684,0.96760976,0.97522867,0.9669518,0.969817,0.9638922,0.96873593,0.96594906,0.9551256,0.95645404,0.9702985,0.96692824,0.95226204,0.9756944,0.95631135,0.9735944,0.97817075,0.9722819,0.9752473,0.9704333,0.97254646,0.97334635,0.9718477,0.9752937,0.96896845,0.976436,0.96717,0.972108,0.9543739,0.9770792,0.972639,0.96843904,0.973923,0.97473836,0.97353053,0.97452945,0.953566,0.9816117,0.97381127,0.9702196,0.9753286,0.9779222,0.97493494,0.9777113,0.977235,0.9754969,0.9711559,0.9711598,0.976006,0.97142816,0.9698964,0.9731646,0.9752509,0.9769394,0.9697119,0.9745312,0.97721267,0.9795813,0.9681792,0.9704653,0.967521,0.9671237,0.98163265,0.96474165,0.9719475,0.97297174,0.9749976,0.9587206,0.96825033,0.9657542,0.9714645,0.97600496,0.9487136,0.66617626,0.9750372,0.97776943,0.9769582,0.9748216,0.9760897,0.9803091,0.95678717,0.96649814,0.9730792,0.97675794,0.9709175,0.97089136,0.9690055,0.9814584,0.9674425,0.9802825,0.97326845,0.9710535,0.97578114,0.9748675,0.9750977,0.9760573,0.9836143,0.9686705,0.9678716,0.97568613,0.9673114,0.98016065,0.9733184,0.97500044,0.9660305,0.9726795,0.9758534,0.97217417,0.98042506,0.9683947,0.9785418,0.9708667,0.9664764,0.9722297,0.9771992,0.9732104,0.97447157,0.95862705,0.97320145,0.96583146,0.97683007,0.9708041,0.99999976,0.9772029,0.9741688,0.96958154,0.9681078,0.9703986,0.97491646,0.9737986,0.97256607,0.9776659,0.97871906,0.97688806,0.9776652,0.97483784,0.9641831,0.97349447,0.95941925,0.9685214,0.9757035,0.97338784,0.9736739,0.9758978,0.96232605,0.9752042,0.979259,0.97671574,0.9684694,0.9670569,0.97324425,0.9713131,0.97508997,0.97798866,0.9738698,0.9491646,0.97288775,0.9790015,0.9670484,0.974576,0.8718702,0.9727877,0.97609746,0.9703568,0.97870886,0.9731974,0.9696408,0.9751588,0.9760751,0.9701964,0.9818035,0.9751234,0.9670412,0.96925706,0.9679699,0.97207814,0.96893066,0.97308326,0.97012365,0.9708533,0.9751992,0.97342443,0.975217,0.97427654,0.9770528,0.97250897,0.97059095,0.9718384,0.970666,0.9636853,0.9761928,0.9722088,0.9700785,0.97836185,0.96933895,0.9677513,0.971002,0.9712956,0.97517717,0.9761302,0.9682242,0.9727583,0.9675532,0.97475916,0.97725123,0.963831,0.97545177,0.9686673,0.9732858,0.980377,0.9761352,0.97273403,0.9605883,0.98076415,0.97088575,0.9724296,0.9676204,0.9707864,0.9702544,0.9785731,0.973932,0.9708553,0.9727701,0.9734238,0.9671129,0.97516,0.97770506
stuff,0.9810717,0.98563856,0.98193365,0.9791796,0.98106897,0.9798916,0.96062756,0.96645725,0.9692661,0.97648233,0.9776312,0.98273534,0.97413653,0.97665095,0.98074603,0.981039,0.9828191,0.98247075,0.97788537,0.9846524,0.98280823,0.9720958,0.97177625,0.9804479,0.9807215,0.98239934,0.9783422,0.98021084,0.9836885,0.9778101,0.9841747,0.97434103,0.97781897,0.95819116,0.9837134,0.98232627,0.9847316,0.9802872,0.97993356,0.97165376,0.9877778,0.9830448,0.9801489,0.9819151,0.98716384,0.96893156,0.9765833,0.97846234,0.97949576,0.9755697,0.9770605,0.98085916,0.96231407,0.9615765,0.9775434,0.97851324,0.9552597,0.98341584,0.9679161,0.98569894,0.9846854,0.9768023,0.9861621,0.980392,0.9858556,0.9838396,0.98380643,0.98398536,0.9726042,0.98020715,0.97376347,0.98158187,0.970969,0.98341274,0.98179793,0.97343004,0.9839095,0.9871382,0.98127496,0.9827463,0.9549608,0.98308945,0.98629713,0.980043,0.9837012,0.9840489,0.98270893,0.9848779,0.98589927,0.9856933,0.9805706,0.9824541,0.98574305,0.9736794,0.98122925,0.981992,0.9726607,0.9834293,0.983934,0.984246,0.981231,0.9835823,0.9774285,0.97593474,0.9735804,0.97295076,0.98095065,0.96910906,0.9736148,0.98172605,0.9876663,0.965528,0.97710365,0.97351706,0.97797644,0.98486096,0.9564075,0.6657677,0.97792566,0.98441136,0.98191464,0.9849964,0.98416686,0.9828787,0.9648384,0.9756189,0.98274475,0.985232,0.9802868,0.9794835,0.97689533,0.9817858,0.9719652,0.9830528,0.98084223,0.9786876,0.97819734,0.98255116,0.98239917,0.98479986,0.9827065,0.98117346,0.9770739,0.984733,0.97456664,0.9829749,0.9835505,0.9809846,0.97661245,0.9818565,0.982942,0.98043215,0.9886768,0.9742931,0.9754334,0.9836051,0.9779614,0.9783258,0.9839262,0.9825087,0.9816164,0.9755742,0.98206484,0.9741781,0.98109674,0.9763725,0.9772029,1.0,0.9822075,0.9784939,0.96717715,0.98221177,0.9816615,0.98136234,0.9763272,0.98427737,0.9837847,0.98796475,0.9851553,0.982531,0.9749537,0.9825652,0.9660609,0.9787078,0.9860963,0.97551465,0.9779959,0.98339915,0.97596014,0.9831162,0.98649067,0.9849971,0.9770009,0.97836363,0.9833196,0.97819245,0.9837239,0.9852128,0.9801993,0.944552,0.98063624,0.98592,0.9779801,0.9831434,0.87221104,0.9799896,0.9811407,0.9803192,0.98798144,0.98095745,0.9726681,0.98448795,0.9847187,0.97706044,0.9847114,0.9829388,0.9758461,0.9817002,0.97358024,0.98212117,0.9790257,0.98364455,0.9834277,0.98194975,0.98006105,0.9788097,0.9827362,0.98463744,0.9842709,0.98117673,0.9777261,0.9816563,0.9770294,0.97482914,0.9792592,0.98130727,0.97920716,0.9876588,0.97630525,0.97549295,0.97833323,0.97555375,0.9797138,0.98442256,0.97707987,0.9802571,0.97706944,0.98387015,0.9859432,0.96810645,0.9828655,0.9794803,0.98053986,0.98761266,0.98214597,0.97826374,0.965151,0.9811482,0.9791351,0.9854419,0.9738648,0.9792388,0.9783302,0.987297,0.98249537,0.981668,0.97592604,0.9827736,0.98212045,0.98288757,0.98769176
smash,0.9834126,0.98500234,0.9830678,0.9834027,0.9783537,0.9817348,0.9670848,0.9605286,0.9726568,0.97648793,0.97969174,0.9861883,0.9711405,0.9795865,0.98585904,0.9839086,0.9856252,0.98571354,0.97561437,0.9843899,0.9788622,0.9725037,0.9724654,0.977818,0.9875555,0.98215926,0.9792098,0.9824729,0.9865244,0.97861224,0.9852451,0.9748222,0.9783249,0.9599755,0.9812668,0.982761,0.9867341,0.9800105,0.98020846,0.97143614,0.9858297,0.9813758,0.98126626,0.9824014,0.98558706,0.97064275,0.9777713,0.9809568,0.9796807,0.9704517,0.9791364,0.9775684,0.9707078,0.966638,0.97758645,0.9782747,0.9595644,0.9849475,0.967935,0.9836699,0.98234934,0.9785617,0.99155825,0.98049635,0.98131645,0.98907316,0.9810065,0.9849936,0.973781,0.9771212,0.9732206,0.9879648,0.96706665,0.98962814,0.9869022,0.9771517,0.98237324,0.9833231,0.9818708,0.99028814,0.9666202,0.9848026,0.98485017,0.97795004,0.9871173,0.9841485,0.98111326,0.9832528,0.9849393,0.9838209,0.98339415,0.98142576,0.9889022,0.9722423,0.98079395,0.98525727,0.9775229,0.98236376,0.9787338,0.9888688,0.97876906,0.98571646,0.9847781,0.9801234,0.97137076,0.9770973,0.9825495,0.9752686,0.97849196,0.9853007,0.98712134,0.9718857,0.98339635,0.97342575,0.9810289,0.9849436,0.95686257,0.6561965,0.97915226,0.98318964,0.9834191,0.98796123,0.9829769,0.9839562,0.9647726,0.9778088,0.9917156,0.9820173,0.9796691,0.98212695,0.97736937,0.9844463,0.9745871,0.98537934,0.97628844,0.97572345,0.98102885,0.9836283,0.98320407,0.98499584,0.9815694,0.97902215,0.9785117,0.98273706,0.97194344,0.9852045,0.98089373,0.9856274,0.97495127,0.98221415,0.9848752,0.9866702,0.9856912,0.977747,0.97228223,0.9770693,0.9831265,0.9771259,0.98375684,0.9886492,0.9873582,0.9691541,0.9796704,0.97928697,0.98173356,0.97815096,0.9741688,0.9822075,0.9999997,0.9785619,0.96845627,0.9795442,0.9878739,0.98866343,0.9737,0.9946799,0.9846677,0.98502374,0.9823713,0.9898531,0.9783382,0.98425233,0.9664583,0.9861457,0.9847708,0.97640985,0.97871995,0.987125,0.97358793,0.9820749,0.98946506,0.98461443,0.98372763,0.98166317,0.99023676,0.9806191,0.98208356,0.98460925,0.98400533,0.950518,0.98646647,0.98642033,0.9810034,0.9898243,0.871428,0.9820106,0.98667705,0.9848273,0.9887186,0.9820942,0.9739975,0.9821345,0.9844618,0.97870684,0.9879423,0.9817957,0.97756565,0.97869205,0.97386587,0.98539764,0.98501843,0.9809819,0.98282075,0.98220825,0.98364586,0.98017883,0.98476684,0.9850229,0.9837555,0.9811182,0.97948915,0.98658764,0.9819384,0.98133457,0.98571837,0.98134005,0.9844295,0.9851284,0.97866744,0.9769572,0.97922176,0.9731262,0.9790085,0.9848618,0.9773884,0.98300374,0.9793691,0.9842514,0.98816705,0.97123235,0.9844386,0.9800093,0.9817404,0.9849029,0.98209834,0.9824947,0.969134,0.98345053,0.98145795,0.9872151,0.97697914,0.9808146,0.9791197,0.98563015,0.98434955,0.9815816,0.97971064,0.98244184,0.9765472,0.9851608,0.9877928
sort,0.98018605,0.97606564,0.97643816,0.98093414,0.9758238,0.97778016,0.9559934,0.96731955,0.96942466,0.97624224,0.97625047,0.9801345,0.97464746,0.97301817,0.9828919,0.9762242,0.97994685,0.9789658,0.97494537,0.9783458,0.9741904,0.9746672,0.9689532,0.97893816,0.9763064,0.97723955,0.9825654,0.9778938,0.98350894,0.9819746,0.9841151,0.9771635,0.9762402,0.9581124,0.9805622,0.9809303,0.9832768,0.9774641,0.9806527,0.9718743,0.98541707,0.9797439,0.9783971,0.97923344,0.98218673,0.9717276,0.972782,0.97490644,0.9801593,0.9679279,0.9745983,0.9739679,0.96553147,0.9649553,0.97460175,0.97975624,0.9515627,0.981663,0.9670877,0.9806919,0.98237085,0.9745308,0.9833782,0.97776234,0.9760347,0.98363316,0.9775733,0.9816087,0.97356325,0.9801592,0.9777801,0.980393,0.96613395,0.9818058,0.98022646,0.9728886,0.981382,0.9795569,0.9789535,0.9827754,0.95299214,0.9815236,0.9797089,0.97982866,0.98159724,0.98069125,0.9775388,0.9792684,0.9806188,0.9804612,0.9806386,0.97809327,0.981558,0.9696386,0.9797204,0.9796957,0.97813225,0.9767289,0.97343725,0.9808034,0.97742355,0.9810996,0.98203254,0.9765248,0.9681369,0.97496724,0.9801665,0.9748418,0.9742416,0.9797141,0.98077494,0.96810025,0.9803226,0.96872425,0.97654533,0.98229575,0.9545192,0.66600424,0.97402793,0.98064744,0.97870713,0.9828423,0.9813428,0.9789305,0.9641637,0.9771318,0.98066425,0.97842467,0.9762357,0.98174846,0.9711401,0.9794988,0.9710107,0.98120224,0.9751339,0.9723194,0.9790468,0.98023736,0.97547823,0.9815496,0.9743308,0.97594494,0.9781668,0.97742295,0.972421,0.98097944,0.97550005,0.9849539,0.97320426,0.97751904,0.9823839,0.9798402,0.98114544,0.9811066,0.97223645,0.97100526,0.9752099,0.9752122,0.9833282,0.97953707,0.98007196,0.9646028,0.97614586,0.97864646,0.97811943,0.977069,0.96958154,0.9784939,0.9785619,0.99999976,0.97046673,0.9848716,0.9817831,0.9769689,0.9725661,0.9807912,0.9808844,0.98155385,0.97875166,0.9825224,0.97411746,0.9796432,0.96727806,0.9763941,0.981584,0.9744526,0.9710215,0.97972494,0.97107166,0.98121494,0.9798483,0.98247963,0.97679615,0.98093617,0.97869825,0.98032165,0.98042583,0.98227966,0.9781753,0.9461285,0.9800564,0.97943026,0.9773506,0.98184943,0.87163764,0.98244756,0.9828713,0.97972554,0.9828974,0.97527194,0.97436845,0.9816881,0.9831547,0.977317,0.97875446,0.97984326,0.9769422,0.97553,0.9727884,0.9780911,0.9802575,0.9775593,0.97943485,0.97766966,0.9780308,0.9771708,0.98137945,0.98146915,0.9826221,0.97300434,0.9723523,0.9811024,0.97987425,0.9739969,0.9792769,0.97770584,0.9782436,0.98069835,0.97615373,0.9749638,0.9743027,0.97391164,0.97645533,0.98185176,0.97662526,0.9806483,0.9753871,0.984465,0.98051935,0.9635879,0.9822372,0.97693485,0.980221,0.9856173,0.98280066,0.97579247,0.9644579,0.980031,0.975575,0.9803005,0.9706313,0.9840827,0.9749564,0.9858922,0.98471117,0.9824369,0.97294486,0.9802263,0.9756113,0.9815048,0.97910416
clean,0.9714682,0.97383,0.96671855,0.9696467,0.9657923,0.97023636,0.9726494,0.9520023,0.97305906,0.9643603,0.9699134,0.9739792,0.9589095,0.9660438,0.97065103,0.9682107,0.9705428,0.97181416,0.9653565,0.96648186,0.9636272,0.9633898,0.95926946,0.96679103,0.9674521,0.96646,0.9638407,0.9698067,0.9710519,0.9647219,0.9779908,0.96639585,0.9665133,0.9490492,0.9699739,0.9722484,0.9705568,0.96613604,0.9683881,0.9619418,0.9720979,0.96826345,0.97014076,0.96713036,0.97203,0.9867614,0.97298604,0.9684163,0.96971184,0.95653796,0.9647988,0.9616209,0.95377713,0.9534953,0.9690015,0.9705768,0.94035167,0.9695649,0.95547336,0.97124183,0.97156554,0.97593826,0.9704651,0.9668702,0.9654583,0.9713262,0.96944124,0.97090286,0.9656313,0.9638364,0.96111023,0.97614497,0.9562968,0.9685966,0.96873075,0.9637056,0.96994054,0.9677778,0.9703514,0.9696016,0.94166416,0.9782362,0.969853,0.962251,0.97613007,0.9743304,0.97106946,0.9709432,0.9707457,0.9682082,0.970654,0.9695087,0.9693393,0.97248954,0.9693538,0.97362477,0.98381144,0.9662805,0.96268415,0.9707765,0.96445054,0.97389567,0.9640166,0.96793485,0.9635516,0.9632723,0.97826165,0.9624941,0.97146165,0.9729821,0.97240734,0.9571308,0.9640316,0.96225715,0.9684745,0.97136676,0.9455216,0.6554761,0.9753751,0.971453,0.9715659,0.9773308,0.97175187,0.98368526,0.9582659,0.9654174,0.9683375,0.968697,0.9642609,0.9702653,0.96193063,0.9839349,0.9604338,0.9859856,0.9686026,0.9651981,0.97591573,0.9719301,0.96906286,0.9724844,0.96855086,0.96354854,0.9656127,0.9694796,0.965253,0.9744036,0.9653714,0.9705864,0.9659997,0.96887994,0.97430265,0.9706367,0.97196317,0.97040933,0.9619203,0.96608835,0.96455914,0.96874255,0.9721454,0.97329915,0.97078794,0.955446,0.97093517,0.96436703,0.9738516,0.96671546,0.9681078,0.96717715,0.96845627,0.97046673,0.9999999,0.9695109,0.969979,0.9676284,0.96150273,0.9705991,0.9765308,0.97158885,0.96929425,0.9691827,0.9681219,0.9702085,0.9559687,0.9650735,0.97132283,0.97210616,0.9628195,0.96816194,0.956489,0.9754801,0.97120714,0.97476006,0.9617107,0.96947914,0.9699056,0.9668578,0.96964514,0.97084296,0.9726645,0.9412048,0.970969,0.97233325,0.9705628,0.97187597,0.8591639,0.97115105,0.98089284,0.9677383,0.97301406,0.96846807,0.9670147,0.9665719,0.9717628,0.96533746,0.9758322,0.9698027,0.96528965,0.96331,0.9574784,0.96947396,0.9669402,0.9668516,0.97535056,0.96971136,0.97385466,0.96777403,0.9667869,0.9713905,0.97382396,0.9644011,0.9661564,0.9680961,0.9662813,0.9606145,0.9720785,0.96819896,0.96715516,0.9697965,0.96717244,0.96185756,0.9680735,0.9623622,0.9723403,0.9725036,0.96984464,0.9697123,0.9658387,0.9719376,0.9705283,0.9537558,0.97267956,0.9705106,0.97102785,0.97625107,0.9707051,0.9694821,0.95915496,0.97832,0.9689594,0.9725851,0.9639924,0.973554,0.97039646,0.9750632,0.97175133,0.9684168,0.972378,0.972069,0.97268283,0.9715524,0.968269
prepare,0.9873711,0.9814452,0.97851145,0.97736466,0.97920704,0.9786923,0.96236646,0.9640257,0.9791686,0.97748154,0.9788525,0.9840981,0.97699606,0.9778803,0.97888815,0.9790211,0.98140436,0.9802431,0.98258066,0.98278755,0.9746313,0.9719729,0.984313,0.97897446,0.983716,0.98008,0.9761769,0.9791216,0.9814563,0.97767234,0.98335993,0.9710539,0.98632187,0.96079946,0.98661244,0.98686695,0.9823931,0.97891736,0.9844959,0.9723303,0.9836482,0.98207605,0.9798944,0.97989565,0.9855946,0.9687534,0.97493815,0.97616494,0.98415077,0.9766733,0.98142004,0.9833251,0.9701404,0.9629338,0.9797725,0.98179185,0.95468205,0.9831926,0.9626,0.9826079,0.9854204,0.9788079,0.98277014,0.9814591,0.9849091,0.98351884,0.9784521,0.9840612,0.97501075,0.9778074,0.9748737,0.98406285,0.9664448,0.98194295,0.97910774,0.9792963,0.98072726,0.9794606,0.9836491,0.98197657,0.9580495,0.9829673,0.98007005,0.97987336,0.9826016,0.98173577,0.9798463,0.9830322,0.9822243,0.9829309,0.9842863,0.9779565,0.9816848,0.9707518,0.9825018,0.98012483,0.9760339,0.97921306,0.9784828,0.981679,0.9775399,0.98225,0.9782722,0.9768186,0.9696848,0.9785397,0.98120373,0.96831036,0.9742534,0.98213947,0.9816364,0.97112185,0.97717744,0.9703571,0.9773023,0.98256755,0.94801944,0.6642382,0.9766669,0.9867441,0.9839663,0.9853082,0.984647,0.98218477,0.9669717,0.97571397,0.9806852,0.98020613,0.9810134,0.97911954,0.97593457,0.98267514,0.97427064,0.9841919,0.97716445,0.97541827,0.98087984,0.9835231,0.98052216,0.9849161,0.97833276,0.9788025,0.9797773,0.9801758,0.9815486,0.9812407,0.97965443,0.98036546,0.9751558,0.9849776,0.9834813,0.98364395,0.9815919,0.9828457,0.97446096,0.9772454,0.97657716,0.97497594,0.9861969,0.9814992,0.97892725,0.9691316,0.97958785,0.97757095,0.97883046,0.97426826,0.9703986,0.98221177,0.9795442,0.9848716,0.9695109,1.0,0.9801691,0.9797468,0.97040945,0.9819086,0.9832758,0.9828545,0.9804899,0.98246247,0.9788788,0.9810673,0.972769,0.97859955,0.9820373,0.9775751,0.97269535,0.9822423,0.9662537,0.98259825,0.9837877,0.9857245,0.9774722,0.98186886,0.98058516,0.97964513,0.9845238,0.98727965,0.9797902,0.9458231,0.97973496,0.9829162,0.9789047,0.98115295,0.8760809,0.98545367,0.984023,0.979429,0.9844598,0.97938186,0.97894996,0.983937,0.9861315,0.9835498,0.9808514,0.98199874,0.9817813,0.9763529,0.9733422,0.9782087,0.9805995,0.98355705,0.9800339,0.97850883,0.9809069,0.9786714,0.9821064,0.9826096,0.98565,0.9761037,0.97567683,0.9815323,0.9751237,0.97735876,0.98021907,0.9777106,0.9831629,0.9810593,0.9737852,0.9826889,0.97509396,0.9801895,0.9799327,0.9865123,0.9788989,0.9803414,0.9767043,0.98425144,0.98502564,0.97142565,0.98474574,0.9790358,0.981497,0.98805636,0.98725945,0.97697043,0.9677024,0.9839787,0.97873795,0.9824648,0.9750358,0.9805015,0.97645545,0.98600954,0.98305243,0.9794226,0.976519,0.9814186,0.97818935,0.9812692,0.982816
squash,0.9836452,0.9854368,0.9786939,0.98581135,0.9778017,0.98408204,0.9658288,0.9623266,0.9707005,0.97382146,0.9790832,0.98604053,0.9721961,0.9743965,0.9865429,0.98206604,0.97957546,0.985733,0.9764325,0.9826094,0.9754458,0.9708188,0.97347254,0.9772621,0.9842388,0.9817934,0.97992355,0.98058003,0.987111,0.97826433,0.9866756,0.9753021,0.97922873,0.9602032,0.9805002,0.98318726,0.98425376,0.9788955,0.9803314,0.97193205,0.98967594,0.9798197,0.98213315,0.9805829,0.9852078,0.9726561,0.97888243,0.9800553,0.9795502,0.97008884,0.9797134,0.9768688,0.9683472,0.9674467,0.97726923,0.9782252,0.9558482,0.98489696,0.9688615,0.98402756,0.9826302,0.978037,0.9897033,0.9809476,0.9783333,0.9891333,0.9809412,0.9910096,0.9737827,0.97844285,0.9749455,0.9852663,0.9670289,0.9862688,0.9857465,0.97799206,0.9828305,0.98190063,0.98320377,0.98705447,0.9619339,0.9845973,0.98271066,0.9778767,0.9874182,0.98268956,0.9821215,0.9840975,0.9807197,0.98089844,0.9838449,0.97916675,0.9861553,0.96768713,0.9802218,0.9871449,0.9779799,0.9821002,0.9763154,0.98261285,0.97709405,0.986129,0.98598397,0.97841024,0.9746877,0.9778067,0.9824214,0.9761016,0.97765094,0.9846019,0.98609686,0.9701858,0.98015124,0.97451204,0.9818511,0.98556113,0.95778805,0.6560553,0.9797651,0.9845317,0.9842597,0.9861351,0.98321486,0.9824159,0.96491915,0.9768915,0.9873257,0.980888,0.9813269,0.9809065,0.9771319,0.9845151,0.9749776,0.9841389,0.97703964,0.97663045,0.98156345,0.982112,0.98071027,0.98439753,0.9784103,0.97721887,0.97861296,0.9820175,0.97327137,0.9843425,0.9825009,0.9860244,0.97564995,0.9808403,0.9848518,0.9879119,0.98320276,0.97914857,0.9711278,0.9787993,0.9812375,0.9800242,0.98455834,0.98796237,0.9847862,0.96634126,0.9798654,0.97845,0.9847323,0.9798135,0.97491646,0.9816615,0.9878739,0.9817831,0.969979,0.9801691,1.0000001,0.984796,0.9732589,0.9903299,0.982257,0.9835739,0.9818208,0.98462546,0.97454935,0.98399174,0.9669912,0.97984076,0.98396385,0.97781986,0.97663933,0.9851047,0.972057,0.98145014,0.9895145,0.9851982,0.9792503,0.98033595,0.9871211,0.98029596,0.98094755,0.9844321,0.98699963,0.9504975,0.9845125,0.98262733,0.97672755,0.98776513,0.87823635,0.9802339,0.98652416,0.9842056,0.98685926,0.9826266,0.9762237,0.98071754,0.9835825,0.9785956,0.98665565,0.9827081,0.97885245,0.9791896,0.9743174,0.98410517,0.98412585,0.9809695,0.97914183,0.9811451,0.98522836,0.9784457,0.981977,0.982805,0.98413706,0.98001486,0.9788198,0.98525494,0.9830049,0.9761017,0.9836688,0.9810495,0.98277575,0.9825421,0.979302,0.97563225,0.9793446,0.9750011,0.97947866,0.9839603,0.97619534,0.983721,0.9799245,0.9852263,0.9861293,0.97091055,0.9847285,0.9800314,0.9828906,0.98626065,0.98309535,0.9819181,0.9677382,0.9832494,0.9825109,0.98339975,0.9766589,0.98175865,0.97786856,0.98468804,0.98407316,0.9806214,0.97781533,0.98346084,0.9753227,0.9854621,0.9839472
mash,0.9836515,0.9815068,0.9802057,0.9825836,0.9795632,0.9810898,0.9628359,0.95887244,0.9699102,0.9778206,0.9820028,0.983173,0.9706636,0.9796111,0.9833629,0.98104256,0.98260117,0.9825513,0.9765553,0.98192084,0.97689503,0.9742104,0.97310966,0.9782702,0.9796563,0.9825364,0.9743453,0.9810939,0.9834986,0.9761367,0.9833807,0.97180873,0.97816974,0.9557419,0.9810464,0.9825642,0.9862446,0.9779652,0.97976243,0.97020197,0.9883056,0.9801368,0.9789604,0.97869843,0.9836795,0.9712229,0.978167,0.97677577,0.9780715,0.9753084,0.9762267,0.97469527,0.97009116,0.9687469,0.9796253,0.98092574,0.95429605,0.9843706,0.96360373,0.98208225,0.9826263,0.97636575,0.988508,0.9801061,0.9803988,0.98667943,0.9822216,0.9847082,0.97170854,0.9770958,0.9740952,0.9808825,0.96730286,0.98921883,0.98173916,0.9781161,0.9824045,0.9799158,0.98111045,0.9906778,0.969643,0.98334956,0.98058856,0.9813904,0.98389417,0.9817806,0.97657555,0.98401827,0.98057723,0.98248476,0.98376846,0.9758129,0.9865167,0.9681546,0.98254985,0.9798168,0.9739738,0.9806793,0.97795683,0.9860532,0.9798239,0.9875953,0.9847703,0.9823662,0.9732625,0.9793163,0.9811897,0.96850026,0.9774517,0.98293024,0.9844371,0.9699758,0.98389477,0.97524697,0.9818135,0.98303944,0.9536678,0.65445304,0.97935474,0.9819038,0.98370355,0.9841049,0.9824245,0.98225063,0.96485925,0.9757696,0.98781717,0.98307425,0.9794035,0.982605,0.9776651,0.98258966,0.9778936,0.98259926,0.9784395,0.9762052,0.98108554,0.9833433,0.98278975,0.98233664,0.9809866,0.9791017,0.9784862,0.98161936,0.9756598,0.9842263,0.98004967,0.9796668,0.9730424,0.9806084,0.9846471,0.9823158,0.9827844,0.9756696,0.97120327,0.9793778,0.98015434,0.9753617,0.9840627,0.9825239,0.983503,0.97229236,0.98099977,0.97978663,0.9820751,0.9789801,0.9737986,0.98136234,0.98866343,0.9769689,0.9676284,0.9797468,0.984796,0.9999999,0.9729427,0.99132425,0.98152936,0.98348284,0.9815806,0.986918,0.97802776,0.9822894,0.9662917,0.98724204,0.9838919,0.976822,0.97748864,0.98576725,0.97020006,0.9810166,0.9869214,0.98335457,0.9838954,0.97890055,0.98555386,0.9787263,0.9802803,0.9848417,0.9808686,0.95133024,0.9813075,0.9830859,0.9873757,0.98226404,0.87511784,0.9802028,0.98180646,0.9825355,0.9862395,0.9808757,0.97435015,0.98176444,0.98389643,0.97751075,0.9841349,0.98135394,0.97870225,0.97890043,0.9742451,0.98193896,0.98314846,0.9872976,0.98512816,0.98048013,0.9815768,0.97848344,0.9829637,0.98580277,0.98407847,0.97939676,0.9768097,0.9861105,0.9818974,0.9814919,0.9851254,0.9811084,0.9842506,0.98308194,0.9790324,0.9749306,0.98037505,0.97267646,0.98068756,0.9845532,0.9803848,0.98374915,0.9816722,0.9852817,0.98568547,0.97058356,0.984989,0.97730523,0.981416,0.98668003,0.98228097,0.98093724,0.9694349,0.9818315,0.9789384,0.9848044,0.97829807,0.97750187,0.97652596,0.9857288,0.98398113,0.9820912,0.97868705,0.98323274,0.9786783,0.9860224,0.9866876
dash,0.9755095,0.97392946,0.97591513,0.97025806,0.97141254,0.97026885,0.9584634,0.9459642,0.9651916,0.9663077,0.97122645,0.9747579,0.96489716,0.96849287,0.9713544,0.9743231,0.9726459,0.97271276,0.96558553,0.9732558,0.96959156,0.9704294,0.9638646,0.97318155,0.9716891,0.9751676,0.97164124,0.9725188,0.9752721,0.97071856,0.9781571,0.96532154,0.969826,0.947389,0.9731175,0.97282964,0.9773684,0.98045737,0.9733262,0.9652955,0.9750271,0.9776227,0.9720093,0.97131157,0.9795979,0.9639454,0.9672343,0.968508,0.96956736,0.9621572,0.9666294,0.96638346,0.95902854,0.9557896,0.9719458,0.9699978,0.9453081,0.9819657,0.96280694,0.98112434,0.97700375,0.9709183,0.9794273,0.9779594,0.9731728,0.97573197,0.97619593,0.9756985,0.966908,0.97129774,0.96729124,0.97223514,0.9669774,0.9775916,0.9756802,0.9708124,0.9775201,0.980255,0.97306794,0.97866607,0.9509573,0.97638875,0.9804634,0.9704639,0.9744304,0.97807187,0.97257775,0.97304136,0.9776066,0.9790759,0.9737208,0.97437567,0.97596294,0.96422386,0.9723837,0.9737825,0.97144455,0.9729953,0.97381467,0.97553736,0.9724962,0.9788493,0.9750996,0.97288156,0.9634177,0.96958566,0.97650725,0.96244204,0.9689345,0.9747759,0.9792272,0.9594591,0.9701302,0.96609,0.97156656,0.9792556,0.9519681,0.6499807,0.9691005,0.97598,0.97561485,0.9744435,0.975273,0.97554356,0.9639296,0.9701656,0.97399485,0.97848994,0.97489166,0.9740481,0.96878356,0.9763258,0.9694102,0.97594774,0.97015107,0.966985,0.97163194,0.9762457,0.975834,0.9739281,0.9728587,0.9723504,0.977581,0.977694,0.9670061,0.9775314,0.9740772,0.9743826,0.9677993,0.9737141,0.97494334,0.9757774,0.98211503,0.9697136,0.97174674,0.96761125,0.97074056,0.9735721,0.9787542,0.9730458,0.9707809,0.9568512,0.97380424,0.96665245,0.9760565,0.97254395,0.97256607,0.9763272,0.9737,0.9725661,0.96150273,0.97040945,0.9732589,0.9729427,0.9999998,0.97618955,0.9769817,0.9822262,0.9764935,0.9757562,0.96636,0.9749033,0.962076,0.9733516,0.97368515,0.9686844,0.9734936,0.9748535,0.9695542,0.9771436,0.9758302,0.9745066,0.9677752,0.96597517,0.9754421,0.97178555,0.97168994,0.97717565,0.97420114,0.9538193,0.97350585,0.977131,0.97019935,0.97454005,0.870974,0.9706072,0.97337896,0.974272,0.97924054,0.9721361,0.9656721,0.9722078,0.976809,0.9687895,0.97656083,0.97601134,0.9702716,0.97648156,0.9675442,0.9727843,0.9738624,0.9776227,0.97276646,0.98057526,0.9739287,0.96878284,0.9746201,0.97824436,0.9760277,0.97606725,0.97222626,0.9758024,0.97298765,0.96416444,0.9716265,0.9749645,0.96970475,0.9810346,0.97208023,0.9661417,0.975096,0.96740025,0.9710573,0.9765592,0.97235334,0.9731156,0.9720392,0.9773447,0.97453535,0.9592078,0.9777731,0.97120893,0.97496665,0.97812736,0.97475713,0.9736001,0.96186656,0.97627723,0.97414505,0.97801006,0.9701737,0.97170305,0.97182465,0.977936,0.97488177,0.97322613,0.97057533,0.97751236,0.96936923,0.9794473,0.97644204
crush,0.98943746,0.9872074,0.9843011,0.9872169,0.98081774,0.9840085,0.97018623,0.9637063,0.97358507,0.9819088,0.984183,0.98738295,0.97453535,0.9828047,0.9880196,0.9856775,0.9864977,0.9872355,0.9802419,0.98595357,0.9808342,0.9785218,0.97658217,0.9820203,0.9873872,0.9875959,0.98269176,0.98748237,0.9887536,0.98242456,0.98864394,0.97822505,0.9819653,0.9619934,0.9845088,0.9871523,0.99102634,0.9806491,0.9843358,0.97635925,0.9894185,0.9847366,0.9833525,0.98443043,0.9887474,0.9726494,0.9820433,0.9815453,0.98276657,0.97302914,0.981527,0.9798731,0.9730882,0.96996295,0.9823288,0.9805502,0.96063805,0.98915386,0.9717276,0.98671603,0.98620343,0.9812405,0.9944729,0.985741,0.98320675,0.9931429,0.98491806,0.9907393,0.97772276,0.9817,0.97814864,0.98638386,0.96995044,0.9921386,0.98904115,0.9810044,0.98642135,0.98593765,0.9849859,0.9950647,0.97105616,0.9891652,0.98613656,0.9848443,0.9883202,0.98659563,0.9832476,0.9861677,0.9856697,0.9858344,0.98658097,0.98183393,0.9917594,0.97309744,0.9846804,0.987774,0.98086834,0.98487973,0.98007727,0.98885953,0.9826284,0.9889385,0.9885207,0.9837848,0.9756914,0.9821221,0.98596746,0.9755519,0.98317635,0.9890352,0.98858535,0.9751717,0.98434097,0.9784492,0.98489577,0.98985165,0.9601609,0.6600895,0.98325807,0.98616016,0.989572,0.9916293,0.98578393,0.9879454,0.9678556,0.9804529,0.9919828,0.98542714,0.9832365,0.9858463,0.9807464,0.98822594,0.97942233,0.98857003,0.97947717,0.980266,0.9849503,0.9866426,0.9879388,0.98678,0.9845489,0.9820191,0.9823109,0.98771447,0.97598577,0.9880358,0.9860362,0.98784,0.9769754,0.98434603,0.98824996,0.9900757,0.98816633,0.9806414,0.9723938,0.9796214,0.9844488,0.98044443,0.9877268,0.9893425,0.9886828,0.9695982,0.9845393,0.9830609,0.9874502,0.9831944,0.9776659,0.98427737,0.9946799,0.9807912,0.9705991,0.9819086,0.9903299,0.99132425,0.97618955,1.0,0.9863866,0.9887448,0.9872256,0.99175173,0.98021126,0.98765045,0.9694361,0.98799974,0.9889194,0.9801863,0.98157597,0.99028546,0.97682333,0.9851804,0.9908357,0.9876423,0.9862373,0.9835114,0.9905935,0.98394537,0.9848595,0.98888725,0.98680717,0.95344424,0.9886034,0.9883901,0.9837819,0.9907177,0.878464,0.9844617,0.98750275,0.9862353,0.9905967,0.9863023,0.98028326,0.98444295,0.9873914,0.9815621,0.9915318,0.98526704,0.9821979,0.98218983,0.9776338,0.9868783,0.98918474,0.9850298,0.9857006,0.98528737,0.98861825,0.982005,0.98614067,0.9887578,0.9874973,0.984575,0.9809229,0.99133915,0.98509,0.9842122,0.9885356,0.9847727,0.98747796,0.98871267,0.98242754,0.9792349,0.9826264,0.9777972,0.9856905,0.9870133,0.9817639,0.98824614,0.98383236,0.988414,0.9919298,0.9728337,0.9878269,0.98255587,0.9874852,0.98944384,0.9860276,0.98854977,0.97124267,0.9864521,0.9830757,0.98890543,0.9842993,0.9834061,0.98050624,0.9888631,0.9874554,0.9846975,0.9838565,0.98721886,0.97925574,0.9888945,0.9893221
drain,0.9878865,0.98930645,0.9900127,0.98092955,0.9798395,0.9828997,0.9760357,0.96488,0.9765961,0.9779256,0.98512596,0.9875842,0.97227454,0.98013043,0.9834269,0.9879575,0.9900512,0.9855129,0.98204136,0.9867554,0.98064846,0.97809684,0.9769821,0.9837449,0.9847609,0.9848569,0.98644876,0.9830678,0.98459005,0.9802842,0.9936962,0.984488,0.981325,0.9682047,0.9834094,0.9884174,0.9892033,0.98231417,0.98494583,0.97888905,0.98517656,0.98942393,0.98766845,0.9869085,0.99064463,0.97765076,0.9857352,0.98075473,0.9838923,0.972473,0.98164845,0.97803086,0.96911603,0.96674705,0.9840717,0.9802052,0.95950705,0.98779863,0.9706913,0.9879119,0.98864806,0.98804075,0.98632634,0.985549,0.98531896,0.9861854,0.98467267,0.9860627,0.9757204,0.98236525,0.9782465,0.9876799,0.9710001,0.9875287,0.9836005,0.98178035,0.98434705,0.9878715,0.98475003,0.98534214,0.96023947,0.9941502,0.9907423,0.9787498,0.98735106,0.9931801,0.9860212,0.98719275,0.9913556,0.9896557,0.9852559,0.98768663,0.98644155,0.9768672,0.9821653,0.9878717,0.9844407,0.98276997,0.98632085,0.99035275,0.98249644,0.99141085,0.98049337,0.98150766,0.97829455,0.9770223,0.9913044,0.9728043,0.9825149,0.98666215,0.9865122,0.9704544,0.9794904,0.97174686,0.9829936,0.9903687,0.95778644,0.6709288,0.9867947,0.989598,0.9887049,0.98767704,0.98746717,0.990817,0.97111326,0.9776519,0.98440087,0.9832822,0.98209286,0.98476374,0.9808821,0.98969764,0.97788477,0.99037665,0.9879617,0.97965556,0.9877078,0.98818856,0.9858042,0.99082565,0.9881909,0.9788261,0.98209274,0.9853004,0.9803378,0.99182886,0.98218024,0.9846856,0.9828819,0.99397063,0.9885536,0.9843692,0.9900731,0.98167473,0.97172046,0.9803839,0.9785351,0.9830831,0.988293,0.9862223,0.98560506,0.9668346,0.98690945,0.9808327,0.9889835,0.9808956,0.97871906,0.9837847,0.9846677,0.9808844,0.9765308,0.9832758,0.982257,0.98152936,0.9769817,0.9863866,0.9999995,0.99194777,0.98624325,0.9871611,0.9784144,0.987736,0.9722374,0.98182327,0.98551875,0.9865224,0.97966224,0.98823744,0.9782072,0.98766947,0.98753715,0.98927736,0.9807921,0.9827958,0.98591065,0.9836307,0.9867166,0.98855996,0.98284775,0.95392877,0.98207647,0.98814315,0.97897226,0.9868481,0.8793515,0.9830087,0.98819053,0.98241895,0.9927925,0.9875728,0.97917026,0.98513854,0.99122125,0.98066556,0.99097604,0.9862666,0.98024607,0.97915083,0.97488344,0.9840591,0.9842227,0.98410976,0.98096,0.98532295,0.98724926,0.98282486,0.9886112,0.98772824,0.9887587,0.9812779,0.98150265,0.985139,0.9830556,0.97684664,0.9860068,0.98242307,0.98298955,0.9918082,0.97963816,0.97850657,0.98132515,0.977307,0.9849129,0.9908869,0.9776178,0.9842652,0.9802768,0.9856881,0.9871645,0.9706398,0.9888113,0.9834256,0.98819786,0.98952705,0.98743975,0.98529047,0.97762287,0.9924852,0.9851985,0.99030846,0.98202217,0.9814266,0.9844214,0.9889676,0.9863249,0.98111904,0.9857846,0.98741996,0.9774942,0.9876967,0.9877221
splash,0.9903786,0.985988,0.9911548,0.98359096,0.9838802,0.98416454,0.9686974,0.9651914,0.9760724,0.98325706,0.9844277,0.98801756,0.97613823,0.9828056,0.98545134,0.98934263,0.98950136,0.9876524,0.98116255,0.988595,0.98182607,0.97729594,0.9784726,0.9849841,0.9842086,0.988069,0.98799,0.98743683,0.9865244,0.9832142,0.99185073,0.98328155,0.9818258,0.9621186,0.98737013,0.9893287,0.990842,0.98256224,0.9851567,0.98064196,0.9885607,0.9895196,0.9876658,0.9881623,0.9939563,0.9748285,0.9812211,0.9824667,0.9854971,0.975234,0.98000675,0.9820366,0.969384,0.9687909,0.9833417,0.9838355,0.9604175,0.99252313,0.97566056,0.9905637,0.98950285,0.9821262,0.9899029,0.9913705,0.9885646,0.98721486,0.9900204,0.9889171,0.97487706,0.9842826,0.9797842,0.98392564,0.97998804,0.98762304,0.987612,0.98164576,0.9871176,0.99486566,0.98457164,0.98779917,0.96079344,0.99220574,0.9945105,0.9817207,0.9881407,0.99395835,0.98595387,0.98672634,0.99336195,0.9939643,0.9863415,0.99054796,0.9881191,0.9743507,0.98619145,0.9850358,0.9825373,0.9866901,0.990091,0.99167097,0.9839331,0.99080086,0.98367125,0.98342824,0.97584933,0.98015064,0.9892099,0.9708658,0.98049873,0.9879783,0.9910559,0.97368884,0.9809569,0.97738725,0.9823695,0.9939252,0.96348906,0.66879267,0.98276657,0.9906087,0.9897536,0.9888025,0.98830056,0.99187416,0.9720822,0.9823997,0.98508805,0.9888925,0.98571384,0.9856266,0.98158866,0.9904527,0.98085123,0.9907756,0.98257554,0.98179054,0.9853539,0.99030167,0.98771864,0.9908743,0.9875951,0.9845443,0.9881344,0.9917045,0.97934395,0.9919037,0.9880135,0.9857769,0.98248976,0.98908186,0.9863026,0.98528165,0.9951172,0.98012054,0.9712078,0.982208,0.9821826,0.98347133,0.9913951,0.9860031,0.98428065,0.9689854,0.98981583,0.9795167,0.9903789,0.9817305,0.97688806,0.98796475,0.98502374,0.98155385,0.97158885,0.9828545,0.9835739,0.98348284,0.9822262,0.9887448,0.99194777,1.0,0.9917517,0.9873952,0.981611,0.98809844,0.9755077,0.98376286,0.9883064,0.98051447,0.98113084,0.9889852,0.9856801,0.9890927,0.9894453,0.99013865,0.9804392,0.9799141,0.98695856,0.9846501,0.9854839,0.9910168,0.9839139,0.95608056,0.9845886,0.98958707,0.98162,0.9879301,0.8841517,0.98329705,0.9862944,0.98633486,0.99362826,0.9871974,0.9812485,0.9842572,0.9922713,0.9811888,0.9910525,0.9875454,0.98167753,0.9893864,0.9779698,0.98530924,0.98500633,0.98627734,0.9829984,0.9896867,0.98856086,0.98277724,0.98906034,0.9914786,0.98950356,0.9881223,0.9838465,0.987491,0.98256004,0.9766221,0.9851437,0.98639494,0.9817785,0.9965418,0.98053885,0.97887254,0.9844737,0.97917426,0.9855045,0.990813,0.9816299,0.9868719,0.9840666,0.98946536,0.9897788,0.97218627,0.98851717,0.98529243,0.98789036,0.99146235,0.988154,0.988005,0.9732911,0.9904352,0.98572874,0.9915328,0.9852599,0.9846496,0.98422414,0.99015886,0.9870586,0.98298043,0.98458993,0.98942333,0.98000693,0.9882861,0.98888934
glaze,0.98886836,0.98317516,0.9845712,0.9803202,0.9827857,0.98167205,0.9650844,0.96126014,0.9722971,0.9800716,0.98267984,0.9856076,0.9747362,0.98009974,0.983725,0.9844242,0.98499024,0.9835435,0.98193264,0.9867252,0.98598987,0.9765167,0.9763959,0.98463476,0.982703,0.99232167,0.97999245,0.98528975,0.9825431,0.9814711,0.98614603,0.9761668,0.98159045,0.9662981,0.99006474,0.9871115,0.9885092,0.98115283,0.9833134,0.97373277,0.98576576,0.9875028,0.9830713,0.9847842,0.9910201,0.9703145,0.9806034,0.98019767,0.9848615,0.9750888,0.97962344,0.9810725,0.9655112,0.9701936,0.9821362,0.9796532,0.960482,0.98786724,0.9733149,0.9878508,0.98742753,0.9800438,0.98573244,0.98492914,0.9864226,0.9848091,0.9862287,0.9871256,0.97695506,0.98330766,0.9824459,0.9823777,0.97856444,0.9848165,0.9835902,0.97971267,0.98599815,0.98901385,0.98257565,0.9841213,0.96347976,0.98949987,0.98795885,0.9811538,0.98522586,0.9877234,0.9860059,0.98819065,0.9877511,0.991176,0.9829619,0.9840507,0.985629,0.9700765,0.9835678,0.98381007,0.9782228,0.98543555,0.9826537,0.9861513,0.98358166,0.98803735,0.98027873,0.9782224,0.97534287,0.9791932,0.98466426,0.9732894,0.9777323,0.986677,0.9862161,0.97339445,0.97905946,0.9758683,0.9793566,0.98857856,0.96259683,0.6686049,0.98200786,0.98822093,0.9891123,0.9875566,0.98701364,0.98848516,0.9694596,0.9827045,0.9827436,0.9872634,0.9823528,0.98175746,0.9810181,0.9878024,0.9789239,0.9879436,0.97851723,0.9793569,0.98504996,0.9902316,0.99168307,0.98660725,0.986541,0.98136324,0.9818808,0.99419844,0.97728425,0.9861968,0.9890242,0.98590446,0.98145455,0.9857318,0.9852459,0.9814195,0.9911019,0.9806533,0.9713952,0.9784378,0.9780259,0.9815849,0.9870033,0.9849112,0.9814704,0.9650163,0.9847655,0.9780411,0.985258,0.9794197,0.9776652,0.9851553,0.9823713,0.97875166,0.96929425,0.9804899,0.9818208,0.9815806,0.9764935,0.9872256,0.98624325,0.9917517,1.0000002,0.9858597,0.97835267,0.98545885,0.9727617,0.97991014,0.9873533,0.97975296,0.9888587,0.989483,0.97784203,0.98479754,0.98931056,0.987851,0.97999626,0.979484,0.98557323,0.98199475,0.9848753,0.98890525,0.9824958,0.9516519,0.981786,0.98892856,0.97878426,0.98613024,0.882511,0.98323065,0.98486155,0.98023444,0.98909336,0.9865337,0.98159033,0.9844421,0.987356,0.9806109,0.98911047,0.98577905,0.97990793,0.9826979,0.9859645,0.9834586,0.9820209,0.9851481,0.98024535,0.98560655,0.9878794,0.9902022,0.9844083,0.98667,0.9874604,0.98578906,0.9829333,0.98356026,0.9815611,0.9754472,0.98316795,0.98983836,0.98143995,0.99121666,0.9789849,0.97718096,0.9827272,0.97649765,0.98317534,0.98698,0.976236,0.9854617,0.98094594,0.98591304,0.98905164,0.9727037,0.987736,0.9849913,0.98576945,0.98917097,0.98588353,0.985685,0.9710847,0.9850098,0.9816647,0.98808503,0.98316705,0.98480797,0.9836066,0.98998415,0.98722833,0.98022443,0.9809043,0.9885158,0.9771101,0.9857365,0.98768246
break,0.9865759,0.9812498,0.98220634,0.9812001,0.97866225,0.97927755,0.9662107,0.9596242,0.9749927,0.9778579,0.9847767,0.98500437,0.97304887,0.9793326,0.98229986,0.9818604,0.98832184,0.98254246,0.9836924,0.983981,0.9817658,0.9761088,0.977006,0.9808807,0.98546755,0.98495173,0.9806849,0.9817449,0.98400885,0.9820718,0.98604065,0.97420925,0.9841665,0.97091323,0.98480946,0.9876824,0.98869646,0.98435855,0.9860979,0.9741309,0.9865425,0.98419404,0.9827387,0.9854115,0.98803806,0.9716303,0.9782603,0.97749406,0.9819585,0.9717628,0.9815665,0.97900265,0.97877014,0.9723811,0.98205423,0.98200834,0.9632762,0.98980236,0.9719851,0.99003536,0.98742455,0.9811956,0.9902026,0.98633367,0.9835762,0.9909147,0.98225385,0.98575455,0.9761629,0.98166275,0.9769567,0.9842473,0.96959096,0.9943519,0.98688143,0.979513,0.9838791,0.9843777,0.98154455,0.99308896,0.9734688,0.98664016,0.98674,0.9820578,0.98393,0.98470104,0.9837291,0.98714745,0.98642445,0.98549765,0.9848068,0.9801536,0.98561096,0.97128713,0.9828628,0.9846298,0.97794235,0.9833672,0.97816896,0.98762554,0.9824646,0.98589265,0.9898767,0.9843981,0.97445184,0.985239,0.9843776,0.9778801,0.9846032,0.986155,0.9832885,0.9808436,0.9910175,0.97382957,0.983414,0.9857649,0.95704305,0.6749845,0.9796847,0.9855017,0.98658717,0.9872047,0.9850525,0.9852688,0.9655064,0.98146576,0.98815715,0.985193,0.9799166,0.983669,0.978549,0.98562586,0.97898805,0.9860002,0.97729176,0.97787666,0.9848899,0.98587525,0.98644924,0.9861861,0.98346895,0.979479,0.98677075,0.9855713,0.9800103,0.9855459,0.9838667,0.9863673,0.97867495,0.9856607,0.98628175,0.982928,0.9880914,0.9813401,0.9728069,0.977356,0.9789369,0.98055303,0.9882342,0.9848103,0.9825745,0.96657157,0.9799517,0.9883275,0.98471403,0.97923917,0.97483784,0.982531,0.9898531,0.9825224,0.9691827,0.98246247,0.98462546,0.986918,0.9757562,0.99175173,0.9871611,0.9873952,0.9858597,1.0000004,0.98143655,0.9882028,0.9697188,0.99238265,0.98728347,0.97996765,0.9794348,0.98985374,0.97622037,0.98424727,0.98875326,0.9860473,0.9934507,0.9843949,0.98849463,0.9849872,0.985578,0.9875427,0.98384374,0.94992584,0.98143923,0.98731613,0.98278254,0.9835163,0.8750707,0.9854239,0.9839612,0.9810717,0.98673064,0.98615295,0.9775387,0.9865044,0.9871535,0.9826729,0.98820966,0.9851768,0.9803185,0.9843001,0.97799534,0.98365,0.9933341,0.9820399,0.984869,0.9846446,0.9836801,0.9835524,0.98391056,0.98704225,0.98672116,0.9815806,0.97950804,0.9927255,0.9842675,0.990579,0.9946835,0.98330474,0.99364465,0.9872481,0.97919357,0.9800471,0.98065656,0.9790836,0.9805288,0.9864702,0.980002,0.9849817,0.9818476,0.9859991,0.9923087,0.97165006,0.98774725,0.9799671,0.9852656,0.9885705,0.9858931,0.9823544,0.97524565,0.98461664,0.9819188,0.988727,0.9799235,0.9827526,0.9792247,0.98827636,0.9886697,0.9806871,0.9818582,0.98535794,0.9785641,0.9849116,0.9898497
chill,0.9810323,0.9753123,0.97739345,0.9746615,0.97327626,0.97560215,0.96015835,0.9549992,0.97362256,0.96654683,0.9769886,0.97897106,0.9722948,0.9712425,0.973896,0.97874624,0.98190284,0.9792537,0.9755978,0.9788039,0.9712378,0.9686241,0.9708477,0.9745253,0.9810321,0.97790986,0.9732888,0.976333,0.97396845,0.9756144,0.9788801,0.96541315,0.97881925,0.95451415,0.9790476,0.9799909,0.979174,0.97282434,0.9780696,0.97051626,0.9788343,0.97585267,0.9788955,0.97887605,0.9821847,0.9658486,0.96974754,0.97535646,0.9827433,0.96682864,0.9753133,0.97260904,0.9667187,0.96310896,0.974825,0.98913974,0.95593786,0.98500633,0.9631928,0.9783009,0.9810458,0.9730426,0.9789549,0.97889954,0.97720265,0.9811452,0.9841155,0.97819936,0.9687399,0.9759094,0.9699605,0.97910607,0.96613646,0.9807326,0.97709763,0.9725217,0.975579,0.97858554,0.97582,0.9808846,0.96039087,0.98014444,0.9813971,0.96936965,0.9796354,0.97875464,0.97845334,0.9755416,0.978969,0.9783823,0.97796667,0.9783196,0.976303,0.9592305,0.97443384,0.97668993,0.9734234,0.976752,0.9731022,0.98097014,0.9760304,0.9780563,0.9766457,0.9809142,0.9663997,0.9773075,0.97711724,0.9696111,0.9732745,0.97875607,0.97883254,0.9711746,0.9771928,0.9676511,0.9744266,0.9782163,0.9533381,0.6642973,0.9732865,0.97856253,0.9783172,0.9805714,0.9792462,0.98073316,0.9566632,0.9735179,0.97967017,0.9789702,0.97464824,0.9765603,0.97655576,0.98085076,0.96903473,0.98219514,0.96963876,0.970269,0.9762102,0.979976,0.9784368,0.9826473,0.97518563,0.97234106,0.98072517,0.97777313,0.9731993,0.979558,0.97578263,0.9802734,0.97900385,0.97828645,0.9766308,0.9779052,0.9795599,0.97452515,0.96166396,0.9728877,0.97258717,0.971834,0.9828801,0.97888213,0.97400236,0.9632679,0.9754508,0.976512,0.9770341,0.9733123,0.9641831,0.9749537,0.9783382,0.97411746,0.9681219,0.9788788,0.97454935,0.97802776,0.96636,0.98021126,0.9784144,0.981611,0.97835267,0.98143655,0.99999994,0.98080474,0.962183,0.9794429,0.9799446,0.97023916,0.9749205,0.9819148,0.9693921,0.97942793,0.9803523,0.9792486,0.98030746,0.97485244,0.978696,0.97881866,0.9790371,0.98192334,0.97777545,0.9474834,0.97653836,0.9791422,0.972237,0.9793438,0.86528605,0.9783141,0.9799203,0.9774453,0.980922,0.978636,0.9725493,0.9727457,0.9821841,0.97533315,0.9790507,0.97625494,0.97559756,0.97479844,0.96952504,0.97513795,0.9803187,0.97813135,0.97404253,0.97515714,0.9761318,0.97321075,0.9786555,0.98259425,0.9837603,0.9760375,0.9733063,0.98155093,0.97058046,0.9753748,0.9780257,0.9774894,0.9789093,0.9810312,0.97134185,0.9722325,0.97341603,0.9728463,0.97111046,0.9822946,0.9707413,0.97542465,0.98656344,0.9762597,0.98203677,0.96656096,0.9786745,0.98122466,0.9786875,0.9829476,0.9822315,0.97365147,0.96332604,0.97737336,0.9809102,0.97956604,0.97213376,0.9787976,0.97646314,0.98134935,0.98225874,0.97172076,0.9698165,0.97795796,0.97058904,0.9786913,0.9759303
drop,0.9874861,0.98560596,0.98785615,0.9801477,0.9831649,0.9811522,0.9668401,0.96156687,0.97564787,0.97832376,0.98372114,0.98391926,0.9772991,0.9792358,0.9830357,0.986811,0.9887722,0.98686886,0.9825488,0.9880431,0.98117346,0.97640914,0.9753251,0.98208314,0.98398983,0.9846104,0.9836633,0.9816172,0.9849615,0.9817585,0.98783845,0.97969955,0.980358,0.9639837,0.98394424,0.9858931,0.9873538,0.98028964,0.9838216,0.9744287,0.98822314,0.9844939,0.98294646,0.9897115,0.9886793,0.97546965,0.9784743,0.9821998,0.9823449,0.9737414,0.985017,0.9777172,0.96983457,0.96683055,0.9840115,0.9789043,0.96453124,0.9912916,0.9697736,0.9911645,0.9846943,0.9813622,0.9879781,0.98920965,0.98251957,0.9861042,0.9820819,0.98592824,0.977928,0.9805349,0.979148,0.9831246,0.97208226,0.98759025,0.98587364,0.98209304,0.98603266,0.98597187,0.9836015,0.987838,0.9650649,0.9880845,0.9908004,0.9789132,0.98587877,0.98865867,0.9874979,0.98863477,0.98787904,0.9847823,0.985258,0.9882725,0.9860849,0.97087395,0.9837803,0.98547876,0.9801987,0.98436415,0.9813217,0.98819065,0.9824519,0.9870943,0.9839571,0.98237807,0.9790676,0.97872376,0.98441076,0.9744817,0.980368,0.98620355,0.98542863,0.9724401,0.9820284,0.9746445,0.98745054,0.9862848,0.9611439,0.6587435,0.97976387,0.9866992,0.9867647,0.9862741,0.98505384,0.9875202,0.96776855,0.9778489,0.9831067,0.98499095,0.9828118,0.9878409,0.9859168,0.987933,0.9793625,0.9864262,0.980125,0.9804662,0.98351496,0.9862525,0.9847071,0.99116164,0.98267984,0.9802823,0.98532116,0.9848786,0.97607774,0.98663825,0.9848541,0.98739386,0.97957903,0.9861225,0.9880743,0.9840888,0.9904795,0.9834833,0.9690323,0.9800504,0.9803943,0.981969,0.98923075,0.9836833,0.9811002,0.96598643,0.9836418,0.9774495,0.9882299,0.98154956,0.97349447,0.9825652,0.98425233,0.9796432,0.9702085,0.9810673,0.98399174,0.9822894,0.9749033,0.98765045,0.987736,0.98809844,0.98545885,0.9882028,0.98080474,0.9999998,0.9711692,0.9824401,0.9857651,0.9819525,0.981578,0.9903811,0.9757702,0.9843439,0.9893851,0.9867277,0.9836103,0.9812217,0.9838686,0.9903482,0.98634684,0.98900515,0.9799007,0.95507145,0.9808144,0.98762,0.9782641,0.98464423,0.8781305,0.9810912,0.9846879,0.980622,0.98874223,0.9856739,0.978414,0.9841041,0.9896193,0.98469925,0.9871418,0.98733276,0.98235756,0.98078954,0.97278774,0.9867112,0.98678845,0.98416966,0.9806559,0.9843056,0.9847629,0.9834062,0.98738545,0.9890231,0.9911437,0.982206,0.98063445,0.987683,0.98468375,0.9775759,0.9856264,0.98339546,0.9845513,0.9881207,0.97894543,0.98151064,0.983061,0.9786337,0.98274654,0.98871046,0.97776026,0.9872205,0.98079175,0.9879636,0.9870524,0.9756721,0.98882437,0.98198485,0.9862675,0.9903112,0.98744893,0.98285437,0.9752232,0.98571944,0.98306257,0.9892848,0.982705,0.9839405,0.98009515,0.9886896,0.9917849,0.9803158,0.9835022,0.9908476,0.97737294,0.9881618,0.9886458
test,0.97866935,0.96886134,0.9723089,0.9675524,0.9684233,0.9664428,0.9555134,0.9502256,0.96083933,0.9651104,0.97029704,0.9689316,0.9623241,0.96360177,0.9696521,0.97235674,0.96898675,0.9695285,0.9672959,0.9736066,0.95952904,0.9639162,0.97509927,0.9668137,0.96914303,0.9721958,0.9672031,0.9745471,0.9707788,0.9745177,0.97311676,0.96360666,0.973366,0.95281816,0.9718805,0.9782589,0.97384554,0.96326727,0.974651,0.9638887,0.97100884,0.96756625,0.968883,0.9679867,0.97975826,0.9588306,0.965271,0.9637082,0.97029716,0.96251476,0.9663922,0.96862125,0.95999473,0.9543003,0.97516966,0.9621377,0.9461836,0.97451806,0.96167415,0.97445846,0.9745472,0.9671182,0.9677369,0.9703875,0.9712353,0.97003675,0.9680121,0.9697344,0.9587851,0.9682188,0.96543956,0.9668511,0.9632718,0.9701932,0.9663249,0.97818923,0.97004056,0.9732145,0.9726089,0.9687882,0.9513477,0.9758454,0.9714618,0.96869826,0.97162795,0.9732089,0.9687765,0.9756929,0.9733251,0.9721439,0.97716904,0.97027653,0.9679273,0.9566937,0.9747007,0.9674543,0.9699063,0.9716095,0.97062767,0.9710376,0.9672919,0.9735136,0.9666926,0.96565586,0.9607026,0.96989346,0.9718133,0.95604026,0.9670525,0.97283125,0.9724292,0.9601437,0.96784776,0.9628115,0.9691437,0.9733429,0.94773597,0.6486191,0.9675932,0.9784307,0.97757953,0.97040796,0.97288,0.97374207,0.9635322,0.9661994,0.96931636,0.9751319,0.9753061,0.9707153,0.96966726,0.97469085,0.9716921,0.9730119,0.9691227,0.96418816,0.97152126,0.97421294,0.9736461,0.9734495,0.967319,0.96798515,0.9679817,0.9764657,0.9710828,0.972878,0.9678933,0.96714354,0.96350485,0.9735945,0.9729349,0.9656297,0.972357,0.97016716,0.95538753,0.96735406,0.96444273,0.96538144,0.9764302,0.9684078,0.9648668,0.95364255,0.973926,0.96835536,0.9738646,0.9676821,0.95941925,0.9660609,0.9664583,0.96727806,0.9559687,0.972769,0.9669912,0.9662917,0.962076,0.9694361,0.9722374,0.9755077,0.9727617,0.9697188,0.962183,0.9711692,0.9999999,0.9650564,0.9688049,0.97063494,0.9627501,0.97390527,0.96160126,0.96992624,0.97352356,0.97399217,0.967514,0.9650555,0.9672518,0.9715053,0.96967447,0.9777446,0.96804786,0.94827807,0.96807927,0.97328955,0.96282077,0.97136474,0.8628161,0.96691114,0.9707131,0.9665376,0.9734181,0.9705752,0.9817068,0.9718418,0.97676957,0.9679614,0.97310466,0.97155416,0.9741001,0.9636299,0.96002054,0.96728975,0.9670175,0.97378826,0.96403927,0.97135717,0.97243696,0.9621616,0.97173625,0.9738929,0.97467846,0.9725173,0.96702516,0.9687892,0.97011733,0.963514,0.97061926,0.9700946,0.969923,0.9760542,0.9666605,0.96590126,0.96925646,0.96767145,0.97350776,0.9762742,0.9653259,0.97473216,0.96579033,0.97375935,0.97428715,0.97540146,0.97758937,0.9645923,0.97315466,0.976772,0.9781236,0.97336346,0.9623044,0.9742269,0.9669957,0.97378594,0.97544277,0.97092885,0.95992714,0.9737554,0.9718997,0.96923447,0.974204,0.9740055,0.964793,0.971394,0.9725462
dice,0.9808797,0.9774845,0.97880095,0.9777888,0.97533375,0.9747888,0.96172357,0.9549822,0.9688215,0.9746734,0.9791832,0.98052514,0.9701438,0.97622585,0.9775751,0.9776527,0.9833491,0.9784493,0.97443616,0.9792089,0.9768971,0.9727187,0.9712657,0.9751964,0.97843987,0.9801464,0.9756009,0.9760259,0.9789272,0.977639,0.9810239,0.9698635,0.97944677,0.9558861,0.9802532,0.9811654,0.98422533,0.9772384,0.9817253,0.97285503,0.9835849,0.9795451,0.98003966,0.9776654,0.9813362,0.96642905,0.9717758,0.97349274,0.9781848,0.96799564,0.9743383,0.9759608,0.9823978,0.9703984,0.97966546,0.9783363,0.9535535,0.98758423,0.96277565,0.9833431,0.98201394,0.9744361,0.98855245,0.9848671,0.97729063,0.98987305,0.9789783,0.9826362,0.9684966,0.97646505,0.97101635,0.9796036,0.9653889,0.9929681,0.98522156,0.9759681,0.97893906,0.97937435,0.9784237,0.9925443,0.97359514,0.98221666,0.98079854,0.975,0.9804574,0.981365,0.97718817,0.9810059,0.98116803,0.98366255,0.98167014,0.9746022,0.9829834,0.96495885,0.9803871,0.97936386,0.97254145,0.9773929,0.97555965,0.9862125,0.97784406,0.98285806,0.9891753,0.98550135,0.9712803,0.9858798,0.97904104,0.97006226,0.9802697,0.98224926,0.9791794,0.98275423,0.99064475,0.9711537,0.9786124,0.98121136,0.95308495,0.6662285,0.9738907,0.98117006,0.98154974,0.98253554,0.9809047,0.9805092,0.96518743,0.9801317,0.98855835,0.9819605,0.9763255,0.9798724,0.9741957,0.9810868,0.97671276,0.9813936,0.97078204,0.974399,0.9805562,0.98244065,0.98195815,0.98075396,0.9777769,0.97606736,0.98678166,0.9785449,0.97595507,0.9811468,0.9788458,0.9805354,0.9752358,0.98028445,0.9811108,0.9774492,0.9831627,0.97613436,0.96778834,0.97256637,0.9759907,0.97546476,0.98413914,0.97949415,0.98004454,0.96550757,0.9767439,0.9840622,0.98205316,0.97539675,0.9685214,0.9787078,0.9861457,0.9763941,0.9650735,0.97859955,0.97984076,0.98724204,0.9733516,0.98799974,0.98182327,0.98376286,0.97991014,0.99238265,0.9794429,0.9824401,0.9650564,1.0000004,0.9827657,0.97429496,0.9727223,0.984146,0.96926296,0.9803116,0.9847302,0.98058194,0.99196815,0.98005533,0.9850174,0.9794539,0.9797915,0.9831161,0.98075503,0.94738126,0.97733605,0.982635,0.98338443,0.97939295,0.87057096,0.97854674,0.980655,0.9780221,0.9838157,0.9801069,0.9723677,0.9810808,0.9816327,0.9762452,0.9823074,0.9787365,0.97659445,0.98388577,0.97571737,0.9792063,0.99198633,0.97832036,0.9840054,0.9799269,0.9797864,0.9774987,0.9806284,0.9828523,0.9819302,0.9767751,0.9732946,0.99447834,0.9788295,0.9928998,0.99039763,0.97793674,0.9913376,0.98270565,0.9761431,0.97393566,0.97687256,0.97329605,0.9780751,0.98223656,0.97977006,0.9798963,0.97986656,0.9819041,0.99060524,0.96437204,0.98194647,0.9771331,0.98094594,0.9842887,0.9821844,0.97917694,0.9689693,0.9793976,0.9793926,0.9859229,0.9772036,0.9785802,0.9748294,0.9835554,0.9828441,0.9773293,0.97676504,0.979932,0.9764304,0.98126405,0.9861874
lard,0.988874,0.9842977,0.98390555,0.9842913,0.98231,0.98279893,0.9615969,0.96238095,0.9708493,0.9785765,0.9817708,0.9863808,0.9740322,0.98152375,0.9844634,0.9838176,0.98566586,0.9863246,0.98134184,0.9876446,0.9829812,0.9757853,0.97771955,0.9829479,0.9831749,0.9909838,0.9790811,0.98503304,0.98327154,0.98167,0.98485845,0.97308266,0.98188686,0.96439886,0.9895631,0.9889156,0.989573,0.9799142,0.98396343,0.97508293,0.98885584,0.9847967,0.98168325,0.9842403,0.9885372,0.9693858,0.9789543,0.98142314,0.9867008,0.9754697,0.9793907,0.98136413,0.9665872,0.96687675,0.9827529,0.9831549,0.9613085,0.98753005,0.97052795,0.98529583,0.98821795,0.9812395,0.9882313,0.9843533,0.98429227,0.98648196,0.9835075,0.9863793,0.97663045,0.98327655,0.9769896,0.98592186,0.96923745,0.9862466,0.9850924,0.9801615,0.98557127,0.98548496,0.9828083,0.9859607,0.95806825,0.9888174,0.98595595,0.98408747,0.9871076,0.98675966,0.98563397,0.9855722,0.985223,0.98822063,0.9844878,0.9810429,0.98879886,0.9729478,0.98459065,0.9836779,0.9785853,0.9846614,0.98197836,0.98710215,0.9839009,0.98732555,0.9820149,0.980336,0.9768986,0.97641313,0.98325,0.9717012,0.977379,0.98679096,0.98707724,0.9770606,0.9796589,0.9767604,0.9830422,0.98611456,0.95684373,0.67507315,0.9804531,0.9887894,0.9879216,0.98867124,0.98835176,0.9867138,0.96912247,0.98056734,0.9856751,0.9850365,0.9828704,0.9852051,0.9790534,0.98767376,0.9760756,0.98812604,0.97950715,0.98082787,0.9835726,0.98795336,0.9876681,0.9882122,0.98311675,0.981029,0.9809723,0.98639417,0.97905266,0.9863958,0.9865616,0.9842644,0.9803038,0.98910975,0.98557544,0.9819814,0.98860896,0.98067456,0.96930116,0.97924805,0.9814608,0.98194605,0.98926497,0.9843027,0.9842,0.9651866,0.9855173,0.9775163,0.9853988,0.98122287,0.9757035,0.9860963,0.9847708,0.981584,0.97132283,0.9820373,0.98396385,0.9838919,0.97368515,0.9889194,0.98551875,0.9883064,0.9873533,0.98728347,0.9799446,0.9857651,0.9688049,0.9827657,1.0000002,0.9799202,0.98283774,0.9906956,0.9739438,0.98628384,0.9892851,0.98797005,0.9803692,0.9844751,0.9850085,0.9830242,0.98826635,0.99168533,0.98274857,0.95201147,0.98438424,0.98664963,0.9811861,0.9858214,0.8770929,0.98726135,0.98696315,0.9838727,0.98918396,0.98454654,0.98124397,0.9848636,0.98844266,0.9802271,0.9878574,0.9820752,0.9805008,0.981132,0.97930443,0.98401356,0.9833203,0.98392934,0.98171175,0.9825283,0.9860382,0.9835181,0.9844442,0.98658305,0.9898816,0.98268676,0.979297,0.98523307,0.98328894,0.9772256,0.9841094,0.98660177,0.98275065,0.987576,0.98009884,0.9771156,0.98169893,0.9771764,0.98139995,0.9883062,0.9790753,0.9855488,0.9802112,0.98733073,0.98734844,0.97141224,0.9878583,0.9844023,0.9845619,0.9903338,0.98741907,0.98482925,0.9713038,0.983633,0.9836184,0.9870983,0.98166037,0.98300004,0.98249024,0.990667,0.9855705,0.98090166,0.98212373,0.9849334,0.9763583,0.98562014,0.9882316
unwrap,0.98186445,0.9803897,0.9778139,0.97430915,0.97383827,0.977824,0.9660246,0.9598505,0.96965647,0.9742746,0.9835714,0.9804097,0.96640515,0.9733694,0.9784831,0.9772508,0.9800982,0.9793641,0.98166716,0.97864753,0.972327,0.9706103,0.97221696,0.9757819,0.9781914,0.979245,0.97156465,0.9779631,0.98029196,0.97230697,0.98282707,0.9728649,0.9738071,0.9732748,0.97853094,0.9837108,0.9812241,0.9783204,0.97878253,0.9670285,0.9823104,0.97711074,0.9741027,0.9741526,0.9835091,0.97437173,0.9834195,0.97536105,0.9764085,0.9691321,0.97644734,0.96920484,0.96166945,0.9610846,0.9781621,0.97098833,0.9565353,0.9795756,0.9726573,0.9860273,0.98260105,0.985096,0.9792824,0.97744244,0.977751,0.9784868,0.97683245,0.98177874,0.9682097,0.97518086,0.97245324,0.9816541,0.9678575,0.97771025,0.97519743,0.9811529,0.9812612,0.97731286,0.98241204,0.9783169,0.95403636,0.9889012,0.97747505,0.97449285,0.98094785,0.98072267,0.97919965,0.987402,0.97716933,0.9786675,0.98076993,0.9737689,0.97948724,0.97375804,0.9820034,0.9793312,0.976514,0.97735924,0.97163963,0.9771968,0.9747836,0.9858182,0.9730612,0.97233254,0.9664862,0.96908146,0.98165995,0.9723179,0.97684205,0.9836562,0.9787488,0.96313304,0.9729655,0.9695597,0.9825789,0.9776951,0.9559812,0.65832615,0.9837575,0.98001903,0.99000967,0.9832132,0.9790607,0.98302084,0.97655165,0.9712109,0.9759001,0.9780148,0.9801963,0.98054606,0.974288,0.9834916,0.9755935,0.9832998,0.9774682,0.97358567,0.98950714,0.98031795,0.9816458,0.9800045,0.97859395,0.97586673,0.97194266,0.9825979,0.9778665,0.98311853,0.97727823,0.9766603,0.97662586,0.9826876,0.98713106,0.9757706,0.98106116,0.9829052,0.9654646,0.97393656,0.9711143,0.97720414,0.98116463,0.97965544,0.9768942,0.96108675,0.9835893,0.97139674,0.98701113,0.97643113,0.97338784,0.97551465,0.97640985,0.9744526,0.97210616,0.9775751,0.97781986,0.976822,0.9686844,0.9801863,0.9865224,0.98051447,0.97975296,0.97996765,0.97023916,0.9819525,0.97063494,0.97429496,0.9799202,0.99999994,0.9724668,0.9863041,0.96609175,0.9788803,0.9838623,0.9810736,0.9708207,0.97804976,0.980419,0.97972095,0.9804958,0.98149025,0.9773749,0.9450228,0.9740793,0.9833353,0.9742737,0.97765404,0.8788221,0.9809892,0.9867556,0.9746785,0.98104644,0.9844676,0.9760153,0.9852802,0.97861326,0.9776376,0.98432803,0.9835329,0.9769696,0.9733229,0.9679936,0.98146087,0.97672874,0.978614,0.97587496,0.9817498,0.98796767,0.97621286,0.97885746,0.9835677,0.98167866,0.97793996,0.9769943,0.9767899,0.9826551,0.96889853,0.9784556,0.97531533,0.9780529,0.9786074,0.97702056,0.9752474,0.9820645,0.9692582,0.98897624,0.9797458,0.97378767,0.9837241,0.97323847,0.98379076,0.9801743,0.9720213,0.9862709,0.97518617,0.9814772,0.9836743,0.97977436,0.98264575,0.9789988,0.9819543,0.975907,0.98270994,0.98369294,0.97401404,0.9741224,0.9857153,0.9814145,0.97589505,0.98592204,0.9839968,0.9714115,0.9815514,0.98302037
slather,0.98126847,0.9780867,0.9786033,0.97557116,0.9783354,0.97857285,0.9602901,0.9524103,0.9661931,0.9700987,0.97708166,0.98060215,0.97216403,0.97386634,0.9783941,0.9806058,0.9803443,0.98018587,0.9746132,0.9819669,0.97943795,0.9687643,0.97077584,0.9783277,0.97989666,0.98625976,0.9707495,0.9780897,0.975172,0.97514576,0.9790721,0.9650262,0.97795814,0.9606623,0.9854522,0.9789643,0.9796335,0.9796563,0.97621185,0.9657988,0.97976434,0.97948956,0.9751135,0.9807087,0.98351574,0.9625092,0.97389853,0.9772228,0.97715926,0.971202,0.9763887,0.97374743,0.95972764,0.97065854,0.9742914,0.9736621,0.9567715,0.9822353,0.96625197,0.9797528,0.97931993,0.9745478,0.9790192,0.97592586,0.9798869,0.97897714,0.9765152,0.97986215,0.9711869,0.97696054,0.97460103,0.97851366,0.9646207,0.9772617,0.97476935,0.9722019,0.9782321,0.98016375,0.9758118,0.97834027,0.9608274,0.98103184,0.98203206,0.9743675,0.9794336,0.98174024,0.9808121,0.9801167,0.9795582,0.98517084,0.9776694,0.97678775,0.9781446,0.96351415,0.97572684,0.9782606,0.9740576,0.9788322,0.9759851,0.98026556,0.97628707,0.9828792,0.97444713,0.9769755,0.9676074,0.9735362,0.97873366,0.97060126,0.9712364,0.9801159,0.9799484,0.9670007,0.9733903,0.971249,0.9763751,0.9806298,0.951126,0.6672388,0.97442967,0.98094827,0.98022556,0.9801606,0.979943,0.98023987,0.96103704,0.979148,0.9766008,0.9797438,0.9755354,0.97768056,0.9767491,0.98155236,0.9714454,0.98074317,0.97482824,0.97160566,0.9747141,0.9886168,0.9897994,0.98320246,0.9796771,0.97397363,0.97570235,0.98397076,0.9697431,0.9800916,0.9843507,0.98100746,0.97195834,0.98191845,0.97820646,0.97662395,0.984807,0.97383755,0.9707903,0.9737259,0.97274935,0.9742458,0.9808424,0.9791877,0.9740944,0.95754683,0.97621447,0.9715431,0.97564757,0.97424704,0.9736739,0.9779959,0.97871995,0.9710215,0.9628195,0.97269535,0.97663933,0.97748864,0.9734936,0.98157597,0.97966224,0.98113084,0.9888587,0.9794348,0.9749205,0.981578,0.9627501,0.9727223,0.98283774,0.9724668,0.9999998,0.98583925,0.9673827,0.97723925,0.9840004,0.97978574,0.9763422,0.97297436,0.9780342,0.9767148,0.98169243,0.9824413,0.97942585,0.9564546,0.9778352,0.98217654,0.9690102,0.9801194,0.8840753,0.9773723,0.97911364,0.97464937,0.9822475,0.97910726,0.97295356,0.9764519,0.9826286,0.97463274,0.9811467,0.9767752,0.97484475,0.9739969,0.98500496,0.9772899,0.9751355,0.9795558,0.9724423,0.97733486,0.9775944,0.9832583,0.9811711,0.98120934,0.9834472,0.97785157,0.977061,0.9767165,0.9752121,0.9686512,0.97629136,0.9885091,0.9745919,0.98141295,0.9732437,0.9711079,0.975635,0.97139686,0.97208476,0.98284304,0.9700902,0.9794622,0.97438824,0.9788729,0.9801253,0.9689237,0.9815318,0.97800064,0.97694975,0.9824296,0.9804341,0.9767722,0.9638002,0.978334,0.9755131,0.98008657,0.97258234,0.9751085,0.97880256,0.98234606,0.98409563,0.9720951,0.972502,0.979783,0.9687684,0.98068523,0.9803838
rub,0.98989624,0.98485845,0.98653114,0.9817657,0.9807039,0.98343724,0.9658012,0.96343374,0.97438985,0.98203784,0.9891329,0.9882586,0.9766453,0.9811737,0.98397094,0.98646796,0.98835796,0.9852905,0.9854829,0.98774207,0.9838519,0.978092,0.9778625,0.9818623,0.9879133,0.99148476,0.9801223,0.98526794,0.9860575,0.9810849,0.98666734,0.9774149,0.981716,0.9737794,0.9857696,0.9900741,0.990442,0.9839717,0.9851184,0.9749527,0.98848057,0.98535544,0.9841959,0.98537344,0.98928136,0.9715225,0.98261863,0.9808978,0.9833791,0.97576064,0.9857356,0.9795804,0.96851754,0.96944433,0.98572445,0.9818706,0.96587926,0.9899552,0.97423464,0.99059296,0.9881427,0.9829328,0.9894956,0.9866507,0.9859054,0.9877708,0.9840084,0.98831993,0.97759515,0.9821232,0.97924894,0.9862403,0.97127223,0.98858124,0.9852597,0.9846701,0.98713773,0.9860158,0.9861511,0.9875872,0.9635622,0.99064416,0.9874413,0.98421687,0.9865401,0.98660314,0.9861164,0.9908654,0.98585826,0.98821795,0.9874367,0.983465,0.988203,0.9745272,0.9866155,0.9846172,0.9790634,0.98494345,0.9811868,0.9886009,0.98314005,0.9913848,0.9843668,0.9821197,0.97770625,0.97846156,0.98379445,0.97711986,0.9785202,0.9902237,0.9859797,0.9728406,0.9824607,0.9769337,0.9875658,0.98562735,0.95703393,0.67100006,0.98353916,0.9875925,0.99222136,0.98993444,0.9860912,0.98764145,0.975518,0.9797969,0.9871267,0.98524076,0.98465705,0.9874683,0.98518914,0.9881755,0.9815123,0.9880891,0.98100746,0.98053944,0.98617256,0.989998,0.99214745,0.9890425,0.98509,0.9837401,0.98240924,0.98908526,0.98124814,0.9873193,0.9857064,0.9864662,0.9818458,0.98822635,0.98920965,0.9830514,0.98843616,0.9853467,0.9718518,0.9817691,0.9817041,0.98287225,0.98937887,0.9865862,0.9852305,0.96828824,0.98720855,0.98211634,0.9901918,0.9816515,0.9758978,0.98339915,0.987125,0.97972494,0.96816194,0.9822423,0.9851047,0.98576725,0.9748535,0.99028546,0.98823744,0.9889852,0.989483,0.98985374,0.9819148,0.9903811,0.97390527,0.984146,0.9906956,0.9863041,0.98583925,1.0000002,0.9754817,0.98560447,0.991239,0.98734605,0.9840083,0.98396707,0.9881771,0.9872539,0.9880592,0.9900428,0.9834088,0.95305187,0.9827173,0.9921476,0.9823296,0.98726207,0.8800461,0.98566806,0.98596036,0.98392284,0.98906374,0.99058366,0.9813013,0.98925257,0.9878685,0.9841153,0.9905133,0.986345,0.98220265,0.98101145,0.9802845,0.98585117,0.9859861,0.98565334,0.98330563,0.9851965,0.98927253,0.98425406,0.9884082,0.9912543,0.9904195,0.98626935,0.9812915,0.9870418,0.98559904,0.9796764,0.98614925,0.9888053,0.9851444,0.988546,0.98121446,0.98243016,0.98610514,0.978982,0.98767513,0.98837316,0.98081595,0.9881389,0.9814282,0.9893351,0.98986524,0.98033786,0.99125886,0.98232585,0.98726815,0.9909316,0.98761815,0.9891263,0.9754326,0.9853451,0.9827291,0.98916876,0.9895276,0.9809947,0.9824119,0.9916272,0.98980534,0.9825446,0.986008,0.9879693,0.97805697,0.9872131,0.9903763
moist,0.9741318,0.97411585,0.97604877,0.9693398,0.96824473,0.96871346,0.9530074,0.9508336,0.9610669,0.96860605,0.9710002,0.9708091,0.9585328,0.9691515,0.97070175,0.97495365,0.9782896,0.9743178,0.9667353,0.97424793,0.96859974,0.9651671,0.9607017,0.972222,0.9699563,0.9732097,0.9836524,0.97359514,0.97402704,0.97029597,0.9799732,0.98227113,0.96494836,0.95118904,0.97057307,0.9746092,0.9761958,0.9678312,0.9712221,0.9645417,0.97515905,0.9738055,0.9710932,0.9829533,0.98410183,0.96224755,0.96801937,0.9706029,0.96961284,0.9591911,0.9653024,0.9645914,0.95905554,0.95485884,0.9694562,0.96992487,0.9478795,0.97808117,0.96704346,0.97816044,0.97482425,0.96389407,0.97759134,0.976389,0.9727515,0.974295,0.9775728,0.97441095,0.96357495,0.9718767,0.9688521,0.97063726,0.9716601,0.9766968,0.97399414,0.9657571,0.97301173,0.985887,0.9716056,0.9762384,0.9464802,0.9806767,0.9853186,0.96977586,0.97622263,0.97607017,0.9748498,0.973446,0.9816823,0.9752367,0.97163105,0.98153335,0.97499293,0.96350574,0.97186995,0.971052,0.9679247,0.975198,0.9745214,0.9798418,0.97395813,0.973602,0.97148776,0.968561,0.9644639,0.96714973,0.9798466,0.9601133,0.96794116,0.9721373,0.98103374,0.9591376,0.96982276,0.9646834,0.9722262,0.97992253,0.959944,0.66254854,0.9695916,0.974319,0.975783,0.97327864,0.97478014,0.9793653,0.95444334,0.9684164,0.9734127,0.97774255,0.97722566,0.97426534,0.9704856,0.9764901,0.96786326,0.9779534,0.96657985,0.9710556,0.97071165,0.972907,0.97268176,0.97939414,0.9699731,0.9741992,0.9722642,0.97869563,0.9616793,0.9810732,0.97450864,0.97359234,0.96918094,0.97277987,0.9733981,0.9723708,0.9798632,0.96713924,0.9540664,0.96988827,0.9718263,0.9720484,0.9769256,0.9710085,0.9721456,0.95433354,0.9746951,0.9674455,0.9758435,0.9690713,0.96232605,0.97596014,0.97358793,0.97107166,0.956489,0.9662537,0.972057,0.97020006,0.9695542,0.97682333,0.9782072,0.9856801,0.97784203,0.97622037,0.9693921,0.9757702,0.96160126,0.96926296,0.9739438,0.96609175,0.9673827,0.9754817,1.0000001,0.9751264,0.9753305,0.9782906,0.97003454,0.9677005,0.97380406,0.9717976,0.9731943,0.9770423,0.9705034,0.94470197,0.9705034,0.97242516,0.9690478,0.973502,0.87151384,0.9670458,0.9719145,0.9743107,0.9778712,0.9740765,0.9628506,0.971506,0.982893,0.96605366,0.97602737,0.97680646,0.96681553,0.9732864,0.9597847,0.9738333,0.9716567,0.9733404,0.9693442,0.97569275,0.974075,0.96937835,0.97486234,0.98022896,0.976652,0.9768356,0.9724717,0.9732159,0.9701124,0.96330774,0.9728012,0.974328,0.9687421,0.9875521,0.9677486,0.9639682,0.972535,0.9634587,0.9707055,0.97547984,0.9689252,0.97280675,0.97334296,0.9770762,0.97451115,0.9587677,0.9749228,0.97157425,0.9746741,0.97681785,0.97447145,0.9729851,0.958169,0.9822642,0.97374666,0.97832274,0.96914274,0.97316295,0.9708023,0.975636,0.97387046,0.97003657,0.969329,0.97759473,0.9639855,0.97499025,0.9759219
scald,0.98714215,0.9836755,0.9855694,0.9837264,0.9812512,0.98305136,0.96649486,0.9617811,0.97610235,0.9809169,0.9808156,0.9859814,0.9740125,0.9804298,0.98381674,0.9857725,0.98376495,0.98442614,0.9817189,0.9849277,0.97782075,0.9763656,0.9765589,0.9845621,0.98013216,0.98357,0.9816796,0.98236036,0.9824516,0.9834628,0.9889992,0.97571087,0.98323786,0.95940393,0.984385,0.9878962,0.9910014,0.9811047,0.9873308,0.97573495,0.9870499,0.9875601,0.98498285,0.9819468,0.9874429,0.97480613,0.97915614,0.9779401,0.9854924,0.9723757,0.9782879,0.979377,0.967093,0.96084976,0.98586977,0.9851417,0.958468,0.98736936,0.9697746,0.98535615,0.9895756,0.9797956,0.9862198,0.9835417,0.985103,0.9871082,0.98424333,0.9840035,0.9745543,0.98439157,0.9770631,0.98417604,0.97165906,0.9849785,0.9836457,0.9814197,0.98624486,0.98633164,0.9837129,0.9851853,0.95860535,0.9864359,0.98634106,0.9781013,0.98651725,0.98976815,0.9840389,0.9847935,0.9863656,0.98718864,0.9839947,0.9820885,0.985051,0.9722703,0.98555666,0.9846288,0.982152,0.98305964,0.9838621,0.9875038,0.9849997,0.9899883,0.97973734,0.98096836,0.97446007,0.976815,0.983763,0.9700167,0.9768048,0.9847295,0.98767316,0.9735595,0.9785681,0.9764532,0.9827099,0.98819345,0.9550565,0.67204916,0.980826,0.9897586,0.98566735,0.9868683,0.9896035,0.98770285,0.97107375,0.9774491,0.98428375,0.9849742,0.9857817,0.9844656,0.9794182,0.987505,0.9767876,0.98905116,0.98005784,0.97994375,0.98395514,0.9866931,0.9835694,0.9870526,0.98296857,0.98103297,0.9810596,0.98399484,0.98044294,0.98848075,0.9819312,0.9834792,0.9844423,0.9858292,0.9876603,0.98111486,0.987508,0.98064804,0.9737952,0.9790411,0.98091215,0.98948216,0.98720086,0.98402345,0.9837148,0.96950996,0.9866696,0.977947,0.98420864,0.9822707,0.9752042,0.9831162,0.9820749,0.98121494,0.9754801,0.98259825,0.98145014,0.9810166,0.9771436,0.9851804,0.98766947,0.9890927,0.98479754,0.98424727,0.97942793,0.9843439,0.96992624,0.9803116,0.98628384,0.9788803,0.97723925,0.98560447,0.9751264,1.0000001,0.98699826,0.9879355,0.97855,0.97830033,0.985214,0.98255885,0.9839805,0.9891343,0.9818322,0.95417273,0.9807336,0.9866297,0.98143506,0.9848823,0.87420386,0.98681474,0.98554385,0.98409975,0.99223876,0.9831408,0.9774246,0.98247826,0.9886865,0.982234,0.9863791,0.985385,0.9798763,0.9793395,0.9746268,0.98439825,0.98222005,0.9833896,0.9837191,0.98367304,0.98481166,0.98128474,0.9848678,0.98708516,0.9883271,0.98131,0.9801675,0.9851614,0.983376,0.97509605,0.98122615,0.9816092,0.980139,0.9877267,0.9821127,0.97985315,0.9841546,0.975318,0.98187053,0.99001276,0.98159474,0.9829382,0.9818807,0.9883928,0.9861486,0.97143996,0.9885867,0.9861644,0.9862799,0.9901955,0.98703337,0.98372537,0.9718181,0.9843267,0.98639584,0.9882527,0.9811554,0.981537,0.985901,0.9920709,0.98451173,0.98424417,0.981697,0.98662263,0.97897655,0.98798335,0.98653585
pat,0.9887485,0.9863496,0.9859689,0.98476046,0.9850581,0.9852149,0.9667011,0.9627073,0.97522074,0.9785676,0.98568565,0.9878765,0.9749167,0.9825324,0.98829806,0.9843977,0.9849004,0.98607224,0.983388,0.9867685,0.9844855,0.97414565,0.97960204,0.9830133,0.98695225,0.9895073,0.98098356,0.98554325,0.9872882,0.9817307,0.98743933,0.9765052,0.9835846,0.9641716,0.98868424,0.9878518,0.9889835,0.98233426,0.98540336,0.9733963,0.99082464,0.98526096,0.983785,0.98466086,0.9892216,0.9733274,0.9801757,0.981412,0.98355675,0.9758557,0.9826508,0.98318624,0.97094005,0.9706581,0.98417026,0.98226243,0.9599303,0.98911196,0.97161275,0.9894642,0.9888879,0.9801036,0.9883878,0.98642546,0.98575425,0.9876853,0.98465836,0.9897823,0.97727007,0.98357934,0.97737736,0.9874433,0.9702896,0.98898286,0.9846644,0.9866378,0.98749995,0.98784494,0.9869768,0.9880615,0.96429026,0.9889183,0.98683435,0.9815683,0.9890097,0.9883181,0.98661083,0.99182737,0.9866195,0.9891785,0.9855897,0.98290527,0.9868384,0.97232795,0.98819053,0.98572147,0.9794048,0.9869615,0.9822382,0.98707074,0.984511,0.99110496,0.9824993,0.9818035,0.9764041,0.9814402,0.9846822,0.97601825,0.9787279,0.9897261,0.98811847,0.97534364,0.98492163,0.9762596,0.9876236,0.9861675,0.95955026,0.6652525,0.98179615,0.99055487,0.9894234,0.9894838,0.98855793,0.98917127,0.97491056,0.9820779,0.9871479,0.9867634,0.9855738,0.9855307,0.98460525,0.99027544,0.98305047,0.98928386,0.9803011,0.979791,0.98531413,0.9912688,0.99238455,0.9888381,0.98578686,0.98249316,0.98447853,0.98786956,0.9791107,0.9875128,0.9894005,0.98544884,0.98099506,0.9866482,0.9897169,0.98454136,0.9892713,0.98422754,0.97465414,0.9830722,0.9819135,0.98684967,0.9881672,0.9893183,0.9843388,0.9702679,0.98676854,0.98300666,0.989335,0.9831711,0.979259,0.98649067,0.98946506,0.9798483,0.97120714,0.9837877,0.9895145,0.9869214,0.9758302,0.9908357,0.98753715,0.9894453,0.98931056,0.98875326,0.9803523,0.9893851,0.97352356,0.9847302,0.9892851,0.9838623,0.9840004,0.991239,0.9753305,0.98699826,1.0000001,0.98964185,0.98365206,0.9819848,0.98843247,0.9848313,0.9855143,0.9905692,0.9842148,0.9488023,0.9842723,0.99352163,0.9806736,0.9895418,0.87965685,0.984613,0.98821324,0.98437285,0.9904171,0.98872983,0.97956973,0.98909956,0.98794544,0.9842982,0.9898954,0.98704547,0.98264676,0.98570967,0.98070234,0.98778915,0.98375016,0.9857226,0.983314,0.98643464,0.98763365,0.9852539,0.9875031,0.9884852,0.9885778,0.98494995,0.98165,0.98612666,0.9873956,0.97973,0.98637444,0.9856094,0.98546803,0.9885639,0.9819662,0.9818744,0.98596853,0.976804,0.9858356,0.9895273,0.97976047,0.99202204,0.9825299,0.99067265,0.9914871,0.9774231,0.9900074,0.98424166,0.98753285,0.9908667,0.9870766,0.9876313,0.9743056,0.98617625,0.98563266,0.9889219,0.9864117,0.9825095,0.9843695,0.9914262,0.9887041,0.98294914,0.9855112,0.9889195,0.9793019,0.98957896,0.9918024
steam,0.99271244,0.9863216,0.9859799,0.98544186,0.9849979,0.98337835,0.96829367,0.9667411,0.9752811,0.9818189,0.98438287,0.99108696,0.9783204,0.9871941,0.9846188,0.9856952,0.98659426,0.9881412,0.98163617,0.9890036,0.9838748,0.9771524,0.981575,0.98692656,0.98363495,0.98816234,0.9855838,0.9900044,0.9838016,0.9822731,0.99152905,0.98165625,0.9835647,0.96379983,0.98814577,0.99151444,0.98923403,0.9791683,0.9847893,0.97750574,0.98910266,0.98667645,0.98476285,0.9904007,0.99145854,0.97445846,0.9824047,0.98250943,0.9871378,0.9750927,0.9817752,0.98528767,0.96940494,0.96782905,0.98661685,0.9822028,0.96049684,0.9874511,0.97174263,0.9862663,0.9908281,0.9812447,0.987306,0.98644954,0.98407143,0.98936135,0.9871437,0.988365,0.9795922,0.98360956,0.97964156,0.98556435,0.9728498,0.9855791,0.9834824,0.9849091,0.98718345,0.98852867,0.9870496,0.98761994,0.96205026,0.9893286,0.98954034,0.9799563,0.9887127,0.9900257,0.9911787,0.9880113,0.9895158,0.9874927,0.98721725,0.9865377,0.9866587,0.973628,0.9873334,0.98635054,0.9825897,0.98719853,0.9837548,0.98976946,0.9837597,0.98956746,0.98220694,0.98266673,0.97772926,0.9792865,0.98640406,0.97382444,0.97876793,0.98617786,0.98966724,0.9731454,0.98009086,0.977717,0.9833029,0.9905794,0.9604959,0.68313915,0.983941,0.9944334,0.98838794,0.987739,0.9923152,0.9909683,0.97103137,0.98020506,0.9839097,0.9855809,0.9856331,0.9859455,0.98357135,0.98955643,0.9801663,0.9913277,0.98161656,0.9818762,0.98466116,0.9878114,0.9863204,0.9948846,0.9854725,0.98349,0.98229903,0.9867484,0.98056006,0.99033916,0.9845493,0.98611075,0.98095655,0.9892252,0.98991823,0.9847301,0.99019516,0.9812681,0.97443616,0.98132026,0.9817868,0.986376,0.9911779,0.9837748,0.9830844,0.97064877,0.9887013,0.97855556,0.9854296,0.98387766,0.97671574,0.9849971,0.98461443,0.98247963,0.97476006,0.9857245,0.9851982,0.98335457,0.9745066,0.9876423,0.98927736,0.99013865,0.987851,0.9860473,0.9792486,0.9867277,0.97399217,0.98058194,0.98797005,0.9810736,0.97978574,0.98734605,0.9782906,0.9879355,0.98964185,1.0000004,0.98037475,0.9813267,0.9841221,0.9847932,0.9877153,0.99210066,0.9829025,0.9560429,0.9823903,0.98836654,0.9823114,0.98571676,0.88273454,0.9852818,0.98666817,0.9853024,0.9913387,0.98704726,0.98145336,0.98642427,0.99363625,0.9820614,0.9890253,0.9871078,0.9865183,0.9805338,0.9753932,0.9876389,0.9839576,0.98618233,0.9844484,0.98547655,0.98652875,0.9847947,0.98613596,0.9887247,0.99340415,0.98439276,0.98182935,0.98644507,0.9825292,0.97724825,0.9850805,0.9842321,0.983764,0.99090755,0.9831828,0.9804549,0.9844925,0.97874767,0.9837757,0.9941874,0.98193693,0.98624986,0.9846895,0.9900058,0.98847085,0.9724304,0.9908789,0.9856044,0.9886925,0.9933972,0.9912298,0.98527694,0.97308016,0.9880972,0.9840778,0.9889271,0.98149127,0.9848367,0.9859375,0.9916286,0.98917115,0.98389024,0.9824023,0.98916864,0.9819106,0.9873706,0.9894633
split,0.9802643,0.9758606,0.979265,0.9771904,0.97546524,0.9746404,0.9596615,0.9530092,0.9683854,0.97316206,0.9767686,0.9785684,0.9724556,0.97402495,0.97713673,0.97772956,0.9828198,0.97899467,0.974327,0.9809783,0.97687864,0.97418576,0.97249866,0.9747122,0.9782167,0.97971207,0.9754325,0.97493935,0.9774812,0.97703135,0.9805371,0.96918815,0.981355,0.957407,0.97994554,0.9797448,0.98305035,0.9748868,0.9791862,0.9713602,0.98096097,0.97850204,0.97931373,0.9818702,0.9818738,0.9624807,0.9707527,0.9743805,0.9774194,0.96688473,0.9759271,0.9747051,0.9839785,0.9705272,0.97917175,0.9772901,0.95529526,0.9845458,0.9622929,0.98075855,0.98016196,0.97248,0.9837015,0.98000604,0.97741765,0.98943007,0.97762656,0.9788859,0.9685061,0.9755436,0.9713246,0.97649133,0.9642441,0.99171,0.98063517,0.97567755,0.976451,0.97918785,0.9764113,0.990374,0.97993577,0.97929025,0.9816658,0.9778344,0.9783005,0.9791357,0.9784285,0.9796591,0.9810785,0.9804058,0.97941566,0.97696096,0.9811855,0.96106887,0.97648466,0.9785945,0.9707949,0.9767442,0.9741268,0.98449063,0.97708213,0.9803567,0.9879342,0.9850555,0.97277266,0.987092,0.97736627,0.96963197,0.97904754,0.9801793,0.9780961,0.9849699,0.99016976,0.9680348,0.97874284,0.98053795,0.9513585,0.67795867,0.9730116,0.9799525,0.97969186,0.9786118,0.9799136,0.9789015,0.9593267,0.9750142,0.98620284,0.97973907,0.9751389,0.97946507,0.97753805,0.97928375,0.97438383,0.979897,0.9711708,0.971204,0.9783162,0.98017323,0.98152655,0.9828894,0.976321,0.97294766,0.98162776,0.9780325,0.9712031,0.97954047,0.97886765,0.98292184,0.9727402,0.97958314,0.9793483,0.9771245,0.98133045,0.9748961,0.96733177,0.97214955,0.9737419,0.97353864,0.9823338,0.97802424,0.9782835,0.9622421,0.9734681,0.988738,0.9770066,0.9737397,0.9684694,0.9770009,0.98372763,0.97679615,0.9617107,0.9774722,0.9792503,0.9838954,0.9677752,0.9862373,0.9807921,0.9804392,0.97999626,0.9934507,0.98030746,0.9836103,0.967514,0.99196815,0.9803692,0.9708207,0.9763422,0.9840083,0.97003454,0.97855,0.98365206,0.98037475,1.0000001,0.9768822,0.980644,0.9807432,0.98131716,0.98203486,0.9791846,0.9520877,0.97498053,0.9811846,0.978035,0.9791804,0.86976993,0.97723585,0.9774113,0.9757371,0.98195565,0.9777707,0.97290725,0.9790746,0.98336005,0.9753471,0.9808155,0.9781015,0.97664005,0.97749335,0.9728045,0.9778391,0.9910153,0.97811145,0.9793794,0.9765246,0.97584,0.97785103,0.98155415,0.9826522,0.9824431,0.97558105,0.97385967,0.9913809,0.97606325,0.9948761,0.9912939,0.9776498,0.9929504,0.9827749,0.9722825,0.9730596,0.9738716,0.97439456,0.9733479,0.9821991,0.9744208,0.97983474,0.9796872,0.9799542,0.99073255,0.9665436,0.980751,0.9762394,0.97959226,0.9829506,0.9817482,0.9751862,0.9683866,0.97770745,0.977089,0.98394644,0.9738763,0.9772515,0.97276646,0.9812809,0.9834288,0.9745926,0.9742865,0.97919154,0.97250056,0.97985864,0.9836509
pack,0.97959495,0.9799881,0.9763292,0.9765275,0.9723792,0.97659034,0.95867175,0.96171594,0.9668808,0.96809655,0.9814927,0.98162884,0.965116,0.9726488,0.9782461,0.9788606,0.9830754,0.9786567,0.9787121,0.9793858,0.9753458,0.9696023,0.9694384,0.9759964,0.9835572,0.978731,0.9748388,0.9765879,0.9793726,0.976617,0.98128116,0.969918,0.9751586,0.968768,0.98082554,0.9823672,0.98144513,0.9762114,0.9787278,0.9737297,0.97995126,0.97918266,0.977353,0.97630364,0.98319423,0.9681607,0.975885,0.9752061,0.98038024,0.9682147,0.98609555,0.9705859,0.9659231,0.9605831,0.97400427,0.97452784,0.9521804,0.98006034,0.97228414,0.98543274,0.9801787,0.97803724,0.9828721,0.9757785,0.98032606,0.9833203,0.9768886,0.980437,0.9703305,0.97464687,0.9749205,0.9845955,0.96607643,0.9816328,0.98375773,0.9732295,0.98141015,0.9786231,0.97720563,0.98187983,0.95516187,0.98276395,0.9792231,0.9732452,0.9824494,0.98080504,0.9799695,0.9820839,0.98065364,0.9784386,0.9794518,0.978414,0.9811495,0.9678426,0.9771047,0.9806573,0.9742882,0.97900254,0.9757908,0.98305905,0.9743035,0.9805329,0.97657305,0.97337496,0.9670231,0.9722537,0.98010015,0.9746807,0.9744767,0.98033935,0.9804447,0.9699768,0.9765872,0.9711429,0.97788215,0.9796252,0.9551455,0.66061926,0.97761446,0.9809935,0.981901,0.98555964,0.9807824,0.9783759,0.9650084,0.97287846,0.9833264,0.9776132,0.975456,0.9789333,0.976529,0.98025244,0.97187537,0.98200834,0.97523737,0.9721389,0.9791977,0.9811872,0.97905576,0.9819486,0.97482795,0.97360045,0.97403777,0.9802263,0.9735534,0.98100734,0.97565764,0.9814186,0.97629356,0.98140526,0.98409295,0.97797483,0.9793383,0.98860425,0.9653723,0.9750736,0.97540975,0.9745747,0.98006046,0.98257935,0.980629,0.9610966,0.9766382,0.97482973,0.9786278,0.97539335,0.9670569,0.97836363,0.98166317,0.98093617,0.96947914,0.98186886,0.98033595,0.97890055,0.96597517,0.9835114,0.9827958,0.9799141,0.979484,0.9843949,0.97485244,0.9812217,0.9650555,0.98005533,0.9844751,0.97804976,0.97297436,0.98396707,0.9677005,0.97830033,0.9819848,0.9813267,0.9768822,1.0,0.98330677,0.98132855,0.9827656,0.98147917,0.9771986,0.94175416,0.9793896,0.97980994,0.97623277,0.980156,0.871127,0.98182476,0.98440325,0.97722864,0.98199075,0.98105246,0.9747197,0.981298,0.9808618,0.9790204,0.980965,0.98183113,0.9754429,0.9710991,0.970913,0.9757976,0.980843,0.97643644,0.97823995,0.9750755,0.980224,0.9789771,0.97908354,0.98203,0.9812074,0.97349924,0.97449493,0.9815137,0.9772924,0.9756536,0.98131824,0.977961,0.9810826,0.9797065,0.97544956,0.97579074,0.9785268,0.97215164,0.9751409,0.9818984,0.9725502,0.9794393,0.9736746,0.9797493,0.9809048,0.96808505,0.9829125,0.97861063,0.9818267,0.9829954,0.979491,0.977026,0.96648514,0.97975034,0.9784364,0.98441225,0.97294825,0.9830753,0.9767137,0.98357236,0.98259264,0.97583425,0.9764974,0.9824127,0.9716238,0.98137105,0.98337764
mound,0.9843056,0.9850409,0.9831089,0.9837137,0.97696495,0.9829507,0.9659351,0.9639735,0.97193193,0.9768786,0.9819104,0.9886114,0.9703953,0.97894955,0.9839236,0.9836713,0.98575723,0.9848497,0.9818449,0.98369956,0.9794031,0.9732511,0.97509986,0.9803699,0.98826087,0.98432493,0.97897434,0.98213434,0.98406416,0.9783871,0.9846632,0.9758342,0.9801044,0.96640486,0.9818082,0.9856492,0.9874189,0.98064786,0.9820656,0.972808,0.9853277,0.9834821,0.98158133,0.9808464,0.9862633,0.97080696,0.9785507,0.98085374,0.9806328,0.96929896,0.9800601,0.9799217,0.9693085,0.9663744,0.9801753,0.9811095,0.95902705,0.9862286,0.9690567,0.9880865,0.98560005,0.97871053,0.9909339,0.9828402,0.983812,0.9894055,0.98256594,0.9875301,0.97428477,0.9784793,0.9763654,0.9886578,0.97203195,0.9887172,0.98947024,0.9784758,0.98388374,0.9830903,0.98291034,0.9878329,0.9626559,0.9856078,0.98370886,0.978196,0.9872892,0.9842278,0.9813254,0.98550946,0.98394096,0.9844445,0.9838983,0.9804003,0.99020106,0.9715353,0.9821235,0.9868009,0.9771217,0.98268646,0.97768223,0.9859731,0.98007834,0.9872788,0.9831137,0.98087347,0.97477764,0.97613263,0.98212904,0.9771182,0.9793222,0.9878118,0.9871321,0.97129333,0.98200315,0.975044,0.9800512,0.9846154,0.95550233,0.6490038,0.9796003,0.984596,0.9845468,0.9904195,0.9843192,0.9843316,0.9680622,0.97909796,0.99258673,0.9825072,0.97961664,0.9812565,0.9779137,0.9840673,0.9760395,0.9856622,0.97593695,0.9769329,0.98318815,0.98443645,0.9845099,0.98357576,0.98318374,0.97922766,0.98152876,0.98481596,0.97736794,0.9848644,0.98139095,0.98869526,0.9806229,0.98324907,0.9857222,0.9869495,0.98530585,0.97981346,0.9690694,0.9750906,0.9845329,0.9794086,0.9852203,0.9934696,0.9895552,0.97071594,0.980921,0.97857285,0.984233,0.97823495,0.97324425,0.9833196,0.99023676,0.97869825,0.9699056,0.98058516,0.9871211,0.98555386,0.9754421,0.9905935,0.98591065,0.98695856,0.98557323,0.98849463,0.978696,0.9838686,0.9672518,0.9850174,0.9850085,0.980419,0.9780342,0.9881771,0.97380406,0.985214,0.98843247,0.9841221,0.980644,0.98330677,0.99999994,0.98123837,0.9828145,0.985422,0.98712426,0.94416434,0.98681736,0.98635226,0.9815733,0.9910248,0.8782089,0.9846308,0.98771304,0.9865479,0.98998255,0.9848237,0.9733179,0.98439634,0.98534125,0.97935176,0.98945445,0.98199964,0.97878766,0.98083967,0.97521645,0.9831947,0.9845698,0.9820793,0.9839026,0.98440224,0.98773354,0.98179954,0.9826907,0.98539317,0.9844775,0.9805983,0.97932255,0.98593014,0.9824725,0.9793135,0.98474336,0.9830216,0.9836502,0.9851616,0.97919947,0.9768321,0.98040736,0.9746756,0.98105973,0.9850485,0.9794459,0.9819421,0.97927976,0.98460954,0.98851776,0.9736307,0.98691046,0.9808794,0.9836295,0.9871425,0.9828189,0.9830248,0.97048116,0.9826464,0.982343,0.9875479,0.978527,0.9803444,0.9815907,0.98826575,0.98453236,0.98242944,0.979551,0.98477554,0.97820765,0.98845136,0.98603785
replace,0.98454183,0.9795886,0.9837184,0.97835773,0.9784676,0.9779254,0.9619719,0.9668981,0.97173125,0.97526157,0.9816129,0.98138034,0.97499204,0.9756697,0.9794487,0.9844611,0.9851117,0.9826294,0.9792362,0.9854816,0.9769294,0.97352403,0.9710659,0.9791377,0.98108965,0.9812124,0.9808613,0.9786128,0.9794073,0.9807391,0.9846629,0.9736941,0.97729903,0.96064717,0.9800231,0.9833622,0.9854682,0.976824,0.98181313,0.9737158,0.9856523,0.98130083,0.9790638,0.98523766,0.98511213,0.9690283,0.9745163,0.9766706,0.9805622,0.96848667,0.98496914,0.97544277,0.96786094,0.96236795,0.98079467,0.97769433,0.96360517,0.98686266,0.9680168,0.99185073,0.98256373,0.97690874,0.9834373,0.9831143,0.9806187,0.984468,0.98055124,0.9826759,0.97369796,0.9788362,0.9754049,0.98060703,0.9666359,0.9829037,0.98422015,0.9797701,0.98220086,0.9822768,0.9811728,0.984262,0.96054965,0.98506176,0.9876849,0.9775828,0.9816651,0.9846127,0.9823431,0.9841099,0.9876937,0.98127383,0.9844818,0.9846136,0.9831449,0.96580386,0.98386693,0.9829445,0.975745,0.9807763,0.9799961,0.986338,0.9801295,0.9850818,0.9803688,0.9797303,0.9710044,0.97607136,0.9815776,0.96963924,0.97668093,0.9844269,0.98133767,0.9697915,0.9780762,0.97559714,0.98290116,0.982615,0.9568624,0.6479783,0.9756763,0.98340917,0.98408973,0.9823127,0.9829783,0.9825677,0.9675807,0.9743704,0.98126376,0.9815705,0.9805824,0.9844626,0.9812267,0.98338616,0.9824289,0.9838097,0.978181,0.97649825,0.9823822,0.9832629,0.98154694,0.98679614,0.9787242,0.9781255,0.97955304,0.9812516,0.9718964,0.9849286,0.9787761,0.987285,0.97514385,0.98274183,0.9860551,0.9784931,0.98568636,0.98357123,0.9661589,0.9742989,0.9780891,0.9784853,0.9847512,0.9792852,0.97879696,0.9635153,0.9794167,0.97599304,0.98560655,0.9800654,0.9713131,0.97819245,0.9806191,0.98032165,0.9668578,0.97964513,0.98029596,0.9787263,0.97178555,0.98394537,0.9836307,0.9846501,0.98199475,0.9849872,0.97881866,0.9903482,0.9715053,0.9794539,0.9830242,0.97972095,0.9767148,0.9872539,0.9717976,0.98255885,0.9848313,0.9847932,0.9807432,0.98132855,0.98123837,0.9999997,0.98246014,0.9858693,0.9780894,0.9518263,0.97795844,0.9850769,0.9769164,0.98081505,0.8738921,0.97938323,0.982825,0.97986215,0.98706627,0.9835629,0.9759252,0.98112327,0.98666537,0.9859501,0.9856094,0.98675865,0.9799549,0.974589,0.9693126,0.9845458,0.9835673,0.9806736,0.9793371,0.98342997,0.9821855,0.98079544,0.9855752,0.98922706,0.986653,0.9791341,0.9777632,0.9841587,0.98342854,0.97539836,0.98394614,0.98005706,0.9805023,0.9850226,0.9791215,0.9830363,0.97971165,0.97485316,0.97971785,0.98631567,0.9772515,0.98255855,0.9797966,0.98523694,0.9838781,0.9739551,0.9859564,0.9783952,0.9853617,0.9863901,0.9840068,0.98192155,0.97725165,0.982198,0.97795737,0.98738885,0.98164344,0.98349446,0.9734974,0.98700345,0.99093115,0.9783384,0.9834764,0.9889828,0.97353584,0.98463225,0.9873768
foil,0.9872422,0.98233354,0.9832244,0.97768307,0.98203826,0.9776583,0.9618149,0.9624725,0.9708773,0.9769689,0.9799922,0.9830858,0.9753133,0.9805299,0.97809076,0.9830699,0.987603,0.9847164,0.9827925,0.98846364,0.9857542,0.9752049,0.9781569,0.9825106,0.9834607,0.98581403,0.9794717,0.9808301,0.9810197,0.9793751,0.98494047,0.9746087,0.9835179,0.9700005,0.9894435,0.9880734,0.9857098,0.98008275,0.9847403,0.97458506,0.98461616,0.98471546,0.9796439,0.98789084,0.98925734,0.9691929,0.97930646,0.9784856,0.9857128,0.97307754,0.9816162,0.98065794,0.96745825,0.96482694,0.98037624,0.9804815,0.9594081,0.98552096,0.9706009,0.98528785,0.9882818,0.9799044,0.9840277,0.9816288,0.98309326,0.9847989,0.98273736,0.9840987,0.9770592,0.9814458,0.9743734,0.9882361,0.968311,0.9840898,0.9813453,0.97790265,0.9830656,0.98335505,0.98175675,0.98392934,0.9611658,0.9859868,0.9866519,0.97977555,0.9833462,0.9843263,0.9857583,0.9858562,0.9873307,0.9851656,0.98160934,0.98341554,0.98508686,0.9697649,0.97995394,0.9833215,0.97594327,0.98168385,0.9791616,0.9857694,0.98311543,0.9831546,0.9792146,0.98162097,0.97406363,0.9745814,0.981738,0.97063947,0.97561705,0.9808785,0.98525786,0.9738909,0.9773978,0.97297657,0.98066074,0.9848527,0.9535771,0.6802769,0.9804072,0.98720527,0.9874685,0.98606443,0.9871138,0.985227,0.96515065,0.9766637,0.9806652,0.9842238,0.98367864,0.9831883,0.97923833,0.984502,0.97336507,0.9862335,0.9781776,0.9796701,0.98244,0.9839425,0.9840835,0.99015784,0.98422414,0.97726756,0.97873497,0.98360646,0.98225,0.9841449,0.98282665,0.9848706,0.98008764,0.9891221,0.9852867,0.98147523,0.9869885,0.98207927,0.96954715,0.9760038,0.97784007,0.97940946,0.9889881,0.98217833,0.9797386,0.96434104,0.9815856,0.9765835,0.98005384,0.9774546,0.97508997,0.9837239,0.98208356,0.98042583,0.96964514,0.9845238,0.98094755,0.9802803,0.97168994,0.9848595,0.9867166,0.9854839,0.9848753,0.985578,0.9790371,0.98634684,0.96967447,0.9797915,0.98826635,0.9804958,0.98169243,0.9880592,0.9731943,0.9839805,0.9855143,0.9877153,0.98131716,0.9827656,0.9828145,0.98246014,1.0000001,0.9898731,0.98060703,0.95346135,0.9794463,0.98448795,0.97842413,0.9811522,0.87578666,0.98674655,0.9849388,0.981592,0.98783135,0.9833053,0.98061365,0.98896253,0.99009025,0.97803587,0.9854854,0.9814437,0.97996616,0.97807974,0.9743719,0.9800709,0.98158294,0.982511,0.9796777,0.97935003,0.9825317,0.9851173,0.98625296,0.9866581,0.99019015,0.9787423,0.97869164,0.9832218,0.9765879,0.97639716,0.98223853,0.9818716,0.98246944,0.986665,0.9774516,0.9745261,0.97852415,0.9782016,0.97718346,0.9873856,0.977327,0.9820415,0.97685176,0.98420763,0.98601824,0.97054,0.98789895,0.9829283,0.98344314,0.98990077,0.9886449,0.97912115,0.96935105,0.98253053,0.98065335,0.98507285,0.9757877,0.9815605,0.98009396,0.9892112,0.9858228,0.97809297,0.9782552,0.9832039,0.9745571,0.9814909,0.9861314
roast,0.99374706,0.9866296,0.9869481,0.9834365,0.98512405,0.9834603,0.9665076,0.9645719,0.9740813,0.9819798,0.98354125,0.9885629,0.97856534,0.9845466,0.9848052,0.9861186,0.98598075,0.98779655,0.98424405,0.9907535,0.98319083,0.97982603,0.9874787,0.9890956,0.98597515,0.990222,0.9835064,0.98854053,0.985279,0.9871112,0.9878388,0.9774288,0.98794043,0.96482646,0.99080014,0.9945355,0.9925279,0.98083633,0.99250513,0.97815967,0.98841333,0.9894163,0.98425823,0.98908925,0.9915849,0.9746968,0.9798682,0.98293304,0.9923599,0.97822756,0.9820314,0.9853344,0.9700041,0.9678068,0.9881657,0.9861277,0.9637019,0.9910686,0.9703985,0.9876021,0.99569875,0.9837242,0.9871693,0.9869803,0.9860124,0.98702085,0.98507905,0.9875633,0.9784971,0.98913616,0.981047,0.9856578,0.9722534,0.9878913,0.9838768,0.9859201,0.9865763,0.98784137,0.9889321,0.9870644,0.9634366,0.9893794,0.9888487,0.9847967,0.98787796,0.9882333,0.9881493,0.98852336,0.98824877,0.98886335,0.98702884,0.98411924,0.9880635,0.97484976,0.9853343,0.9876919,0.98144066,0.9871524,0.98467857,0.9881704,0.9906577,0.9885494,0.9830881,0.9840283,0.97922546,0.979339,0.98549366,0.9722852,0.9805925,0.9880612,0.9879161,0.97624683,0.98185396,0.9775607,0.9848773,0.98887587,0.9561125,0.67897165,0.9812893,0.9952699,0.9909257,0.9889305,0.9961853,0.9896247,0.9715537,0.9794148,0.98539644,0.98974407,0.98704946,0.9861479,0.9834307,0.99003494,0.98144007,0.9892596,0.9817331,0.9849185,0.98540044,0.98884565,0.9890586,0.99347466,0.98732877,0.9827749,0.98340964,0.98826736,0.98856974,0.9872763,0.98772275,0.98604083,0.9838916,0.99151397,0.98776454,0.98407036,0.9907225,0.98121136,0.9710233,0.9809005,0.9804646,0.9880146,0.99588525,0.98530626,0.98368764,0.9675443,0.9884234,0.9804242,0.98770434,0.98203826,0.97798866,0.9852128,0.98460925,0.98227966,0.97084296,0.98727965,0.9844321,0.9848417,0.97717565,0.98888725,0.98855996,0.9910168,0.98890525,0.9875427,0.98192334,0.98900515,0.9777446,0.9831161,0.99168533,0.98149025,0.9824413,0.9900428,0.9770423,0.9891343,0.9905692,0.99210066,0.98203486,0.98147917,0.985422,0.9858693,0.9898731,1.0000002,0.98386365,0.9583357,0.9849907,0.98915416,0.9815068,0.98672706,0.8881905,0.9848079,0.986158,0.98423594,0.99277455,0.9871259,0.9860448,0.9866502,0.9939867,0.9832543,0.98981535,0.9853501,0.9877134,0.98239183,0.97776026,0.98517376,0.9851756,0.98665786,0.9816304,0.9853681,0.987247,0.9839247,0.9879833,0.9898954,0.9957301,0.9854085,0.9831862,0.98603165,0.9837709,0.97725564,0.9854713,0.9841385,0.9834943,0.99052674,0.9811811,0.98079973,0.982665,0.98348176,0.98519963,0.9945826,0.9820974,0.9875676,0.98239,0.98832,0.9892459,0.9752749,0.99081314,0.9877892,0.98971474,0.9955273,0.99640983,0.98653686,0.97347075,0.9872764,0.9870772,0.98908675,0.98467374,0.98360294,0.98489356,0.9926222,0.9887552,0.98233056,0.9837806,0.98732203,0.9785701,0.9873556,0.990343
unfold,0.98383623,0.98410547,0.9787276,0.9852625,0.975029,0.98486906,0.9688316,0.95891666,0.97302216,0.9761092,0.9781705,0.9854436,0.97172266,0.9774168,0.98389983,0.9834052,0.9807644,0.9839808,0.97581905,0.9828928,0.97537875,0.9690185,0.9751779,0.9772924,0.9836845,0.9810897,0.97818565,0.9812819,0.98544824,0.9795559,0.9849327,0.97450316,0.9830329,0.9583888,0.98041886,0.98560345,0.983677,0.9788996,0.9811928,0.9728681,0.9833919,0.9800854,0.98366547,0.9796701,0.9859982,0.9727764,0.9783641,0.9799858,0.9796702,0.96808344,0.9745877,0.9777564,0.97013414,0.9707798,0.97782725,0.9802579,0.9593787,0.9848771,0.9701508,0.98241246,0.9818089,0.9818912,0.9870302,0.9798222,0.9803423,0.9885352,0.9815168,0.98551226,0.9727792,0.97678125,0.97311765,0.98658305,0.96808124,0.9861294,0.9850676,0.9766481,0.9820835,0.98181415,0.982704,0.9846798,0.96551025,0.9841583,0.983008,0.97799236,0.98606944,0.9829917,0.9809691,0.9797195,0.9820324,0.9823432,0.9837308,0.9779051,0.98594993,0.96900463,0.9790369,0.98273605,0.9795363,0.9826384,0.9784752,0.9823169,0.97674966,0.98436606,0.982469,0.97853154,0.9720424,0.9794652,0.9822689,0.976003,0.9786118,0.9849855,0.9853169,0.97389853,0.97941816,0.97454727,0.9768047,0.9836814,0.9590365,0.662745,0.979632,0.9828144,0.9839694,0.9857358,0.98276794,0.9828697,0.96796536,0.9794382,0.9867484,0.9835234,0.9783953,0.9785161,0.9762178,0.9837355,0.9744942,0.98436594,0.9753369,0.9790095,0.98107684,0.98426324,0.9837677,0.98271877,0.978675,0.9787278,0.9799388,0.9830871,0.9761199,0.98446614,0.98192585,0.9859106,0.9746957,0.9808338,0.9821198,0.9843634,0.98338825,0.9779127,0.9716918,0.9768259,0.98088986,0.97567487,0.98365736,0.9873388,0.984136,0.9672166,0.9806518,0.9792437,0.9800586,0.9785977,0.9738698,0.9801993,0.98400533,0.9781753,0.9726645,0.9797902,0.98699963,0.9808686,0.97420114,0.98680717,0.98284775,0.9839139,0.9824958,0.98384374,0.97777545,0.9799007,0.96804786,0.98075503,0.98274857,0.9773749,0.97942585,0.9834088,0.9705034,0.9818322,0.9842148,0.9829025,0.9791846,0.9771986,0.98712426,0.9780894,0.98060703,0.98386365,0.99999994,0.9520685,0.98637044,0.98222435,0.9781501,0.98781615,0.87344944,0.97962606,0.986195,0.9830605,0.9872295,0.9799941,0.97511417,0.97971195,0.98450273,0.9749562,0.98566204,0.9807472,0.97887695,0.97983027,0.9752584,0.9809588,0.9816695,0.97952133,0.9808741,0.9790379,0.9840604,0.9776312,0.98047304,0.98371357,0.9837339,0.98139215,0.9800656,0.9836637,0.9777359,0.97620696,0.9846162,0.98389894,0.9823836,0.9839015,0.97833025,0.9734674,0.9784606,0.975733,0.9808145,0.98341984,0.9788203,0.9803411,0.9798201,0.98318,0.98701257,0.9709072,0.9836355,0.9793806,0.9819846,0.98482794,0.9825325,0.9808854,0.9670319,0.9826212,0.9778429,0.9836453,0.9760208,0.9814557,0.9775022,0.9841919,0.9825181,0.97995305,0.97802955,0.98177975,0.9764775,0.9849393,0.98143864
yield,0.95692515,0.9501842,0.9558169,0.94960105,0.94817245,0.9513086,0.94084895,0.93073696,0.9407264,0.94849414,0.9456454,0.9520807,0.95695806,0.94735897,0.95103014,0.95693994,0.9542114,0.95572627,0.9385823,0.9583781,0.94464904,0.94863975,0.94505066,0.94888186,0.94683623,0.9507519,0.94763863,0.95280576,0.9491676,0.9516325,0.955312,0.9430977,0.95033735,0.9245619,0.94857377,0.95347023,0.95416874,0.9493185,0.9506264,0.94431746,0.9505292,0.94805884,0.95083505,0.9572798,0.95886165,0.9412471,0.94740003,0.95108265,0.9509152,0.93842655,0.9484617,0.94530153,0.9372252,0.93607396,0.9528059,0.9460927,0.93152624,0.95731825,0.94298726,0.94889885,0.9532913,0.9474651,0.9496182,0.9495908,0.94541264,0.9525401,0.9517465,0.94996464,0.9375743,0.9482933,0.94389427,0.9451076,0.94111586,0.9522687,0.95120263,0.94492626,0.9493809,0.9538591,0.9491312,0.95297706,0.93666214,0.9559969,0.95935076,0.94971794,0.95332897,0.95474696,0.9519903,0.94792086,0.9549805,0.95325124,0.9506678,0.9574039,0.9522883,0.93732166,0.9449784,0.9477662,0.9523245,0.9504404,0.94993794,0.95658386,0.94922805,0.9531806,0.9483786,0.953788,0.9463985,0.9492997,0.9551673,0.9411435,0.949787,0.95061296,0.95584875,0.9434979,0.94543445,0.944415,0.94999886,0.95506674,0.9289068,0.65054756,0.9486331,0.95518625,0.95505434,0.94693637,0.95559967,0.95533836,0.93424416,0.94597876,0.95053446,0.9525473,0.95302093,0.9522281,0.9487518,0.95748746,0.94172585,0.9550475,0.9485229,0.9417338,0.9477291,0.95079565,0.95092136,0.96146786,0.9504785,0.94349223,0.94754773,0.9526537,0.94539845,0.95624197,0.94561684,0.9560641,0.94439274,0.9547807,0.9485944,0.95070225,0.9588266,0.9441019,0.9441527,0.94341683,0.9482875,0.9518066,0.9590017,0.9465411,0.9490371,0.9262287,0.9513446,0.94252986,0.950559,0.9464321,0.9491646,0.944552,0.950518,0.9461285,0.9412048,0.9458231,0.9504975,0.95133024,0.9538193,0.95344424,0.95392877,0.95608056,0.9516519,0.94992584,0.9474834,0.95507145,0.94827807,0.94738126,0.95201147,0.9450228,0.9564546,0.95305187,0.94470197,0.95417273,0.9488023,0.9560429,0.9520877,0.94175416,0.94416434,0.9518263,0.95346135,0.9583357,0.9520685,1.0,0.9521581,0.9501614,0.9457518,0.9507071,0.87141794,0.94464695,0.9511633,0.9499935,0.95638174,0.94765615,0.95160073,0.94136834,0.9601705,0.94742876,0.95435107,0.95133114,0.94995147,0.9440242,0.94173265,0.9502538,0.9504522,0.9523043,0.9444367,0.95310104,0.9496294,0.9467897,0.95520246,0.9535436,0.96065974,0.95091563,0.9484697,0.9508079,0.94223243,0.94266206,0.95164895,0.95277685,0.94697005,0.95788836,0.94531,0.94443613,0.9476297,0.94515634,0.9467953,0.95804834,0.94963896,0.9477049,0.9490297,0.9507724,0.9522331,0.9356733,0.95436615,0.95097566,0.950188,0.9572903,0.96021557,0.949544,0.93524987,0.9551289,0.9511982,0.95313466,0.94589674,0.9506106,0.94971097,0.95081556,0.9568476,0.9425591,0.9500008,0.95325136,0.943441,0.95135,0.9503936
smooth,0.98380125,0.9850773,0.9790291,0.98386985,0.97658306,0.98380256,0.9679062,0.9639789,0.9697844,0.97401917,0.9775747,0.9865667,0.97243416,0.9755839,0.98441535,0.98327714,0.98244333,0.9859744,0.9746361,0.98267245,0.9733415,0.97112685,0.9750454,0.97699726,0.9847111,0.98175305,0.9780823,0.9840747,0.98645896,0.9829012,0.9837902,0.9743532,0.98060006,0.95572954,0.981493,0.9824877,0.98559743,0.9775419,0.98010695,0.9731534,0.983333,0.9807609,0.97980666,0.9788521,0.98436904,0.9730343,0.9758784,0.9832262,0.9812056,0.9715266,0.9752716,0.977458,0.9659641,0.9634004,0.9758237,0.97865176,0.9577756,0.9854719,0.96804184,0.98166263,0.9814136,0.9777212,0.9872304,0.9801227,0.980342,0.98648506,0.9789586,0.98391795,0.9744425,0.978575,0.9753012,0.9861098,0.9685052,0.9834876,0.9846586,0.97517127,0.98328525,0.98101807,0.9858977,0.9847047,0.958585,0.9848333,0.982068,0.98034996,0.99095666,0.9831869,0.9800555,0.97941506,0.9810345,0.9815711,0.9842406,0.97889996,0.9875202,0.971743,0.97942436,0.98545265,0.9814348,0.98171294,0.97706485,0.9814837,0.9762204,0.983948,0.9791449,0.9770602,0.97081935,0.97855794,0.9829905,0.9720471,0.976632,0.98534024,0.98662853,0.96890056,0.97785485,0.97340363,0.97628754,0.9834632,0.95505106,0.6437735,0.97770315,0.9817693,0.98190975,0.9874248,0.98300946,0.9834415,0.964626,0.9777027,0.9887103,0.98178613,0.9778142,0.97797024,0.97543055,0.9850069,0.97360885,0.9849979,0.9766022,0.9744467,0.97929513,0.985017,0.9813841,0.98182786,0.9780473,0.97809786,0.9802934,0.9821423,0.9721558,0.9840681,0.97905695,0.9841464,0.9746899,0.98095167,0.98206544,0.9881163,0.98269725,0.97721654,0.9691341,0.9761835,0.98073125,0.9748609,0.9839488,0.98912257,0.98571146,0.9667393,0.98052055,0.97607285,0.9815367,0.97884935,0.97288775,0.98063624,0.98646647,0.9800564,0.970969,0.97973496,0.9845125,0.9813075,0.97350585,0.9886034,0.98207647,0.9845886,0.981786,0.98143923,0.97653836,0.9808144,0.96807927,0.97733605,0.98438424,0.9740793,0.9778352,0.9827173,0.9705034,0.9807336,0.9842723,0.9823903,0.97498053,0.9793896,0.98681736,0.97795844,0.9794463,0.9849907,0.98637044,0.9521581,1.0,0.98226404,0.9749866,0.9905657,0.87144864,0.979753,0.98663414,0.98385,0.9875141,0.97952247,0.9759207,0.97728354,0.983668,0.97696704,0.9866921,0.9794911,0.97958595,0.97529227,0.9763856,0.98304045,0.97929907,0.9805208,0.97799784,0.9814927,0.98394847,0.9760673,0.98232114,0.9821897,0.9825607,0.97978705,0.97508514,0.9816418,0.978698,0.97231525,0.97921807,0.98322326,0.9770018,0.98164845,0.9780694,0.97409576,0.97849476,0.97425663,0.9789662,0.9824587,0.9739324,0.98275113,0.9770139,0.9821313,0.983185,0.9704505,0.983517,0.9809061,0.9822632,0.984663,0.982957,0.98257524,0.96557075,0.98341477,0.9807628,0.98253137,0.97492445,0.9827781,0.979062,0.98407876,0.9846565,0.97923905,0.9771753,0.9813025,0.97507566,0.9857055,0.980281
press,0.98881155,0.984835,0.98597986,0.9818413,0.9817037,0.98291427,0.96625483,0.96538335,0.9749798,0.9822696,0.9870285,0.98920494,0.9779045,0.98116523,0.98432857,0.98520106,0.984763,0.9841136,0.9815024,0.9860527,0.985148,0.9745556,0.97524035,0.9818268,0.9853046,0.9889397,0.97951514,0.9854734,0.98610187,0.98054844,0.9866707,0.9755435,0.9818184,0.9646261,0.98450184,0.9876785,0.9891361,0.9834699,0.98449564,0.9728583,0.98698175,0.9859238,0.9837352,0.98251915,0.9874173,0.974841,0.9785781,0.9797175,0.982351,0.9725206,0.98164713,0.9816425,0.9670535,0.9652542,0.9838359,0.97961855,0.9575058,0.9892314,0.9682359,0.9885987,0.98827237,0.97993344,0.9865062,0.986736,0.9837042,0.9865886,0.9822214,0.9881059,0.97831416,0.98251957,0.97583044,0.98561347,0.9666276,0.9864625,0.9838421,0.9848313,0.9875601,0.9856919,0.98559314,0.9861977,0.9615338,0.9893327,0.9862717,0.9833087,0.9857206,0.98797494,0.98469496,0.99017197,0.9864025,0.9883125,0.9866955,0.98303336,0.98536825,0.97771,0.9868449,0.9848617,0.98176384,0.98432803,0.98061645,0.9865068,0.9827197,0.9905219,0.9809403,0.9810268,0.97412455,0.97888505,0.98370177,0.97246796,0.9773422,0.9892175,0.98543376,0.9722949,0.98112315,0.97509843,0.98405474,0.98562723,0.95476717,0.6710629,0.9802654,0.98846686,0.9892609,0.990416,0.9872481,0.9893427,0.9752142,0.98037314,0.98430973,0.9846368,0.98356736,0.9840252,0.98344386,0.98901325,0.9820411,0.989622,0.981058,0.9779779,0.9863385,0.99020225,0.99324083,0.9875186,0.986528,0.98038715,0.9839545,0.9864823,0.97917265,0.9867754,0.98413044,0.9839355,0.98122686,0.98601156,0.9886448,0.98525053,0.9886684,0.982599,0.97829145,0.9822012,0.9802774,0.98376447,0.9878772,0.9863739,0.9835176,0.96983075,0.9872209,0.9814182,0.9889489,0.98141855,0.9790015,0.98592,0.98642033,0.97943026,0.97233325,0.9829162,0.98262733,0.9830859,0.977131,0.9883901,0.98814315,0.98958707,0.98892856,0.98731613,0.9791422,0.98762,0.97328955,0.982635,0.98664963,0.9833353,0.98217654,0.9921476,0.97242516,0.9866297,0.99352163,0.98836654,0.9811846,0.97980994,0.98635226,0.9850769,0.98448795,0.98915416,0.98222435,0.9501614,0.98226404,1.0,0.98105973,0.9880477,0.8779202,0.9829079,0.9861594,0.9827628,0.99013907,0.98805994,0.9783122,0.98973155,0.9860872,0.9819331,0.9916279,0.98506194,0.9809782,0.98293686,0.9794477,0.9864142,0.9824668,0.9844617,0.9844316,0.98547536,0.9887867,0.9845975,0.98714936,0.98842764,0.9886697,0.9826736,0.97861975,0.9853478,0.9834681,0.9784724,0.983924,0.98695296,0.9830108,0.98850495,0.98129654,0.98070484,0.98497236,0.97771406,0.98790044,0.9886893,0.98092663,0.98807377,0.98025155,0.9886045,0.99172133,0.9754209,0.98900115,0.98277396,0.9865602,0.99103445,0.9866043,0.9894998,0.9737306,0.9851347,0.98138845,0.9875588,0.98922825,0.9803918,0.9845869,0.99190384,0.988352,0.9818624,0.9861448,0.9870868,0.98245823,0.9883575,0.9901452
puree,0.98168504,0.9762366,0.9790477,0.9779927,0.97574437,0.9758312,0.9614988,0.9567279,0.97319657,0.9867706,0.9746004,0.98161334,0.96960384,0.98364156,0.9790114,0.9769557,0.97834194,0.97877944,0.9730379,0.97876483,0.97348005,0.97479373,0.96891934,0.9751531,0.9733746,0.9804585,0.9742143,0.97677135,0.98009497,0.97360104,0.97930485,0.9721068,0.97674,0.95414245,0.97839165,0.98133045,0.98552436,0.97250384,0.9772986,0.96993953,0.98280096,0.97856706,0.97631973,0.9762151,0.98176324,0.97135544,0.9732047,0.9722254,0.97695935,0.96832764,0.9723045,0.9747913,0.9637762,0.9589193,0.980277,0.9779315,0.9513962,0.98019433,0.9639466,0.9806646,0.981556,0.97188026,0.9832169,0.97718406,0.97683793,0.9838573,0.97877306,0.97855204,0.9714146,0.9738623,0.96960014,0.97774744,0.96877533,0.9835391,0.9811099,0.97732055,0.9817754,0.98043346,0.97786295,0.9844493,0.9569364,0.9798325,0.9795272,0.9776887,0.98013425,0.98023635,0.9757832,0.98108697,0.97872466,0.97938824,0.9796121,0.97457695,0.98137957,0.9658061,0.98693484,0.97623456,0.972364,0.9764265,0.97517234,0.98721534,0.976577,0.982531,0.97995025,0.97854,0.9721819,0.9725909,0.97565097,0.9645327,0.9717509,0.9803299,0.98059374,0.96475863,0.97840494,0.98054767,0.98407894,0.98006606,0.95181304,0.66287625,0.975175,0.98008835,0.9812291,0.982906,0.9811088,0.9805172,0.9702554,0.97267663,0.98291683,0.9811513,0.9786344,0.9873271,0.9758791,0.98012155,0.971848,0.9815453,0.97105336,0.97389793,0.978204,0.9799473,0.97818977,0.9801048,0.9744926,0.9822845,0.9747841,0.97912335,0.9747308,0.98101705,0.9749495,0.9771394,0.9731645,0.9779519,0.98307085,0.97566193,0.9799441,0.9761645,0.9691038,0.97155076,0.9833154,0.97647095,0.9824473,0.976854,0.98216605,0.9684928,0.97925764,0.9735937,0.97796535,0.97596556,0.9670484,0.9779801,0.9810034,0.9773506,0.9705628,0.9789047,0.97672755,0.9873757,0.97019935,0.9837819,0.97897226,0.98162,0.97878426,0.98278254,0.972237,0.9782641,0.96282077,0.98338443,0.9811861,0.9742737,0.9690102,0.9823296,0.9690478,0.98143506,0.9806736,0.9823114,0.978035,0.97623277,0.9815733,0.9769164,0.97842413,0.9815068,0.9781501,0.9457518,0.9749866,0.98105973,1.0000002,0.9784602,0.8706562,0.9779932,0.9786329,0.9837495,0.983991,0.9783139,0.9709376,0.9812324,0.9813092,0.97479486,0.9795734,0.9791961,0.9738081,0.9754676,0.9681879,0.97961944,0.97926563,0.9802222,0.99220234,0.97877824,0.9791813,0.9751098,0.9777946,0.98640674,0.98248404,0.9766831,0.9734003,0.982079,0.9778553,0.977337,0.98047733,0.97724134,0.9797363,0.9825035,0.97603697,0.9737485,0.97815543,0.96976155,0.9800925,0.9814259,0.99152374,0.97900325,0.97581774,0.9896796,0.9826684,0.9653597,0.98392063,0.97617733,0.9795638,0.98527247,0.97981817,0.978697,0.9675399,0.97699624,0.97438127,0.98499125,0.97707504,0.976353,0.97504634,0.9849968,0.97848135,0.98576105,0.9766703,0.9801616,0.9821443,0.98135567,0.98337495
roll,0.9873121,0.98824805,0.98584396,0.98769236,0.9797653,0.9882823,0.96739644,0.966097,0.9734525,0.9792357,0.9807051,0.99004,0.9753366,0.9789155,0.9909324,0.986107,0.9824699,0.98967147,0.9773064,0.98589444,0.9774937,0.97505957,0.9779177,0.98008347,0.9893107,0.9865632,0.9823836,0.98440427,0.98753023,0.9804413,0.9879825,0.98056436,0.98182094,0.9569612,0.9827401,0.98440033,0.98788214,0.9777024,0.98091805,0.97577125,0.98535377,0.9829082,0.9855267,0.98285985,0.98687875,0.9742307,0.9789722,0.9867704,0.9815664,0.97152585,0.9792505,0.9832953,0.9667876,0.96616495,0.9810315,0.9804494,0.9592826,0.9858842,0.96820486,0.9835526,0.9833175,0.9796763,0.98959994,0.9830647,0.9830072,0.9899403,0.9825353,0.9884455,0.9763559,0.9789606,0.97969246,0.988257,0.9698205,0.98511064,0.9877864,0.9814753,0.98417836,0.98553187,0.98557967,0.98578024,0.9617088,0.9877248,0.9852896,0.981276,0.99159676,0.9868261,0.98214746,0.98271674,0.98471427,0.98582524,0.98463315,0.983446,0.9905051,0.9738133,0.9819167,0.98734653,0.98162246,0.9831941,0.9812272,0.98566043,0.9781462,0.98804533,0.9819245,0.98140675,0.97622657,0.9772131,0.98382294,0.9770402,0.97833157,0.9912452,0.98888844,0.971539,0.98028064,0.9734993,0.97896814,0.9874508,0.9578637,0.65952927,0.980287,0.9869023,0.9849784,0.9915872,0.98324937,0.9864859,0.9699901,0.97656566,0.9917055,0.9815483,0.9807626,0.9828758,0.9814287,0.9858996,0.97567546,0.9867942,0.97876745,0.97608304,0.9824001,0.98623765,0.9857094,0.9856982,0.9818753,0.97872573,0.9805624,0.98553234,0.9733377,0.98645824,0.9824158,0.98728013,0.97726095,0.9840178,0.98553735,0.98961926,0.9858898,0.97890216,0.9708794,0.97776675,0.9846174,0.977897,0.98581934,0.99527717,0.9910143,0.97245395,0.98554385,0.98122114,0.9849724,0.98002625,0.974576,0.9831434,0.9898243,0.98184943,0.97187597,0.98115295,0.98776513,0.98226404,0.97454005,0.9907177,0.9868481,0.9879301,0.98613024,0.9835163,0.9793438,0.98464423,0.97136474,0.97939295,0.9858214,0.97765404,0.9801194,0.98726207,0.973502,0.9848823,0.9895418,0.98571676,0.9791804,0.980156,0.9910248,0.98081505,0.9811522,0.98672706,0.98781615,0.9507071,0.9905657,0.9880477,0.9784602,0.99999976,0.8768179,0.98134583,0.98885506,0.986224,0.99131393,0.98351955,0.97869855,0.98044324,0.98718387,0.9785874,0.99096197,0.9826462,0.98085,0.9784056,0.9756982,0.9857981,0.9812522,0.98327243,0.98108995,0.9842472,0.9878404,0.9794495,0.985642,0.98541665,0.98640317,0.98106843,0.9781134,0.9836808,0.9834216,0.97560555,0.98216844,0.9839915,0.9797601,0.98679626,0.9786573,0.97761613,0.9801412,0.9756345,0.9830214,0.9869511,0.97766674,0.9852947,0.9798593,0.9857938,0.98963,0.9743816,0.98519784,0.98134285,0.98462,0.9877251,0.9851193,0.98622394,0.9689177,0.9850235,0.98112696,0.9866266,0.981293,0.98154753,0.9811156,0.98660266,0.9847958,0.9847119,0.9814526,0.98517704,0.9793239,0.98989546,0.9838632
sprout,0.8859094,0.87935865,0.87592846,0.8759753,0.86752516,0.87866306,0.8457034,0.8721424,0.85412043,0.87419105,0.8726964,0.884174,0.87062013,0.8719585,0.8779812,0.8793129,0.8712216,0.8767539,0.8684586,0.88519096,0.8733317,0.876062,0.87823755,0.8777855,0.8710533,0.8867279,0.87149644,0.8825667,0.87393886,0.8751746,0.8794325,0.8721289,0.87254363,0.85343534,0.87862617,0.8833712,0.87927544,0.8710513,0.8793597,0.8606261,0.8792488,0.8724419,0.86752653,0.87951744,0.88498807,0.86517245,0.87402064,0.87639344,0.88136005,0.8665976,0.86620647,0.8770375,0.8590346,0.87350166,0.88278145,0.87808216,0.868001,0.8812032,0.8691371,0.8777447,0.8827236,0.87305135,0.8777239,0.88212305,0.8752469,0.87451,0.8781692,0.8841002,0.8665958,0.87406254,0.8727917,0.86918753,0.8734335,0.8746853,0.87725407,0.8724969,0.88364977,0.88187057,0.87648594,0.8783597,0.8575756,0.88449126,0.882752,0.8723677,0.87948596,0.88194144,0.8821762,0.88262606,0.87606585,0.8831809,0.87496126,0.87382245,0.8803938,0.85835886,0.8767478,0.87596077,0.8692918,0.8854203,0.88006914,0.87761813,0.87746567,0.8854174,0.8701318,0.8791842,0.8809224,0.87075365,0.8783833,0.87604755,0.88092273,0.87645686,0.8812246,0.8738312,0.87123513,0.87853265,0.87732184,0.88041204,0.8549397,0.60168993,0.8740367,0.88321424,0.8815067,0.88253796,0.8841265,0.8779381,0.8613368,0.87213224,0.8775038,0.88315034,0.88130176,0.8810429,0.8777484,0.8762454,0.8799188,0.8752473,0.8677187,0.8773505,0.88632864,0.88439447,0.8818638,0.8814983,0.8839463,0.8785597,0.8754632,0.88322985,0.8754238,0.8824572,0.88166624,0.87711394,0.8700259,0.8799576,0.8775007,0.87473786,0.88926244,0.8778971,0.86049163,0.8675443,0.86994296,0.87954926,0.8853555,0.8756198,0.8774052,0.85046,0.8828474,0.8678979,0.88175946,0.8788526,0.8718702,0.87221104,0.871428,0.87163764,0.8591639,0.8760809,0.87823635,0.87511784,0.870974,0.878464,0.8793515,0.8841517,0.882511,0.8750707,0.86528605,0.8781305,0.8628161,0.87057096,0.8770929,0.8788221,0.8840753,0.8800461,0.87151384,0.87420386,0.87965685,0.88273454,0.86976993,0.871127,0.8782089,0.8738921,0.87578666,0.8881905,0.87344944,0.87141794,0.87144864,0.8779202,0.8706562,0.8768179,0.99999964,0.8700192,0.87980384,0.8737206,0.88185483,0.87303233,0.87422043,0.8694239,0.8847842,0.866728,0.88065594,0.8808898,0.88174015,0.8757841,0.8706429,0.87802017,0.8707279,0.8778233,0.8691473,0.8789627,0.8886998,0.877723,0.87637097,0.8810495,0.8827536,0.88522696,0.899495,0.8719021,0.87894434,0.86708975,0.8765759,0.88413167,0.8764491,0.8803916,0.8787306,0.86331826,0.87589645,0.8669286,0.87523246,0.881179,0.8755053,0.87607694,0.87933093,0.87865525,0.8788961,0.8595711,0.8850753,0.87729776,0.8722891,0.8815765,0.8834641,0.87713295,0.8738369,0.88092965,0.87132955,0.8764667,0.8722873,0.86940473,0.8810099,0.88216436,0.8791796,0.87028235,0.87886,0.87812555,0.8698612,0.88257104,0.8799848
serve,0.98469156,0.98008287,0.97782403,0.9802423,0.9803298,0.9777106,0.9585571,0.96003616,0.9770158,0.9763511,0.9819811,0.9826871,0.97134733,0.97741646,0.9800997,0.9779928,0.98436177,0.9819972,0.98450893,0.9812108,0.97675264,0.97192305,0.97570235,0.98051524,0.98395085,0.98198795,0.9737072,0.98077655,0.97983265,0.9786559,0.9830162,0.9684102,0.98232394,0.97128016,0.9871449,0.9850822,0.98638487,0.98290753,0.98153794,0.9697927,0.98716396,0.9808456,0.9783713,0.97798586,0.98572767,0.9690194,0.98125756,0.97396237,0.9820803,0.9740548,0.9820998,0.97659796,0.9653548,0.9658846,0.977997,0.9821444,0.9563517,0.9826662,0.97344136,0.98434335,0.9857678,0.9806688,0.98450005,0.9796828,0.9882926,0.9849133,0.98251027,0.9830305,0.9715716,0.9792688,0.97436833,0.9867021,0.96789813,0.9832513,0.9792834,0.9754002,0.98419875,0.98004764,0.97750944,0.98445964,0.9585592,0.9826225,0.97998464,0.97864,0.9839462,0.98331237,0.9807035,0.9857127,0.98029536,0.98561406,0.9804524,0.9767002,0.98375845,0.9688762,0.9818184,0.9812071,0.9768295,0.98060834,0.9771663,0.98112124,0.97795916,0.9846468,0.97805667,0.978191,0.9712885,0.97414297,0.9785271,0.97511715,0.97386897,0.9826121,0.9845807,0.97222483,0.9790651,0.97414684,0.9779868,0.9838305,0.9532756,0.6818753,0.98230606,0.98373675,0.9852291,0.9867311,0.98241955,0.9824863,0.96991825,0.97980255,0.9812439,0.9822924,0.98121095,0.9797595,0.9729828,0.98377687,0.97496194,0.9865016,0.9757834,0.9747366,0.9824963,0.98340714,0.9825632,0.98263186,0.9799802,0.9771794,0.97699726,0.9847537,0.9805253,0.9846914,0.98151845,0.9819408,0.9793088,0.9839147,0.9881124,0.98106515,0.982064,0.9841163,0.97296506,0.9763953,0.9761934,0.97861296,0.98344594,0.983182,0.97897935,0.96202797,0.98301184,0.97639984,0.9794485,0.9785698,0.9727877,0.9799896,0.9820106,0.98244756,0.97115105,0.98545367,0.9802339,0.9802028,0.9706072,0.9844617,0.9830087,0.98329705,0.98323065,0.9854239,0.9783141,0.9810912,0.96691114,0.97854674,0.98726135,0.9809892,0.9773723,0.98566806,0.9670458,0.98681474,0.984613,0.9852818,0.97723585,0.98182476,0.9846308,0.97938323,0.98674655,0.9848079,0.97962606,0.94464695,0.979753,0.9829079,0.9779932,0.98134583,0.8700192,0.9999997,0.9849636,0.9796075,0.98435354,0.9837586,0.9768837,0.98513794,0.9829046,0.98235613,0.98134774,0.9828251,0.97688293,0.9804844,0.9804513,0.9807134,0.9789931,0.9805443,0.9791496,0.97996837,0.98225653,0.98087364,0.9807305,0.9841682,0.98301333,0.9779185,0.97740924,0.9829781,0.9777211,0.9752361,0.97978604,0.98056525,0.9833317,0.9815494,0.9786103,0.9801744,0.9821007,0.9752825,0.9781594,0.98382306,0.9781594,0.981951,0.9797313,0.9857485,0.9833557,0.97507095,0.9882375,0.9791812,0.9820576,0.98516405,0.9819453,0.978912,0.96737784,0.97872066,0.97912145,0.98245084,0.97640127,0.98142546,0.97822124,0.99139124,0.98267174,0.97733617,0.9763684,0.9836471,0.97520965,0.98372227,0.98353666
skin,0.98571706,0.98857,0.98069435,0.98515767,0.97918004,0.9855156,0.9696395,0.96667105,0.9730648,0.97612184,0.98277986,0.9881836,0.97333723,0.9778825,0.98734736,0.9851485,0.98355925,0.9882663,0.97976565,0.9856935,0.9768653,0.97140807,0.97535527,0.979774,0.9851585,0.9830084,0.9794591,0.9830053,0.9860094,0.98338497,0.9876109,0.9777529,0.9810776,0.96209943,0.98439866,0.985536,0.9850489,0.9795964,0.9836285,0.9727524,0.98739934,0.9822333,0.98152715,0.98169756,0.9868721,0.97773117,0.98293436,0.9850282,0.9845752,0.9722652,0.97995716,0.9799999,0.9677758,0.9690833,0.98021305,0.98122394,0.9615616,0.987777,0.9723951,0.98536927,0.9858346,0.9837773,0.98711324,0.9827913,0.9812926,0.9869148,0.9822508,0.9883385,0.97483414,0.98195595,0.9764516,0.9908753,0.9705317,0.9829741,0.98610175,0.9792459,0.9851679,0.98236716,0.98515445,0.9839566,0.9594935,0.9923359,0.9845272,0.9784337,0.9915323,0.9863203,0.98356485,0.9852442,0.9828999,0.98304355,0.9872557,0.98225147,0.9864608,0.97503525,0.9836101,0.98677903,0.9843033,0.98339033,0.97793186,0.9846819,0.9797351,0.9877116,0.9794496,0.9804255,0.97121125,0.97869873,0.9877716,0.976288,0.98129237,0.98741895,0.98732746,0.97299385,0.97873634,0.97531444,0.9815602,0.9832346,0.96077913,0.6587739,0.9843674,0.98561466,0.9872657,0.990029,0.98462415,0.98786443,0.9707586,0.9798059,0.98655295,0.9839704,0.9811935,0.9829048,0.97769475,0.98873615,0.9768606,0.9895087,0.9801665,0.9776694,0.9902412,0.9871048,0.98402524,0.98577356,0.9804556,0.97997487,0.9820935,0.9844315,0.9764709,0.98822033,0.97990984,0.9862389,0.9792306,0.9845115,0.9882631,0.9859732,0.98528755,0.98417693,0.9726971,0.97838855,0.981997,0.98008215,0.98607975,0.9887908,0.98542935,0.9687442,0.9848319,0.97793084,0.9873212,0.98084867,0.97609746,0.9811407,0.98667705,0.9828713,0.98089284,0.984023,0.98652416,0.98180646,0.97337896,0.98750275,0.98819053,0.9862944,0.98486155,0.9839612,0.9799203,0.9846879,0.9707131,0.980655,0.98696315,0.9867556,0.97911364,0.98596036,0.9719145,0.98554385,0.98821324,0.98666817,0.9774113,0.98440325,0.98771304,0.982825,0.9849388,0.986158,0.986195,0.9511633,0.98663414,0.9861594,0.9786329,0.98885506,0.87980384,0.9849636,0.99999976,0.9847035,0.98886013,0.9848391,0.9799582,0.98323387,0.9854185,0.9799361,0.9899555,0.984393,0.9804599,0.97823685,0.9762285,0.98648477,0.9815877,0.9817462,0.9817503,0.98393464,0.99337333,0.9864209,0.9852995,0.9859645,0.98682684,0.9818313,0.9856985,0.98293924,0.98397076,0.975767,0.9842317,0.98408777,0.9810982,0.98347473,0.9810748,0.9767622,0.9825145,0.97421694,0.9848083,0.98600423,0.9772826,0.9850366,0.9802783,0.98556346,0.98634946,0.974469,0.9872206,0.9839781,0.9857468,0.98861104,0.9863543,0.9852461,0.9706405,0.9883794,0.9830371,0.9859413,0.9799757,0.9874686,0.9808485,0.9884665,0.9871482,0.98146254,0.98362374,0.9861552,0.97862285,0.98737115,0.9852829
whisk,0.98530966,0.98503995,0.9833813,0.9837594,0.97694796,0.98360854,0.96192867,0.96155715,0.96821856,0.9810262,0.97818565,0.9850279,0.97164977,0.983666,0.9839425,0.9816825,0.9797119,0.98629683,0.9756687,0.9824712,0.97314775,0.97088647,0.9720471,0.97874135,0.9810085,0.9813543,0.9781362,0.98043925,0.9844181,0.97680277,0.9833641,0.9750275,0.9776374,0.95418435,0.9803757,0.98305106,0.9854684,0.9738616,0.97825366,0.9719204,0.984968,0.98008704,0.9809865,0.98071784,0.98491514,0.96901584,0.9757739,0.9818492,0.9807198,0.9690868,0.9747476,0.9785152,0.96525997,0.9607204,0.9786087,0.98186785,0.9569759,0.9841799,0.9674224,0.9824909,0.98397714,0.9736069,0.9857928,0.9820606,0.9787251,0.985637,0.9847423,0.98324233,0.97508705,0.97850394,0.9743437,0.9839216,0.97412944,0.98276824,0.98556423,0.9783495,0.98247313,0.9843227,0.9825785,0.9835849,0.9583255,0.98333603,0.9837709,0.979992,0.98665655,0.98398215,0.98066974,0.9803896,0.98220015,0.98236483,0.98285747,0.979413,0.98620045,0.96892434,0.98247796,0.982557,0.97692955,0.9793949,0.97806907,0.9859554,0.9776262,0.9840684,0.97953427,0.98285717,0.97107244,0.9746178,0.9805927,0.9677804,0.9742782,0.98354334,0.99265975,0.9701175,0.97600675,0.9786709,0.9802903,0.9831485,0.9550297,0.6679948,0.9773441,0.98326916,0.9833855,0.98574525,0.9833207,0.9825365,0.9657507,0.97534764,0.9860311,0.98015255,0.9823988,0.98586035,0.9816609,0.98304176,0.97358257,0.98458827,0.97647053,0.97455513,0.9792555,0.98160136,0.98063564,0.9839507,0.9786487,0.98173773,0.9784985,0.98004997,0.9720001,0.9848013,0.9791316,0.9840408,0.9780408,0.98096424,0.9817326,0.98413193,0.9815268,0.97800446,0.9682991,0.97932094,0.9945827,0.9785775,0.98558384,0.98486453,0.98424274,0.96900946,0.98226416,0.9744176,0.98193574,0.97881734,0.9703568,0.9803192,0.9848273,0.97972554,0.9677383,0.979429,0.9842056,0.9825355,0.974272,0.9862353,0.98241895,0.98633486,0.98023444,0.9810717,0.9774453,0.980622,0.9665376,0.9780221,0.9838727,0.9746785,0.97464937,0.98392284,0.9743107,0.98409975,0.98437285,0.9853024,0.9757371,0.97722864,0.9865479,0.97986215,0.981592,0.98423594,0.9830605,0.9499935,0.98385,0.9827628,0.9837495,0.986224,0.8737206,0.9796075,0.9847035,1.0,0.9885148,0.9801076,0.97324234,0.97881,0.9861857,0.9752013,0.9849863,0.9801416,0.9777368,0.97635895,0.9703305,0.9841948,0.9789702,0.9842132,0.9823278,0.98496145,0.9837412,0.97710323,0.9831726,0.9883061,0.9845786,0.9805001,0.9754431,0.9814397,0.97888714,0.97279793,0.97919446,0.97984904,0.9758767,0.9846128,0.9783259,0.9735374,0.9782841,0.9733582,0.97925305,0.98419493,0.9826105,0.98075825,0.97960687,0.9884489,0.9835545,0.9676912,0.98577267,0.98092216,0.98199904,0.9866369,0.9820693,0.9828662,0.9670994,0.98141813,0.9811541,0.98442453,0.9775721,0.9783455,0.9797149,0.98526305,0.982358,0.9830484,0.978083,0.98276675,0.97670496,0.9861775,0.98261154
melt,0.990299,0.98971075,0.9910405,0.98802185,0.9851026,0.9872935,0.96902096,0.9682578,0.975102,0.9822987,0.982843,0.99083537,0.9791187,0.9838042,0.9881286,0.9918626,0.98844,0.99107206,0.9814759,0.99202824,0.98444813,0.9797233,0.97899383,0.9884335,0.9862052,0.9888587,0.98809147,0.9859699,0.9883647,0.9866627,0.9925423,0.9815861,0.9835577,0.96102875,0.9869982,0.9900701,0.9937603,0.9813188,0.9882467,0.98156613,0.98994935,0.99227315,0.98767745,0.98688495,0.9918741,0.97483975,0.98260427,0.984805,0.98848706,0.9758094,0.98087466,0.9841936,0.9700946,0.9671886,0.98561156,0.9846928,0.96364725,0.99117327,0.9706726,0.98839396,0.9922979,0.9836614,0.9917762,0.98725736,0.98722655,0.99173766,0.9883119,0.9891048,0.9792617,0.9878024,0.98096985,0.98840255,0.9747169,0.9886009,0.98888177,0.98377806,0.98827606,0.9904313,0.98769355,0.98924476,0.9616971,0.99062115,0.9920632,0.9819367,0.9916428,0.9936161,0.986969,0.98771656,0.9923939,0.99142563,0.98815554,0.98840064,0.9923092,0.97398067,0.9868739,0.99179447,0.9822512,0.9869251,0.9892496,0.9926249,0.99002224,0.9931946,0.9840578,0.98358774,0.97978127,0.97994095,0.98722464,0.9722211,0.9800067,0.9877264,0.9919632,0.97357386,0.9809835,0.9792163,0.9842242,0.9936353,0.95945734,0.66309404,0.9830904,0.99240035,0.9879353,0.99028975,0.9925975,0.989463,0.971599,0.97992635,0.9897269,0.9885213,0.9869033,0.9868137,0.98382574,0.98879874,0.9801135,0.9894473,0.9845968,0.9852327,0.985487,0.9901693,0.9871349,0.9916756,0.9892878,0.98472166,0.98413426,0.98763937,0.98191077,0.99117434,0.985534,0.98898745,0.9838386,0.991146,0.9897962,0.98885345,0.99257857,0.98129594,0.97300416,0.9813427,0.9856239,0.98560476,0.9915254,0.98929465,0.9897413,0.97237796,0.98902166,0.9798485,0.9879046,0.9844358,0.97870886,0.98798144,0.9887186,0.9828974,0.97301406,0.9844598,0.98685926,0.9862395,0.97924054,0.9905967,0.9927925,0.99362826,0.98909336,0.98673064,0.980922,0.98874223,0.9734181,0.9838157,0.98918396,0.98104644,0.9822475,0.98906374,0.9778712,0.99223876,0.9904171,0.9913387,0.98195565,0.98199075,0.98998255,0.98706627,0.98783135,0.99277455,0.9872295,0.95638174,0.9875141,0.99013907,0.983991,0.99131393,0.88185483,0.98435354,0.98886013,0.9885148,0.99999964,0.9857068,0.97974724,0.9863509,0.9938349,0.9814001,0.992417,0.988234,0.98388255,0.98231834,0.97682154,0.9890075,0.9860132,0.98840094,0.9850112,0.98593944,0.9882406,0.98524505,0.98941773,0.9909044,0.9918511,0.9853723,0.9839355,0.98881483,0.98470795,0.9784745,0.9849836,0.9863878,0.982972,0.99296385,0.9838828,0.97982574,0.98448426,0.9799636,0.98389244,0.9937142,0.9821205,0.9856412,0.9839816,0.9899753,0.9896564,0.97216594,0.99024653,0.98731357,0.98994154,0.99326545,0.9902053,0.98706126,0.975683,0.98882705,0.9865918,0.9923097,0.9822479,0.98430926,0.98506635,0.99425703,0.9884146,0.9854432,0.9839757,0.9893734,0.9809469,0.9914514,0.99059194
hold,0.9886097,0.9839955,0.9821206,0.97866404,0.9769236,0.97975105,0.96765083,0.96343285,0.9758701,0.9767821,0.987538,0.98434967,0.9709309,0.9765603,0.98014706,0.9824768,0.9840669,0.9805199,0.9840223,0.9832058,0.9771985,0.97332174,0.9746855,0.9811684,0.9856449,0.9850167,0.97799087,0.98426646,0.98149616,0.9787706,0.9844673,0.9745768,0.9787716,0.9717521,0.9825085,0.9870972,0.98720556,0.9789927,0.9831894,0.9707176,0.98639554,0.9829297,0.98639035,0.9817098,0.9880041,0.9734436,0.98288214,0.9765954,0.9813279,0.9696252,0.9865645,0.9772192,0.96338814,0.9673059,0.9836937,0.9767408,0.9592421,0.9868673,0.9745808,0.9889879,0.9866136,0.97981966,0.9841681,0.98496306,0.9838261,0.98390496,0.98253727,0.98706406,0.9751021,0.9803767,0.9755884,0.98316294,0.96954954,0.98379177,0.9800584,0.98182493,0.98397034,0.9839424,0.9844099,0.982828,0.960009,0.98862404,0.984375,0.97940266,0.9829019,0.984633,0.9844444,0.9887241,0.9840595,0.9846848,0.9841849,0.9811238,0.9829709,0.9693066,0.9827221,0.9823564,0.97754455,0.98393255,0.9790888,0.9847224,0.97914904,0.9869234,0.9789617,0.9796282,0.97487086,0.9763921,0.9819241,0.9749571,0.97580826,0.9881186,0.98273927,0.96731454,0.97902673,0.97391295,0.98330104,0.9830138,0.9580816,0.67617303,0.98359495,0.9859914,0.9904465,0.98763055,0.9838205,0.9865822,0.9722968,0.9780258,0.9819482,0.98293865,0.98286307,0.9828779,0.9813057,0.98697424,0.9803954,0.9868769,0.9783605,0.9747684,0.984945,0.98635805,0.988772,0.98631537,0.9834156,0.9793507,0.980259,0.9869498,0.9786988,0.98531985,0.98268,0.98170626,0.9822891,0.9867962,0.98754096,0.9809331,0.98423225,0.98298556,0.9676926,0.98092157,0.977044,0.98413116,0.9854853,0.9839496,0.9806974,0.9642763,0.98478764,0.9768847,0.9887233,0.9802574,0.9731974,0.98095745,0.9820942,0.97527194,0.96846807,0.97938186,0.9826266,0.9808757,0.9721361,0.9863023,0.9875728,0.9871974,0.9865337,0.98615295,0.978636,0.9856739,0.9705752,0.9801069,0.98454654,0.9844676,0.97910726,0.99058366,0.9740765,0.9831408,0.98872983,0.98704726,0.9777707,0.98105246,0.9848237,0.9835629,0.9833053,0.9871259,0.9799941,0.94765615,0.97952247,0.98805994,0.9783139,0.98351955,0.87303233,0.9837586,0.9848391,0.9801076,0.9857068,0.99999976,0.9797075,0.98618776,0.98449,0.9862065,0.98777217,0.98397326,0.9793914,0.97906065,0.97605455,0.9843991,0.9812881,0.98111016,0.9819284,0.98643374,0.98747265,0.9808645,0.98426706,0.9860256,0.98603207,0.9832648,0.98010945,0.983408,0.98295045,0.9744227,0.9831608,0.981119,0.9820416,0.987164,0.98027927,0.984031,0.9832535,0.97472495,0.9856801,0.98569363,0.97788477,0.98592806,0.97882587,0.9853866,0.9877483,0.97561324,0.9884329,0.9807971,0.98829025,0.98712206,0.9841674,0.9891172,0.9734674,0.9837996,0.9849418,0.9871506,0.9883195,0.9803997,0.98150593,0.9873928,0.98689055,0.9778764,0.98373324,0.98692554,0.978035,0.9851978,0.98738956
check,0.98761755,0.97764754,0.97614044,0.974708,0.97660375,0.9719432,0.9628108,0.9560449,0.96480733,0.9722419,0.97647625,0.9778679,0.9688151,0.97311544,0.9762511,0.9766842,0.97498536,0.97763,0.9734111,0.9799562,0.97042906,0.97197723,0.9778286,0.9747919,0.9741618,0.9814651,0.9707797,0.9808918,0.9756829,0.97799057,0.97875285,0.9685074,0.9783682,0.9572004,0.982361,0.98586607,0.9834463,0.9706668,0.98077446,0.96871305,0.9794226,0.97704923,0.9755756,0.9771353,0.9831685,0.96518385,0.9755154,0.97277147,0.98295945,0.9695436,0.9737833,0.9740858,0.96369565,0.9637613,0.9798742,0.97391605,0.9554799,0.98200744,0.96572924,0.9777516,0.9819404,0.9755708,0.9768511,0.979679,0.97336656,0.97769356,0.97597444,0.98024225,0.9667882,0.97703135,0.9717004,0.976775,0.9632538,0.97715056,0.9754417,0.9771564,0.9768689,0.97823274,0.9812209,0.97723943,0.96508044,0.98423755,0.9761305,0.9778657,0.97830945,0.97961396,0.9765111,0.9782902,0.97754353,0.98038816,0.98045546,0.97439194,0.97849506,0.9647971,0.97724557,0.9754629,0.9759515,0.9777693,0.97302586,0.9775064,0.9745581,0.978406,0.97490925,0.9742823,0.9701125,0.97459245,0.97948223,0.9646358,0.9758804,0.98032236,0.97787285,0.9688736,0.9736538,0.9707172,0.97521913,0.9782459,0.9506758,0.67020845,0.97829986,0.98380446,0.9858653,0.9832624,0.98050547,0.9828508,0.96492195,0.9757148,0.9756375,0.9783951,0.97810245,0.97732294,0.97376114,0.9833154,0.97185934,0.9817511,0.9724159,0.97250074,0.980118,0.98144567,0.98055947,0.98106545,0.9764506,0.9715629,0.9756044,0.9821902,0.9765188,0.97857916,0.9788984,0.97525567,0.9705277,0.97982085,0.978737,0.97491693,0.9802485,0.9756685,0.96268547,0.97491693,0.96833557,0.9721627,0.9834615,0.97718185,0.974891,0.9599188,0.98001766,0.9732974,0.981649,0.97326124,0.9696408,0.9726681,0.9739975,0.97436845,0.9670147,0.97894996,0.9762237,0.97435015,0.9656721,0.98028326,0.97917026,0.9812485,0.98159033,0.9775387,0.9725493,0.978414,0.9817068,0.9723677,0.98124397,0.9760153,0.97295356,0.9813013,0.9628506,0.9774246,0.97956973,0.98145336,0.97290725,0.9747197,0.9733179,0.9759252,0.98061365,0.9860448,0.97511417,0.95160073,0.9759207,0.9783122,0.9709376,0.97869855,0.87422043,0.9768837,0.9799582,0.97324234,0.97974724,0.9797075,0.9999997,0.9753183,0.98162895,0.9751011,0.98166156,0.977064,0.9771761,0.972429,0.9711264,0.97453386,0.97613806,0.97888774,0.97267306,0.97776115,0.9819883,0.97389364,0.97859704,0.97911614,0.9823555,0.97660136,0.97036755,0.976403,0.9752307,0.9692049,0.9789167,0.9762121,0.97624534,0.98024637,0.9721308,0.971229,0.9729924,0.9708661,0.9801597,0.9820455,0.9705724,0.98405063,0.97399265,0.97923404,0.98115957,0.97137094,0.98159057,0.9757207,0.9816435,0.98345405,0.98437136,0.98086125,0.96442825,0.9796905,0.97512656,0.9782251,0.98056966,0.9790935,0.9705978,0.9813538,0.9799614,0.9747258,0.9790409,0.97913635,0.97000796,0.9765713,0.9789835
wrap,0.9850002,0.9789584,0.9817275,0.9798481,0.9797571,0.9772191,0.95918113,0.9654247,0.9718532,0.9797344,0.9847513,0.98333436,0.97324324,0.97911936,0.97854596,0.98029035,0.98485136,0.97847646,0.9839152,0.9847974,0.98732394,0.97184026,0.97365403,0.9831777,0.9820555,0.9842636,0.9792077,0.98231536,0.98507184,0.980022,0.98326105,0.9749804,0.9777601,0.9739493,0.98567265,0.9870156,0.9860534,0.981488,0.98375875,0.97270703,0.9864746,0.9836916,0.9771203,0.98049057,0.9867176,0.97115237,0.9789034,0.9723841,0.979128,0.97081643,0.98105085,0.9798875,0.9655129,0.9646934,0.97990125,0.97677207,0.95882773,0.98446745,0.9715537,0.98782474,0.9885242,0.97891086,0.98410887,0.9812899,0.9834344,0.98315805,0.97946006,0.9849087,0.97878414,0.9837334,0.9753211,0.9839481,0.9675632,0.9854726,0.97989404,0.98294616,0.98614514,0.98230875,0.9823796,0.98360825,0.9580191,0.9852757,0.9820888,0.9819872,0.98110294,0.9825404,0.9831168,0.9919384,0.98433995,0.98378396,0.9828084,0.97835445,0.9823024,0.9727952,0.98669964,0.9818751,0.9743727,0.98381275,0.9769971,0.98293793,0.98497504,0.9858178,0.97906226,0.9757016,0.9705121,0.97481495,0.980077,0.9722945,0.97253895,0.9832891,0.9809077,0.96779543,0.9792768,0.9736717,0.9818694,0.9812966,0.9543744,0.6761329,0.9790302,0.9852953,0.9888422,0.9867445,0.9858821,0.9843171,0.9752009,0.97739756,0.9804021,0.98503673,0.98249954,0.9819587,0.9796425,0.9836803,0.9778291,0.98452204,0.97705406,0.9784185,0.98351383,0.98522377,0.9864968,0.9851409,0.983758,0.9819438,0.9775598,0.9841772,0.9821102,0.9839491,0.98036104,0.98153174,0.9791296,0.9849952,0.9889552,0.9788391,0.9848827,0.9843987,0.974247,0.97600836,0.9768108,0.98012304,0.9850634,0.9814352,0.9794452,0.96908313,0.9826618,0.97846884,0.9832004,0.9791723,0.9751588,0.98448795,0.9821345,0.9816881,0.9665719,0.983937,0.98071754,0.98176444,0.9722078,0.98444295,0.98513854,0.9842572,0.9844421,0.9865044,0.9727457,0.9841041,0.9718418,0.9810808,0.9848636,0.9852802,0.9764519,0.98925257,0.971506,0.98247826,0.98909956,0.98642427,0.9790746,0.981298,0.98439634,0.98112327,0.98896253,0.9866502,0.97971195,0.94136834,0.97728354,0.98973155,0.9812324,0.98044324,0.8694239,0.98513794,0.98323387,0.97881,0.9863509,0.98618776,0.9753183,0.9999998,0.9850116,0.9794743,0.98505205,0.9824205,0.9802486,0.9798232,0.9744686,0.98126113,0.9799586,0.980927,0.98393244,0.9810637,0.9841804,0.9853652,0.984955,0.9862036,0.985933,0.98117477,0.97824067,0.9825088,0.9809882,0.9787587,0.9816186,0.98006475,0.983889,0.9853074,0.9806348,0.9780071,0.98272455,0.9763957,0.98532796,0.9849157,0.9799642,0.9855407,0.97476315,0.98846924,0.9877545,0.975247,0.9892814,0.9778014,0.98641706,0.98953176,0.98403513,0.9826884,0.97143734,0.9815201,0.97764295,0.9858827,0.9831041,0.97956365,0.9770892,0.99194866,0.9845869,0.9809378,0.98124427,0.9837623,0.9795558,0.98302794,0.98880506
boil,0.99212354,0.9859554,0.98989767,0.98470765,0.98454756,0.98353314,0.96699643,0.9660426,0.97582316,0.98171294,0.9822997,0.9880674,0.9784898,0.98535514,0.984422,0.98897624,0.9903638,0.98879397,0.9808378,0.9914841,0.9817156,0.9790356,0.9842437,0.98894286,0.98408633,0.98793566,0.98994625,0.98712844,0.98506606,0.985219,0.9914606,0.98418444,0.9856326,0.9639629,0.9884252,0.9921604,0.9900003,0.97988135,0.9882188,0.9811622,0.9873117,0.98943526,0.9849879,0.9942049,0.9934103,0.9743304,0.97895133,0.9838364,0.98916185,0.9762416,0.98061424,0.9848823,0.97214556,0.96808636,0.9862016,0.9850434,0.962345,0.990553,0.97040266,0.9867873,0.99152833,0.9815506,0.9876146,0.98679656,0.9853011,0.98810476,0.98608553,0.98638684,0.9787023,0.9854835,0.9831796,0.9853894,0.97515607,0.98819137,0.9850413,0.9849202,0.9855612,0.99065953,0.9863972,0.9877328,0.9639481,0.99000996,0.99271244,0.98068243,0.9886766,0.9910981,0.9892541,0.98683757,0.9921653,0.9897719,0.9870546,0.98893446,0.98750633,0.9721942,0.98546857,0.9870548,0.98219573,0.98583716,0.9872815,0.9922369,0.9874656,0.98812574,0.98351115,0.98554784,0.9801333,0.98034817,0.9879326,0.97134995,0.97977823,0.9846497,0.989888,0.97537726,0.9812139,0.977239,0.98380107,0.99196684,0.9575567,0.67438513,0.98056877,0.9936333,0.9873824,0.9869361,0.9917446,0.98992234,0.9681143,0.98059744,0.9850769,0.9866428,0.9863755,0.98744375,0.98482066,0.9886272,0.98046833,0.9891558,0.9833145,0.9834572,0.9832633,0.9888047,0.9853173,0.9961664,0.9871951,0.98223907,0.9851917,0.9858925,0.9826591,0.98984784,0.9855497,0.9882094,0.9825472,0.9923189,0.98669916,0.98571503,0.9913977,0.9806134,0.97098553,0.98090136,0.98306364,0.9851402,0.9937917,0.9850671,0.9845626,0.9712655,0.9868987,0.9806963,0.9853901,0.9821506,0.9760751,0.9847187,0.9844618,0.9831547,0.9717628,0.9861315,0.9835825,0.98389643,0.976809,0.9873914,0.99122125,0.9922713,0.987356,0.9871535,0.9821841,0.9896193,0.97676957,0.9816327,0.98844266,0.97861326,0.9826286,0.9878685,0.982893,0.9886865,0.98794544,0.99363625,0.98336005,0.9808618,0.98534125,0.98666537,0.99009025,0.9939867,0.98450273,0.9601705,0.983668,0.9860872,0.9813092,0.98718387,0.8847842,0.9829046,0.9854185,0.9861857,0.9938349,0.98449,0.98162895,0.9850116,1.0000004,0.9808859,0.9881419,0.9851643,0.98676115,0.98161715,0.9757154,0.98514277,0.9855071,0.9888602,0.98260653,0.98385096,0.98441786,0.98400533,0.98845637,0.9900303,0.9944876,0.9829666,0.9823028,0.98621905,0.9816154,0.9782006,0.98590183,0.9845704,0.98304456,0.99348253,0.9804884,0.97875535,0.98177123,0.98286104,0.9811215,0.9953886,0.9824333,0.98526055,0.9833981,0.9889434,0.98761594,0.97244966,0.99010354,0.9861947,0.98827785,0.993527,0.9938716,0.9834125,0.97315925,0.989777,0.9861134,0.99018234,0.97974586,0.98390967,0.984933,0.9902078,0.9889507,0.9839478,0.981197,0.98666036,0.979699,0.9883972,0.9887427
reserve,0.98360085,0.9778988,0.97745115,0.9741247,0.9754194,0.97781765,0.9604099,0.9601255,0.97760165,0.9732564,0.981192,0.9808137,0.97062105,0.9729775,0.97751725,0.97750497,0.9799269,0.9761597,0.9804303,0.97893006,0.971797,0.9712352,0.9763778,0.9761073,0.983284,0.9795275,0.9746281,0.97781044,0.9767557,0.9776001,0.98080975,0.96873575,0.9821326,0.95770246,0.98222655,0.98215824,0.98333114,0.97708446,0.980908,0.96758324,0.9834033,0.9782551,0.98004794,0.97821945,0.9826815,0.9702378,0.9729152,0.9709733,0.97770023,0.97126925,0.98681223,0.97519946,0.96234983,0.96029526,0.9800534,0.97754097,0.95881414,0.98210555,0.9642436,0.98601043,0.9808703,0.9760397,0.979409,0.97969264,0.98255354,0.98011506,0.9758572,0.98089683,0.9719642,0.9767419,0.9726634,0.9785398,0.96221155,0.9804266,0.97703326,0.97741127,0.97981054,0.97781473,0.97923386,0.9792321,0.9585304,0.982525,0.9814706,0.974899,0.97896373,0.9803945,0.97974443,0.98162967,0.9816787,0.98048043,0.98248166,0.9782201,0.9784105,0.96314216,0.98028487,0.9777269,0.9739223,0.980682,0.97451633,0.9817246,0.97583395,0.9824945,0.97653663,0.97381234,0.96984905,0.9740813,0.9787383,0.967907,0.97252584,0.98578435,0.97681963,0.9649567,0.97664577,0.97288936,0.979536,0.97755283,0.95114696,0.6604636,0.9743295,0.9829386,0.9833827,0.9818465,0.980103,0.980337,0.9684317,0.97371054,0.97892123,0.97920537,0.97822684,0.9803173,0.9758618,0.9821385,0.9783432,0.9834606,0.9749029,0.9716384,0.9803525,0.98364776,0.98092294,0.9821446,0.97366834,0.97572166,0.9757696,0.9809199,0.97139484,0.9805493,0.9797331,0.97940016,0.9723974,0.97982204,0.98297185,0.97557133,0.97953784,0.98092407,0.9700543,0.9771497,0.9737517,0.9794988,0.9805581,0.97893286,0.9749916,0.96261644,0.9776386,0.9708584,0.9822886,0.97588384,0.9701964,0.97706044,0.97870684,0.977317,0.96533746,0.9835498,0.9785956,0.97751075,0.9687895,0.9815621,0.98066556,0.9811888,0.9806109,0.9826729,0.97533315,0.98469925,0.9679614,0.9762452,0.9802271,0.9776376,0.97463274,0.9841153,0.96605366,0.982234,0.9842982,0.9820614,0.9753471,0.9790204,0.97935176,0.9859501,0.97803587,0.9832543,0.9749562,0.94742876,0.97696704,0.9819331,0.97479486,0.9785874,0.866728,0.98235613,0.9799361,0.9752013,0.9814001,0.9862065,0.9751011,0.9794743,0.9808859,0.9999999,0.98054665,0.98679143,0.97791344,0.97374207,0.9730537,0.98121464,0.98037314,0.9777768,0.97854793,0.9819048,0.98077947,0.97765195,0.9809249,0.98204607,0.98188496,0.9774594,0.97329134,0.9802206,0.98187375,0.9716669,0.98117083,0.97757435,0.9772286,0.9805969,0.974683,0.9959543,0.9779176,0.972261,0.97976995,0.9832198,0.9758495,0.9813706,0.97457355,0.9836508,0.98179954,0.9765146,0.9828547,0.9757533,0.98420787,0.9826307,0.9803869,0.97949797,0.97223324,0.979045,0.9792406,0.98526543,0.981818,0.9796282,0.9738942,0.98374593,0.98661387,0.9752493,0.9814292,0.98724806,0.9758395,0.9817957,0.98607093
pull,0.9903653,0.9901907,0.9844623,0.98431927,0.98127276,0.9851681,0.97491467,0.9677087,0.9714615,0.97951174,0.9859812,0.9899838,0.97566545,0.97992057,0.98609275,0.9888324,0.98621887,0.98792994,0.9812664,0.9882859,0.98390615,0.9746041,0.9774689,0.9821094,0.98647076,0.9895372,0.9822046,0.9863974,0.9863775,0.9817157,0.99078566,0.98053074,0.9814527,0.9643984,0.98469937,0.98922247,0.98956,0.98165655,0.984794,0.97611547,0.9871744,0.9866962,0.9848757,0.98611695,0.9888551,0.9760568,0.9848063,0.9833954,0.98283005,0.97403246,0.9800812,0.9827899,0.96789235,0.96724844,0.9824874,0.9795949,0.96644336,0.98902184,0.9694699,0.98783517,0.98778105,0.9841761,0.99026877,0.98673034,0.9830948,0.98975354,0.9846991,0.98988867,0.97885716,0.98264116,0.9782499,0.9864806,0.96921974,0.98613894,0.98759544,0.9800695,0.9845751,0.98597646,0.98679155,0.9873732,0.96344197,0.99387276,0.98830587,0.9822817,0.9888883,0.9888428,0.98451954,0.98698354,0.9892772,0.9860536,0.9868715,0.9839271,0.9886484,0.9784086,0.98284596,0.9882764,0.9830151,0.986065,0.98170316,0.98755175,0.98359823,0.99122584,0.9831843,0.9807922,0.97463673,0.9786626,0.9894412,0.97500855,0.9864308,0.9913005,0.98811424,0.97057587,0.98009986,0.97535956,0.98155767,0.98831654,0.958769,0.66095763,0.9851319,0.9886169,0.99038833,0.9908177,0.9878337,0.9910508,0.9690395,0.97791845,0.98839265,0.9848523,0.9821099,0.9823792,0.98056144,0.9901052,0.97870934,0.99079597,0.9829187,0.98018044,0.9878614,0.9868774,0.98908025,0.98811567,0.98726034,0.9808032,0.98195857,0.98843205,0.9777251,0.9905611,0.98345405,0.9867965,0.9802396,0.9867181,0.9867883,0.98641735,0.99021894,0.9782841,0.97235125,0.98090875,0.9827338,0.9820742,0.98900163,0.98968744,0.9864528,0.96836865,0.9867866,0.98224235,0.9911066,0.97950774,0.9818035,0.9847114,0.9879423,0.97875446,0.9758322,0.9808514,0.98665565,0.9841349,0.97656083,0.9915318,0.99097604,0.9910525,0.98911047,0.98820966,0.9790507,0.9871418,0.97310466,0.9823074,0.9878574,0.98432803,0.9811467,0.9905133,0.97602737,0.9863791,0.9898954,0.9890253,0.9808155,0.980965,0.98945445,0.9856094,0.9854854,0.98981535,0.98566204,0.95435107,0.9866921,0.9916279,0.9795734,0.99096197,0.88065594,0.98134774,0.9899555,0.9849863,0.992417,0.98777217,0.98166156,0.98505205,0.9881419,0.98054665,1.0000002,0.9856912,0.9804375,0.9805634,0.9748476,0.98750806,0.98629564,0.9841622,0.981791,0.9864495,0.99209005,0.98465955,0.9866371,0.9865141,0.9892136,0.9848844,0.9828109,0.98676527,0.9850357,0.97745234,0.9886489,0.98463005,0.9824385,0.9897662,0.9796241,0.9788312,0.981891,0.97894955,0.9879756,0.98818284,0.97779,0.9853315,0.98001933,0.9855032,0.9910033,0.97346365,0.98718923,0.9824908,0.9868255,0.99092317,0.9873647,0.9901256,0.9782558,0.99000794,0.98246455,0.9883543,0.9857128,0.9819679,0.9816628,0.9887524,0.98819023,0.9819116,0.98878986,0.9881778,0.9785336,0.9873008,0.9900072
fill,0.9867077,0.9838789,0.98312616,0.98054445,0.9804696,0.98123795,0.9653248,0.9616919,0.97389543,0.9780399,0.9833417,0.98216635,0.9729859,0.976773,0.9849952,0.98202693,0.98158115,0.9838984,0.9809192,0.9817873,0.975764,0.9758288,0.97373784,0.9800717,0.9806669,0.9818563,0.981789,0.98193854,0.983374,0.9814591,0.9889757,0.9775384,0.97921866,0.96287864,0.980976,0.9850784,0.9885409,0.9807416,0.9838347,0.9719742,0.9873995,0.9817831,0.98195183,0.9821285,0.9893484,0.9740497,0.98220354,0.9768431,0.9802623,0.97444713,0.9805428,0.97609127,0.9645698,0.96607727,0.98250264,0.97892666,0.9625415,0.9850043,0.9736447,0.99058753,0.98501873,0.98365504,0.98523015,0.9813632,0.98311365,0.98646224,0.9867177,0.984912,0.9742657,0.98046017,0.9786215,0.9824245,0.97507447,0.9828541,0.9808112,0.98141336,0.9872314,0.9865921,0.9824207,0.98568475,0.95911425,0.98762983,0.9880509,0.9772173,0.98629767,0.9860711,0.98354113,0.9866072,0.98626673,0.9838993,0.98531646,0.9828065,0.9858696,0.9698414,0.9857286,0.9834282,0.9774948,0.9851627,0.9814192,0.9844547,0.9804907,0.9879904,0.978558,0.97741085,0.9721863,0.97846216,0.9837556,0.97385913,0.9784093,0.9866725,0.9867645,0.96860546,0.98018175,0.97586554,0.9835304,0.9870553,0.9626387,0.6626159,0.98324955,0.9851875,0.9876302,0.9845963,0.98258454,0.9837427,0.9733346,0.97694856,0.98047966,0.9864972,0.9854504,0.98497754,0.9802265,0.98411703,0.9813591,0.98395383,0.9803563,0.9789583,0.98553216,0.98465115,0.9834497,0.9844114,0.97909063,0.98435503,0.978249,0.98851824,0.9772316,0.9876318,0.9836694,0.98251826,0.97533983,0.9830523,0.9912475,0.9817296,0.98683083,0.9829751,0.97203475,0.97973955,0.9781579,0.9806045,0.98487806,0.9816416,0.9808293,0.96576715,0.9870043,0.97812915,0.98478085,0.98281384,0.9751234,0.9829388,0.9817957,0.97984326,0.9698027,0.98199874,0.9827081,0.98135394,0.97601134,0.98526704,0.9862666,0.9875454,0.98577905,0.9851768,0.97625494,0.98733276,0.97155416,0.9787365,0.9820752,0.9835329,0.9767752,0.986345,0.97680646,0.985385,0.98704547,0.9871078,0.9781015,0.98183113,0.98199964,0.98675865,0.9814437,0.9853501,0.9807472,0.95133114,0.9794911,0.98506194,0.9791961,0.9826462,0.8808898,0.9828251,0.984393,0.9801416,0.988234,0.98397326,0.977064,0.9824205,0.9851643,0.98679143,0.9856912,0.9999999,0.98028755,0.98031694,0.9727791,0.9876224,0.9825328,0.9845399,0.98020947,0.9866199,0.9848331,0.98123074,0.98333436,0.9910169,0.98608226,0.98445755,0.98202676,0.98425126,0.98530126,0.97336644,0.98393047,0.9825747,0.9812475,0.98673064,0.9821496,0.98517126,0.98753244,0.9710517,0.98365265,0.98554075,0.97920966,0.9863933,0.98212683,0.9886359,0.98409,0.97148484,0.988989,0.978295,0.98794925,0.98706347,0.98380935,0.9815235,0.97786236,0.9846937,0.97700036,0.99078554,0.9825192,0.98446995,0.9766962,0.99007463,0.98771834,0.9807251,0.9847286,0.99314654,0.9761764,0.9886932,0.9886587
start,0.98743016,0.9786029,0.9794863,0.9807248,0.9768097,0.978102,0.9595283,0.96718556,0.96834475,0.97347045,0.98187524,0.9822221,0.9729192,0.97599095,0.9804734,0.97996134,0.9781176,0.9818764,0.9781082,0.9834852,0.9719263,0.9711353,0.98639977,0.9801148,0.97831583,0.98020583,0.97778773,0.97995365,0.980818,0.98129636,0.98288804,0.9714531,0.9828174,0.9567225,0.9831384,0.9871119,0.98303056,0.97263247,0.9839326,0.9729534,0.9814201,0.978372,0.97837746,0.9798117,0.98480564,0.97032255,0.9722774,0.97668165,0.98356813,0.9724625,0.97583735,0.9780009,0.9683397,0.9687173,0.9830557,0.9781604,0.95676124,0.98266745,0.9626205,0.9812779,0.9847693,0.9771895,0.98157,0.9781723,0.9777166,0.9827529,0.97876006,0.9820554,0.9741674,0.97914785,0.97810555,0.9797071,0.9687204,0.980369,0.9782248,0.9888272,0.984491,0.9792017,0.98700976,0.9821518,0.9585301,0.98216605,0.9807705,0.9762146,0.98252684,0.9817958,0.97907996,0.98230505,0.9792155,0.9801059,0.98785216,0.9766323,0.9814306,0.96932375,0.98195255,0.9820673,0.9773734,0.97803813,0.9764129,0.9794782,0.97807616,0.9834315,0.9783208,0.98024094,0.96996695,0.97640806,0.979154,0.9678696,0.97482866,0.9837628,0.98011655,0.97085387,0.97828513,0.9676983,0.97820705,0.9820835,0.9555575,0.6637409,0.97449136,0.9870028,0.9840853,0.9804166,0.9842207,0.981629,0.9671387,0.97558784,0.97897106,0.9801619,0.9806484,0.98037213,0.97872376,0.98241335,0.97858024,0.98175025,0.9743492,0.9773566,0.98103774,0.9823811,0.98040044,0.98444533,0.9756496,0.9775757,0.9765758,0.97991365,0.9789497,0.98078424,0.9781156,0.9824284,0.9733593,0.9830802,0.98336875,0.97980976,0.9813436,0.9767056,0.96704334,0.9739308,0.974331,0.9756782,0.987822,0.9779902,0.9772506,0.9658735,0.9814042,0.97479767,0.9803252,0.9844543,0.9670412,0.9758461,0.97756565,0.9769422,0.96528965,0.9817813,0.97885245,0.97870225,0.9702716,0.9821979,0.98024607,0.98167753,0.97990793,0.9803185,0.97559756,0.98235756,0.9741001,0.97659445,0.9805008,0.9769696,0.97484475,0.98220265,0.96681553,0.9798763,0.98264676,0.9865183,0.97664005,0.9754429,0.97878766,0.9799549,0.97996616,0.9877134,0.97887695,0.94995147,0.97958595,0.9809782,0.9738081,0.98085,0.88174015,0.97688293,0.9804599,0.9777368,0.98388255,0.9793914,0.9771761,0.9802486,0.98676115,0.97791344,0.9804375,0.98028755,0.99999976,0.9743531,0.97100323,0.9816608,0.98027784,0.9804899,0.9761019,0.98092055,0.98169434,0.97709364,0.98095435,0.98336756,0.98665273,0.978579,0.9757232,0.9814612,0.9790823,0.9731164,0.9806753,0.9773344,0.9776734,0.9808904,0.98429114,0.97505224,0.98161125,0.97819245,0.9801612,0.9862108,0.97293234,0.9821918,0.9794294,0.9827583,0.9824234,0.9688309,0.9877833,0.9803625,0.9860543,0.98739016,0.9875081,0.98074955,0.97182983,0.9802068,0.97759414,0.98400056,0.98020935,0.9822771,0.9728633,0.9842416,0.9868058,0.97853315,0.9783062,0.98325866,0.973154,0.9851681,0.9817531
sprinkle,0.981559,0.9764807,0.977563,0.9771943,0.97730064,0.9742527,0.9591601,0.95354134,0.9681689,0.97649133,0.9771187,0.97930735,0.96963745,0.9758966,0.978057,0.974906,0.97931165,0.9793437,0.97475183,0.97676146,0.97513145,0.96794844,0.97070646,0.97551453,0.97398925,0.98004025,0.9770514,0.9777469,0.9801727,0.97680676,0.98022866,0.9694878,0.9788739,0.95630497,0.9821527,0.98126465,0.9819913,0.9785679,0.98038596,0.96865195,0.9843314,0.9791186,0.9779116,0.97811425,0.98326725,0.96679294,0.9725937,0.9742025,0.9762497,0.9671794,0.97172755,0.9761725,0.9654625,0.970546,0.97580504,0.9782329,0.9525261,0.9862842,0.96862066,0.98433936,0.98282194,0.9726481,0.9846338,0.9853156,0.9777257,0.9828163,0.98230696,0.9850485,0.9667419,0.97712755,0.97006005,0.9767237,0.9714325,0.9841597,0.9797575,0.9746584,0.98023343,0.9852728,0.9768656,0.98493564,0.96029556,0.98095024,0.983144,0.9745567,0.97966915,0.9819715,0.9762665,0.9813806,0.9806518,0.98917335,0.9788533,0.97752833,0.98109883,0.963974,0.98100924,0.9781232,0.9739427,0.97839415,0.9757498,0.9792684,0.9763994,0.98063165,0.98289984,0.9793235,0.9678614,0.9776019,0.9770652,0.967421,0.9753056,0.98159456,0.98224735,0.97038996,0.98274314,0.96933234,0.97631544,0.98196656,0.95396876,0.6680323,0.973933,0.9801325,0.9822508,0.9814739,0.9791931,0.98291665,0.96615344,0.9863544,0.977074,0.98280275,0.9779012,0.97750896,0.97136563,0.982538,0.9746342,0.9813023,0.97264427,0.9735156,0.9792849,0.98351026,0.9816666,0.9799244,0.9773221,0.9760875,0.9868058,0.9820219,0.9756914,0.9800271,0.9879841,0.9771673,0.9723372,0.97829306,0.9802299,0.97816557,0.9862225,0.9719609,0.96890044,0.97407097,0.972181,0.9748393,0.9847318,0.97848654,0.9736027,0.9646139,0.98133075,0.97686684,0.9819675,0.9747976,0.96925706,0.9817002,0.97869205,0.97553,0.96331,0.9763529,0.9791896,0.97890043,0.97648156,0.98218983,0.97915083,0.9893864,0.9826979,0.9843001,0.97479844,0.98078954,0.9636299,0.98388577,0.981132,0.9733229,0.9739969,0.98101145,0.9732864,0.9793395,0.98570967,0.9805338,0.97749335,0.9710991,0.98083967,0.974589,0.97807974,0.98239183,0.97983027,0.9440242,0.97529227,0.98293686,0.9754676,0.9784056,0.8757841,0.9804844,0.97823685,0.97635895,0.98231834,0.97906065,0.972429,0.9798232,0.98161715,0.97374207,0.9805634,0.98031694,0.9743531,1.0,0.98097587,0.9776176,0.9815106,0.9781461,0.9787838,0.98230463,0.97936606,0.97560847,0.9784075,0.98293304,0.98069,0.9792906,0.9734455,0.98387074,0.9765525,0.97498435,0.9814594,0.97907865,0.97959405,0.98421264,0.9742307,0.97143257,0.97760725,0.9731304,0.9785484,0.9805147,0.9761737,0.98311627,0.97836846,0.9833509,0.98424363,0.9630081,0.9813159,0.9744875,0.980104,0.98361975,0.9806498,0.9798149,0.9655244,0.97713953,0.9762273,0.981439,0.9769487,0.97642237,0.97459805,0.9837522,0.98015183,0.9775049,0.9772717,0.9804769,0.9743051,0.9800438,0.9822365
spread,0.9787475,0.97293746,0.9699343,0.97275805,0.97265255,0.9743362,0.952746,0.9521442,0.964131,0.9682151,0.9749304,0.9775401,0.9660352,0.97064704,0.97505933,0.97254163,0.97387534,0.9733667,0.9714226,0.9739117,0.97313887,0.96596766,0.9692571,0.9729885,0.97306395,0.9829104,0.9666222,0.9729072,0.9722966,0.97869813,0.9740159,0.95774883,0.97853225,0.9560109,0.9836757,0.97722864,0.9783827,0.97811186,0.9770711,0.9617459,0.97937685,0.97718173,0.9737034,0.97021204,0.97682106,0.95829546,0.96855885,0.9695142,0.9750207,0.9679623,0.9713571,0.9721189,0.9611354,0.96909416,0.9729339,0.97250867,0.9516769,0.98088735,0.959889,0.97570544,0.9777689,0.9705882,0.97594714,0.9756496,0.97497886,0.9767764,0.9735432,0.9819202,0.96604663,0.977962,0.97255677,0.9749371,0.960546,0.9774613,0.97078866,0.9695409,0.976323,0.9751256,0.9730761,0.9763305,0.9560102,0.97752947,0.973344,0.9717752,0.9782693,0.97764724,0.9752002,0.9775517,0.97324693,0.9883906,0.97776794,0.9691142,0.97482365,0.95636815,0.975412,0.9747143,0.9724623,0.97364473,0.96961564,0.97454244,0.9711816,0.97904396,0.97492445,0.97094065,0.9656671,0.9772412,0.9746974,0.96639335,0.96619713,0.97740936,0.97424036,0.96622074,0.9778032,0.96665955,0.9702062,0.9762695,0.9440738,0.6651124,0.9701761,0.9780633,0.97882164,0.97810924,0.9758725,0.9751756,0.9612239,0.98710006,0.9739602,0.9773113,0.97290164,0.97104615,0.96754485,0.9787241,0.9700851,0.9761805,0.9689285,0.9691901,0.9726477,0.9882705,0.9832346,0.97440183,0.9738271,0.969076,0.9783943,0.9790568,0.9708861,0.9738768,0.9816353,0.97529984,0.9703165,0.97825986,0.9765728,0.97191787,0.97673434,0.9712477,0.9716127,0.97009826,0.96604824,0.9707832,0.9768102,0.97551084,0.9703089,0.95550555,0.9737227,0.9721996,0.9732553,0.9720458,0.9679699,0.97358024,0.97386587,0.9727884,0.9574784,0.9733422,0.9743174,0.9742451,0.9675442,0.9776338,0.97488344,0.9779698,0.9859645,0.97799534,0.96952504,0.97278774,0.96002054,0.97571737,0.97930443,0.9679936,0.98500496,0.9802845,0.9597847,0.9746268,0.98070234,0.9753932,0.9728045,0.970913,0.97521645,0.9693126,0.9743719,0.97776026,0.9752584,0.94173265,0.9763856,0.9794477,0.9681879,0.9756982,0.8706429,0.9804513,0.9762285,0.9703305,0.97682154,0.97605455,0.9711264,0.9744686,0.9757154,0.9730537,0.9748476,0.9727791,0.97100323,0.98097587,1.0000002,0.9727594,0.974126,0.9752291,0.9713452,0.97448456,0.9748163,0.97916526,0.9781153,0.97448725,0.97562397,0.97194064,0.9683169,0.97610664,0.97321206,0.9703839,0.9749462,0.9845516,0.97398025,0.9750889,0.97211564,0.9695118,0.9722518,0.9679251,0.9724008,0.97722304,0.96776736,0.976918,0.9725395,0.97696316,0.9779433,0.96434724,0.97870415,0.9730951,0.9764079,0.97860616,0.97794396,0.97556394,0.9595184,0.97414327,0.9715237,0.9748331,0.9713344,0.9757526,0.9747124,0.9804587,0.9807517,0.9713125,0.96900696,0.97539455,0.96786207,0.97602195,0.9762583
move,0.9856293,0.98474306,0.9823794,0.98299444,0.97881246,0.9827045,0.9635612,0.9625891,0.97202694,0.9780335,0.98322755,0.9852765,0.9753366,0.97750974,0.9844455,0.98325896,0.98087585,0.9887624,0.9764717,0.98468065,0.9765456,0.97480184,0.97216535,0.97837615,0.9812436,0.9818132,0.98047304,0.98098505,0.9858098,0.9784907,0.98694164,0.97771084,0.978036,0.95548797,0.98185486,0.9828791,0.9867028,0.9753157,0.9805109,0.96901745,0.98782784,0.98086894,0.98242074,0.9836519,0.98529935,0.97500306,0.9811425,0.9821068,0.98162615,0.9707647,0.97616315,0.97880113,0.96578664,0.96577805,0.98151994,0.97707444,0.9612196,0.9849936,0.96530986,0.9858877,0.98280096,0.9783351,0.98794013,0.9816379,0.9788025,0.9882491,0.9833871,0.9857468,0.9728943,0.9782796,0.977072,0.98373413,0.9683746,0.98209774,0.98338455,0.9816707,0.9872593,0.9831629,0.98864317,0.98625267,0.95975935,0.98731077,0.9869591,0.9802068,0.9886618,0.9869448,0.98260695,0.984299,0.98370224,0.98293346,0.9877932,0.9813004,0.98753643,0.97119224,0.9850877,0.9843823,0.97757006,0.9819047,0.977962,0.9849447,0.9780293,0.98870075,0.9810487,0.9800615,0.9717152,0.97671074,0.9821105,0.97356033,0.97802544,0.98758346,0.9879416,0.9694514,0.9792837,0.9743202,0.9841562,0.98510206,0.9572304,0.66477495,0.9819768,0.9838199,0.9857216,0.98533046,0.9826912,0.98471653,0.97194123,0.9785973,0.9840591,0.9804266,0.9839193,0.9855567,0.978703,0.98456025,0.9788875,0.9849974,0.9768677,0.97538716,0.9846284,0.9849776,0.9833259,0.9851899,0.9805611,0.97991025,0.9791572,0.9821073,0.97109103,0.98801666,0.980779,0.9839839,0.9748104,0.9817425,0.99135166,0.98539287,0.9854506,0.97837794,0.9696418,0.9792351,0.9821914,0.979189,0.98502195,0.98351306,0.98270637,0.9663329,0.9850956,0.97659326,0.98448026,0.98335487,0.97207814,0.98212117,0.98539764,0.9780911,0.96947396,0.9782087,0.98410517,0.98193896,0.9727843,0.9868783,0.9840591,0.98530924,0.9834586,0.98365,0.97513795,0.9867112,0.96728975,0.9792063,0.98401356,0.98146087,0.9772899,0.98585117,0.9738333,0.98439825,0.98778915,0.9876389,0.9778391,0.9757976,0.9831947,0.9845458,0.9800709,0.98517376,0.9809588,0.9502538,0.98304045,0.9864142,0.97961944,0.9857981,0.87802017,0.9807134,0.98648477,0.9841948,0.9890075,0.9843991,0.97453386,0.98126113,0.98514277,0.98121464,0.98750806,0.9876224,0.9816608,0.9776176,0.9727594,0.99999994,0.98279095,0.9833671,0.9807448,0.9881024,0.98705983,0.98298264,0.98397064,0.98688614,0.985418,0.979569,0.9789944,0.9845718,0.988813,0.9746162,0.9833969,0.98171955,0.9787792,0.98439974,0.9833779,0.97990626,0.9860617,0.97218007,0.9842605,0.9848454,0.97785705,0.98595244,0.9817217,0.98843926,0.98457026,0.9713294,0.98836344,0.98071563,0.98416924,0.98635286,0.98399633,0.98660976,0.97728586,0.9835268,0.97874576,0.98897743,0.9823198,0.9815998,0.9785591,0.9883368,0.9897159,0.9804081,0.98435974,0.9889809,0.9768913,0.9880964,0.98767287
minced,0.9847648,0.9789858,0.97990245,0.9781155,0.9762594,0.97752583,0.9647477,0.95721346,0.97336566,0.9763656,0.9811309,0.98324066,0.9737687,0.9761049,0.9806111,0.9811934,0.98389953,0.9818352,0.97861284,0.98250234,0.97589934,0.97864133,0.97656894,0.9777011,0.98016,0.981747,0.98050904,0.97955644,0.98263115,0.98110193,0.9860549,0.9734529,0.98288316,0.9620854,0.9822939,0.98465544,0.9857326,0.9789449,0.98418164,0.9748768,0.9843465,0.98280525,0.98442596,0.9828688,0.98465365,0.9696589,0.9760263,0.976875,0.98230475,0.9715406,0.97701824,0.9774916,0.9812691,0.96760297,0.979968,0.9784688,0.9588772,0.9893632,0.9656974,0.9858002,0.983764,0.97972727,0.99022895,0.98627865,0.9775823,0.9928335,0.981394,0.98385966,0.9717056,0.9787927,0.976571,0.9787002,0.966044,0.9920908,0.9856728,0.97783244,0.98161167,0.9808699,0.9820888,0.9936742,0.97432035,0.9853954,0.9850306,0.97818565,0.98123443,0.9839117,0.9802824,0.9815444,0.98379904,0.9829392,0.98465997,0.9785642,0.98476464,0.9674748,0.9808598,0.98419964,0.978004,0.978364,0.97624564,0.9861501,0.97922033,0.98396397,0.9937678,0.98277843,0.97214633,0.98690397,0.9824981,0.9723039,0.98393416,0.9850158,0.9804683,0.98154074,0.9872019,0.97143894,0.9813736,0.9856186,0.95328575,0.6666217,0.9780154,0.98396534,0.9843657,0.98299533,0.9837859,0.9830323,0.9630111,0.9792956,0.9870924,0.9803982,0.9784943,0.983064,0.97568977,0.98385084,0.9749508,0.98305637,0.9738576,0.97548175,0.9820637,0.98319614,0.9820517,0.98432225,0.97836584,0.976783,0.9871425,0.9808059,0.9746874,0.98330724,0.98097444,0.98576254,0.975712,0.9831668,0.98222476,0.981659,0.9859383,0.9767305,0.9679626,0.97422725,0.9760845,0.9776335,0.9871459,0.9809152,0.9808139,0.9654,0.977011,0.9852235,0.9833688,0.97651607,0.96893066,0.9790257,0.98501843,0.9802575,0.9669402,0.9805995,0.98412585,0.98314846,0.9738624,0.98918474,0.9842227,0.98500633,0.9820209,0.9933341,0.9803187,0.98678845,0.9670175,0.99198633,0.9833203,0.97672874,0.9751355,0.9859861,0.9716567,0.98222005,0.98375016,0.9839576,0.9910153,0.980843,0.9845698,0.9835673,0.98158294,0.9851756,0.9816695,0.9504522,0.97929907,0.9824668,0.97926563,0.9812522,0.8707279,0.9789931,0.9815877,0.9789702,0.9860132,0.9812881,0.97613806,0.9799586,0.9855071,0.98037314,0.98629564,0.9825328,0.98027784,0.9815106,0.974126,0.98279095,0.9999998,0.9807452,0.9815363,0.9815224,0.98198843,0.98003185,0.9820883,0.98322886,0.9848561,0.9778792,0.97686887,0.99655455,0.98202574,0.99084306,0.99137646,0.9797003,0.990977,0.98383117,0.9769411,0.97747326,0.97891945,0.978551,0.9796157,0.9851464,0.9765981,0.9829684,0.9829265,0.9839003,0.9892537,0.966084,0.9840736,0.98002434,0.98481935,0.98594713,0.9854744,0.9805559,0.9745566,0.9824481,0.98039407,0.98764384,0.9776227,0.9810977,0.97565186,0.9844092,0.9872059,0.9792942,0.97971547,0.98341995,0.97543854,0.98257816,0.9867011
cream,0.9886038,0.98410094,0.9841397,0.980437,0.9811947,0.981863,0.9630133,0.9605261,0.9733901,0.9784436,0.9804373,0.9834285,0.9752749,0.9789629,0.984614,0.9842898,0.98289716,0.98467726,0.9788586,0.98471785,0.97576475,0.97877204,0.97648144,0.9813444,0.97922724,0.98680735,0.97768444,0.9820131,0.9834761,0.9781329,0.98507077,0.97524226,0.9793896,0.95751274,0.98329157,0.9853768,0.9862728,0.978391,0.9810744,0.97298616,0.98632234,0.9849307,0.97938925,0.982763,0.9881574,0.9712715,0.97848403,0.9800086,0.9824263,0.9804591,0.97551066,0.978713,0.9691826,0.9666231,0.9826318,0.98029554,0.9560387,0.9866338,0.96531326,0.98330045,0.9840467,0.9776411,0.9851363,0.9834769,0.9830596,0.98466873,0.9832188,0.9845837,0.9763425,0.9788048,0.9813389,0.98047,0.97528714,0.98372006,0.979865,0.9816021,0.9843695,0.9839706,0.984408,0.98570883,0.96318644,0.98581064,0.9839685,0.9806152,0.98525625,0.985047,0.9819639,0.9862334,0.98427653,0.9855105,0.9850822,0.98023206,0.9849398,0.96930075,0.98554635,0.9805386,0.9775009,0.9828098,0.9827587,0.98678744,0.98030204,0.98693115,0.9796227,0.97878265,0.97556615,0.97882205,0.9825097,0.9673525,0.97491205,0.9821644,0.9886149,0.9696821,0.9794388,0.9774991,0.981628,0.9860891,0.95400053,0.6639967,0.9791522,0.98600334,0.98622197,0.98353946,0.9840504,0.98503435,0.96869063,0.9781809,0.9839684,0.9809764,0.98418385,0.98316395,0.9821406,0.9844153,0.9809717,0.98366535,0.9813747,0.97900087,0.9812256,0.98577905,0.9848376,0.9859655,0.98193663,0.98173606,0.98118585,0.98461425,0.9748382,0.9842814,0.981859,0.98102176,0.97582257,0.98533386,0.9850492,0.984362,0.98496914,0.97703063,0.9700725,0.98549104,0.9796319,0.9772394,0.9870413,0.9825134,0.9816447,0.97389793,0.98558384,0.9778003,0.98324025,0.9801806,0.97308326,0.98364455,0.9809819,0.9775593,0.9668516,0.98355705,0.9809695,0.9872976,0.9776227,0.9850298,0.98410976,0.98627734,0.9851481,0.9820399,0.97813135,0.98416966,0.97378826,0.97832036,0.98392934,0.978614,0.9795558,0.98565334,0.9733404,0.9833896,0.9857226,0.98618233,0.97811145,0.97643644,0.9820793,0.9806736,0.982511,0.98665786,0.97952133,0.9523043,0.9805208,0.9844617,0.9802222,0.98327243,0.8778233,0.9805443,0.9817462,0.9842132,0.98840094,0.98111016,0.97888774,0.980927,0.9888602,0.9777768,0.9841622,0.9845399,0.9804899,0.9781461,0.9752291,0.9833671,0.9807452,0.9999996,0.98118097,0.9823349,0.9836812,0.9784942,0.9845995,0.9864285,0.9874246,0.980207,0.9767083,0.9829297,0.98059916,0.9746774,0.9795805,0.9840853,0.980368,0.9865393,0.9790577,0.97534084,0.9827517,0.97643644,0.98011583,0.98727584,0.9786726,0.985092,0.9797249,0.9877165,0.98362494,0.9726669,0.98748213,0.9800714,0.9836684,0.9887005,0.98530567,0.9817358,0.9712756,0.9843454,0.9776967,0.9850259,0.9795615,0.97675353,0.978119,0.98659,0.9844241,0.98299205,0.9792017,0.9844909,0.9799931,0.9883648,0.98807645
combine,0.98230696,0.97922915,0.9781537,0.98200065,0.976707,0.97778815,0.9631927,0.9607787,0.9746376,0.9832212,0.97826767,0.98410165,0.9745485,0.98125774,0.9804406,0.9783636,0.98089755,0.9800308,0.9745403,0.979496,0.9763164,0.97526014,0.9693135,0.97647417,0.97613984,0.9805438,0.9758701,0.97971046,0.98198074,0.9769825,0.9814806,0.9732911,0.9780619,0.9578376,0.9794007,0.9828877,0.9864207,0.9766053,0.9788656,0.97100854,0.9866337,0.9803098,0.97862923,0.97892654,0.9820428,0.97505385,0.9756452,0.9747232,0.9775113,0.9673843,0.97695744,0.9773406,0.96496856,0.9625543,0.9809736,0.97867954,0.9533111,0.9823677,0.96525675,0.98307675,0.9826689,0.97416043,0.9847816,0.9800193,0.9777177,0.9860918,0.9792528,0.9819172,0.97298,0.9761339,0.9700861,0.98064166,0.9657014,0.9856855,0.98391503,0.9759244,0.982697,0.9814382,0.97870505,0.986063,0.9604435,0.9822608,0.9798907,0.9782558,0.9828423,0.9819031,0.978823,0.9833597,0.97994834,0.98062515,0.98260695,0.9765137,0.9820436,0.9710798,0.986625,0.9791386,0.9762107,0.9785613,0.97391707,0.98709184,0.97764844,0.98359174,0.9813573,0.9800319,0.97282624,0.97423357,0.9788132,0.96830595,0.97314245,0.9816652,0.9825168,0.9671764,0.9807822,0.9823606,0.98154044,0.9812447,0.9516419,0.657149,0.97707266,0.9813441,0.98124504,0.98690444,0.98129845,0.9840212,0.9686233,0.97777414,0.984379,0.9804905,0.9780044,0.9849547,0.97629935,0.98281944,0.9758195,0.9842725,0.9732113,0.97515357,0.9806375,0.9837201,0.9808972,0.9825446,0.9771339,0.98101896,0.97888225,0.98052996,0.9732369,0.9817006,0.9771065,0.98177123,0.9747018,0.9787612,0.9862432,0.9775876,0.98259526,0.9778459,0.97487575,0.97820544,0.9812354,0.97868496,0.9819155,0.9814071,0.9839534,0.97849905,0.9799051,0.97588074,0.9800671,0.9766369,0.97012365,0.9834277,0.98282075,0.97943485,0.97535056,0.9800339,0.97914183,0.98512816,0.97276646,0.9857006,0.98096,0.9829984,0.98024535,0.984869,0.97404253,0.9806559,0.96403927,0.9840054,0.98171175,0.97587496,0.9724423,0.98330563,0.9693442,0.9837191,0.983314,0.9844484,0.9793794,0.97823995,0.9839026,0.9793371,0.9796777,0.9816304,0.9808741,0.9444367,0.97799784,0.9844316,0.99220234,0.98108995,0.8691473,0.9791496,0.9817503,0.9823278,0.9850112,0.9819284,0.97267306,0.98393244,0.98260653,0.97854793,0.981791,0.98020947,0.9761019,0.9787838,0.9713452,0.9807448,0.9815363,0.98118097,1.0000001,0.9798827,0.9811375,0.976144,0.97992516,0.9846655,0.98299545,0.97736484,0.973395,0.9839209,0.9784443,0.97948575,0.9822175,0.97938746,0.9808497,0.98308766,0.9776907,0.9756564,0.9786127,0.9713475,0.98126924,0.9825183,0.9898536,0.9809903,0.9773971,0.9885868,0.98576486,0.96635216,0.98361266,0.9774129,0.98264736,0.9863356,0.9811206,0.9804693,0.96703464,0.97884184,0.97753745,0.98454475,0.9775367,0.9791235,0.97805256,0.9862102,0.98311085,0.9865479,0.976878,0.98209834,0.9924832,0.98221064,0.9849683
dump,0.9861837,0.9819133,0.98649544,0.9794349,0.97751147,0.9794809,0.9669791,0.95931476,0.9716639,0.9781108,0.9824595,0.9847544,0.97281337,0.9775901,0.98280746,0.9812742,0.9812596,0.98345053,0.97965527,0.9811992,0.97280735,0.9735414,0.9758892,0.977537,0.9802373,0.9817608,0.97792584,0.98246354,0.9840692,0.97742224,0.9846766,0.97355276,0.9785707,0.96096957,0.9819557,0.9845662,0.9852436,0.97791284,0.9814054,0.9721429,0.9843896,0.97991157,0.98446894,0.9805688,0.98812467,0.9744875,0.9776757,0.97905296,0.98049873,0.9700797,0.9775468,0.97769463,0.9650109,0.96485317,0.98198134,0.97812057,0.96044147,0.9857851,0.97338814,0.99058264,0.98541486,0.9779797,0.98464715,0.98398453,0.9805099,0.98412687,0.9851563,0.9855449,0.97180116,0.97854894,0.97550637,0.98219675,0.976524,0.9828315,0.9818529,0.9826518,0.9830611,0.9870727,0.98522484,0.98382854,0.9593961,0.98713154,0.9873244,0.9786706,0.98448586,0.98504716,0.98102236,0.98467803,0.98484546,0.9868118,0.985682,0.9814664,0.9847184,0.9678376,0.98429495,0.982431,0.97808135,0.981685,0.9800639,0.9833468,0.975662,0.9859324,0.9799741,0.9829573,0.9711057,0.97633094,0.981435,0.9714339,0.977067,0.9886101,0.9863205,0.96809214,0.97846913,0.9729211,0.9818648,0.9847106,0.95887035,0.66046387,0.9798984,0.98466057,0.987608,0.986216,0.9816773,0.9844568,0.97528136,0.9787992,0.9814423,0.98378414,0.9828443,0.98447454,0.9776693,0.98517084,0.9782945,0.9849455,0.9762226,0.9751419,0.9854667,0.9849759,0.9840996,0.9830832,0.9835447,0.9814184,0.981168,0.98701614,0.9760803,0.98461735,0.9837602,0.9808244,0.9776672,0.9841238,0.98495793,0.9829005,0.987102,0.97870123,0.9710211,0.97701263,0.979851,0.9795555,0.9870133,0.983423,0.98020315,0.9654393,0.9838672,0.9788824,0.9859962,0.9789564,0.9708533,0.98194975,0.98220825,0.97766966,0.96971136,0.97850883,0.9811451,0.98048013,0.98057526,0.98528737,0.98532295,0.9896867,0.98560655,0.9846446,0.97515714,0.9843056,0.97135717,0.9799269,0.9825283,0.9817498,0.97733486,0.9851965,0.97569275,0.98367304,0.98643464,0.98547655,0.9765246,0.9750755,0.98440224,0.98342997,0.97935003,0.9853681,0.9790379,0.95310104,0.9814927,0.98547536,0.97877824,0.9842472,0.8789627,0.97996837,0.98393464,0.98496145,0.98593944,0.98643374,0.97776115,0.9810637,0.98385096,0.9819048,0.9864495,0.9866199,0.98092055,0.98230463,0.97448456,0.9881024,0.9815224,0.9823349,0.9798827,1.0000002,0.98567516,0.9811044,0.983829,0.9886321,0.9843745,0.98441017,0.9788535,0.98254544,0.98571265,0.9731677,0.98211163,0.9815328,0.9782902,0.9868786,0.9789199,0.9791497,0.98159313,0.9739784,0.9834009,0.9845579,0.9784368,0.98632705,0.9796737,0.98677576,0.9854127,0.96994483,0.98721963,0.98021394,0.98406285,0.98685503,0.98338544,0.9853257,0.97862804,0.98225504,0.98183715,0.99085015,0.9843322,0.98099446,0.9788243,0.98573995,0.9862229,0.98054975,0.98451823,0.98960686,0.97635347,0.9851975,0.985919
peel,0.9901359,0.98709744,0.98078805,0.9836305,0.9775098,0.98411715,0.9673652,0.9663258,0.9714201,0.982181,0.9856276,0.9870288,0.97083485,0.97757185,0.98535866,0.9844059,0.9818479,0.9859544,0.9804212,0.9839615,0.9767007,0.9729745,0.97625977,0.97979903,0.98308295,0.9866531,0.9779877,0.9853022,0.9858148,0.97902834,0.9865008,0.9779503,0.9801329,0.963231,0.9832461,0.98688567,0.9881424,0.97803384,0.9820578,0.97204965,0.9873754,0.9814843,0.98105425,0.9807429,0.9873579,0.9750853,0.9833382,0.9815838,0.9827238,0.9715381,0.97835165,0.9779006,0.9654863,0.96967655,0.98235035,0.9784048,0.96199334,0.9882636,0.9711896,0.9864918,0.9852272,0.9816592,0.98725706,0.9862334,0.98018426,0.98646706,0.9825353,0.98990023,0.9748672,0.9803496,0.97686005,0.9852134,0.97184587,0.98301256,0.9849301,0.98137826,0.98689777,0.9838838,0.98610795,0.9842798,0.96092427,0.99366367,0.98462063,0.9811575,0.9885586,0.986551,0.9830977,0.98697734,0.98280203,0.98347366,0.98791915,0.98091686,0.98638296,0.9755093,0.98512125,0.9850196,0.98106414,0.9829065,0.97615844,0.9833494,0.97909176,0.9883407,0.97924274,0.9788878,0.9735184,0.9779231,0.9861306,0.9731554,0.98241335,0.99024206,0.9859432,0.97030723,0.97783613,0.975661,0.9827161,0.98357874,0.96081173,0.6620419,0.98470604,0.98556185,0.9928621,0.99081993,0.98359823,0.98899287,0.9732065,0.9799463,0.9852109,0.98209494,0.9841544,0.98227686,0.98017687,0.98864275,0.9801258,0.98907715,0.9786769,0.9762134,0.99419314,0.98646617,0.9873354,0.9842019,0.98166436,0.9810231,0.98167807,0.9875429,0.97556573,0.98870146,0.9818083,0.9845107,0.9787539,0.98404354,0.98832256,0.9840107,0.9851899,0.98164666,0.9691141,0.9802295,0.9817368,0.98099613,0.98634744,0.9869358,0.98459756,0.96818465,0.98746514,0.97737986,0.99209714,0.9825701,0.9751992,0.98006105,0.98364586,0.9780308,0.97385466,0.9809069,0.98522836,0.9815768,0.9739287,0.98861825,0.98724926,0.98856086,0.9878794,0.9836801,0.9761318,0.9847629,0.97243696,0.9797864,0.9860382,0.98796767,0.9775944,0.98927253,0.974075,0.98481166,0.98763365,0.98652875,0.97584,0.980224,0.98773354,0.9821855,0.9825317,0.987247,0.9840604,0.9496294,0.98394847,0.9887867,0.9791813,0.9878404,0.8886998,0.98225653,0.99337333,0.9837412,0.9882406,0.98747265,0.9819883,0.9841804,0.98441786,0.98077947,0.99209005,0.9848331,0.98169434,0.97936606,0.9748163,0.98705983,0.98198843,0.9836812,0.9811375,0.98567516,1.0000001,0.9851093,0.98375607,0.9862744,0.98597324,0.98467463,0.9823615,0.9833703,0.9843312,0.9747022,0.9842286,0.9833047,0.980019,0.98612344,0.9823154,0.97733307,0.9850194,0.9743734,0.99014485,0.984823,0.9784748,0.98511404,0.9806721,0.98686945,0.9883271,0.97422093,0.98866403,0.983037,0.98704016,0.9879619,0.98514533,0.9918643,0.97284704,0.98694056,0.98129046,0.9857292,0.9892707,0.9820146,0.98011595,0.98769903,0.9854645,0.9818135,0.98773825,0.9878668,0.97882855,0.98803693,0.98573613
coat,0.9829766,0.97782946,0.9787822,0.977349,0.97928786,0.97636324,0.9572372,0.9573654,0.968901,0.9744613,0.97968924,0.9817135,0.97272253,0.9762721,0.978472,0.98101133,0.98259896,0.9800655,0.97830695,0.98513603,0.9869696,0.9717559,0.9710018,0.9811034,0.97753835,0.98412293,0.97718245,0.9788824,0.979907,0.9775833,0.9828696,0.9711965,0.9768812,0.9631754,0.98662204,0.9818578,0.98255163,0.9769213,0.97958004,0.9681521,0.98211,0.9832079,0.97821283,0.98307186,0.9842765,0.96820873,0.9750219,0.9763349,0.9807911,0.9711721,0.97665155,0.9790841,0.9642232,0.96773016,0.97631395,0.9759883,0.9626462,0.98319936,0.9654341,0.98401767,0.98371416,0.97529536,0.98180866,0.9787403,0.9792736,0.98161256,0.97843593,0.98305506,0.97464466,0.9800257,0.97684103,0.9812387,0.9674537,0.98065215,0.97981894,0.97474146,0.9827075,0.9800998,0.97957724,0.98057556,0.9604128,0.9861636,0.9836805,0.9767419,0.98153716,0.98265094,0.9816077,0.9843658,0.985254,0.9835759,0.9804104,0.9799774,0.98169255,0.9643926,0.9784418,0.98189217,0.9736246,0.98137707,0.9753335,0.98230493,0.9811841,0.9828088,0.9767459,0.9752847,0.9701718,0.9753342,0.9797708,0.9708064,0.972926,0.9813852,0.9797335,0.9711126,0.9761314,0.96923095,0.97530246,0.9811149,0.95543236,0.6681771,0.9765408,0.9831504,0.9834673,0.98284346,0.9838615,0.98362285,0.9627855,0.9788924,0.97877884,0.9811209,0.97674185,0.97648007,0.977398,0.98279095,0.9734992,0.9838606,0.9746157,0.97470886,0.98493695,0.98436475,0.98378134,0.983539,0.9829166,0.9759781,0.97718036,0.981105,0.9728335,0.9827798,0.9782949,0.9833174,0.9778859,0.9827512,0.98302466,0.9787271,0.9846743,0.97905827,0.9716027,0.97169656,0.97528726,0.9782233,0.9824252,0.9793831,0.9775569,0.9619646,0.97778887,0.9749153,0.97741723,0.97514445,0.97342443,0.9788097,0.98017883,0.9771708,0.96777403,0.9786714,0.9784457,0.97848344,0.96878284,0.982005,0.98282486,0.98277724,0.9902022,0.9835524,0.97321075,0.9834062,0.9621616,0.9774987,0.9835181,0.97621286,0.9832583,0.98425406,0.96937835,0.98128474,0.9852539,0.9847947,0.97785103,0.9789771,0.98179954,0.98079544,0.9851173,0.9839247,0.9776312,0.9467897,0.9760673,0.9845975,0.9751098,0.9794495,0.877723,0.98087364,0.9864209,0.97710323,0.98524505,0.9808645,0.97389364,0.9853652,0.98400533,0.97765195,0.98465955,0.98123074,0.97709364,0.97560847,0.97916526,0.98298264,0.98003185,0.9784942,0.976144,0.9811044,0.9851093,1.0000001,0.9824908,0.9817515,0.98392916,0.9775796,0.98339605,0.98041266,0.97865546,0.97464514,0.9821403,0.98334414,0.97835803,0.98287636,0.9755826,0.9743477,0.9782534,0.9721534,0.97673225,0.98265344,0.9716547,0.9806448,0.97504103,0.98165065,0.98411494,0.96752375,0.98523176,0.98161006,0.9813459,0.9854096,0.9817763,0.9782814,0.97026396,0.98079544,0.978158,0.9849324,0.9741366,0.9834887,0.98066807,0.98717326,0.9854018,0.9757815,0.9761915,0.98403066,0.9717821,0.98059297,0.9855927
dip,0.98742455,0.9824783,0.9880604,0.9806514,0.9818684,0.9819727,0.96722925,0.9663685,0.97539407,0.97645146,0.98263097,0.9842895,0.97767174,0.9815931,0.98386765,0.9893953,0.98739636,0.98463315,0.9790321,0.9893165,0.9805738,0.97600913,0.9748323,0.97967684,0.98361385,0.98390883,0.98293483,0.9828117,0.9838478,0.98446876,0.9883935,0.97775143,0.98078036,0.9607868,0.9838964,0.9856923,0.9874253,0.98009664,0.983858,0.9765777,0.9864554,0.9857413,0.9842427,0.98805785,0.98749864,0.9717742,0.9782692,0.97966117,0.9821955,0.9730271,0.9821169,0.9807968,0.96792334,0.9658563,0.981895,0.9810749,0.96026784,0.9883944,0.9673925,0.98550004,0.9849585,0.9794109,0.9853923,0.9834819,0.98333424,0.985429,0.9827493,0.98724574,0.97468996,0.98221093,0.97641444,0.9824194,0.9683221,0.9853116,0.98265636,0.98129034,0.98274446,0.98585093,0.98369575,0.98517835,0.96315295,0.98814523,0.9876264,0.9806147,0.98588395,0.98841745,0.9834266,0.9851969,0.9898972,0.9881551,0.9856305,0.9880988,0.9857074,0.97085214,0.98219997,0.9825478,0.98169696,0.9838329,0.98448306,0.98976547,0.9799627,0.9888727,0.98092604,0.9841034,0.97269994,0.97871095,0.9872861,0.9695988,0.9753002,0.9847414,0.98424494,0.97029984,0.980527,0.9744757,0.9822835,0.9862478,0.9532931,0.66629344,0.97940534,0.98703367,0.9864292,0.98405564,0.9850925,0.9868492,0.9692834,0.978105,0.9841344,0.9843343,0.98241264,0.9855934,0.9843167,0.98728585,0.97785777,0.9857786,0.98016113,0.9786857,0.9820707,0.9879729,0.9847557,0.98991305,0.9840966,0.9789917,0.9817705,0.9832076,0.97615004,0.9876618,0.9817008,0.9862632,0.97763795,0.9866144,0.9855394,0.9825504,0.98763025,0.9805532,0.97103053,0.9790872,0.97908,0.9789661,0.98751414,0.9831392,0.98340094,0.96861386,0.98423654,0.9790712,0.98496443,0.9796627,0.975217,0.9827362,0.98476684,0.98137945,0.9667869,0.9821064,0.981977,0.9829637,0.9746201,0.98614067,0.9886112,0.98906034,0.9844083,0.98391056,0.9786555,0.98738545,0.97173625,0.9806284,0.9844442,0.97885746,0.9811711,0.9884082,0.97486234,0.9848678,0.9875031,0.98613596,0.98155415,0.97908354,0.9826907,0.9855752,0.98625296,0.9879833,0.98047304,0.95520246,0.98232114,0.98714936,0.9777946,0.985642,0.87637097,0.9807305,0.9852995,0.9831726,0.98941773,0.98426706,0.97859704,0.984955,0.98845637,0.9809249,0.9866371,0.98333436,0.98095435,0.9784075,0.9781153,0.98397064,0.9820883,0.9845995,0.97992516,0.983829,0.98375607,0.9824908,1.0000001,0.98877484,0.9883692,0.98057187,0.9800954,0.98373485,0.9812528,0.97561246,0.9817677,0.98226804,0.98011917,0.98853594,0.9784374,0.9796612,0.9810135,0.9776356,0.98220515,0.9882937,0.9770203,0.9855427,0.9791729,0.98577714,0.98612374,0.97522193,0.98694247,0.98099583,0.98673433,0.98930585,0.987036,0.98314124,0.97126704,0.9882612,0.9799442,0.98768836,0.9822287,0.982636,0.9778746,0.9873079,0.9894553,0.9806657,0.98121214,0.9854705,0.9765324,0.98497564,0.9868545
throw,0.9893055,0.9842179,0.9888341,0.98260653,0.9820465,0.98291135,0.9654541,0.9641437,0.9752646,0.9849246,0.9855765,0.98567086,0.9774519,0.9863386,0.98481995,0.9859723,0.98661155,0.9874523,0.9824674,0.9868824,0.9799102,0.9790622,0.9767302,0.98477197,0.9830834,0.9856366,0.9834858,0.9856657,0.986205,0.9829067,0.98777175,0.97984,0.9815963,0.96388555,0.9842561,0.9880396,0.9901782,0.980405,0.98513687,0.97903997,0.98803556,0.98454916,0.98319894,0.98639506,0.9914539,0.9756436,0.9801946,0.98156506,0.9842127,0.973258,0.9818588,0.9789242,0.9677454,0.96709377,0.9861324,0.9840571,0.9612286,0.9895751,0.9756852,0.99219245,0.98894835,0.9828049,0.9871205,0.98567134,0.985913,0.9876949,0.9880478,0.98636436,0.9772337,0.9839618,0.9800496,0.984231,0.9787068,0.98742986,0.98418003,0.98496485,0.9877537,0.99021363,0.98514634,0.98860836,0.9639085,0.98823786,0.99102193,0.98241353,0.9869427,0.9883784,0.98547,0.9884175,0.9884374,0.98710597,0.9868074,0.98582286,0.9872076,0.97180474,0.9894676,0.98526996,0.9800135,0.985211,0.9849911,0.9891933,0.9838511,0.98914665,0.9826477,0.98482084,0.976169,0.9796526,0.98429173,0.97363204,0.9784459,0.9875983,0.9891155,0.97248596,0.9810143,0.9811132,0.98923326,0.9883362,0.96299905,0.6722223,0.9822956,0.9872324,0.98971355,0.98742056,0.9866969,0.9870159,0.97536737,0.9783941,0.9837246,0.98918235,0.9871322,0.99159366,0.9847734,0.9869389,0.9837475,0.9875024,0.98067105,0.9815082,0.9860391,0.9869981,0.986768,0.9896714,0.9828544,0.98757267,0.9826743,0.9886496,0.9804947,0.9889936,0.98534256,0.9849757,0.9799606,0.98648083,0.99036247,0.9844323,0.9897847,0.98442644,0.9712883,0.98049504,0.9850758,0.98262507,0.99070084,0.98349214,0.98387915,0.9685076,0.98807484,0.9811645,0.98722863,0.98383504,0.97427654,0.98463744,0.9850229,0.98146915,0.9713905,0.9826096,0.982805,0.98580277,0.97824436,0.9887578,0.98772824,0.9914786,0.98667,0.98704225,0.98259425,0.9890231,0.9738929,0.9828523,0.98658305,0.9835677,0.98120934,0.9912543,0.98022896,0.98708516,0.9884852,0.9887247,0.9826522,0.98203,0.98539317,0.98922706,0.9866581,0.9898954,0.98371357,0.9535436,0.9821897,0.98842764,0.98640674,0.98541665,0.8810495,0.9841682,0.9859645,0.9883061,0.9909044,0.9860256,0.97911614,0.9862036,0.9900303,0.98204607,0.9865141,0.9910169,0.98336756,0.98293304,0.97448725,0.98688614,0.98322886,0.9864285,0.9846655,0.9886321,0.9862744,0.9817515,0.98877484,0.99999994,0.9909959,0.98702633,0.98386097,0.98602355,0.98504436,0.9784429,0.9839837,0.98470044,0.9831754,0.99107844,0.9820092,0.9805662,0.98666805,0.9780208,0.98521644,0.9892839,0.9861389,0.9883488,0.98440033,0.9926223,0.9878523,0.9750436,0.9910738,0.98284984,0.98783463,0.99203837,0.98807603,0.9858128,0.97653836,0.9851315,0.9811404,0.9920408,0.98586017,0.98407227,0.9801052,0.99188524,0.98954475,0.9858056,0.9847203,0.9898007,0.97877073,0.9890307,0.98849857
fry,0.99281555,0.98655814,0.98735446,0.98407793,0.98467994,0.9840723,0.9697209,0.96479744,0.97542024,0.9823269,0.9826839,0.9895719,0.98283505,0.98586965,0.98521227,0.9879727,0.9874126,0.9896717,0.9853306,0.9909776,0.9831955,0.9790336,0.9830976,0.98793703,0.98530245,0.99023396,0.98441386,0.98806375,0.98473185,0.9849475,0.9883724,0.97950506,0.9858521,0.9661009,0.98815954,0.993622,0.9895858,0.980307,0.99013454,0.9793878,0.98750436,0.9881473,0.9843604,0.99236,0.9911172,0.9762732,0.97997844,0.9856913,0.9889081,0.97750616,0.98281074,0.9849147,0.9692765,0.9669671,0.98735577,0.9851531,0.96280265,0.9904275,0.97047216,0.9870836,0.9928981,0.982253,0.98684156,0.985208,0.9844931,0.9876526,0.9841715,0.9870234,0.9832212,0.9859594,0.9810753,0.98604065,0.9728318,0.98623127,0.9844525,0.98505986,0.98640275,0.9874331,0.9865454,0.98652524,0.96277124,0.98943126,0.9907973,0.9809171,0.9881639,0.98847306,0.99126524,0.987855,0.9879613,0.9865773,0.9869018,0.9870322,0.9869441,0.9747135,0.9854838,0.9868431,0.9832706,0.98726976,0.98358023,0.98953795,0.98691815,0.98857504,0.9825593,0.9853993,0.97842133,0.97810304,0.9853244,0.9746148,0.9801294,0.9868462,0.9879086,0.9735344,0.97941625,0.97743434,0.9864418,0.9888333,0.9578161,0.6783698,0.98086804,0.9937685,0.9887795,0.9879453,0.9926354,0.9894452,0.97013956,0.97854835,0.9836461,0.9877019,0.9860661,0.98824733,0.9855425,0.9891781,0.9793222,0.9891144,0.9817749,0.98372096,0.9841679,0.9873673,0.98661536,0.99641925,0.98602384,0.98233306,0.983006,0.9867216,0.98572665,0.98747635,0.98513395,0.9876427,0.98282504,0.9907988,0.9884215,0.9847678,0.99059075,0.9812194,0.9711898,0.9809845,0.98126715,0.9858704,0.99671435,0.9847795,0.9827462,0.96950513,0.9877801,0.9790954,0.9861222,0.9820982,0.9770528,0.9842709,0.9837555,0.9826221,0.97382396,0.98565,0.98413706,0.98407847,0.9760277,0.9874973,0.9887587,0.98950356,0.9874604,0.98672116,0.9837603,0.9911437,0.97467846,0.9819302,0.9898816,0.98167866,0.9834472,0.9904195,0.976652,0.9883271,0.9885778,0.99340415,0.9824431,0.9812074,0.9844775,0.986653,0.99019015,0.9957301,0.9837339,0.96065974,0.9825607,0.9886697,0.98248404,0.98640317,0.8827536,0.98301333,0.98682684,0.9845786,0.9918511,0.98603207,0.9823555,0.985933,0.9944876,0.98188496,0.9892136,0.98608226,0.98665273,0.98069,0.97562397,0.985418,0.9848561,0.9874246,0.98299545,0.9843745,0.98597324,0.98392916,0.9883692,0.9909959,1.0000002,0.9827331,0.9815764,0.98614377,0.98388004,0.9765383,0.98488075,0.9857191,0.98277587,0.990077,0.9804163,0.9798234,0.98308533,0.98470944,0.9832727,0.9951058,0.98331547,0.986172,0.9819934,0.9882984,0.98809916,0.97399145,0.99075913,0.985102,0.98832345,0.9975386,0.9963876,0.984215,0.97306013,0.98677325,0.98437977,0.9888706,0.98176044,0.9840636,0.98507315,0.99129564,0.98974967,0.98352975,0.9821943,0.9872305,0.9800262,0.98787695,0.9888952
season,0.98585904,0.98013264,0.9823099,0.97907877,0.9774416,0.97817206,0.96255475,0.9571608,0.96699756,0.9761124,0.9793588,0.98241156,0.9697094,0.97626907,0.9796765,0.9856872,0.9789971,0.9803013,0.97761804,0.9863556,0.9762917,0.97055024,0.97440237,0.97921044,0.97822154,0.983116,0.97566324,0.9853463,0.9829488,0.9814379,0.98217034,0.97170204,0.9770151,0.9579604,0.9811478,0.9839667,0.985333,0.9754211,0.9790075,0.97114503,0.9832144,0.97989064,0.9782688,0.9782276,0.99062103,0.96602625,0.9760527,0.9750806,0.97981197,0.9684383,0.9768618,0.9762151,0.96319485,0.96494377,0.97967947,0.9777144,0.9751429,0.9864232,0.97543925,0.98554456,0.9844259,0.9775551,0.9822766,0.98184055,0.9836119,0.98104256,0.984964,0.9817934,0.97296464,0.980376,0.9755022,0.9789621,0.980159,0.98209506,0.9791217,0.9788668,0.9830825,0.9876084,0.9798335,0.9812323,0.95686406,0.9842247,0.9852687,0.97609013,0.9830096,0.98289496,0.982449,0.98371214,0.98387206,0.9842222,0.9815724,0.9809931,0.98255044,0.964554,0.9826852,0.978774,0.9747649,0.9901289,0.9835844,0.9821682,0.9832296,0.9844137,0.9760184,0.97604847,0.9722019,0.97512776,0.9796339,0.96770936,0.97442734,0.9828686,0.9853192,0.9695969,0.97566694,0.97894174,0.97939384,0.98322153,0.9625147,0.6592463,0.97742915,0.98384535,0.9859708,0.9837274,0.98429453,0.983952,0.96772075,0.97529024,0.9809226,0.992102,0.98106086,0.98010725,0.97909564,0.9847778,0.97629076,0.983946,0.9734525,0.9776681,0.9816753,0.98389274,0.98435396,0.9820754,0.97893244,0.99392486,0.97749686,0.99132246,0.97336817,0.9849752,0.98443323,0.9791715,0.975455,0.98034,0.98175544,0.97735137,0.985723,0.9772394,0.9697503,0.9757157,0.9782893,0.9798381,0.9836499,0.9792875,0.97795194,0.9614719,0.98175305,0.974684,0.9828736,0.9792473,0.97250897,0.98117673,0.9811182,0.97300434,0.9644011,0.9761037,0.98001486,0.97939676,0.97606725,0.984575,0.9812779,0.9881223,0.98578906,0.9815806,0.9760375,0.982206,0.9725173,0.9767751,0.98268676,0.97793996,0.97785157,0.98626935,0.9768356,0.98131,0.98494995,0.98439276,0.97558105,0.97349924,0.9805983,0.9791341,0.9787423,0.9854085,0.98139215,0.95091563,0.97978705,0.9826736,0.9766831,0.98106843,0.88522696,0.9779185,0.9818313,0.9805001,0.9853723,0.9832648,0.97660136,0.98117477,0.9829666,0.9774594,0.9848844,0.98445755,0.978579,0.9792906,0.97194064,0.979569,0.9778792,0.980207,0.97736484,0.98441017,0.98467463,0.9775796,0.98057187,0.98702633,0.9827331,0.99999994,0.9862601,0.9800043,0.9783427,0.9726592,0.9792715,0.9829574,0.97798204,0.9881681,0.97768533,0.9747712,0.97938454,0.9728522,0.9811638,0.9828784,0.975894,0.98040897,0.9791025,0.9848417,0.984995,0.97425586,0.9847201,0.9811415,0.98316675,0.98508567,0.98237735,0.9826684,0.97095954,0.98115605,0.98020184,0.9854119,0.98125297,0.9810528,0.97654647,0.98513323,0.9827525,0.97737616,0.97950464,0.9861722,0.9737805,0.9836836,0.98369604
zest,0.980943,0.97853297,0.97887176,0.97555107,0.97388166,0.9778051,0.960465,0.9576674,0.9719125,0.97046995,0.9769013,0.9794029,0.9671667,0.9718349,0.9788371,0.9849065,0.9793154,0.9780492,0.97477186,0.98552006,0.97483796,0.9722717,0.9712424,0.9780356,0.9774404,0.9779779,0.9756226,0.97955966,0.97974896,0.9799493,0.98248255,0.9712703,0.9746114,0.9629588,0.97823143,0.98159355,0.98075306,0.97695214,0.98099774,0.9675731,0.9809618,0.9795409,0.9768258,0.97850007,0.9872426,0.96830904,0.9756501,0.9736226,0.9785038,0.96997947,0.974722,0.97426695,0.9627669,0.9643252,0.97687304,0.97578603,0.9627218,0.98235446,0.972139,0.98281926,0.98252505,0.98188925,0.98045397,0.9763883,0.98246694,0.97827065,0.9815465,0.9797532,0.9703596,0.9773088,0.9735565,0.97888994,0.97325397,0.9789308,0.9770825,0.9737306,0.980076,0.9817044,0.9766462,0.97874224,0.95627123,0.98312175,0.9835788,0.9715633,0.9802386,0.98144704,0.98066556,0.98246354,0.9822946,0.98007166,0.97821736,0.9792363,0.9796382,0.9610202,0.97680885,0.9781225,0.9738764,0.9864722,0.9823591,0.980997,0.9797537,0.9835973,0.97301346,0.9721534,0.97049004,0.9722894,0.9792284,0.97046876,0.9719926,0.9788535,0.98079467,0.9677349,0.97264826,0.97413,0.9773356,0.9818741,0.9605143,0.6644703,0.97764516,0.9824821,0.9805297,0.9794224,0.9828878,0.9802712,0.9641783,0.9710173,0.97847927,0.98735493,0.97676474,0.9777834,0.9746604,0.9807222,0.9729054,0.9809324,0.97154695,0.9771642,0.9810412,0.98040485,0.9804021,0.98141795,0.979389,0.9810174,0.97234964,0.98551124,0.9733463,0.9847328,0.9766674,0.97970486,0.97621334,0.9809391,0.9811706,0.9764075,0.9857799,0.97601575,0.966703,0.9719344,0.97328454,0.9790288,0.98120815,0.97856385,0.9766363,0.9548226,0.97829765,0.97351986,0.97794884,0.9748991,0.97059095,0.9777261,0.97948915,0.9723523,0.9661564,0.97567683,0.9788198,0.9768097,0.97222626,0.9809229,0.98150265,0.9838465,0.9829333,0.97950804,0.9733063,0.98063445,0.96702516,0.9732946,0.979297,0.9769943,0.977061,0.9812915,0.9724717,0.9801675,0.98165,0.98182935,0.97385967,0.97449493,0.97932255,0.9777632,0.97869164,0.9831862,0.9800656,0.9484697,0.97508514,0.97861975,0.9734003,0.9781134,0.899495,0.97740924,0.9856985,0.9754431,0.9839355,0.98010945,0.97036755,0.97824067,0.9823028,0.97329134,0.9828109,0.98202676,0.9757232,0.9734455,0.9683169,0.9789944,0.97686887,0.9767083,0.973395,0.9788535,0.9823615,0.98339605,0.9800954,0.98386097,0.9815764,0.9862601,0.9999997,0.97659576,0.9767222,0.97031295,0.9774495,0.980392,0.9777585,0.98314637,0.973684,0.9707153,0.97712094,0.9698753,0.9750193,0.98239845,0.972216,0.9767795,0.9771797,0.9795636,0.98071504,0.9713601,0.9828846,0.9787826,0.9791481,0.9825298,0.9804259,0.97624403,0.9719563,0.980697,0.97822535,0.98390657,0.97275084,0.98099214,0.97589916,0.9834263,0.97979003,0.9729916,0.97454053,0.98151314,0.9695894,0.98078305,0.98138016
mince,0.9864903,0.98140246,0.9825251,0.9827981,0.9799897,0.9792037,0.9654146,0.95929915,0.9721694,0.9792508,0.98293525,0.9843868,0.97605854,0.9783974,0.9827801,0.983438,0.98546886,0.98404694,0.97888744,0.98380697,0.9785644,0.9768805,0.97515875,0.97900295,0.981412,0.9834266,0.9822263,0.98140526,0.98403966,0.9819839,0.9882281,0.97588587,0.98280585,0.95921814,0.98344225,0.98470056,0.9881604,0.97982705,0.9836983,0.9772164,0.9881882,0.98433316,0.986365,0.9824853,0.9862898,0.9704992,0.97900176,0.9770436,0.9823178,0.9713797,0.97889465,0.9786744,0.98079485,0.96894366,0.9813742,0.9793643,0.9566485,0.9908704,0.9672107,0.98631257,0.98424125,0.97871816,0.993462,0.9886994,0.9795475,0.9954823,0.98408055,0.9863432,0.9733534,0.9799415,0.9762435,0.98085415,0.96722794,0.99329776,0.9878402,0.97989124,0.9853103,0.98356265,0.9826125,0.99620825,0.97484374,0.98648745,0.98602706,0.97940665,0.984696,0.9871259,0.98183423,0.98358554,0.98484695,0.98525786,0.98644066,0.9806694,0.98767537,0.96904933,0.98444957,0.9853279,0.979161,0.9802396,0.9785946,0.98829263,0.9801018,0.98738015,0.99294907,0.98571724,0.97399366,0.9882749,0.98382723,0.9734714,0.9829686,0.9854652,0.98415965,0.9829428,0.9881751,0.9743501,0.98216695,0.9889611,0.95690715,0.6695487,0.98037446,0.9852668,0.9854811,0.98525804,0.98455596,0.98464775,0.9659341,0.98093814,0.9888823,0.98257333,0.9818041,0.9842787,0.97829527,0.98531896,0.9780069,0.9848248,0.97559166,0.9775641,0.98317206,0.98518425,0.98374826,0.9856482,0.9805586,0.9796536,0.98925436,0.9825489,0.97561747,0.98660225,0.98296165,0.9857839,0.9774877,0.98406184,0.98604786,0.98424923,0.9873495,0.97941995,0.97147596,0.97716224,0.9791316,0.9783435,0.9876497,0.9824635,0.9831164,0.96848273,0.9816708,0.98509806,0.9845984,0.98135144,0.9718384,0.9816563,0.98658764,0.9811024,0.9680961,0.9815323,0.98525494,0.9861105,0.9758024,0.99133915,0.985139,0.987491,0.98356026,0.9927255,0.98155093,0.987683,0.9687892,0.99447834,0.98523307,0.9767899,0.9767165,0.9870418,0.9732159,0.9851614,0.98612666,0.98644507,0.9913809,0.9815137,0.98593014,0.9841587,0.9832218,0.98603165,0.9836637,0.9508079,0.9816418,0.9853478,0.982079,0.9836808,0.8719021,0.9829781,0.98293924,0.9814397,0.98881483,0.983408,0.976403,0.9825088,0.98621905,0.9802206,0.98676527,0.98425126,0.9814612,0.98387074,0.97610664,0.9845718,0.99655455,0.9829297,0.9839209,0.98254544,0.9833703,0.98041266,0.98373485,0.98602355,0.98614377,0.9800043,0.97659576,1.0000005,0.98193544,0.9912807,0.9904743,0.9818938,0.9916287,0.9864933,0.9816079,0.97773665,0.9827751,0.97860175,0.98153347,0.9862473,0.9794735,0.98479337,0.98577064,0.9873064,0.99219024,0.9680571,0.98661,0.98105836,0.98638535,0.9879609,0.98530495,0.98310935,0.9733191,0.9840681,0.9819858,0.98828983,0.9797594,0.9834044,0.97749794,0.98791623,0.98773354,0.9818464,0.97970796,0.98629653,0.9787402,0.9862221,0.9873624
push,0.9830564,0.98103815,0.97992873,0.98083663,0.9740688,0.9829389,0.961433,0.95717937,0.9677314,0.9751731,0.9814544,0.9856923,0.9674436,0.9755851,0.9854544,0.97984856,0.9787377,0.98125803,0.97783333,0.9805189,0.973143,0.9753674,0.9747952,0.9769782,0.97803956,0.9825147,0.97818,0.9783405,0.98432463,0.98010856,0.9840801,0.9752792,0.9766459,0.9585974,0.97959,0.98214316,0.98461044,0.97521114,0.9824948,0.9670355,0.98505276,0.97993857,0.97998863,0.9792291,0.98301107,0.9754557,0.97568816,0.97627854,0.97769684,0.96951467,0.9746444,0.9736133,0.96457505,0.963265,0.981342,0.97533506,0.9594589,0.9835004,0.96659666,0.98644537,0.9820274,0.9778684,0.9842345,0.9799004,0.97749317,0.98353904,0.97656786,0.98411006,0.971965,0.9777846,0.97811383,0.980004,0.965864,0.9814166,0.9803178,0.981362,0.98383254,0.9798405,0.9829131,0.9833583,0.959395,0.9851929,0.982771,0.97655743,0.9828637,0.9837557,0.98074013,0.98468214,0.98043746,0.9815883,0.9841157,0.9759435,0.98302746,0.966903,0.9868153,0.9811134,0.9769052,0.98099005,0.9761688,0.9824846,0.9770192,0.98999405,0.9820534,0.9747706,0.9687924,0.9741387,0.9807868,0.9705559,0.97714007,0.9864851,0.98165333,0.9670759,0.9791635,0.9726976,0.9862895,0.9805748,0.95358723,0.65464973,0.97668195,0.9834211,0.9844632,0.98314476,0.9803562,0.98091274,0.9716743,0.9748986,0.9814882,0.98021173,0.9794862,0.98599744,0.9768165,0.98096746,0.9792663,0.98109007,0.9760837,0.9738856,0.98240775,0.9850593,0.9823235,0.9809387,0.9775033,0.9788553,0.978017,0.9819567,0.9714441,0.98433,0.9795995,0.9797195,0.9718673,0.98063195,0.9881792,0.97827137,0.9828414,0.97752804,0.965943,0.9745092,0.97747236,0.98005146,0.9829452,0.98156327,0.9799377,0.96260995,0.98140264,0.97738874,0.98401946,0.9809142,0.970666,0.9770294,0.9819384,0.97987425,0.9662813,0.9751237,0.9830049,0.9818974,0.97298765,0.98509,0.9830556,0.98256004,0.9815611,0.9842675,0.97058046,0.98468375,0.97011733,0.9788295,0.98328894,0.9826551,0.9752121,0.98559904,0.9701124,0.983376,0.9873956,0.9825292,0.97606325,0.9772924,0.9824725,0.98342854,0.9765879,0.9837709,0.9777359,0.94223243,0.978698,0.9834681,0.9778553,0.9834216,0.87894434,0.9777211,0.98397076,0.97888714,0.98470795,0.98295045,0.9752307,0.9809882,0.9816154,0.98187375,0.9850357,0.98530126,0.9790823,0.9765525,0.97321206,0.988813,0.98202574,0.98059916,0.9784443,0.98571265,0.9843312,0.97865546,0.9812528,0.98504436,0.98388004,0.9783427,0.9767222,0.98193544,0.99999964,0.97299296,0.983422,0.98023355,0.97774744,0.9813866,0.9803382,0.97942245,0.9821876,0.96944445,0.9828835,0.9834126,0.9769509,0.98782134,0.9765269,0.9877857,0.98213917,0.97325385,0.98679996,0.97659796,0.98300624,0.98595864,0.98232996,0.9851822,0.978029,0.98102,0.9776254,0.9862538,0.98253036,0.9771831,0.9763419,0.9858759,0.9859844,0.9851644,0.98493296,0.9864579,0.97289056,0.98549247,0.98843884
chop,0.9774176,0.9723393,0.9742329,0.9741015,0.9696652,0.97100747,0.9551082,0.95435184,0.96466625,0.9720578,0.9747361,0.97642374,0.96894807,0.97178584,0.9731511,0.97370076,0.97799355,0.97372645,0.9710457,0.9764084,0.9725985,0.9706673,0.9696993,0.97101194,0.9740536,0.97557455,0.9700493,0.9731196,0.9765913,0.97393763,0.9762391,0.9642338,0.9770244,0.95446444,0.9767519,0.976387,0.9781569,0.9710221,0.97607875,0.96885926,0.9797981,0.9746636,0.9751326,0.97389454,0.97781724,0.9603441,0.96791923,0.968433,0.9739324,0.9636021,0.97092444,0.9745083,0.9851678,0.96595204,0.9757677,0.97313684,0.9516102,0.9821299,0.95835525,0.97736865,0.9767344,0.9693213,0.98254424,0.9792153,0.9733162,0.9876004,0.9741579,0.9765252,0.96633613,0.9716811,0.9680398,0.9740198,0.96015644,0.9897151,0.9784084,0.9725725,0.9757671,0.9740652,0.9736919,0.9892478,0.9777617,0.97675383,0.97564596,0.97433025,0.9756233,0.9761339,0.9737707,0.9781742,0.9759126,0.9775305,0.9771958,0.97006243,0.9779632,0.96040744,0.977108,0.97602284,0.96780556,0.9731698,0.9700748,0.97966063,0.97315574,0.97699726,0.9865911,0.9803911,0.9690778,0.98741543,0.9735569,0.9662794,0.97646874,0.97730166,0.97399914,0.98502386,0.9859943,0.96595675,0.97403574,0.9765122,0.94711435,0.67666787,0.97063804,0.97716224,0.97721833,0.97843915,0.97609395,0.9754433,0.9576171,0.9741861,0.98418933,0.9757969,0.97117084,0.9749074,0.970341,0.9761015,0.9704465,0.97643167,0.9653008,0.9674662,0.97595763,0.977792,0.9777577,0.97665,0.9729224,0.97215164,0.9813093,0.9741811,0.96799797,0.9757244,0.97428626,0.97797966,0.9687209,0.97684425,0.9774854,0.97414,0.976665,0.9734708,0.96749556,0.9678714,0.9719991,0.9706925,0.97810286,0.9753886,0.97625035,0.96355146,0.96992415,0.9874784,0.97459584,0.9709392,0.9636853,0.97482914,0.98133457,0.9739969,0.9606145,0.97735876,0.9761017,0.9814919,0.96416444,0.9842122,0.97684664,0.9766221,0.9754472,0.990579,0.9753748,0.9775759,0.963514,0.9928998,0.9772256,0.96889853,0.9686512,0.9796764,0.96330774,0.97509605,0.97973,0.97724825,0.9948761,0.9756536,0.9793135,0.97539836,0.97639716,0.97725564,0.97620696,0.94266206,0.97231525,0.9784724,0.977337,0.97560555,0.86708975,0.9752361,0.975767,0.97279793,0.9784745,0.9744227,0.9692049,0.9787587,0.9782006,0.9716669,0.97745234,0.97336644,0.9731164,0.97498435,0.9703839,0.9746162,0.99084306,0.9746774,0.97948575,0.9731677,0.9747022,0.97464514,0.97561246,0.9784429,0.9765383,0.9726592,0.97031295,0.9912807,0.97299296,1.0,0.98850065,0.97342956,0.99316186,0.97728544,0.97078353,0.96909404,0.9711194,0.9714312,0.97280926,0.97776085,0.9734312,0.9764832,0.9775428,0.9788156,0.98962015,0.961896,0.97817326,0.9724312,0.97625506,0.97955203,0.97735053,0.9737804,0.9655933,0.97405815,0.97310615,0.9802405,0.9712668,0.9745921,0.9689052,0.9790626,0.9786594,0.9738958,0.9708314,0.97504073,0.97404045,0.9765289,0.9802584
separate,0.9852578,0.9834743,0.9782364,0.98088187,0.9776095,0.97902465,0.9691992,0.9607188,0.97113436,0.9767071,0.9822652,0.9831765,0.97161067,0.97709167,0.9822438,0.9798747,0.98413396,0.98236144,0.9781626,0.9823279,0.9776322,0.9736585,0.9773554,0.97805953,0.9813798,0.98245233,0.97961193,0.97951424,0.982522,0.9807341,0.98687494,0.97658175,0.9832224,0.9620722,0.9832368,0.98531026,0.98633385,0.9794163,0.9843943,0.9743952,0.98560673,0.98161304,0.98335326,0.9841374,0.98524827,0.97381574,0.97997344,0.9771413,0.9807387,0.9711457,0.9782976,0.9778655,0.9778094,0.97733,0.98127824,0.97917,0.961923,0.9868374,0.96640795,0.9861113,0.9839022,0.9812864,0.987498,0.9840956,0.97936636,0.9901131,0.98073226,0.9844042,0.9715536,0.97898304,0.97550094,0.98094726,0.9652256,0.9910385,0.9850383,0.97800297,0.9820937,0.9818715,0.98196644,0.9901812,0.9743987,0.98799497,0.9852358,0.9787282,0.9833578,0.9841171,0.9813935,0.98322994,0.98552936,0.9825178,0.9840316,0.9790468,0.98440254,0.9726262,0.9805111,0.98265356,0.97957605,0.981489,0.97664195,0.9867286,0.97899115,0.9854791,0.98891777,0.9834148,0.97391856,0.98543346,0.98620725,0.9748827,0.98846835,0.9859473,0.98242474,0.9801806,0.99080396,0.9710108,0.9802611,0.98350585,0.95582646,0.6760553,0.9811622,0.9845182,0.9857797,0.98478985,0.98281074,0.9859049,0.96365374,0.9791641,0.9869791,0.98220414,0.97880423,0.9817091,0.97623223,0.9853776,0.98046184,0.9858388,0.9773429,0.9769491,0.98455775,0.9839504,0.9834047,0.9845366,0.98023456,0.97726464,0.98388946,0.98229825,0.9761946,0.98647964,0.98155403,0.9857416,0.97442013,0.9827449,0.9838937,0.9793805,0.9846256,0.9772146,0.9709392,0.9769324,0.9777148,0.9775646,0.98583233,0.98260254,0.9821927,0.96612924,0.97940886,0.98576576,0.98452675,0.97933245,0.9761928,0.9792592,0.98571837,0.9792769,0.9720785,0.98021907,0.9836688,0.9851254,0.9716265,0.9885356,0.9860068,0.9851437,0.98316795,0.9946835,0.9780257,0.9856264,0.97061926,0.99039763,0.9841094,0.9784556,0.97629136,0.98614925,0.9728012,0.98122615,0.98637444,0.9850805,0.9912939,0.98131824,0.98474336,0.98394614,0.98223853,0.9854713,0.9846162,0.95164895,0.97921807,0.983924,0.98047733,0.98216844,0.8765759,0.97978604,0.9842317,0.97919446,0.9849836,0.9831608,0.9789167,0.9816186,0.98590183,0.98117083,0.9886489,0.98393047,0.9806753,0.9814594,0.9749462,0.9833969,0.99137646,0.9795805,0.9822175,0.98211163,0.9842286,0.9821403,0.9817677,0.9839837,0.98488075,0.9792715,0.9774495,0.9904743,0.983422,0.98850065,1.0000001,0.97949666,0.9899403,0.9849664,0.9787097,0.9787157,0.9790622,0.97750527,0.9817657,0.9849469,0.97741604,0.98358333,0.98061395,0.98391753,0.9911079,0.96886116,0.9851997,0.97846997,0.9844583,0.98671854,0.98476225,0.98132116,0.9757771,0.98634595,0.9796639,0.9875942,0.9789049,0.9822572,0.9759992,0.9845043,0.98774916,0.9799793,0.9846066,0.984895,0.9763824,0.98346794,0.9892001
butter,0.98531383,0.9810366,0.9811854,0.98066753,0.9784118,0.9819511,0.9623375,0.9571507,0.970341,0.9762135,0.98040295,0.9871626,0.9733706,0.9764511,0.98200715,0.98430854,0.98200244,0.9840566,0.978709,0.9838647,0.9812835,0.9724298,0.9739563,0.97865266,0.9816516,0.9901648,0.9762205,0.9825513,0.9798354,0.9807942,0.9820531,0.9709909,0.9797464,0.96088046,0.98327,0.9859574,0.9843234,0.98056084,0.9802743,0.9693912,0.9838505,0.9822755,0.98007613,0.98108184,0.98846805,0.9669314,0.97519946,0.9800092,0.9814458,0.97282624,0.97765523,0.9781722,0.96715075,0.97102815,0.97987115,0.9780702,0.9580297,0.9865653,0.9697725,0.985019,0.9827148,0.97643054,0.9837902,0.98132104,0.98171365,0.983122,0.982075,0.98432815,0.9756556,0.9791866,0.97596323,0.9837118,0.9721933,0.98253727,0.9823156,0.9763313,0.9830175,0.9848935,0.9796093,0.9821182,0.9585488,0.985874,0.98497784,0.9774653,0.9862736,0.9838912,0.9841598,0.98364383,0.9824277,0.9876523,0.9871907,0.981436,0.98460174,0.9662199,0.98269695,0.98059136,0.9793701,0.98361146,0.9790585,0.98359156,0.9789728,0.9872086,0.9790435,0.9750232,0.9739541,0.977871,0.9819734,0.9700422,0.97199816,0.9842412,0.9850958,0.96945876,0.9772393,0.9755801,0.97947305,0.984268,0.955357,0.6613369,0.976569,0.98464,0.9827105,0.9851732,0.98330283,0.98400664,0.96632546,0.9862196,0.98341095,0.9852244,0.9786492,0.98080343,0.97869253,0.9853769,0.9747143,0.9849745,0.97560686,0.9785714,0.9796072,0.9917115,0.9898725,0.98362124,0.9805139,0.980151,0.98156315,0.9872207,0.9733618,0.9823727,0.9831151,0.9829064,0.97604376,0.98335534,0.9830938,0.9802667,0.98637927,0.9781267,0.97260946,0.97879136,0.97732586,0.9779763,0.98437697,0.982465,0.98007816,0.9619483,0.9814646,0.9757607,0.9807514,0.97836924,0.9722088,0.98130727,0.98134005,0.97770584,0.96819896,0.9777106,0.9810495,0.9811084,0.9749645,0.9847727,0.98242307,0.98639494,0.98983836,0.98330474,0.9774894,0.98339546,0.9700946,0.97793674,0.98660177,0.97531533,0.9885091,0.9888053,0.974328,0.9816092,0.9856094,0.9842321,0.9776498,0.977961,0.9830216,0.98005706,0.9818716,0.9841385,0.98389894,0.95277685,0.98322326,0.98695296,0.97724134,0.9839915,0.88413167,0.98056525,0.98408777,0.97984904,0.9863878,0.981119,0.9762121,0.98006475,0.9845704,0.97757435,0.98463005,0.9825747,0.9773344,0.97907865,0.9845516,0.98171955,0.9797003,0.9840853,0.97938746,0.9815328,0.9833047,0.98334414,0.98226804,0.98470044,0.9857191,0.9829574,0.980392,0.9818938,0.98023355,0.97342956,0.97949666,0.99999976,0.9786851,0.9855881,0.97657126,0.9754329,0.9797971,0.9731802,0.9773536,0.9848783,0.9755972,0.9821981,0.9794437,0.9844972,0.9843847,0.9729221,0.98537743,0.98137605,0.9814932,0.98610526,0.9834878,0.9812349,0.96951735,0.98240644,0.9790312,0.9844819,0.9776865,0.98233056,0.9835464,0.98749804,0.98598355,0.9773383,0.9781211,0.9848753,0.97478443,0.98450226,0.9835041
slice,0.98428166,0.97857434,0.9784908,0.9793046,0.9755436,0.9759647,0.9630831,0.95798004,0.97466326,0.9743402,0.9809436,0.98104644,0.97069657,0.97567034,0.9784996,0.9782439,0.984,0.9795516,0.98062736,0.9813032,0.9777602,0.97409576,0.9751612,0.9758494,0.98102057,0.98082346,0.97505283,0.9790532,0.98066103,0.9773261,0.9824864,0.97018963,0.9821709,0.9678568,0.9813354,0.9835256,0.9836881,0.9780298,0.98183376,0.97249794,0.9844751,0.979036,0.9800948,0.97969395,0.98522276,0.9664826,0.9768364,0.97438985,0.97861356,0.9681277,0.9769169,0.97605217,0.98293775,0.97030693,0.98108584,0.9780655,0.9556921,0.98579335,0.96819085,0.9845953,0.98231655,0.97827435,0.9864899,0.9835188,0.98117155,0.9903517,0.98046845,0.9848716,0.973577,0.97498953,0.9715058,0.98039216,0.9662848,0.9915353,0.9809273,0.9781956,0.9804875,0.98000056,0.97898257,0.990815,0.9758323,0.98163533,0.9806295,0.978246,0.9803356,0.9811323,0.9805357,0.98462915,0.98235255,0.9822294,0.9808985,0.975756,0.9817864,0.9656549,0.9807906,0.97977686,0.9740264,0.980132,0.9768135,0.9834571,0.97623366,0.9829515,0.98656285,0.98171204,0.97478116,0.98774064,0.9791125,0.97535837,0.98098844,0.981583,0.97939944,0.98320895,0.9890734,0.9710088,0.9801986,0.98247164,0.9556452,0.6741945,0.9786856,0.9833571,0.9839587,0.9833415,0.98148376,0.98130995,0.96349645,0.9771015,0.98576385,0.98223114,0.9781838,0.97998,0.9761344,0.98204124,0.9762657,0.98182815,0.9733124,0.9738731,0.9814271,0.9821383,0.98307294,0.9829342,0.9797529,0.976166,0.98360157,0.98254,0.97775096,0.98163664,0.9806725,0.9814923,0.9758961,0.98294586,0.9831655,0.98114437,0.98383677,0.9802849,0.9675497,0.9732191,0.9744581,0.97626877,0.98380333,0.98075897,0.9788486,0.9641599,0.97763246,0.9866037,0.9808161,0.97657967,0.9700785,0.97920716,0.9844295,0.9782436,0.96715516,0.9831629,0.98277575,0.9842506,0.96970475,0.98747796,0.98298955,0.9817785,0.98143995,0.99364465,0.9789093,0.9845513,0.969923,0.9913376,0.98275065,0.9780529,0.9745919,0.9851444,0.9687421,0.980139,0.98546803,0.983764,0.9929504,0.9810826,0.9836502,0.9805023,0.98246944,0.9834943,0.9823836,0.94697005,0.9770018,0.9830108,0.9797363,0.9797601,0.8764491,0.9833317,0.9810982,0.9758767,0.982972,0.9820416,0.97624534,0.983889,0.98304456,0.9772286,0.9824385,0.9812475,0.9776734,0.97959405,0.97398025,0.9787792,0.990977,0.980368,0.9808497,0.9782902,0.980019,0.97835803,0.98011917,0.9831754,0.98277587,0.97798204,0.9777585,0.9916287,0.97774744,0.99316186,0.9899403,0.9786851,1.0,0.98252606,0.97636616,0.9748464,0.97781545,0.9759555,0.97750956,0.9834623,0.9767272,0.98189104,0.98166275,0.9827776,0.990899,0.96951336,0.9851051,0.97619,0.9814503,0.9843948,0.98217314,0.97810674,0.9701941,0.9810884,0.9784559,0.98512477,0.976453,0.9796755,0.97526246,0.9851825,0.98352355,0.9775038,0.9769299,0.9819191,0.9760867,0.9820194,0.9844066
wet,0.98957825,0.9849405,0.99130124,0.9823566,0.9836373,0.98174125,0.967552,0.96413094,0.9755299,0.9821636,0.9826746,0.98603755,0.9749177,0.98259985,0.98330986,0.9895751,0.98992294,0.98562163,0.97974944,0.9894923,0.9850117,0.97919375,0.9768647,0.98544633,0.9837437,0.988784,0.9898854,0.9864499,0.9853291,0.98220295,0.99144286,0.9855122,0.9808258,0.9614353,0.9857049,0.9885171,0.99058497,0.98035467,0.98386365,0.9812141,0.9863131,0.98940444,0.98682433,0.9902824,0.99505544,0.97244155,0.9800454,0.98020697,0.9842592,0.97261775,0.9808495,0.98035514,0.9697066,0.9677991,0.98427534,0.98226535,0.96037275,0.9900479,0.97530717,0.9889024,0.98875314,0.97991323,0.98785174,0.98760206,0.98731434,0.9872257,0.98927814,0.986403,0.97750705,0.98435956,0.9797132,0.9829696,0.978692,0.9886235,0.9853169,0.981911,0.98516965,0.9960918,0.9828259,0.9876941,0.9626458,0.9910838,0.9949406,0.98099136,0.9860852,0.99193317,0.98704195,0.9866806,0.994613,0.99138314,0.98456055,0.99193776,0.9870106,0.9701422,0.9840026,0.9840411,0.9800973,0.9869477,0.98995185,0.9929066,0.9856258,0.98914844,0.98272806,0.98258334,0.9794207,0.97878784,0.98815787,0.9713661,0.9783661,0.98537964,0.9899912,0.97288394,0.9811349,0.97689086,0.98370165,0.9931161,0.9661364,0.6779062,0.9814854,0.9902925,0.9888675,0.9862679,0.9887893,0.9907619,0.96916294,0.9799051,0.9848882,0.9887383,0.9852344,0.98611754,0.9841506,0.9888288,0.9799384,0.99019116,0.9814761,0.9818105,0.98379195,0.9878176,0.98744416,0.99230975,0.9880562,0.9840909,0.98371726,0.99036366,0.97707903,0.9910705,0.9867035,0.9866534,0.98089504,0.98903245,0.98579687,0.98381627,0.99354357,0.98008853,0.97020483,0.98211557,0.9818322,0.9842454,0.98964447,0.9840243,0.9845913,0.9679509,0.9876252,0.9794911,0.9877698,0.981499,0.97836185,0.9876588,0.9851284,0.98069835,0.9697965,0.9810593,0.9825421,0.98308194,0.9810346,0.98871267,0.9918082,0.9965418,0.99121666,0.9872481,0.9810312,0.9881207,0.9760542,0.98270565,0.987576,0.9786074,0.98141295,0.988546,0.9875521,0.9877267,0.9885639,0.99090755,0.9827749,0.9797065,0.9851616,0.9850226,0.986665,0.99052674,0.9839015,0.95788836,0.98164845,0.98850495,0.9825035,0.98679626,0.8803916,0.9815494,0.98347473,0.9846128,0.99296385,0.987164,0.98024637,0.9853074,0.99348253,0.9805969,0.9897662,0.98673064,0.9808904,0.98421264,0.9750889,0.98439974,0.98383117,0.9865393,0.98308766,0.9868786,0.98612344,0.98287636,0.98853594,0.99107844,0.990077,0.9881681,0.98314637,0.9864933,0.9813866,0.97728544,0.9849664,0.9855881,0.98252606,0.9999999,0.9793218,0.97821146,0.982641,0.97908646,0.98300403,0.99049467,0.981767,0.98448473,0.983067,0.98834056,0.9896767,0.97213185,0.98760474,0.98482037,0.9883521,0.9908963,0.9877936,0.9862954,0.973005,0.98948026,0.98491347,0.99189794,0.98388374,0.9850985,0.983045,0.98904234,0.9863851,0.9830114,0.98295325,0.988691,0.97915965,0.9870225,0.9893741
sit,0.9826165,0.9788581,0.97698075,0.9813765,0.9730293,0.9760875,0.95901,0.96272767,0.96553224,0.97456324,0.9785687,0.97864777,0.9682834,0.9736819,0.98114324,0.9769095,0.9758647,0.97909075,0.9720158,0.9770926,0.9709361,0.9695124,0.9677026,0.97769654,0.9734361,0.9765153,0.97490585,0.9776725,0.9798999,0.97948706,0.9816574,0.970896,0.9743074,0.9542743,0.97755307,0.98021066,0.98380893,0.9744312,0.9789089,0.96724045,0.9843081,0.9774387,0.9762995,0.97315884,0.9815388,0.9700015,0.9758677,0.97125065,0.9769062,0.9657389,0.9720033,0.97185767,0.9617179,0.96362555,0.97876704,0.975134,0.9535976,0.98284096,0.9650993,0.9810354,0.9802622,0.97603154,0.98305285,0.9780411,0.9734809,0.983597,0.9790217,0.9816742,0.97187895,0.97874,0.97511184,0.97955877,0.96464974,0.97887653,0.9784354,0.98267597,0.9916761,0.97694856,0.98143786,0.9825057,0.95537823,0.98184186,0.98020047,0.9737213,0.9814357,0.98453337,0.9781932,0.9821224,0.9779075,0.9784215,0.98351085,0.9728356,0.98144156,0.9657698,0.98339593,0.97962403,0.97749096,0.9770472,0.97283196,0.9794079,0.97622293,0.98460156,0.9759451,0.9776198,0.965807,0.97674966,0.97858626,0.96845394,0.9729163,0.9815226,0.9807603,0.9663835,0.9767402,0.9710534,0.97679156,0.97995406,0.951601,0.654179,0.9770855,0.9809411,0.9838339,0.98090976,0.9797337,0.98053914,0.96790093,0.975728,0.97970897,0.9788287,0.98427904,0.9799642,0.9730933,0.9814062,0.9763523,0.98136914,0.9734727,0.974405,0.98009884,0.982033,0.9797711,0.9784819,0.97399545,0.97813636,0.97552925,0.9787444,0.97214586,0.98453933,0.9759816,0.97933376,0.9720795,0.97778517,0.9864151,0.97736907,0.979372,0.9778605,0.9671098,0.97364676,0.97633696,0.9755545,0.98051316,0.97752136,0.97702867,0.9639072,0.98145247,0.9709367,0.9801741,0.99635077,0.96933895,0.97630525,0.97866744,0.97615373,0.96717244,0.9737852,0.979302,0.9790324,0.97208023,0.98242754,0.97963816,0.98053885,0.9789849,0.97919357,0.97134185,0.97894543,0.9666605,0.9761431,0.98009884,0.97702056,0.9732437,0.98121446,0.9677486,0.9821127,0.9819662,0.9831828,0.9722825,0.97544956,0.97919947,0.9791215,0.9774516,0.9811811,0.97833025,0.94531,0.9780694,0.98129654,0.97603697,0.9786573,0.8787306,0.9786103,0.9810748,0.9783259,0.9838828,0.98027927,0.9721308,0.9806348,0.9804884,0.974683,0.9796241,0.9821496,0.98429114,0.9742307,0.97211564,0.9833779,0.9769411,0.9790577,0.9776907,0.9789199,0.9823154,0.9755826,0.9784374,0.9820092,0.9804163,0.97768533,0.973684,0.9816079,0.9803382,0.97078353,0.9787097,0.97657126,0.97636616,0.9793218,1.0000004,0.969985,0.98689544,0.9683119,0.9794081,0.98090196,0.9740153,0.9817791,0.9813687,0.9851336,0.98012173,0.96798146,0.9922533,0.97599363,0.98334324,0.9831806,0.9797448,0.98224634,0.96951324,0.9788144,0.9744106,0.98126054,0.98025864,0.97857153,0.9724063,0.9867541,0.98396987,0.977685,0.9777354,0.9829907,0.9727823,0.9901784,0.9818351
save,0.98137635,0.9770849,0.9750927,0.9708099,0.97224295,0.974858,0.959213,0.9574187,0.97669417,0.97250086,0.97801155,0.9795083,0.96899825,0.97191876,0.97437775,0.9752426,0.9768111,0.9734597,0.9777447,0.9764761,0.97024995,0.96956,0.9745477,0.97427505,0.98432356,0.97681177,0.97330886,0.9753253,0.97496414,0.9750675,0.97952884,0.9686703,0.9797662,0.9548628,0.9791024,0.9800916,0.9811767,0.97546023,0.97933316,0.965045,0.9806523,0.9767461,0.9791381,0.97496074,0.97920966,0.96736205,0.9710363,0.96869314,0.9748228,0.9693119,0.98583156,0.9735225,0.96134084,0.95732206,0.9784814,0.97434694,0.9540384,0.978825,0.9601908,0.98319674,0.9786011,0.9740114,0.97779053,0.97712606,0.981743,0.9792651,0.97312397,0.9787955,0.97008574,0.973247,0.96997947,0.97665083,0.96011317,0.9774027,0.9745786,0.97648567,0.97537667,0.9758171,0.9775778,0.97719735,0.9534405,0.9794409,0.9781257,0.97353745,0.9763995,0.9770409,0.97748417,0.9787808,0.97972333,0.97811407,0.9803886,0.9763476,0.9764337,0.963547,0.9781431,0.97642547,0.97119534,0.9782225,0.9732144,0.9798996,0.9726919,0.98108166,0.97458726,0.97141963,0.9671012,0.9714273,0.97677284,0.96587807,0.9690839,0.98352695,0.9753612,0.9600387,0.9746443,0.9696659,0.9777477,0.97636,0.94916344,0.6700922,0.97176677,0.9802468,0.98082083,0.9791292,0.9779896,0.9771429,0.9690828,0.9706778,0.9770472,0.9768178,0.9745959,0.9785499,0.9752855,0.9787424,0.975124,0.980752,0.9745419,0.9696075,0.97613204,0.9808454,0.9788586,0.9796003,0.97035766,0.97360563,0.97297686,0.977539,0.970389,0.97748816,0.9760314,0.9765708,0.9689696,0.9773207,0.9807841,0.97504497,0.97749966,0.9778037,0.97010404,0.9741912,0.9720936,0.97585535,0.9782346,0.9755726,0.974228,0.9591801,0.9765634,0.9695313,0.97980917,0.97086996,0.9677513,0.97549295,0.9769572,0.9749638,0.96185756,0.9826889,0.97563225,0.9749306,0.9661417,0.9792349,0.97850657,0.97887254,0.97718096,0.9800471,0.9722325,0.98151064,0.96590126,0.97393566,0.9771156,0.9752474,0.9711079,0.98243016,0.9639682,0.97985315,0.9818744,0.9804549,0.9730596,0.97579074,0.9768321,0.9830363,0.9745261,0.98079973,0.9734674,0.94443613,0.97409576,0.98070484,0.9737485,0.97761613,0.86331826,0.9801744,0.9767622,0.9735374,0.97982574,0.984031,0.971229,0.9780071,0.97875535,0.9959543,0.9788312,0.98517126,0.97505224,0.97143257,0.9695118,0.97990626,0.97747326,0.97534084,0.9756564,0.9791497,0.97733307,0.9743477,0.9796612,0.9805662,0.9798234,0.9747712,0.9707153,0.97773665,0.97942245,0.96909404,0.9787157,0.9754329,0.9748464,0.97821146,0.969985,1.0000001,0.97565925,0.9708213,0.9794717,0.9812373,0.9749941,0.9792469,0.9704493,0.9820791,0.97900695,0.9743648,0.9792525,0.97233,0.9820509,0.98021424,0.978068,0.97687745,0.9695171,0.9776942,0.97529733,0.98352253,0.98022723,0.9766447,0.9708111,0.9813501,0.98217213,0.97330445,0.98031497,0.983229,0.9718935,0.97862893,0.9846987
wait,0.9839171,0.97934806,0.98048425,0.97954077,0.9781255,0.97922605,0.95914537,0.9547443,0.9703187,0.9754008,0.9832879,0.98028654,0.97051483,0.975756,0.9812192,0.9814991,0.97874963,0.981327,0.9780157,0.9816666,0.9736657,0.9736344,0.97032106,0.97773886,0.97740626,0.98165804,0.97600824,0.97947824,0.98188955,0.97830147,0.98438036,0.9747762,0.97696525,0.96117526,0.98153424,0.9817492,0.98548627,0.9787161,0.9803842,0.9724962,0.9846082,0.9798692,0.9783375,0.9759863,0.9847725,0.9730653,0.980569,0.9732317,0.97945285,0.97217745,0.9759184,0.97039133,0.9615761,0.9632618,0.98160535,0.9751433,0.9526971,0.9846213,0.97082424,0.9851208,0.98163474,0.9783982,0.98300284,0.9798611,0.9803883,0.9840485,0.9816781,0.98174036,0.9713742,0.9769518,0.9755282,0.9786981,0.9683002,0.9811607,0.9789925,0.9841132,0.99449754,0.98222464,0.98274606,0.98423237,0.9583506,0.9854629,0.98302996,0.97528976,0.9842067,0.9857656,0.9794025,0.9853359,0.97862715,0.9802443,0.98474586,0.9775938,0.9806942,0.9723237,0.9854552,0.979047,0.97686976,0.98026866,0.97752696,0.98178184,0.9765005,0.98784477,0.9764738,0.97653323,0.96945137,0.9759986,0.98080254,0.97190887,0.97471476,0.9842589,0.98378044,0.9671612,0.97707444,0.9765943,0.9827358,0.982721,0.95701677,0.6650957,0.9822086,0.9821334,0.98815775,0.9822419,0.97991997,0.98239785,0.9802736,0.97615516,0.97883755,0.9810937,0.9874173,0.9836439,0.9794783,0.9835059,0.9812431,0.9832967,0.97568625,0.9742808,0.9831491,0.9844643,0.983408,0.9811066,0.97474664,0.9791228,0.97798187,0.9839485,0.9735962,0.9864469,0.97883976,0.9787211,0.9751769,0.97974586,0.989235,0.97811145,0.9828895,0.9829078,0.9687608,0.9786506,0.9759353,0.9782637,0.9834712,0.97876984,0.97871,0.96452755,0.9868683,0.97321856,0.9837959,0.9863176,0.971002,0.97833323,0.97922176,0.9743027,0.9680735,0.97509396,0.9793446,0.98037505,0.975096,0.9826264,0.98132515,0.9844737,0.9827272,0.98065656,0.97341603,0.983061,0.96925646,0.97687256,0.98169893,0.9820645,0.975635,0.98610514,0.972535,0.9841546,0.98596853,0.9844925,0.9738716,0.9785268,0.98040736,0.97971165,0.97852415,0.982665,0.9784606,0.9476297,0.97849476,0.98497236,0.97815543,0.9801412,0.87589645,0.9821007,0.9825145,0.9782841,0.98448426,0.9832535,0.9729924,0.98272455,0.98177123,0.9779176,0.981891,0.98753244,0.98161125,0.97760725,0.9722518,0.9860617,0.97891945,0.9827517,0.9786127,0.98159313,0.9850194,0.9782534,0.9810135,0.98666805,0.98308533,0.97938454,0.97712094,0.9827751,0.9821876,0.9711194,0.9790622,0.9797971,0.97781545,0.982641,0.98689544,0.97565925,0.9999996,0.9727184,0.9841768,0.9817606,0.97728854,0.9853261,0.9812619,0.9880133,0.9812615,0.97290224,0.99119484,0.97835594,0.9847309,0.9852757,0.98062557,0.9844393,0.97024214,0.98152566,0.9757808,0.9854179,0.98529845,0.9800011,0.97453386,0.98857486,0.9839502,0.97794163,0.98197716,0.98690915,0.97605526,0.98842394,0.9858165
wok,0.98186105,0.9751481,0.9746654,0.972481,0.97448856,0.97050864,0.9611815,0.9521014,0.96995056,0.96913934,0.97376746,0.97747624,0.97018415,0.97160006,0.97332275,0.9770403,0.97699815,0.9764277,0.9765016,0.9817535,0.9708032,0.964705,0.9780237,0.9772876,0.97730553,0.97812504,0.9725101,0.97386736,0.97753584,0.97555304,0.9796131,0.9665686,0.982318,0.9565957,0.98098016,0.9823356,0.97787315,0.97322303,0.97997856,0.98315024,0.9757799,0.9816888,0.97574955,0.97702,0.98025995,0.96647155,0.97074425,0.96922064,0.9779955,0.9693909,0.9757033,0.9722435,0.9648809,0.9586534,0.97310716,0.97520196,0.9534533,0.9809861,0.95891947,0.97681147,0.98222053,0.97088784,0.9786355,0.9755037,0.9786539,0.97929287,0.97293746,0.9776205,0.97363836,0.97692484,0.97262496,0.97332925,0.96276194,0.9789519,0.97583646,0.9759233,0.975594,0.97612363,0.9781272,0.9783125,0.9580231,0.9794275,0.9778533,0.9697085,0.97577345,0.97854406,0.9736272,0.97709715,0.97667414,0.9770409,0.97761506,0.9749588,0.9737507,0.9680602,0.97215307,0.9777917,0.97563964,0.9756754,0.97449166,0.9764731,0.97573596,0.9766838,0.976075,0.9764239,0.9661439,0.9716119,0.9783447,0.96327084,0.97338414,0.9766827,0.97511345,0.9645009,0.9722303,0.96679455,0.9723748,0.97941875,0.94331354,0.6697834,0.971079,0.9815959,0.97886664,0.9773879,0.9802636,0.9782315,0.95807767,0.9707789,0.975121,0.97705185,0.97566056,0.974206,0.97396874,0.9796865,0.97009814,0.97929,0.97210884,0.97086513,0.97428876,0.9772268,0.9763356,0.9810401,0.978321,0.9700199,0.97565585,0.9749729,0.9761183,0.9764293,0.97500634,0.9772062,0.9689876,0.9792623,0.97426015,0.9770913,0.9786439,0.971846,0.96494347,0.97282976,0.9687379,0.96962184,0.9897956,0.9754972,0.9721778,0.9619326,0.9734555,0.97430474,0.97648066,0.96891624,0.9712956,0.97555375,0.9731262,0.97391164,0.9623622,0.9801895,0.9750011,0.97267646,0.96740025,0.9777972,0.977307,0.97917426,0.97649765,0.9790836,0.9728463,0.9786337,0.96767145,0.97329605,0.9771764,0.9692582,0.97139686,0.978982,0.9634587,0.975318,0.976804,0.97874767,0.97439456,0.97215164,0.9746756,0.97485316,0.9782016,0.98348176,0.975733,0.94515634,0.97425663,0.97771406,0.96976155,0.9756345,0.8669286,0.9752825,0.97421694,0.9733582,0.9799636,0.97472495,0.9708661,0.9763957,0.98286104,0.972261,0.97894955,0.9710517,0.97819245,0.9731304,0.9679251,0.97218007,0.978551,0.97643644,0.9713475,0.9739784,0.9743734,0.9721534,0.9776356,0.9780208,0.98470944,0.9728522,0.9698753,0.97860175,0.96944445,0.9714312,0.97750527,0.9731802,0.9759555,0.97908646,0.9683119,0.9708213,0.9727184,0.9999999,0.973395,0.98153615,0.97200054,0.97462964,0.97267735,0.97594386,0.9794713,0.9688757,0.97960436,0.9727168,0.97705024,0.98705894,0.9855714,0.9739697,0.96188605,0.97873455,0.97319996,0.97643465,0.97089523,0.97243047,0.9686463,0.9780441,0.977727,0.97185844,0.97152466,0.9754509,0.97076756,0.9761974,0.9773509
open,0.98755026,0.9834397,0.97898155,0.979453,0.9770377,0.98067015,0.96851724,0.96363,0.9708025,0.9831712,0.9864217,0.9820259,0.97083735,0.9792534,0.9806685,0.9783743,0.977963,0.97942364,0.9764725,0.9787341,0.9729346,0.973813,0.9734347,0.9778109,0.9773841,0.9819904,0.9752717,0.98367447,0.98429644,0.9766748,0.98590547,0.97853786,0.9766503,0.9606314,0.97957945,0.98570466,0.9871855,0.9771701,0.98133427,0.9692596,0.9856317,0.97916836,0.9800977,0.97635835,0.9829444,0.97656035,0.98347527,0.9744847,0.9772582,0.97041684,0.9756148,0.97589004,0.9622477,0.96387553,0.9825055,0.9744858,0.9577555,0.9839106,0.9674087,0.9847883,0.9832812,0.9812511,0.98420006,0.9841175,0.9766682,0.9828897,0.9789652,0.9858384,0.97050565,0.9779388,0.97433794,0.978497,0.9670709,0.9814879,0.97947764,0.9833667,0.985441,0.9808544,0.98574346,0.9823362,0.9555946,0.9904531,0.9796423,0.9836011,0.9837151,0.983413,0.97918534,0.98701465,0.9791413,0.98173165,0.9856431,0.9764732,0.9832773,0.9791327,0.9867834,0.9796747,0.97901756,0.9784298,0.9736876,0.9805605,0.9771632,0.9878212,0.97813654,0.97549516,0.97080016,0.97423536,0.9857051,0.9684359,0.9802394,0.9893567,0.9818726,0.96293455,0.97664243,0.9716999,0.98365444,0.9807899,0.95652246,0.670592,0.9841027,0.9822454,0.9938125,0.98694557,0.9812784,0.98696345,0.97777975,0.97673213,0.98018813,0.97961384,0.98272896,0.9828949,0.9791685,0.98719585,0.97969806,0.9857335,0.9784135,0.9753622,0.986951,0.98413545,0.98528403,0.98135257,0.9771808,0.9798637,0.97737515,0.98346686,0.97572774,0.9853638,0.9800359,0.97754896,0.9734475,0.97938704,0.98787844,0.97903615,0.982536,0.9789872,0.9720143,0.97937685,0.97701937,0.9786545,0.9839364,0.98009104,0.9806899,0.96875787,0.9879701,0.9751727,0.9912608,0.97893715,0.97517717,0.9797138,0.9790085,0.97645533,0.9723403,0.9799327,0.97947866,0.98068756,0.9710573,0.9856905,0.9849129,0.9855045,0.98317534,0.9805288,0.97111046,0.98274654,0.97350776,0.9780751,0.98139995,0.98897624,0.97208476,0.98767513,0.9707055,0.98187053,0.9858356,0.9837757,0.9733479,0.9751409,0.98105973,0.97971785,0.97718346,0.98519963,0.9808145,0.9467953,0.9789662,0.98790044,0.9800925,0.9830214,0.87523246,0.9781594,0.9848083,0.97925305,0.98389244,0.9856801,0.9801597,0.98532796,0.9811215,0.97976995,0.9879756,0.98365265,0.9801612,0.9785484,0.9724008,0.9842605,0.9796157,0.98011583,0.98126924,0.9834009,0.99014485,0.97673225,0.98220515,0.98521644,0.9832727,0.9811638,0.9750193,0.98153347,0.9828835,0.97280926,0.9817657,0.9773536,0.97750956,0.98300403,0.9794081,0.9794717,0.9841768,0.973395,0.9999999,0.98202163,0.97888595,0.98652923,0.97652215,0.9876946,0.98518115,0.97333115,0.9857005,0.9763024,0.9879212,0.98691756,0.98302346,0.9911673,0.9722774,0.9868167,0.9770102,0.9839356,0.99173754,0.9777712,0.97503865,0.98681027,0.98366576,0.98218495,0.9897343,0.98598343,0.9784019,0.98430973,0.98538643
stew,0.99110043,0.9862104,0.98912483,0.98475695,0.9846894,0.98517054,0.9693479,0.9649969,0.9758163,0.9810874,0.98282635,0.9895621,0.97923076,0.9846697,0.98579955,0.98833776,0.9880786,0.9880338,0.9817964,0.99069667,0.9813599,0.97873735,0.9848481,0.9886967,0.9864354,0.98823196,0.9849589,0.9874544,0.98464626,0.985345,0.9904161,0.97813976,0.9863533,0.9654501,0.9882396,0.9932522,0.98992753,0.98035437,0.9888512,0.9792612,0.9874291,0.98956096,0.98536676,0.9890776,0.99122196,0.97439605,0.9794517,0.98403317,0.9893949,0.9767627,0.98308784,0.9844436,0.9705841,0.9666657,0.9863421,0.98401916,0.9606276,0.9897203,0.9711521,0.9869611,0.9923764,0.9832552,0.9871151,0.9850779,0.9863787,0.9875421,0.98526543,0.98646873,0.97643214,0.98579645,0.98232317,0.9860201,0.9727046,0.9867125,0.9839483,0.9851016,0.9853725,0.9879293,0.984942,0.9863753,0.96115655,0.9885184,0.99009484,0.9803367,0.9881083,0.99182814,0.99112844,0.9876813,0.9898668,0.99046093,0.98647064,0.98647225,0.98668474,0.97382313,0.9862911,0.98693216,0.98323375,0.98681384,0.9872692,0.99114513,0.9871079,0.9900294,0.9827493,0.98358214,0.97713035,0.9787454,0.9861903,0.9721981,0.9792463,0.98624235,0.98787284,0.97418374,0.98002034,0.977482,0.9844416,0.9905719,0.9575594,0.68284154,0.98133564,0.9971654,0.986979,0.9875013,0.99276054,0.9886138,0.9700992,0.9795188,0.98438984,0.9866745,0.98523146,0.9869693,0.98339474,0.98878133,0.9801946,0.98864716,0.9836057,0.9826332,0.9828167,0.9900219,0.9869175,0.99576074,0.9874324,0.981873,0.9831219,0.98623794,0.9841217,0.98987025,0.9854579,0.9864885,0.9827323,0.99241614,0.98803747,0.98349255,0.9907437,0.98111624,0.97195774,0.9803141,0.9805933,0.9873378,0.99310017,0.98454773,0.98276603,0.96812326,0.98770297,0.9796916,0.98583794,0.981705,0.9761302,0.98442256,0.9848618,0.98185176,0.9725036,0.9865123,0.9839603,0.9845532,0.9765592,0.9870133,0.9908869,0.990813,0.98698,0.9864702,0.9822946,0.98871046,0.9762742,0.98223656,0.9883062,0.9797458,0.98284304,0.98837316,0.97547984,0.99001276,0.9895273,0.9941874,0.9821991,0.9818984,0.9850485,0.98631567,0.9873856,0.9945826,0.98341984,0.95804834,0.9824587,0.9886893,0.9814259,0.9869511,0.881179,0.98382306,0.98600423,0.98419493,0.9937142,0.98569363,0.9820455,0.9849157,0.9953886,0.9832198,0.98818284,0.98554075,0.9862108,0.9805147,0.97722304,0.9848454,0.9851464,0.98727584,0.9825183,0.9845579,0.984823,0.98265344,0.9882937,0.9892839,0.9951058,0.9828784,0.98239845,0.9862473,0.9834126,0.97776085,0.9849469,0.9848783,0.9834623,0.99049467,0.98090196,0.9812373,0.9817606,0.98153615,0.98202163,0.9999999,0.98208547,0.9858965,0.983075,0.9887648,0.98768103,0.9733536,0.9899528,0.985727,0.98853457,0.9944382,0.9938793,0.98424894,0.97325015,0.98752224,0.9860871,0.99030554,0.98086405,0.9835187,0.985944,0.9911214,0.98810065,0.9832777,0.9817924,0.98676825,0.97992617,0.98822814,0.9892612
blend,0.98227525,0.974988,0.97925276,0.9794092,0.9750024,0.9746605,0.9583539,0.95473975,0.97383946,0.9850691,0.97345585,0.9810746,0.9729744,0.9817222,0.9775312,0.9753865,0.97602654,0.9785762,0.97234356,0.97849095,0.971703,0.9731795,0.97132844,0.974322,0.9747072,0.97908735,0.97334903,0.97729903,0.97976524,0.97323936,0.9792074,0.9706193,0.9764939,0.9548455,0.97755486,0.9812143,0.9837349,0.97390705,0.9778644,0.97005415,0.9820153,0.97685087,0.9749455,0.9770573,0.980795,0.9714067,0.9705544,0.9721326,0.97590274,0.96543807,0.97261643,0.9738783,0.9625602,0.9590929,0.97946876,0.9758746,0.95167667,0.98006564,0.9643647,0.97977674,0.98144656,0.9716399,0.9799409,0.9768933,0.977179,0.98231167,0.976458,0.9799159,0.9710881,0.9720149,0.96698385,0.9756909,0.9652481,0.9808145,0.97708356,0.97569185,0.9803944,0.98054004,0.97585756,0.98283654,0.9567534,0.9783279,0.97892195,0.97531193,0.97874653,0.9798186,0.9767493,0.9796018,0.97756416,0.979272,0.97812545,0.9736714,0.9772706,0.96534044,0.9859089,0.9746849,0.9718033,0.97723085,0.9743613,0.9836566,0.97464085,0.9807908,0.97654676,0.9800563,0.9700826,0.9714707,0.9743579,0.9638902,0.9709523,0.97908956,0.98052686,0.9636246,0.9760683,0.9857115,0.98316216,0.9804294,0.94791543,0.6691812,0.9725307,0.9809537,0.98039436,0.98075384,0.9790508,0.9802179,0.9692276,0.9740214,0.9782129,0.9804183,0.97818977,0.9850797,0.97396857,0.9794534,0.9765165,0.9806271,0.9698085,0.97110766,0.9763282,0.97998685,0.9779708,0.98096883,0.9738306,0.9802973,0.9754579,0.9792025,0.974456,0.98029923,0.9742432,0.97779834,0.97173417,0.9771192,0.981884,0.9757342,0.98045486,0.9744028,0.9693439,0.97293806,0.9812056,0.97799885,0.98309815,0.97654676,0.9787883,0.9671247,0.9801052,0.97130257,0.97765595,0.9744782,0.9682242,0.97707987,0.9773884,0.97662526,0.96984464,0.9788989,0.97619534,0.9803848,0.97235334,0.9817639,0.9776178,0.9816299,0.976236,0.980002,0.9707413,0.97776026,0.9653259,0.97977006,0.9790753,0.97378767,0.9700902,0.98081595,0.9689252,0.98159474,0.97976047,0.98193693,0.9744208,0.9725502,0.9794459,0.9772515,0.977327,0.9820974,0.9788203,0.94963896,0.9739324,0.98092663,0.99152374,0.97766674,0.8755053,0.9781594,0.9772826,0.9826105,0.9821205,0.97788477,0.9705724,0.9799642,0.9824333,0.9758495,0.97779,0.97920966,0.97293234,0.9761737,0.96776736,0.97785705,0.9765981,0.9786726,0.9898536,0.9784368,0.9784748,0.9716547,0.9770203,0.9861389,0.98331547,0.975894,0.972216,0.9794735,0.9769509,0.9734312,0.97741604,0.9755972,0.9767272,0.981767,0.9740153,0.9749941,0.97728854,0.97200054,0.97888595,0.98208547,1.0000002,0.9783968,0.9743185,0.9901368,0.9819119,0.9654216,0.98342097,0.97434634,0.97792983,0.98533666,0.98100334,0.9780365,0.9610336,0.97621816,0.9735151,0.981511,0.9768525,0.97316754,0.9753,0.9832307,0.97696877,0.98393184,0.9747292,0.97872263,0.9850137,0.98023635,0.98244005
touch,0.98762834,0.98280966,0.984269,0.9809149,0.98071617,0.97921234,0.96349275,0.95894384,0.9716928,0.9799044,0.9835721,0.98328096,0.9721987,0.9809162,0.98841816,0.98054326,0.9806834,0.98226905,0.9796319,0.98214674,0.9760889,0.9787405,0.9765377,0.97923875,0.97992224,0.98467535,0.9805374,0.9858066,0.9895891,0.9832397,0.9859528,0.9779698,0.9809994,0.96163356,0.98546803,0.9861187,0.9866004,0.9768793,0.9839789,0.9724146,0.9876274,0.9826511,0.98204124,0.9819067,0.98667306,0.97716844,0.9800301,0.97729135,0.9808402,0.9731726,0.97840506,0.9757609,0.9694878,0.96630716,0.9828181,0.97783744,0.9555188,0.9872996,0.9714432,0.987467,0.9850838,0.97942936,0.9859631,0.9857924,0.98004454,0.9850657,0.98182726,0.98561203,0.97358924,0.980061,0.9786742,0.9813979,0.9685494,0.98455364,0.9797431,0.98621243,0.9866184,0.9838488,0.9859703,0.9877278,0.96776503,0.9874828,0.98332065,0.9821169,0.98392,0.9860425,0.9821766,0.9882904,0.98227197,0.98558694,0.9847717,0.97911865,0.98531073,0.96970254,0.9887621,0.98245317,0.9810201,0.98298895,0.97753775,0.9835929,0.97861576,0.9869055,0.98486376,0.9786511,0.97238284,0.9799939,0.98225135,0.9708043,0.9770768,0.98723316,0.98400563,0.97174436,0.98061293,0.9742415,0.98689634,0.9838478,0.95523787,0.6600212,0.98150396,0.9860132,0.98901343,0.986275,0.98389643,0.9866689,0.97647,0.9804386,0.98208344,0.9825721,0.98456645,0.9881106,0.98071784,0.98693275,0.98059535,0.98496246,0.97871417,0.97737586,0.98302865,0.98882556,0.98824775,0.9850031,0.9806202,0.9795202,0.98327345,0.9858027,0.97610676,0.98475754,0.98617077,0.98113286,0.97461575,0.98290527,0.98817796,0.983214,0.98566896,0.9818041,0.96914107,0.9796132,0.9774721,0.980476,0.98665774,0.98373216,0.98214924,0.96781313,0.9851715,0.9825796,0.98681766,0.9833432,0.9727583,0.9802571,0.98300374,0.9806483,0.9697123,0.9803414,0.983721,0.98374915,0.9731156,0.98824614,0.9842652,0.9868719,0.9854617,0.9849817,0.97542465,0.9872205,0.97473216,0.9798963,0.9855488,0.9837241,0.9794622,0.9881389,0.97280675,0.9829382,0.99202204,0.98624986,0.97983474,0.9794393,0.9819421,0.98255855,0.9820415,0.9875676,0.9803411,0.9477049,0.98275113,0.98807377,0.97900325,0.9852947,0.87607694,0.981951,0.9850366,0.98075825,0.9856412,0.98592806,0.98405063,0.9855407,0.98526055,0.9813706,0.9853315,0.9863933,0.9821918,0.98311627,0.976918,0.98595244,0.9829684,0.985092,0.9809903,0.98632705,0.98511404,0.9806448,0.9855427,0.9883488,0.986172,0.98040897,0.9767795,0.98479337,0.98782134,0.9764832,0.98358333,0.9821981,0.98189104,0.98448473,0.9817791,0.9792469,0.9853261,0.97462964,0.98652923,0.9858965,0.9783968,1.0000002,0.9808655,0.9921282,0.9860058,0.97813845,0.9890959,0.9787711,0.98728776,0.98836166,0.9851499,0.98626494,0.97345066,0.9836407,0.97872144,0.9872285,0.9867116,0.98052824,0.9775853,0.9884,0.98724234,0.98467445,0.985411,0.9871413,0.97590536,0.9871544,0.9881369
cool,0.98458207,0.9775659,0.9798848,0.97996765,0.9765952,0.9765277,0.95863605,0.9537055,0.9707903,0.9735016,0.9800266,0.9800333,0.97048205,0.9745434,0.9786011,0.9784264,0.9784236,0.9816916,0.97341466,0.97846174,0.97165275,0.97188735,0.97068334,0.9747174,0.97558326,0.97862625,0.97646517,0.9801278,0.97837496,0.97770756,0.983641,0.9698036,0.9776442,0.95447695,0.9779148,0.9809509,0.98402005,0.9750954,0.9783816,0.97331506,0.9861284,0.9772101,0.9815711,0.9786132,0.98437315,0.9656094,0.97668433,0.9731,0.9808408,0.9665099,0.97174793,0.9722246,0.9706534,0.9643025,0.97671735,0.98394656,0.95377773,0.98639774,0.9660418,0.9806886,0.98166436,0.97496307,0.9832104,0.9822644,0.97420067,0.98635536,0.98972917,0.9825369,0.97011,0.9770397,0.97142375,0.977221,0.9666751,0.98371595,0.97889614,0.97634083,0.9839679,0.9810377,0.9784731,0.9874094,0.9680519,0.9827635,0.9839522,0.9718759,0.9836184,0.98482907,0.9785176,0.97969097,0.9801883,0.98054445,0.98198557,0.97866726,0.98095757,0.9614358,0.98149794,0.9791097,0.9758286,0.9770603,0.9740922,0.9818517,0.9757497,0.98343104,0.9811133,0.98203516,0.97012246,0.98388916,0.97930604,0.9705785,0.9760193,0.9813854,0.9831176,0.9752029,0.97881454,0.97217804,0.9783805,0.98352486,0.9579841,0.653843,0.9816244,0.9813011,0.98220783,0.9809852,0.9809645,0.98208797,0.96041584,0.97744226,0.981169,0.9805144,0.98246866,0.98055255,0.9756144,0.9828672,0.9731011,0.9817898,0.9703711,0.973444,0.98062193,0.9818831,0.97985744,0.9815656,0.9765624,0.97598326,0.9824647,0.98172706,0.97179073,0.9856972,0.9808583,0.9812912,0.97583294,0.9787121,0.9834745,0.9797836,0.98224425,0.97484916,0.9664227,0.97568977,0.9761158,0.97568476,0.9833278,0.97904766,0.97617984,0.96704394,0.9807149,0.9774999,0.9790828,0.9836088,0.9675532,0.97706944,0.9793691,0.9753871,0.9658387,0.9767043,0.9799245,0.9816722,0.9720392,0.98383236,0.9802768,0.9840666,0.98094594,0.9818476,0.98656344,0.98079175,0.96579033,0.97986656,0.9802112,0.97323847,0.97438824,0.9814282,0.97334296,0.9818807,0.9825299,0.9846895,0.9796872,0.9736746,0.97927976,0.9797966,0.97685176,0.98239,0.9798201,0.9490297,0.9770139,0.98025155,0.97581774,0.9798593,0.87933093,0.9797313,0.9802783,0.97960687,0.9839816,0.97882587,0.97399265,0.97476315,0.9833981,0.97457355,0.98001933,0.98212683,0.9794294,0.97836846,0.9725395,0.9817217,0.9829265,0.9797249,0.9773971,0.9796737,0.9806721,0.97504103,0.9791729,0.98440033,0.9819934,0.9791025,0.9771797,0.98577064,0.9765269,0.9775428,0.98061395,0.9794437,0.98166275,0.983067,0.9813687,0.9704493,0.9812619,0.97267735,0.97652215,0.983075,0.9743185,0.9808655,1.0000002,0.9837681,0.98457247,0.96642464,0.98561037,0.9799312,0.9821876,0.9836575,0.981703,0.97917765,0.96669006,0.9798404,0.98169005,0.9818591,0.97645724,0.9805902,0.9766402,0.9855352,0.9842822,0.9775202,0.97288036,0.984738,0.9738949,0.985886,0.9782937
toss,0.9901397,0.9838427,0.98675233,0.98507756,0.9833724,0.98323786,0.96255517,0.9626837,0.97480565,0.9895902,0.98345363,0.98688585,0.976751,0.9871529,0.9879006,0.9836413,0.98314595,0.98590875,0.980914,0.9856602,0.979377,0.9798966,0.97803783,0.9829067,0.9809819,0.98715496,0.9831017,0.9864163,0.9903237,0.98271954,0.9882915,0.98086625,0.9823535,0.96221876,0.9863412,0.9877993,0.990527,0.9802106,0.9831357,0.97472864,0.9915886,0.98453116,0.9830861,0.983731,0.98980236,0.9772506,0.9807806,0.9783005,0.98248625,0.9746622,0.97973126,0.98065555,0.9688017,0.965471,0.98566383,0.98046404,0.95977855,0.9884414,0.97234946,0.98894155,0.9868365,0.9790224,0.98788863,0.98679405,0.9837057,0.98842067,0.9847672,0.9866972,0.97744364,0.98175395,0.97988003,0.9826374,0.9729219,0.9872946,0.98462886,0.98678154,0.9907619,0.98784757,0.9855499,0.98922473,0.9622084,0.98807055,0.98725027,0.9834267,0.9879913,0.98976606,0.98633355,0.9907464,0.9857445,0.98759127,0.98667985,0.9821044,0.9863745,0.9732407,0.99484426,0.98302394,0.9811687,0.9850971,0.9818781,0.9894199,0.9824174,0.9901192,0.9843219,0.98112047,0.976417,0.9798991,0.98398316,0.9724388,0.97777677,0.9871704,0.9887732,0.9721981,0.98125815,0.98415196,0.9907425,0.9875276,0.9597107,0.66756415,0.98216116,0.9887675,0.9898993,0.98818886,0.98618793,0.9879326,0.97775096,0.9816579,0.98415536,0.985791,0.9886021,0.9928225,0.9830438,0.98821604,0.9822402,0.9873545,0.9783036,0.979929,0.9850242,0.9895724,0.9865523,0.9882634,0.9813569,0.9885609,0.9837463,0.98769087,0.9767623,0.98946875,0.9852818,0.984072,0.97832716,0.98515683,0.9911237,0.9835348,0.988055,0.98377746,0.9754998,0.98209804,0.98728603,0.98551255,0.98813665,0.98316264,0.98481405,0.9728458,0.98787045,0.9795122,0.9874058,0.9862582,0.97475916,0.98387015,0.9842514,0.984465,0.9719376,0.98425144,0.9852263,0.9852817,0.9773447,0.988414,0.9856881,0.98946536,0.98591304,0.9859991,0.9762597,0.9879636,0.97375935,0.9819041,0.98733073,0.98379076,0.9788729,0.9893351,0.9770762,0.9883928,0.99067265,0.9900058,0.9799542,0.9797493,0.98460954,0.98523694,0.98420763,0.98832,0.98318,0.9507724,0.9821313,0.9886045,0.9896796,0.9857938,0.87865525,0.9857485,0.98556346,0.9884489,0.9899753,0.9853866,0.97923404,0.98846924,0.9889434,0.9836508,0.9855032,0.9886359,0.9827583,0.9833509,0.97696316,0.98843926,0.9839003,0.9877165,0.9885868,0.98677576,0.98686945,0.98165065,0.98577714,0.9926223,0.9882984,0.9848417,0.9795636,0.9873064,0.9877857,0.9788156,0.98391753,0.9844972,0.9827776,0.98834056,0.9851336,0.9820791,0.9880133,0.97594386,0.9876946,0.9887648,0.9901368,0.9921282,0.9837681,0.9999999,0.9879431,0.9758755,0.9920313,0.9813329,0.9872267,0.99131936,0.9862274,0.98690045,0.97497773,0.98527634,0.9815722,0.98965883,0.9860507,0.98265845,0.9812583,0.99222195,0.9875937,0.9909115,0.98505974,0.9897495,0.983881,0.98979497,0.99039084
cut,0.99036443,0.98483235,0.985291,0.98456985,0.9813791,0.9829977,0.9668939,0.96475995,0.97442526,0.9827536,0.9855071,0.9876025,0.978915,0.98103225,0.9845486,0.9850403,0.9855734,0.98579854,0.9818715,0.98767143,0.9845223,0.97527325,0.97934127,0.9813292,0.9856623,0.9885358,0.98130506,0.985891,0.9853436,0.9820003,0.98691094,0.9765799,0.98521405,0.96348685,0.9860748,0.9883376,0.9894165,0.98098826,0.9850486,0.97707766,0.98890805,0.9846169,0.98647624,0.9847985,0.98956853,0.97090137,0.9782939,0.9809545,0.9831997,0.97236574,0.98087454,0.9856048,0.97716546,0.97237694,0.9846329,0.9819168,0.96226346,0.9902005,0.96914685,0.9869757,0.9876717,0.9804788,0.9891613,0.987933,0.9844931,0.9916595,0.9842297,0.98919535,0.978031,0.9820925,0.97657514,0.984331,0.9696051,0.9916208,0.9864381,0.98301834,0.985699,0.98613554,0.98473454,0.9908857,0.9756428,0.98892367,0.9869706,0.98327875,0.98627996,0.9871796,0.98459256,0.9882593,0.9876702,0.9878091,0.985709,0.9829675,0.98789525,0.9724249,0.9856897,0.98501337,0.9791001,0.9854997,0.981796,0.9878768,0.98301953,0.987971,0.987327,0.9864328,0.97752225,0.9870583,0.98404235,0.97549146,0.98217183,0.98973864,0.98546135,0.9844647,0.98644143,0.9764704,0.98255193,0.98704433,0.95892406,0.6757659,0.98044956,0.98880965,0.9891404,0.9902427,0.98647547,0.9891062,0.96928746,0.98124295,0.9889514,0.9865158,0.9828808,0.9838965,0.98183095,0.9883348,0.98133916,0.9890075,0.9768292,0.9803424,0.9872307,0.98763347,0.989971,0.9878709,0.9858949,0.98219025,0.9863393,0.9879748,0.9795539,0.98735577,0.9866537,0.98662585,0.98062384,0.98605454,0.98650753,0.98468345,0.98837876,0.9810522,0.97534394,0.97986704,0.982036,0.9816712,0.9880351,0.9881504,0.98485124,0.97260207,0.98535883,0.98734385,0.98691195,0.98131514,0.97725123,0.9859432,0.98816705,0.98051935,0.9705283,0.98502564,0.9861293,0.98568547,0.97453535,0.9919298,0.9871645,0.9897788,0.98905164,0.9923087,0.98203677,0.9870524,0.97428715,0.99060524,0.98734844,0.9801743,0.9801253,0.98986524,0.97451115,0.9861486,0.9914871,0.98847085,0.99073255,0.9809048,0.98851776,0.9838781,0.98601824,0.9892459,0.98701257,0.9522331,0.983185,0.99172133,0.9826684,0.98963,0.8788961,0.9833557,0.98634946,0.9835545,0.9896564,0.9877483,0.98115957,0.9877545,0.98761594,0.98179954,0.9910033,0.98409,0.9824234,0.98424363,0.9779433,0.98457026,0.9892537,0.98362494,0.98576486,0.9854127,0.9883271,0.98411494,0.98612374,0.9878523,0.98809916,0.984995,0.98071504,0.99219024,0.98213917,0.98962015,0.9911079,0.9843847,0.990899,0.9896767,0.98012173,0.97900695,0.9812615,0.9794713,0.98518115,0.98768103,0.9819119,0.9860058,0.98457247,0.9879431,1.0000002,0.9740748,0.98749506,0.983105,0.9867853,0.9907585,0.98722184,0.98791134,0.9728268,0.9850695,0.9840843,0.98850393,0.9861891,0.982227,0.9815111,0.9894879,0.98807013,0.9835683,0.9836896,0.9871015,0.9833336,0.98722357,0.9890767
taste,0.9745531,0.9700348,0.9710855,0.96654916,0.966702,0.9672139,0.94965243,0.94921076,0.96631247,0.9630321,0.9735793,0.97191155,0.9599138,0.96693236,0.96989775,0.97524273,0.9719272,0.96820134,0.97208303,0.97648543,0.9652147,0.9593132,0.9679933,0.96841574,0.97627205,0.9729246,0.9645198,0.975654,0.97189486,0.972246,0.9713151,0.9619177,0.9750265,0.9516962,0.97295916,0.97518665,0.97294337,0.96944344,0.971747,0.9608843,0.9733416,0.9692487,0.968499,0.96932435,0.9769018,0.9610893,0.9660411,0.96154594,0.9672955,0.9633245,0.9761844,0.9658094,0.9565701,0.9518328,0.97119075,0.96797144,0.9617797,0.97697234,0.9591085,0.9763507,0.97185653,0.9677948,0.97104025,0.970762,0.97880995,0.9694577,0.9662998,0.97085285,0.9621838,0.9699954,0.96660924,0.9719351,0.95577675,0.97206604,0.96818507,0.97361946,0.9729464,0.96822435,0.9722353,0.9693911,0.9577992,0.97442764,0.9712953,0.96794546,0.9705045,0.97162944,0.9705251,0.9781512,0.9701585,0.969821,0.9761413,0.96857023,0.97041166,0.9532158,0.9747813,0.9669475,0.9668101,0.97985095,0.969371,0.9713233,0.9696344,0.9746504,0.96793634,0.96288794,0.96035635,0.96485794,0.9704456,0.9615538,0.96206284,0.9763639,0.96894795,0.9555077,0.9658459,0.9696573,0.9730919,0.9679653,0.9444756,0.64726424,0.9675584,0.97432125,0.9759997,0.9717858,0.9705744,0.97310156,0.9626984,0.9641812,0.97379756,0.97729176,0.9718137,0.9722362,0.9722442,0.9739723,0.969517,0.9747193,0.96790487,0.9675896,0.9698617,0.97535336,0.97554755,0.9725027,0.96744144,0.9700635,0.96707845,0.9759909,0.9659472,0.97476166,0.969661,0.96937156,0.96318775,0.97011256,0.97546804,0.96803695,0.9712958,0.9719568,0.9582386,0.9716296,0.96784,0.96542645,0.9730731,0.9736599,0.96788204,0.95655626,0.9703727,0.96587324,0.97432286,0.9693598,0.963831,0.96810645,0.97123235,0.9635879,0.9537558,0.97142565,0.97091055,0.97058356,0.9592078,0.9728337,0.9706398,0.97218627,0.9727037,0.97165006,0.96656096,0.9756721,0.97540146,0.96437204,0.97141224,0.9720213,0.9689237,0.98033786,0.9587677,0.97143996,0.9774231,0.9724304,0.9665436,0.96808505,0.9736307,0.9739551,0.97054,0.9752749,0.9709072,0.9356733,0.9704505,0.9754209,0.9653597,0.9743816,0.8595711,0.97507095,0.974469,0.9676912,0.97216594,0.97561324,0.97137094,0.975247,0.97244966,0.9765146,0.97346365,0.97148484,0.9688309,0.9630081,0.96434724,0.9713294,0.966084,0.9726669,0.96635216,0.96994483,0.97422093,0.96752375,0.97522193,0.9750436,0.97399145,0.97425586,0.9713601,0.9680571,0.97325385,0.961896,0.96886116,0.9729221,0.96951336,0.97213185,0.96798146,0.9743648,0.97290224,0.9688757,0.97333115,0.9733536,0.9654216,0.97813845,0.96642464,0.9758755,0.9740748,1.0,0.9777249,0.96391326,0.97392136,0.9756997,0.9735153,0.9717513,0.9596622,0.97202575,0.9662651,0.973365,0.97520924,0.96865225,0.9609706,0.975514,0.9747727,0.9688075,0.97278035,0.9745363,0.9643271,0.9751167,0.9761046
rest,0.99190754,0.98506266,0.98675615,0.98516613,0.9830125,0.98280275,0.9664578,0.9635813,0.97615063,0.9825611,0.9862699,0.9873772,0.97701657,0.9833141,0.9861701,0.98481756,0.98545283,0.98682964,0.9860325,0.9872766,0.9801786,0.9786677,0.98129606,0.9846144,0.9835128,0.9871648,0.98046523,0.98543787,0.98644495,0.98401666,0.9876348,0.9763242,0.98481596,0.97084373,0.9875041,0.9906065,0.9901935,0.98267776,0.9876196,0.97522885,0.98947334,0.9851852,0.9826185,0.9846089,0.99115485,0.9756845,0.98352224,0.98019975,0.9859557,0.9765882,0.9816052,0.98215204,0.9701578,0.96912426,0.9876246,0.98223114,0.96281767,0.98906255,0.97538626,0.9905516,0.98978066,0.98310703,0.9876613,0.9849353,0.98500127,0.98850125,0.9860007,0.9872431,0.97992605,0.98394,0.9810151,0.9866182,0.97494584,0.9866319,0.98395795,0.9883546,0.99459743,0.98553514,0.9883693,0.98812056,0.96412945,0.98919237,0.98806065,0.9819873,0.98838806,0.9909146,0.9863639,0.9915036,0.9862011,0.9873296,0.98901266,0.9822671,0.98750204,0.97225463,0.9898805,0.986005,0.98244727,0.98517966,0.9822653,0.98670787,0.9831722,0.99101794,0.98186314,0.9831533,0.9767694,0.9815646,0.9841401,0.97705734,0.979317,0.9881877,0.9886048,0.9738211,0.982562,0.9790071,0.9864447,0.98748285,0.9585451,0.66747,0.9851356,0.9903271,0.9919458,0.988815,0.9880307,0.98783565,0.97500056,0.9814968,0.9848882,0.9867975,0.9904768,0.9877336,0.9834686,0.9887105,0.983136,0.9878431,0.98156387,0.98009145,0.9877588,0.98928124,0.9883516,0.9884027,0.98409665,0.9849299,0.98229265,0.98826796,0.98386836,0.9897739,0.9843316,0.98607254,0.98134243,0.9891631,0.9928978,0.98400694,0.9879175,0.98704624,0.9728851,0.981075,0.9830762,0.9838864,0.9911923,0.9857359,0.98321545,0.9687652,0.9885088,0.9801399,0.98623985,0.9919229,0.97545177,0.9828655,0.9844386,0.9822372,0.97267956,0.98474574,0.9847285,0.984989,0.9777731,0.9878269,0.9888113,0.98851717,0.987736,0.98774725,0.9786745,0.98882437,0.97758937,0.98194647,0.9878583,0.9862709,0.9815318,0.99125886,0.9749228,0.9885867,0.9900074,0.9908789,0.980751,0.9829125,0.98691046,0.9859564,0.98789895,0.99081314,0.9836355,0.95436615,0.983517,0.98900115,0.98392063,0.98519784,0.8850753,0.9882375,0.9872206,0.98577267,0.99024653,0.9884329,0.98159057,0.9892814,0.99010354,0.9828547,0.98718923,0.988989,0.9877833,0.9813159,0.97870415,0.98836344,0.9840736,0.98748213,0.98361266,0.98721963,0.98866403,0.98523176,0.98694247,0.9910738,0.99075913,0.9847201,0.9828846,0.98661,0.98679996,0.97817326,0.9851997,0.98537743,0.9851051,0.98760474,0.9922533,0.9792525,0.99119484,0.97960436,0.9857005,0.9899528,0.98342097,0.9890959,0.98561037,0.9920313,0.98749506,0.9777249,0.99999976,0.9828633,0.98817855,0.99227804,0.98994565,0.98713,0.9773084,0.9852468,0.9821074,0.989056,0.98607427,0.9843043,0.9818963,0.99363804,0.99002343,0.98442596,0.98501664,0.9905394,0.9801916,0.99304825,0.98941505
pre-heat,0.98274314,0.98135537,0.98070186,0.98021287,0.9774527,0.9801662,0.9630189,0.956482,0.9678326,0.9741446,0.97580606,0.9857038,0.97149044,0.9756343,0.9788367,0.98174477,0.98181754,0.9837162,0.9752733,0.98383373,0.9760966,0.97203356,0.9757338,0.9820776,0.97800934,0.98175967,0.9783139,0.9788167,0.9781225,0.9791263,0.9833519,0.97168505,0.9768583,0.95738155,0.9841125,0.9841623,0.9850309,0.9733001,0.98179674,0.97452784,0.98185897,0.9851893,0.9816259,0.9813418,0.98591375,0.96668607,0.97393566,0.9807523,0.9945582,0.97032416,0.9768995,0.97542834,0.9658205,0.9645229,0.9786153,0.98322994,0.955696,0.9842192,0.9685331,0.98107135,0.9879713,0.97764283,0.98080647,0.9797578,0.9797426,0.98179287,0.9823654,0.98030686,0.97014606,0.9823628,0.9761297,0.9833144,0.9731363,0.9802861,0.9801834,0.97685117,0.98175263,0.98570037,0.9813972,0.9798556,0.9545611,0.9839702,0.9846883,0.97464746,0.983919,0.9832899,0.98169017,0.97964036,0.9824693,0.983512,0.98033655,0.98091805,0.9819068,0.9672553,0.97897243,0.9837807,0.9770337,0.9786487,0.97892195,0.9838543,0.9824332,0.98375225,0.97586554,0.97843,0.9736727,0.97573173,0.98013175,0.96641475,0.9756431,0.9800024,0.9838357,0.9737979,0.97485965,0.97100955,0.9780009,0.9834691,0.9586835,0.6739317,0.97754955,0.9857878,0.9830152,0.9842492,0.9909832,0.9849583,0.96425086,0.976251,0.9812455,0.98158324,0.97845626,0.979299,0.9787389,0.9841914,0.9735183,0.9866305,0.97406447,0.97887456,0.98077625,0.9847583,0.9821193,0.9848046,0.9788451,0.97782975,0.97701156,0.98217773,0.9756838,0.98237735,0.97992694,0.982309,0.9876584,0.98353136,0.98061806,0.9792229,0.9840289,0.9785034,0.9697672,0.9750649,0.97686166,0.984403,0.98450834,0.9803683,0.9802306,0.9622632,0.9808207,0.97254497,0.97919494,0.97724503,0.9686673,0.9794803,0.9800093,0.97693485,0.9705106,0.9790358,0.9800314,0.97730523,0.97120893,0.98255587,0.9834256,0.98529243,0.9849913,0.9799671,0.98122466,0.98198485,0.9645923,0.9771331,0.9844023,0.97518617,0.97800064,0.98232585,0.97157425,0.9861644,0.98424166,0.9856044,0.9762394,0.97861063,0.9808794,0.9783952,0.9829283,0.9877892,0.9793806,0.95097566,0.9809061,0.98277396,0.97617733,0.98134285,0.87729776,0.9791812,0.9839781,0.98092216,0.98731357,0.9807971,0.9757207,0.9778014,0.9861947,0.9757533,0.9824908,0.978295,0.9803625,0.9744875,0.9730951,0.98071563,0.98002434,0.9800714,0.9774129,0.98021394,0.983037,0.98161006,0.98099583,0.98284984,0.985102,0.9811415,0.9787826,0.98105836,0.97659796,0.9724312,0.97846997,0.98137605,0.97619,0.98482037,0.97599363,0.97233,0.97835594,0.9727168,0.9763024,0.985727,0.97434634,0.9787711,0.9799312,0.9813329,0.983105,0.96391326,0.9828633,0.99999964,0.98382396,0.98620874,0.98444027,0.9794852,0.967845,0.980837,0.9876353,0.9845831,0.9753699,0.9829675,0.98765534,0.9864549,0.98309475,0.9757876,0.974357,0.9824039,0.97343177,0.981854,0.98232996
cover,0.99075574,0.9848758,0.9829791,0.9837686,0.98059994,0.9809312,0.96876657,0.9678101,0.97563136,0.97837025,0.9866545,0.9846824,0.97194666,0.9807005,0.98248404,0.9837578,0.9831397,0.9827346,0.98127437,0.9842414,0.9777025,0.97725147,0.9765797,0.984263,0.9820514,0.984235,0.9843427,0.9846232,0.98364884,0.9872322,0.98850894,0.97843456,0.9824228,0.9628056,0.9838932,0.9881943,0.9909481,0.976199,0.98820204,0.97845083,0.9870224,0.98755854,0.98433334,0.98312014,0.988427,0.97376335,0.9819283,0.97708184,0.98544294,0.9720584,0.9837223,0.977835,0.9677474,0.9694949,0.9846458,0.9823948,0.96051294,0.988927,0.97143155,0.9876829,0.99034435,0.98362315,0.98622805,0.9853233,0.9816046,0.98636043,0.98517907,0.98681414,0.9768447,0.9869071,0.979942,0.98293,0.970736,0.98543257,0.9829329,0.9842136,0.9867616,0.9868732,0.98452294,0.986042,0.960594,0.9894656,0.9863647,0.9817159,0.9857579,0.98642933,0.9850898,0.98647845,0.9852146,0.9854537,0.9874811,0.98407936,0.98631185,0.9694545,0.9855849,0.9868823,0.98078173,0.9833934,0.9800986,0.9855559,0.98532856,0.9881152,0.9811852,0.9797606,0.9741813,0.9796057,0.9866462,0.9721119,0.97812736,0.9884025,0.9847205,0.97024715,0.9813223,0.974354,0.98323655,0.98567766,0.95891196,0.67869115,0.98221844,0.98812044,0.9903819,0.9871634,0.988177,0.98781294,0.97296876,0.9814346,0.98294425,0.98504233,0.9846914,0.98477936,0.9843164,0.9880369,0.9798853,0.9871953,0.9804526,0.980527,0.98536915,0.98822653,0.9857283,0.98708045,0.9809915,0.9809965,0.98176247,0.9851252,0.97992754,0.98661375,0.9836524,0.98723686,0.9795096,0.98690337,0.99047965,0.98291683,0.9849591,0.98255,0.9688015,0.9802926,0.9792522,0.98302937,0.9878633,0.9832432,0.98228973,0.9684628,0.986434,0.97776353,0.98793066,0.98381287,0.9732858,0.98053986,0.9817404,0.980221,0.97102785,0.981497,0.9828906,0.981416,0.97496665,0.9874852,0.98819786,0.98789036,0.98576945,0.9852656,0.9786875,0.9862675,0.97315466,0.98094594,0.9845619,0.9814772,0.97694975,0.98726815,0.9746741,0.9862799,0.98753285,0.9886925,0.97959226,0.9818267,0.9836295,0.9853617,0.98344314,0.98971474,0.9819846,0.950188,0.9822632,0.9865602,0.9795638,0.98462,0.8722891,0.9820576,0.9857468,0.98199904,0.98994154,0.98829025,0.9816435,0.98641706,0.98827785,0.98420787,0.9868255,0.98794925,0.9860543,0.980104,0.9764079,0.98416924,0.98481935,0.9836684,0.98264736,0.98406285,0.98704016,0.9813459,0.98673433,0.98783463,0.98832345,0.98316675,0.9791481,0.98638535,0.98300624,0.97625506,0.9844583,0.9814932,0.9814503,0.9883521,0.98334324,0.9820509,0.9847309,0.97705024,0.9879212,0.98853457,0.97792983,0.98728776,0.9821876,0.9872267,0.9867853,0.97392136,0.98817855,0.98382396,0.99999994,0.9897189,0.987754,0.9878219,0.974693,0.9875746,0.9832469,0.98881936,0.9871933,0.9866561,0.9789746,0.9906224,0.9892175,0.98152304,0.9846257,0.9894656,0.9783236,0.9883626,0.98705953
stir-fry,0.99290454,0.98727334,0.98746246,0.98598623,0.9863529,0.9850275,0.97088534,0.9676499,0.97616476,0.9842273,0.9853773,0.99064296,0.9835357,0.9857899,0.98722625,0.98824096,0.9875266,0.98920035,0.9861774,0.991295,0.9856001,0.98008674,0.9841318,0.98866445,0.98545426,0.9910397,0.9851671,0.9884069,0.98852706,0.98707235,0.9902103,0.9806918,0.9869002,0.9666279,0.98976,0.9942075,0.99186516,0.98260987,0.99154115,0.98279476,0.99016327,0.9905539,0.98524696,0.9893384,0.9921835,0.9787839,0.9825897,0.9839616,0.9893185,0.97897273,0.9834831,0.9870697,0.9705816,0.96854407,0.9876922,0.986608,0.96412224,0.991782,0.97156,0.98879147,0.99513644,0.9828599,0.98926604,0.9869078,0.98591596,0.9889985,0.9863309,0.98912424,0.9831284,0.98937184,0.98305875,0.9864083,0.9739016,0.9884827,0.98662424,0.9865476,0.9894576,0.9883259,0.98789316,0.9887837,0.9639543,0.9907931,0.98953754,0.9836261,0.9895402,0.9900714,0.989584,0.99166054,0.9885725,0.98841435,0.98860604,0.98600286,0.9885572,0.9780163,0.98928744,0.9883167,0.9850665,0.9883876,0.98417133,0.98951375,0.98914754,0.99057317,0.98449355,0.9865975,0.9792747,0.98069495,0.98738825,0.9758952,0.9818062,0.9880353,0.9886905,0.9742919,0.9821639,0.9798133,0.9874874,0.98954713,0.9589169,0.67644763,0.9837441,0.9946185,0.99072194,0.99079216,0.9933326,0.99129814,0.9717215,0.9811223,0.9854914,0.9896144,0.98761135,0.98850673,0.98473144,0.9911312,0.9815237,0.99093205,0.9826055,0.98599994,0.9865107,0.9891537,0.9883722,0.9939972,0.9878619,0.9853701,0.985299,0.9885103,0.98741466,0.98918664,0.9867562,0.98773944,0.9838884,0.99003583,0.99053293,0.9860244,0.9911972,0.98298395,0.97545093,0.98314077,0.98234504,0.9870155,0.9965691,0.9867927,0.98514664,0.9737542,0.9888212,0.9818463,0.9887661,0.9842543,0.980377,0.98761266,0.9849029,0.9856173,0.97625107,0.98805636,0.98626065,0.98668003,0.97812736,0.98944384,0.98952705,0.99146235,0.98917097,0.9885705,0.9829476,0.9903112,0.976772,0.9842887,0.9903338,0.9836743,0.9824296,0.9909316,0.97681785,0.9901955,0.9908667,0.9933972,0.9829506,0.9829954,0.9871425,0.9863901,0.98990077,0.9955273,0.98482794,0.9572903,0.984663,0.99103445,0.98527247,0.9877251,0.8815765,0.98516405,0.98861104,0.9866369,0.99326545,0.98712206,0.98345405,0.98953176,0.993527,0.9826307,0.99092317,0.98706347,0.98739016,0.98361975,0.97860616,0.98635286,0.98594713,0.9887005,0.9863356,0.98685503,0.9879619,0.9854096,0.98930585,0.99203837,0.9975386,0.98508567,0.9825298,0.9879609,0.98595864,0.97955203,0.98671854,0.98610526,0.9843948,0.9908963,0.9831806,0.98021424,0.9852757,0.98705894,0.98691756,0.9944382,0.98533666,0.98836166,0.9836575,0.99131936,0.9907585,0.9756997,0.99227804,0.98620874,0.9897189,0.99999994,0.9954647,0.98714453,0.97375906,0.9885002,0.9857297,0.9896252,0.9836924,0.98542947,0.9848464,0.9937553,0.99047476,0.98708487,0.98371905,0.9885694,0.9839366,0.9890832,0.99061847
pan-fry,0.99265206,0.9843769,0.9844729,0.9822471,0.98294365,0.9817706,0.9666954,0.9628331,0.9727874,0.98027706,0.9808784,0.98769236,0.9799954,0.98299104,0.9838033,0.9851814,0.98433584,0.98681414,0.9825129,0.98971826,0.9790939,0.9787887,0.98750395,0.98829234,0.98291576,0.9875461,0.982558,0.98650026,0.983968,0.9882148,0.9869505,0.9769062,0.98942715,0.9634031,0.98858035,0.9939277,0.9894083,0.97966796,0.9926099,0.9773893,0.98606306,0.9869775,0.9828547,0.9888683,0.9902824,0.97349197,0.97759277,0.9822897,0.9906327,0.97604537,0.980041,0.9847306,0.9701564,0.9667578,0.98750913,0.9842675,0.96211475,0.99007386,0.9678661,0.98493034,0.9942063,0.98141557,0.9849396,0.9840595,0.9823702,0.98680675,0.9828447,0.98598284,0.977765,0.9890432,0.98254824,0.98428655,0.9713161,0.98620653,0.9823328,0.98516303,0.9846729,0.9854624,0.9876269,0.9857011,0.961823,0.9888542,0.98734766,0.9805509,0.9878486,0.98697513,0.98763096,0.98610103,0.9855679,0.98631454,0.987794,0.98339665,0.98505163,0.9732543,0.9843178,0.9857572,0.9836089,0.9851748,0.98192745,0.9866438,0.9879459,0.98626465,0.9828281,0.9844287,0.9770909,0.9798293,0.98555446,0.9716814,0.9805211,0.9852324,0.9854228,0.97416365,0.9807055,0.9753756,0.983318,0.98748434,0.9533975,0.67162937,0.97898823,0.9939168,0.98868203,0.98706824,0.99259037,0.9878254,0.96872056,0.98034906,0.98294485,0.9882375,0.9861515,0.9854567,0.9811906,0.98866177,0.9786201,0.98713076,0.97926146,0.98237497,0.98408955,0.98792964,0.9853449,0.99318105,0.984683,0.9808066,0.98353165,0.98541427,0.9882584,0.9855447,0.9844701,0.9855403,0.980877,0.9899723,0.9870484,0.9831865,0.9882473,0.97950506,0.9713647,0.97863483,0.97782856,0.98432845,0.99673086,0.98337156,0.98150045,0.9680974,0.9855068,0.98116493,0.9847164,0.98054343,0.9761352,0.98214597,0.98209834,0.98280066,0.9707051,0.98725945,0.98309535,0.98228097,0.97475713,0.9860276,0.98743975,0.988154,0.98588353,0.9858931,0.9822315,0.98744893,0.9781236,0.9821844,0.98741907,0.97977436,0.9804341,0.98761815,0.97447145,0.98703337,0.9870766,0.9912298,0.9817482,0.979491,0.9828189,0.9840068,0.9886449,0.99640983,0.9825325,0.96021557,0.982957,0.9866043,0.97981817,0.9851193,0.8834641,0.9819453,0.9863543,0.9820693,0.9902053,0.9841674,0.98437136,0.98403513,0.9938716,0.9803869,0.9873647,0.98380935,0.9875081,0.9806498,0.97794396,0.98399633,0.9854744,0.98530567,0.9811206,0.98338544,0.98514533,0.9817763,0.987036,0.98807603,0.9963876,0.98237735,0.9804259,0.98530495,0.98232996,0.97735053,0.98476225,0.9834878,0.98217314,0.9877936,0.9797448,0.978068,0.98062557,0.9855714,0.98302346,0.9938793,0.98100334,0.9851499,0.981703,0.9862274,0.98722184,0.9735153,0.98994565,0.98444027,0.987754,0.9954647,1.0000001,0.98317784,0.97115284,0.98659605,0.98401135,0.9867214,0.9809477,0.984213,0.9827017,0.9896422,0.9890581,0.9818292,0.980723,0.9850775,0.97816855,0.9856416,0.9866023
turn,0.99024945,0.9840232,0.98118174,0.98139465,0.9757567,0.9826111,0.9661606,0.9627374,0.9718987,0.9819902,0.9901162,0.9847537,0.9697609,0.978663,0.9830367,0.9827091,0.9793446,0.9821214,0.9769564,0.9817663,0.9738776,0.9737192,0.97339547,0.9786178,0.9806225,0.9857298,0.97736436,0.986043,0.9848358,0.9785459,0.9846841,0.9761501,0.9778147,0.961638,0.98020023,0.9858962,0.9887288,0.9757808,0.98089737,0.9716527,0.9858352,0.980379,0.98063684,0.9786981,0.9853249,0.9735587,0.9807395,0.9775173,0.9782285,0.9690704,0.9769735,0.9765074,0.9639276,0.9658854,0.9830027,0.9754296,0.9553227,0.98749393,0.9693686,0.98530203,0.98380935,0.9784476,0.98597825,0.98631656,0.9784223,0.9849642,0.9802979,0.9880294,0.97370464,0.9785289,0.97470206,0.9809325,0.9664726,0.98277587,0.9823304,0.9830399,0.9858841,0.982899,0.98619527,0.9837342,0.95848536,0.9902827,0.9827012,0.9833414,0.9854931,0.98597133,0.9800471,0.9870624,0.9813016,0.98451,0.9868685,0.97842723,0.98504305,0.972523,0.98666155,0.98201865,0.97864926,0.97932434,0.97729063,0.98250777,0.97732306,0.9881968,0.97928107,0.97827834,0.97247,0.97682834,0.98347366,0.96825594,0.9776134,0.9915175,0.9841297,0.9679118,0.97613406,0.97289383,0.98464704,0.98220086,0.95577455,0.6638993,0.9814247,0.9848362,0.9920809,0.98804086,0.982275,0.98777574,0.9748112,0.97989976,0.982631,0.9803613,0.9834477,0.9828377,0.9800674,0.9880716,0.98105216,0.9870016,0.9777125,0.9742782,0.9870264,0.9865658,0.9886913,0.9837508,0.9803151,0.9792315,0.98102015,0.9855355,0.97455394,0.9866388,0.9825576,0.980793,0.97620475,0.982567,0.98704994,0.98217565,0.9837218,0.97977185,0.9669964,0.97844195,0.98059183,0.9821425,0.9849777,0.9830107,0.98174757,0.9663734,0.9879809,0.9776025,0.9919025,0.98237514,0.97273403,0.97826374,0.9824947,0.97579247,0.9694821,0.97697043,0.9819181,0.98093724,0.9736001,0.98854977,0.98529047,0.988005,0.985685,0.9823544,0.97365147,0.98285437,0.97336346,0.97917694,0.98482925,0.98264575,0.9767722,0.9891263,0.9729851,0.98372537,0.9876313,0.98527694,0.9751862,0.977026,0.9830248,0.98192155,0.97912115,0.98653686,0.9808854,0.949544,0.98257524,0.9894998,0.978697,0.98622394,0.87713295,0.978912,0.9852461,0.9828662,0.98706126,0.9891172,0.98086125,0.9826884,0.9834125,0.97949797,0.9901256,0.9815235,0.98074955,0.9798149,0.97556394,0.98660976,0.9805559,0.9817358,0.9804693,0.9853257,0.9918643,0.9782814,0.98314124,0.9858128,0.984215,0.9826684,0.97624403,0.98310935,0.9851822,0.9737804,0.98132116,0.9812349,0.97810674,0.9862954,0.98224634,0.97687745,0.9844393,0.9739697,0.9911673,0.98424894,0.9780365,0.98626494,0.97917765,0.98690045,0.98791134,0.9717513,0.98713,0.9794852,0.9878219,0.98714453,0.98317784,0.99999994,0.9718043,0.98500735,0.98120284,0.984122,0.99373853,0.9780298,0.97833097,0.9864334,0.9854491,0.9822372,0.98861676,0.9855563,0.97737855,0.9867388,0.98519367
remove,0.97564876,0.9700975,0.9726011,0.96690565,0.9649442,0.9698751,0.9624622,0.9481994,0.9605262,0.9677871,0.9727132,0.97190243,0.9588596,0.9653407,0.96985584,0.9746601,0.9734424,0.97107846,0.9700357,0.9708221,0.96325064,0.9645162,0.9654932,0.9662219,0.96417844,0.9702284,0.9665309,0.9682066,0.96833634,0.966927,0.9747095,0.9623907,0.9679169,0.9519323,0.96843576,0.9748228,0.9747993,0.9648889,0.97174186,0.96282005,0.9716607,0.97192746,0.9698155,0.96991694,0.97624165,0.96263856,0.9684671,0.96407676,0.96965086,0.96200347,0.9661037,0.9641834,0.95829594,0.9538605,0.9732527,0.964375,0.9552913,0.97096914,0.9554076,0.9797224,0.97318906,0.9738938,0.9712633,0.9692606,0.96794766,0.9735469,0.9689417,0.97145236,0.96220624,0.9657998,0.96521044,0.9703917,0.95753187,0.97111356,0.96801996,0.97491884,0.97067976,0.97095716,0.97255254,0.9719938,0.94997525,0.9791457,0.9745734,0.962916,0.97078437,0.9752592,0.9703699,0.97519416,0.97589034,0.9723553,0.97672814,0.967279,0.97195876,0.95577073,0.9734416,0.972728,0.9679821,0.97067535,0.96897185,0.9730304,0.9666912,0.9809768,0.96808493,0.96284646,0.9598478,0.9648063,0.9723592,0.96126765,0.969398,0.97930056,0.9698885,0.95910877,0.96893805,0.95754683,0.97282875,0.9723792,0.94759905,0.64048076,0.96887857,0.9730163,0.9754784,0.97118217,0.9724822,0.97326183,0.9660989,0.9639898,0.9701347,0.97021604,0.97237706,0.9734038,0.9683372,0.9734876,0.9686142,0.9741819,0.9661555,0.96711165,0.98125976,0.97383314,0.97326875,0.97150576,0.97164214,0.9699707,0.9645359,0.9718083,0.9651365,0.97596145,0.9678831,0.96869075,0.96436596,0.9765852,0.97626853,0.96641815,0.97385526,0.9706192,0.9570006,0.9647615,0.96583474,0.9678617,0.9730704,0.96844006,0.96822953,0.9487155,0.9727317,0.9691392,0.9732168,0.97120416,0.9605883,0.965151,0.969134,0.9644579,0.95915496,0.9677024,0.9677382,0.9694349,0.96186656,0.97124267,0.97762287,0.9732911,0.9710847,0.97524565,0.96332604,0.9752232,0.9623044,0.9689693,0.9713038,0.9789988,0.9638002,0.9754326,0.958169,0.9718181,0.9743056,0.97308016,0.9683866,0.96648514,0.97048116,0.97725165,0.96935105,0.97347075,0.9670319,0.93524987,0.96557075,0.9737306,0.9675399,0.9689177,0.8738369,0.96737784,0.9706405,0.9670994,0.975683,0.9734674,0.96442825,0.97143734,0.97315925,0.97223324,0.9782558,0.97786236,0.97182983,0.9655244,0.9595184,0.97728586,0.9745566,0.9712756,0.96703464,0.97862804,0.97284704,0.97026396,0.97126704,0.97653836,0.97306013,0.97095954,0.9719563,0.9733191,0.978029,0.9655933,0.9757771,0.96951735,0.9701941,0.973005,0.96951324,0.9695171,0.97024214,0.96188605,0.9722774,0.97325015,0.9610336,0.97345066,0.96669006,0.97497773,0.9728268,0.9596622,0.9773084,0.967845,0.974693,0.97375906,0.97115284,0.9718043,1.0000001,0.97214174,0.9662295,0.98146594,0.9745152,0.9683636,0.96447945,0.9762156,0.97699815,0.965997,0.98387253,0.97907573,0.95933586,0.9748004,0.97787803
dry,0.98861027,0.98761755,0.98448366,0.9813002,0.97943497,0.9828371,0.9745121,0.96531785,0.9762981,0.9764999,0.9848578,0.98394537,0.97202903,0.9786593,0.98283297,0.98706585,0.98673725,0.9843385,0.97761977,0.9857948,0.977285,0.9737181,0.9759733,0.98084867,0.98282146,0.9830189,0.98507005,0.98333603,0.9844763,0.9816591,0.9947586,0.98629165,0.9798942,0.9610607,0.98228085,0.9861388,0.98611474,0.98112106,0.983591,0.9775102,0.98549974,0.98607326,0.9848107,0.9857627,0.98943764,0.97954535,0.9852733,0.97966146,0.98132145,0.9715982,0.9794069,0.97724086,0.96900755,0.9677169,0.9812461,0.97834796,0.95744675,0.9883948,0.96764505,0.984933,0.98437715,0.9839229,0.98672473,0.9863742,0.9816438,0.9845918,0.98270875,0.9873907,0.9744384,0.98088855,0.9776125,0.98251784,0.9694423,0.98492914,0.98312587,0.97992027,0.9826388,0.9864862,0.98532045,0.98492706,0.9577848,0.99466395,0.98809314,0.9798975,0.9885766,0.9903161,0.98427355,0.9840562,0.989341,0.9855164,0.9868715,0.9866453,0.9844352,0.98084205,0.9817364,0.98265123,0.9868843,0.98277634,0.98350084,0.988767,0.98019016,0.98983496,0.9801835,0.9787425,0.9735893,0.9804572,0.9978246,0.9709269,0.98372144,0.985001,0.986507,0.9681963,0.97914743,0.9723514,0.98154676,0.98871684,0.95888567,0.6590748,0.98567355,0.9867378,0.988101,0.9852615,0.9853326,0.99151033,0.96769977,0.9790461,0.9833454,0.98328346,0.98283315,0.98284674,0.9813746,0.9913162,0.9783776,0.99013203,0.9837241,0.9780395,0.98460615,0.9879129,0.98372114,0.9885732,0.98363364,0.978391,0.9836181,0.98395485,0.97592646,0.9922948,0.98063207,0.9832925,0.97659594,0.9868178,0.9858196,0.98488235,0.98790073,0.9790382,0.97225624,0.9817485,0.9777449,0.9786312,0.9868192,0.9831359,0.983757,0.9663065,0.9858125,0.97763026,0.98949224,0.97890747,0.98076415,0.9811482,0.98345053,0.980031,0.97832,0.9839787,0.9832494,0.9818315,0.97627723,0.9864521,0.9924852,0.9904352,0.9850098,0.98461664,0.97737336,0.98571944,0.9742269,0.9793976,0.983633,0.9819543,0.978334,0.9853451,0.9822642,0.9843267,0.98617625,0.9880972,0.97770745,0.97975034,0.9826464,0.982198,0.98253053,0.9872764,0.9826212,0.9551289,0.98341477,0.9851347,0.97699624,0.9850235,0.88092965,0.97872066,0.9883794,0.98141813,0.98882705,0.9837996,0.9796905,0.9815201,0.989777,0.979045,0.99000794,0.9846937,0.9802068,0.97713953,0.97414327,0.9835268,0.9824481,0.9843454,0.97884184,0.98225504,0.98694056,0.98079544,0.9882612,0.9851315,0.98677325,0.98115605,0.980697,0.9840681,0.98102,0.97405815,0.98634595,0.98240644,0.9810884,0.98948026,0.9788144,0.9776942,0.98152566,0.97873455,0.9868167,0.98752224,0.97621816,0.9836407,0.9798404,0.98527634,0.9850695,0.97202575,0.9852468,0.980837,0.9875746,0.9885002,0.98659605,0.98500735,0.97214174,1.0,0.9821289,0.9864815,0.9810991,0.984035,0.97934914,0.9855935,0.98685324,0.97958606,0.9850722,0.9867195,0.9763241,0.9857307,0.985759
warm,0.9829659,0.98148286,0.98102915,0.9777675,0.9761106,0.9787295,0.96290684,0.95451057,0.97041845,0.9710293,0.9792902,0.98389494,0.96898973,0.97403336,0.97795284,0.98032534,0.9819551,0.98192245,0.9766735,0.9813541,0.9750292,0.97370124,0.97472155,0.9797636,0.98167765,0.9809987,0.9797692,0.97962886,0.980301,0.9788292,0.9839246,0.9735698,0.9774326,0.9605602,0.9809004,0.98410237,0.9855004,0.9758225,0.98312247,0.9726821,0.98336023,0.9829499,0.9843995,0.98064244,0.98638356,0.9696982,0.97383547,0.9793838,0.9841076,0.96727955,0.9791461,0.9760792,0.9682185,0.9599614,0.97958267,0.98255897,0.95544136,0.98502886,0.9693607,0.98265374,0.98693764,0.97542673,0.9823422,0.9811402,0.979846,0.98211163,0.98153853,0.981997,0.9703233,0.98009056,0.9715548,0.98201895,0.9708939,0.9845147,0.98193693,0.97722864,0.9793829,0.98416924,0.9814484,0.9811058,0.95545053,0.9839818,0.9833422,0.9736117,0.985746,0.9832902,0.98435354,0.98281914,0.9826793,0.98264587,0.97965693,0.9809532,0.9818247,0.9665921,0.97777605,0.9833693,0.97658694,0.98022825,0.97802824,0.98391676,0.98105294,0.98324865,0.9779725,0.9806188,0.97661006,0.9749175,0.981138,0.96855813,0.97315925,0.9808424,0.98433703,0.97073644,0.97654057,0.96950006,0.97976995,0.9832866,0.9577898,0.66526,0.97690207,0.98659575,0.9823214,0.98412824,0.98760384,0.9839694,0.9605952,0.97417706,0.98309183,0.9820615,0.97790396,0.97909474,0.97647625,0.9852185,0.9726269,0.98504966,0.97457886,0.97666997,0.9804476,0.9828562,0.9799512,0.9859458,0.981539,0.97774696,0.9790337,0.9816945,0.977019,0.983408,0.9817507,0.9806449,0.9875905,0.9841454,0.9805334,0.98049796,0.98369193,0.97752637,0.9670546,0.975934,0.9764746,0.98829466,0.9846539,0.98169565,0.9796917,0.96448565,0.98043954,0.97266537,0.98243695,0.9758278,0.97088575,0.9791351,0.98145795,0.975575,0.9689594,0.97873795,0.9825109,0.9789384,0.97414505,0.9830757,0.9851985,0.98572874,0.9816647,0.9819188,0.9809102,0.98306257,0.9669957,0.9793926,0.9836184,0.975907,0.9755131,0.9827291,0.97374666,0.98639584,0.98563266,0.9840778,0.977089,0.9784364,0.982343,0.97795737,0.98065335,0.9870772,0.9778429,0.9511982,0.9807628,0.98138845,0.97438127,0.98112696,0.87132955,0.97912145,0.9830371,0.9811541,0.9865918,0.9849418,0.97512656,0.97764295,0.9861134,0.9792406,0.98246455,0.97700036,0.97759414,0.9762273,0.9715237,0.97874576,0.98039407,0.9776967,0.97753745,0.98183715,0.98129046,0.978158,0.9799442,0.9811404,0.98437977,0.98020184,0.97822535,0.9819858,0.9776254,0.97310615,0.9796639,0.9790312,0.9784559,0.98491347,0.9744106,0.97529733,0.9757808,0.97319996,0.9770102,0.9860871,0.9735151,0.97872144,0.98169005,0.9815722,0.9840843,0.9662651,0.9821074,0.9876353,0.9832469,0.9857297,0.98401135,0.98120284,0.9662295,0.9821289,1.0,0.98399884,0.97527903,0.98038024,0.9891307,0.98498774,0.98196805,0.97715575,0.97368246,0.98264927,0.9728141,0.9814112,0.9815982
pour,0.9880341,0.9844191,0.9914133,0.9819274,0.9814284,0.9831052,0.96828425,0.9635125,0.97748995,0.9808878,0.98456,0.986892,0.9738915,0.9812244,0.9852791,0.98811316,0.9890449,0.9856765,0.9823834,0.98795587,0.98087776,0.980039,0.9788525,0.9827585,0.98419577,0.98595554,0.9853449,0.9848093,0.98639154,0.9830115,0.9901458,0.978999,0.9826158,0.9631966,0.98556554,0.98830533,0.9903827,0.9785497,0.98598015,0.9825975,0.98604584,0.9871403,0.9881112,0.98561966,0.9920455,0.9772589,0.98066777,0.9800559,0.9855785,0.97478867,0.9814905,0.9805446,0.9707557,0.9669943,0.98593163,0.9808206,0.96236753,0.98781335,0.97363853,0.99182606,0.98736745,0.984133,0.98885584,0.98454076,0.9872466,0.9896517,0.98714614,0.9860422,0.97492194,0.9807556,0.9802637,0.98445696,0.97665465,0.98852736,0.9861163,0.98615986,0.98635715,0.990313,0.98572654,0.9883398,0.9626781,0.989832,0.9916918,0.97991705,0.9865415,0.99033916,0.98601985,0.9870541,0.992198,0.99007934,0.98716795,0.98722166,0.9888556,0.970453,0.98679745,0.9858446,0.97988665,0.9867287,0.9882116,0.9927315,0.982766,0.98995143,0.9843279,0.98149085,0.9770894,0.9793341,0.98510176,0.97476864,0.97851974,0.9892006,0.98783815,0.9728315,0.98304504,0.9771514,0.9859474,0.9906449,0.96347046,0.6657802,0.98232234,0.98937666,0.9886276,0.98747176,0.9878909,0.98695886,0.97659445,0.9789307,0.9880376,0.98774,0.986092,0.98888403,0.9822513,0.98699176,0.980502,0.98756397,0.9810875,0.9821004,0.986166,0.9884917,0.9864787,0.98943615,0.9850326,0.98476094,0.9811984,0.98902875,0.97866976,0.9886937,0.9849677,0.9851092,0.9813551,0.9887482,0.98826087,0.9837532,0.9906281,0.9820906,0.9706346,0.9791922,0.9832306,0.98322564,0.9880744,0.98525286,0.9864775,0.967474,0.9853976,0.98097515,0.9863753,0.9816928,0.9724296,0.9854419,0.9872151,0.9803005,0.9725851,0.9824648,0.98339975,0.9848044,0.97801006,0.98890543,0.99030846,0.9915328,0.98808503,0.988727,0.97956604,0.9892848,0.97378594,0.9859229,0.9870983,0.98270994,0.98008657,0.98916876,0.97832274,0.9882527,0.9889219,0.9889271,0.98394644,0.98441225,0.9875479,0.98738885,0.98507285,0.98908675,0.9836453,0.95313466,0.98253137,0.9875588,0.98499125,0.9866266,0.8764667,0.98245084,0.9859413,0.98442453,0.9923097,0.9871506,0.9782251,0.9858827,0.99018234,0.98526543,0.9883543,0.99078554,0.98400056,0.981439,0.9748331,0.98897743,0.98764384,0.9850259,0.98454475,0.99085015,0.9857292,0.9849324,0.98768836,0.9920408,0.9888706,0.9854119,0.98390657,0.98828983,0.9862538,0.9802405,0.9875942,0.9844819,0.98512477,0.99189794,0.98126054,0.98352253,0.9854179,0.97643465,0.9839356,0.99030554,0.981511,0.9872285,0.9818591,0.98965883,0.98850393,0.973365,0.989056,0.9845831,0.98881936,0.9896252,0.9867214,0.984122,0.98146594,0.9864815,0.98399884,1.0000001,0.9846134,0.9856104,0.9821393,0.99010855,0.98878044,0.9839841,0.98676455,0.9913635,0.97817856,0.9881571,0.9918695
note,0.9891688,0.97876436,0.98199743,0.9755294,0.9728113,0.97751874,0.96188474,0.9570484,0.9708731,0.98095536,0.98669255,0.9794983,0.967035,0.97594553,0.9781227,0.97886837,0.9765418,0.97661096,0.9763266,0.97765213,0.9703734,0.9708736,0.9723874,0.9750535,0.97673327,0.9831662,0.97336316,0.98246765,0.9793444,0.975759,0.98060286,0.97188133,0.976073,0.9585111,0.9773315,0.98430276,0.98712695,0.97268367,0.9797088,0.9686992,0.9821066,0.97674894,0.97823024,0.9744563,0.98279214,0.96996224,0.9756289,0.9709723,0.97566,0.966384,0.97579616,0.9725959,0.9608137,0.9636889,0.9845652,0.97384375,0.95374763,0.9848232,0.9654882,0.9846312,0.9816262,0.97661906,0.9800121,0.984717,0.97657853,0.9801864,0.97748995,0.9850281,0.9707234,0.9758746,0.9719509,0.9756152,0.96428454,0.9797033,0.9757731,0.98756754,0.98326135,0.9800874,0.9827098,0.9800241,0.9576889,0.98750263,0.9792086,0.97995865,0.9783182,0.98191255,0.97605217,0.9851714,0.9786578,0.98153496,0.9854591,0.9752651,0.9789523,0.9679672,0.9851116,0.9769348,0.97459495,0.9770653,0.974455,0.9801067,0.9752482,0.98621035,0.9760059,0.9757746,0.9692812,0.9752753,0.97923076,0.96421945,0.97347456,0.99031687,0.977855,0.9648505,0.97499585,0.9712179,0.9824445,0.97832453,0.9533833,0.66422737,0.97714794,0.9819276,0.992299,0.98414475,0.97876906,0.98476636,0.980854,0.97656494,0.9774244,0.97919977,0.9832871,0.9828646,0.98095846,0.98517585,0.9828857,0.9844171,0.97397417,0.97268337,0.98572564,0.98508525,0.9891435,0.97957635,0.9759939,0.9764707,0.9772774,0.98408985,0.97430456,0.98244643,0.97964966,0.9748123,0.9732732,0.979813,0.9844814,0.97611713,0.9801154,0.97966796,0.9636918,0.976326,0.975477,0.97826755,0.98224866,0.97765994,0.9763307,0.9620088,0.9871645,0.9759913,0.9909736,0.98084426,0.9676204,0.9738648,0.97697914,0.9706313,0.9639924,0.9750358,0.9766589,0.97829807,0.9701737,0.9842993,0.98202217,0.9852599,0.98316705,0.9799235,0.97213376,0.982705,0.97544277,0.9772036,0.98166037,0.98369294,0.97258234,0.9895276,0.96914274,0.9811554,0.9864117,0.98149127,0.9738763,0.97294825,0.978527,0.98164344,0.9757877,0.98467374,0.9760208,0.94589674,0.97492445,0.98922825,0.97707504,0.981293,0.8722873,0.97640127,0.9799757,0.9775721,0.9822479,0.9883195,0.98056966,0.9831041,0.97974586,0.981818,0.9857128,0.9825192,0.98020935,0.9769487,0.9713344,0.9823198,0.9776227,0.9795615,0.9775367,0.9843322,0.9892707,0.9741366,0.9822287,0.98586017,0.98176044,0.98125297,0.97275084,0.9797594,0.98253036,0.9712668,0.9789049,0.9776865,0.976453,0.98388374,0.98025864,0.98022723,0.98529845,0.97089523,0.99173754,0.98086405,0.9768525,0.9867116,0.97645724,0.9860507,0.9861891,0.97520924,0.98607427,0.9753699,0.9871933,0.9836924,0.9809477,0.99373853,0.9745152,0.9810991,0.97527903,0.9846134,1.0000001,0.9740503,0.97206235,0.98494565,0.9831119,0.97644264,0.9901313,0.9859166,0.9736853,0.984896,0.9849983
top,0.982959,0.9799793,0.9785579,0.9805123,0.9784335,0.977376,0.96218383,0.9668007,0.9691328,0.9714496,0.9794787,0.9814553,0.9723932,0.97371656,0.9800268,0.9820067,0.9819618,0.981272,0.9765976,0.98193336,0.9780903,0.97128516,0.9718399,0.9780925,0.9793394,0.9786956,0.9818074,0.9796528,0.9816217,0.9859643,0.9853616,0.9756471,0.97812593,0.95794046,0.9825392,0.98335314,0.9841222,0.9762858,0.9831555,0.9723559,0.9851658,0.9797926,0.9818782,0.98042965,0.98667455,0.9714452,0.9760376,0.9771484,0.9843991,0.96965593,0.98176825,0.97502476,0.9672387,0.96682656,0.97713304,0.9796248,0.9565768,0.98491824,0.97248757,0.9856971,0.98250324,0.97784436,0.98369515,0.979766,0.9784318,0.98438317,0.98331976,0.98261535,0.9736873,0.9810382,0.9767684,0.9835863,0.9724585,0.98344475,0.98490804,0.975491,0.9836721,0.9851238,0.97984946,0.9832542,0.9570472,0.9861592,0.98482025,0.97750854,0.98618877,0.98384726,0.9823652,0.98084885,0.98340416,0.98174876,0.98508215,0.98424304,0.9826226,0.9680062,0.979686,0.9815923,0.9796709,0.981889,0.9783484,0.9822483,0.9779906,0.9825049,0.9785845,0.97672683,0.97101957,0.9794126,0.98437184,0.9779707,0.97547275,0.9814566,0.98382926,0.97355527,0.97924566,0.970782,0.97690135,0.9841449,0.9755612,0.6654036,0.97874105,0.9832701,0.9820623,0.9839126,0.9826158,0.98205924,0.963406,0.9794002,0.98024297,0.98442674,0.9786569,0.9799453,0.9765625,0.98437524,0.9741172,0.9839387,0.97392386,0.97720146,0.98168707,0.98417896,0.9782386,0.9836712,0.97670174,0.97923756,0.97927904,0.9833282,0.9728198,0.9838979,0.9786398,0.98726535,0.9766402,0.97963506,0.9849279,0.9800328,0.9855065,0.9840652,0.9716821,0.97574985,0.9768831,0.9771121,0.9833464,0.9804448,0.9801913,0.9642197,0.97911966,0.97452694,0.9801207,0.97870475,0.9707864,0.9792388,0.9808146,0.9840827,0.973554,0.9805015,0.98175865,0.97750187,0.97170305,0.9834061,0.9814266,0.9846496,0.98480797,0.9827526,0.9787976,0.9839405,0.97092885,0.9785802,0.98300004,0.97401404,0.9751085,0.9809947,0.97316295,0.981537,0.9825095,0.9848367,0.9772515,0.9830753,0.9803444,0.98349446,0.9815605,0.98360294,0.9814557,0.9506106,0.9827781,0.9803918,0.976353,0.98154753,0.86940473,0.98142546,0.9874686,0.9783455,0.98430926,0.9803997,0.9790935,0.97956365,0.98390967,0.9796282,0.9819679,0.98446995,0.9822771,0.97642237,0.9757526,0.9815998,0.9810977,0.97675353,0.9791235,0.98099446,0.9820146,0.9834887,0.982636,0.98407227,0.9840636,0.9810528,0.98099214,0.9834044,0.9771831,0.9745921,0.9822572,0.98233056,0.9796755,0.9850985,0.97857153,0.9766447,0.9800011,0.97243047,0.9777712,0.9835187,0.97316754,0.98052824,0.9805902,0.98265845,0.982227,0.96865225,0.9843043,0.9829675,0.9866561,0.98542947,0.984213,0.9780298,0.9683636,0.984035,0.98038024,0.9856104,0.9740503,0.99999994,0.97602147,0.9860417,0.98828304,0.9783008,0.97637105,0.9876717,0.9750863,0.982751,0.98052573
heat,0.98271704,0.9792607,0.9799617,0.9777879,0.9743283,0.9786955,0.9625904,0.95297486,0.9688628,0.97408533,0.97545034,0.98750734,0.96866536,0.97938854,0.97744876,0.97948194,0.98213637,0.9816061,0.975001,0.979963,0.97901785,0.971887,0.97145,0.98037404,0.9778537,0.9820337,0.97586477,0.9826469,0.97685647,0.9727117,0.9822866,0.97210085,0.97447777,0.959561,0.97956556,0.98305225,0.9834926,0.9751194,0.9775541,0.967273,0.9802747,0.9827276,0.98297834,0.98117566,0.9838706,0.9684721,0.9735383,0.9792479,0.9831262,0.9648797,0.97355896,0.97489333,0.96079177,0.9601521,0.97679126,0.9779558,0.9517956,0.98083663,0.96555305,0.98022604,0.98441887,0.9743584,0.9796619,0.97854424,0.978361,0.97982377,0.98073345,0.9802861,0.9710934,0.9758438,0.9724981,0.9814865,0.97042006,0.9796007,0.97839856,0.97392535,0.9784335,0.9834299,0.97906524,0.9777309,0.9501362,0.98150885,0.982067,0.9713764,0.98375744,0.9831597,0.9861351,0.9808873,0.98169583,0.98440874,0.97636604,0.98008156,0.98082626,0.96743053,0.9774358,0.97945607,0.9772096,0.98100066,0.97708774,0.98327637,0.9764743,0.9847943,0.9732658,0.97475123,0.97289944,0.97011364,0.9784831,0.96906674,0.96898764,0.9794125,0.98440135,0.967527,0.9728829,0.96814346,0.97622234,0.98302865,0.950761,0.67704463,0.97689444,0.9865481,0.9797948,0.98609734,0.98670477,0.98414093,0.9636228,0.9754214,0.9806397,0.97832316,0.97540665,0.97665846,0.97553027,0.98341364,0.96976674,0.98443156,0.9743847,0.9732537,0.97713894,0.98609054,0.98268884,0.98653936,0.98279315,0.9755619,0.97671306,0.9797561,0.9734167,0.98182404,0.97852457,0.9783662,0.9866099,0.9832242,0.98073244,0.97956455,0.9831077,0.97567654,0.9677285,0.97272766,0.97564065,0.9877537,0.98292935,0.98306495,0.9789957,0.96021765,0.98094666,0.9703424,0.97772425,0.9729979,0.9702544,0.9783302,0.9791197,0.9749564,0.97039646,0.97645545,0.97786856,0.97652596,0.97182465,0.98050624,0.9844214,0.98422414,0.9836066,0.9792247,0.97646314,0.98009515,0.95992714,0.9748294,0.98249024,0.9741224,0.97880256,0.9824119,0.9708023,0.985901,0.9843695,0.9859375,0.97276646,0.9767137,0.9815907,0.9734974,0.98009396,0.98489356,0.9775022,0.94971097,0.979062,0.9845869,0.97504634,0.9811156,0.8810099,0.97822124,0.9808485,0.9797149,0.98506635,0.98150593,0.9705978,0.9770892,0.984933,0.9738942,0.9816628,0.9766962,0.9728633,0.97459805,0.9747124,0.9785591,0.97565186,0.978119,0.97805256,0.9788243,0.98011595,0.98066807,0.9778746,0.9801052,0.98507315,0.97654647,0.97589916,0.97749794,0.9763419,0.9689052,0.9759992,0.9835464,0.97526246,0.983045,0.9724063,0.9708111,0.97453386,0.9686463,0.97503865,0.985944,0.9753,0.9775853,0.9766402,0.9812583,0.9815111,0.9609706,0.9818963,0.98765534,0.9789746,0.9848464,0.9827017,0.97833097,0.96447945,0.97934914,0.9891307,0.9821393,0.97206235,0.97602147,1.0000001,0.9850954,0.98027474,0.9753918,0.97199243,0.980534,0.9732891,0.9806694,0.98090136
cook,0.99000174,0.98605764,0.9863937,0.9865391,0.98551416,0.98414457,0.9651072,0.96708393,0.9754683,0.9835433,0.98702896,0.98908556,0.9784312,0.9844074,0.9855088,0.9856242,0.98704904,0.987896,0.98532295,0.9883633,0.98638266,0.9798374,0.9774987,0.98805344,0.98428655,0.9888691,0.9841232,0.98623395,0.9859867,0.9875654,0.98952854,0.9780879,0.98234004,0.97000253,0.9884443,0.9911971,0.9941115,0.983883,0.98953414,0.975858,0.9924734,0.98980194,0.98328435,0.984257,0.990829,0.9753449,0.9837587,0.98076934,0.9883524,0.97581846,0.9818766,0.98350465,0.9684271,0.9682278,0.9866533,0.9866173,0.9630234,0.99017715,0.97493255,0.99039525,0.99430394,0.9842958,0.989672,0.9863512,0.9870355,0.98940396,0.9878676,0.98834527,0.9792099,0.9890634,0.98022497,0.98876446,0.97350544,0.9879162,0.98562646,0.98528606,0.9916497,0.98773944,0.98605514,0.989007,0.9611795,0.98920095,0.98777455,0.9840685,0.98943,0.9899867,0.9871445,0.9918393,0.9875799,0.989679,0.9872824,0.98368555,0.99016,0.9755863,0.9901414,0.9899467,0.98157215,0.9867133,0.98352003,0.9878713,0.9905721,0.99295294,0.98311,0.9827844,0.9779735,0.9796509,0.9845582,0.9759388,0.9787128,0.9884544,0.9893592,0.97455865,0.9825015,0.97997445,0.9850118,0.9894472,0.9598446,0.6728579,0.984613,0.9909748,0.9901431,0.99169695,0.99210733,0.9889949,0.9755114,0.9820562,0.9857913,0.99030614,0.9880099,0.98773664,0.98246765,0.9887204,0.9818842,0.9898104,0.982358,0.98664194,0.9877225,0.9907189,0.98940444,0.9887469,0.9872458,0.98583937,0.98308825,0.9888979,0.9865918,0.99014,0.9862265,0.98681086,0.98500216,0.98828316,0.9937694,0.9851694,0.9900801,0.9871222,0.9762565,0.9798894,0.98211634,0.98696184,0.99053264,0.9863543,0.9850447,0.9715128,0.9904033,0.97995913,0.98684835,0.9865587,0.9785731,0.987297,0.98563015,0.9858922,0.9750632,0.98600954,0.98468804,0.9857288,0.977936,0.9888631,0.9889676,0.99015886,0.98998415,0.98827636,0.98134935,0.9886896,0.9737554,0.9835554,0.990667,0.9857153,0.98234606,0.9916272,0.975636,0.9920709,0.9914262,0.9916286,0.9812809,0.98357236,0.98826575,0.98700345,0.9892112,0.9926222,0.9841919,0.95081556,0.98407876,0.99190384,0.9849968,0.98660266,0.88216436,0.99139124,0.9884665,0.98526305,0.99425703,0.9873928,0.9813538,0.99194866,0.9902078,0.98374593,0.9887524,0.99007463,0.9842416,0.9837522,0.9804587,0.9883368,0.9844092,0.98659,0.9862102,0.98573995,0.98769903,0.98717326,0.9873079,0.99188524,0.99129564,0.98513323,0.9834263,0.98791623,0.9858759,0.9790626,0.9845043,0.98749804,0.9851825,0.98904234,0.9867541,0.9813501,0.98857486,0.9780441,0.98681027,0.9911214,0.9832307,0.9884,0.9855352,0.99222195,0.9894879,0.975514,0.99363804,0.9864549,0.9906224,0.9937553,0.9896422,0.9864334,0.9762156,0.9855935,0.98498774,0.99010855,0.98494565,0.9860417,0.9850954,1.0000002,0.9898879,0.98480886,0.98423344,0.9908538,0.9816391,0.9903827,0.9910671
place,0.9892505,0.9833217,0.98378474,0.9821922,0.9823025,0.9833604,0.9644141,0.9694075,0.97483915,0.97700596,0.9887854,0.9868825,0.9804871,0.97926784,0.9841064,0.9852848,0.9865042,0.9863815,0.98215073,0.98717636,0.98075366,0.9762,0.97692215,0.9822442,0.98319215,0.9850452,0.98276305,0.98420054,0.9843737,0.98687404,0.98753005,0.977087,0.98341864,0.962401,0.985828,0.9874268,0.9879071,0.9810959,0.9854883,0.9738745,0.98853624,0.9837424,0.98394096,0.98829716,0.98792493,0.97621375,0.9782222,0.98180664,0.9849179,0.97346175,0.98278266,0.9810272,0.971028,0.9723352,0.9837997,0.9828602,0.9662804,0.991249,0.9689114,0.990643,0.98593086,0.98097473,0.98720527,0.98683065,0.9813742,0.98816943,0.9834928,0.98855925,0.9775205,0.9843538,0.98142457,0.98434466,0.9699469,0.986776,0.984882,0.9819422,0.98753375,0.98435587,0.98715687,0.98839605,0.96567136,0.9888307,0.9888586,0.98165447,0.9876913,0.9875299,0.9853963,0.98736334,0.98778975,0.9854778,0.9896101,0.98460704,0.98585296,0.9705356,0.9849754,0.98560923,0.9826398,0.9841615,0.9794804,0.9872061,0.9822334,0.9883543,0.98511964,0.9839729,0.97478575,0.98407143,0.9863853,0.9777806,0.9813996,0.98810786,0.98540074,0.9742068,0.9846318,0.9753767,0.9850907,0.9854989,0.95788145,0.6590751,0.97992206,0.98661953,0.98699445,0.9869913,0.98628813,0.98746824,0.9681224,0.98330224,0.98463804,0.98528147,0.9835109,0.9873057,0.98307997,0.9885621,0.9835017,0.98691,0.9789895,0.9795728,0.9848258,0.989902,0.9865975,0.9897743,0.98231936,0.98184943,0.9863527,0.98521745,0.9763844,0.98724234,0.9842686,0.98980176,0.97928435,0.98495096,0.9891902,0.98414785,0.9882114,0.9827381,0.9732254,0.97942215,0.98035246,0.98053163,0.9885401,0.98493963,0.9817508,0.96926326,0.9825696,0.97958577,0.98619926,0.98477364,0.973932,0.98249537,0.98434955,0.98471117,0.97175133,0.98305243,0.98407316,0.98398113,0.97488177,0.9874554,0.9863249,0.9870586,0.98722833,0.9886697,0.98225874,0.9917849,0.9718997,0.9828441,0.9855705,0.9814145,0.98409563,0.98980534,0.97387046,0.98451173,0.9887041,0.98917115,0.9834288,0.98259264,0.98453236,0.99093115,0.9858228,0.9887552,0.9825181,0.9568476,0.9846565,0.988352,0.97848135,0.9847958,0.8791796,0.98267174,0.9871482,0.982358,0.9884146,0.98689055,0.9799614,0.9845869,0.9889507,0.98661387,0.98819023,0.98771834,0.9868058,0.98015183,0.9807517,0.9897159,0.9872059,0.9844241,0.98311085,0.9862229,0.9854645,0.9854018,0.9894553,0.98954475,0.98974967,0.9827525,0.97979003,0.98773354,0.9859844,0.9786594,0.98774916,0.98598355,0.98352355,0.9863851,0.98396987,0.98217213,0.9839502,0.977727,0.98366576,0.98810065,0.97696877,0.98724234,0.9842822,0.9875937,0.98807013,0.9747727,0.99002343,0.98309475,0.9892175,0.99047476,0.9890581,0.9854491,0.97699815,0.98685324,0.98196805,0.98878044,0.9831119,0.98828304,0.98027474,0.9898879,1.0000001,0.9814063,0.9843101,0.9917919,0.9804153,0.9886264,0.9884322
stir,0.9837109,0.98065203,0.98007035,0.9819369,0.9789918,0.97903395,0.9606153,0.9610077,0.96913326,0.984009,0.97749627,0.98344916,0.97235245,0.98127705,0.9852243,0.97889656,0.9784321,0.9801307,0.9756211,0.9795836,0.97348386,0.97744244,0.97348666,0.9759716,0.97578496,0.98296,0.9809529,0.98042053,0.9864621,0.97925186,0.98456043,0.97798705,0.97833157,0.9568801,0.9794161,0.9824918,0.98575115,0.9760112,0.9799528,0.9716761,0.98528695,0.9793937,0.98018944,0.9801138,0.9832888,0.9739144,0.9758657,0.97525537,0.976889,0.9708335,0.9727599,0.9770752,0.96210223,0.9583485,0.98102,0.977254,0.9551365,0.9820527,0.9644841,0.9818054,0.9814991,0.9738098,0.9846303,0.9795153,0.9768098,0.9855157,0.9781195,0.9829778,0.9728797,0.9754807,0.97486466,0.9785076,0.9670049,0.9836626,0.9817374,0.980378,0.98365617,0.98242384,0.9837139,0.9844363,0.9596951,0.9826193,0.9814356,0.9779003,0.98294145,0.9825172,0.9782193,0.9833559,0.9809293,0.9815596,0.98226166,0.9779085,0.9842468,0.96908855,0.98995095,0.98054403,0.9760879,0.97790253,0.97573483,0.98476446,0.97568554,0.98360145,0.98095787,0.97623307,0.9729467,0.9735595,0.97847843,0.96982837,0.97456807,0.98234755,0.98299706,0.96513236,0.9769976,0.9747544,0.9853252,0.9820824,0.95504564,0.65939903,0.9767258,0.98300385,0.98330885,0.9840244,0.98052317,0.98169506,0.9654796,0.9744777,0.98296213,0.9786856,0.98099494,0.9869591,0.97844875,0.97996,0.9720897,0.9804144,0.97611177,0.97461593,0.98017687,0.9817241,0.9773656,0.98235387,0.9769499,0.9830353,0.9776308,0.9808499,0.97207934,0.98264444,0.97861737,0.98105466,0.9727433,0.9792419,0.98450524,0.98058015,0.9833979,0.9742798,0.9730605,0.97637236,0.98256826,0.97822714,0.9831365,0.981561,0.9842271,0.9852503,0.9797432,0.97615033,0.9800667,0.979186,0.9708553,0.981668,0.9815816,0.9824369,0.9684168,0.9794226,0.9806214,0.9820912,0.97322613,0.9846975,0.98111904,0.98298043,0.98022443,0.9806871,0.97172076,0.9803158,0.96923447,0.9773293,0.98090166,0.97589505,0.9720951,0.9825446,0.97003657,0.98424417,0.98294914,0.98389024,0.9745926,0.97583425,0.98242944,0.9783384,0.97809297,0.98233056,0.97995305,0.9425591,0.97923905,0.9818624,0.98576105,0.9847119,0.87028235,0.97733617,0.98146254,0.9830484,0.9854432,0.9778764,0.9747258,0.9809378,0.9839478,0.9752493,0.9819116,0.9807251,0.97853315,0.9775049,0.9713125,0.9804081,0.9792942,0.98299205,0.9865479,0.98054975,0.9818135,0.9757815,0.9806657,0.9858056,0.98352975,0.97737616,0.9729916,0.9818464,0.9851644,0.9738958,0.9799793,0.9773383,0.9775038,0.9830114,0.977685,0.97330445,0.97794163,0.97185844,0.98218495,0.9832777,0.98393184,0.98467445,0.9775202,0.9909115,0.9835683,0.9688075,0.98442596,0.9757876,0.98152304,0.98708487,0.9818292,0.9822372,0.965997,0.97958606,0.97715575,0.9839841,0.97644264,0.9783008,0.9753918,0.98480886,0.9814063,1.0000001,0.97767407,0.98172975,0.98072547,0.98343194,0.9827768
take,0.9864287,0.98352426,0.98011416,0.97646856,0.9729724,0.9782734,0.97016156,0.96285796,0.9692774,0.97896457,0.9841021,0.9814403,0.9664244,0.9767241,0.98016626,0.9797868,0.9785125,0.9801567,0.97727805,0.97911286,0.9721581,0.97147787,0.9734446,0.97449666,0.9769833,0.9813227,0.9748949,0.9811685,0.98067904,0.97613186,0.98460174,0.9752564,0.9769951,0.959073,0.97802025,0.9840566,0.98580563,0.97454476,0.9805014,0.970832,0.9818554,0.9771596,0.9776621,0.977678,0.9830371,0.975665,0.9807846,0.97375363,0.97605985,0.9682191,0.9762149,0.97408265,0.9627594,0.96360594,0.9839179,0.9735596,0.9593622,0.9828129,0.96708333,0.98639643,0.98119587,0.9794472,0.98098683,0.9815497,0.97732365,0.9819007,0.9770854,0.9834743,0.97066265,0.9745731,0.9701481,0.97864085,0.9635996,0.98043627,0.97908866,0.9822786,0.9815217,0.9797384,0.98304677,0.98028255,0.9570441,0.9899718,0.9825994,0.9786139,0.98091483,0.98407924,0.977394,0.9844114,0.982428,0.9816774,0.98475915,0.9768674,0.9813731,0.9736448,0.9835476,0.98073643,0.9793679,0.978866,0.9765225,0.9812125,0.97521764,0.9873926,0.97657967,0.97304827,0.97022593,0.9738038,0.98433983,0.96807694,0.9824038,0.9895066,0.9812561,0.96497595,0.9762406,0.97005427,0.9830094,0.9794769,0.9550796,0.6527169,0.98064476,0.9814704,0.98972905,0.9837553,0.97990227,0.98690784,0.97720814,0.975054,0.98022187,0.978677,0.9813269,0.98273337,0.97704077,0.9865083,0.9802299,0.9861271,0.9794823,0.9735228,0.98819554,0.98375934,0.98516154,0.9810822,0.9770394,0.9766245,0.97591615,0.98246306,0.97271925,0.9854765,0.97840834,0.977391,0.97004354,0.980911,0.9841471,0.9765876,0.98280483,0.97943366,0.9663805,0.9767002,0.97664547,0.97731423,0.9820701,0.9792915,0.978903,0.9616348,0.98472065,0.9747259,0.9894955,0.9787684,0.9727701,0.97592604,0.97971064,0.97294486,0.972378,0.976519,0.97781533,0.97868705,0.97057533,0.9838565,0.9857846,0.98458993,0.9809043,0.9818582,0.9698165,0.9835022,0.974204,0.97676504,0.98212373,0.98592204,0.972502,0.986008,0.969329,0.981697,0.9855112,0.9824023,0.9742865,0.9764974,0.979551,0.9834764,0.9782552,0.9837806,0.97802955,0.9500008,0.9771753,0.9861448,0.9766703,0.9814526,0.87886,0.9763684,0.98362374,0.978083,0.9839757,0.98373324,0.9790409,0.98124427,0.981197,0.9814292,0.98878986,0.9847286,0.9783062,0.9772717,0.96900696,0.98435974,0.97971547,0.9792017,0.976878,0.98451823,0.98773825,0.9761915,0.98121214,0.9847203,0.9821943,0.97950464,0.97454053,0.97970796,0.98493296,0.9708314,0.9846066,0.9781211,0.9769299,0.98295325,0.9777354,0.98031497,0.98197716,0.97152466,0.9897343,0.9817924,0.9747292,0.985411,0.97288036,0.98505974,0.9836896,0.97278035,0.98501664,0.974357,0.9846257,0.98371905,0.980723,0.98861676,0.98387253,0.9850722,0.97368246,0.98676455,0.9901313,0.97637105,0.97199243,0.98423344,0.9843101,0.97767407,1.0000001,0.9865777,0.9724268,0.98374313,0.98719114
put,0.98964953,0.9854889,0.98603654,0.983011,0.982866,0.98362386,0.9658047,0.9622033,0.9730728,0.97878134,0.98693246,0.9859858,0.97236705,0.9781164,0.9845597,0.98438543,0.98333347,0.98690075,0.98272294,0.98470753,0.9787934,0.9756236,0.9768583,0.97990227,0.98241735,0.9849762,0.9813809,0.98420393,0.9845008,0.980796,0.9898217,0.9771201,0.9804221,0.96153504,0.9842406,0.9860633,0.9895449,0.97784096,0.9827067,0.97344553,0.9887185,0.9831045,0.98500955,0.98378515,0.9902091,0.97500277,0.98308325,0.9797041,0.98275197,0.97272855,0.9835478,0.9780167,0.9665577,0.96937996,0.98451537,0.97942823,0.9635178,0.98694044,0.97383004,0.99222946,0.98485357,0.98212653,0.98677474,0.98593587,0.9832052,0.9881437,0.98823607,0.98854697,0.97509944,0.9801884,0.97814614,0.9833986,0.97593516,0.98415923,0.9847081,0.9835706,0.98775136,0.9886915,0.98530376,0.9867371,0.9612506,0.989529,0.98900914,0.9801436,0.98815244,0.9885702,0.98468184,0.98782194,0.9877803,0.986517,0.9876019,0.9864598,0.9877324,0.9710642,0.9861982,0.98487216,0.97970617,0.9848931,0.98224837,0.9862021,0.98004967,0.99032223,0.98018956,0.9809768,0.9754735,0.97946715,0.98573995,0.97441584,0.97950655,0.98917747,0.9891059,0.97118336,0.9810041,0.9771559,0.98404294,0.9884667,0.96850735,0.65470046,0.9843573,0.9868337,0.989573,0.9875759,0.9848334,0.986901,0.9728295,0.9789743,0.9832212,0.98677397,0.98645097,0.9866207,0.9834929,0.98754054,0.9837897,0.9866909,0.97998846,0.97912765,0.98729706,0.9877825,0.98599416,0.9863546,0.98177564,0.98378307,0.9811081,0.9893286,0.9764525,0.9892673,0.9854782,0.9855796,0.97897077,0.9848616,0.9917588,0.98297757,0.9881544,0.9855719,0.97071123,0.9796112,0.98091227,0.9816249,0.98605865,0.9851578,0.98242825,0.96719396,0.9877822,0.9773688,0.9870517,0.9838681,0.9734238,0.9827736,0.98244184,0.9802263,0.972069,0.9814186,0.98346084,0.98323274,0.97751236,0.98721886,0.98741996,0.98942333,0.9885158,0.98535794,0.97795796,0.9908476,0.9740055,0.979932,0.9849334,0.9839968,0.979783,0.9879693,0.97759473,0.98662263,0.9889195,0.98916864,0.97919154,0.9824127,0.98477554,0.9889828,0.9832039,0.98732203,0.98177975,0.95325136,0.9813025,0.9870868,0.9801616,0.98517704,0.87812555,0.9836471,0.9861552,0.98276675,0.9893734,0.98692554,0.97913635,0.9837623,0.98666036,0.98724806,0.9881778,0.99314654,0.98325866,0.9804769,0.97539455,0.9889809,0.98341995,0.9844909,0.98209834,0.98960686,0.9878668,0.98403066,0.9854705,0.9898007,0.9872305,0.9861722,0.98151314,0.98629653,0.9864579,0.97504073,0.984895,0.9848753,0.9819191,0.988691,0.9829907,0.983229,0.98690915,0.9754509,0.98598343,0.98676825,0.97872263,0.9871413,0.984738,0.9897495,0.9871015,0.9745363,0.9905394,0.9824039,0.9894656,0.9885694,0.9850775,0.9855563,0.97907573,0.9867195,0.98264927,0.9913635,0.9859166,0.9876717,0.980534,0.9908538,0.9917919,0.98172975,0.9865777,1.0,0.9788198,0.9894395,0.9887907
mix,0.9796187,0.9761639,0.9743008,0.9798797,0.9735205,0.97684896,0.9570493,0.96219325,0.9718819,0.9760799,0.97671473,0.9816542,0.97400343,0.97577935,0.977381,0.97557366,0.97538525,0.9767607,0.97137874,0.9770665,0.97129565,0.9691751,0.9677671,0.97235215,0.9742837,0.97580165,0.9703244,0.9775279,0.97957224,0.973045,0.9785008,0.96919215,0.9755834,0.9541789,0.97610754,0.97787166,0.9806567,0.97369134,0.9753869,0.96885824,0.98355687,0.97496,0.9743697,0.97496444,0.9781739,0.97398156,0.97172564,0.97158724,0.97412103,0.9656113,0.9731975,0.975908,0.95804334,0.95825696,0.9762232,0.97473925,0.9503526,0.97975814,0.96110487,0.9779306,0.97848815,0.9720382,0.97885764,0.9774947,0.97452253,0.98116297,0.9743456,0.9798285,0.97051924,0.97253346,0.9671049,0.9754866,0.96164715,0.98019975,0.97779757,0.9707071,0.9811093,0.9769424,0.9747438,0.97996545,0.95716214,0.9796765,0.9768229,0.9748794,0.98064405,0.9797897,0.9758229,0.9805252,0.97548634,0.9767675,0.9789801,0.97332036,0.97495115,0.9706198,0.98090255,0.9748033,0.9726657,0.9753129,0.97127867,0.98142606,0.972335,0.97957146,0.97501147,0.977802,0.9710621,0.9718027,0.9760598,0.9647886,0.9711549,0.97778904,0.97877103,0.9647709,0.9750617,0.98094976,0.9749257,0.9773922,0.9473226,0.66477585,0.97355604,0.97891104,0.9775897,0.9843038,0.9766528,0.9805582,0.9650536,0.97202504,0.97780186,0.9751116,0.9737626,0.9795379,0.97226924,0.97963345,0.97639644,0.9800873,0.9711468,0.9683565,0.9777092,0.97971654,0.97642255,0.9800771,0.9743395,0.9756113,0.97672343,0.977232,0.96841043,0.9776473,0.97315925,0.9777156,0.9716283,0.9754453,0.98097175,0.9744414,0.9794307,0.97298306,0.9744332,0.9792752,0.9779607,0.97402227,0.9793341,0.9789973,0.97874856,0.97693485,0.97789526,0.97251153,0.97796875,0.9731139,0.9671129,0.98212045,0.9765472,0.9756113,0.97268283,0.97818935,0.9753227,0.9786783,0.96936923,0.97925574,0.9774942,0.98000693,0.9771101,0.9785641,0.97058904,0.97737294,0.964793,0.9764304,0.9763583,0.9714115,0.9687684,0.97805697,0.9639855,0.97897655,0.9793019,0.9819106,0.97250056,0.9716238,0.97820765,0.97353584,0.9745571,0.9785701,0.9764775,0.943441,0.97507566,0.98245823,0.9821443,0.9793239,0.8698612,0.97520965,0.97862285,0.97670496,0.9809469,0.978035,0.97000796,0.9795558,0.979699,0.9758395,0.9785336,0.9761764,0.973154,0.9743051,0.96786207,0.9768913,0.97543854,0.9799931,0.9924832,0.97635347,0.97882855,0.9717821,0.9765324,0.97877073,0.9800262,0.9737805,0.9695894,0.9787402,0.97289056,0.97404045,0.9763824,0.97478443,0.9760867,0.97915965,0.9727823,0.9718935,0.97605526,0.97076756,0.9784019,0.97992617,0.9850137,0.97590536,0.9738949,0.983881,0.9833336,0.9643271,0.9801916,0.97343177,0.9783236,0.9839366,0.97816855,0.97737855,0.95933586,0.9763241,0.9728141,0.97817856,0.9736853,0.9750863,0.9732891,0.9816391,0.9804153,0.98072547,0.9724268,0.9788198,1.0000002,0.97957873,0.9805665
set,0.9888447,0.9867768,0.9868855,0.9859856,0.9815903,0.98384845,0.9668077,0.96459997,0.9746872,0.9802875,0.9847168,0.98595744,0.97388965,0.9804061,0.9883928,0.9855359,0.9832011,0.9873178,0.9806769,0.9843001,0.9758472,0.9751958,0.97471493,0.98401105,0.98281044,0.98434937,0.9817769,0.9833958,0.98590016,0.9825945,0.9884995,0.97898203,0.98071015,0.95844114,0.9823009,0.98512894,0.98954266,0.9803958,0.98335916,0.9740016,0.9879517,0.9853022,0.98279315,0.981639,0.98815286,0.9750672,0.9809622,0.98144585,0.98169535,0.9745719,0.9790251,0.9788466,0.96905196,0.9679662,0.98347837,0.98116565,0.9583194,0.9893324,0.96996427,0.98711306,0.9854982,0.9809518,0.9887912,0.98403025,0.9829588,0.98918146,0.98455405,0.98682016,0.97935027,0.9816965,0.98211485,0.98542136,0.9733642,0.98610705,0.98561555,0.9856513,0.99320155,0.9843422,0.98613834,0.9882624,0.9635277,0.9880031,0.98747945,0.979929,0.98915315,0.9906999,0.9831793,0.98712057,0.98432934,0.9850831,0.987852,0.98141265,0.9885583,0.9719186,0.9868445,0.9858277,0.98261565,0.98413146,0.9818363,0.98600864,0.98187315,0.9909155,0.9811649,0.9823451,0.9748942,0.9816643,0.98504555,0.97559947,0.9791344,0.98960245,0.9890606,0.97310674,0.9817458,0.9761647,0.98470646,0.9876045,0.9586196,0.6529007,0.9819507,0.9867633,0.9876997,0.9877808,0.9852613,0.9864113,0.9729619,0.97945076,0.9879795,0.9846486,0.98709965,0.9862752,0.9834645,0.98740584,0.98169327,0.98686063,0.98133457,0.97738016,0.98485607,0.98729503,0.98649925,0.98573023,0.9815622,0.98312813,0.98249996,0.9860563,0.97604704,0.9893525,0.98303133,0.98657495,0.9785986,0.9845495,0.9902576,0.98781455,0.98660654,0.9841828,0.973332,0.9817667,0.9852714,0.9814772,0.9872108,0.9890686,0.98580825,0.97012407,0.9870566,0.97909087,0.9867445,0.99228305,0.97516,0.98288757,0.9851608,0.9815048,0.9715524,0.9812692,0.9854621,0.9860224,0.9794473,0.9888945,0.9876967,0.9882861,0.9857365,0.9849116,0.9786913,0.9881618,0.971394,0.98126405,0.98562014,0.9815514,0.98068523,0.9872131,0.97499025,0.98798335,0.98957896,0.9873706,0.97985864,0.98137105,0.98845136,0.98463225,0.9814909,0.9873556,0.9849393,0.95135,0.9857055,0.9883575,0.98135567,0.98989546,0.88257104,0.98372227,0.98737115,0.9861775,0.9914514,0.9851978,0.9765713,0.98302794,0.9883972,0.9817957,0.9873008,0.9886932,0.9851681,0.9800438,0.97602195,0.9880964,0.98257816,0.9883648,0.98221064,0.9851975,0.98803693,0.98059297,0.98497564,0.9890307,0.98787695,0.9836836,0.98078305,0.9862221,0.98549247,0.9765289,0.98346794,0.98450226,0.9820194,0.9870225,0.9901784,0.97862893,0.98842394,0.9761974,0.98430973,0.98822814,0.98023635,0.9871544,0.985886,0.98979497,0.98722357,0.9751167,0.99304825,0.981854,0.9883626,0.9890832,0.9856416,0.9867388,0.9748004,0.9857307,0.9814112,0.9881571,0.984896,0.982751,0.9806694,0.9903827,0.9886264,0.98343194,0.98374313,0.9894395,0.97957873,1.0,0.9868824
add,0.98764306,0.9864342,0.98542696,0.98097,0.9823899,0.9820739,0.9642165,0.9625992,0.9721442,0.9807234,0.98385596,0.986892,0.9743037,0.98233014,0.98441344,0.9848455,0.9871969,0.98432684,0.9821507,0.9884109,0.98449343,0.9783065,0.9782289,0.9840876,0.9835605,0.98847276,0.98187274,0.9844288,0.98539686,0.9821742,0.987362,0.9776163,0.98122346,0.96222717,0.98680043,0.9882784,0.9902302,0.98173815,0.98565304,0.97402275,0.987865,0.9875847,0.9825631,0.985777,0.9882828,0.97365993,0.9797029,0.97868675,0.9836981,0.97897387,0.9810996,0.9824574,0.9704739,0.968348,0.9854033,0.97912854,0.9640414,0.98783684,0.9701241,0.9896152,0.9879942,0.9804527,0.9883863,0.984964,0.98735225,0.9878729,0.982446,0.9862915,0.9767299,0.9833807,0.9785208,0.98379916,0.9699057,0.9880426,0.98487693,0.983752,0.98680896,0.9857213,0.9853686,0.98855525,0.96420485,0.9884961,0.98837775,0.98053426,0.98478025,0.98780894,0.985646,0.989803,0.9892547,0.98732597,0.98553884,0.9824051,0.98695713,0.9729169,0.98682034,0.9840704,0.97726,0.98715144,0.986205,0.99205595,0.9860336,0.99002445,0.98452246,0.9796784,0.97535735,0.9785107,0.98471797,0.9708974,0.979218,0.98727643,0.9876561,0.9722487,0.98443425,0.98060125,0.9853957,0.98668265,0.9563044,0.6709626,0.9799647,0.989501,0.98884416,0.9862232,0.98902315,0.98740685,0.97432476,0.9782872,0.9873643,0.98670965,0.9843039,0.9866959,0.98194367,0.9865827,0.98603565,0.9875183,0.982342,0.98230284,0.9843207,0.9880167,0.9888778,0.9885651,0.9840987,0.98327297,0.98076606,0.9866492,0.97775036,0.9875533,0.9836729,0.9832676,0.97798765,0.98605716,0.9880274,0.9811524,0.98932976,0.98120505,0.97347647,0.9838268,0.9807535,0.98426163,0.9877453,0.9827848,0.9838771,0.96821827,0.9871443,0.9797688,0.9870625,0.98144996,0.97770506,0.98769176,0.9877928,0.97910416,0.968269,0.982816,0.9839472,0.9866876,0.97644204,0.9893221,0.9877221,0.98888934,0.98768246,0.9898497,0.9759303,0.9886458,0.9725462,0.9861874,0.9882316,0.98302037,0.9803838,0.9903763,0.9759219,0.98653585,0.9918024,0.9894633,0.9836509,0.98337764,0.98603785,0.9873768,0.9861314,0.990343,0.98143864,0.9503936,0.980281,0.9901452,0.98337495,0.9838632,0.8799848,0.98353666,0.9852829,0.98261154,0.99059194,0.98738956,0.9789835,0.98880506,0.9887427,0.98607093,0.9900072,0.9886587,0.9817531,0.9822365,0.9762583,0.98767287,0.9867011,0.98807645,0.9849683,0.985919,0.98573613,0.9855927,0.9868545,0.98849857,0.9888952,0.98369604,0.98138016,0.9873624,0.98843884,0.9802584,0.9892001,0.9835041,0.9844066,0.9893741,0.9818351,0.9846987,0.9858165,0.9773509,0.98538643,0.9892612,0.98244005,0.9881369,0.9782937,0.99039084,0.9890767,0.9761046,0.98941505,0.98232996,0.98705953,0.99061847,0.9866023,0.98519367,0.97787803,0.985759,0.9815982,0.9918695,0.9849983,0.98052573,0.98090136,0.9910671,0.9884322,0.9827768,0.98719114,0.9887907,0.9805665,0.9868824,1.0000001
