Word,splutter,deflate,stream,crimp,floured,punch,devein,select,sterilize,overmix,invert,pressure,thread,scramble,knead,steep,absorbed,rise,smoking,marinate,frost,foam,crockpot,caramelize,refrigerate,grease,evaporated,overcook,massage,charred,evaporate,condensed,griddle,presentation,dredge,barbecue,curdle,dollop,scorching,tilt,muddle,deglaze,freezing,parboil,baste,scrub,defrost,rising,preheat,roux,store,tie,slit,distribute,bubbling,blanch,flavoring,pierce,decorate,insert,broil,unmold,grate,prick,dressing,shred,ice,flatten,sizzle,sear,caramelized,unroll,sweeten,flake,tuck,stop,settle,moisten,rotate,crumble,snap,skim,soak,sieve,stretch,drip,sweat,handle,submerge,spray,flip,immerse,powdered,sift,shake,wilt,scrape,smoke,marinade,dissolve,toast,squeeze,grind,blitz,bubble,slash,blot,style,trim,twist,whip,carve,divide,meld,swirl,thicken,garnish,,thaw,braise,uncover,process,bake,rinse,repeat,scatter,square,char,uncovered,whirl,seal,wipe,assemble,wash,strain,pop,strip,brush,smear,poach,ladle,seasoning,poke,dress,burn,reduce,dust,stack,reheat,dripping,transfer,soften,drizzle,arrange,measure,fold,beat,simmer,saute,mould,shape,stirring,raise,tear,pick,stand,scoop,stuff,smash,sort,clean,prepare,squash,mash,dash,crush,drain,splash,glaze,break,chill,drop,test,dice,lard,unwrap,slather,rub,moist,scald,pat,steam,split,pack,mound,replace,foil,roast,unfold,yield,smooth,press,puree,roll,sprout,serve,skin,whisk,melt,hold,check,wrap,boil,reserve,pull,fill,start,sprinkle,spread,move,minced,cream,combine,dump,peel,coat,dip,throw,fry,season,zest,mince,push,chop,separate,butter,slice,wet,sit,save,wait,wok,open,stew,blend,touch,cool,toss,cut,taste,rest,pre-heat,cover,stir-fry,pan-fry,turn,remove,dry,warm,pour,note,top,heat,cook,place,stir,take,put,mix,set,add
splutter,0.0,0.046535786,0.060433883,0.06939866,0.05088136,0.05000966,0.105582386,0.120827064,0.06218658,0.077938214,0.053661488,0.031822205,0.047940545,0.03347922,0.061795503,0.04967124,0.119248435,0.04867924,0.03214997,0.04403892,0.04378707,0.05745274,0.02885752,0.058358386,0.042012285,0.035211585,0.10412559,0.06780384,0.06245884,0.066208065,0.05386751,0.10139384,0.05036051,0.09382801,0.039212372,0.025298689,0.049117975,0.055320106,0.036170382,0.038697626,0.048531268,0.04060327,0.04293989,0.04291638,0.040525895,0.09768071,0.059216198,0.068475135,0.050631728,0.05963947,0.044074923,0.07909797,0.06927795,0.075037405,0.038493756,0.045099806,0.06768993,0.06450593,0.13232249,0.06293625,0.038468808,0.051068503,0.072193295,0.056675207,0.05085848,0.069846526,0.07060574,0.071521856,0.02959358,0.048995268,0.040357433,0.056690723,0.049897447,0.076119244,0.07284312,0.03175166,0.050167553,0.08786106,0.046301637,0.07697678,0.0945271,0.042498376,0.060797907,0.056534547,0.0449857,0.043815996,0.030549597,0.03955492,0.07221578,0.050032035,0.059123304,0.08409129,0.057876483,0.10266616,0.05714069,0.064146504,0.064232476,0.03825318,0.06776836,0.056122653,0.05045287,0.04466069,0.0719521,0.04693448,0.0509819,0.092798255,0.075847454,0.05959183,0.07036268,0.06931728,0.04722132,0.0676802,0.07217273,0.06787118,0.051068317,0.046741642,0.08340424,0.18054274,0.060982455,0.035987623,0.04675582,0.061251257,0.038869698,0.054754972,0.064503476,0.07403351,0.076748244,0.094504885,0.05965588,0.06144027,0.058212202,0.045183107,0.053299807,0.04294002,0.083375745,0.04424535,0.052025314,0.043701146,0.06129835,0.0339149,0.053768933,0.054641686,0.094779246,0.052282285,0.1271136,0.06430818,0.067816384,0.049675375,0.058824938,0.034570295,0.052928448,0.06960698,0.039556675,0.05441029,0.051993683,0.04255574,0.06832753,0.041527227,0.02910445,0.053840313,0.07024113,0.057435874,0.07753665,0.09584712,0.06228002,0.04778883,0.046355978,0.082364954,0.08030339,0.048738565,0.0650376,0.052529637,0.07336726,0.052425783,0.05582433,0.06780086,0.046450745,0.053928055,0.050648358,0.07860185,0.061186105,0.04805607,0.1050331,0.09096118,0.035364047,0.055360183,0.051165093,0.05275084,0.07343698,0.036443163,0.043933574,0.029450698,0.08564001,0.058858335,0.06953349,0.06795615,0.05019928,0.028717233,0.055792157,0.06264653,0.092540435,0.050742127,0.057523027,0.061625216,0.15498419,0.04938136,0.05109663,0.06378874,0.034776263,0.05458482,0.08609493,0.03530247,0.037600324,0.04847938,0.052146934,0.082781844,0.040034678,0.086369984,0.057856873,0.06590846,0.0758352,0.03533715,0.0648532,0.041767716,0.053637777,0.0524087,0.074301675,0.044227745,0.037405185,0.05441557,0.050912306,0.081667915,0.048954092,0.099731386,0.071229294,0.045327518,0.08147386,0.0718093,0.04915212,0.049497742,0.04877864,0.037822403,0.05007776,0.03533944,0.056362197,0.049605194,0.052392256,0.04730447,0.072915316,0.09767665,0.037276216,0.053220626,0.041435406,0.026624573,0.038157888,0.0674445,0.05240319,0.04215719,0.05546478,0.05204056,0.054395836,0.046947066,0.056608573,0.03140272,0.04430734,0.05074647,0.0700532,0.048809092,0.061419163,0.044142194,0.043888964
deflate,0.046535786,0.0,0.06747918,0.06694814,0.05778841,0.024059169,0.110678524,0.12697613,0.06853878,0.082123645,0.05138841,0.041244745,0.05227426,0.055810988,0.05636611,0.059563465,0.12759422,0.04408453,0.047742292,0.05998451,0.05868531,0.04219342,0.056249283,0.08269643,0.040945847,0.05639477,0.11356947,0.08475618,0.056821465,0.082543544,0.05470231,0.10582861,0.067315824,0.10115834,0.051702958,0.05351557,0.05321429,0.05534224,0.06313701,0.0463846,0.035419974,0.05398419,0.032307565,0.06358214,0.05319052,0.1023207,0.046153903,0.069028914,0.05750966,0.054619737,0.042865146,0.09225216,0.066175304,0.062361985,0.034410145,0.049644396,0.07528108,0.0760405,0.14021412,0.06340863,0.06923976,0.0284524,0.063453026,0.05791323,0.056393784,0.059291862,0.0642788,0.07015222,0.06279095,0.0737833,0.054058995,0.05135354,0.053157914,0.06716684,0.070357375,0.042035066,0.042213757,0.09556703,0.04935445,0.06518583,0.093021445,0.038392443,0.068858735,0.05578181,0.028971074,0.045622632,0.053551212,0.04088666,0.0809297,0.04827653,0.06588607,0.09198734,0.041917533,0.1090239,0.059680477,0.06634979,0.0684422,0.054674763,0.07419552,0.055173416,0.07767146,0.029695464,0.0645731,0.051602878,0.03422915,0.098539755,0.08349614,0.053954195,0.06760575,0.06898254,0.033888623,0.07011397,0.06417954,0.06854906,0.052290346,0.04067733,0.08742185,0.1902848,0.047552023,0.060704637,0.05652521,0.061134513,0.06571847,0.06421089,0.0654845,0.07903108,0.06961571,0.10983164,0.06934455,0.06477651,0.06646625,0.05410801,0.041430186,0.052635055,0.08444564,0.057630397,0.043056704,0.04377249,0.07005599,0.05822714,0.06372163,0.060825042,0.100770205,0.059951175,0.14386338,0.06941826,0.07216983,0.047516398,0.057959225,0.041830674,0.04837869,0.06731319,0.04208679,0.056466017,0.0531043,0.029457293,0.06648349,0.052650593,0.061617486,0.032412175,0.060382206,0.054925963,0.081353486,0.097979754,0.062626265,0.043323033,0.050083645,0.088462025,0.0727045,0.038322907,0.06598926,0.06539573,0.06780846,0.042985365,0.059910495,0.05801642,0.041123945,0.06096404,0.06080211,0.07354545,0.057267487,0.04983521,0.11643181,0.08773092,0.04893663,0.041058514,0.058702543,0.060266472,0.08411722,0.045549586,0.03453139,0.05802707,0.081254855,0.058910098,0.06247592,0.072151005,0.0673919,0.05909406,0.045866944,0.07202766,0.095494084,0.055257976,0.053847294,0.050752103,0.16352871,0.0418112,0.036696628,0.06397193,0.04185329,0.044343133,0.09861643,0.040694486,0.06313613,0.042030945,0.052289013,0.0857447,0.051921446,0.08958102,0.06017243,0.062458888,0.06948322,0.036346313,0.056527082,0.0395916,0.040060423,0.05224353,0.08571293,0.04863643,0.070184514,0.06351055,0.04981902,0.078090236,0.035785463,0.096315816,0.061371513,0.053411197,0.078550234,0.08309176,0.04797025,0.041139543,0.049349643,0.06206793,0.046668865,0.063590616,0.056176435,0.039775092,0.045415405,0.03960493,0.076137125,0.10614734,0.040225666,0.055463098,0.050434615,0.056588363,0.07288022,0.06971068,0.0463749,0.04715008,0.05186409,0.047427934,0.04931907,0.045814432,0.058407255,0.044136733,0.040222727,0.0418749,0.07157775,0.034013312,0.052884996,0.037999216,0.034280274
stream,0.060433883,0.06747918,0.0,0.03763882,0.051423702,0.065051734,0.06425635,0.07432269,0.03920753,0.040925983,0.0399649,0.053599942,0.040923685,0.053227,0.04085434,0.028550059,0.06899945,0.035830356,0.052654553,0.03438286,0.06592611,0.08555807,0.06397281,0.0527306,0.04664248,0.059820727,0.056742128,0.03843936,0.03930633,0.042396657,0.027828436,0.053701412,0.039470445,0.052616872,0.07240075,0.06615778,0.034984764,0.042800944,0.05780165,0.059762914,0.05049793,0.037215263,0.06561981,0.038482305,0.03217977,0.05513537,0.06983312,0.033717297,0.094100446,0.09331621,0.0646411,0.044153124,0.070403665,0.09566482,0.07333534,0.0789824,0.035167057,0.038519967,0.08392568,0.031698454,0.06952735,0.075109884,0.054306466,0.047411058,0.038355518,0.06198116,0.09856883,0.04025808,0.06247337,0.058498584,0.05401178,0.037480585,0.0472733,0.073525585,0.041169167,0.052767027,0.07507874,0.03851473,0.035907086,0.08176805,0.06996764,0.06352854,0.021244641,0.040669642,0.052928004,0.036137413,0.04532823,0.044168327,0.025180694,0.058080792,0.031122778,0.034426946,0.05744316,0.0589145,0.039333794,0.033157147,0.04697744,0.04646834,0.029869298,0.035707872,0.064895175,0.062130082,0.063269794,0.04777944,0.07604713,0.058393493,0.03544363,0.05014419,0.045725938,0.03593882,0.046298195,0.05147731,0.066783264,0.042061284,0.03525372,0.05366465,0.04132337,0.15372942,0.07638733,0.08114105,0.03139712,0.0355375,0.078820854,0.039677445,0.03162513,0.046407558,0.050837565,0.054502077,0.02694963,0.03257104,0.025217902,0.04755603,0.067327626,0.04486659,0.03776978,0.043481674,0.060316607,0.061794575,0.03836437,0.0738127,0.024771525,0.035261545,0.0626477,0.038352504,0.08832837,0.024128893,0.037244596,0.039471064,0.10008282,0.06861366,0.03598655,0.040116493,0.04799447,0.03392387,0.045522306,0.055587314,0.038823407,0.08286214,0.06931897,0.060371064,0.04602776,0.047864646,0.03555042,0.057549976,0.032962885,0.06350083,0.04566891,0.037782133,0.05235609,0.06239181,0.04546393,0.035045203,0.04340835,0.05710778,0.037702538,0.05390608,0.04127163,0.026416536,0.04599833,0.06763292,0.095169656,0.03169495,0.06085248,0.07775235,0.044474754,0.07719613,0.052747637,0.03047006,0.03427737,0.075263985,0.05438011,0.05171364,0.079716556,0.036388658,0.045598708,0.029071124,0.031963136,0.070206106,0.051398095,0.0322721,0.050888836,0.034360528,0.059902407,0.04494796,0.10784617,0.08216039,0.066691004,0.035755973,0.045926437,0.09016274,0.04715106,0.05948917,0.04400199,0.06061302,0.034023765,0.035796102,0.03896487,0.051552057,0.07237735,0.032831993,0.07145492,0.057932295,0.060908582,0.044996653,0.075573705,0.07767969,0.02945963,0.033625506,0.08172635,0.03560341,0.043725625,0.06659381,0.055675186,0.08246811,0.06954874,0.051520597,0.068347916,0.026716601,0.051233623,0.07059777,0.041246362,0.07362307,0.043915685,0.05298245,0.055379655,0.05469468,0.07641472,0.057245154,0.04552548,0.05268611,0.060006,0.0945044,0.0359398,0.06784054,0.06570891,0.037238702,0.047913723,0.04072134,0.09420085,0.035226215,0.08632241,0.05544219,0.09875244,0.04833202,0.054103225,0.0630995,0.03402699,0.060384404,0.06611813,0.051188055,0.062423065
crimp,0.06939866,0.06694814,0.03763882,0.0,0.05931654,0.058780305,0.06291865,0.06828889,0.039224166,0.031274367,0.03959375,0.057157483,0.039648563,0.060544018,0.024959996,0.04547431,0.072169766,0.031668045,0.061718144,0.050727397,0.07849836,0.08743419,0.07302909,0.0630868,0.050009698,0.06980512,0.06079722,0.04354466,0.027389495,0.04727674,0.0387989,0.05337206,0.044500772,0.053702097,0.08133781,0.075413056,0.03423519,0.045742236,0.0675524,0.07100985,0.044188157,0.04964066,0.07034423,0.054976672,0.050135173,0.049573585,0.07373038,0.024219817,0.10134233,0.098822415,0.0715053,0.04231982,0.06679155,0.090554245,0.077865556,0.08511199,0.040075857,0.04274473,0.082889974,0.038749103,0.0809075,0.07767185,0.044394795,0.046925854,0.05212898,0.052528333,0.106055476,0.025425935,0.07228326,0.067731105,0.061054945,0.03165914,0.057944104,0.06753967,0.028740576,0.06199005,0.07978902,0.046765193,0.035624433,0.076342255,0.06067067,0.07217639,0.0451697,0.03389082,0.048130263,0.052145943,0.05727112,0.048127536,0.045521785,0.067379676,0.029785618,0.048979703,0.051281426,0.054038,0.03658748,0.02939541,0.046525463,0.05787807,0.050093174,0.04400535,0.07681245,0.066741675,0.05626253,0.049466755,0.07773224,0.051168542,0.04287804,0.047279954,0.036019854,0.030056482,0.046142068,0.046394978,0.057940196,0.035118878,0.036524035,0.06523899,0.042614426,0.15214957,0.08070915,0.09255005,0.04085113,0.025175558,0.08892147,0.047088396,0.032676347,0.04087115,0.033803444,0.06197313,0.035912264,0.032865733,0.032495037,0.05325313,0.06475439,0.052832864,0.038998462,0.050575208,0.061655432,0.067832455,0.041278593,0.0876116,0.04019221,0.03968784,0.05757229,0.05032181,0.0902965,0.037439775,0.0381225,0.037532616,0.10694234,0.08149003,0.035153583,0.028599449,0.059420902,0.038251616,0.046932135,0.055962868,0.02753613,0.0906443,0.0802587,0.0543027,0.032133847,0.04423193,0.032017745,0.04683558,0.032285407,0.069055215,0.05263133,0.03924949,0.03823264,0.059127934,0.04324193,0.038790468,0.025092619,0.051046185,0.04376962,0.041402694,0.05557548,0.04550516,0.057445668,0.061011277,0.10086521,0.04037401,0.061677728,0.069905214,0.049750693,0.081710845,0.06003554,0.03659771,0.048867054,0.084383786,0.052935377,0.06366511,0.07420039,0.036234662,0.033452928,0.03488981,0.04640924,0.08061253,0.04183888,0.038874403,0.038965326,0.035900827,0.055137485,0.0306438,0.104256324,0.08639714,0.06668084,0.027751297,0.055699565,0.09527279,0.048551258,0.06606677,0.060299758,0.06521337,0.03388792,0.03865315,0.04396047,0.04682252,0.07482179,0.028116161,0.06656448,0.062103573,0.05174179,0.054107636,0.07639581,0.085167505,0.042379916,0.04366988,0.09354648,0.04643537,0.050527453,0.059868302,0.053625688,0.07285586,0.062790185,0.05813592,0.06068756,0.04649328,0.055584576,0.07556797,0.04688405,0.08331004,0.043429885,0.06705759,0.05040099,0.052662395,0.080800235,0.05605969,0.036863055,0.053212743,0.06822302,0.10106394,0.042025037,0.07762316,0.07725544,0.031438015,0.053292744,0.05158046,0.100519344,0.046298098,0.09197474,0.06057913,0.1057768,0.05620599,0.056808077,0.061019443,0.03518497,0.06451888,0.05907037,0.055165637,0.066393316
floured,0.05088136,0.05778841,0.051423702,0.05931654,0.0,0.05751874,0.0939557,0.105814315,0.055874843,0.06698282,0.051882435,0.046817113,0.047256652,0.05151226,0.053469867,0.04924459,0.104619615,0.04908739,0.048752196,0.044411715,0.051300716,0.07401383,0.05202852,0.05907123,0.048580628,0.03935658,0.09251302,0.06355091,0.055525552,0.063975394,0.05201726,0.08901207,0.049513333,0.08155555,0.043170463,0.055992372,0.051138397,0.050826337,0.057604156,0.055707656,0.047966223,0.04415177,0.059301376,0.05229818,0.042439353,0.08509291,0.06718265,0.060763106,0.074969105,0.056524128,0.05594905,0.06913357,0.07491361,0.0829223,0.06339774,0.06811607,0.059838723,0.062125128,0.11577029,0.056180067,0.06181283,0.065016136,0.06847577,0.057130307,0.04303251,0.071001,0.08701829,0.06284768,0.058155272,0.056465358,0.043823164,0.052666366,0.0486652,0.07962514,0.06581667,0.04490521,0.06300955,0.06924376,0.046639808,0.08279079,0.08820505,0.05787661,0.054613985,0.050698303,0.051723573,0.04603162,0.048514053,0.041049693,0.06089039,0.047099862,0.054289967,0.071640566,0.059043687,0.088772945,0.04647155,0.059899658,0.06102762,0.04661386,0.055632837,0.05379389,0.061923675,0.0543546,0.071746774,0.054809045,0.06794222,0.084883206,0.06778197,0.058668893,0.065910585,0.061889496,0.04676748,0.06466788,0.072021015,0.0593359,0.048136733,0.053461805,0.07040165,0.16977057,0.07150808,0.0659517,0.045923453,0.054317683,0.06601172,0.05152065,0.0549453,0.061653666,0.07077552,0.083088376,0.050737318,0.055899486,0.048311085,0.048002712,0.060852066,0.04654344,0.068694234,0.04765805,0.060713265,0.04757299,0.050276697,0.063460864,0.046994433,0.047707606,0.08641882,0.043738417,0.11665815,0.057220727,0.05068042,0.050274894,0.08177269,0.057594,0.048466627,0.0636281,0.044108234,0.050809477,0.04733364,0.04599202,0.060889035,0.06998075,0.059388585,0.059195466,0.064418405,0.045096446,0.06452296,0.085533164,0.057110135,0.059765168,0.04518236,0.06432335,0.07250498,0.05667095,0.060193457,0.04893482,0.06445959,0.05442435,0.05139323,0.065510474,0.05282673,0.04736069,0.042820543,0.07884909,0.08120605,0.048250712,0.09157775,0.08984007,0.040892985,0.06909072,0.043930825,0.048372623,0.06577973,0.06238718,0.045106817,0.049619023,0.08796835,0.05429655,0.06520378,0.05968713,0.047694974,0.05844921,0.057485048,0.056450546,0.08021359,0.04450897,0.059821595,0.058041655,0.13915536,0.06324378,0.061493166,0.057788663,0.047042347,0.07507871,0.07467057,0.047280774,0.051890444,0.0541441,0.049742267,0.06899219,0.04603622,0.07209718,0.05591982,0.05760612,0.07910431,0.0435003,0.06357829,0.047830336,0.06795093,0.062060457,0.06400763,0.046169683,0.06958731,0.04923479,0.050986283,0.0804171,0.053056516,0.09712438,0.074421465,0.045229673,0.0812626,0.05954693,0.055491608,0.060078487,0.047582135,0.060989577,0.050452735,0.053669162,0.058372542,0.04949258,0.06898478,0.051490355,0.06680763,0.08253292,0.05413968,0.07615408,0.046248127,0.05514098,0.06113874,0.060081653,0.05580932,0.050685827,0.0788763,0.05064706,0.074085236,0.05274865,0.081730224,0.043272354,0.052533466,0.050065104,0.062601715,0.055800077,0.0627879,0.05181729,0.05139171
punch,0.05000966,0.024059169,0.065051734,0.058780305,0.05751874,0.0,0.107923396,0.12149085,0.06336942,0.07581198,0.045807444,0.039883837,0.046397958,0.0566964,0.04758067,0.05786682,0.12314201,0.04031026,0.048127886,0.059465308,0.060788907,0.044698026,0.05838056,0.081507206,0.039129537,0.057282016,0.10984135,0.08146242,0.049561255,0.07877739,0.053939976,0.1021844,0.06383734,0.09677053,0.054426216,0.057154376,0.049621675,0.050405215,0.06337686,0.048849247,0.03019514,0.054281693,0.034609623,0.06436169,0.053491864,0.097005345,0.051837757,0.063843906,0.06315515,0.059042457,0.044482205,0.08807899,0.06262539,0.058502216,0.041093834,0.053044952,0.07108144,0.07154847,0.13530387,0.058616754,0.07191636,0.032690696,0.057173,0.053898152,0.05610492,0.05271191,0.070594385,0.0626327,0.064397775,0.07313731,0.052656077,0.048318204,0.05212404,0.06141551,0.063879445,0.042463645,0.044964153,0.092050605,0.04532445,0.06058056,0.086410575,0.043047857,0.06773968,0.0500583,0.023719763,0.047739603,0.055756312,0.038599864,0.078748934,0.047785956,0.060992077,0.089131765,0.03762157,0.10464786,0.054353453,0.06329123,0.06559131,0.054506697,0.07325183,0.051860884,0.0789115,0.030490227,0.05795874,0.04790558,0.040116437,0.09227442,0.08117221,0.048231125,0.062644735,0.063417636,0.033133812,0.06425765,0.0572181,0.06222604,0.047978472,0.043539215,0.08264707,0.18612072,0.053644408,0.06628536,0.055030525,0.05538806,0.0700077,0.06357674,0.060353044,0.07303093,0.06250535,0.10623628,0.06699054,0.05962724,0.062994435,0.053849842,0.036237016,0.053232443,0.081822515,0.058251314,0.040803637,0.042342044,0.06565229,0.06386134,0.06146409,0.05694463,0.09447727,0.058362946,0.13997139,0.06793713,0.06750991,0.041900318,0.06447061,0.049977113,0.045044225,0.06159434,0.04156214,0.052623104,0.04867619,0.029465368,0.061071064,0.05846921,0.064074695,0.027920935,0.054050528,0.050241046,0.076801255,0.0907058,0.05867288,0.045552243,0.04917171,0.084603444,0.065178655,0.032166976,0.06293419,0.062121492,0.060358956,0.035429724,0.055865716,0.05041539,0.045443833,0.05956991,0.0594196,0.06695747,0.061525293,0.0476464,0.11212687,0.081102,0.04758204,0.04379951,0.055760678,0.05612813,0.0828102,0.051461287,0.030120399,0.06037274,0.075495,0.054409023,0.055473518,0.06760165,0.06662529,0.06282441,0.038166407,0.067716874,0.08935235,0.050707355,0.0480776,0.04339991,0.15817767,0.0457552,0.03575753,0.05882596,0.043764785,0.04999879,0.09507259,0.040938966,0.06488059,0.040818922,0.049115177,0.081332706,0.04911138,0.083338074,0.056968987,0.057140417,0.063608184,0.03615686,0.049832303,0.0383011,0.040853057,0.05352784,0.08224748,0.045586724,0.07426169,0.061155695,0.04669449,0.071956396,0.02908482,0.089292824,0.05577797,0.05083833,0.07211302,0.08142073,0.047753062,0.042357147,0.046962243,0.064764135,0.043616258,0.06554496,0.050564405,0.03501879,0.048514064,0.035673235,0.06964254,0.10151917,0.043458443,0.06123761,0.04885161,0.059152413,0.07435944,0.06437806,0.043289553,0.048814856,0.058371708,0.044519827,0.052290995,0.04388996,0.06462081,0.044726834,0.035666555,0.03835024,0.06791432,0.033107534,0.046770837,0.038185954,0.03449122
devein,0.105582386,0.110678524,0.06425635,0.06291865,0.0939557,0.107923396,0.0,0.047437336,0.057953604,0.054446317,0.07833777,0.09791683,0.08456463,0.09594851,0.07310155,0.07363235,0.04719795,0.078433335,0.096971296,0.08090714,0.11166401,0.13123015,0.10650701,0.08297719,0.09104906,0.10417531,0.044725753,0.054694377,0.071632914,0.06317503,0.068437345,0.03873921,0.07194954,0.048542548,0.11859377,0.10955845,0.07600802,0.080774486,0.09673474,0.10827749,0.09398949,0.07966003,0.1132464,0.080405295,0.08141105,0.030729339,0.106560946,0.058931924,0.14105439,0.13930447,0.1108273,0.051439475,0.10465225,0.13494281,0.120398,0.12479028,0.06394725,0.06707956,0.05574297,0.07152372,0.110385075,0.11684126,0.08609277,0.083968565,0.08263575,0.097071014,0.14394799,0.06287368,0.10254385,0.094844766,0.09898928,0.070952274,0.09464175,0.1085224,0.06715061,0.10320499,0.12404534,0.047364507,0.07660519,0.119562685,0.085587144,0.10595259,0.0672335,0.0760016,0.09615988,0.086351335,0.08954434,0.09007504,0.056226846,0.106330685,0.061500244,0.050907407,0.099448636,0.033428643,0.07683359,0.059936386,0.05619373,0.09113456,0.06803425,0.0832235,0.102354325,0.10879154,0.097470514,0.09271623,0.12165,0.0634504,0.042150922,0.08699488,0.06728925,0.05858371,0.09309421,0.08171539,0.10008675,0.0747272,0.077692315,0.10492989,0.055927977,0.14224932,0.11475262,0.1274721,0.07037558,0.0656061,0.12096552,0.060023468,0.06286509,0.065156735,0.07567185,0.052431483,0.06269679,0.07012258,0.06422559,0.07456199,0.11247662,0.07541965,0.043996446,0.08224062,0.0993989,0.10766925,0.066376574,0.1214631,0.06661518,0.07621559,0.0685924,0.08056245,0.062481664,0.05610003,0.06743688,0.08138911,0.147631,0.117003046,0.07693608,0.06586712,0.09791599,0.07433647,0.084221356,0.10096984,0.06839275,0.1287898,0.11367077,0.10130012,0.07608297,0.08870246,0.048434433,0.05904266,0.062314637,0.11132234,0.08528714,0.05088708,0.07668564,0.1061915,0.058451828,0.068244405,0.06712036,0.10072273,0.077265255,0.08680371,0.08646407,0.07339609,0.087315485,0.09775663,0.14133763,0.07910897,0.043243617,0.10316096,0.08841565,0.11907485,0.094376326,0.07136881,0.05653737,0.12306143,0.098919936,0.0942691,0.11077772,0.07419471,0.076229125,0.062279478,0.069867,0.114053726,0.087401144,0.062464688,0.04463502,0.072640345,0.10055267,0.078501515,0.07168095,0.12906052,0.10670127,0.06915676,0.095622815,0.13700585,0.042595066,0.10774627,0.08833772,0.10498167,0.06803273,0.050199687,0.08208404,0.06565499,0.112614766,0.06554685,0.10479117,0.1066577,0.09769609,0.094765864,0.11614618,0.12294816,0.049300198,0.08471615,0.12525895,0.075974576,0.08453996,0.0946005,0.1000126,0.10260866,0.10298356,0.09395827,0.09520047,0.05513839,0.096740544,0.115847275,0.08671383,0.11609163,0.07961722,0.09627705,0.09491664,0.09693949,0.122806005,0.103363134,0.06834956,0.044308852,0.10971392,0.14125195,0.07754796,0.11303731,0.10430663,0.05981611,0.087671936,0.07965335,0.14199944,0.08582178,0.13136505,0.09931251,0.14587437,0.09601908,0.099698015,0.10836365,0.053030428,0.10867139,0.10529155,0.09965721,0.11157033
select,0.120827064,0.12697613,0.07432269,0.06828889,0.105814315,0.12149085,0.047437336,0.0,0.07497296,0.05793016,0.0884925,0.112055875,0.0928607,0.10835268,0.081006154,0.08761617,0.034907762,0.09004812,0.11104996,0.09307206,0.12596926,0.1452842,0.12057534,0.09133167,0.10331726,0.11798629,0.03996077,0.0627709,0.0799785,0.069453746,0.08402075,0.03853336,0.08267891,0.04906761,0.13318878,0.1246713,0.08629065,0.09245853,0.10982411,0.12366312,0.103933826,0.095804974,0.12820554,0.09404481,0.09522869,0.040716644,0.12524904,0.066233724,0.15715338,0.15360607,0.123607375,0.052093644,0.11415886,0.146606,0.13468581,0.14007907,0.071157955,0.07434815,0.03483594,0.07882367,0.12381729,0.1349975,0.09290093,0.09404683,0.0947766,0.104966275,0.16045706,0.06833704,0.11618855,0.10521461,0.10978631,0.08364346,0.105951875,0.11626661,0.07123277,0.115956604,0.13714014,0.050469704,0.08742142,0.12867074,0.08789063,0.12473862,0.0784868,0.08470099,0.10949684,0.10238635,0.10310684,0.10142994,0.06580781,0.11969451,0.07055081,0.05626325,0.1094824,0.034197465,0.08427967,0.070223175,0.08142855,0.1041492,0.078244366,0.09310273,0.11356621,0.12509628,0.10455249,0.10278089,0.13528101,0.06274316,0.05818979,0.09598756,0.07837261,0.06746109,0.10500145,0.08858222,0.107506864,0.07971808,0.08731995,0.11968027,0.057091236,0.1350875,0.13351722,0.14277907,0.08418806,0.07434402,0.1361408,0.084244125,0.07266849,0.07150632,0.07940518,0.052021503,0.07141099,0.076655075,0.07237511,0.09809043,0.12270379,0.09771692,0.053362772,0.094683796,0.11477638,0.12230946,0.07761092,0.13670595,0.07925922,0.0845021,0.06879025,0.092491545,0.050846685,0.07109472,0.07438821,0.09056402,0.1638346,0.13458839,0.087724715,0.0731495,0.112092964,0.08359874,0.09565319,0.113593325,0.0731654,0.14391923,0.12773289,0.113946386,0.08202308,0.09574191,0.055347286,0.05700021,0.071549885,0.12414698,0.10073836,0.050561894,0.08078593,0.1165479,0.08062904,0.07714305,0.07214796,0.10995399,0.08847366,0.0946685,0.104990534,0.08660629,0.100122206,0.104080245,0.1571668,0.08989931,0.03470677,0.10668559,0.10104689,0.1359988,0.10673908,0.08083376,0.06685111,0.13916668,0.111815944,0.10854553,0.11654207,0.08162413,0.08224529,0.065913774,0.08136322,0.12870601,0.099359386,0.07221715,0.043743365,0.0845341,0.109081216,0.087931044,0.048064586,0.1438346,0.122423016,0.07512411,0.10938353,0.15271442,0.046150412,0.12060714,0.10126506,0.11726076,0.08311249,0.052908465,0.092014626,0.06813524,0.12456214,0.073402345,0.11289335,0.11876466,0.1052619,0.10811047,0.13202998,0.13805358,0.056786973,0.0946481,0.13977294,0.0871808,0.09887109,0.100126095,0.111785345,0.10365896,0.1127952,0.107301235,0.10035091,0.0650446,0.10789207,0.12907231,0.09824021,0.13102399,0.09378818,0.109418854,0.10320619,0.10935385,0.1378172,0.11393523,0.07319821,0.039550345,0.123397656,0.15763061,0.0898637,0.12699929,0.11689135,0.06788281,0.103203945,0.09867011,0.15791722,0.09730992,0.14685151,0.11134005,0.16282788,0.109042145,0.11056576,0.118460864,0.06499216,0.12122717,0.11377907,0.111926556,0.12375748
sterilize,0.06218658,0.06853878,0.03920753,0.039224166,0.055874843,0.06336942,0.057953604,0.07497296,0.0,0.040833946,0.041529175,0.0557987,0.042524282,0.056211263,0.04107469,0.043180447,0.074672736,0.041903332,0.05322975,0.04799553,0.07402066,0.08490216,0.064873934,0.060317606,0.04660963,0.06596708,0.06392455,0.042995382,0.03844844,0.04548596,0.03846304,0.05808729,0.034813043,0.05394542,0.07421656,0.06877306,0.03830495,0.04020019,0.058774505,0.06519877,0.0505526,0.042342447,0.06732147,0.04767333,0.045962762,0.046571456,0.07231781,0.038770564,0.09632578,0.092799425,0.06530194,0.047262456,0.06589088,0.09235943,0.07519992,0.079257965,0.04509186,0.039228883,0.08831032,0.03943005,0.073903315,0.073322795,0.05387465,0.04433385,0.045254175,0.06032506,0.10358456,0.038309377,0.062061228,0.064452395,0.059900116,0.037704144,0.058628906,0.070041634,0.041882474,0.060126133,0.08039949,0.05094762,0.038964376,0.07915138,0.065610506,0.06721585,0.042959724,0.039771933,0.054837458,0.050103456,0.05239901,0.047940295,0.043613728,0.06614252,0.03441915,0.04918526,0.059498172,0.05744733,0.041436408,0.037615474,0.03145243,0.054282542,0.048532013,0.044785094,0.072562404,0.067641504,0.060442496,0.049735304,0.077071,0.0546785,0.040437907,0.051139932,0.04266787,0.037830554,0.053585116,0.048682705,0.062092513,0.043205958,0.038149625,0.064621486,0.050002385,0.15386537,0.07879613,0.08607924,0.037874337,0.03473345,0.08208311,0.031268474,0.03679372,0.044874355,0.048793945,0.062312074,0.03846762,0.03812578,0.037064414,0.037765477,0.0672581,0.03686131,0.04369879,0.04896595,0.060820382,0.06558265,0.04244707,0.0800853,0.03815514,0.04366846,0.05761315,0.049167726,0.09044758,0.039127108,0.04338921,0.04045154,0.10208147,0.075021334,0.04035746,0.039166886,0.054655768,0.037962675,0.043588426,0.056275774,0.04225959,0.085338116,0.071705334,0.059180368,0.045226496,0.050033104,0.042290498,0.054649945,0.0344963,0.07094922,0.04779958,0.04483443,0.051289838,0.059653703,0.02852372,0.029377649,0.042901143,0.056695778,0.04052104,0.05235885,0.0511304,0.041934084,0.05574891,0.06377065,0.09544161,0.03951249,0.06473616,0.07361127,0.047488257,0.07851726,0.059212137,0.038532138,0.046980172,0.07842141,0.056118015,0.05780097,0.076590925,0.038548402,0.045298558,0.038602434,0.04100681,0.07347662,0.04770929,0.037997853,0.050028916,0.03784602,0.056312166,0.045334317,0.110208735,0.08149016,0.06651087,0.04098706,0.056506176,0.09096874,0.049704928,0.06317012,0.054435644,0.058933817,0.037868433,0.044237923,0.043427244,0.051584143,0.07392925,0.039234184,0.0677039,0.06053145,0.055602692,0.052777473,0.07635012,0.08251031,0.041094586,0.043781783,0.0853657,0.0476378,0.04883964,0.06405134,0.058120616,0.07758894,0.06511211,0.057285935,0.06319653,0.045070317,0.059601083,0.06873221,0.049348984,0.07322605,0.04339302,0.061353166,0.051478785,0.054520376,0.07916663,0.05828475,0.042956073,0.055539597,0.067368865,0.09659875,0.03986306,0.07085058,0.06947418,0.03964327,0.052592166,0.04322803,0.09643478,0.04679648,0.08859763,0.058552086,0.10185663,0.054642875,0.055871814,0.0640271,0.037753478,0.06569171,0.061000854,0.059282165,0.06549258
overmix,0.077938214,0.082123645,0.040925983,0.031274367,0.06698282,0.07581198,0.054446317,0.05793016,0.040833946,0.0,0.05179799,0.06961045,0.050264884,0.06356742,0.03837614,0.054254107,0.06218287,0.04795449,0.07197585,0.05884872,0.088242814,0.09946529,0.08151076,0.0644273,0.06476107,0.077720836,0.051161934,0.038565557,0.03715494,0.049581937,0.048376128,0.042432632,0.050422683,0.049098812,0.091968544,0.084143095,0.0453386,0.056444485,0.074832514,0.08283979,0.058759347,0.057988007,0.08486106,0.060248833,0.057508934,0.03819045,0.0862516,0.033727024,0.11413991,0.10984958,0.08479044,0.03466572,0.07926037,0.10693233,0.08887879,0.09794562,0.044653285,0.047576323,0.072291866,0.04715338,0.087532654,0.09191364,0.058780294,0.056467555,0.06022902,0.06814975,0.11870559,0.038319126,0.07902767,0.07374118,0.06986225,0.047056407,0.06659383,0.080647446,0.041792266,0.071679264,0.09260357,0.04030989,0.047288276,0.09047683,0.06719018,0.08385214,0.04986801,0.043980014,0.06582096,0.06302123,0.06475618,0.056790236,0.045262493,0.07982865,0.037920255,0.04620191,0.06789893,0.042114377,0.037271626,0.03956913,0.050193705,0.06675046,0.052992158,0.051687192,0.081687,0.081689164,0.06871593,0.060629483,0.09046338,0.052342366,0.042281125,0.062349074,0.048534237,0.03644715,0.06067657,0.057393577,0.07258691,0.036326192,0.04244526,0.07868653,0.043751653,0.14590904,0.09349236,0.101604395,0.046457898,0.03482276,0.097345695,0.049546298,0.03562362,0.04710954,0.048655573,0.054052923,0.037202667,0.031545904,0.03664257,0.059970096,0.078636095,0.05973413,0.03794919,0.05722996,0.07413292,0.08072575,0.0455431,0.09638267,0.04635221,0.04302328,0.058166884,0.056750678,0.07793278,0.042098917,0.04400464,0.053852383,0.11992264,0.09293768,0.0468764,0.040504128,0.071321204,0.048747145,0.055976238,0.0683063,0.030375225,0.10083539,0.08799239,0.07234985,0.046431262,0.05072699,0.029460797,0.046413288,0.038645133,0.08181359,0.06272314,0.032178614,0.050964672,0.07347141,0.046266027,0.04205818,0.040971473,0.065115236,0.05267825,0.056923777,0.06679417,0.051433854,0.06471081,0.0730683,0.115047924,0.05135839,0.05051088,0.07943917,0.06087884,0.09393436,0.070707776,0.043794133,0.04583519,0.09568602,0.06766172,0.0702951,0.08571725,0.04888342,0.048514377,0.040134605,0.050381027,0.08906179,0.059348222,0.04251196,0.0387979,0.04337555,0.05986975,0.048160132,0.092073016,0.10064036,0.08170487,0.0328387,0.06828569,0.10899738,0.041200284,0.07674659,0.06528724,0.077994905,0.04639108,0.037135642,0.055113636,0.049271785,0.08747774,0.039052952,0.0791542,0.0723636,0.05813561,0.06584002,0.089654446,0.09758947,0.040407844,0.0514078,0.100562304,0.0524222,0.06209804,0.070623666,0.06776181,0.08026902,0.07710687,0.0693839,0.07157401,0.043312717,0.06767594,0.08828991,0.057908364,0.09191739,0.050690226,0.0731738,0.054220896,0.064243644,0.095296256,0.06381036,0.043319736,0.04476572,0.0801689,0.1142206,0.053204738,0.08503887,0.08235704,0.034390863,0.06457407,0.061544985,0.11416298,0.058124438,0.101719454,0.07494333,0.11844167,0.066752434,0.07175067,0.0696226,0.03654809,0.07949499,0.066517115,0.06886849,0.078730546
invert,0.053661488,0.05138841,0.0399649,0.03959375,0.051882435,0.045807444,0.07833777,0.0884925,0.041529175,0.05179799,0.0,0.045146286,0.037131295,0.054404195,0.037357695,0.039605353,0.08972292,0.033213716,0.043536026,0.04509686,0.062418275,0.071601264,0.06024213,0.06467453,0.034058373,0.05631911,0.078962564,0.05404645,0.035792362,0.05379981,0.033210266,0.071907595,0.043163832,0.062159885,0.063662626,0.06057965,0.033444807,0.035551548,0.057323013,0.05448565,0.035550367,0.04208112,0.050743278,0.04963109,0.038082063,0.06737978,0.05611315,0.04306975,0.08344989,0.080304496,0.048367083,0.060740136,0.062771,0.075412385,0.06155122,0.068646446,0.043068245,0.047102593,0.10094224,0.029890278,0.07031464,0.055470172,0.048138548,0.042624924,0.040193096,0.05203901,0.08821061,0.038053673,0.06227529,0.06301429,0.051057864,0.0318654,0.047724307,0.06335401,0.042455077,0.0450752,0.06189698,0.06163481,0.025697196,0.069568634,0.06958541,0.049447913,0.042643316,0.034486484,0.03843688,0.039677218,0.048892725,0.031697694,0.049987953,0.051049184,0.031119566,0.058868043,0.04545511,0.0731999,0.036737334,0.04082125,0.047618166,0.04652728,0.050463405,0.04150079,0.07144733,0.046905145,0.055280052,0.04359017,0.06415953,0.06626118,0.050604276,0.03573624,0.041364715,0.031097084,0.039155815,0.049287234,0.054441754,0.046500247,0.031170331,0.051055364,0.05190415,0.16305697,0.06254021,0.07777105,0.02921856,0.032775212,0.07672162,0.043694284,0.033512782,0.046652313,0.048408605,0.0752894,0.04128366,0.039642584,0.037357748,0.042953525,0.048806738,0.04120193,0.052050978,0.047640238,0.042707693,0.049000125,0.04021893,0.07251043,0.03713711,0.038642377,0.06983107,0.03977335,0.10732967,0.04028495,0.043761082,0.029721018,0.08718123,0.06140547,0.023841083,0.042812232,0.043020096,0.026179403,0.038016908,0.038711827,0.044272754,0.07464119,0.06786149,0.043127287,0.043166205,0.043512072,0.04769924,0.064270794,0.029851783,0.053674955,0.040476296,0.055440336,0.050688095,0.045483097,0.0447254,0.039540205,0.04258489,0.043664,0.039986577,0.04414519,0.038262296,0.03932544,0.04576406,0.0586832,0.08151359,0.030422617,0.07915059,0.07267489,0.03956282,0.05785568,0.04779763,0.029172035,0.05525678,0.067405716,0.039759677,0.054525767,0.07287992,0.028779985,0.040798355,0.03641655,0.043280877,0.06762708,0.037352998,0.044213522,0.061760888,0.031103738,0.052876543,0.038447943,0.12523507,0.06464233,0.048418984,0.042146765,0.047166087,0.07036318,0.06252357,0.04657923,0.05555263,0.041944284,0.028328557,0.047933638,0.032381367,0.057748012,0.0595503,0.029082127,0.061848976,0.048796725,0.051829636,0.03457359,0.05600363,0.064120084,0.051585007,0.031392448,0.08082137,0.04037535,0.03604296,0.062028747,0.03665961,0.07885695,0.05529198,0.044271074,0.062078923,0.05267427,0.043955024,0.052116983,0.034094587,0.069035664,0.026936492,0.059908032,0.051004235,0.039750665,0.06341013,0.046054404,0.047386143,0.06773411,0.05027835,0.0828127,0.02805188,0.064684615,0.06972042,0.030938597,0.033803057,0.037389886,0.08101289,0.030962937,0.06637663,0.041254587,0.087670185,0.042067517,0.03352223,0.051329106,0.035576843,0.041377738,0.05518013,0.042528637,0.048018053
pressure,0.031822205,0.041244745,0.053599942,0.057157483,0.046817113,0.039883837,0.09791683,0.112055875,0.0557987,0.06961045,0.045146286,0.0,0.040826377,0.03799787,0.0482734,0.04231978,0.11099473,0.038330536,0.032337278,0.03851239,0.04217149,0.056893177,0.033345096,0.057405084,0.030243423,0.036063608,0.09655087,0.062567,0.049972426,0.060628757,0.046620883,0.09302082,0.04625234,0.08557318,0.041863687,0.034216467,0.04248058,0.045789957,0.040337212,0.040834732,0.03980748,0.03508536,0.039591063,0.043529022,0.037933618,0.0888206,0.05933304,0.05704009,0.055851452,0.06155015,0.0391256,0.071842544,0.064915136,0.07293363,0.043003686,0.049650673,0.05944997,0.05974542,0.12388596,0.05394878,0.045317523,0.049396656,0.061689217,0.05155011,0.042670727,0.060892668,0.07568573,0.060399815,0.041742258,0.049998075,0.038589947,0.042923868,0.045508467,0.07013144,0.061064184,0.03498048,0.052477352,0.079550005,0.037438534,0.07236455,0.087349445,0.044373337,0.055103816,0.04758963,0.03426211,0.041129034,0.03304976,0.03309833,0.06482716,0.04384623,0.051087994,0.076054215,0.047649015,0.09388161,0.049309153,0.053043,0.057253737,0.03317599,0.060137205,0.04805125,0.05355381,0.03639482,0.06399841,0.043353148,0.04968244,0.08650361,0.06995127,0.049364008,0.06270977,0.058802616,0.037728973,0.06079225,0.06523405,0.058522016,0.043497693,0.042900357,0.074521534,0.17585294,0.061845195,0.045505587,0.044105727,0.0473068,0.04530248,0.050322115,0.055309366,0.065715894,0.06403681,0.08811094,0.05592942,0.053972226,0.05210793,0.042226437,0.04932855,0.037862916,0.074500434,0.03889995,0.04847931,0.037159078,0.0518666,0.04444373,0.044820618,0.046534542,0.08825464,0.045243967,0.121508256,0.0578507,0.058814906,0.03946464,0.062713176,0.041929115,0.044661332,0.058232393,0.034763385,0.045418255,0.0406163,0.036590066,0.05825706,0.04646099,0.04188988,0.03947372,0.056644347,0.049438603,0.069018036,0.08651259,0.05471403,0.050163448,0.03961257,0.07285792,0.06766355,0.042163707,0.057082582,0.046463236,0.05996708,0.043886792,0.048261214,0.05673459,0.042264648,0.047937546,0.044719547,0.07171164,0.06536915,0.04191884,0.09851499,0.08446952,0.0311912,0.05513469,0.043466955,0.04381727,0.06814646,0.04138391,0.032539047,0.03170631,0.080807045,0.04843697,0.05627471,0.059366606,0.046651408,0.03923388,0.04539673,0.055373162,0.080994,0.038268816,0.051624533,0.046479955,0.14651161,0.049796253,0.044577025,0.054299783,0.02847703,0.056872316,0.080026805,0.034391355,0.04124656,0.04190343,0.039842196,0.07401057,0.036423735,0.07772149,0.052544795,0.054575145,0.07005482,0.03485514,0.056604393,0.035271022,0.051205665,0.051199615,0.06756972,0.039447792,0.05073091,0.04703118,0.042572998,0.07506771,0.037057046,0.093118794,0.06546989,0.03686905,0.07547246,0.065922484,0.048270945,0.044799995,0.044393387,0.04668037,0.0451444,0.038149867,0.050534017,0.041803908,0.054793328,0.04274648,0.064487986,0.089091174,0.0416289,0.055753063,0.037788425,0.036468625,0.04707105,0.05866743,0.045876376,0.04124667,0.05801252,0.043879006,0.06072416,0.041618347,0.058451887,0.02746206,0.038417134,0.045546185,0.062260795,0.044157118,0.054566234,0.041381408,0.0391041
thread,0.047940545,0.05227426,0.040923685,0.039648563,0.047256652,0.046397958,0.08456463,0.0928607,0.042524282,0.050264884,0.037131295,0.040826377,0.0,0.042713057,0.03763883,0.041250587,0.09409676,0.0314583,0.04424184,0.04158979,0.05828596,0.06581767,0.053443994,0.059518278,0.03656651,0.052345317,0.0817413,0.054679763,0.03680077,0.052534424,0.03979014,0.076462016,0.03943294,0.07249802,0.058603063,0.05523034,0.032941177,0.03758338,0.0509434,0.049896568,0.031956233,0.039173946,0.049546096,0.04232899,0.039002843,0.071681276,0.061746955,0.043878533,0.076767504,0.07647146,0.049542695,0.056949034,0.059177913,0.07200615,0.0557638,0.06137895,0.047375385,0.04671015,0.1074229,0.03956094,0.062079925,0.06022405,0.0491354,0.04248892,0.04436365,0.04979937,0.0855846,0.044960424,0.053094953,0.05661344,0.045395304,0.038665112,0.046552293,0.06065426,0.043998428,0.041407593,0.05920422,0.06525515,0.03142941,0.065714836,0.069395155,0.05527989,0.045317493,0.03507557,0.03872332,0.041671135,0.043179456,0.032447726,0.053293906,0.051375013,0.038218696,0.06176992,0.04491617,0.07745858,0.033597965,0.044360235,0.05055188,0.044554595,0.05496307,0.03368262,0.06407035,0.050210644,0.051966608,0.031162634,0.05898316,0.06734839,0.05775293,0.039745186,0.044730194,0.046593186,0.038226306,0.046810012,0.052192166,0.036476664,0.030055191,0.049605455,0.05807807,0.16424774,0.06635911,0.069763646,0.039321985,0.036847185,0.06853602,0.046011005,0.04217784,0.050060015,0.049014516,0.077317916,0.04410748,0.03443401,0.03951011,0.044713575,0.04251727,0.04265343,0.06001766,0.044305567,0.050561607,0.049733732,0.046785425,0.063206546,0.040563136,0.036629193,0.0702025,0.045548268,0.1095643,0.047723483,0.046998773,0.02800051,0.08282056,0.05990639,0.032656696,0.044991482,0.039245944,0.03503357,0.033551842,0.038191166,0.042194907,0.0685526,0.057025224,0.04561252,0.043904666,0.03511364,0.05554465,0.06761886,0.04117969,0.05273201,0.03999214,0.056605007,0.052459124,0.038061723,0.046244882,0.035245605,0.046235617,0.037926868,0.037628114,0.04566658,0.045498338,0.04198297,0.049156494,0.058566686,0.07691039,0.030941581,0.0827373,0.069666654,0.036907904,0.06467617,0.04744901,0.036511414,0.058499724,0.06163761,0.040088844,0.04758785,0.06828434,0.03686753,0.04408585,0.041481595,0.0426392,0.059365,0.03866984,0.04055616,0.06614089,0.03443112,0.038737226,0.040665098,0.12985142,0.063785,0.0531235,0.03935344,0.041592833,0.07206528,0.06662989,0.044107325,0.046911124,0.045583416,0.037301328,0.05692341,0.03232608,0.06019473,0.059697095,0.039720066,0.059911553,0.040052313,0.03837239,0.03594499,0.06226742,0.06551125,0.05390459,0.028354619,0.069864005,0.04447014,0.043627925,0.06058676,0.040599488,0.07596148,0.054108787,0.045208476,0.06110739,0.055804037,0.044916857,0.05357865,0.03881232,0.06043825,0.037866663,0.05171189,0.033743616,0.04033311,0.061144736,0.03703338,0.047030862,0.07432872,0.048615526,0.077323295,0.03434769,0.053361446,0.05943266,0.04732925,0.044527777,0.04177854,0.07724699,0.036412545,0.072657116,0.042657427,0.08282742,0.03850987,0.035257366,0.042095955,0.049187724,0.04621984,0.040566776,0.042800546,0.04412243
scramble,0.03347922,0.055810988,0.053227,0.060544018,0.05151226,0.0566964,0.09594851,0.10835268,0.056211263,0.06356742,0.054404195,0.03799787,0.042713057,0.0,0.055462398,0.04918126,0.10706453,0.04609648,0.043599255,0.043565847,0.05327111,0.06682561,0.04157631,0.052166205,0.04654812,0.04624253,0.09211486,0.058547944,0.055705044,0.059726536,0.050548017,0.08916367,0.047780413,0.08604315,0.05278125,0.041414563,0.045760944,0.05526935,0.043060083,0.049549524,0.047646772,0.041615866,0.05372997,0.039488666,0.042447627,0.08562887,0.066827126,0.05995636,0.06604481,0.072724774,0.054620296,0.06605646,0.072219424,0.08565964,0.048812144,0.055412672,0.06173916,0.060606472,0.12026971,0.059470918,0.044136316,0.064237975,0.06963207,0.05658876,0.050909102,0.06935242,0.08078189,0.06629122,0.04141049,0.048581477,0.043347448,0.05357366,0.04938276,0.076598965,0.06538156,0.041310687,0.060726263,0.07707181,0.04453177,0.08036521,0.08935575,0.05740334,0.05569279,0.052499764,0.048975494,0.046615507,0.032535296,0.039953813,0.064333975,0.057959013,0.054909416,0.0746331,0.059943244,0.09046218,0.047068954,0.057509292,0.06016898,0.04242457,0.062114127,0.04771697,0.05052221,0.055342626,0.07072052,0.042862028,0.05861074,0.0856044,0.06846028,0.06130719,0.06641949,0.06444786,0.045830023,0.06442246,0.07289965,0.053842712,0.043745734,0.054035246,0.07528816,0.17059912,0.06946457,0.050301958,0.0468307,0.053610153,0.048282135,0.050928377,0.057255648,0.06974358,0.07008896,0.08396245,0.05317152,0.047489144,0.05116607,0.04687115,0.057744954,0.043756723,0.07508729,0.041361056,0.061454296,0.054653738,0.05834271,0.046308365,0.049148213,0.046209466,0.088305,0.053160716,0.11510598,0.058237374,0.06237312,0.049277324,0.072424345,0.052843712,0.05037678,0.06367742,0.046569068,0.05176308,0.048737213,0.046567854,0.053307913,0.051844735,0.041972384,0.058700185,0.06392776,0.049735125,0.06857524,0.08740263,0.058359,0.056358844,0.04824734,0.07015185,0.07336807,0.052941065,0.0576894,0.046249874,0.06674429,0.050987124,0.053318806,0.06505883,0.05210572,0.050977148,0.053912945,0.07807151,0.07422765,0.047103055,0.09433998,0.08786719,0.039074134,0.0690216,0.055916294,0.05040165,0.06426281,0.049340848,0.047940902,0.031656373,0.08560524,0.05538765,0.06431296,0.06133025,0.045942836,0.041604277,0.056976702,0.056017727,0.08261658,0.047181863,0.04654406,0.05807858,0.14262411,0.064067245,0.061492603,0.05001262,0.03854757,0.07068618,0.0772926,0.044164278,0.034843873,0.056123946,0.051519502,0.07468609,0.04142131,0.07927042,0.066986665,0.06032665,0.07752939,0.041276105,0.05426267,0.04524245,0.06749864,0.06643018,0.06483289,0.038535576,0.050661467,0.051903967,0.05508913,0.079766355,0.052801896,0.09545336,0.07357281,0.052656323,0.08008401,0.06345402,0.052545786,0.05987992,0.049715273,0.05153493,0.05005451,0.03664843,0.043915123,0.052409917,0.062853806,0.043611523,0.06686213,0.0876595,0.048647877,0.066823006,0.042561244,0.037922967,0.043824356,0.06234832,0.057823315,0.046857428,0.06870888,0.05190351,0.07124358,0.05443387,0.0695086,0.035485722,0.051669683,0.048674345,0.065063685,0.058024663,0.053091228,0.049345817,0.050183456
knead,0.061795503,0.05636611,0.04085434,0.024959996,0.053469867,0.04758067,0.07310155,0.081006154,0.04107469,0.03837614,0.037357695,0.0482734,0.03763883,0.055462398,0.0,0.043960247,0.08494276,0.028910378,0.054597538,0.047710124,0.07046181,0.07519082,0.0657012,0.061137687,0.043943416,0.060977165,0.071101435,0.048409622,0.017386183,0.050071865,0.038012974,0.06379697,0.04457816,0.06304237,0.07142376,0.06730291,0.033294734,0.042370327,0.061918743,0.06389894,0.036665987,0.044420402,0.061480235,0.054187063,0.04541634,0.059192702,0.06859852,0.0317542,0.0922283,0.086406134,0.06391413,0.05163236,0.063745886,0.08374172,0.06794689,0.07807098,0.044876445,0.04733486,0.095159516,0.040335547,0.074873306,0.06751558,0.04381726,0.04542524,0.047214445,0.050904885,0.09927489,0.032622036,0.06595286,0.063207895,0.050496016,0.030092673,0.051114015,0.064633295,0.036876727,0.053483754,0.071172014,0.056834813,0.03158829,0.07130124,0.065780595,0.06370749,0.04883656,0.030692235,0.039183162,0.047999725,0.052470673,0.037013058,0.05134702,0.058900468,0.033955146,0.05834122,0.04368735,0.06488885,0.032105736,0.03374118,0.044867586,0.050523162,0.051033456,0.042637996,0.07204644,0.057108477,0.05308547,0.048154093,0.067987345,0.061464887,0.05075347,0.043382294,0.0427494,0.034973975,0.039285928,0.04906433,0.056129567,0.039309815,0.03183503,0.057444416,0.050959073,0.16195868,0.07505028,0.082964845,0.039775226,0.027932046,0.081085354,0.046653204,0.0349339,0.04613036,0.03859066,0.07052387,0.040497337,0.034133468,0.037586637,0.048122462,0.057492454,0.04862114,0.04771978,0.04550977,0.055165768,0.058404308,0.039259896,0.07979704,0.040231276,0.03656864,0.066010416,0.04453206,0.10125225,0.043008212,0.039388727,0.03467793,0.097017154,0.07255428,0.033238854,0.0316266,0.051414613,0.038004234,0.042407833,0.046203125,0.033080995,0.08071642,0.07297723,0.04453107,0.03142711,0.040531047,0.041909426,0.055243347,0.034167454,0.06253097,0.046906803,0.047937803,0.041070104,0.04972141,0.045051645,0.039830122,0.029448628,0.0427451,0.042170934,0.03854713,0.050294276,0.04470835,0.051045112,0.06108278,0.09346878,0.038039576,0.072590485,0.07209656,0.044752732,0.072256535,0.053134363,0.03551695,0.054712247,0.07524605,0.040059853,0.05855522,0.07392843,0.03776471,0.03550935,0.041501075,0.04772058,0.07301112,0.03787179,0.042719528,0.050116792,0.029258398,0.04990012,0.023333844,0.117027566,0.07684216,0.057888396,0.03244627,0.048154447,0.085447066,0.05833705,0.057007644,0.05760253,0.05792549,0.031103136,0.047687527,0.04114896,0.054123003,0.06618161,0.032279782,0.06448646,0.050733637,0.048900135,0.047439005,0.06725619,0.07556366,0.05018753,0.03988209,0.08579433,0.04481553,0.044959977,0.061749946,0.042402297,0.0763711,0.060520414,0.051023528,0.06248341,0.05241672,0.051636387,0.06684661,0.043439787,0.075542994,0.03870458,0.061977766,0.047366455,0.038250417,0.07480965,0.046034925,0.043077458,0.062918454,0.06090521,0.091752425,0.039853953,0.068951406,0.0720521,0.035474557,0.048228208,0.047308024,0.091010734,0.042334873,0.08182731,0.054725803,0.095665924,0.049392305,0.050192043,0.05059602,0.040436536,0.05697812,0.05425328,0.04751016,0.05619589
steep,0.04967124,0.059563465,0.028550059,0.04547431,0.04924459,0.05786682,0.07363235,0.08761617,0.043180447,0.054254107,0.039605353,0.04231978,0.041250587,0.04918126,0.043960247,0.0,0.08224472,0.035890277,0.039674703,0.018491412,0.05479561,0.078048654,0.052903228,0.051049862,0.038754307,0.049755782,0.06943444,0.04244849,0.042335015,0.0415472,0.030304162,0.06784583,0.036981937,0.06282359,0.06184409,0.05245423,0.036996957,0.041863803,0.04602284,0.04945738,0.04871026,0.028946273,0.05729379,0.03337954,0.023328288,0.067905724,0.06628713,0.041539393,0.08238368,0.08293222,0.054109,0.05376109,0.0684999,0.089331254,0.06543526,0.07033494,0.035800833,0.042150173,0.09725784,0.03730598,0.05892964,0.066414185,0.05655537,0.04857193,0.028994137,0.062422216,0.091936596,0.046867177,0.051124837,0.05184337,0.047540158,0.03715014,0.043133732,0.0732866,0.047395665,0.048501555,0.06979641,0.052361842,0.03513359,0.07975825,0.077010825,0.05324711,0.027818954,0.042861838,0.04694063,0.034515355,0.037974745,0.040500388,0.034734856,0.05117812,0.033913653,0.0450442,0.054639876,0.07176826,0.04554302,0.038408805,0.047118388,0.029855292,0.029207703,0.037483595,0.055879455,0.053061962,0.064276405,0.04794701,0.0696231,0.068654016,0.044225827,0.047520146,0.051117778,0.043473724,0.043849777,0.055068158,0.067374796,0.048704177,0.039283413,0.046337776,0.05162478,0.16384633,0.072309285,0.068535,0.03303971,0.039707195,0.06638199,0.039371062,0.041518327,0.051930442,0.05590073,0.06100311,0.03802571,0.043613587,0.03374214,0.041665114,0.06339517,0.037951432,0.04969006,0.03742617,0.054700438,0.05265894,0.041332845,0.06113354,0.027330238,0.0339722,0.071562015,0.033336986,0.098227166,0.031326216,0.044934567,0.036879044,0.08894431,0.05670909,0.039934162,0.04606332,0.039902516,0.035938736,0.043891653,0.048892166,0.04839964,0.071959965,0.057240892,0.054213528,0.050395533,0.05113283,0.048360858,0.06881324,0.039955232,0.061229542,0.040956214,0.050446875,0.0580198,0.057350826,0.04930393,0.037095275,0.04943222,0.054066796,0.039329425,0.05503561,0.03717664,0.02730469,0.040782474,0.06920574,0.086053565,0.033101823,0.07330788,0.080950074,0.03766996,0.06936761,0.047048032,0.030785933,0.042377807,0.06358236,0.0490369,0.04281909,0.080731444,0.03849852,0.0492434,0.038308315,0.031390052,0.05845437,0.04832882,0.0382282,0.06067931,0.034948297,0.06073231,0.045838457,0.121272214,0.072276294,0.057571426,0.04464118,0.03570438,0.07991455,0.057775658,0.05111598,0.037668042,0.054125573,0.030162426,0.05015655,0.03616993,0.06112744,0.06504713,0.04149149,0.07086227,0.0506173,0.063447826,0.04168518,0.06627187,0.066893674,0.03929198,0.034064677,0.06834202,0.029285587,0.03496804,0.06984378,0.051492725,0.08758813,0.06874996,0.041879375,0.071263015,0.037089806,0.052409194,0.06227427,0.042216882,0.060876843,0.0443471,0.043994196,0.05772336,0.052517038,0.071143754,0.056450546,0.0525522,0.063235596,0.055319954,0.083073236,0.032232024,0.055609863,0.055152133,0.044419207,0.043574393,0.033881426,0.08379255,0.035242233,0.07860363,0.046699375,0.08716874,0.041336093,0.047373295,0.06071812,0.043232717,0.054958936,0.06631463,0.049874734,0.055107255
absorbed,0.119248435,0.12759422,0.06899945,0.072169766,0.104619615,0.12314201,0.04719795,0.034907762,0.074672736,0.06218287,0.08972292,0.11099473,0.09409676,0.10706453,0.08494276,0.08224472,0.0,0.089863166,0.10861474,0.08814074,0.121907935,0.14537768,0.11852633,0.08860588,0.10176674,0.11548047,0.028929127,0.06033789,0.082869776,0.06975934,0.08094547,0.03658858,0.08005801,0.045391522,0.1312642,0.121734865,0.084938705,0.09046858,0.10762265,0.11968062,0.10629671,0.09126265,0.12634581,0.087560825,0.090631634,0.04613521,0.125661,0.06631055,0.15543745,0.15303567,0.122291386,0.053330444,0.11030024,0.1467367,0.13466762,0.137961,0.06917662,0.06926231,0.03382627,0.07606336,0.120662905,0.13487263,0.09039114,0.09095323,0.09032766,0.10281625,0.15882099,0.06916016,0.11372031,0.10343418,0.109262936,0.083307326,0.10385853,0.11256826,0.07025071,0.11601061,0.13820203,0.044088297,0.08910551,0.12541825,0.08373085,0.12297075,0.07045393,0.08575435,0.11063172,0.09874572,0.10021156,0.10253571,0.056010526,0.11577954,0.07177073,0.04474774,0.10882361,0.0396475,0.08771605,0.06886653,0.08267819,0.10124772,0.07094441,0.08743549,0.110080756,0.1243631,0.1016421,0.10074121,0.13528769,0.059048913,0.054694105,0.09645289,0.07766098,0.06981894,0.104991525,0.085140675,0.10559896,0.082501836,0.08806685,0.1144889,0.056484573,0.1341288,0.13356124,0.13953848,0.083588056,0.076509744,0.13328822,0.08229389,0.074873365,0.071637064,0.07908311,0.045504548,0.071031585,0.07795166,0.07141511,0.097334996,0.12430155,0.09606143,0.050823648,0.092119075,0.11461056,0.12068714,0.077123456,0.13171601,0.07517099,0.084583454,0.06363976,0.08959522,0.046284895,0.06687349,0.07204799,0.09156155,0.16193134,0.13020834,0.08963032,0.07241312,0.107987896,0.08327936,0.09648845,0.11468689,0.07621888,0.14229743,0.12374773,0.114801414,0.08362177,0.098688886,0.057056606,0.055339113,0.07376917,0.12531425,0.09974239,0.050369263,0.07859758,0.11844584,0.082814425,0.07669934,0.073693775,0.1098236,0.08562639,0.09348596,0.10082877,0.07993688,0.09738317,0.099530645,0.15475436,0.08692347,0.035837248,0.10154131,0.09855559,0.13624436,0.10419052,0.07784889,0.059028346,0.13699171,0.11235215,0.105448484,0.11120514,0.08004532,0.08149341,0.06554886,0.07664153,0.12578952,0.09904927,0.07065605,0.046995316,0.085276455,0.110496044,0.09065943,0.052180503,0.14257123,0.123338476,0.07714065,0.10655525,0.1522626,0.04675056,0.11964957,0.095921285,0.11731715,0.08286235,0.0529006,0.09378459,0.06402089,0.123637445,0.07542199,0.108568005,0.118552364,0.10814961,0.10678984,0.13315079,0.13604221,0.051006865,0.09269825,0.13577785,0.084751055,0.09757542,0.09526728,0.113526754,0.09958574,0.110455796,0.1049596,0.09590007,0.056703243,0.109700255,0.1288025,0.09893779,0.12758736,0.09678201,0.10500829,0.10571238,0.11090773,0.13625218,0.11608106,0.07061836,0.03936968,0.122965775,0.15601984,0.09030474,0.12473105,0.113361925,0.072045356,0.10261679,0.095697545,0.15609503,0.09324326,0.14776963,0.1112637,0.1603698,0.10802157,0.11125501,0.1211746,0.06712925,0.12101884,0.117792316,0.11287306,0.122075655
rise,0.04867924,0.04408453,0.035830356,0.031668045,0.04908739,0.04031026,0.078433335,0.09004812,0.041903332,0.04795449,0.033213716,0.038330536,0.0314583,0.04609648,0.028910378,0.035890277,0.089863166,0.0,0.044296883,0.039036546,0.061547533,0.066993564,0.054851074,0.059841137,0.032261904,0.05412074,0.076023296,0.05076798,0.03030571,0.05183417,0.030023465,0.070245065,0.04105105,0.06788198,0.06258698,0.056108065,0.02662734,0.038661342,0.05356407,0.051624905,0.030825412,0.037051603,0.04820957,0.041800153,0.035699382,0.0680443,0.056643017,0.0290168,0.078569956,0.07937457,0.052552093,0.055579808,0.058027778,0.07745313,0.05541846,0.06318666,0.045200482,0.044845514,0.10259175,0.037145816,0.06512621,0.057311736,0.042845912,0.039584115,0.041416768,0.046081282,0.08419694,0.03724859,0.05621335,0.058999237,0.047603212,0.025982073,0.042483773,0.0608779,0.03812407,0.04364259,0.0607128,0.05993044,0.025444988,0.06588526,0.068681434,0.05280895,0.03995402,0.0322004,0.026901579,0.035271782,0.040294822,0.033912983,0.048867688,0.050895423,0.03382262,0.056977537,0.037413865,0.073284864,0.03767398,0.032493286,0.046973567,0.043904338,0.0481902,0.03504224,0.06615119,0.04690729,0.050570365,0.035895694,0.05634282,0.06490323,0.05167337,0.039832212,0.041743767,0.038621217,0.025698543,0.045997456,0.053654294,0.042490825,0.029818602,0.043375418,0.053862102,0.16392644,0.062154155,0.07122523,0.034531616,0.031519245,0.06981253,0.04312013,0.03765373,0.05005587,0.04177522,0.07421852,0.037972037,0.035009198,0.034333453,0.04273738,0.05098925,0.04097531,0.05182688,0.03911014,0.047067363,0.051308975,0.04412922,0.06535361,0.03658306,0.037329018,0.06902904,0.04246839,0.10667312,0.038739175,0.042583715,0.02731313,0.08364785,0.058770202,0.028118482,0.034581102,0.04024672,0.03316986,0.039607964,0.03846384,0.03572449,0.06840311,0.061023574,0.038056653,0.036350068,0.040902246,0.045334585,0.0643288,0.03477681,0.05179041,0.041288033,0.053867795,0.045663454,0.044339113,0.04470842,0.037625246,0.035794705,0.03905769,0.0378036,0.039558627,0.038271986,0.03678477,0.047686823,0.059017897,0.07831441,0.026820853,0.07946636,0.070988014,0.035750534,0.062861055,0.049162727,0.033031266,0.052256547,0.06160644,0.03688496,0.047297135,0.07022245,0.034034893,0.036574543,0.039895974,0.040689766,0.06117421,0.033349678,0.040538356,0.058465183,0.032143146,0.047429077,0.027067674,0.1255196,0.06546397,0.049264897,0.031729452,0.035381734,0.07322963,0.06302674,0.049371604,0.045752928,0.048752755,0.027905013,0.05160815,0.032915607,0.05822406,0.0626029,0.03081628,0.059416123,0.043393575,0.04862725,0.035437282,0.058649294,0.066950604,0.050382588,0.029584885,0.07362798,0.041402806,0.03874888,0.059162896,0.03897789,0.077464804,0.056059945,0.044914056,0.060888954,0.050942343,0.042773996,0.056848317,0.03563395,0.06533669,0.036039438,0.05140041,0.045213196,0.03984887,0.059624486,0.042086862,0.045598548,0.07055833,0.04873012,0.07815743,0.03226097,0.058612686,0.0628624,0.040256515,0.04059023,0.036864042,0.07661185,0.032822076,0.07331109,0.04489174,0.08193639,0.0385705,0.03987805,0.048286404,0.04277846,0.04525912,0.052381206,0.03788572,0.047990922
smoking,0.03214997,0.047742292,0.052654553,0.061718144,0.048752196,0.048127886,0.096971296,0.11104996,0.05322975,0.07197585,0.043536026,0.032337278,0.04424184,0.043599255,0.054597538,0.039674703,0.10861474,0.044296883,0.0,0.03688563,0.044995558,0.0602081,0.03480606,0.05768325,0.030131424,0.039682657,0.09562208,0.06293168,0.0537285,0.05861298,0.04739491,0.09286742,0.040862214,0.08002853,0.0419862,0.03392099,0.042929154,0.044416055,0.034112882,0.03735258,0.045322627,0.034607,0.04092928,0.04271125,0.033697654,0.08902966,0.05657351,0.060733043,0.058999106,0.062036693,0.03522333,0.07376998,0.064233676,0.074332476,0.046931542,0.050256528,0.056194726,0.05712022,0.12127453,0.049187135,0.044961687,0.04966058,0.06284294,0.052629955,0.034632675,0.06260476,0.076066405,0.062165223,0.037916116,0.049660083,0.040411185,0.045900177,0.04373664,0.068667784,0.0625329,0.03651568,0.05392631,0.07893012,0.04014492,0.07217284,0.0852769,0.04050803,0.052409988,0.048047602,0.042272754,0.04188232,0.03639759,0.034445226,0.06294308,0.04605702,0.05131953,0.07416824,0.050826203,0.093925536,0.052559737,0.05493987,0.058582917,0.031369675,0.05639104,0.049730595,0.052792363,0.043402478,0.064444505,0.04466779,0.05492642,0.08427366,0.06806132,0.047974292,0.06078787,0.05934104,0.04422795,0.05931958,0.06435063,0.061297,0.044540532,0.04396193,0.07278252,0.17556167,0.06039856,0.049837973,0.0396802,0.05150026,0.049938492,0.05127358,0.056007087,0.06597171,0.06708496,0.08537475,0.054375086,0.055788442,0.05278841,0.04326206,0.052405156,0.038598765,0.07250128,0.04322995,0.043120198,0.04294529,0.053896476,0.046943497,0.044580232,0.045409042,0.08668124,0.041839805,0.118949495,0.056544513,0.05858674,0.040119756,0.06518621,0.03906594,0.044652242,0.061189212,0.034789298,0.04174843,0.045113277,0.040149543,0.06332659,0.05162441,0.03946141,0.046859313,0.060670596,0.05358779,0.06994629,0.08502019,0.053624507,0.051257513,0.04105419,0.07253751,0.06995601,0.044049103,0.05861177,0.04348951,0.063652895,0.04813055,0.0486065,0.059202116,0.03850396,0.046107944,0.0440855,0.068393156,0.06500989,0.040286236,0.09698884,0.08262751,0.03166966,0.049699076,0.04661415,0.041812148,0.06619644,0.04278424,0.040888086,0.03816726,0.07827403,0.045210954,0.05796559,0.05718663,0.042698473,0.04121758,0.04817982,0.056839913,0.08302465,0.044196673,0.05614273,0.0548328,0.14598413,0.04735083,0.044007204,0.05878402,0.035204165,0.05609328,0.078735225,0.032800663,0.04235568,0.039086103,0.04351051,0.07143637,0.03635269,0.07638367,0.05511256,0.05663423,0.06753859,0.03830481,0.061543684,0.035412367,0.05030289,0.050080203,0.065790124,0.037893746,0.050376516,0.04483221,0.038888637,0.0729673,0.04365428,0.09103608,0.06362042,0.040671803,0.07212406,0.06438999,0.04948385,0.042936284,0.043739527,0.041416056,0.044543486,0.04135645,0.05557555,0.04589838,0.055646934,0.048596144,0.06382392,0.08674382,0.040177904,0.06087104,0.035230298,0.03725657,0.046114713,0.060390685,0.042437945,0.039685395,0.06175026,0.04103414,0.06056638,0.038667683,0.065918036,0.03030981,0.038679942,0.05159775,0.06023106,0.04410486,0.060759075,0.044559043,0.040743824
marinate,0.04403892,0.05998451,0.03438286,0.050727397,0.044411715,0.059465308,0.08090714,0.09307206,0.04799553,0.05884872,0.04509686,0.03851239,0.04158979,0.043565847,0.047710124,0.018491412,0.08814074,0.039036546,0.03688563,0.0,0.046922453,0.07675351,0.043605477,0.042863786,0.038737822,0.042316813,0.0744539,0.043990143,0.047388043,0.041552328,0.036605872,0.074206136,0.034816027,0.06759866,0.053175017,0.045202885,0.040179476,0.04529075,0.039436996,0.04693443,0.050722167,0.025843948,0.05732252,0.029500958,0.02246492,0.07389975,0.06771718,0.046458177,0.07481445,0.077466816,0.05194004,0.054985736,0.071263835,0.089719705,0.06258117,0.066220224,0.040523533,0.04646074,0.10231664,0.044161793,0.048475493,0.06695969,0.06253253,0.05289739,0.027540622,0.06739638,0.089587435,0.05390526,0.045686234,0.04207396,0.040550053,0.041777138,0.042043976,0.07719446,0.054219138,0.045704033,0.06749763,0.057462074,0.036925495,0.082960725,0.082564525,0.053870447,0.033679012,0.045112498,0.04848094,0.037070416,0.032353085,0.03928692,0.04021197,0.05015196,0.03984583,0.051501032,0.057240047,0.07659285,0.04795157,0.04309128,0.05174888,0.024533361,0.03344082,0.042075448,0.044962123,0.054431364,0.068424106,0.04797483,0.068403095,0.07444226,0.050457828,0.051346224,0.05741667,0.05119542,0.045084417,0.057575747,0.07114673,0.051723953,0.04234534,0.047352746,0.05754232,0.16427085,0.072840594,0.059514333,0.034753777,0.044587046,0.056197945,0.0417186,0.046816807,0.056453407,0.06219954,0.06264882,0.040276166,0.046982482,0.03775826,0.042169932,0.06392036,0.03763547,0.05634834,0.033861786,0.057618935,0.051194027,0.04294848,0.053389516,0.029012796,0.03585323,0.077431664,0.03323323,0.09973261,0.03840183,0.047195468,0.039960824,0.08346343,0.052180286,0.04430627,0.052534513,0.03904837,0.03943384,0.045033008,0.049603537,0.05307646,0.065849364,0.048992977,0.0571729,0.05661927,0.053101692,0.053877875,0.07543,0.04703201,0.060699716,0.039935384,0.053542394,0.0646391,0.05760449,0.053780485,0.036493327,0.055718116,0.05556994,0.043249387,0.060555466,0.041277003,0.032157596,0.037660476,0.07396471,0.08322204,0.036993295,0.07728572,0.0855336,0.03322062,0.07001837,0.04438721,0.03464937,0.046309482,0.058581896,0.048410434,0.034353495,0.08420091,0.04286927,0.05574485,0.044464126,0.027011428,0.048416834,0.05277241,0.041074872,0.06658126,0.03711715,0.061506122,0.051040176,0.12594588,0.06881595,0.05877723,0.048350673,0.032324355,0.077713914,0.06045156,0.04662327,0.030231375,0.053906426,0.036131874,0.057067476,0.034290686,0.06654744,0.062590756,0.047937807,0.07513861,0.04788627,0.065813184,0.04278856,0.06741712,0.06319762,0.04379013,0.03599635,0.059536044,0.031054812,0.038412955,0.075127274,0.053542934,0.09256024,0.072664365,0.041209515,0.07592827,0.04152108,0.05301482,0.06111372,0.04343612,0.053665306,0.048151743,0.035210293,0.058121406,0.053897865,0.070322715,0.056589995,0.05737625,0.06820766,0.05278863,0.07661798,0.033122294,0.047248237,0.044900697,0.050942697,0.049423296,0.03697487,0.079375006,0.040657885,0.078464404,0.046830725,0.0819319,0.036029425,0.048264794,0.06073968,0.050870433,0.05665627,0.0670529,0.050962154,0.05340426
frost,0.04378707,0.05868531,0.06592611,0.07849836,0.051300716,0.060788907,0.11166401,0.12596926,0.07402066,0.088242814,0.062418275,0.04217149,0.05828596,0.05327111,0.07046181,0.05479561,0.121907935,0.061547533,0.044995558,0.046922453,0.0,0.06652078,0.048491713,0.06040618,0.05186385,0.031970512,0.1083475,0.07685737,0.07130061,0.071787514,0.062105816,0.10672712,0.06245563,0.09663573,0.03411209,0.043783825,0.060727563,0.05772255,0.049126077,0.049150787,0.059687972,0.04539143,0.054579552,0.053385034,0.04589117,0.10511223,0.06711314,0.07756114,0.057102606,0.061506763,0.050167613,0.08711171,0.081198126,0.07719349,0.05630706,0.05761824,0.07142458,0.07377719,0.1346392,0.066930294,0.04643833,0.059442896,0.07980125,0.06846392,0.05180293,0.08001601,0.07670922,0.07896762,0.048060372,0.048995543,0.043148052,0.06414631,0.051897246,0.08455808,0.08063924,0.050246917,0.05955766,0.08958123,0.059839003,0.08598815,0.10276234,0.047800727,0.06446733,0.06433503,0.05685269,0.05155417,0.04680391,0.04762862,0.071989454,0.04208503,0.069580406,0.086334065,0.06565642,0.108181305,0.0678379,0.07244965,0.07265591,0.041349478,0.06869965,0.0639415,0.05011528,0.04846398,0.08065137,0.062248304,0.063233815,0.10171194,0.08158643,0.05880798,0.079598896,0.07782605,0.057980675,0.076276675,0.07973745,0.077554524,0.06420605,0.05053989,0.083184205,0.18135628,0.068963364,0.04783149,0.056364827,0.06942244,0.047332715,0.061565615,0.07209478,0.07595097,0.08582517,0.09615972,0.070590906,0.07405394,0.06860867,0.053397823,0.06237643,0.05050061,0.08830721,0.05286566,0.058724448,0.039283313,0.060234226,0.047357548,0.05464839,0.062060904,0.102384664,0.050369903,0.13232407,0.07031801,0.068649314,0.056705154,0.064269304,0.043498714,0.062570915,0.07919936,0.037390947,0.060151998,0.055310864,0.054496277,0.0804884,0.053462308,0.048328195,0.06255018,0.07899152,0.06871723,0.08538801,0.10255152,0.07199799,0.060461752,0.045446675,0.08514496,0.08704512,0.057288285,0.07409533,0.064878926,0.08151485,0.06314304,0.060315635,0.07647152,0.05263548,0.05610487,0.039803915,0.08567376,0.07042938,0.05807322,0.11151741,0.09859939,0.0432571,0.061153255,0.039801713,0.057993807,0.0771133,0.048653327,0.04850905,0.044440895,0.093768924,0.06512309,0.076806255,0.07418407,0.05390593,0.04347434,0.06501414,0.06890291,0.09865987,0.054444812,0.071604274,0.07115547,0.15856193,0.052728977,0.05552025,0.07625479,0.043369655,0.062318195,0.09309627,0.035556335,0.05152681,0.05590941,0.057559203,0.08749201,0.054495122,0.088756554,0.046952132,0.073300034,0.08494971,0.04840297,0.077117234,0.049908586,0.059794206,0.0384618,0.07821638,0.05434723,0.053165734,0.05746148,0.051156443,0.090698086,0.0577334,0.108288914,0.07932585,0.039986957,0.09032828,0.07322423,0.061590474,0.056775536,0.058325704,0.0528343,0.061962787,0.049181916,0.071350425,0.057929922,0.06493914,0.061355114,0.08095396,0.10243594,0.051150903,0.058228362,0.05237434,0.043649692,0.052474122,0.07730288,0.059242636,0.052531365,0.06414724,0.056927435,0.06671391,0.045257315,0.060703322,0.03748533,0.05113501,0.063672334,0.07783375,0.054908704,0.07440434,0.057701636,0.048713278
foam,0.05745274,0.04219342,0.08555807,0.08743419,0.07401383,0.044698026,0.13123015,0.1452842,0.08490216,0.09946529,0.071601264,0.056893177,0.06581767,0.06682561,0.07519082,0.078048654,0.14537768,0.066993564,0.0602081,0.07675351,0.06652078,0.0,0.06537959,0.09554497,0.059430137,0.06777066,0.130553,0.10183862,0.07358923,0.0973376,0.07491551,0.123167306,0.082804546,0.11873398,0.05994059,0.06346262,0.06750642,0.06875943,0.071433194,0.05638822,0.0542289,0.0694055,0.04204658,0.07823247,0.07121586,0.12058804,0.06385739,0.08978773,0.05617454,0.05821265,0.054319948,0.11003555,0.073643744,0.064105146,0.029062273,0.05358889,0.0933366,0.09134453,0.15878801,0.08082876,0.07588528,0.04215151,0.07722295,0.07345073,0.075111374,0.070050076,0.06775885,0.0893272,0.07091381,0.08486222,0.0643477,0.07482592,0.06840141,0.070339546,0.08810531,0.05414194,0.048202608,0.11461062,0.06869339,0.06594718,0.10351518,0.055006534,0.08767007,0.07048533,0.051802684,0.06523503,0.069105946,0.057424854,0.09916387,0.060445827,0.08625675,0.11050313,0.053555872,0.12802002,0.07619303,0.08633414,0.08624528,0.07000504,0.09361483,0.06942744,0.086629614,0.046669476,0.07219218,0.06302912,0.025050605,0.113259606,0.10380417,0.06923283,0.085058965,0.0906342,0.058603697,0.08306623,0.07230546,0.083813846,0.06779929,0.053526737,0.10539139,0.2038415,0.06213464,0.06405543,0.0764191,0.080983415,0.07008622,0.08317278,0.084461205,0.09610772,0.08461813,0.1273222,0.08928036,0.08010316,0.08701235,0.071768545,0.049547512,0.07145868,0.10557617,0.07548499,0.057709515,0.056603618,0.0884469,0.06367997,0.08139341,0.07825119,0.1147238,0.07791383,0.16064276,0.090463154,0.0896098,0.06406725,0.053738244,0.053307593,0.068545416,0.08467822,0.05389419,0.075079024,0.06658528,0.05166842,0.08713075,0.04970442,0.066874355,0.050396167,0.07432954,0.07028245,0.10292398,0.11260577,0.08277225,0.05546249,0.0650354,0.10788167,0.08782534,0.045420166,0.0845359,0.08253951,0.08672516,0.05344193,0.07236496,0.07141368,0.061573707,0.079495996,0.076761134,0.081368394,0.057152465,0.067319006,0.13423033,0.09430248,0.06572553,0.05144746,0.07239938,0.078098975,0.10237837,0.04837199,0.052507583,0.07155234,0.08540392,0.07700646,0.07799753,0.090211764,0.084863596,0.06547229,0.06427145,0.08718292,0.1141866,0.07411804,0.061440524,0.070425525,0.18145955,0.046850007,0.053944148,0.08456807,0.058707304,0.04638379,0.117025085,0.05151095,0.076442465,0.054601822,0.074669726,0.105208345,0.06861675,0.10546595,0.06894883,0.082883485,0.07448627,0.047480445,0.065887205,0.055788096,0.054095447,0.058861353,0.10397188,0.06495838,0.0734515,0.082053415,0.06714209,0.086640075,0.050323613,0.103059046,0.0700102,0.06934095,0.087110005,0.10174457,0.063783064,0.049907036,0.06650757,0.06815299,0.066747054,0.07532345,0.06569552,0.05133961,0.05244414,0.05035717,0.09160285,0.12502939,0.05157353,0.054210555,0.06912877,0.06256307,0.08057109,0.09059768,0.063720025,0.06717262,0.049578328,0.06387499,0.05654228,0.05942839,0.05590927,0.058418646,0.05391862,0.0502621,0.09242635,0.049206734,0.061486766,0.055520587,0.04456565
crockpot,0.02885752,0.056249283,0.06397281,0.07302909,0.05202852,0.05838056,0.10650701,0.12057534,0.064873934,0.08151076,0.06024213,0.033345096,0.053443994,0.04157631,0.0657012,0.052903228,0.11852633,0.054851074,0.03480606,0.043605477,0.048491713,0.06537959,0.0,0.055122793,0.0425711,0.04085406,0.1035154,0.06839967,0.06647385,0.06457185,0.058721166,0.10252122,0.046212785,0.09343538,0.039667208,0.025463575,0.05551737,0.059109263,0.032665968,0.04368254,0.057614718,0.042871013,0.050033692,0.045459777,0.044510365,0.098408304,0.06861936,0.07043208,0.05089808,0.0615075,0.045533523,0.078406125,0.07331142,0.083044924,0.04760924,0.05052932,0.07005863,0.06826658,0.13119674,0.067078464,0.03359292,0.0597636,0.07804728,0.06482613,0.04967142,0.07616152,0.078624494,0.07618771,0.03923407,0.046257254,0.0422269,0.05952896,0.055021502,0.0820368,0.07646045,0.039161235,0.060562216,0.088567905,0.05005633,0.08443825,0.0979217,0.054161876,0.06424282,0.061592378,0.05315737,0.052554764,0.03568223,0.04667382,0.07359785,0.05659673,0.061645504,0.08470829,0.06552756,0.10257761,0.06301816,0.06585813,0.06790047,0.0408372,0.06782089,0.0618773,0.04689309,0.054318585,0.07744527,0.052813046,0.0590441,0.09485591,0.07813471,0.06477578,0.074816674,0.07364115,0.055108886,0.06973267,0.07766398,0.07217085,0.056566376,0.05430894,0.08531753,0.17730904,0.06964102,0.033468932,0.052863315,0.06508043,0.0347104,0.059760574,0.06802006,0.07749372,0.080109134,0.09218822,0.06284406,0.06612943,0.061916973,0.05120583,0.062326584,0.046957623,0.08473582,0.045245856,0.06170528,0.051641148,0.064770535,0.036970433,0.05580552,0.058759253,0.097860835,0.05615711,0.12263207,0.068540655,0.07044391,0.05468786,0.062034436,0.041137666,0.059835464,0.07411376,0.047151413,0.057696946,0.054606892,0.050419383,0.073400386,0.044259194,0.030061383,0.06035523,0.07443451,0.06292586,0.08029825,0.097497575,0.06828907,0.05879569,0.05078889,0.082276285,0.08424536,0.056044463,0.0689114,0.050919782,0.07642054,0.05960025,0.060749833,0.07424344,0.05419689,0.05905454,0.05535618,0.08358429,0.066883855,0.054407764,0.103211574,0.095227025,0.040507413,0.06474685,0.05532513,0.057399224,0.07523155,0.040911313,0.051072925,0.030405186,0.0899455,0.060979657,0.07364961,0.07066024,0.049951654,0.026138661,0.06212113,0.064298615,0.09279037,0.056044348,0.06508563,0.06663138,0.15345292,0.055148087,0.059606586,0.068522446,0.04032913,0.06259336,0.08527671,0.04369933,0.037354894,0.05080673,0.057915848,0.08472346,0.040821206,0.08924523,0.06299979,0.0708751,0.081117935,0.044983808,0.07206091,0.049139794,0.06481582,0.060101498,0.075002745,0.05154212,0.037870616,0.05771482,0.05645097,0.08657971,0.056105148,0.10334149,0.077389754,0.05151343,0.086081035,0.07360304,0.058693595,0.051920477,0.055916116,0.036420267,0.059248038,0.03092611,0.06289651,0.05774983,0.061578974,0.057274494,0.07635799,0.096448295,0.047543865,0.054763243,0.047280155,0.02898534,0.032717295,0.07337278,0.059969135,0.050508074,0.059099887,0.057945583,0.068580434,0.05263791,0.061190885,0.038296513,0.05224061,0.05902919,0.07460774,0.058479637,0.068785444,0.05516583,0.05156724
caramelize,0.058358386,0.08269643,0.0527306,0.0630868,0.05907123,0.081507206,0.08297719,0.09133167,0.060317606,0.0644273,0.06467453,0.057405084,0.059518278,0.052166205,0.061137687,0.051049862,0.08860588,0.059841137,0.05768325,0.042863786,0.06040618,0.09554497,0.055122793,0.0,0.0621561,0.054489713,0.072745755,0.043396816,0.06413651,0.040376093,0.056792717,0.07665592,0.045683675,0.07076118,0.06757133,0.05545908,0.05515044,0.06320028,0.043871682,0.06805362,0.07086863,0.041173883,0.079660565,0.044461578,0.047477275,0.0751946,0.08722184,0.05881395,0.08864928,0.094046615,0.074579045,0.05421266,0.08678944,0.10678615,0.08045389,0.08173074,0.055884495,0.056641057,0.098498136,0.06354626,0.04404576,0.08879382,0.079920754,0.069530286,0.053207323,0.086477235,0.10674487,0.067491464,0.052321892,0.02407587,0.041021742,0.060574938,0.056502853,0.09471481,0.06994428,0.06456374,0.087021835,0.062939115,0.055292346,0.101613976,0.09441002,0.07654481,0.054077707,0.059861276,0.07085201,0.06090916,0.043867033,0.057512682,0.0544982,0.07122405,0.052787527,0.063913055,0.078549124,0.07485952,0.061098352,0.053668525,0.06115356,0.04676017,0.05488446,0.06573536,0.029603532,0.0786845,0.084963195,0.06578087,0.087755874,0.079866625,0.057489675,0.07007116,0.072035186,0.06568,0.06692095,0.071046874,0.08748437,0.06696181,0.05991666,0.071626335,0.064671285,0.15591231,0.092181265,0.067567445,0.051284403,0.059723217,0.058213536,0.05341417,0.060422085,0.064039156,0.077224,0.058021426,0.050390642,0.05991045,0.052162424,0.055661414,0.08419932,0.053320788,0.06537803,0.04078859,0.07943596,0.0716203,0.051283937,0.066942595,0.044625532,0.05290222,0.083899215,0.05256159,0.08739873,0.055837628,0.05698034,0.0610845,0.09772911,0.07338782,0.06334247,0.06680818,0.062462647,0.058494233,0.06146872,0.07093319,0.06506976,0.076069504,0.05689528,0.08004054,0.074214146,0.06938613,0.061771307,0.081263594,0.062442064,0.078784905,0.056865416,0.05793937,0.08058512,0.076567315,0.06534979,0.047976132,0.069376536,0.073518895,0.05867504,0.07869087,0.06614079,0.053659342,0.05021178,0.09005821,0.10191875,0.05929169,0.07466783,0.09846738,0.05054339,0.09169339,0.05763423,0.053294327,0.05232908,0.07397826,0.06799106,0.04193783,0.099748135,0.061681714,0.07265161,0.060545657,0.039098434,0.053861488,0.07250933,0.0525843,0.070749335,0.052800916,0.07710235,0.06959699,0.120252825,0.088514976,0.08120753,0.06033737,0.051075004,0.0979684,0.060410783,0.06427197,0.03762462,0.07619455,0.05641622,0.06624161,0.050639525,0.07416325,0.07421716,0.06527783,0.09255564,0.064818874,0.082184635,0.0657118,0.08919459,0.080914244,0.052837156,0.057260726,0.06457137,0.051346127,0.06251299,0.09001688,0.07453418,0.10465662,0.09110458,0.05892496,0.0905295,0.050872345,0.069765866,0.082944706,0.06346564,0.06507178,0.06643445,0.039357927,0.07263155,0.07262217,0.08989876,0.075024806,0.06899125,0.07107626,0.071845666,0.09106424,0.049400214,0.055834588,0.040593278,0.06381711,0.07238373,0.05791942,0.09547942,0.066245206,0.09816544,0.06824936,0.09559329,0.05025714,0.0708761,0.0788838,0.064895324,0.081208825,0.08388572,0.06904934,0.07542198
refrigerate,0.042012285,0.040945847,0.04664248,0.050009698,0.048580628,0.039129537,0.09104906,0.10331726,0.04660963,0.06476107,0.034058373,0.030243423,0.03656651,0.04654812,0.043943416,0.038754307,0.10176674,0.032261904,0.030131424,0.038737822,0.05186385,0.059430137,0.0425711,0.0621561,0.0,0.047609374,0.089589916,0.060564887,0.042833824,0.05826859,0.039360464,0.08524144,0.03965108,0.075168185,0.049641952,0.04603117,0.035916004,0.036087,0.04570372,0.041559346,0.035732392,0.035873033,0.035543595,0.043313768,0.03508368,0.08158765,0.054331634,0.049448457,0.0649546,0.06719869,0.028705796,0.068584085,0.05794778,0.070723765,0.048670176,0.05240976,0.052740708,0.052647524,0.11500798,0.040301397,0.056295082,0.04805513,0.050962977,0.045531515,0.033851888,0.05102915,0.07704608,0.05078111,0.050127164,0.056789625,0.044410028,0.033290993,0.044334557,0.060206056,0.049738236,0.039125625,0.055472508,0.072826944,0.03161619,0.064561486,0.075980306,0.04607516,0.04701791,0.040092923,0.03143409,0.039249547,0.03876314,0.03187479,0.05727667,0.045355614,0.04457296,0.06684274,0.040949173,0.08706973,0.047644127,0.045867942,0.05469432,0.03822142,0.05403157,0.039985567,0.06241741,0.040975027,0.05480264,0.037018903,0.051782977,0.076629594,0.06254819,0.03790822,0.051243473,0.049145285,0.033990197,0.05095979,0.055011276,0.053750902,0.03677123,0.04028604,0.0650091,0.16991232,0.057990264,0.059297692,0.038300566,0.0407703,0.059707854,0.049436398,0.047977634,0.059347365,0.052904435,0.08394561,0.050357357,0.047670454,0.045500156,0.043465927,0.046365704,0.038100738,0.064557955,0.04397095,0.04479222,0.043115545,0.04968317,0.054641433,0.04075871,0.043971457,0.079369605,0.04216016,0.11672839,0.050832774,0.052154046,0.028122373,0.06949347,0.04624946,0.03523978,0.049002882,0.03370142,0.032279946,0.03671941,0.033904795,0.05221234,0.056834895,0.05170219,0.03382865,0.047139354,0.047225513,0.062007982,0.07619097,0.04470915,0.05114802,0.03731495,0.06583446,0.05555081,0.03800579,0.052508738,0.03857966,0.04996155,0.039646115,0.04162411,0.046232782,0.036605254,0.042318393,0.046601187,0.059662,0.064753234,0.031549137,0.0915345,0.074169174,0.031630088,0.054516774,0.045229867,0.036257368,0.062651984,0.04997006,0.033189613,0.04361979,0.0705268,0.032669865,0.044812158,0.047396004,0.042588945,0.050709445,0.037185185,0.049426824,0.07275792,0.037634727,0.05061319,0.039464567,0.13958928,0.049703695,0.043780778,0.048373736,0.034367338,0.056623317,0.07383916,0.038019057,0.046140682,0.028724888,0.035323374,0.06290694,0.033475257,0.069181316,0.056047946,0.044617277,0.059788797,0.039713066,0.053217832,0.029965473,0.052880604,0.057013087,0.06031963,0.032463938,0.063709475,0.044217784,0.038498644,0.064106144,0.03657672,0.08230109,0.05500977,0.041616045,0.06397551,0.06046301,0.046677835,0.035090007,0.039952695,0.05274234,0.03995159,0.04660528,0.04969286,0.039882284,0.05279832,0.04389274,0.054902155,0.08022441,0.04401634,0.06474744,0.031369023,0.049537353,0.057015322,0.051613037,0.040924184,0.037316438,0.062348116,0.032574713,0.06387141,0.03621304,0.0696991,0.034328505,0.031677447,0.04807291,0.05371206,0.03796477,0.053882122,0.040842775,0.038167562
grease,0.035211585,0.05639477,0.059820727,0.06980512,0.03935658,0.057282016,0.10417531,0.11798629,0.06596708,0.077720836,0.05631911,0.036063608,0.052345317,0.04624253,0.060977165,0.049755782,0.11548047,0.05412074,0.039682657,0.042316813,0.031970512,0.06777066,0.04085406,0.054489713,0.047609374,0.0,0.10210284,0.06690107,0.0637511,0.065737166,0.059066076,0.10025889,0.052155443,0.08959041,0.031452402,0.039107487,0.054297972,0.055479847,0.0457227,0.048888575,0.054304007,0.041287854,0.055185035,0.04981618,0.040776275,0.097159654,0.067923725,0.06868089,0.061605908,0.056769162,0.051420633,0.07696471,0.07767226,0.07820516,0.054594353,0.059252013,0.06459674,0.06658441,0.12682211,0.06296363,0.045940906,0.061605617,0.07520336,0.061794505,0.04568419,0.07640879,0.08116143,0.0711367,0.041801,0.04673255,0.03752391,0.058219407,0.04756797,0.082559496,0.07427854,0.041549496,0.06008195,0.081340946,0.051133834,0.085012004,0.09692576,0.048716873,0.06114994,0.05666161,0.05228744,0.049560543,0.0407836,0.041447308,0.06890643,0.04006963,0.06033749,0.08157515,0.061638944,0.10000614,0.056405365,0.065773115,0.06708127,0.036876775,0.06294181,0.060310222,0.049351275,0.04923788,0.076805815,0.057123136,0.06277127,0.094323516,0.076005,0.060235444,0.07390145,0.06870935,0.05208775,0.070794046,0.07649076,0.06858301,0.05515924,0.0524081,0.07936551,0.17782922,0.071051344,0.048366733,0.04828438,0.06099044,0.049058165,0.05580867,0.06392101,0.06765811,0.07873906,0.0888337,0.061250165,0.06486187,0.05840997,0.048406396,0.060509574,0.046445873,0.08075517,0.04583253,0.057678983,0.03606269,0.049524352,0.04936737,0.050225753,0.053022075,0.09502085,0.041491557,0.12371746,0.06536667,0.05885046,0.053922318,0.069950074,0.04411877,0.057007074,0.07191412,0.04041333,0.056006853,0.052552205,0.048281744,0.07120476,0.056018338,0.04338172,0.05919822,0.072474375,0.057749003,0.07541268,0.09481995,0.06413017,0.05940916,0.045467716,0.076366805,0.08159318,0.057016768,0.068996824,0.056035575,0.07403861,0.0579142,0.05535904,0.07085487,0.053075645,0.051245328,0.033486757,0.08303269,0.073846206,0.053807687,0.101771116,0.094820976,0.03305407,0.0630486,0.033409115,0.048204605,0.071815915,0.051308423,0.04353274,0.040233605,0.09144919,0.06023418,0.07091587,0.06868355,0.04872384,0.041626494,0.05998778,0.06255483,0.090021364,0.046144098,0.06485512,0.06314638,0.14980371,0.055699464,0.056533094,0.06691128,0.041817307,0.06530157,0.08318973,0.03877311,0.046588138,0.05496377,0.051503714,0.08093447,0.04790998,0.08113891,0.043384243,0.067108355,0.08253964,0.039845597,0.07102981,0.04700759,0.059682347,0.047680363,0.072055355,0.04930499,0.050245915,0.050284177,0.04999789,0.08676812,0.05306271,0.10386375,0.07762198,0.030720463,0.086539246,0.06685578,0.058472883,0.05772479,0.052762803,0.048113983,0.0548541,0.043989472,0.06383843,0.051483076,0.066358514,0.054982614,0.073599584,0.09287168,0.0499934,0.06369768,0.04760445,0.038945828,0.046994895,0.066570945,0.056805834,0.05093757,0.06864736,0.054736104,0.063064404,0.050402682,0.06635784,0.0360891,0.05178433,0.05514669,0.0701623,0.056151107,0.06882037,0.053529277,0.048143942
evaporated,0.10412559,0.11356947,0.056742128,0.06079722,0.09251302,0.10984135,0.044725753,0.03996077,0.06392455,0.051161934,0.078962564,0.09655087,0.0817413,0.09211486,0.071101435,0.06943444,0.028929127,0.076023296,0.09562208,0.0744539,0.1083475,0.130553,0.1035154,0.072745755,0.089589916,0.10210284,0.0,0.04660753,0.06910068,0.053505275,0.0656409,0.02340153,0.06788612,0.04543436,0.117880665,0.10626274,0.07133299,0.079733334,0.09149833,0.10547244,0.09354664,0.0758416,0.11231154,0.07264699,0.07697432,0.039103907,0.113316886,0.053865716,0.14011012,0.1402049,0.1102625,0.04213778,0.100232765,0.13660334,0.119544975,0.12363822,0.059945017,0.058272462,0.045686338,0.06731636,0.104091056,0.12189445,0.08055185,0.08009305,0.07950085,0.09295943,0.14523414,0.059497733,0.09836133,0.086800516,0.09371263,0.07164191,0.09059416,0.103763856,0.061623257,0.101248436,0.12433998,0.03493805,0.074856035,0.115421966,0.0801277,0.10950869,0.058341056,0.073125914,0.09668703,0.08501008,0.084888086,0.08919721,0.045560677,0.10406671,0.05912148,0.03671908,0.09616516,0.034764107,0.07578169,0.053898215,0.068818174,0.087212995,0.060135134,0.07657693,0.093231924,0.111307666,0.09133238,0.08847131,0.12075221,0.054727722,0.04222795,0.085903004,0.06921119,0.060407758,0.091503754,0.07681684,0.097198464,0.072698995,0.07531239,0.1001052,0.048382647,0.1362319,0.12097868,0.12313436,0.07130959,0.06577769,0.11631794,0.06870816,0.06420386,0.06402784,0.07083244,0.03737247,0.05799931,0.06516896,0.05892236,0.08336884,0.11278494,0.082279414,0.04191673,0.07619051,0.10308795,0.10832857,0.067018256,0.116200045,0.06274571,0.07224616,0.06014425,0.07861966,0.049268845,0.054050952,0.062041875,0.07898577,0.14689787,0.11638015,0.07769087,0.060227536,0.09481098,0.07287156,0.084199764,0.10178149,0.06486359,0.12587188,0.10833981,0.102466024,0.07290246,0.08648671,0.04694305,0.05180211,0.062711485,0.11119932,0.08651227,0.042184517,0.071483165,0.1047354,0.07136684,0.064553805,0.06277174,0.097939976,0.07340803,0.08354507,0.087611035,0.0674553,0.085490376,0.09300379,0.14185065,0.07492637,0.033321846,0.09651009,0.08610914,0.124099426,0.093338065,0.067831114,0.043659564,0.121205315,0.09895013,0.08903666,0.104690716,0.07086219,0.07257773,0.056373104,0.064285845,0.10960753,0.08786754,0.05870594,0.039297223,0.07279722,0.098757185,0.07766087,0.06458937,0.13032787,0.11068557,0.064762846,0.09024555,0.1389727,0.038696423,0.10617069,0.07922578,0.10581407,0.070522375,0.04496107,0.079333685,0.059018712,0.11257551,0.0644797,0.099819615,0.10473984,0.09752515,0.0940641,0.12057673,0.123397805,0.03988264,0.08027862,0.11988139,0.07293786,0.085672565,0.08787087,0.100292884,0.09617238,0.10202266,0.09330373,0.09009811,0.043870136,0.096134074,0.11658556,0.08629563,0.11318567,0.084463395,0.088845804,0.093667254,0.09706192,0.12295458,0.10236201,0.0629135,0.0376598,0.10916802,0.14072825,0.07567427,0.10880992,0.0971268,0.06159077,0.09175457,0.08087043,0.14089698,0.082128175,0.13497771,0.09832283,0.14515343,0.0930989,0.098889664,0.107137516,0.057899714,0.10875301,0.106341735,0.098694995,0.109815694
overcook,0.06780384,0.08475618,0.03843936,0.04354466,0.06355091,0.08146242,0.054694377,0.0627709,0.042995382,0.038565557,0.05404645,0.062567,0.054679763,0.058547944,0.048409622,0.04244849,0.06033789,0.05076798,0.06293168,0.043990143,0.07685737,0.10183862,0.06839967,0.043396816,0.060564887,0.06690107,0.04660753,0.0,0.04795156,0.031806335,0.046533667,0.04773245,0.039599188,0.04534664,0.083997905,0.070247546,0.046615627,0.056627132,0.059552617,0.07655624,0.06691465,0.047434393,0.08411524,0.04538529,0.046937805,0.046226062,0.08800313,0.037396215,0.1067716,0.10734843,0.08063177,0.028450906,0.08092682,0.11061161,0.08792814,0.09334579,0.038437903,0.040458523,0.07138821,0.04895847,0.07041782,0.09289288,0.066670366,0.058551833,0.051336937,0.07620413,0.11690872,0.045792624,0.06482108,0.056150287,0.061800472,0.048144866,0.06280161,0.08735647,0.049598653,0.069694296,0.09470133,0.037357148,0.04707287,0.0969505,0.07575122,0.080715604,0.041935995,0.049161248,0.06880257,0.060031816,0.05068956,0.057901468,0.03618182,0.0765231,0.03527033,0.03923431,0.07332181,0.046420675,0.049516276,0.037556335,0.048258048,0.052048378,0.042643916,0.057255715,0.062304437,0.08222134,0.07585938,0.063479066,0.09233952,0.05592736,0.035444863,0.06341977,0.055184953,0.042405847,0.06441648,0.059891656,0.07985562,0.05215256,0.049529012,0.07553924,0.043826055,0.14588276,0.09490333,0.088189915,0.042155486,0.042213805,0.0818786,0.04305852,0.04315684,0.04780308,0.058483593,0.03687676,0.03503033,0.0451608,0.035649855,0.053407904,0.085207365,0.052470498,0.040623587,0.045362484,0.07717577,0.07737871,0.039890554,0.08306154,0.036883585,0.043663155,0.06114542,0.04834035,0.06752685,0.037460025,0.042939253,0.054589115,0.11456044,0.08518635,0.053679124,0.046371017,0.066505365,0.04894909,0.058274943,0.07166699,0.04667219,0.09237372,0.07440732,0.07614561,0.057615966,0.061986282,0.03535949,0.05570896,0.043559905,0.08352887,0.058766775,0.034256537,0.061563928,0.078257,0.05118722,0.03768362,0.049773313,0.071894586,0.050973628,0.065503076,0.06447207,0.045101613,0.0558362,0.07938908,0.112017624,0.05131132,0.045063205,0.086895004,0.05335868,0.0954397,0.06367118,0.040531978,0.035118602,0.08885699,0.06885006,0.054478265,0.0915845,0.049806207,0.056512527,0.041793607,0.035992283,0.07432309,0.06407448,0.037392627,0.040717706,0.043485913,0.07396244,0.055941377,0.09300901,0.098479114,0.082656115,0.044802062,0.060826737,0.10720703,0.03179425,0.074018046,0.049645517,0.0778799,0.0440665,0.04141421,0.049662296,0.053815573,0.083258234,0.047357246,0.08447119,0.07268755,0.075179085,0.065648824,0.091336556,0.09311373,0.029578347,0.053157303,0.08489368,0.04336509,0.05896959,0.07738813,0.07301706,0.09002759,0.08412363,0.06176546,0.07783623,0.032048687,0.070251375,0.08771139,0.059942853,0.08044272,0.05741593,0.05585108,0.068145126,0.069033176,0.09515645,0.074039795,0.04948757,0.04028967,0.07883522,0.10801856,0.047172315,0.07351561,0.06327431,0.040554114,0.06705004,0.0555425,0.109447494,0.059884857,0.102643624,0.07130897,0.11164694,0.06069704,0.07126479,0.07910311,0.04182943,0.08180806,0.0805841,0.07141456,0.08043038
massage,0.06245884,0.056821465,0.03930633,0.027389495,0.055525552,0.049561255,0.071632914,0.0799785,0.03844844,0.03715494,0.035792362,0.049972426,0.03680077,0.055705044,0.017386183,0.042335015,0.082869776,0.03030571,0.0537285,0.047388043,0.07130061,0.07358923,0.06647385,0.06413651,0.042833824,0.0637511,0.06910068,0.04795156,0.0,0.049872793,0.035351455,0.061155748,0.043934315,0.061428025,0.073021814,0.06831292,0.030850755,0.039786726,0.061860226,0.06245221,0.036525186,0.043941528,0.059950244,0.053439204,0.044702694,0.05703485,0.06749841,0.03280706,0.09309798,0.08816096,0.06280177,0.052616607,0.06103728,0.084138446,0.06774876,0.07793914,0.04388274,0.044338994,0.09432754,0.036586188,0.076047175,0.067245975,0.039051287,0.04252374,0.046930585,0.04744111,0.098786175,0.03154665,0.06580432,0.06597508,0.053540055,0.029923983,0.051764376,0.06003999,0.033586953,0.05410615,0.07097384,0.055616543,0.030123876,0.06741633,0.06201444,0.06327817,0.04640518,0.026558727,0.040322646,0.047341745,0.053275872,0.036714412,0.049233496,0.059368286,0.033660557,0.05576105,0.04107396,0.06353625,0.031521708,0.03244004,0.0434499,0.05119178,0.05018872,0.038963657,0.07385224,0.05807303,0.048690002,0.045496643,0.06695251,0.058639053,0.04917591,0.0426651,0.039845936,0.03541226,0.039755568,0.047009513,0.053690962,0.03765506,0.028901344,0.05619768,0.049631696,0.1616944,0.0739779,0.08470129,0.038678735,0.026517281,0.08255804,0.045163263,0.03402214,0.046226714,0.036217857,0.070027776,0.040524267,0.03149069,0.0376858,0.047328416,0.057287924,0.048038263,0.046088345,0.04767451,0.054047238,0.059773397,0.041906238,0.08001501,0.03948511,0.035841648,0.06253158,0.045613907,0.101025395,0.041541457,0.038997687,0.033257432,0.09753924,0.072672375,0.031639397,0.027199076,0.050233103,0.036217555,0.04032974,0.0458217,0.032016173,0.0812082,0.07307028,0.044772632,0.028092457,0.03948677,0.043236353,0.052518453,0.030890161,0.06280316,0.046253655,0.04704417,0.037424024,0.048160456,0.042815443,0.03807364,0.028000351,0.041594848,0.03868226,0.03504527,0.048310604,0.04259062,0.053477123,0.056870945,0.09285264,0.035304856,0.072037056,0.06815081,0.04589599,0.07173884,0.055822615,0.034324586,0.05271768,0.07565038,0.0421344,0.060012966,0.07021787,0.03512243,0.032608878,0.039402734,0.047217887,0.074157625,0.03644221,0.041647904,0.04884776,0.030101774,0.0474457,0.025614379,0.11684568,0.07719648,0.058284298,0.03167525,0.048927005,0.08497738,0.058133118,0.05622988,0.057732522,0.057007898,0.03114625,0.04660651,0.04108499,0.0518081,0.06878566,0.030202966,0.06010459,0.051791664,0.045870848,0.045915708,0.0674662,0.076674566,0.0490621,0.037726074,0.08677612,0.044186115,0.044760395,0.057218943,0.042703576,0.07195815,0.05741362,0.053389486,0.058537725,0.05107109,0.051908046,0.06582303,0.043189105,0.07490353,0.036336835,0.0634408,0.04514771,0.03712001,0.073905855,0.04442035,0.040277526,0.06214602,0.061037976,0.09255507,0.039115272,0.06950819,0.0732179,0.034476016,0.047614347,0.04523641,0.09088388,0.03920096,0.08195211,0.053731162,0.0967894,0.050510444,0.04917385,0.049720716,0.038855657,0.056108736,0.052367754,0.048790265,0.055491295
charred,0.066208065,0.082543544,0.042396657,0.04727674,0.063975394,0.07877739,0.06317503,0.069453746,0.04548596,0.049581937,0.05379981,0.060628757,0.052534424,0.059726536,0.050071865,0.0415472,0.06975934,0.05183417,0.05861298,0.041552328,0.071787514,0.0973376,0.06457185,0.040376093,0.05826859,0.065737166,0.053505275,0.031806335,0.049872793,0.0,0.046943866,0.05669316,0.03625456,0.05244308,0.07852868,0.06602777,0.044988535,0.053629465,0.046990085,0.07140334,0.06515191,0.04255291,0.07950833,0.045560278,0.046412304,0.0545778,0.086008474,0.04315871,0.099336006,0.10416323,0.07497958,0.040415846,0.07862637,0.10483075,0.08440833,0.087354265,0.04026943,0.038615026,0.08008423,0.04885003,0.06236144,0.08845284,0.06669958,0.058971077,0.050843723,0.07501835,0.112665065,0.04941948,0.061591092,0.044827726,0.056323476,0.048795376,0.06040465,0.084900655,0.051377308,0.06716467,0.08941132,0.04705554,0.046756916,0.094141275,0.077597216,0.0766696,0.044069935,0.04960855,0.065447,0.05821027,0.050640147,0.056916054,0.04142639,0.0725615,0.03463178,0.046307065,0.07146377,0.056208275,0.05281974,0.037488747,0.045871872,0.048258536,0.046336904,0.058031995,0.053460013,0.07899956,0.07365223,0.06074801,0.08957858,0.058395106,0.039343216,0.059085768,0.055587318,0.04764038,0.064406574,0.05891333,0.076374345,0.055079,0.051559277,0.07291528,0.046053704,0.15170573,0.092403136,0.08361034,0.044136405,0.04580779,0.075271286,0.045423023,0.04678625,0.046257783,0.060422577,0.04065564,0.039818298,0.048460435,0.041510466,0.051126543,0.08142052,0.051148288,0.047942914,0.043994706,0.073814966,0.07170094,0.043327183,0.080155365,0.038746715,0.045886036,0.063062795,0.049410373,0.07436062,0.041974407,0.04562484,0.04902825,0.10810342,0.08141527,0.053607196,0.050436266,0.06256988,0.04677188,0.055253066,0.07003095,0.053080495,0.08758174,0.06912,0.07378343,0.0591003,0.06406451,0.045967042,0.06033253,0.04657055,0.078603,0.055756994,0.043733757,0.064288534,0.07172906,0.05267704,0.038487695,0.05312581,0.070534535,0.049740043,0.06662087,0.06236844,0.046607997,0.054022186,0.07762242,0.10657596,0.04979751,0.05480725,0.08550445,0.052366756,0.091452636,0.06035486,0.04382622,0.040591978,0.082692206,0.06700069,0.05394304,0.08921499,0.0484057,0.057630353,0.04230906,0.035792883,0.06867198,0.062147316,0.038162075,0.047016695,0.045612693,0.07376775,0.057651803,0.10234417,0.09269495,0.07699301,0.049749743,0.056053232,0.10216709,0.041519303,0.06955308,0.04761558,0.07305964,0.045791246,0.046660777,0.04441696,0.056446783,0.07585334,0.049752016,0.08172638,0.07092963,0.07506605,0.06291713,0.08776693,0.08688586,0.033825573,0.052462313,0.08052307,0.044326816,0.055056207,0.076547876,0.06996787,0.090187624,0.08080478,0.05845021,0.077384375,0.040502913,0.06621764,0.08245023,0.057548665,0.0748484,0.0583282,0.05333625,0.06838711,0.06679758,0.090934284,0.0731624,0.053125687,0.05058915,0.07420291,0.1012682,0.041096117,0.06886549,0.05640874,0.047929466,0.06466299,0.052454967,0.10343832,0.058224108,0.100344144,0.061713226,0.107192025,0.054884493,0.06410751,0.077988945,0.04705419,0.07752412,0.07989684,0.068005376,0.07712665
evaporate,0.05386751,0.05470231,0.027828436,0.0387989,0.05201726,0.053939976,0.068437345,0.08402075,0.03846304,0.048376128,0.033210266,0.046620883,0.03979014,0.050548017,0.038012974,0.030304162,0.08094547,0.030023465,0.04739491,0.036605872,0.062105816,0.07491551,0.058721166,0.056792717,0.039360464,0.059066076,0.0656409,0.046533667,0.035351455,0.046943866,0.0,0.05982995,0.041189566,0.061247583,0.06744476,0.060174156,0.030814355,0.03845633,0.053964533,0.052347455,0.041965526,0.032653064,0.053021684,0.037738323,0.031231036,0.06031444,0.0556986,0.037572205,0.08473696,0.0863809,0.05596525,0.054471064,0.065158516,0.08650087,0.06428558,0.06968071,0.04304527,0.043813772,0.095811285,0.03502474,0.06596058,0.061490927,0.04924078,0.045048468,0.039110932,0.054557964,0.08828585,0.040700752,0.059718583,0.058223218,0.05044187,0.033369686,0.04635117,0.067452185,0.04193041,0.048917755,0.06726487,0.05221256,0.029654212,0.07346268,0.0711186,0.05129026,0.029035132,0.037900437,0.04181364,0.028927973,0.04173432,0.03857177,0.036143053,0.054501325,0.032875083,0.046287492,0.049352545,0.06575768,0.04194793,0.03232893,0.038984664,0.044644326,0.038755782,0.03410427,0.06465223,0.050377123,0.057480637,0.04413408,0.06626456,0.06381966,0.03564287,0.044604458,0.040267028,0.0378448,0.03910612,0.05113321,0.06114346,0.047401927,0.034230992,0.043027725,0.048449956,0.15999502,0.06244272,0.074234374,0.03036579,0.036402475,0.07213381,0.03419922,0.035664473,0.050995775,0.04976532,0.067004964,0.035300814,0.037157405,0.03364369,0.03862269,0.059668493,0.035680663,0.043003112,0.042181615,0.050623115,0.056411464,0.044100016,0.067199714,0.02934037,0.039191667,0.06837821,0.041801583,0.09990993,0.023202239,0.044072177,0.0333696,0.08941824,0.06026239,0.030252358,0.03898075,0.042078003,0.03324181,0.04042132,0.046334535,0.04322079,0.07326999,0.06519126,0.050592303,0.043074384,0.047273498,0.043290954,0.06269622,0.030538116,0.056880955,0.037807897,0.049687218,0.051740155,0.05170807,0.0384747,0.037078615,0.041409865,0.04985175,0.037315622,0.04829616,0.02932345,0.029882627,0.047434803,0.063841134,0.085059,0.02980461,0.072857514,0.0762162,0.042131,0.06604434,0.05313299,0.034837045,0.04094836,0.06523652,0.046837132,0.0463265,0.07615321,0.035261583,0.044583462,0.035973977,0.036617484,0.064659886,0.043524265,0.03743137,0.05743006,0.034527633,0.056373905,0.039979547,0.11955325,0.072453015,0.05560997,0.039511036,0.038524494,0.07917742,0.057397526,0.052792884,0.04287594,0.05217743,0.027218154,0.04394696,0.03485722,0.05841961,0.0689918,0.032597154,0.06503929,0.052217957,0.057114676,0.039896403,0.064840436,0.070360765,0.04150586,0.03355248,0.077498086,0.039697178,0.03864955,0.06310151,0.046364825,0.08181934,0.061367083,0.050375957,0.06574519,0.039144263,0.046322487,0.06082189,0.03795609,0.068184294,0.035176914,0.05073508,0.05339148,0.047133222,0.06573062,0.050816163,0.04827981,0.06470205,0.053741578,0.084085,0.029117953,0.06282249,0.064124905,0.039617214,0.040833637,0.024452066,0.0829426,0.031988174,0.078688145,0.04693122,0.08832657,0.04247617,0.04550558,0.056487355,0.036098298,0.050447404,0.06121113,0.044707052,0.054534245
condensed,0.10139384,0.10582861,0.053701412,0.05337206,0.08901207,0.1021844,0.03873921,0.03853336,0.05808729,0.042432632,0.071907595,0.09302082,0.076462016,0.08916367,0.06379697,0.06784583,0.03658858,0.070245065,0.09286742,0.074206136,0.10672712,0.123167306,0.10252122,0.07665592,0.08524144,0.10025889,0.02340153,0.04773245,0.061155748,0.05669316,0.05982995,0.0,0.06768549,0.043463588,0.11536299,0.105524965,0.06668557,0.074421376,0.0923865,0.10314065,0.08614829,0.07505512,0.107105196,0.072340064,0.074581005,0.02976458,0.10458143,0.048538633,0.13730222,0.1354852,0.106137805,0.04283014,0.09752844,0.1305353,0.11335816,0.12021546,0.057385772,0.05912535,0.04997412,0.062937155,0.105986945,0.11421211,0.076023914,0.0761592,0.07740934,0.08794072,0.13987859,0.05418182,0.09825271,0.089572765,0.09149498,0.06555677,0.08703418,0.099148676,0.056188945,0.096650295,0.11791336,0.035381783,0.068681374,0.11099251,0.07718033,0.10262705,0.05722873,0.067444086,0.08955702,0.08022703,0.08345444,0.08298071,0.045941245,0.10111113,0.05480114,0.038293753,0.09008423,0.028491175,0.06856432,0.05153653,0.061759096,0.08580334,0.06023811,0.072114356,0.09676828,0.104487024,0.087581865,0.08442825,0.113147855,0.054949176,0.036509003,0.07972615,0.06170761,0.05250388,0.08496213,0.07432002,0.09221982,0.065530784,0.06859149,0.097095504,0.044431407,0.1381428,0.11267146,0.122647285,0.06570243,0.058433227,0.1169885,0.06271751,0.055491425,0.06097716,0.064423434,0.04666454,0.054492112,0.058164008,0.054741755,0.077794075,0.10545606,0.07711365,0.036860872,0.07557891,0.09514018,0.10404631,0.06349611,0.11550169,0.06010877,0.06763516,0.06075412,0.075361095,0.06076579,0.048405923,0.059891228,0.07338279,0.14321925,0.1135387,0.06979779,0.0550605,0.09132107,0.067374416,0.078294724,0.09482748,0.05731596,0.12311585,0.10884095,0.09482239,0.063938305,0.07905181,0.04032097,0.04869844,0.05449899,0.105204105,0.080660604,0.040116914,0.06630968,0.0982559,0.06183687,0.06206953,0.05692807,0.09205462,0.06986742,0.07780507,0.0814502,0.06535888,0.082822405,0.08947045,0.13748166,0.07027654,0.036108036,0.09438393,0.08348858,0.11585954,0.09078617,0.06377964,0.043330938,0.11830965,0.0930161,0.088530906,0.1020641,0.06630535,0.06591633,0.052293867,0.0639823,0.1096006,0.08137999,0.055560686,0.035428047,0.06730715,0.09172585,0.06914033,0.06813764,0.1253125,0.10304959,0.058319155,0.08822755,0.13309537,0.03811754,0.10161156,0.08007868,0.10019516,0.06386883,0.039727036,0.07546193,0.05802934,0.10982704,0.056561098,0.096539184,0.09955125,0.089220054,0.08872129,0.11238461,0.11888838,0.040688556,0.07550614,0.12077999,0.07001262,0.07981922,0.08534574,0.09292426,0.0935623,0.09623789,0.09035469,0.08690452,0.044203557,0.09006583,0.11108165,0.0797018,0.11275962,0.07471495,0.090302505,0.08647401,0.08984994,0.11763895,0.09467104,0.0595523,0.037053335,0.10393891,0.137352,0.071768075,0.10797096,0.099571906,0.05318023,0.084406875,0.07509417,0.13705616,0.077491745,0.1277731,0.093626976,0.14169827,0.090139166,0.09337775,0.09959588,0.048636075,0.102171235,0.097726576,0.09229075,0.10455631
griddle,0.05036051,0.067315824,0.039470445,0.044500772,0.049513333,0.06383734,0.07194954,0.08267891,0.034813043,0.050422683,0.043163832,0.04625234,0.03943294,0.047780413,0.04457816,0.036981937,0.08005801,0.04105105,0.040862214,0.034816027,0.06245563,0.082804546,0.046212785,0.045683675,0.03965108,0.052155443,0.06788612,0.039599188,0.043934315,0.03625456,0.041189566,0.06768549,0.0,0.058281887,0.060881577,0.052920274,0.035126023,0.040266987,0.0413195,0.05538656,0.051880263,0.03344555,0.062156744,0.037629705,0.0367958,0.06275202,0.0733921,0.041936662,0.08445542,0.08544425,0.057189584,0.045559153,0.06116599,0.08754403,0.069292635,0.07049919,0.04250931,0.034505572,0.09352215,0.04025347,0.05610496,0.07300778,0.05475109,0.04429521,0.037514497,0.05889116,0.09861887,0.043724865,0.049537275,0.047207143,0.048355706,0.038448624,0.052971,0.06753216,0.044217415,0.051248927,0.075513914,0.05465715,0.035293084,0.07646045,0.06575832,0.06400375,0.040941812,0.03972947,0.053208973,0.048048966,0.040760443,0.044909604,0.044424567,0.05848797,0.031919695,0.052110497,0.05777692,0.06664383,0.045054868,0.03701643,0.046018604,0.042547066,0.04599619,0.045532726,0.05559524,0.06540135,0.058637865,0.043206453,0.07465228,0.056367118,0.04630892,0.049650792,0.04507294,0.043983728,0.05240926,0.042748015,0.059680276,0.04929306,0.039838742,0.059702545,0.05324879,0.15438707,0.07877924,0.07120684,0.03433203,0.039367933,0.06653739,0.041450966,0.04247654,0.044331517,0.0514467,0.058865275,0.036510855,0.0427009,0.0364239,0.04310393,0.065709665,0.039909746,0.05037581,0.039045397,0.059713893,0.05833291,0.038947407,0.0670438,0.03424039,0.041374244,0.060054604,0.042825326,0.08895049,0.04279408,0.03904827,0.038059033,0.09332679,0.064633705,0.04362915,0.044283297,0.04861806,0.036144666,0.042631842,0.05430779,0.0484859,0.07566609,0.054058373,0.05909359,0.050672036,0.051722072,0.049272764,0.058477104,0.041040707,0.06685895,0.044485655,0.0478536,0.055044733,0.057143807,0.047513038,0.021573428,0.04670253,0.054218397,0.039600115,0.053508434,0.05071165,0.039313104,0.04722857,0.061424024,0.088246554,0.037238415,0.067364186,0.07111351,0.035597306,0.07696166,0.04897941,0.03297998,0.04796227,0.068971485,0.05234876,0.044483177,0.07176142,0.035568163,0.047578532,0.040546767,0.027531834,0.05716139,0.046022706,0.03683319,0.055604015,0.03733892,0.05899618,0.049198046,0.116047114,0.074270256,0.06459981,0.04449326,0.04725856,0.08569569,0.0503347,0.055566393,0.04056615,0.055027265,0.0386244,0.05026431,0.03293363,0.052334018,0.063699834,0.04508294,0.064679235,0.05516518,0.061839916,0.048902772,0.07447461,0.07454724,0.04148459,0.04000443,0.0688943,0.041731175,0.047483068,0.062218446,0.057259124,0.07670807,0.06285755,0.047559466,0.06137485,0.045229647,0.056625083,0.063898295,0.04695788,0.05724972,0.04774096,0.04513667,0.055600137,0.053936474,0.07420043,0.05915394,0.04225592,0.05915573,0.060164426,0.08677641,0.03391966,0.05598294,0.049365662,0.046282165,0.05322581,0.043605525,0.088323615,0.045066003,0.08575718,0.05241081,0.093208835,0.045365844,0.051386483,0.06362184,0.045442108,0.06336609,0.066154905,0.05664922,0.06000797
presentation,0.09382801,0.10115834,0.052616872,0.053702097,0.08155555,0.09677053,0.048542548,0.04906761,0.05394542,0.049098812,0.062159885,0.08557318,0.07249802,0.08604315,0.06304237,0.06282359,0.045391522,0.06788198,0.08002853,0.06759866,0.09663573,0.11873398,0.09343538,0.07076118,0.075168185,0.08959041,0.04543436,0.04534664,0.061428025,0.05244308,0.061247583,0.043463588,0.058281887,0.0,0.10395029,0.09540793,0.062658,0.06426054,0.08279639,0.096370816,0.081712075,0.06913442,0.10100386,0.07048675,0.066538945,0.043506805,0.098589085,0.04929734,0.12855569,0.12507905,0.0944759,0.0441293,0.09145614,0.120498896,0.10818274,0.11354217,0.0494811,0.05411029,0.05092173,0.05194751,0.09698247,0.10525648,0.07367757,0.071489625,0.065387666,0.08426331,0.13395533,0.05005332,0.09120204,0.08186165,0.08437679,0.05789595,0.07960569,0.09436635,0.05473309,0.09026834,0.11152071,0.039512202,0.06470941,0.106520586,0.074742645,0.09564341,0.055773314,0.06272715,0.08521629,0.077362485,0.077321775,0.07450211,0.04547101,0.09074141,0.05056811,0.043169115,0.08617273,0.040377185,0.06521889,0.04939154,0.063221715,0.076869585,0.055929262,0.07213593,0.09019247,0.097698525,0.08429746,0.08050457,0.10971464,0.054549553,0.042617083,0.06872975,0.05826901,0.04733085,0.08160777,0.066737846,0.08570857,0.06538298,0.06494932,0.092452414,0.040605623,0.13809207,0.10668148,0.115143195,0.05569715,0.05316124,0.10982056,0.06233697,0.050582886,0.05069786,0.06399478,0.044159323,0.050219145,0.060347404,0.052433398,0.07372644,0.099062905,0.07256262,0.038562685,0.069677,0.08644884,0.09360388,0.051781494,0.10974719,0.052271396,0.06257159,0.060206495,0.062262524,0.060267456,0.04975418,0.051046643,0.066936694,0.13416234,0.10345218,0.06343391,0.055717073,0.08340331,0.055804674,0.07199504,0.08882845,0.060490195,0.116303734,0.10094164,0.08859374,0.06485641,0.07810766,0.03998374,0.04867023,0.051405765,0.10045647,0.074438184,0.03913488,0.06476342,0.0930185,0.06276718,0.054548014,0.055620145,0.08779897,0.06438497,0.07429376,0.076685585,0.061082013,0.070792064,0.081653275,0.12948135,0.06513009,0.04046749,0.08936829,0.07301825,0.105430655,0.07768587,0.051917978,0.049276613,0.11145326,0.08603558,0.083638296,0.09652188,0.055065043,0.06093969,0.04720985,0.053574663,0.10174956,0.07448857,0.05248183,0.041002683,0.060399465,0.09067872,0.0693233,0.07709571,0.11283809,0.09501084,0.060386237,0.08469668,0.12277055,0.03586205,0.090962246,0.07804511,0.09005586,0.058355354,0.036306825,0.0690435,0.051603734,0.09579905,0.054399,0.09052192,0.09366735,0.08856878,0.08095324,0.104130045,0.107365265,0.040470097,0.06995806,0.11327502,0.06182017,0.0697623,0.08145433,0.087252505,0.08973343,0.08980535,0.07849426,0.07954763,0.04610281,0.0855341,0.10120295,0.07336293,0.10377679,0.06977739,0.084586844,0.0854982,0.08497316,0.11152421,0.09222913,0.054815345,0.03520962,0.095894836,0.12932132,0.064474516,0.10086548,0.09240833,0.048899442,0.075838506,0.0736382,0.12953958,0.07081797,0.1188612,0.08454844,0.13388994,0.08125055,0.0854739,0.09754486,0.0445246,0.09461303,0.0962797,0.08866837,0.09681581
dredge,0.039212372,0.051702958,0.07240075,0.08133781,0.043170463,0.054426216,0.11859377,0.13318878,0.07421656,0.091968544,0.063662626,0.041863687,0.058603063,0.05278125,0.07142376,0.06184409,0.1312642,0.06258698,0.0419862,0.053175017,0.03411209,0.05994059,0.039667208,0.06757133,0.049641952,0.031452402,0.117880665,0.083997905,0.073021814,0.07852868,0.06744476,0.11536299,0.060881577,0.10395029,0.0,0.041202527,0.06383316,0.06117462,0.050877135,0.045297176,0.056207474,0.050359074,0.047357842,0.0606326,0.050731223,0.11055829,0.06341745,0.08204017,0.04330398,0.039369177,0.043187834,0.093128875,0.07793179,0.06972168,0.049864635,0.04813111,0.077929,0.078138255,0.14281915,0.07130962,0.048648134,0.05212917,0.08077951,0.06843753,0.052189235,0.07851331,0.068845905,0.08282662,0.051043916,0.05490801,0.04126215,0.066047505,0.05190833,0.08306547,0.08406045,0.042688124,0.04891624,0.09696839,0.059588227,0.08217749,0.104104586,0.046584252,0.07219392,0.065714754,0.05369183,0.053378087,0.050977048,0.04754003,0.0822238,0.039814584,0.07249778,0.09555161,0.06358217,0.11507657,0.066571325,0.07743318,0.0754446,0.04665432,0.07502897,0.066867486,0.05803373,0.046448667,0.07927245,0.059785586,0.05886205,0.10526473,0.08918723,0.06445736,0.08146618,0.081300326,0.054985955,0.075804666,0.07752641,0.07839927,0.064286076,0.050411887,0.09240683,0.18774036,0.063520245,0.043650746,0.05892754,0.07208489,0.0465258,0.06624213,0.07418571,0.07950668,0.08757711,0.10540533,0.0732185,0.075582035,0.072306685,0.054549035,0.056395087,0.051763576,0.094057135,0.05764262,0.057341095,0.034406655,0.06638698,0.046878308,0.063663624,0.064357385,0.10594716,0.05434978,0.14070019,0.07744276,0.07137052,0.05883741,0.053196285,0.03715084,0.06334958,0.082561456,0.04125749,0.06202734,0.057062007,0.04764701,0.08218428,0.04946104,0.044334225,0.05918532,0.080885455,0.06529657,0.09031355,0.107318774,0.07559058,0.05411775,0.051345788,0.0912213,0.08975759,0.051750854,0.07570814,0.06452314,0.08430734,0.059400972,0.06449831,0.077028185,0.05610404,0.061824817,0.046625815,0.085885175,0.058730714,0.06081296,0.118106864,0.09850272,0.042561024,0.05536373,0.04366884,0.063126095,0.086109325,0.041595675,0.04566977,0.048688017,0.092486136,0.06659074,0.07952859,0.07972634,0.06034151,0.040958706,0.06387443,0.07495864,0.10424467,0.059569616,0.067040764,0.07239951,0.16708237,0.037786342,0.051895723,0.07769509,0.046691056,0.05117125,0.09868979,0.034511946,0.056253754,0.048237976,0.06371921,0.09348982,0.053239647,0.09263509,0.0427239,0.07666016,0.08297809,0.040482823,0.07344788,0.047672126,0.055410385,0.03864383,0.08635964,0.056090612,0.051825553,0.0625183,0.05560373,0.09073381,0.05421703,0.10820336,0.07689727,0.043952588,0.09043085,0.08280331,0.05834093,0.047049865,0.055736825,0.04521746,0.06125511,0.052860048,0.06781226,0.05289554,0.056529734,0.05507746,0.08450577,0.10839058,0.044444278,0.046452437,0.0548531,0.040973507,0.053977404,0.080662586,0.060338818,0.056332104,0.05378936,0.058910277,0.05759631,0.04641085,0.053836435,0.039535586,0.049513523,0.055688106,0.0825533,0.05100374,0.06864459,0.053841624,0.043040622
barbecue,0.025298689,0.05351557,0.06615778,0.075413056,0.055992372,0.057154376,0.10955845,0.1246713,0.06877306,0.084143095,0.06057965,0.034216467,0.05523034,0.041414563,0.06730291,0.05245423,0.121734865,0.056108065,0.03392099,0.045202885,0.043783825,0.06346262,0.025463575,0.05545908,0.04603117,0.039107487,0.10626274,0.070247546,0.06831292,0.06602777,0.060174156,0.105524965,0.052920274,0.09540793,0.041202527,0.0,0.055463698,0.06041978,0.02990919,0.04070083,0.05678314,0.04189602,0.048832953,0.04611368,0.043963514,0.10225764,0.06732189,0.073438525,0.048983566,0.061889317,0.04750417,0.082607105,0.07089959,0.079994224,0.045684047,0.04848697,0.071464464,0.06860831,0.13472146,0.068153724,0.028682226,0.056244493,0.07768395,0.0638079,0.052522786,0.0759739,0.07612008,0.07752682,0.035871852,0.044108324,0.041232936,0.05915684,0.054191116,0.0811256,0.07808345,0.040297933,0.058519226,0.09176607,0.05325861,0.08258568,0.09984123,0.04988922,0.06578851,0.06257993,0.052648447,0.052107096,0.033930853,0.04547016,0.07584801,0.054710407,0.06338482,0.08776872,0.06399512,0.10620333,0.06439868,0.067119606,0.069505855,0.03721281,0.0701273,0.062284317,0.042928036,0.05223132,0.07696445,0.053863734,0.057482406,0.09756566,0.08052721,0.06384868,0.076619714,0.07576123,0.055096947,0.07191214,0.07740416,0.07414805,0.05791817,0.052317817,0.087275855,0.18166426,0.06853688,0.029134948,0.05394154,0.06679117,0.029854285,0.060775958,0.0707116,0.07804643,0.08166982,0.09464296,0.065797165,0.0684334,0.064871885,0.051145848,0.061337475,0.048290804,0.087706596,0.039648376,0.0597985,0.04928365,0.065996476,0.03141521,0.057036325,0.059530277,0.09954886,0.055843417,0.12630442,0.0698913,0.07236523,0.055649184,0.057916082,0.036831077,0.060505487,0.07569828,0.04463238,0.059697583,0.05810517,0.049433257,0.07565162,0.04010959,0.025566095,0.0593138,0.07588832,0.06535025,0.08313721,0.10023763,0.0694801,0.056975998,0.051742096,0.08585221,0.08537948,0.055177804,0.07133071,0.05670389,0.07820751,0.058900498,0.062243447,0.0740591,0.052568335,0.05904474,0.054637585,0.08310877,0.06532565,0.05517271,0.10776482,0.094850585,0.040116005,0.06116371,0.055464838,0.057805445,0.076524764,0.037342876,0.05014028,0.029496929,0.089798436,0.06304043,0.074298345,0.07332615,0.05215902,0.022367109,0.060500655,0.06770822,0.096261,0.056627143,0.06497606,0.06832102,0.15777738,0.053069208,0.05720359,0.07049298,0.03702772,0.059217446,0.08932862,0.039113835,0.037956193,0.054529253,0.05795458,0.08790954,0.045470938,0.09063984,0.061121535,0.07303935,0.080527395,0.043105334,0.07241911,0.049244035,0.061159983,0.056361154,0.07803443,0.051599782,0.031123552,0.058359377,0.055793043,0.086685404,0.056383632,0.10425257,0.07683311,0.04857071,0.08623055,0.07548795,0.058197882,0.05473396,0.057244416,0.03587797,0.05900723,0.03060989,0.06390371,0.057164058,0.059869517,0.056927357,0.07789399,0.100699686,0.045850035,0.052868705,0.04736824,0.022890486,0.031295933,0.07478514,0.059604466,0.0496499,0.056486443,0.057963695,0.06358777,0.051506285,0.05681135,0.034592073,0.051554058,0.059516102,0.07665528,0.057520755,0.06982223,0.053912774,0.049311634
curdle,0.049117975,0.05321429,0.034984764,0.03423519,0.051138397,0.049621675,0.07600802,0.08629065,0.03830495,0.0453386,0.033444807,0.04248058,0.032941177,0.045760944,0.033294734,0.036996957,0.084938705,0.02662734,0.042929154,0.040179476,0.060727563,0.06750642,0.05551737,0.05515044,0.035916004,0.054297972,0.07133299,0.046615627,0.030850755,0.044988535,0.030814355,0.06668557,0.035126023,0.062658,0.06383316,0.055463698,0.0,0.03332879,0.048432376,0.051977515,0.033939596,0.03291935,0.05094012,0.041965444,0.036601495,0.06528139,0.06078351,0.03688677,0.081387535,0.08346173,0.054745235,0.05324055,0.052311484,0.07682027,0.057437934,0.06565089,0.042074323,0.03571484,0.099119775,0.032922044,0.061807953,0.061265223,0.03672267,0.033813518,0.042205114,0.041448347,0.08895561,0.03456416,0.05499199,0.05429091,0.04674051,0.029666157,0.04642323,0.051877324,0.033557598,0.045403868,0.06341826,0.057282843,0.028120412,0.06004116,0.05943801,0.055583477,0.03990783,0.024774835,0.03781751,0.0379649,0.042525858,0.03465452,0.045894,0.050902687,0.03234309,0.055636816,0.036303815,0.0690445,0.03575062,0.029748064,0.045696884,0.04423028,0.04869831,0.031724494,0.061303224,0.0517079,0.04408743,0.033505984,0.058726396,0.056540094,0.048442185,0.039876975,0.035958473,0.03729363,0.037616532,0.038399078,0.045871545,0.04110453,0.02819494,0.04628685,0.051479056,0.16102766,0.06660666,0.07292537,0.031293184,0.029640727,0.06940548,0.04136102,0.036640313,0.04469928,0.03620533,0.0691292,0.036839433,0.03362055,0.03624698,0.04176619,0.05151365,0.04118402,0.049789637,0.03848598,0.047473375,0.05227018,0.040331658,0.06819428,0.033206526,0.036182344,0.060563527,0.04166629,0.10090745,0.038148653,0.03771621,0.027128989,0.086613044,0.06157683,0.028813874,0.03255338,0.039954122,0.03174828,0.037060264,0.04405338,0.03845161,0.069813564,0.0599416,0.0426231,0.0309476,0.041148506,0.046764575,0.055951867,0.031099051,0.05403655,0.03932241,0.050891366,0.04034123,0.04386357,0.045041207,0.033789,0.035516534,0.03705654,0.032594245,0.03404697,0.039286975,0.034807634,0.046673,0.049223524,0.08195023,0.026140705,0.07553208,0.060933072,0.03394035,0.066274285,0.049057234,0.027895782,0.049291514,0.06341028,0.040027708,0.048355106,0.061467107,0.03012784,0.031601734,0.037472717,0.03787988,0.06035226,0.032920472,0.038431257,0.055494398,0.029986387,0.04440024,0.032930966,0.12204948,0.06762109,0.054311458,0.03526977,0.037530906,0.07639443,0.058655173,0.047915544,0.045368046,0.04995093,0.028926872,0.048609078,0.03300389,0.051229607,0.061044957,0.03307266,0.051786445,0.046165537,0.046145108,0.03849909,0.06258481,0.068514004,0.047383886,0.029613677,0.07440948,0.04044569,0.040569816,0.050007034,0.04209163,0.067723915,0.049301673,0.046284664,0.05158068,0.047770966,0.043742526,0.058474846,0.03668663,0.06496063,0.034832757,0.051553253,0.043647774,0.03999536,0.06276125,0.043816812,0.035978552,0.067071214,0.050564114,0.08161566,0.02880234,0.058721583,0.060366206,0.03877077,0.042176012,0.037213035,0.080499,0.03094008,0.07437113,0.04589356,0.08627198,0.0371101,0.041719925,0.050032027,0.040026966,0.049175926,0.05321499,0.041187055,0.047520522
dollop,0.055320106,0.05534224,0.042800944,0.045742236,0.050826337,0.050405215,0.080774486,0.09245853,0.04020019,0.056444485,0.035551548,0.045789957,0.03758338,0.05526935,0.042370327,0.041863803,0.09046858,0.038661342,0.044416055,0.04529075,0.05772255,0.06875943,0.059109263,0.06320028,0.036087,0.055479847,0.079733334,0.056627132,0.039786726,0.053629465,0.03845633,0.074421376,0.040266987,0.06426054,0.06117462,0.06041978,0.03332879,0.0,0.053898733,0.053678088,0.039029643,0.03906311,0.051797677,0.049927752,0.03981608,0.07126884,0.062452022,0.04695585,0.08273541,0.07900527,0.050684534,0.0626645,0.054722507,0.07286955,0.061856817,0.068654,0.047684316,0.04028121,0.10368805,0.031858325,0.0678513,0.057500508,0.043301526,0.03536683,0.04100294,0.04712005,0.09074501,0.04084671,0.058003925,0.060723566,0.05121451,0.036057085,0.049854968,0.053922888,0.041410487,0.049871333,0.06481627,0.063202396,0.036791608,0.061507057,0.06270963,0.05425613,0.044434078,0.03584976,0.04380197,0.042429917,0.049729455,0.03800754,0.050884746,0.047719177,0.04102218,0.06132997,0.044198867,0.07590228,0.044203073,0.043080315,0.04871859,0.046977066,0.052172896,0.040658746,0.068943016,0.05064791,0.046818815,0.04135872,0.06310971,0.061714943,0.05367562,0.035422366,0.04100766,0.044569835,0.0446267,0.042844605,0.048210118,0.050247252,0.037740495,0.047970574,0.054684293,0.16257377,0.06808735,0.076362796,0.037242107,0.040118143,0.07464275,0.046219353,0.04069854,0.046521053,0.047083266,0.0754594,0.046305854,0.046009723,0.045275085,0.0438288,0.051793676,0.043075595,0.055576123,0.046998516,0.0478378,0.04886808,0.0429342,0.07160362,0.03544752,0.04373129,0.062328026,0.041880816,0.10814151,0.04533995,0.04179299,0.030876039,0.086938806,0.0618288,0.03618089,0.041440636,0.033603728,0.033467695,0.02177606,0.045536753,0.051122934,0.07356317,0.063703656,0.045851685,0.04280341,0.04784904,0.055372886,0.06208192,0.03647525,0.05812242,0.026044127,0.05679059,0.047716588,0.044890616,0.04859648,0.038517185,0.043466635,0.043167263,0.022359468,0.042042553,0.041709136,0.037682336,0.045928173,0.049958702,0.08173885,0.031567387,0.08214299,0.0634783,0.03943322,0.06302353,0.04223704,0.033671528,0.057137966,0.0664676,0.04184353,0.055147287,0.06392545,0.03361745,0.039033085,0.042584397,0.04325503,0.06603374,0.035135545,0.038401384,0.06397706,0.03478054,0.053613257,0.043388017,0.12719397,0.06396157,0.05329363,0.04865433,0.04754591,0.07451953,0.06640077,0.047691606,0.05507182,0.04409767,0.03444749,0.052133825,0.040237408,0.052331824,0.055126555,0.041128736,0.05270415,0.04896937,0.053998094,0.038176477,0.06272133,0.0648008,0.05421906,0.036550052,0.07870103,0.04437869,0.03867082,0.05371497,0.044209246,0.07107444,0.049335606,0.04380323,0.0537148,0.05422195,0.049739547,0.052403644,0.040969092,0.06540666,0.03960028,0.059215873,0.05199804,0.042838734,0.06512336,0.04986722,0.043584958,0.071518116,0.053859822,0.08246707,0.037481587,0.063477926,0.06706789,0.047581967,0.0420227,0.039333593,0.08130627,0.034616392,0.07552217,0.043624822,0.087238945,0.044074584,0.04080669,0.054909404,0.045718633,0.048761316,0.058242716,0.047555257,0.047253054
scorching,0.036170382,0.06313701,0.05780165,0.0675524,0.057604156,0.06337686,0.09673474,0.10982411,0.058774505,0.074832514,0.057323013,0.040337212,0.0509434,0.043060083,0.061918743,0.04602284,0.10762265,0.05356407,0.034112882,0.039436996,0.049126077,0.071433194,0.032665968,0.043871682,0.04570372,0.0457227,0.09149833,0.059552617,0.061860226,0.046990085,0.053964533,0.0923865,0.0413195,0.08279639,0.050877135,0.02990919,0.048432376,0.053898733,0.0,0.045771945,0.058371916,0.034509603,0.055815756,0.03999666,0.041599248,0.089077234,0.071686804,0.06447482,0.062448025,0.07580607,0.052133065,0.07077862,0.072058454,0.0874207,0.055907574,0.057052262,0.06188067,0.05705082,0.120279,0.060533084,0.026476106,0.06503525,0.07326864,0.06075867,0.04896604,0.07412236,0.0860824,0.06968477,0.034909174,0.03231577,0.040992778,0.05571655,0.053910833,0.0796147,0.0698857,0.046575196,0.06667412,0.080276445,0.04817833,0.08422667,0.0919667,0.056573927,0.057312943,0.056608636,0.055131856,0.05187116,0.034400605,0.04679126,0.06527317,0.059213746,0.054000314,0.075973414,0.065086134,0.09261253,0.060804162,0.056654394,0.06004501,0.035105255,0.062220618,0.058966763,0.034428727,0.060093157,0.07390594,0.050835427,0.06610384,0.085426435,0.06827414,0.059945732,0.06885209,0.06800133,0.057423376,0.065586105,0.075148135,0.06766905,0.05375499,0.05685526,0.07582523,0.17156605,0.07467086,0.045076627,0.048384212,0.059566002,0.03827736,0.05403462,0.06291709,0.06918436,0.07501026,0.07878999,0.056529928,0.060651157,0.057303306,0.047522318,0.06635268,0.045139354,0.076690495,0.038653903,0.061783154,0.054969676,0.058610614,0.045307364,0.048424914,0.05436361,0.08813488,0.052679583,0.10984941,0.06148317,0.06409396,0.049862605,0.072112344,0.05004889,0.056809798,0.06780546,0.046351597,0.05314194,0.053222746,0.055092625,0.069153875,0.052043416,0.03146041,0.062617086,0.06995804,0.06415304,0.07362803,0.08834354,0.061713096,0.061790824,0.04847323,0.074229755,0.07886651,0.056879,0.06387547,0.04691693,0.07100621,0.060479373,0.05436759,0.07089705,0.052825294,0.05340526,0.052029774,0.079079166,0.07621778,0.050361916,0.09357655,0.08975586,0.040250093,0.069501474,0.05441569,0.05198823,0.06505367,0.04764808,0.05435827,0.032235194,0.087182134,0.056366514,0.06822853,0.06306481,0.04235222,0.030351302,0.060066197,0.056713507,0.083416,0.051508695,0.06541459,0.06484249,0.14288582,0.064411975,0.061304867,0.0639349,0.037625957,0.071815334,0.07636157,0.045667276,0.03286405,0.056722183,0.0528068,0.07623647,0.04016212,0.08063559,0.063522615,0.065907665,0.078019716,0.05052413,0.07177207,0.0504043,0.06886853,0.06377667,0.06495108,0.04848373,0.04125807,0.052868202,0.052029364,0.08149766,0.058947098,0.09845579,0.0759489,0.050518073,0.08146646,0.06531686,0.058342587,0.06014889,0.05470486,0.041370366,0.057313237,0.029926246,0.06255538,0.058760535,0.06782655,0.06128047,0.06955741,0.08765533,0.05209607,0.06631036,0.039795164,0.032110367,0.025233263,0.06791888,0.05887449,0.046421595,0.069370374,0.055550247,0.07573285,0.050052967,0.07203879,0.034770768,0.052153632,0.06441774,0.06791815,0.062378444,0.07115802,0.05617425,0.0564925
tilt,0.038697626,0.0463846,0.059762914,0.07100985,0.055707656,0.048849247,0.10827749,0.12366312,0.06519877,0.08283979,0.05448565,0.040834732,0.049896568,0.049549524,0.06389894,0.04945738,0.11968062,0.051624905,0.03735258,0.04693443,0.049150787,0.05638822,0.04368254,0.06805362,0.041559346,0.048888575,0.10547244,0.07655624,0.06245221,0.07140334,0.052347455,0.10314065,0.05538656,0.096370816,0.045297176,0.04070083,0.051977515,0.053678088,0.045771945,0.0,0.04866719,0.039446548,0.03768026,0.05019195,0.043745678,0.10049502,0.055947166,0.0722141,0.052726157,0.060832568,0.039841257,0.087263815,0.06314038,0.07150288,0.046335615,0.044941664,0.0701045,0.066598184,0.1345868,0.06022834,0.05021508,0.047015037,0.066591844,0.058061365,0.048818853,0.06332952,0.06712487,0.072573096,0.04632224,0.05768784,0.04600498,0.057614658,0.0506948,0.0685652,0.07093325,0.03903243,0.049067825,0.08944645,0.0514259,0.068076156,0.09044433,0.04298047,0.059401557,0.059045736,0.045950286,0.042395618,0.045226384,0.044222586,0.071595296,0.048592765,0.06354951,0.08327503,0.054792598,0.10607554,0.06216904,0.06498303,0.06730849,0.044098206,0.0660444,0.05020104,0.060090605,0.0428192,0.06562494,0.04527214,0.052142352,0.09309734,0.07818882,0.057113405,0.068380274,0.07215839,0.048258223,0.06578476,0.06647479,0.068310305,0.05288825,0.036991924,0.08403755,0.18445092,0.0570646,0.048609544,0.054030456,0.06402327,0.051317386,0.06073717,0.06663986,0.07753224,0.07409259,0.09878998,0.065272756,0.063503996,0.06366392,0.051930428,0.05037503,0.048150938,0.08360458,0.051511772,0.051547725,0.047103245,0.068657145,0.043070693,0.055579785,0.05803107,0.094981834,0.055824608,0.13292243,0.065265544,0.070242874,0.048495725,0.058852933,0.036421493,0.053764366,0.06973311,0.036441177,0.054509964,0.05268425,0.042502385,0.07163139,0.050547574,0.038347814,0.050592903,0.06756954,0.058858614,0.08271774,0.095256485,0.06416742,0.047415506,0.04694337,0.084589794,0.0762659,0.044517945,0.06742773,0.057689846,0.07225456,0.049472217,0.05502421,0.063849874,0.042345114,0.052872904,0.05655671,0.07232005,0.057360966,0.04794241,0.10989465,0.08467927,0.042933125,0.05411973,0.05616554,0.05657889,0.07618614,0.040682618,0.046807252,0.045086246,0.078627594,0.055296242,0.067436606,0.067615904,0.056418058,0.04451866,0.054042928,0.065948285,0.09488373,0.056729894,0.057154577,0.06291422,0.15904243,0.047635254,0.050738834,0.06703257,0.03642446,0.053799015,0.09249015,0.037772752,0.04698324,0.045248933,0.055434328,0.08323999,0.04628281,0.08630476,0.061587192,0.066804476,0.068169296,0.039846368,0.0630157,0.039755084,0.05593327,0.054326475,0.076991215,0.043141697,0.05108804,0.05806247,0.051517565,0.07522951,0.04864578,0.09386203,0.064199276,0.051615432,0.076563984,0.07389361,0.050833676,0.045940153,0.049833976,0.0328193,0.054742385,0.047574036,0.058070205,0.05050453,0.04766092,0.049541373,0.07327913,0.10080815,0.040931273,0.054488312,0.04557067,0.03760793,0.05246289,0.07311374,0.050995972,0.043875962,0.054100536,0.04339396,0.060984015,0.044698045,0.060953587,0.039417557,0.042957857,0.051894173,0.07287564,0.044542678,0.060869142,0.046017405,0.040161733
muddle,0.048531268,0.035419974,0.05049793,0.044188157,0.047966223,0.03019514,0.09398949,0.103933826,0.0505526,0.058759347,0.035550367,0.03980748,0.031956233,0.047646772,0.036665987,0.04871026,0.10629671,0.030825412,0.045322627,0.050722167,0.059687972,0.0542289,0.057614718,0.07086863,0.035732392,0.054304007,0.09354664,0.06691465,0.036525186,0.06515191,0.041965526,0.08614829,0.051880263,0.081712075,0.056207474,0.05678314,0.033939596,0.039029643,0.058371916,0.04866719,0.0,0.04504673,0.039835412,0.05387623,0.044640306,0.0817058,0.051339924,0.05192164,0.0718707,0.067184605,0.045703843,0.071979314,0.054772187,0.0634283,0.046318337,0.057015155,0.057731938,0.05538594,0.11891247,0.043746952,0.068327434,0.04661099,0.04446221,0.039993387,0.04829146,0.043314975,0.076206125,0.047736723,0.059746936,0.06550401,0.0480527,0.038533952,0.047134023,0.05341794,0.04860575,0.03942844,0.047918737,0.07576465,0.035061765,0.05558469,0.07168578,0.048209712,0.054413926,0.03593001,0.026475472,0.03906586,0.048157454,0.026900755,0.06421791,0.04565513,0.04746063,0.0739262,0.03322036,0.08813575,0.03533231,0.049828686,0.055406004,0.04868041,0.061858866,0.03698568,0.07219076,0.036301445,0.046774544,0.03482238,0.046263203,0.075528555,0.06696415,0.04138009,0.04825859,0.05099092,0.02847934,0.050598543,0.04744108,0.04393885,0.030938616,0.04221319,0.06745877,0.17487162,0.05557091,0.06937519,0.043399867,0.041047383,0.070850044,0.05214853,0.047063593,0.057876393,0.049653683,0.09070747,0.051660284,0.041754894,0.04911496,0.046055943,0.034032017,0.04623849,0.06676473,0.04799798,0.042239632,0.043260835,0.0534715,0.06502706,0.048525758,0.04285142,0.07763863,0.048673548,0.12389191,0.05371512,0.051858358,0.030992819,0.074445136,0.05529654,0.029187074,0.04806897,0.036888126,0.03986647,0.03656155,0.026523244,0.046171907,0.06298049,0.061904885,0.033116497,0.042063124,0.034374684,0.06226254,0.07477288,0.04231336,0.04286208,0.040841922,0.066884644,0.051322974,0.029070767,0.051417504,0.047622252,0.045320213,0.024779854,0.04280249,0.038820032,0.041641343,0.047195636,0.052467495,0.05608229,0.06919366,0.03249124,0.095696874,0.0689455,0.038894538,0.053161476,0.05007063,0.042309877,0.06819628,0.056140088,0.02664618,0.053711385,0.0663248,0.041284297,0.04369753,0.050657578,0.054005157,0.06235942,0.03320442,0.053873345,0.07529129,0.038012635,0.03476223,0.037510075,0.14198017,0.05292664,0.0437479,0.044344332,0.040499214,0.060461063,0.07912017,0.03892451,0.05628053,0.03979861,0.039530616,0.06502401,0.039311495,0.06654951,0.05596543,0.04225288,0.055447776,0.03315594,0.034727957,0.03282053,0.05088481,0.060070705,0.066929296,0.032211367,0.074678555,0.0504907,0.042818677,0.059025984,0.025916573,0.07624545,0.048368238,0.046677,0.059907485,0.06670376,0.03838794,0.046032857,0.036158066,0.06422951,0.03379051,0.059310615,0.03579466,0.028058842,0.050315037,0.024281772,0.05344419,0.08538407,0.041436397,0.07071992,0.038381122,0.05722371,0.06912284,0.050570033,0.040251046,0.04233375,0.06778151,0.03475271,0.06075954,0.041517623,0.07490161,0.037215255,0.032394353,0.031626984,0.054245207,0.034361027,0.03642828,0.032956194,0.033361867
deglaze,0.04060327,0.05398419,0.037215263,0.04964066,0.04415177,0.054281693,0.07966003,0.095804974,0.042342447,0.057988007,0.04208112,0.03508536,0.039173946,0.041615866,0.044420402,0.028946273,0.09126265,0.037051603,0.034607,0.025843948,0.04539143,0.0694055,0.042871013,0.041173883,0.035873033,0.041287854,0.0758416,0.047434393,0.043941528,0.04255291,0.032653064,0.07505512,0.03344555,0.06913442,0.050359074,0.04189602,0.03291935,0.03906311,0.034509603,0.039446548,0.04504673,0.0,0.050509654,0.03260463,0.026371483,0.07258704,0.062242556,0.04748883,0.07100654,0.07403799,0.049139727,0.058236357,0.06240159,0.08220218,0.05769039,0.06095424,0.045938086,0.043369453,0.10587532,0.042741273,0.04448108,0.059887733,0.055553082,0.04569059,0.031307604,0.060237803,0.085920766,0.050727535,0.04116664,0.038052373,0.033869997,0.038278937,0.04117972,0.069178134,0.052109815,0.042683363,0.06333372,0.06075173,0.0350121,0.074020095,0.07723606,0.049709406,0.03789603,0.039543096,0.044288147,0.034005653,0.031556193,0.035103813,0.04467186,0.045724772,0.039935153,0.057257142,0.050995227,0.07658932,0.04565451,0.038643405,0.043973863,0.030535104,0.041695487,0.040223304,0.043354172,0.049633145,0.060203027,0.043332137,0.0629676,0.071182385,0.050161842,0.04746621,0.052046508,0.05031362,0.042904366,0.052228462,0.06287202,0.052490976,0.038734548,0.04169979,0.05907529,0.16423358,0.067331925,0.057086512,0.033385564,0.04270097,0.052546833,0.036071055,0.04604091,0.053345293,0.058320604,0.06844006,0.04143677,0.04579798,0.0407272,0.034017608,0.05833085,0.030581374,0.055890545,0.029727982,0.052970737,0.046587203,0.041555442,0.053084675,0.02873956,0.038711928,0.07344622,0.036245413,0.102761455,0.040998247,0.044874918,0.036530666,0.07824646,0.048155356,0.040201947,0.04807548,0.033653606,0.038035326,0.03978254,0.045028422,0.052908186,0.060652953,0.04487641,0.051278666,0.052271653,0.05060165,0.05526999,0.07235347,0.043992903,0.056008644,0.034474347,0.056018416,0.060824502,0.049835544,0.04777597,0.034573756,0.052613724,0.048920993,0.036513735,0.054171193,0.035771497,0.031336945,0.036704738,0.06668207,0.07888915,0.034480322,0.08100074,0.07840242,0.029657701,0.06541953,0.042201594,0.03465031,0.048640024,0.053504866,0.042913828,0.033429664,0.07746796,0.03991815,0.051561892,0.04669978,0.03007921,0.04536777,0.04663741,0.042214137,0.0669918,0.03376506,0.056059305,0.048274882,0.12956707,0.063483566,0.055100538,0.04806351,0.02798196,0.07297334,0.06317692,0.04175717,0.031328417,0.049742375,0.03400442,0.058119953,0.033503782,0.06315284,0.05654871,0.04729094,0.06685274,0.042082775,0.060281504,0.039410222,0.06387431,0.060449474,0.048495453,0.03480048,0.058121115,0.03769918,0.039401602,0.067672044,0.048209637,0.086217225,0.06467448,0.039588522,0.069208115,0.045540214,0.048910197,0.056378514,0.041685734,0.0478359,0.043349996,0.035297982,0.053827032,0.046153195,0.064645454,0.051171698,0.053594634,0.07247658,0.049176816,0.072221845,0.0276127,0.04341733,0.043746635,0.050762855,0.04592292,0.030600268,0.07404977,0.037429284,0.0746142,0.044088744,0.07719764,0.030139802,0.044647176,0.055884056,0.050486345,0.05278017,0.062499832,0.04568234,0.047794934
freezing,0.04293989,0.032307565,0.06561981,0.07034423,0.059301376,0.034609623,0.1132464,0.12820554,0.06732147,0.08486106,0.050743278,0.039591063,0.049546096,0.05372997,0.061480235,0.05729379,0.12634581,0.04820957,0.04092928,0.05732252,0.054579552,0.04204658,0.050033692,0.079660565,0.035543595,0.055185035,0.11231154,0.08411524,0.059950244,0.07950833,0.053021684,0.107105196,0.062156744,0.10100386,0.047357842,0.048832953,0.05094012,0.051797677,0.055815756,0.03768026,0.039835412,0.050509654,0.0,0.059154917,0.050416276,0.10399115,0.04500691,0.07226344,0.047975086,0.05688222,0.031832956,0.09301408,0.059911255,0.057876658,0.036499053,0.038045574,0.074461125,0.0714031,0.14035085,0.06037607,0.061857566,0.03408247,0.06096866,0.055736713,0.05445843,0.05437446,0.05556916,0.07119271,0.05811513,0.06904865,0.051488392,0.055508204,0.050899856,0.059723366,0.06944664,0.039356533,0.04102207,0.09531016,0.048744228,0.057490997,0.08782306,0.03983336,0.065365,0.056102548,0.035250366,0.043868233,0.051856313,0.04279035,0.078653604,0.04378852,0.06560926,0.089873664,0.042241592,0.11093117,0.06217985,0.067846514,0.069605716,0.051486827,0.07343268,0.05061862,0.07299965,0.03125691,0.0581734,0.042127896,0.039314568,0.094665535,0.08339064,0.05247376,0.06605532,0.070832185,0.03972147,0.06391438,0.058129184,0.07035023,0.052302852,0.0329869,0.08671519,0.18725447,0.04367959,0.054293897,0.05697186,0.063067436,0.058712658,0.065039754,0.067101985,0.078042015,0.06955222,0.10820246,0.07075761,0.06431775,0.06760787,0.054320745,0.039986312,0.051664375,0.08683248,0.0594002,0.044373997,0.04116294,0.07068204,0.05126621,0.061238077,0.0611369,0.096575916,0.059575055,0.14258908,0.06940609,0.07129597,0.04552937,0.047745883,0.038198885,0.050557572,0.06847766,0.035980523,0.05458127,0.0501171,0.03358878,0.070575014,0.045570612,0.053351603,0.03728411,0.062808,0.05751538,0.08468697,0.0958443,0.06382545,0.043124925,0.04858625,0.0898577,0.07208646,0.033652544,0.06805495,0.062710345,0.0695573,0.041270602,0.056450326,0.057134114,0.041120283,0.057466388,0.059764963,0.06634618,0.043898858,0.04790439,0.1166483,0.080088034,0.046679266,0.044693172,0.05669194,0.058843985,0.08275981,0.036462847,0.037824444,0.053788103,0.072422326,0.055760775,0.06287102,0.070571944,0.06502493,0.052418683,0.046245318,0.07005607,0.09732307,0.056831952,0.052415438,0.05654339,0.16492972,0.036023173,0.04113034,0.066402055,0.039827894,0.034832355,0.09856039,0.038027678,0.05854052,0.033966567,0.05497881,0.08582077,0.048795275,0.08712493,0.056925576,0.0635404,0.060341462,0.038126957,0.056706227,0.032356802,0.04555455,0.049885716,0.08385171,0.045403156,0.06363597,0.062144693,0.05040012,0.070197254,0.03725614,0.08969018,0.05480581,0.051991753,0.07199434,0.08154215,0.048031203,0.031366434,0.04887741,0.05432106,0.050430078,0.058284212,0.055771556,0.04168081,0.032529153,0.0414471,0.0726782,0.10650848,0.03812295,0.04579977,0.04834851,0.05069903,0.066506214,0.07256084,0.047301814,0.04585,0.040140107,0.04188911,0.05072617,0.039610296,0.049633283,0.041413166,0.03453139,0.044179007,0.07433357,0.030499628,0.054553024,0.040281296,0.031553715
parboil,0.04291638,0.06358214,0.038482305,0.054976672,0.05229818,0.06436169,0.080405295,0.09404481,0.04767333,0.060248833,0.04963109,0.043529022,0.04232899,0.039488666,0.054187063,0.03337954,0.087560825,0.041800153,0.04271125,0.029500958,0.053385034,0.07823247,0.045459777,0.044461578,0.043313768,0.04981618,0.07264699,0.04538529,0.053439204,0.045560278,0.037738323,0.072340064,0.037629705,0.07048675,0.0606326,0.04611368,0.041965444,0.049927752,0.03999666,0.05019195,0.05387623,0.03260463,0.059154917,0.0,0.030899286,0.07288274,0.06926182,0.048387904,0.07680221,0.08470503,0.056051094,0.05571041,0.07030793,0.09179795,0.062499102,0.062372725,0.048905063,0.046709266,0.10434518,0.04788078,0.047618985,0.07078453,0.06547776,0.05256453,0.04309672,0.06851213,0.08890249,0.057396386,0.043347035,0.045052193,0.04691459,0.046762876,0.049897812,0.07657635,0.056593303,0.0495906,0.07219349,0.06037411,0.041019913,0.08305711,0.08177137,0.057112355,0.033094358,0.049979288,0.052972127,0.041420028,0.028162885,0.04530111,0.04255744,0.059212778,0.04417577,0.051815968,0.062306944,0.07752365,0.052565396,0.045664325,0.05148757,0.038428936,0.04716722,0.042096622,0.047797214,0.061050028,0.06887951,0.044697154,0.06799995,0.073505975,0.05017753,0.05566737,0.05689864,0.055492755,0.05024911,0.058072064,0.07145533,0.056766257,0.04339085,0.052760795,0.06086044,0.16165829,0.07376571,0.05923026,0.040073287,0.050335765,0.055652857,0.03955876,0.052752458,0.0605529,0.06469385,0.0673061,0.043717675,0.04613439,0.039460015,0.04259875,0.066718854,0.03791308,0.06000429,0.037433576,0.06129914,0.05964584,0.05107296,0.04803766,0.036198948,0.045676667,0.07611909,0.046510372,0.099535,0.04197152,0.05372118,0.04214091,0.08465705,0.055631973,0.0482442,0.055890013,0.04390004,0.04469278,0.050292324,0.054321602,0.054520804,0.064211026,0.04609479,0.06252942,0.06051911,0.055280775,0.058434933,0.07568431,0.049231406,0.063594595,0.045538057,0.05818587,0.06718366,0.05876735,0.052069712,0.038802933,0.05917629,0.05830309,0.0466105,0.06370728,0.043864686,0.03742142,0.048727926,0.07348359,0.08148848,0.036606487,0.0790179,0.084610045,0.038222753,0.07440018,0.05292614,0.04113429,0.042894825,0.059815582,0.05451263,0.03025405,0.082071364,0.046819422,0.059356954,0.045473557,0.02914663,0.046830423,0.056632042,0.04242964,0.06989824,0.04470127,0.061689124,0.05648435,0.126845,0.07365774,0.06402144,0.049845804,0.038594097,0.08039809,0.062401593,0.0521935,0.020378463,0.057930063,0.04235239,0.060277533,0.037388362,0.068783104,0.07072786,0.051738936,0.07471966,0.052643772,0.066081084,0.04667044,0.07239815,0.06945018,0.044657927,0.037776705,0.055300057,0.04437835,0.048292957,0.074800216,0.058186535,0.09147555,0.07191634,0.050166644,0.075414985,0.043411687,0.05666352,0.06495466,0.05048349,0.05479913,0.052355085,0.031828105,0.057933383,0.05853935,0.069180176,0.05902946,0.058710225,0.072783716,0.056111407,0.07835128,0.03589471,0.046555124,0.04111458,0.05591324,0.05404355,0.036385596,0.07972899,0.045883134,0.08283775,0.05133639,0.0825387,0.04136039,0.04996448,0.063112974,0.054177582,0.060526885,0.068049476,0.05508172,0.0582695
baste,0.040525895,0.05319052,0.03217977,0.050135173,0.042439353,0.053491864,0.08141105,0.09522869,0.045962762,0.057508934,0.038082063,0.037933618,0.039002843,0.042447627,0.04541634,0.023328288,0.090631634,0.035699382,0.033697654,0.02246492,0.04589117,0.07121586,0.044510365,0.047477275,0.03508368,0.040776275,0.07697432,0.046937805,0.044702694,0.046412304,0.031231036,0.074581005,0.0367958,0.066538945,0.050731223,0.043963514,0.036601495,0.03981608,0.041599248,0.043745678,0.044640306,0.026371483,0.050416276,0.030899286,0.0,0.07421102,0.058183987,0.046842493,0.072764665,0.07322887,0.047256745,0.05863328,0.06726696,0.08202354,0.057634275,0.06084559,0.041017804,0.04707918,0.10311525,0.037686836,0.050770767,0.058758598,0.059122905,0.048538897,0.025058463,0.06301555,0.08136021,0.051796284,0.047240578,0.04564736,0.037368007,0.038488686,0.031682182,0.0725983,0.053217642,0.03998655,0.061497055,0.05694439,0.034047276,0.077804044,0.080493495,0.045755792,0.030751659,0.042451393,0.04308938,0.031066224,0.031213393,0.03174749,0.040507577,0.043151118,0.03811755,0.053259496,0.05277793,0.07830375,0.04262133,0.043527715,0.050089363,0.024953935,0.034981936,0.03887595,0.050448537,0.04769063,0.06452832,0.04443219,0.06308566,0.07389755,0.04958677,0.04473776,0.053197835,0.047843043,0.037538636,0.055204086,0.065839864,0.050894577,0.037277482,0.03953783,0.054059345,0.16512719,0.06348755,0.05947065,0.027684366,0.04268956,0.058812063,0.039441746,0.04275063,0.052757487,0.06088451,0.066718176,0.03730741,0.044093817,0.036292683,0.038903695,0.056886952,0.034329847,0.05604253,0.033449672,0.049786676,0.045165684,0.040658277,0.053677507,0.027462088,0.031436365,0.07704352,0.0245666,0.104304895,0.0362711,0.04388222,0.036264792,0.07936337,0.0467491,0.037218004,0.051506147,0.032181013,0.034189243,0.04077143,0.041653086,0.05094799,0.06327369,0.050313763,0.052138742,0.054579344,0.048878133,0.05266451,0.07450227,0.04231163,0.05383477,0.034571767,0.05437807,0.06304186,0.0513816,0.0504694,0.03679195,0.05411282,0.050998483,0.03780456,0.056775097,0.032871712,0.025080962,0.031954512,0.06949492,0.07722986,0.033196468,0.07936126,0.08249369,0.030673983,0.06133095,0.040073752,0.0317536,0.044103026,0.055825494,0.04326849,0.035673346,0.08069525,0.038690943,0.052981384,0.043623134,0.028731925,0.05005318,0.046922162,0.040550575,0.06861545,0.035015296,0.057127908,0.049128186,0.12887198,0.062098633,0.05270097,0.04614082,0.03231367,0.07059207,0.06251991,0.040814154,0.03262188,0.047558684,0.0337242,0.053875186,0.031789076,0.06344777,0.057165403,0.044600636,0.07079974,0.041778464,0.06132277,0.033157084,0.06036651,0.058276653,0.04705523,0.028121047,0.06195902,0.026826633,0.03232367,0.07168755,0.047151376,0.08978187,0.06657693,0.0348649,0.072015546,0.040116202,0.046635445,0.05508672,0.037809584,0.05486111,0.040283766,0.039098125,0.054448146,0.046976972,0.062547654,0.049667336,0.055770785,0.07038515,0.04626898,0.07373286,0.027551265,0.048075475,0.049714655,0.04786174,0.041300334,0.030223114,0.074618444,0.03212472,0.070484616,0.039560568,0.07808897,0.03236982,0.042434797,0.05464716,0.046961192,0.04741944,0.06282311,0.044514492,0.047772814
scrub,0.09768071,0.1023207,0.05513537,0.049573585,0.08509291,0.097005345,0.030729339,0.040716644,0.046571456,0.03819045,0.06737978,0.0888206,0.071681276,0.08562887,0.059192702,0.067905724,0.04613521,0.0680443,0.08902966,0.07389975,0.10511223,0.12058804,0.098408304,0.0751946,0.08158765,0.097159654,0.039103907,0.046226062,0.05703485,0.0545778,0.06031444,0.02976458,0.06275202,0.043506805,0.11055829,0.10225764,0.06528139,0.07126884,0.089077234,0.10049502,0.0817058,0.07258704,0.10399115,0.07288274,0.07421102,0.0,0.10114359,0.047406394,0.13304807,0.13034458,0.10234698,0.041266136,0.09541503,0.12616703,0.11065417,0.11582947,0.055902634,0.05786632,0.055100944,0.061553728,0.10324581,0.10933398,0.07566065,0.07366867,0.075349405,0.08672976,0.13706443,0.051219363,0.09473365,0.08708879,0.08851451,0.06176185,0.08583661,0.09819345,0.055747487,0.093379825,0.11420961,0.041334197,0.06483426,0.10950073,0.07659989,0.09995632,0.060279503,0.06397995,0.08602239,0.079426154,0.081336044,0.078687124,0.05056889,0.09907286,0.050928254,0.045427203,0.08882765,0.024279589,0.0628533,0.05044299,0.050736208,0.08364149,0.06297059,0.072018415,0.09515085,0.10139451,0.08619832,0.08114051,0.11137855,0.054622136,0.03785684,0.07715041,0.05904736,0.04847306,0.08258564,0.07151359,0.08950492,0.05934321,0.064748645,0.097620875,0.04683549,0.13931319,0.109016515,0.1199882,0.062457174,0.05284207,0.11374115,0.054964885,0.051792797,0.056765072,0.06372465,0.04877419,0.052682247,0.05469641,0.05345369,0.06929589,0.10066791,0.06965704,0.037899874,0.0736049,0.09146169,0.09997117,0.059005674,0.11413268,0.058842506,0.06494179,0.06009938,0.07346669,0.06255677,0.050658774,0.058209144,0.07075995,0.13941118,0.111212865,0.066168405,0.05406021,0.08957361,0.06399569,0.07368448,0.08991178,0.0536391,0.119985856,0.105612695,0.0912153,0.06341119,0.07465902,0.038584765,0.048327625,0.051835317,0.10213993,0.07761526,0.03891963,0.065459445,0.09404047,0.048076317,0.05690101,0.054928113,0.08802736,0.06778808,0.07598795,0.081047066,0.06633673,0.080810644,0.08810912,0.13316396,0.068856664,0.038412448,0.09342299,0.07931208,0.11188344,0.08741191,0.062158752,0.0497783,0.11483118,0.08877962,0.08663796,0.101398535,0.06329332,0.06501304,0.051627215,0.062246535,0.106107675,0.077562846,0.053180676,0.033883255,0.062300462,0.08589373,0.066789724,0.072295256,0.12048015,0.098626785,0.055209752,0.08729743,0.12876432,0.035735164,0.098052986,0.08029711,0.09547025,0.060742363,0.040690094,0.07152479,0.056892283,0.10530406,0.053916,0.09535127,0.095448256,0.08240525,0.08538117,0.108408324,0.11575862,0.042262707,0.07334997,0.11795742,0.06879539,0.077225834,0.085103035,0.08862381,0.09273679,0.093588956,0.08706738,0.085680395,0.049726713,0.08693784,0.106735505,0.07643324,0.10835436,0.069898434,0.08876045,0.079650305,0.085210934,0.11425455,0.08983533,0.057819046,0.036860608,0.10073743,0.13324267,0.06878423,0.10421785,0.096855275,0.048859656,0.08100522,0.073356256,0.1334658,0.07643081,0.12336886,0.09062161,0.13812198,0.08665246,0.089396246,0.09501475,0.04506698,0.099205635,0.09008746,0.08970799,0.10112319
defrost,0.059216198,0.046153903,0.06983312,0.07373038,0.06718265,0.051837757,0.106560946,0.12524904,0.07231781,0.0862516,0.05611315,0.05933304,0.061746955,0.066827126,0.06859852,0.06628713,0.125661,0.056643017,0.05657351,0.06771718,0.06711314,0.06385739,0.06861936,0.08722184,0.054331634,0.067923725,0.113316886,0.08800313,0.06749841,0.086008474,0.0556986,0.10458143,0.0733921,0.098589085,0.06341745,0.06732189,0.06078351,0.062452022,0.071686804,0.055947166,0.051339924,0.062242556,0.04500691,0.06926182,0.058183987,0.10114359,0.0,0.077550925,0.06792571,0.07284205,0.054324128,0.09576616,0.07921474,0.07390771,0.057824697,0.051702477,0.07799634,0.08119826,0.13600366,0.066996805,0.077179275,0.04474032,0.07231126,0.06974265,0.06375115,0.06930312,0.048212506,0.07692817,0.07438797,0.079556085,0.06418756,0.062418528,0.0579931,0.07819196,0.07707238,0.05465251,0.05212782,0.09511083,0.057779614,0.07655724,0.096822776,0.045272537,0.07041395,0.06513604,0.0487715,0.049939618,0.06492509,0.052638765,0.08145221,0.05939619,0.070729055,0.091829024,0.058190677,0.107407905,0.067164056,0.0741596,0.069520965,0.063805476,0.07782429,0.063642204,0.08452076,0.042936265,0.07489582,0.058514267,0.059520982,0.10041395,0.08077542,0.060592744,0.06900004,0.07256632,0.04764793,0.07624968,0.07371261,0.07481293,0.061332744,0.049940955,0.08626961,0.18428844,0.01252664,0.074830614,0.057727583,0.06799291,0.07742259,0.06480943,0.06789804,0.08258119,0.07940091,0.10901414,0.07150069,0.069144115,0.072781965,0.05809104,0.056050196,0.056307055,0.08582549,0.07086658,0.050749965,0.05765165,0.0743763,0.07146644,0.06624988,0.06701299,0.103976876,0.06365607,0.14205009,0.0669865,0.07613971,0.05712811,0.06904967,0.0561603,0.052388668,0.07628078,0.053532146,0.060280416,0.061754458,0.04889136,0.07418017,0.069179475,0.07318491,0.053812817,0.07162054,0.065389656,0.08288305,0.100026876,0.06596673,0.05069905,0.055388194,0.09096275,0.08164816,0.053470645,0.0660571,0.071331106,0.076477095,0.058682848,0.06658771,0.06963071,0.046587005,0.06421324,0.0650541,0.08116687,0.056604005,0.059717152,0.11554441,0.09524041,0.05965522,0.048884947,0.06652075,0.066077344,0.08353586,0.05932971,0.054475,0.066497184,0.08967681,0.06455054,0.07280308,0.07476084,0.07054018,0.0710541,0.05884444,0.07462862,0.09937571,0.06449455,0.065685816,0.06578991,0.16073827,0.052779213,0.049726795,0.07009581,0.05644187,0.054073665,0.09785889,0.052961938,0.06996528,0.052833226,0.059091695,0.08383392,0.059280515,0.091887005,0.070297256,0.06519256,0.07828336,0.05505854,0.06760476,0.046674453,0.052827086,0.062034585,0.08593449,0.054925047,0.082456514,0.06685713,0.05519138,0.084074,0.05213047,0.102131754,0.06924278,0.063566014,0.08517067,0.08284337,0.052368466,0.054279793,0.05211385,0.0725615,0.050574265,0.07318452,0.06704139,0.055588927,0.03992989,0.05473382,0.08184857,0.106103264,0.048275128,0.067307696,0.056158017,0.069132425,0.08169815,0.073350504,0.052375507,0.050802954,0.06444757,0.05402346,0.061598256,0.052161504,0.0713437,0.05276617,0.051932294,0.05850235,0.072002895,0.043973334,0.065946355,0.04896477,0.05419933
rising,0.068475135,0.069028914,0.033717297,0.024219817,0.060763106,0.063843906,0.058931924,0.066233724,0.038770564,0.033727024,0.04306975,0.05704009,0.043878533,0.05995636,0.0317542,0.041539393,0.06631055,0.0290168,0.060733043,0.046458177,0.07756114,0.08978773,0.07043208,0.05881395,0.049448457,0.06868089,0.053865716,0.037396215,0.03280706,0.04315871,0.037572205,0.048538633,0.041936662,0.04929734,0.08204017,0.073438525,0.03688677,0.04695585,0.06447482,0.0722141,0.05192164,0.04748883,0.07226344,0.048387904,0.046842493,0.047406394,0.077550925,0.0,0.10175215,0.10107185,0.07252306,0.037001655,0.06909361,0.09702118,0.07863897,0.0858117,0.038338054,0.039761227,0.07826085,0.03863643,0.07810383,0.08068928,0.049225822,0.047686864,0.04965062,0.058178127,0.108037844,0.029189926,0.06945962,0.06556036,0.061388012,0.032178648,0.055857174,0.07240386,0.032396577,0.06394062,0.08492602,0.04122746,0.03601274,0.08184485,0.06432492,0.07335578,0.03938268,0.037353706,0.05087561,0.05283648,0.052937772,0.051390775,0.038850807,0.06854193,0.029260283,0.041067313,0.05569756,0.051006276,0.043780033,0.024978513,0.04653283,0.05628359,0.044409778,0.04603986,0.07362967,0.07096589,0.059969697,0.051790815,0.07891205,0.05057382,0.038591333,0.049716007,0.040938072,0.030922687,0.0479161,0.048189685,0.06407225,0.04353858,0.039747365,0.06535151,0.038918238,0.14957356,0.084254764,0.09053282,0.040435057,0.030024385,0.08632782,0.045118924,0.034937993,0.04230699,0.038959287,0.055202555,0.034408428,0.035540104,0.029783057,0.052958574,0.07222348,0.05187485,0.03501031,0.04720104,0.0648334,0.07051542,0.04054564,0.084562235,0.037331983,0.041828632,0.056647513,0.04891306,0.0835186,0.03517267,0.037048686,0.040495522,0.107627414,0.08066805,0.041289896,0.02903658,0.05922853,0.039267156,0.050274543,0.06012903,0.03174588,0.08953027,0.07765743,0.058522493,0.037890874,0.05138295,0.028046982,0.04802066,0.033261247,0.074094065,0.054004055,0.036135126,0.043318532,0.0651576,0.04485837,0.036648653,0.030246284,0.057946887,0.043244828,0.04814536,0.05511963,0.04176337,0.05570459,0.06543669,0.102293625,0.039108805,0.056722432,0.073995985,0.049862724,0.08448183,0.05984385,0.035329346,0.041206785,0.08438316,0.05729052,0.060405526,0.0779224,0.037828133,0.037541013,0.033538517,0.04109901,0.078037605,0.047447246,0.034848142,0.035700377,0.037896886,0.06273121,0.034630105,0.09973925,0.08976531,0.069546424,0.029650312,0.05501967,0.0978391,0.043256354,0.06994296,0.05500524,0.06773813,0.034096934,0.036979314,0.04477753,0.047055263,0.0773144,0.030778557,0.06966668,0.064790025,0.061645217,0.055277254,0.07961023,0.08661762,0.035252124,0.044641364,0.09014784,0.04506564,0.050592486,0.063581534,0.059625737,0.07746346,0.06874558,0.05787691,0.064666234,0.039949626,0.061049663,0.07780437,0.050992463,0.08236201,0.048480757,0.062330127,0.058308505,0.05785307,0.083940655,0.06308724,0.03945421,0.049412977,0.071468726,0.10159844,0.043309715,0.076472804,0.0729452,0.033617847,0.055694606,0.050533883,0.100881204,0.047852814,0.09559317,0.062290464,0.10552179,0.057711817,0.05976288,0.068145566,0.035376806,0.06856042,0.06837011,0.059697922,0.07050724
preheat,0.050631728,0.05750966,0.094100446,0.10134233,0.074969105,0.06315515,0.14105439,0.15715338,0.09632578,0.11413991,0.08344989,0.055851452,0.076767504,0.06604481,0.0922283,0.08238368,0.15543745,0.078569956,0.058999106,0.07481445,0.057102606,0.05617454,0.05089808,0.08864928,0.0649546,0.061605908,0.14011012,0.1067716,0.09309798,0.099336006,0.08473696,0.13730222,0.08445542,0.12855569,0.04330398,0.048983566,0.081387535,0.08273541,0.062448025,0.052726157,0.0718707,0.07100654,0.047975086,0.07680221,0.072764665,0.13304807,0.06792571,0.10175215,0.0,0.05251323,0.05235802,0.11697867,0.08905997,0.07642407,0.047547955,0.03882087,0.10086631,0.09955,0.16803159,0.09339651,0.055273805,0.054921053,0.098077595,0.08806851,0.07781911,0.09124598,0.055217996,0.105245024,0.06563182,0.07284753,0.06262875,0.08529644,0.071010865,0.09408975,0.10372548,0.056517575,0.05007134,0.12282304,0.07757339,0.08984607,0.12269088,0.057448793,0.093016684,0.08715871,0.06449793,0.070534736,0.06603712,0.06791778,0.10602936,0.06594794,0.09416215,0.11824943,0.07737565,0.138541,0.08967212,0.0967463,0.095199764,0.067218915,0.099004835,0.083482444,0.071769446,0.056150958,0.09404816,0.0711943,0.05707143,0.12651142,0.11112717,0.082665734,0.09988381,0.10352441,0.069163166,0.09393119,0.09233771,0.09776584,0.08248876,0.06177875,0.11568341,0.2051846,0.062631644,0.039041385,0.08174928,0.09291169,0.043217164,0.087977834,0.09622134,0.10635212,0.105013445,0.12987666,0.095385954,0.093893975,0.09447895,0.07472085,0.06568705,0.07127451,0.11793883,0.076348886,0.069959216,0.058604933,0.095127515,0.04580241,0.086964995,0.08651102,0.12851334,0.082158245,0.16347763,0.09809337,0.10009754,0.07650815,0.023932492,0.043520752,0.08210079,0.10236306,0.061333053,0.082798876,0.07745056,0.062023174,0.10073953,0.035808288,0.05135558,0.06997022,0.09799049,0.08480476,0.11329181,0.12962645,0.096600614,0.05969413,0.0723278,0.1170896,0.108423874,0.061891183,0.09412949,0.086947225,0.103962034,0.07294752,0.086360335,0.0936174,0.070554145,0.08568675,0.07698507,0.10128912,0.041802343,0.07929463,0.14245899,0.11334613,0.06531659,0.06023103,0.07462747,0.08750774,0.10752216,0.03219617,0.06452484,0.06150232,0.1045026,0.086747274,0.09802112,0.100842625,0.08396256,0.04386752,0.08063518,0.096270226,0.1269434,0.083558895,0.078790136,0.08974664,0.19173715,0.04146274,0.06135587,0.09573755,0.05864635,0.04053075,0.12272187,0.05248944,0.070015155,0.061074592,0.084754854,0.11683788,0.07070846,0.11896466,0.070516005,0.09651996,0.09489151,0.056592997,0.08600175,0.06274407,0.061681565,0.053676482,0.10984614,0.07408635,0.051828783,0.08533976,0.07546644,0.105715446,0.06800757,0.12351602,0.08954007,0.07094629,0.10629563,0.10721935,0.07007271,0.054389615,0.07306607,0.05423672,0.080081716,0.06440169,0.08072961,0.07186416,0.050040822,0.06818498,0.105872445,0.13410807,0.052055527,0.012973201,0.07326915,0.04848912,0.064596385,0.10295891,0.07630423,0.07262043,0.028970398,0.07688229,0.060048915,0.06123038,0.029710472,0.055648297,0.06296421,0.068641655,0.10493733,0.06102924,0.07899268,0.06488211,0.056540653
roux,0.05963947,0.054619737,0.09331621,0.098822415,0.056524128,0.059042457,0.13930447,0.15360607,0.092799425,0.10984958,0.080304496,0.06155015,0.07647146,0.072724774,0.086406134,0.08293222,0.15303567,0.07937457,0.062036693,0.077466816,0.061506763,0.05821265,0.0615075,0.094046615,0.06719869,0.056769162,0.1402049,0.10734843,0.08816096,0.10416323,0.0863809,0.1354852,0.08544425,0.12507905,0.039369177,0.061889317,0.08346173,0.07900527,0.07580607,0.060832568,0.067184605,0.07403799,0.05688222,0.08470503,0.07322887,0.13034458,0.07284205,0.10107185,0.05251323,0.0,0.056885887,0.115496874,0.089719914,0.07347252,0.056276962,0.060428914,0.09900382,0.10080696,0.16454254,0.090772405,0.07398661,0.054370556,0.094929315,0.08556181,0.07120619,0.09038869,0.07201437,0.10129281,0.072528765,0.08282991,0.061840124,0.0846629,0.0697581,0.09304107,0.10210973,0.05849389,0.05625597,0.118630506,0.07795859,0.08897636,0.119393066,0.059779294,0.09402809,0.083142914,0.06597086,0.0723718,0.07372,0.06342707,0.104989715,0.059447683,0.09345847,0.117325485,0.074440084,0.13599454,0.08203491,0.09849299,0.09573416,0.06928501,0.09385184,0.08263737,0.084050864,0.055650417,0.09178884,0.0774911,0.06181201,0.12551662,0.11129196,0.08170126,0.09926674,0.10017587,0.066807665,0.09440166,0.089848764,0.09411811,0.08012396,0.06334145,0.11327976,0.20617709,0.071404494,0.05913396,0.08140006,0.09123191,0.06767927,0.08875394,0.0930071,0.10214243,0.10254574,0.1301573,0.0941708,0.09305314,0.09168472,0.07656968,0.06344009,0.0744332,0.11246298,0.077975325,0.070220225,0.055196162,0.090449594,0.06291378,0.0866125,0.0818631,0.1263712,0.076008186,0.16473734,0.09822344,0.09361254,0.07780798,0.054121338,0.051108126,0.07963258,0.099879295,0.06059874,0.08291317,0.07479212,0.054917227,0.09788233,0.059608765,0.06547129,0.06857982,0.09474153,0.075464346,0.10920139,0.12612024,0.093845464,0.06648441,0.07118455,0.11120408,0.104571655,0.06306624,0.094536446,0.08627234,0.100522496,0.06819591,0.08398304,0.09011363,0.0726491,0.08385511,0.07259517,0.099437356,0.061987,0.079510175,0.13998677,0.11195378,0.066419795,0.060589418,0.06917311,0.08432763,0.108995855,0.053921964,0.060238946,0.072627194,0.10425964,0.08600672,0.09583445,0.099880315,0.08702145,0.06375043,0.07884328,0.096650526,0.12467132,0.08051482,0.0761412,0.086730815,0.18871982,0.044976912,0.06407154,0.094794266,0.066211164,0.052157562,0.12182847,0.053507384,0.08021819,0.060195155,0.08338078,0.11303418,0.07502404,0.11357225,0.064478986,0.09474362,0.09441671,0.048751,0.08242542,0.06519206,0.063409194,0.055504203,0.10993198,0.0745628,0.06937391,0.083628096,0.07395343,0.10478767,0.06460312,0.12125781,0.088243335,0.0672231,0.10453434,0.105599575,0.074782915,0.054988757,0.07422136,0.06252512,0.07674065,0.07610567,0.07951529,0.06545208,0.06482053,0.0640187,0.103717566,0.12938601,0.05983969,0.05339073,0.07689168,0.060397018,0.07925089,0.099327676,0.07445719,0.075988345,0.056384824,0.075492516,0.06018258,0.06625666,0.058434263,0.06332906,0.06577673,0.059838757,0.10175262,0.060842313,0.07518394,0.067080684,0.051386468
store,0.044074923,0.042865146,0.0646411,0.0715053,0.05594905,0.044482205,0.1108273,0.123607375,0.06530194,0.08479044,0.048367083,0.0391256,0.049542695,0.054620296,0.06391413,0.054109,0.122291386,0.052552093,0.03522333,0.05194004,0.050167613,0.054319948,0.045533523,0.074579045,0.028705796,0.051420633,0.1102625,0.08063177,0.06280177,0.07497958,0.05596525,0.106137805,0.057189584,0.0944759,0.043187834,0.04750417,0.054745235,0.050684534,0.052133065,0.039841257,0.045703843,0.049139727,0.031832956,0.056051094,0.047256745,0.10234698,0.054324128,0.07252306,0.05235802,0.056885887,0.0,0.08973392,0.06965761,0.06689132,0.04557374,0.04699402,0.06976285,0.0716811,0.13505766,0.05627225,0.057746537,0.043131948,0.06883362,0.061644237,0.046212718,0.065377556,0.067980655,0.07229604,0.055243414,0.06430852,0.050195277,0.055431202,0.051728737,0.07054658,0.07052746,0.04203567,0.048762593,0.09231427,0.049658872,0.07103327,0.09338673,0.043838583,0.06313066,0.058517266,0.043275762,0.04865071,0.049240652,0.04107111,0.07496414,0.048031453,0.06395547,0.08507722,0.053679425,0.10807659,0.06233364,0.06816589,0.07042197,0.046114743,0.069756925,0.05399342,0.06819738,0.039168365,0.06844144,0.04926337,0.050917625,0.09711731,0.08122545,0.051153097,0.069467746,0.06929196,0.047143713,0.06828657,0.06681018,0.06924652,0.052620932,0.044028815,0.08331285,0.18397416,0.055129506,0.054070015,0.05395447,0.06170499,0.057120714,0.06467068,0.065682895,0.0768259,0.07450136,0.10260323,0.06874977,0.06508224,0.06403263,0.05448556,0.045450136,0.048805386,0.085140355,0.059100237,0.04936041,0.04305169,0.06732491,0.04971323,0.058507692,0.058847785,0.098986894,0.05479156,0.13666597,0.068720795,0.07087196,0.04453134,0.055539966,0.040036276,0.04954505,0.07167504,0.039535925,0.047395807,0.047273863,0.036989614,0.072762646,0.050076827,0.05193402,0.045628645,0.067846775,0.059310794,0.082904056,0.09760458,0.06336877,0.050505206,0.04655219,0.08582734,0.07612992,0.04022474,0.06824978,0.05702738,0.0717278,0.049333405,0.057749186,0.06380621,0.045427423,0.058132645,0.056099586,0.072868384,0.053908378,0.046931036,0.1118599,0.087907985,0.04435506,0.04824595,0.053065423,0.05488369,0.08063574,0.04212814,0.042074185,0.051201556,0.08109916,0.049923267,0.066205524,0.064349875,0.05877863,0.0504402,0.054124817,0.067115106,0.095848024,0.05537906,0.05861764,0.06123658,0.16060762,0.036994845,0.04528464,0.068977244,0.04440609,0.040046304,0.09370824,0.035487965,0.05715265,0.021601733,0.054896988,0.08161548,0.046677902,0.08820832,0.057096586,0.06374506,0.0707166,0.0424442,0.061861277,0.03610585,0.050952107,0.04982726,0.07947844,0.044935975,0.060573254,0.057755735,0.049281217,0.0788597,0.041958127,0.09688258,0.064131774,0.049860056,0.07872018,0.07844057,0.05306102,0.020798638,0.050139338,0.04968283,0.051695865,0.05477526,0.059313547,0.048167452,0.04892608,0.048533965,0.0755322,0.10011199,0.04263636,0.05166544,0.044325396,0.04843146,0.062019918,0.07077225,0.047807723,0.048477042,0.049106,0.044829093,0.054615423,0.03629018,0.058320004,0.04061291,0.033295225,0.051243342,0.07168783,0.033824988,0.05877574,0.047578562,0.036014665
tie,0.07909797,0.09225216,0.044153124,0.04231982,0.06913357,0.08807899,0.051439475,0.052093644,0.047262456,0.03466572,0.060740136,0.071842544,0.056949034,0.06605646,0.05163236,0.05376109,0.053330444,0.055579808,0.07376998,0.054985736,0.08711171,0.11003555,0.078406125,0.05421266,0.068584085,0.07696471,0.04213778,0.028450906,0.052616607,0.040415846,0.054471064,0.04283014,0.045559153,0.0441293,0.093128875,0.082607105,0.05324055,0.0626645,0.07077862,0.087263815,0.071979314,0.058236357,0.09301408,0.05571041,0.05863328,0.041266136,0.09576616,0.037001655,0.11697867,0.115496874,0.08973392,0.0,0.085227236,0.11608335,0.09602706,0.101539075,0.04381673,0.046057444,0.06386358,0.054051097,0.082112536,0.10202763,0.06897137,0.06346618,0.060736485,0.07854009,0.12546802,0.045960173,0.075875774,0.06675017,0.07185316,0.052704103,0.07197418,0.090745725,0.048342638,0.07803242,0.10265708,0.035763986,0.053420782,0.10153451,0.07390206,0.09126546,0.049755342,0.053801328,0.075332254,0.068934046,0.062792525,0.06646354,0.040814172,0.084432796,0.04026399,0.04085161,0.07853901,0.039056502,0.052775282,0.040889647,0.056057684,0.0659886,0.04999217,0.06215468,0.07404638,0.09105983,0.07892311,0.067748815,0.09955056,0.051935077,0.03967713,0.06848893,0.056621335,0.044448726,0.070375696,0.06084611,0.08211721,0.052179676,0.055984832,0.08526173,0.04405733,0.1391765,0.10286172,0.09989594,0.051322676,0.04451549,0.09366519,0.052354567,0.046919264,0.048209526,0.057245787,0.038460962,0.039665744,0.04751174,0.040225334,0.064098455,0.09069256,0.062914774,0.039374508,0.054988198,0.08493722,0.08614453,0.045922026,0.09541211,0.04563798,0.050817948,0.05793945,0.05917518,0.06057476,0.044932265,0.045603067,0.06031575,0.124708205,0.09588764,0.058818433,0.048085496,0.07618563,0.054590642,0.06286354,0.07910474,0.04486194,0.10344137,0.08573565,0.08177898,0.058351062,0.06352545,0.03390493,0.050603364,0.049014203,0.091352746,0.06742673,0.028991977,0.061320018,0.08470117,0.055274557,0.040838167,0.050036304,0.07764523,0.057398856,0.06909129,0.073697895,0.05410464,0.065125115,0.08144523,0.12065146,0.05808162,0.039396103,0.0866879,0.06224341,0.10476361,0.071483545,0.048263893,0.04249934,0.09929765,0.07615579,0.06655739,0.093210004,0.054486174,0.05741955,0.04414372,0.04417672,0.086247995,0.068650484,0.042652596,0.035920706,0.05028414,0.07672216,0.058562815,0.082995884,0.107371725,0.09052279,0.044285048,0.07072512,0.117070355,0.030136336,0.08323384,0.060537823,0.08525459,0.051371895,0.04047546,0.05739728,0.05113957,0.09022072,0.04902023,0.08771049,0.08089242,0.0760813,0.073801436,0.10016889,0.10211958,0.031476773,0.060827594,0.09707768,0.054360088,0.06780505,0.07863221,0.0801368,0.08798227,0.08715318,0.07104439,0.078988574,0.03871918,0.0767214,0.09568558,0.06708264,0.091272615,0.06437377,0.06781303,0.07046076,0.07728791,0.10324419,0.07985056,0.048155405,0.037683025,0.0873495,0.11808425,0.05685409,0.08466176,0.07501175,0.04473178,0.07439581,0.06606571,0.119390465,0.06695961,0.112976044,0.07987747,0.122453466,0.070089534,0.07882583,0.08436048,0.045084834,0.08973251,0.082562014,0.07857371,0.087991044
slit,0.06927795,0.066175304,0.070403665,0.06679155,0.07491361,0.06262539,0.10465225,0.11415886,0.06589088,0.07926037,0.062771,0.064915136,0.059177913,0.072219424,0.063745886,0.0684999,0.11030024,0.058027778,0.064233676,0.071263835,0.081198126,0.073643744,0.07331142,0.08678944,0.05794778,0.07767226,0.100232765,0.08092682,0.06103728,0.07862637,0.065158516,0.09752844,0.06116599,0.09145614,0.07793179,0.07089959,0.052311484,0.054722507,0.072058454,0.06314038,0.054772187,0.06240159,0.059911255,0.07030793,0.06726696,0.09541503,0.07921474,0.06909361,0.08905997,0.089719914,0.06965761,0.085227236,0.0,0.06594059,0.07044267,0.07266371,0.07525892,0.05388519,0.12638913,0.059289634,0.08413912,0.070740424,0.041687913,0.03810526,0.06994508,0.033291563,0.09615765,0.058462057,0.073103815,0.08283125,0.07147158,0.05666812,0.07242217,0.031841137,0.054800365,0.066254705,0.07644206,0.0895485,0.061976336,0.03586653,0.05013829,0.07410406,0.07157518,0.055101633,0.05948381,0.06562732,0.06967775,0.06294106,0.07878893,0.06499152,0.065794624,0.086533345,0.048905384,0.10056582,0.066836484,0.06313926,0.07436426,0.071894415,0.08007548,0.055304673,0.088522166,0.068977654,0.03166931,0.04734038,0.06896164,0.06313867,0.08188305,0.05973475,0.051840197,0.07067453,0.06331742,0.03622522,0.03173365,0.07169216,0.058655545,0.06082594,0.08166058,0.180275,0.081573635,0.08725523,0.067513734,0.06540303,0.08713568,0.07327578,0.07124872,0.06625258,0.0496878,0.10071065,0.07315796,0.06788843,0.071375325,0.06931871,0.060667593,0.07022137,0.08121216,0.063766375,0.064082175,0.06727629,0.0722015,0.082635656,0.06902623,0.06981133,0.06418439,0.072519,0.12865582,0.074348286,0.0645652,0.05300708,0.09165279,0.07472046,0.06262481,0.056197926,0.056874268,0.061935887,0.06291589,0.063485175,0.06998094,0.08361553,0.07330512,0.055941936,0.054610766,0.068089925,0.083033614,0.06950159,0.06263151,0.070801556,0.066485435,0.08493364,0.051119924,0.054618675,0.07423508,0.062675655,0.058026507,0.047892116,0.05536597,0.042522058,0.064769015,0.06432116,0.07627827,0.033502184,0.08158766,0.052781627,0.104986,0.03807265,0.060374014,0.0782835,0.0708862,0.06159234,0.082777314,0.07840123,0.058365323,0.074683346,0.03281798,0.056172796,0.05095375,0.069157265,0.07113373,0.07937056,0.042192176,0.070260145,0.084753774,0.06492216,0.06098285,0.06109395,0.14729695,0.07449006,0.06927583,0.068476565,0.06594964,0.083472855,0.09088803,0.0676201,0.073694065,0.066880666,0.06362628,0.081772014,0.062618926,0.065644346,0.07201353,0.06710623,0.029197086,0.06355039,0.06304989,0.061412957,0.07659418,0.0826073,0.08139444,0.059665825,0.08867012,0.07340063,0.067377605,0.03450196,0.06177564,0.045466833,0.03403339,0.0675324,0.032529235,0.0827141,0.067626,0.07042595,0.06629461,0.07538144,0.066428505,0.07693502,0.06524074,0.056730527,0.06658201,0.06296565,0.049020313,0.09696905,0.06924106,0.08901588,0.063649595,0.07668168,0.08201864,0.07456835,0.06511231,0.063552566,0.085874915,0.054656904,0.08629112,0.06495622,0.09409662,0.06730979,0.05902418,0.06866287,0.07442483,0.06480408,0.07067831,0.063892744,0.058579735
distribute,0.075037405,0.062361985,0.09566482,0.090554245,0.0829223,0.058502216,0.13494281,0.146606,0.09235943,0.10693233,0.075412385,0.07293363,0.07200615,0.08565964,0.08374172,0.089331254,0.1467367,0.07745313,0.074332476,0.089719705,0.07719349,0.064105146,0.083044924,0.10678615,0.070723765,0.07820516,0.13660334,0.11061161,0.084138446,0.10483075,0.08650087,0.1305353,0.08754403,0.120498896,0.06972168,0.079994224,0.07682027,0.07286955,0.0874207,0.07150288,0.0634283,0.08220218,0.057876658,0.09179795,0.08202354,0.12616703,0.07390771,0.09702118,0.07642407,0.07347252,0.06689132,0.11608335,0.06594059,0.0,0.067513555,0.06817754,0.09697589,0.09115333,0.15867442,0.08159791,0.09389891,0.058757965,0.07437059,0.07177313,0.084248245,0.064744,0.07964015,0.08682601,0.08695913,0.09581809,0.07750736,0.080280095,0.077566504,0.06289129,0.08700457,0.07105864,0.06577103,0.1179749,0.07941889,0.05780383,0.09264166,0.067825325,0.09546124,0.077425614,0.064661905,0.07803084,0.08644683,0.070915475,0.10537958,0.058667764,0.089825846,0.11615398,0.06213788,0.13244037,0.08438107,0.09415505,0.09429295,0.08308596,0.102491856,0.077788055,0.10261602,0.060559962,0.066669494,0.06760976,0.06612859,0.10635305,0.108919255,0.06639543,0.07812596,0.09277627,0.0713897,0.076692685,0.05359346,0.09147543,0.07951626,0.06741715,0.105007015,0.20042233,0.073162146,0.08827845,0.08479619,0.08758245,0.09260736,0.091884166,0.091001466,0.08471434,0.08364483,0.13114507,0.09853201,0.0912145,0.095283106,0.08166789,0.04567436,0.08315614,0.11017026,0.08773924,0.06370418,0.05633179,0.087917514,0.08651885,0.09044155,0.08737679,0.10586147,0.08310787,0.16471237,0.09812329,0.087584615,0.06875102,0.07629958,0.07182426,0.077465355,0.08932402,0.063184954,0.08021846,0.07548756,0.064006954,0.09491184,0.08187846,0.0834028,0.061049044,0.0823563,0.08214882,0.108706556,0.107313335,0.08670868,0.069837995,0.07568732,0.11322682,0.08535846,0.053126372,0.09338356,0.09027922,0.08843476,0.06010395,0.07813039,0.07080401,0.075567015,0.084587105,0.0803761,0.0681179,0.06756359,0.075405106,0.1381037,0.07847912,0.07371836,0.065250285,0.069046706,0.08213792,0.110224426,0.0767636,0.06135015,0.08942239,0.06983916,0.079554245,0.079060756,0.09446144,0.09363362,0.08589892,0.05931128,0.094394684,0.11699899,0.08182377,0.07303002,0.080099314,0.18171771,0.056476366,0.06246417,0.09284637,0.07838944,0.0626966,0.12127182,0.064792424,0.093717836,0.06567591,0.08167747,0.10857373,0.07733624,0.09490025,0.05643825,0.088240534,0.065657035,0.06534031,0.07409366,0.0660473,0.06402455,0.06501021,0.109643936,0.07431141,0.09444756,0.08863412,0.07482538,0.07745883,0.06323561,0.08845515,0.051607434,0.0674868,0.07438487,0.10875859,0.07507614,0.063739695,0.07664143,0.082664035,0.07615846,0.09411407,0.07736302,0.062433302,0.06218462,0.06657663,0.08639016,0.12802845,0.06855964,0.07537693,0.07854021,0.083111435,0.09691746,0.09571294,0.07186267,0.07785059,0.074202105,0.07028458,0.06830608,0.062782966,0.07925783,0.0744578,0.05730579,0.06958553,0.09670995,0.056451324,0.07354364,0.06982799,0.054844692
bubbling,0.038493756,0.034410145,0.07333534,0.077865556,0.06339774,0.041093834,0.120398,0.13468581,0.07519992,0.08887879,0.06155122,0.043003686,0.0557638,0.048812144,0.06794689,0.06543526,0.13466762,0.05541846,0.046931542,0.06258117,0.05630706,0.029062273,0.04760924,0.08045389,0.048670176,0.054594353,0.119544975,0.08792814,0.06774876,0.08440833,0.06428558,0.11335816,0.069292635,0.10818274,0.049864635,0.045684047,0.057437934,0.061856817,0.055907574,0.046335615,0.046318337,0.05769039,0.036499053,0.062499102,0.057634275,0.11065417,0.057824697,0.07863897,0.047547955,0.056276962,0.04557374,0.09602706,0.07044267,0.067513555,0.0,0.04390513,0.08195673,0.08049578,0.14779127,0.07187305,0.059115514,0.039867204,0.074812904,0.06499321,0.06387805,0.068691045,0.06424853,0.08111446,0.055575524,0.07005607,0.053849086,0.06466244,0.05857577,0.07184497,0.08074381,0.038207415,0.041976284,0.103196196,0.05647349,0.07068425,0.1000373,0.046850897,0.07541257,0.06400085,0.04362586,0.05318284,0.050407287,0.04579016,0.08767786,0.054597467,0.07353627,0.099142365,0.053362567,0.117253534,0.06544752,0.0755435,0.07714008,0.05613891,0.08202188,0.061309468,0.07127666,0.039929986,0.07183716,0.05266699,0.020906113,0.10486588,0.09213089,0.06343116,0.07800393,0.08013437,0.04906691,0.07580025,0.071192466,0.07430798,0.05688639,0.048339427,0.095580764,0.19292764,0.05692757,0.047420606,0.06278975,0.071174756,0.054025743,0.07117164,0.0731421,0.08686415,0.07973889,0.11383279,0.07486222,0.06921826,0.07292468,0.0601797,0.04564697,0.058772076,0.09552567,0.05964577,0.05212336,0.048662506,0.07707394,0.04748949,0.069403835,0.06679665,0.10721613,0.06707165,0.14653774,0.07857244,0.08056745,0.05588815,0.04864628,0.041094434,0.058453828,0.07821373,0.045900993,0.06411142,0.05799473,0.04200436,0.0763444,0.035264954,0.051120747,0.04778794,0.0702139,0.061622784,0.09075909,0.105809264,0.07234004,0.045001563,0.055694435,0.09656435,0.08402676,0.044039834,0.07491512,0.069463804,0.07969188,0.050028466,0.064927846,0.069282375,0.05187551,0.06857838,0.06611603,0.08003973,0.053764578,0.055639043,0.12161104,0.09272911,0.052364793,0.048304047,0.06326073,0.06646693,0.089839056,0.03361778,0.044219736,0.052853364,0.08508306,0.06788693,0.07249114,0.07901489,0.07019943,0.048219196,0.05829178,0.07587933,0.10514075,0.06291361,0.05562974,0.0641811,0.17035198,0.04308682,0.04901717,0.073196985,0.0455045,0.04300375,0.10404312,0.040959068,0.05911594,0.046969227,0.06424815,0.0947394,0.053787883,0.097790375,0.0637526,0.07343491,0.07511856,0.03872689,0.061456613,0.04541228,0.050081693,0.054186977,0.091238976,0.052811664,0.05679673,0.06970148,0.05840309,0.08456208,0.044782504,0.1017752,0.06939058,0.05878732,0.08441865,0.08918335,0.05195546,0.044106882,0.054618333,0.055522725,0.05677818,0.057076804,0.057324268,0.048355907,0.046906155,0.043281198,0.08334323,0.113205165,0.038126588,0.046721317,0.05581621,0.04623848,0.063116245,0.07948205,0.055310547,0.055759568,0.043911777,0.055939764,0.049088422,0.0519485,0.049169432,0.043371722,0.045982692,0.045626584,0.08121694,0.04359759,0.056618627,0.04500931,0.03905173
blanch,0.045099806,0.049644396,0.0789824,0.08511199,0.06811607,0.053044952,0.12479028,0.14007907,0.079257965,0.09794562,0.068646446,0.049650673,0.06137895,0.055412672,0.07807098,0.07033494,0.137961,0.06318666,0.050256528,0.066220224,0.05761824,0.05358889,0.05052932,0.08173074,0.05240976,0.059252013,0.12363822,0.09334579,0.07793914,0.087354265,0.06968071,0.12021546,0.07049919,0.11354217,0.04813111,0.04848697,0.06565089,0.068654,0.057052262,0.044941664,0.057015155,0.06095424,0.038045574,0.062372725,0.06084559,0.11582947,0.051702477,0.0858117,0.03882087,0.060428914,0.04699402,0.101539075,0.07266371,0.06817754,0.04390513,0.0,0.08622949,0.0825151,0.15152739,0.07704707,0.05558299,0.04972854,0.079999134,0.07075301,0.066745825,0.07307346,0.041453227,0.08789249,0.058589403,0.06829065,0.05789952,0.07076064,0.05995087,0.0759842,0.085772656,0.049468655,0.049643055,0.106959164,0.06456558,0.073640294,0.10254919,0.052110158,0.0774558,0.07260961,0.052655835,0.058947045,0.05727757,0.05757789,0.090764955,0.058022827,0.07955427,0.101917855,0.063246906,0.12293897,0.07586458,0.08181717,0.081563026,0.059601404,0.08629131,0.06615883,0.06953849,0.04975953,0.07571154,0.050746575,0.04962502,0.10717335,0.09573408,0.069021635,0.081332,0.08756396,0.05459125,0.07637176,0.07408843,0.08211758,0.06767161,0.051613294,0.09989916,0.19378074,0.047845654,0.049571596,0.06939865,0.0778619,0.051875256,0.07387593,0.08258396,0.09113919,0.086442925,0.11559802,0.081823654,0.076574475,0.07983633,0.063639395,0.05492984,0.059928477,0.101921104,0.0667153,0.059892837,0.054214824,0.08316811,0.04725189,0.073901534,0.072907686,0.10917475,0.07138766,0.1491331,0.0826093,0.084829025,0.061185006,0.04343908,0.044745937,0.06804736,0.08564245,0.050624568,0.06909544,0.06589595,0.051244974,0.08289162,0.044900015,0.048091482,0.057271793,0.081204765,0.069636084,0.09816644,0.11021824,0.0800787,0.052656,0.06203251,0.10156068,0.089888595,0.049198683,0.07827564,0.072347514,0.08689926,0.05673843,0.07071059,0.076430336,0.05872251,0.07001121,0.06961392,0.08241712,0.026780097,0.06379223,0.12757319,0.094017796,0.0546361,0.057726666,0.06692943,0.07285761,0.09172756,0.037418336,0.054772627,0.056020517,0.08542201,0.07167714,0.08034386,0.08453778,0.072128005,0.046753198,0.063810036,0.08153318,0.110970795,0.07175722,0.06274582,0.07470081,0.17551431,0.04130827,0.05467792,0.07737956,0.05062059,0.044495184,0.1085617,0.04765387,0.05908344,0.052288674,0.07101495,0.10031993,0.059718784,0.1002992,0.066382825,0.08118745,0.077263996,0.047862515,0.06952408,0.049547862,0.058376107,0.05671292,0.0938963,0.057123005,0.055064037,0.07293518,0.06430595,0.08687884,0.0581804,0.10362529,0.07132063,0.062611885,0.08696602,0.092080615,0.059763562,0.04913389,0.06285776,0.051616143,0.06730292,0.059127785,0.06553696,0.06101856,0.03053211,0.05635221,0.08737589,0.118658714,0.04679143,0.040198326,0.0611746,0.047028918,0.061924294,0.08884266,0.06508281,0.059472572,0.03933996,0.061889645,0.060714494,0.052148268,0.04680766,0.047826916,0.0511085,0.057835557,0.08965821,0.050494786,0.06553284,0.05425252,0.04917287
flavoring,0.06768993,0.07528108,0.035167057,0.040075857,0.059838723,0.07108144,0.06394725,0.071157955,0.04509186,0.044653285,0.043068245,0.05944997,0.047375385,0.06173916,0.044876445,0.035800833,0.06917662,0.045200482,0.056194726,0.040523533,0.07142458,0.0933366,0.07005863,0.055884495,0.052740708,0.06459674,0.059945017,0.038437903,0.04388274,0.04026943,0.04304527,0.057385772,0.04250931,0.0494811,0.077929,0.071464464,0.042074323,0.047684316,0.06188067,0.0701045,0.057731938,0.045938086,0.074461125,0.048905063,0.041017804,0.055902634,0.07799634,0.038338054,0.10086631,0.09900382,0.06976285,0.04381673,0.07525892,0.09697589,0.08195673,0.08622949,0.0,0.041951876,0.07938303,0.03643138,0.074606925,0.08177992,0.058590457,0.054202635,0.04231519,0.06724184,0.10736579,0.041403797,0.067935735,0.0608635,0.05830886,0.042186394,0.051255178,0.07823791,0.04405098,0.06426991,0.08430726,0.042458992,0.04179728,0.08749371,0.07119017,0.070351675,0.036606204,0.044043515,0.059550922,0.053428162,0.054878287,0.050983664,0.035335783,0.065528445,0.033419102,0.04211759,0.062974356,0.05822642,0.044665452,0.038087,0.052436184,0.046759855,0.038058758,0.049321815,0.06680656,0.07091644,0.06804268,0.057352114,0.084706165,0.0587013,0.041433696,0.051369615,0.04635033,0.03604274,0.055511262,0.054582987,0.06887349,0.045291178,0.044165034,0.06662796,0.039944597,0.15431513,0.08498785,0.08934497,0.037589695,0.037440903,0.0850518,0.04655066,0.039869882,0.044120934,0.052159306,0.049364384,0.037944715,0.043104347,0.03610425,0.05381474,0.072226726,0.051792964,0.042426415,0.04890876,0.06378248,0.06735491,0.03921842,0.08409077,0.035106175,0.029221043,0.06342861,0.03891211,0.085083865,0.035488587,0.039331414,0.045034982,0.10743691,0.07862129,0.04445653,0.045222208,0.057561204,0.039911103,0.050105788,0.062375173,0.04391403,0.09075539,0.07630965,0.065441355,0.050552756,0.055420574,0.03943623,0.05657064,0.039276343,0.07428256,0.051530857,0.039729748,0.05467654,0.06851506,0.05145968,0.039952412,0.045912314,0.063116215,0.045100868,0.05707897,0.05515061,0.03944989,0.04846874,0.069463626,0.10239932,0.042993672,0.059127863,0.07987627,0.049675286,0.08222711,0.05563111,0.03155062,0.04151284,0.08424439,0.061219234,0.06063859,0.08328469,0.040659513,0.048271205,0.03370857,0.03907286,0.076841176,0.054491818,0.03818,0.04809333,0.0410763,0.067047,0.05021968,0.10332503,0.087709405,0.06979929,0.042599235,0.05730566,0.09594922,0.04524131,0.06600289,0.05579493,0.06499892,0.036365904,0.03697602,0.046272814,0.05125324,0.073352896,0.037857894,0.07511662,0.06536171,0.06696615,0.053955838,0.07838205,0.08075842,0.036081854,0.04424887,0.08864047,0.027090061,0.04491961,0.07054574,0.06139955,0.083873436,0.07192934,0.05402878,0.0707342,0.037217043,0.06178521,0.075600654,0.051496096,0.079259984,0.048652805,0.06287269,0.062672175,0.06202092,0.0856843,0.06620715,0.047005795,0.046679113,0.07031964,0.101529695,0.04216669,0.07463633,0.07091718,0.038529143,0.052346524,0.051452007,0.10210143,0.046597168,0.092783205,0.05913382,0.10656203,0.056333665,0.058376126,0.07095646,0.03595429,0.06718683,0.07261947,0.06277409,0.06874608
pierce,0.06450593,0.0760405,0.038519967,0.04274473,0.062125128,0.07154847,0.06707956,0.07434815,0.039228883,0.047576323,0.047102593,0.05974542,0.04671015,0.060606472,0.04733486,0.042150173,0.06926231,0.044845514,0.05712022,0.04646074,0.07377719,0.09134453,0.06826658,0.056641057,0.052647524,0.06658441,0.058272462,0.040458523,0.044338994,0.038615026,0.043813772,0.05912535,0.034505572,0.05411029,0.078138255,0.06860831,0.03571484,0.04028121,0.05705082,0.066598184,0.05538594,0.043369453,0.0714031,0.046709266,0.04707918,0.05786632,0.08119826,0.039761227,0.09955,0.10080696,0.0716811,0.046057444,0.05388519,0.09115333,0.08049578,0.0825151,0.041951876,0.0,0.08514393,0.034873817,0.072296895,0.082537375,0.04355132,0.030486682,0.05129091,0.05204377,0.1078231,0.03363652,0.0621119,0.05995531,0.060932595,0.042185366,0.060191497,0.059642434,0.03292226,0.063563384,0.083623916,0.048409063,0.044536643,0.07003506,0.05059799,0.07302647,0.03858757,0.040177528,0.06000392,0.052245293,0.05340499,0.05423052,0.041702364,0.064417645,0.034615457,0.04666632,0.057908233,0.06097946,0.047890328,0.03467354,0.04903492,0.05454794,0.049224142,0.04510411,0.068085864,0.073132865,0.048649017,0.046464905,0.0831487,0.036242,0.04303803,0.05214435,0.037469458,0.042377185,0.05885356,0.034681614,0.053569235,0.05110322,0.043963116,0.06423083,0.047146235,0.15547158,0.08734414,0.08769341,0.042158723,0.04180347,0.08273532,0.046324488,0.04383388,0.03809319,0.04269255,0.05507001,0.03956209,0.044342484,0.040039048,0.05162064,0.071405016,0.052585173,0.04615235,0.046907,0.06547805,0.06684395,0.042492177,0.08114695,0.039270017,0.046368062,0.034973755,0.04993392,0.085665174,0.04103131,0.03581696,0.042069003,0.10589992,0.07844249,0.047913924,0.03505906,0.053090334,0.04178859,0.0498056,0.065064296,0.047575347,0.088944145,0.06908914,0.06483112,0.04729276,0.05809217,0.04670151,0.04425853,0.034523565,0.07283468,0.053182367,0.046151597,0.044299316,0.06422428,0.052654054,0.035935488,0.04014008,0.057360712,0.03430533,0.04689592,0.056689505,0.036978327,0.055677544,0.05070539,0.098598644,0.03604813,0.06253159,0.056702655,0.04801111,0.08617753,0.05724929,0.03503858,0.04417262,0.08283613,0.05969938,0.059618276,0.062356472,0.039195083,0.0406766,0.037023067,0.040287524,0.07368433,0.04690322,0.037277963,0.048027236,0.041955613,0.06405779,0.050941624,0.10679102,0.0872396,0.07251291,0.045315024,0.056834728,0.09689079,0.04889354,0.067125365,0.053268235,0.06784298,0.04182737,0.04516151,0.046168853,0.036269177,0.07110732,0.042960636,0.05529692,0.06563959,0.06511073,0.05584953,0.08213536,0.08484169,0.038950562,0.045069832,0.0846218,0.0464371,0.053341907,0.047821045,0.06328944,0.062185,0.05816173,0.055764835,0.049308218,0.043052983,0.060739823,0.07725667,0.052348565,0.07475474,0.053443983,0.060464107,0.061686333,0.05860954,0.08071713,0.06560331,0.029929744,0.054960333,0.06973895,0.10050074,0.04353859,0.07192764,0.06615341,0.044136915,0.058773708,0.04882583,0.10032377,0.04698528,0.09387563,0.06053141,0.10581681,0.056750488,0.057902094,0.072204515,0.043611865,0.06976692,0.07296704,0.061220802,0.06798915
decorate,0.13232249,0.14021412,0.08392568,0.082889974,0.11577029,0.13530387,0.05574297,0.03483594,0.08831032,0.072291866,0.10094224,0.12388596,0.1074229,0.12026971,0.095159516,0.09725784,0.03382627,0.10259175,0.12127453,0.10231664,0.1346392,0.15878801,0.13119674,0.098498136,0.11500798,0.12682211,0.045686338,0.07138821,0.09432754,0.08008423,0.095811285,0.04997412,0.09352215,0.05092173,0.14281915,0.13472146,0.099119775,0.10368805,0.120279,0.1345868,0.11891247,0.10587532,0.14035085,0.10434518,0.10311525,0.055100944,0.13600366,0.07826085,0.16803159,0.16454254,0.13505766,0.06386358,0.12638913,0.15867442,0.14779127,0.15152739,0.07938303,0.08514393,0.0,0.088765115,0.13284771,0.14733201,0.1056913,0.106405415,0.10246535,0.11835887,0.1700726,0.08163398,0.12725976,0.11373519,0.119796485,0.09572088,0.11241049,0.12947121,0.084906034,0.12838493,0.14976785,0.05412606,0.100968406,0.14180475,0.09946338,0.13586004,0.08635675,0.098123215,0.12277992,0.11338874,0.11359982,0.11401408,0.072980165,0.12840477,0.08356591,0.06270652,0.12258007,0.046751626,0.09813644,0.082497396,0.094969206,0.11288621,0.0840146,0.10570066,0.121564016,0.13721916,0.11758366,0.11594621,0.14893967,0.07342731,0.068955824,0.10672269,0.0915297,0.079929516,0.116232984,0.09993805,0.12050046,0.09345774,0.10064958,0.12926066,0.062187426,0.13001631,0.144155,0.15305965,0.09406671,0.087703206,0.14616032,0.095996685,0.08409211,0.08106781,0.09369254,0.05158835,0.08110684,0.09032386,0.08367921,0.110181056,0.13658465,0.109275505,0.06400422,0.104559205,0.12650065,0.13270673,0.086131476,0.14743027,0.08892376,0.0944236,0.07912732,0.09830689,0.04515535,0.08091944,0.08224319,0.10484207,0.17465846,0.14478111,0.1011893,0.08648034,0.12230149,0.09409127,0.10840712,0.12669924,0.087230355,0.15513021,0.13819376,0.12755251,0.09740939,0.11102168,0.06501555,0.06861351,0.086069226,0.13702084,0.112271555,0.060763188,0.0942269,0.13158152,0.0948744,0.089871705,0.086005524,0.12436443,0.098661326,0.108176604,0.11603269,0.094308734,0.106509514,0.115911394,0.16825701,0.10234044,0.03885397,0.118379995,0.111574076,0.14735836,0.11453061,0.090585165,0.07250558,0.1504025,0.12448768,0.118978105,0.12862505,0.09317141,0.095683455,0.0792631,0.08993483,0.13918841,0.111832924,0.082814924,0.056745484,0.097018495,0.1242785,0.10261032,0.03901472,0.1546637,0.13459058,0.08828627,0.12109737,0.16420855,0.05374943,0.13222787,0.111300714,0.12965757,0.09555001,0.061649576,0.105654866,0.075403914,0.13344133,0.086762786,0.12522621,0.13127168,0.12149306,0.11875742,0.14404722,0.14746168,0.06610179,0.10581561,0.14990747,0.09373237,0.107960075,0.11208284,0.12547803,0.115853116,0.12599029,0.115553565,0.11206236,0.070578106,0.12076691,0.14140409,0.10933007,0.14150962,0.10732111,0.11918479,0.11841337,0.12248526,0.14908281,0.12829652,0.08583958,0.045392483,0.13495223,0.16853245,0.10229832,0.13829151,0.1264984,0.080684625,0.11478015,0.11074733,0.16902344,0.1078816,0.15864307,0.12231094,0.17325719,0.12007111,0.12430704,0.13344595,0.07733001,0.13299902,0.13032202,0.12488711,0.13626447
insert,0.06293625,0.06340863,0.031698454,0.038749103,0.056180067,0.058616754,0.07152372,0.07882367,0.03943005,0.04715338,0.029890278,0.05394878,0.03956094,0.059470918,0.040335547,0.03730598,0.07606336,0.037145816,0.049187135,0.044161793,0.066930294,0.08082876,0.067078464,0.06354626,0.040301397,0.06296363,0.06731636,0.04895847,0.036586188,0.04885003,0.03502474,0.062937155,0.04025347,0.05194751,0.07130962,0.068153724,0.032922044,0.031858325,0.060533084,0.06022834,0.043746952,0.042741273,0.06037607,0.04788078,0.037686836,0.061553728,0.066996805,0.03863643,0.09339651,0.090772405,0.05627225,0.054051097,0.059289634,0.08159791,0.07187305,0.07704707,0.03643138,0.034873817,0.088765115,0.0,0.075021066,0.06824862,0.04174149,0.036747552,0.038644563,0.04904306,0.09688901,0.032182656,0.06607173,0.06506753,0.056404304,0.033303995,0.047334626,0.05921239,0.031297937,0.055038605,0.07241419,0.049061004,0.03543321,0.06795964,0.05956947,0.060799804,0.031490285,0.035130177,0.048937045,0.043279957,0.052406184,0.040849943,0.037061587,0.05359625,0.032809515,0.045281943,0.048464578,0.06614666,0.039086323,0.035558656,0.050771397,0.04956022,0.042141072,0.036361083,0.07350138,0.058396403,0.049651336,0.044876482,0.07336489,0.053628232,0.045103133,0.037067205,0.035260413,0.03186129,0.045612853,0.041783743,0.051011465,0.044155084,0.033294007,0.053124327,0.04093531,0.15907472,0.07355925,0.08579587,0.032999944,0.033538725,0.08382459,0.04682789,0.031906165,0.03963539,0.04225064,0.06419366,0.037530202,0.037634984,0.035518486,0.050165523,0.05658841,0.04844592,0.044075966,0.049478397,0.051695194,0.05688343,0.03929533,0.07883172,0.03355024,0.03752216,0.055241313,0.037817884,0.097639464,0.03633585,0.03440135,0.030968081,0.0975606,0.06947128,0.03064473,0.036540795,0.043636445,0.024929184,0.040840585,0.051499147,0.042412322,0.08374337,0.07214988,0.052138433,0.040582683,0.049562793,0.044109207,0.05257468,0.026918937,0.063220486,0.044576366,0.04548303,0.042564414,0.053215437,0.048197698,0.03659058,0.03707237,0.049466196,0.031044329,0.042077094,0.043580614,0.030642558,0.046539076,0.050469093,0.09046949,0.026226701,0.069483645,0.06323635,0.043978583,0.069615014,0.049742747,0.026268195,0.045876887,0.07642727,0.048758738,0.060151987,0.065871835,0.024162123,0.034131218,0.023358792,0.039799526,0.07455409,0.04008406,0.03821363,0.05376745,0.035007577,0.05642921,0.04309529,0.11448256,0.07478763,0.05941213,0.040854283,0.05217518,0.08297025,0.05573795,0.05551248,0.05643898,0.05023959,0.03229709,0.03631342,0.04029094,0.043064915,0.06448596,0.028763345,0.0560145,0.057187825,0.055402115,0.039151296,0.06852726,0.07237927,0.042184282,0.030720623,0.08673432,0.03801254,0.039141174,0.053071655,0.047348715,0.06913524,0.05300015,0.048055764,0.053317636,0.042654555,0.051652797,0.061023448,0.04071961,0.07463167,0.039366025,0.06298553,0.05449531,0.047629096,0.07224058,0.053977486,0.03810905,0.058147512,0.059346613,0.093209915,0.034807988,0.07164717,0.0728157,0.036323186,0.039536748,0.04336824,0.091510825,0.027564025,0.0808602,0.04637047,0.09807204,0.049656987,0.042994678,0.061064057,0.03243523,0.05026012,0.06258025,0.051587,0.054568008
broil,0.038468808,0.06923976,0.06952735,0.0809075,0.06181283,0.07191636,0.110385075,0.12381729,0.073903315,0.087532654,0.07031464,0.045317523,0.062079925,0.044136316,0.074873306,0.05892964,0.120662905,0.06512621,0.044961687,0.048475493,0.04643833,0.07588528,0.03359292,0.04404576,0.056295082,0.045940906,0.104091056,0.07041782,0.076047175,0.06236144,0.06596058,0.105986945,0.05610496,0.09698247,0.048648134,0.028682226,0.061807953,0.0678513,0.026476106,0.05021508,0.068327434,0.04448108,0.061857566,0.047618985,0.050770767,0.10324581,0.077179275,0.07810383,0.055273805,0.07398661,0.057746537,0.082112536,0.08413912,0.09389891,0.059115514,0.05558299,0.074606925,0.072296895,0.13284771,0.075021066,0.0,0.07170296,0.08726691,0.074222565,0.058641855,0.08732528,0.08323312,0.08481654,0.03882067,0.029444808,0.042596493,0.06905657,0.059063636,0.092116885,0.084904,0.052473873,0.07005457,0.09178063,0.061024338,0.09484359,0.107139945,0.0629203,0.06858976,0.06974847,0.06488097,0.060599443,0.039293576,0.05570083,0.076896966,0.06495737,0.0693915,0.08837662,0.0761923,0.10575465,0.07189055,0.070545055,0.073671706,0.043612164,0.072879724,0.069850795,0.025055587,0.06575827,0.08710734,0.06067847,0.07057016,0.101375654,0.0817846,0.073162995,0.08398303,0.082665674,0.06521458,0.079217464,0.08829131,0.07922043,0.06618198,0.06260475,0.08936103,0.17775738,0.078481495,0.03356552,0.060734667,0.07307544,0.022456162,0.064566776,0.07630854,0.08359415,0.089818604,0.08998704,0.06904765,0.07280115,0.06936718,0.05726198,0.07418457,0.0535696,0.09055005,0.046563074,0.07233826,0.06134275,0.0701553,0.037742596,0.059459537,0.064623564,0.10375625,0.06205193,0.12022935,0.07369977,0.07660475,0.06397229,0.06559089,0.049944162,0.06937147,0.08252996,0.054658342,0.06651315,0.06373191,0.06295484,0.08068623,0.04541317,0.027593842,0.073288456,0.08458734,0.07328836,0.08640223,0.10424642,0.07642272,0.06764127,0.057143643,0.08596377,0.093354374,0.066340856,0.07623834,0.060566243,0.085247464,0.06977112,0.06712172,0.084392644,0.06262938,0.06392688,0.058350887,0.092955075,0.07491011,0.06389795,0.1067078,0.10329906,0.048065133,0.07557351,0.061140884,0.06499778,0.075683214,0.044996988,0.062075373,0.030917097,0.099535495,0.070491515,0.0829107,0.077537104,0.05290068,0.020040281,0.07383199,0.06963745,0.0981996,0.06304599,0.07330105,0.07782832,0.1554591,0.06588844,0.06988602,0.07471552,0.042290337,0.07216036,0.08933634,0.04902164,0.03589141,0.065257184,0.06577353,0.09051262,0.052519098,0.09496753,0.06910509,0.07959518,0.09128281,0.05486872,0.08112094,0.058708526,0.07531055,0.06499537,0.07793485,0.05870395,0.031064704,0.06236828,0.0642614,0.09554809,0.06881065,0.112427145,0.08881444,0.05870696,0.09581617,0.07547769,0.06706175,0.06634128,0.065607175,0.040816914,0.069468595,0.028569616,0.07093543,0.06953794,0.070747025,0.06838974,0.08421139,0.10149579,0.057368297,0.059355173,0.052483495,0.02683351,0.02037954,0.0813605,0.07095354,0.05776162,0.064933814,0.06768877,0.07873724,0.0603659,0.064412214,0.039392993,0.06288786,0.07077084,0.08272436,0.07047237,0.07851971,0.06423311,0.06237776
unmold,0.051068503,0.0284524,0.075109884,0.07767185,0.065016136,0.032690696,0.11684126,0.1349975,0.073322795,0.09191364,0.055470172,0.049396656,0.06022405,0.064237975,0.06751558,0.066414185,0.13487263,0.057311736,0.04966058,0.06695969,0.059442896,0.04215151,0.0597636,0.08879382,0.04805513,0.061605617,0.12189445,0.09289288,0.067245975,0.08845284,0.061490927,0.11421211,0.07300778,0.10525648,0.05212917,0.056244493,0.061265223,0.057500508,0.06503525,0.047015037,0.04661099,0.059887733,0.03408247,0.07078453,0.058758598,0.10933398,0.04474032,0.08068928,0.054921053,0.054370556,0.043131948,0.10202763,0.070740424,0.058757965,0.039867204,0.04972854,0.08177992,0.082537375,0.14733201,0.06824862,0.07170296,0.0,0.07180393,0.06540671,0.06207412,0.06595425,0.06150915,0.07890299,0.06787119,0.077943206,0.058959156,0.060578443,0.05934758,0.07045927,0.079746164,0.04670203,0.042480405,0.1039689,0.05777828,0.06794411,0.09813502,0.034077328,0.07556653,0.06445393,0.041288834,0.05153857,0.06132644,0.047757376,0.08774172,0.051220313,0.073326156,0.09989144,0.051980358,0.117037795,0.06858809,0.075978704,0.07304221,0.060087405,0.081583515,0.06381722,0.08222755,0.03138026,0.07035541,0.05869342,0.041641198,0.10512034,0.089520514,0.05732572,0.07322697,0.076107696,0.04900999,0.07526381,0.06779865,0.077995494,0.060808804,0.045254447,0.093838245,0.19349976,0.0444537,0.06313422,0.061273754,0.07059312,0.06858596,0.069531836,0.070796944,0.08504425,0.07989095,0.1166317,0.078088015,0.07403522,0.07664128,0.057766818,0.043864276,0.056656994,0.09248322,0.06599631,0.040168907,0.04513828,0.07663975,0.06149092,0.06978546,0.0693862,0.1071523,0.06494633,0.15056032,0.076367214,0.07981927,0.05401151,0.05478667,0.04038939,0.055040985,0.07783566,0.044119485,0.061599463,0.058026057,0.040008284,0.079400845,0.055658534,0.0645952,0.041530993,0.070575364,0.06592217,0.09055204,0.10460632,0.06970399,0.046348598,0.053212542,0.09804169,0.08175115,0.04173394,0.0705728,0.072587356,0.07823179,0.05166992,0.06546266,0.06666539,0.04344557,0.06752716,0.064792186,0.07639901,0.05391093,0.057406526,0.12402969,0.09176342,0.055072285,0.029880527,0.06218493,0.06698084,0.0924725,0.047776356,0.044291593,0.064596385,0.08438536,0.06470707,0.0714801,0.07890572,0.07336087,0.06207631,0.051552292,0.07865858,0.10492236,0.0635112,0.06233512,0.06336789,0.17129795,0.037308928,0.035538502,0.07661533,0.051292885,0.039679553,0.105884,0.041148476,0.07036628,0.04235457,0.060138006,0.09217755,0.05717802,0.09616669,0.060594637,0.07095935,0.0717401,0.045028187,0.065149486,0.044053413,0.037226893,0.047664758,0.09300798,0.055272184,0.073005535,0.069825545,0.050763328,0.08273448,0.04187166,0.10067412,0.06279891,0.057888545,0.082197696,0.09070888,0.053095054,0.039793074,0.054429103,0.063654914,0.05128066,0.06991321,0.06466562,0.046749335,0.04518504,0.048867967,0.083241984,0.11360628,0.0421678,0.053813834,0.055229343,0.06070004,0.0769041,0.07802628,0.04547901,0.051334564,0.05158614,0.051754635,0.04547801,0.04569161,0.05847374,0.049138226,0.04215127,0.051473107,0.077426985,0.035543624,0.06076001,0.046182137,0.038697574
grate,0.072193295,0.063453026,0.054306466,0.044394795,0.06847577,0.057173,0.08609277,0.09290093,0.05387465,0.058780294,0.048138548,0.061689217,0.0491354,0.06963207,0.04381726,0.05655537,0.09039114,0.042845912,0.06284294,0.06253253,0.07980125,0.07722295,0.07804728,0.079920754,0.050962977,0.07520336,0.08055185,0.066670366,0.039051287,0.06669958,0.04924078,0.076023914,0.05475109,0.07367757,0.08077951,0.07768395,0.03672267,0.043301526,0.07326864,0.066591844,0.04446221,0.055553082,0.06096866,0.06547776,0.059122905,0.07566065,0.07231126,0.049225822,0.098077595,0.094929315,0.06883362,0.06897137,0.041687913,0.07437059,0.074812904,0.079999134,0.058590457,0.04355132,0.1056913,0.04174149,0.08726691,0.07180393,0.0,0.03293934,0.060257588,0.021067182,0.0994032,0.035016064,0.07557916,0.07961055,0.06730309,0.042397078,0.063126616,0.033871606,0.030041056,0.06551623,0.07610062,0.06964539,0.048647642,0.04102691,0.042329278,0.07164494,0.056966733,0.036511306,0.050261695,0.05688717,0.067602225,0.054774042,0.061779257,0.059917435,0.05008854,0.067941226,0.031831857,0.07948212,0.052195713,0.04406475,0.06192626,0.06639228,0.06497533,0.042128664,0.08708499,0.06417057,0.022520974,0.045040086,0.071714,0.05209809,0.0644007,0.04719349,0.03683758,0.04969823,0.05076947,0.035285316,0.032228183,0.05524877,0.04672981,0.054862395,0.062197745,0.16818394,0.07786293,0.0943622,0.055553213,0.045241956,0.09286549,0.062654644,0.05375913,0.051842514,0.026582822,0.08476672,0.05828452,0.051292945,0.056897204,0.06305671,0.059951685,0.064001,0.059985474,0.0612052,0.05930713,0.06563872,0.05767699,0.08843488,0.054848615,0.05536526,0.052181497,0.060340673,0.11388828,0.05655887,0.045262743,0.040790092,0.100994326,0.07885883,0.046465933,0.031535972,0.05289701,0.048887752,0.05241301,0.05848263,0.049944356,0.09006595,0.079861104,0.047038846,0.031330254,0.055073015,0.06206415,0.051516816,0.044000573,0.06875016,0.057986435,0.064140834,0.023857702,0.05190958,0.061836664,0.053333994,0.03315005,0.04019245,0.042096514,0.018022899,0.05701273,0.050393,0.06593662,0.02988435,0.09104677,0.041774716,0.08796663,0.038915284,0.054962676,0.078095496,0.063470215,0.045653865,0.06688584,0.08294647,0.051797424,0.073669635,0.043549053,0.0414031,0.0266743,0.05173761,0.0617833,0.08435507,0.03337923,0.056327313,0.06177703,0.050095133,0.053963065,0.040108345,0.12766626,0.07855802,0.06538206,0.04949036,0.059306126,0.08777548,0.074902005,0.06594439,0.071070954,0.06336195,0.0465727,0.060135555,0.056066163,0.04686782,0.0702381,0.044754434,0.03150969,0.06200419,0.05285905,0.054033555,0.07393296,0.08232235,0.0645812,0.04918067,0.09588134,0.060181726,0.057046928,0.026455345,0.05269514,0.046072226,0.03681315,0.061969776,0.03273024,0.06613134,0.060098056,0.070432745,0.055422895,0.08202894,0.05331524,0.076782115,0.05767873,0.04848654,0.07170722,0.056602266,0.034145974,0.07802606,0.06834716,0.0973414,0.05396915,0.080664806,0.08518524,0.053942654,0.056762483,0.056302477,0.0939504,0.04190292,0.08821594,0.060424607,0.10136179,0.062219504,0.054394115,0.061808057,0.05578495,0.05936385,0.06349623,0.056685634,0.05768489
prick,0.056675207,0.05791323,0.047411058,0.046925854,0.057130307,0.053898152,0.083968565,0.09404683,0.04433385,0.056467555,0.042624924,0.05155011,0.04248892,0.05658876,0.04542524,0.04857193,0.09095323,0.039584115,0.052629955,0.05289739,0.06846392,0.07345073,0.06482613,0.069530286,0.045531515,0.061794505,0.08009305,0.058551833,0.04252374,0.058971077,0.045048468,0.0761592,0.04429521,0.071489625,0.06843753,0.0638079,0.033813518,0.03536683,0.06075867,0.058061365,0.039993387,0.04569059,0.055736713,0.05256453,0.048538897,0.07366867,0.06974265,0.047686864,0.08806851,0.08556181,0.061644237,0.06346618,0.03810526,0.07177313,0.06499321,0.07075301,0.054202635,0.030486682,0.106405415,0.036747552,0.074222565,0.06540671,0.03293934,0.0,0.052478306,0.036226183,0.094061926,0.03690079,0.061262064,0.068071485,0.058516316,0.040448215,0.056347508,0.042541564,0.03653831,0.054167613,0.069754004,0.06560193,0.04260773,0.050189793,0.050262805,0.061882876,0.048861854,0.036036577,0.04739464,0.04698033,0.05337279,0.0461683,0.056064554,0.051710904,0.04400267,0.06425456,0.041697145,0.07911732,0.045121945,0.044007096,0.053897537,0.055895153,0.0591341,0.039754614,0.075673595,0.058323026,0.033139672,0.03779954,0.06549976,0.051405452,0.0591582,0.046429276,0.037674,0.047707073,0.047521695,0.03177508,0.037847932,0.052656207,0.04033381,0.052064646,0.060525987,0.16668154,0.074789226,0.0812439,0.044740018,0.04360161,0.079952806,0.050211675,0.047691636,0.04595279,0.040322937,0.07955559,0.049592897,0.047044832,0.047736462,0.04956455,0.054303788,0.051219177,0.05943553,0.04839291,0.053473465,0.054272715,0.048886657,0.07521782,0.046882898,0.0495166,0.047970966,0.051620036,0.11020817,0.051538493,0.041795272,0.037306074,0.091924444,0.06775797,0.04337524,0.037730247,0.041780762,0.042970464,0.045081962,0.051203337,0.049029294,0.078868255,0.06588124,0.04893369,0.041919015,0.05109388,0.058298867,0.05660093,0.036908597,0.06183243,0.049339976,0.061785523,0.04190477,0.04919015,0.054711442,0.043567684,0.04182325,0.04228797,0.033540625,0.035280604,0.04970299,0.039510537,0.05576951,0.03893812,0.0837673,0.031280443,0.084236704,0.047883034,0.04405239,0.071509324,0.05376285,0.038662717,0.059892472,0.07257224,0.045594044,0.059865784,0.050162565,0.040199365,0.036401693,0.047196977,0.050948136,0.07054873,0.033297084,0.048735548,0.06487565,0.04156927,0.052018583,0.044458557,0.1279649,0.07150528,0.060189795,0.0475718,0.052255947,0.08042923,0.06887041,0.056527488,0.05821529,0.056590073,0.041473918,0.05935151,0.046418753,0.045513973,0.061394665,0.045367625,0.039891034,0.052891538,0.052975357,0.045659248,0.06771792,0.07386202,0.0583657,0.04070351,0.0819792,0.05215753,0.050287027,0.038546342,0.049559724,0.05609571,0.041122347,0.051097635,0.039758544,0.058672767,0.053837772,0.06379785,0.048252624,0.07048327,0.045939457,0.06388513,0.052829288,0.043645505,0.06581051,0.050531443,0.034601334,0.07523497,0.059404947,0.08783736,0.04438932,0.06781829,0.07111206,0.049418665,0.050475575,0.045214187,0.085961655,0.039430007,0.07717449,0.053376146,0.09208229,0.052006636,0.04690871,0.057779856,0.05079952,0.054623898,0.06001107,0.05131189,0.0517895
dressing,0.05085848,0.056393784,0.038355518,0.05212898,0.04303251,0.05610492,0.08263575,0.0947766,0.045254175,0.06022902,0.040193096,0.042670727,0.04436365,0.050909102,0.047214445,0.028994137,0.09032766,0.041416768,0.034632675,0.027540622,0.05180293,0.075111374,0.04967142,0.053207323,0.033851888,0.04568419,0.07950085,0.051336937,0.046930585,0.050843723,0.039110932,0.07740934,0.037514497,0.065387666,0.052189235,0.052522786,0.042205114,0.04100294,0.04896604,0.048818853,0.04829146,0.031307604,0.05445843,0.04309672,0.025058463,0.075349405,0.06375115,0.04965062,0.07781911,0.07120619,0.046212718,0.060736485,0.06994508,0.084248245,0.06387805,0.066745825,0.04231519,0.05129091,0.10246535,0.038644563,0.058641855,0.06207412,0.060257588,0.052478306,0.0,0.065072894,0.08788666,0.052691456,0.05454448,0.05282755,0.0431662,0.040182464,0.037644997,0.07430378,0.05408035,0.048487466,0.06736831,0.05855359,0.03954279,0.08013428,0.08103173,0.053342544,0.037858382,0.044438455,0.04807252,0.039422013,0.04260637,0.03756422,0.043692112,0.044817816,0.043438956,0.055291213,0.055126447,0.078893505,0.046755914,0.046927474,0.054443132,0.030229364,0.03014774,0.043235328,0.057677206,0.051824052,0.06652792,0.050745867,0.068225466,0.07568418,0.05434565,0.046892222,0.055972278,0.04841614,0.041881945,0.056978185,0.0669749,0.052045044,0.04276899,0.044669215,0.056492895,0.1653777,0.06934244,0.06676551,0.0354961,0.043531146,0.06590956,0.04586174,0.044748846,0.055028476,0.06075731,0.0679039,0.044167057,0.049390353,0.04194057,0.045265615,0.059585277,0.039226007,0.054935984,0.041496024,0.05489199,0.048210207,0.042069033,0.062426426,0.032912035,0.03410523,0.07847905,0.025352377,0.10484653,0.041920364,0.044697214,0.04052313,0.083394,0.05300671,0.04139581,0.053064853,0.038237367,0.035682537,0.04280808,0.044333957,0.053911842,0.069694124,0.05826697,0.052795563,0.05511903,0.05183708,0.053761702,0.07466206,0.0459145,0.062074427,0.040310822,0.053235605,0.06283827,0.055296868,0.05397317,0.03697278,0.0550989,0.053546045,0.04196821,0.057961777,0.039994672,0.030589338,0.03502168,0.07021984,0.08145675,0.03897952,0.080650315,0.08314246,0.035491064,0.065855324,0.04245542,0.033721697,0.051229887,0.061042946,0.04611062,0.04642317,0.08211432,0.038176898,0.053055957,0.04538562,0.03547998,0.05793301,0.049950212,0.046488702,0.0684854,0.038285136,0.0606628,0.050297085,0.12872742,0.06220449,0.056864765,0.050097723,0.04030623,0.0735119,0.06473179,0.046055034,0.045072462,0.0455075,0.037665926,0.05444504,0.039740507,0.06371639,0.05812079,0.04734053,0.072564624,0.04628019,0.06368417,0.03955428,0.0652099,0.062426258,0.04998035,0.035321433,0.06989552,0.030678196,0.03641996,0.07329999,0.050733317,0.09018069,0.068590514,0.039927598,0.07273646,0.045360457,0.054881714,0.053121407,0.043458894,0.058360267,0.04555523,0.048184145,0.058133047,0.05085793,0.06937237,0.054937605,0.0571272,0.0683272,0.054394312,0.078445636,0.035594873,0.05601001,0.058644123,0.050595436,0.04626417,0.040518142,0.07919982,0.03569879,0.07517577,0.044996496,0.08323816,0.039894994,0.04730906,0.05907162,0.04950373,0.051387385,0.065231666,0.05157387,0.049312674
shred,0.069846526,0.059291862,0.06198116,0.052528333,0.071001,0.05271191,0.097071014,0.104966275,0.06032506,0.06814975,0.05203901,0.060892668,0.04979937,0.06935242,0.050904885,0.062422216,0.10281625,0.046081282,0.06260476,0.06739638,0.08001601,0.070050076,0.07616152,0.086477235,0.05102915,0.07640879,0.09295943,0.07620413,0.04744111,0.07501835,0.054557964,0.08794072,0.05889116,0.08426331,0.07851331,0.0759739,0.041448347,0.04712005,0.07412236,0.06332952,0.043314975,0.060237803,0.05437446,0.06851213,0.06301555,0.08672976,0.06930312,0.058178127,0.09124598,0.09038869,0.065377556,0.07854009,0.033291563,0.064744,0.068691045,0.07307346,0.06724184,0.05204377,0.11835887,0.04904306,0.08732528,0.06595425,0.021067182,0.036226183,0.065072894,0.0,0.0922973,0.045365576,0.07591357,0.0835217,0.06947094,0.048065837,0.06622252,0.02429903,0.04030686,0.06277799,0.07016412,0.08137253,0.05219034,0.028747456,0.044627752,0.069500744,0.06402383,0.044403333,0.048334654,0.0583064,0.06914364,0.056175653,0.071323544,0.060479846,0.05772294,0.07832354,0.032836907,0.09175698,0.05713505,0.053267572,0.06832819,0.06946057,0.07358752,0.044328168,0.09059616,0.06055642,0.01939201,0.040674932,0.06537618,0.059731442,0.07433221,0.048862398,0.041049488,0.05835876,0.051358167,0.03520233,0.02419906,0.06002723,0.050095182,0.052828427,0.072246864,0.17504394,0.07320646,0.09112548,0.060541708,0.052805774,0.09096007,0.06873974,0.06041475,0.060491733,0.03419163,0.09620282,0.065562926,0.05677222,0.06371751,0.066507235,0.0530416,0.066881664,0.07129507,0.065639004,0.05638929,0.064077094,0.06573288,0.08524283,0.062160473,0.0614076,0.061444033,0.0662359,0.12516491,0.06461029,0.056093946,0.042618997,0.093408376,0.07509408,0.049739365,0.0425623,0.052604582,0.05305648,0.054578755,0.056290466,0.056832317,0.08541097,0.07779167,0.043876823,0.03817535,0.056686297,0.07223961,0.061046977,0.05237749,0.06429745,0.060589686,0.07556985,0.03415319,0.04653785,0.06669838,0.0587678,0.043298718,0.03684855,0.048406836,0.02274494,0.057723347,0.0577098,0.07101226,0.025655095,0.08175046,0.045118306,0.09919373,0.035788156,0.056890767,0.07330753,0.066310324,0.05304035,0.07672923,0.078169644,0.05102783,0.074457854,0.033858392,0.04627424,0.035053857,0.059354722,0.06759979,0.082605965,0.031564996,0.06335971,0.07419448,0.05605513,0.0508674,0.045276318,0.14015317,0.0719805,0.062180962,0.05627626,0.060080376,0.08046538,0.08535421,0.06382094,0.07339491,0.06041178,0.052681442,0.07032931,0.057637144,0.058013108,0.069804765,0.05226432,0.022479283,0.059767254,0.05014698,0.053194758,0.06993388,0.07944433,0.074496396,0.050730366,0.0934224,0.06665627,0.059957996,0.024542818,0.050993044,0.04323262,0.026320556,0.0642114,0.02872857,0.0759442,0.05880012,0.06554257,0.056425612,0.07957615,0.05606,0.07820457,0.055890176,0.048391793,0.06313802,0.053558454,0.040909756,0.08990781,0.064320356,0.09041227,0.057306256,0.078930676,0.08583978,0.06294228,0.05638076,0.059016604,0.08656807,0.043369707,0.082863994,0.058995515,0.09479237,0.062417656,0.05140211,0.058579754,0.06392999,0.054734256,0.059526645,0.054631006,0.05300294
ice,0.07060574,0.0642788,0.09856883,0.106055476,0.08701829,0.070594385,0.14394799,0.16045706,0.10358456,0.11870559,0.08821061,0.07568573,0.0855846,0.08078189,0.09927489,0.091936596,0.15882099,0.08419694,0.076066405,0.089587435,0.07670922,0.06775885,0.078624494,0.10674487,0.07704608,0.08116143,0.14523414,0.11690872,0.098786175,0.112665065,0.08828585,0.13987859,0.09861887,0.13395533,0.068845905,0.07612008,0.08895561,0.09074501,0.0860824,0.06712487,0.076206125,0.085920766,0.05556916,0.08890249,0.08136021,0.13706443,0.048212506,0.108037844,0.055217996,0.07201437,0.067980655,0.12546802,0.09615765,0.07964015,0.06424853,0.041453227,0.10736579,0.1078231,0.1700726,0.09688901,0.08323312,0.06150915,0.0994032,0.094061926,0.08788666,0.0922973,0.0,0.10937937,0.086548395,0.0942827,0.080187276,0.09352063,0.074577786,0.09641977,0.107730724,0.070848666,0.059838243,0.12564085,0.08705752,0.09041889,0.1237888,0.06670954,0.09714954,0.09463375,0.07181286,0.07564316,0.083043955,0.07820072,0.11060679,0.07337319,0.102123074,0.12172032,0.08080923,0.14360087,0.09575808,0.1052476,0.10297713,0.08199562,0.10449104,0.08709586,0.09548311,0.062202305,0.09666068,0.07564395,0.06720247,0.13007106,0.11566304,0.0886864,0.10194023,0.10731766,0.06958781,0.10078706,0.09512135,0.10206281,0.08955966,0.06463808,0.11812769,0.20948894,0.039738607,0.07252263,0.08984643,0.0995294,0.07824084,0.09572581,0.10145254,0.11236565,0.108511865,0.13730064,0.10206099,0.09722793,0.10173292,0.0859194,0.0714307,0.08348744,0.121425055,0.09248911,0.07690423,0.07209784,0.10416881,0.071515076,0.09519918,0.093020715,0.13238281,0.0888645,0.17254795,0.10049582,0.10484036,0.084376104,0.05300434,0.06365946,0.085945,0.10742416,0.07130189,0.09081473,0.08792846,0.06956273,0.102539025,0.0665356,0.0775537,0.07605437,0.10208237,0.08976698,0.117105484,0.13241251,0.10030892,0.065786295,0.082201675,0.12224126,0.11092032,0.071547955,0.09953072,0.09895434,0.10814662,0.0782924,0.092273846,0.09674076,0.07590896,0.08923183,0.08738748,0.103960596,0.03375255,0.08669746,0.14879167,0.11554379,0.08091408,0.06740451,0.08644378,0.09551449,0.11164744,0.059294503,0.07516996,0.08148689,0.106589384,0.094479136,0.10219304,0.10572508,0.09676142,0.07532383,0.08552998,0.10374099,0.13314772,0.09377551,0.08342304,0.095250495,0.19548772,0.055518173,0.07126237,0.09729691,0.07335421,0.050862856,0.13078178,0.068743885,0.08538744,0.072039925,0.091632836,0.11822305,0.08409149,0.12087278,0.083430246,0.09913586,0.09763843,0.06869518,0.088757366,0.06705481,0.07078214,0.07046462,0.11606624,0.07786481,0.08190935,0.091714524,0.082298554,0.10734416,0.07615181,0.12446336,0.09083555,0.08268083,0.10865496,0.11144867,0.07547252,0.06716966,0.07991455,0.078797475,0.08483302,0.086115696,0.08680674,0.07972021,0.036730643,0.07364813,0.11088962,0.13996564,0.06320074,0.054602563,0.08427445,0.07486265,0.0910202,0.10811957,0.08178782,0.07991139,0.05071758,0.07974963,0.068528615,0.071383126,0.056264706,0.07133504,0.072339036,0.07524093,0.108707905,0.062210683,0.083863795,0.070584,0.06830973
flatten,0.071521856,0.07015222,0.04025808,0.025425935,0.06284768,0.0626327,0.06287368,0.06833704,0.038309377,0.038319126,0.038053673,0.060399815,0.044960424,0.06629122,0.032622036,0.046867177,0.06916016,0.03724859,0.062165223,0.05390526,0.07896762,0.0893272,0.07618771,0.067491464,0.05078111,0.0711367,0.059497733,0.045792624,0.03154665,0.04941948,0.040700752,0.05418182,0.043724865,0.05005332,0.08282662,0.07752682,0.03456416,0.04084671,0.06968477,0.072573096,0.047736723,0.050727535,0.07119271,0.057396386,0.051796284,0.051219363,0.07692817,0.029189926,0.105245024,0.10129281,0.07229604,0.045960173,0.058462057,0.08682601,0.08111446,0.08789249,0.041403797,0.03363652,0.08163398,0.032182656,0.08481654,0.07890299,0.035016064,0.03690079,0.052691456,0.045365576,0.10937937,0.0,0.07333929,0.07174125,0.065003246,0.03243753,0.060546093,0.059180476,0.023801861,0.06564886,0.08415648,0.046956893,0.0392057,0.06898973,0.049369678,0.07316127,0.04521808,0.03325034,0.053093154,0.055266965,0.061408184,0.05128771,0.044181194,0.063998945,0.03080532,0.048163313,0.049741894,0.05587433,0.042058986,0.029023472,0.04818447,0.060701042,0.051028173,0.044859935,0.0814916,0.06887357,0.047000464,0.050697677,0.08059756,0.040617805,0.04334198,0.044522334,0.03115458,0.028028393,0.0520793,0.039293252,0.04929385,0.044032067,0.03983791,0.06422383,0.04074143,0.15368302,0.0841213,0.09650942,0.041551284,0.029426578,0.09321693,0.048516575,0.035543863,0.032377213,0.029212905,0.06207027,0.04039154,0.039941873,0.038388535,0.054600332,0.06645278,0.0554027,0.038548358,0.052898113,0.06110066,0.066858485,0.038868856,0.09093625,0.040675778,0.04513935,0.0441805,0.049798474,0.09020968,0.04070118,0.031544458,0.038374085,0.109920174,0.083026536,0.03921262,0.02113232,0.057171393,0.038640946,0.048110545,0.060258966,0.036949262,0.09457041,0.082100086,0.05503689,0.03202077,0.05140089,0.03597229,0.037836507,0.027956441,0.073560186,0.053826947,0.041561466,0.030528368,0.06083095,0.04788811,0.039634675,0.01962063,0.05172447,0.039183136,0.034708787,0.056471515,0.042527135,0.056473747,0.049942616,0.102505945,0.03873707,0.06257664,0.058343064,0.051479887,0.08261301,0.057830136,0.033475354,0.049638666,0.0884415,0.05408421,0.06806639,0.064853296,0.034250323,0.027630633,0.034308292,0.047699448,0.08426715,0.038779993,0.04021482,0.038949676,0.03729879,0.060310293,0.035283826,0.10313117,0.087356,0.06814319,0.037057456,0.060540378,0.096464194,0.049242556,0.068365395,0.06507051,0.065517284,0.034339763,0.037503183,0.048016988,0.033489183,0.07048465,0.029768808,0.056468412,0.065660514,0.057602845,0.054917317,0.07745405,0.085154526,0.042114317,0.045946848,0.09691516,0.048453074,0.050659757,0.048649564,0.055747837,0.06216294,0.05524603,0.05656851,0.048832145,0.047151245,0.06050361,0.07581601,0.05121379,0.08486027,0.045749895,0.07166325,0.057825644,0.05291776,0.082582615,0.061271157,0.02689294,0.052765332,0.0722272,0.104856126,0.04495215,0.081561014,0.08061795,0.031608764,0.05337549,0.051834363,0.103366554,0.044378065,0.09215664,0.060956404,0.10895477,0.060588308,0.056233875,0.066892125,0.03408774,0.06487636,0.066475116,0.0600228,0.066816755
sizzle,0.02959358,0.06279095,0.06247337,0.07228326,0.058155272,0.064397775,0.10254385,0.11618855,0.062061228,0.07902767,0.06227529,0.041742258,0.053094953,0.04141049,0.06595286,0.051124837,0.11372031,0.05621335,0.037916116,0.045686234,0.048060372,0.07091381,0.03923407,0.052321892,0.050127164,0.041801,0.09836133,0.06482108,0.06580432,0.061591092,0.059718583,0.09825271,0.049537275,0.09120204,0.051043916,0.035871852,0.05499199,0.058003925,0.034909174,0.04632224,0.059746936,0.04116664,0.05811513,0.043347035,0.047240578,0.09473365,0.07438797,0.06945962,0.06563182,0.072528765,0.055243414,0.075875774,0.073103815,0.08695913,0.055575524,0.058589403,0.067935735,0.0621119,0.12725976,0.06607173,0.03882067,0.06787119,0.07557916,0.061262064,0.05454448,0.07591357,0.086548395,0.07333929,0.0,0.045625668,0.045325335,0.061430283,0.05775129,0.08078215,0.074213564,0.0475077,0.066217646,0.085997485,0.053502116,0.083632566,0.0946574,0.05785746,0.061887167,0.060805727,0.058203343,0.05428518,0.034707546,0.04967382,0.07105903,0.061222605,0.06150397,0.08149134,0.0672024,0.09885628,0.06334713,0.0639861,0.06537209,0.04182827,0.068312615,0.06148133,0.045642044,0.060639963,0.07550611,0.05402618,0.065148115,0.0900375,0.0752957,0.06480459,0.07386005,0.07348967,0.059444547,0.06991815,0.07772394,0.071153305,0.057018787,0.058334652,0.08204622,0.1770165,0.07736529,0.046010144,0.054296464,0.06515108,0.04369262,0.057647534,0.06941929,0.075128056,0.07918411,0.08825088,0.062879905,0.06461759,0.060607944,0.051306143,0.066982575,0.048427287,0.08244841,0.04575804,0.06474457,0.056928758,0.06280986,0.042766016,0.054846406,0.05817049,0.09152181,0.057719562,0.11940441,0.06752302,0.06940841,0.055297296,0.07383527,0.050482698,0.06181118,0.070174515,0.047969095,0.059187915,0.055672385,0.0563172,0.07159578,0.054061603,0.029570594,0.065229565,0.07427765,0.06466922,0.07942259,0.09352567,0.06635438,0.06223907,0.050959073,0.07969242,0.0818663,0.058771834,0.06759814,0.052382644,0.07500222,0.060896873,0.056351673,0.07261782,0.057014957,0.058197685,0.055752322,0.08124917,0.07594873,0.053168647,0.10109187,0.09215029,0.041779876,0.07134811,0.055886228,0.055579893,0.071669765,0.05066094,0.05550126,0.034194387,0.088353105,0.06229543,0.07259933,0.06906531,0.04975057,0.03704769,0.06345887,0.062893696,0.08985074,0.054902267,0.065128095,0.0676912,0.14930888,0.06534311,0.064350516,0.06730342,0.043419078,0.072396755,0.08400668,0.047147725,0.038932327,0.06039914,0.05705932,0.08302734,0.04762551,0.08564783,0.06610358,0.07111587,0.07993395,0.047386937,0.07232176,0.054379612,0.069674075,0.06449258,0.07198451,0.05198528,0.03690304,0.05820232,0.05847675,0.083708785,0.06110198,0.10030196,0.07812225,0.051378325,0.08314415,0.07055712,0.06092514,0.06266122,0.058947183,0.036660522,0.06147497,0.036684312,0.06330305,0.060607668,0.068488486,0.060232878,0.07319706,0.094254255,0.05346545,0.0681551,0.04878829,0.03005598,0.034818135,0.072282605,0.06309508,0.05034201,0.07098137,0.06044682,0.07437364,0.056479122,0.07132717,0.041964103,0.05604168,0.06292936,0.07371061,0.06435845,0.07067592,0.056853186,0.056726642
sear,0.048995268,0.0737833,0.058498584,0.067731105,0.056465358,0.07313731,0.094844766,0.10521461,0.064452395,0.07374118,0.06301429,0.049998075,0.05661344,0.048581477,0.063207895,0.05184337,0.10343418,0.058999237,0.049660083,0.04207396,0.048995543,0.08486222,0.046257254,0.02407587,0.056789625,0.04673255,0.086800516,0.056150287,0.06597508,0.044827726,0.058223218,0.089572765,0.047207143,0.08186165,0.05490801,0.044108324,0.05429091,0.060723566,0.03231577,0.05768784,0.06550401,0.038052373,0.06904865,0.045052193,0.04564736,0.08708879,0.079556085,0.06556036,0.07284753,0.08282991,0.06430852,0.06675017,0.08283125,0.09581809,0.07005607,0.06829065,0.0608635,0.05995531,0.11373519,0.06506753,0.029444808,0.077943206,0.07961055,0.068071485,0.05282755,0.0835217,0.0942827,0.07174125,0.045625668,0.0,0.034587722,0.060879257,0.053414233,0.09033202,0.07360097,0.056783717,0.07617392,0.07486721,0.054103706,0.09532402,0.09748433,0.06620699,0.058450516,0.05995113,0.063700445,0.057489812,0.041260697,0.05265327,0.063256934,0.06297397,0.056287028,0.07435495,0.07345968,0.08840981,0.062921554,0.05838125,0.06270082,0.041171703,0.061625395,0.06533346,0.01930354,0.06945692,0.082016505,0.06056735,0.07862361,0.08685074,0.066280395,0.06643812,0.073804304,0.07036229,0.06295984,0.07126689,0.083367325,0.069756866,0.06023373,0.06481633,0.07285853,0.16589758,0.083184086,0.05509044,0.05181444,0.062675,0.04448966,0.055229597,0.06464627,0.06756341,0.079834715,0.07150919,0.056678634,0.063693196,0.058127835,0.051642716,0.07545071,0.049819876,0.075398594,0.03992116,0.071727745,0.060983185,0.055427518,0.056587923,0.048372764,0.055061728,0.09002231,0.052577958,0.1035778,0.061698996,0.06135068,0.05749544,0.08261328,0.061951913,0.06246209,0.071258314,0.054682918,0.05810865,0.058235824,0.06374753,0.07033105,0.06364799,0.04521407,0.07341441,0.07597295,0.06841813,0.07153877,0.08935948,0.065319635,0.070015125,0.052031334,0.06947761,0.08337973,0.06717707,0.06776099,0.0517176,0.073392406,0.0683715,0.058823194,0.07760711,0.061515976,0.054761615,0.047489014,0.08785996,0.08819215,0.05813177,0.089166336,0.097496696,0.045383826,0.08106985,0.0525232,0.05524394,0.061462443,0.060782578,0.06056646,0.037599765,0.09661512,0.062180415,0.07414975,0.06539091,0.042648975,0.04066283,0.06872303,0.057692476,0.08098548,0.053135622,0.07331582,0.06980588,0.13635455,0.075308114,0.070978574,0.06460444,0.04362524,0.084192544,0.07262256,0.0528984,0.0368305,0.06752307,0.056656517,0.075073354,0.047509596,0.079851076,0.06358966,0.06830018,0.08859682,0.057554644,0.0790597,0.058397412,0.07872139,0.06823015,0.062243115,0.0544364,0.053381495,0.052263897,0.05831725,0.089384004,0.067808636,0.10543979,0.086059935,0.052760907,0.09005945,0.060880017,0.064388394,0.07254924,0.060455505,0.053893697,0.063800454,0.03592538,0.07001101,0.066430576,0.078605056,0.069044076,0.072982386,0.08388677,0.062452175,0.07588891,0.045165192,0.0438169,0.031369485,0.06884278,0.06785562,0.053786572,0.0810131,0.06334963,0.08653143,0.05814226,0.081744745,0.04055418,0.06164281,0.072510235,0.07025179,0.07209297,0.07885367,0.06323847,0.06598318
caramelized,0.040357433,0.054058995,0.05401178,0.061054945,0.043823164,0.052656077,0.09898928,0.10978631,0.059900116,0.06986225,0.051057864,0.038589947,0.045395304,0.043347448,0.050496016,0.047540158,0.109262936,0.047603212,0.040411185,0.040550053,0.043148052,0.0643477,0.0422269,0.041021742,0.044410028,0.03752391,0.09371263,0.061800472,0.053540055,0.056323476,0.05044187,0.09149498,0.048355706,0.08437679,0.04126215,0.041232936,0.04674051,0.05121451,0.040992778,0.04600498,0.0480527,0.033869997,0.051488392,0.04691459,0.037368007,0.08851451,0.06418756,0.061388012,0.06262875,0.061840124,0.050195277,0.07185316,0.07147158,0.07750736,0.053849086,0.05789952,0.05830886,0.060932595,0.119796485,0.056404304,0.042596493,0.058959156,0.06730309,0.058516316,0.0431662,0.06947094,0.080187276,0.065003246,0.045325335,0.034587722,0.0,0.052301362,0.035417676,0.07712214,0.066606745,0.041303836,0.056983817,0.07680238,0.043939542,0.07947536,0.090677716,0.051250476,0.056064114,0.04902874,0.04695006,0.045744546,0.03887199,0.03525615,0.06403547,0.046509624,0.05342236,0.076495275,0.055765167,0.09230756,0.049799293,0.056792714,0.060174022,0.03526667,0.05852058,0.053753003,0.04078894,0.050267033,0.068958335,0.050887123,0.060754985,0.08677009,0.06874136,0.053534474,0.06598273,0.064058855,0.045085665,0.06365933,0.069880776,0.061172154,0.048239082,0.047486193,0.071203105,0.17301269,0.067388244,0.051046394,0.04534858,0.05499594,0.0489967,0.05357674,0.05691161,0.06446432,0.07046895,0.083242044,0.05444633,0.05554148,0.053933937,0.04699938,0.05554461,0.045085706,0.07369801,0.039334342,0.056215733,0.045150794,0.051908847,0.052161437,0.046194077,0.044575512,0.08970897,0.04202597,0.11788252,0.0589169,0.055951394,0.04613579,0.069308534,0.04928703,0.04939231,0.06317227,0.039946064,0.049049515,0.048000727,0.044102836,0.061964806,0.055182043,0.045468654,0.055002246,0.06415612,0.053841364,0.0698269,0.087014176,0.05823577,0.053684425,0.04305687,0.070192285,0.07388681,0.048727907,0.06255162,0.049020477,0.06522959,0.049817327,0.050309833,0.06411397,0.049351115,0.04861397,0.03756497,0.07705722,0.07429308,0.047711194,0.09549775,0.08888545,0.037021626,0.062943295,0.041949544,0.04779565,0.06510006,0.050508413,0.043070313,0.038887955,0.08604567,0.052999124,0.06371432,0.061642982,0.046534445,0.042772494,0.054880466,0.05677781,0.08216402,0.044976413,0.05761443,0.056418024,0.14391138,0.057787497,0.054858588,0.05751534,0.034861784,0.06694525,0.078346945,0.038200524,0.04057652,0.051949907,0.04860249,0.072843954,0.039640885,0.07708645,0.050647356,0.05924956,0.076154284,0.03385023,0.06380467,0.042856,0.061214503,0.053204827,0.0668125,0.042392094,0.055452593,0.046210237,0.046366867,0.07977636,0.047663525,0.09695073,0.07188129,0.04143446,0.08040819,0.0633661,0.050483238,0.05601544,0.04674956,0.049709786,0.05037204,0.040419858,0.0567959,0.046608258,0.06323314,0.048924845,0.0681588,0.087154076,0.046465144,0.064194344,0.03979489,0.040407978,0.04450487,0.06281753,0.053286992,0.04565595,0.06795034,0.048605397,0.06917185,0.045186143,0.069490954,0.032440133,0.04639875,0.05154066,0.06546779,0.052637286,0.062355667,0.044977635,0.04610787
unroll,0.056690723,0.05135354,0.037480585,0.03165914,0.052666366,0.048318204,0.070952274,0.08364346,0.037704144,0.047056407,0.0318654,0.042923868,0.038665112,0.05357366,0.030092673,0.03715014,0.083307326,0.025982073,0.045900177,0.041777138,0.06414631,0.07482592,0.05952896,0.060574938,0.033290993,0.058219407,0.07164191,0.048144866,0.029923983,0.048795376,0.033369686,0.06555677,0.038448624,0.05789595,0.066047505,0.05915684,0.029666157,0.036057085,0.05571655,0.057614658,0.038533952,0.038278937,0.055508204,0.046762876,0.038488686,0.06176185,0.062418528,0.032178648,0.08529644,0.0846629,0.055431202,0.052704103,0.05666812,0.080280095,0.06466244,0.07076064,0.042186394,0.042185366,0.09572088,0.033303995,0.06905657,0.060578443,0.042397078,0.040448215,0.040182464,0.048065837,0.09352063,0.03243753,0.061430283,0.060879257,0.052301362,0.0,0.0496572,0.061424516,0.03425488,0.050809495,0.06812766,0.056551144,0.028444827,0.06893603,0.064880446,0.05592446,0.04152864,0.031875316,0.036607545,0.042119738,0.046563376,0.037332337,0.046441074,0.054033987,0.030282928,0.054408267,0.04176508,0.06691335,0.03925035,0.027020918,0.04345481,0.046595935,0.047754906,0.040506296,0.06890969,0.053420477,0.05249364,0.043492258,0.06520538,0.06007925,0.047153834,0.037474405,0.038839206,0.03249118,0.03725392,0.042904597,0.05323904,0.045695443,0.033665802,0.05231383,0.049718678,0.16064309,0.06855823,0.07822481,0.032313928,0.025071645,0.0754122,0.04099194,0.0333473,0.043168295,0.038065497,0.06936694,0.03852461,0.03936734,0.03651892,0.042404693,0.057526395,0.040093083,0.045886986,0.039183658,0.047516614,0.05344982,0.038265258,0.073643744,0.03432129,0.039106533,0.063933395,0.04138189,0.10016538,0.038405627,0.03898211,0.028581513,0.0905942,0.063100256,0.028693553,0.031233272,0.045510255,0.027973315,0.039831437,0.04533964,0.037328534,0.07636823,0.06780938,0.039381478,0.033142254,0.04576326,0.04360335,0.057315383,0.032557435,0.059181243,0.042544432,0.049730703,0.041135713,0.048567478,0.04035789,0.033603776,0.032532103,0.045203272,0.039016686,0.039063692,0.039444577,0.038823497,0.047362596,0.05646237,0.08583739,0.0317311,0.07392714,0.06881191,0.03691138,0.06504735,0.049397733,0.029615749,0.051183578,0.069512986,0.039946306,0.05323132,0.07016759,0.027318714,0.03126928,0.03762746,0.03673911,0.06704473,0.030785613,0.041642368,0.051335957,0.028992921,0.05372705,0.027703535,0.11914776,0.06898878,0.050008945,0.035154935,0.043312836,0.07901925,0.05680398,0.05149285,0.052023157,0.051014885,0.025107548,0.046771955,0.035905555,0.052926384,0.06265987,0.030462764,0.06043147,0.051987816,0.053200826,0.04142828,0.061187953,0.06901744,0.046974525,0.036409657,0.08082598,0.041591264,0.03804859,0.058717377,0.04413263,0.07458732,0.05606244,0.045328062,0.058369543,0.049172204,0.04841085,0.06010497,0.039875776,0.07056613,0.0365782,0.057111975,0.051802292,0.042979497,0.06840095,0.050761744,0.04088763,0.06340315,0.055516373,0.08513504,0.032420266,0.065760665,0.06742212,0.03624507,0.041064687,0.03981614,0.084802344,0.03563326,0.07837988,0.046251584,0.08995603,0.04314305,0.04451749,0.056288086,0.037215073,0.052291982,0.05889188,0.04579117,0.053335037
sweeten,0.049897447,0.053157914,0.0472733,0.057944104,0.0486652,0.05212404,0.09464175,0.105951875,0.058628906,0.06659383,0.047724307,0.045508467,0.046552293,0.04938276,0.051114015,0.043133732,0.10385853,0.042483773,0.04373664,0.042043976,0.051897246,0.06840141,0.055021502,0.056502853,0.044334557,0.04756797,0.09059416,0.06280161,0.051764376,0.06040465,0.04635117,0.08703418,0.052971,0.07960569,0.05190833,0.054191116,0.04642323,0.049854968,0.053910833,0.0506948,0.047134023,0.04117972,0.050899856,0.049897812,0.031682182,0.08583661,0.0579931,0.055857174,0.071010865,0.0697581,0.051728737,0.07197418,0.07242217,0.077566504,0.05857577,0.05995087,0.051255178,0.060191497,0.11241049,0.047334626,0.059063636,0.05934758,0.063126616,0.056347508,0.037644997,0.06622252,0.074577786,0.060546093,0.05775129,0.053414233,0.035417676,0.0496572,0.0,0.07537446,0.061294083,0.046347596,0.05955784,0.068211816,0.0442748,0.07829132,0.08786761,0.05061017,0.047425322,0.0492069,0.043641686,0.042505488,0.045972552,0.038556453,0.05721221,0.042911608,0.05236312,0.06837817,0.052693754,0.09033228,0.04896496,0.055430282,0.062314842,0.03771529,0.0490839,0.04800187,0.058883317,0.04910989,0.067410365,0.049448527,0.062534206,0.08390683,0.06540859,0.049857713,0.061846044,0.05876943,0.034569316,0.06268476,0.06771624,0.055737093,0.046424415,0.04110642,0.061863527,0.17138745,0.061431397,0.065254,0.04328312,0.0518588,0.06476397,0.05447026,0.052470356,0.061564375,0.0664838,0.07975873,0.05210861,0.051927287,0.05051917,0.050741553,0.05409185,0.04801824,0.06886383,0.047314126,0.05214799,0.047393117,0.05236801,0.062152192,0.045212477,0.03704641,0.08671863,0.03355917,0.11793366,0.05278466,0.05134434,0.044376183,0.07489246,0.054552834,0.046262894,0.060048774,0.038391106,0.04502105,0.049176734,0.04368799,0.055764463,0.06473054,0.058631144,0.053022385,0.060340308,0.053162254,0.063234255,0.08403121,0.0534903,0.05528476,0.046281073,0.0658894,0.0695675,0.051869575,0.06087952,0.051591013,0.06167982,0.05142901,0.046061903,0.06124978,0.04522578,0.03817369,0.03543884,0.07446564,0.07375937,0.04504745,0.09251132,0.086557284,0.042482458,0.060900126,0.04497108,0.04497236,0.05828837,0.05750578,0.04635022,0.049878206,0.08455735,0.0496394,0.058766022,0.056706477,0.048729874,0.058320083,0.05218569,0.054264165,0.07900593,0.046998564,0.056774355,0.054232344,0.1393657,0.060592685,0.052718908,0.050864708,0.04052078,0.06782284,0.076878056,0.045507953,0.048116542,0.051881775,0.0463981,0.06517472,0.043641623,0.07065479,0.055320255,0.053570926,0.07430117,0.039311763,0.061681233,0.03522524,0.058750927,0.05628913,0.06319395,0.03531787,0.06990957,0.035221525,0.03804374,0.07708749,0.049060408,0.09447114,0.069815,0.040859915,0.07774588,0.056299254,0.050800826,0.057069562,0.044614263,0.062186025,0.04759069,0.05296878,0.056179438,0.04929928,0.060330067,0.049421366,0.06597028,0.08343575,0.0492504,0.07077975,0.042012364,0.055528536,0.061346844,0.058817577,0.048172843,0.045246553,0.071145914,0.039722815,0.069962524,0.041539088,0.074292056,0.04004622,0.046518765,0.053527474,0.059739463,0.046114597,0.061901,0.046012178,0.04853609
flake,0.076119244,0.06716684,0.073525585,0.06753967,0.07962514,0.06141551,0.1085224,0.11626661,0.070041634,0.080647446,0.06335401,0.07013144,0.06065426,0.076598965,0.064633295,0.0732866,0.11256826,0.0608779,0.068667784,0.07719446,0.08455808,0.070339546,0.0820368,0.09471481,0.060206056,0.082559496,0.103763856,0.08735647,0.06003999,0.084900655,0.067452185,0.099148676,0.06753216,0.09436635,0.08306547,0.0811256,0.051877324,0.053922888,0.0796147,0.0685652,0.05341794,0.069178134,0.059723366,0.07657635,0.0725983,0.09819345,0.07819196,0.07240386,0.09408975,0.09304107,0.07054658,0.090745725,0.031841137,0.06289129,0.07184497,0.0759842,0.07823791,0.059642434,0.12947121,0.05921239,0.092116885,0.07045927,0.033871606,0.042541564,0.07430378,0.02429903,0.09641977,0.059180476,0.08078215,0.09033202,0.07712214,0.061424516,0.07537446,0.0,0.052847892,0.070484266,0.0761748,0.09293466,0.064794265,0.019891685,0.04595612,0.07553781,0.074827045,0.054089922,0.059779122,0.068601646,0.07738855,0.06484881,0.08230349,0.06578202,0.07060112,0.089681774,0.041991863,0.10339096,0.06857251,0.06690868,0.07875011,0.07794312,0.084501594,0.053506363,0.09625859,0.06868248,0.022311838,0.048254102,0.06696114,0.06745721,0.085702255,0.05872031,0.05129518,0.07219576,0.06414688,0.041739624,0.023844995,0.07164847,0.060259145,0.061385915,0.083992735,0.18196449,0.08090028,0.0950407,0.071587555,0.06645092,0.095386095,0.07844861,0.07310385,0.07019286,0.046251845,0.1063971,0.078412704,0.068412766,0.07593921,0.07456153,0.058077775,0.075774744,0.08316467,0.07484289,0.06289206,0.06992068,0.07620664,0.089077845,0.07241258,0.072602294,0.06670953,0.07618471,0.13477953,0.07738391,0.066401824,0.053481523,0.09497268,0.07929468,0.06278494,0.05678237,0.058268182,0.0644369,0.06283921,0.064632446,0.070555486,0.088174224,0.08106524,0.053683687,0.05019617,0.06685479,0.08635604,0.06907425,0.06335149,0.07251362,0.06779542,0.087460406,0.044544745,0.05214225,0.07764873,0.06920206,0.057022683,0.042506076,0.05631258,0.034105457,0.06622045,0.06740734,0.07978937,0.021080516,0.08302878,0.05458643,0.11022167,0.029804105,0.06481621,0.07807327,0.07361197,0.06325066,0.08704282,0.082748376,0.058690283,0.082973644,0.023394318,0.05739816,0.0465329,0.07107082,0.07754448,0.08695729,0.04239585,0.07369843,0.08678844,0.06729815,0.05726732,0.05968261,0.15059194,0.075282514,0.06975458,0.06995672,0.06985602,0.083161734,0.09669294,0.06895823,0.08119882,0.06663748,0.065721005,0.08343447,0.06832759,0.06603464,0.07380619,0.06730864,0.017946884,0.066227056,0.05779378,0.062072292,0.07622835,0.08363443,0.0857467,0.060471863,0.096872255,0.077087246,0.06945865,0.027005991,0.060126245,0.039104477,0.02406472,0.072070986,0.02716682,0.086738594,0.06961482,0.07034097,0.06813533,0.08302786,0.06693753,0.08550681,0.064155765,0.056014363,0.06795965,0.061535046,0.050014164,0.10099476,0.071800195,0.0933075,0.06781028,0.08367163,0.09123011,0.07625699,0.06606948,0.06774795,0.088607736,0.053516198,0.086620316,0.06652381,0.097542986,0.07128557,0.059088368,0.06588268,0.07629079,0.06296348,0.066767894,0.06512943,0.05722965
tuck,0.07284312,0.070357375,0.041169167,0.028740576,0.06581667,0.063879445,0.06715061,0.07123277,0.041882474,0.041792266,0.042455077,0.061064184,0.043998428,0.06538156,0.036876727,0.047395665,0.07025071,0.03812407,0.0625329,0.054219138,0.08063924,0.08810531,0.07646045,0.06994428,0.049738236,0.07427854,0.061623257,0.049598653,0.033586953,0.051377308,0.04193041,0.056188945,0.044217415,0.05473309,0.08406045,0.07808345,0.033557598,0.041410487,0.0698857,0.07093325,0.04860575,0.052109815,0.06944664,0.056593303,0.053217642,0.055747487,0.07707238,0.032396577,0.10372548,0.10210973,0.07052746,0.048342638,0.054800365,0.08700457,0.08074381,0.085772656,0.04405098,0.03292226,0.084906034,0.031297937,0.084904,0.079746164,0.030041056,0.03653831,0.05408035,0.04030686,0.107730724,0.023801861,0.074213564,0.07360097,0.066606745,0.03425488,0.061294083,0.052847892,0.0,0.066577174,0.082638524,0.050748292,0.041138135,0.0639138,0.04557144,0.07393678,0.044281777,0.034683093,0.052743766,0.05416691,0.06166079,0.05346677,0.045658004,0.06647156,0.03524355,0.048464455,0.046708785,0.058957938,0.044839613,0.031667158,0.05187769,0.062230173,0.05282873,0.039639447,0.08212182,0.07000654,0.042570725,0.046416596,0.079543635,0.040530514,0.045627173,0.044481315,0.027499827,0.03401284,0.05142263,0.03426386,0.046203602,0.043852948,0.040854428,0.06364294,0.043816343,0.15666388,0.08366078,0.09628564,0.046081886,0.03201702,0.092778176,0.052634507,0.0398609,0.040032044,0.021130363,0.06563655,0.04409428,0.039516665,0.04111549,0.057793215,0.065969475,0.05747072,0.04312998,0.055374824,0.062063873,0.06967809,0.047017522,0.08957868,0.043951966,0.046476815,0.04328334,0.0538895,0.09361901,0.041618656,0.03755946,0.035151545,0.108495586,0.08321002,0.04089348,0.023836166,0.057035305,0.037508562,0.048668712,0.060744874,0.035618696,0.09384194,0.08089948,0.054053072,0.027894123,0.051272094,0.043918703,0.03951204,0.03164098,0.07284433,0.055291053,0.045442186,0.025789686,0.05864524,0.050028067,0.040816933,0.024151854,0.050373517,0.039035928,0.032447703,0.05637414,0.04349547,0.061285976,0.04442837,0.09989855,0.036863316,0.06624487,0.05216308,0.052213646,0.08364981,0.062439736,0.036789555,0.0511016,0.087199345,0.05651957,0.06904343,0.058538944,0.031241411,0.0228862,0.033597026,0.049711443,0.08408912,0.038247414,0.041410968,0.0415913,0.042256664,0.056759313,0.035830647,0.10686421,0.08709214,0.06848121,0.03619881,0.059558004,0.09622995,0.053842664,0.06928624,0.06427385,0.06505226,0.03775848,0.041729767,0.04893073,0.03794785,0.075402364,0.03255257,0.050815668,0.066386744,0.054028682,0.05481165,0.07863448,0.08677919,0.04525729,0.045138136,0.09624871,0.051121768,0.053188514,0.042673714,0.057097457,0.056226134,0.050635185,0.060286447,0.04489885,0.04974536,0.060181677,0.075048454,0.051760275,0.08395722,0.04917233,0.071611285,0.056033608,0.055230934,0.08048552,0.06066568,0.02609811,0.057024244,0.07159112,0.10337254,0.046524126,0.081195034,0.08073753,0.039115265,0.054925848,0.052815564,0.10161082,0.042454194,0.09465637,0.059560042,0.10834254,0.061442535,0.05586159,0.06630156,0.039278425,0.06460885,0.06441481,0.05915048,0.0656112
stop,0.03175166,0.042035066,0.052767027,0.06199005,0.04490521,0.042463645,0.10320499,0.115956604,0.060126133,0.071679264,0.0450752,0.03498048,0.041407593,0.041310687,0.053483754,0.048501555,0.11601061,0.04364259,0.03651568,0.045704033,0.050246917,0.05414194,0.039161235,0.06456374,0.039125625,0.041549496,0.101248436,0.069694296,0.05410615,0.06716467,0.048917755,0.096650295,0.051248927,0.09026834,0.042688124,0.040297933,0.045403868,0.049871333,0.046575196,0.03903243,0.03942844,0.042683363,0.039356533,0.0495906,0.03998655,0.093379825,0.05465251,0.06394062,0.056517575,0.05849389,0.04203567,0.07803242,0.066254705,0.07105864,0.038207415,0.049468655,0.06426991,0.063563384,0.12838493,0.055038605,0.052473873,0.04670203,0.06551623,0.054167613,0.048487466,0.06277799,0.070848666,0.06564886,0.0475077,0.056783717,0.041303836,0.050809495,0.046347596,0.070484266,0.066577174,0.0,0.03934368,0.08299001,0.03845298,0.07145739,0.08875708,0.041897636,0.057464518,0.05118294,0.038864363,0.03739517,0.039139383,0.03095947,0.069502294,0.04596022,0.053770754,0.080686465,0.050528057,0.09878124,0.04616726,0.06015474,0.06313209,0.043065883,0.06448701,0.049528245,0.060738403,0.03654508,0.065661274,0.04201634,0.048444264,0.088641465,0.073925026,0.053268697,0.06491481,0.06180529,0.0406356,0.063434936,0.06533755,0.059811056,0.041294266,0.043533426,0.07802782,0.1793334,0.056736074,0.04994407,0.04263659,0.05570573,0.054022633,0.056080807,0.0539319,0.06966199,0.069644496,0.09427752,0.053712796,0.052737877,0.051716715,0.04779818,0.043205153,0.04561312,0.07768626,0.047161985,0.045479644,0.04001555,0.057909172,0.04824893,0.05174326,0.049315326,0.09165984,0.049887374,0.12718661,0.060163435,0.062603906,0.04413419,0.06297477,0.04009281,0.041743465,0.0643264,0.03780001,0.046281446,0.04546577,0.035703253,0.06163447,0.050398946,0.045486577,0.04675099,0.062057395,0.045492537,0.07168838,0.09005872,0.05571901,0.034400485,0.043621548,0.077640206,0.07287301,0.04164511,0.061987817,0.05123137,0.06609874,0.04487237,0.05115221,0.06098439,0.04115868,0.05144843,0.04999638,0.073298454,0.06288287,0.04148747,0.10114455,0.08599318,0.038365718,0.048124507,0.049497783,0.048484594,0.07269131,0.042843513,0.034878593,0.041161824,0.08095925,0.052268837,0.062329825,0.06090906,0.052133936,0.04536672,0.049576044,0.059975453,0.08833711,0.04475861,0.049687807,0.05396536,0.15126108,0.048544474,0.04586254,0.057693597,0.036517028,0.05316173,0.08405917,0.031423546,0.04579462,0.0416388,0.04955266,0.07538411,0.032539163,0.080980815,0.056292407,0.056197707,0.071031585,0.032343633,0.055318862,0.032976005,0.04961488,0.052282367,0.07175621,0.036801662,0.055632558,0.051871493,0.046135712,0.07625537,0.03677617,0.09403359,0.06516455,0.04555799,0.076705955,0.069520704,0.03470663,0.044331096,0.0351784,0.048998855,0.04068802,0.045858372,0.049298916,0.038135953,0.049303304,0.035534628,0.06846457,0.09277558,0.027403656,0.057879493,0.038532518,0.040638663,0.053427376,0.060487647,0.042865835,0.043224078,0.058572385,0.0416511,0.048514064,0.042861998,0.06357992,0.03076398,0.037566997,0.038265098,0.0629238,0.03914075,0.05289521,0.031319484,0.036899947
settle,0.050167553,0.042213757,0.07507874,0.07978902,0.06300955,0.044964153,0.12404534,0.13714014,0.08039949,0.09260357,0.06189698,0.052477352,0.05920422,0.060726263,0.071172014,0.06979641,0.13820203,0.0607128,0.05392631,0.06749763,0.05955766,0.048202608,0.060562216,0.087021835,0.055472508,0.06008195,0.12433998,0.09470133,0.07097384,0.08941132,0.06726487,0.11791336,0.075513914,0.11152071,0.04891624,0.058519226,0.06341826,0.06481627,0.06667412,0.049067825,0.047918737,0.06333372,0.04102207,0.07219349,0.061497055,0.11420961,0.05212782,0.08492602,0.05007134,0.05625597,0.048762593,0.10265708,0.07644206,0.06577103,0.041976284,0.049643055,0.08430726,0.083623916,0.14976785,0.07241419,0.07005457,0.042480405,0.07610062,0.069754004,0.06736831,0.07016412,0.059838243,0.08415648,0.066217646,0.07617392,0.056983817,0.06812766,0.05955784,0.0761748,0.082638524,0.03934368,0.0,0.10581834,0.060268328,0.071639664,0.10236309,0.04653229,0.07646198,0.0684015,0.046458583,0.048501834,0.060853794,0.048550684,0.090992354,0.054713387,0.0764596,0.10261403,0.05688279,0.120014764,0.06541423,0.08080582,0.08043356,0.061786566,0.08553277,0.06547975,0.07945436,0.036887977,0.07516097,0.057171643,0.04839655,0.10708358,0.094883285,0.06396009,0.079398476,0.08159685,0.05035668,0.07889698,0.073422,0.07624942,0.06162567,0.04925198,0.097165205,0.19620235,0.05040376,0.06080677,0.0634808,0.07374967,0.06666923,0.07581259,0.07335846,0.088195994,0.0844605,0.11816313,0.07517011,0.07291334,0.07697949,0.06505308,0.044248246,0.06341678,0.09871662,0.06992483,0.051054936,0.04747994,0.079564296,0.0608073,0.073894344,0.068634756,0.10974273,0.06819017,0.15263535,0.078808725,0.082540125,0.058915135,0.054033287,0.04794662,0.056295455,0.081883796,0.049618337,0.063587606,0.06036133,0.044141706,0.07959783,0.054753445,0.06259256,0.052256092,0.07653744,0.06264104,0.09310816,0.109551065,0.07518483,0.02149181,0.058800492,0.099350765,0.086657606,0.044259522,0.07787344,0.07458918,0.08318408,0.05328585,0.06832422,0.07197182,0.053515136,0.07063086,0.06658893,0.0825862,0.054341786,0.05910902,0.12573507,0.0960317,0.05760061,0.04435535,0.06425009,0.07025825,0.094170846,0.04487449,0.04708776,0.06314974,0.08915703,0.0689829,0.076943584,0.081214316,0.07493326,0.061185054,0.061126333,0.08103111,0.10848104,0.06504528,0.058774587,0.06926542,0.17328285,0.03903877,0.04663387,0.07668262,0.051871873,0.043204103,0.10814633,0.040720817,0.069474086,0.048408348,0.06807099,0.094833136,0.055522732,0.09935686,0.06255391,0.072571,0.078232914,0.043529306,0.06323727,0.04647245,0.0468043,0.050517205,0.095169984,0.05558377,0.07022043,0.07160532,0.059634574,0.08640032,0.04429858,0.10454271,0.07062293,0.060775742,0.08775818,0.09293031,0.035331823,0.047032036,0.042949248,0.06341874,0.056255907,0.06864636,0.061223987,0.049001858,0.040946428,0.04247864,0.087206766,0.11600216,0.022740232,0.050095618,0.059146415,0.057099503,0.075116046,0.08065329,0.05546224,0.060006183,0.05151376,0.056712497,0.045891684,0.049476612,0.057293795,0.04517119,0.04543783,0.046260983,0.08311021,0.03874065,0.057500925,0.032210097,0.040979948
moisten,0.08786106,0.09556703,0.03851473,0.046765193,0.06924376,0.092050605,0.047364507,0.050469704,0.05094762,0.04030989,0.06163481,0.079550005,0.06525515,0.07707181,0.056834813,0.052361842,0.044088297,0.05993044,0.07893012,0.057462074,0.08958123,0.11461062,0.088567905,0.062939115,0.072826944,0.081340946,0.03493805,0.037357148,0.055616543,0.04705554,0.05221256,0.035381783,0.05465715,0.039512202,0.09696839,0.09176607,0.057282843,0.063202396,0.080276445,0.08944645,0.07576465,0.06075173,0.09531016,0.06037411,0.05694439,0.041334197,0.09511083,0.04122746,0.12282304,0.118630506,0.09231427,0.035763986,0.0895485,0.1179749,0.103196196,0.106959164,0.042458992,0.048409063,0.05412606,0.049061004,0.09178063,0.1039689,0.06964539,0.06560193,0.05855359,0.08137253,0.12564085,0.046956893,0.085997485,0.07486721,0.07680238,0.056551144,0.068211816,0.09293466,0.050748292,0.08299001,0.10581834,0.0,0.059269752,0.10363461,0.075044565,0.091596484,0.04101238,0.05730963,0.07936187,0.067314014,0.07062956,0.07072441,0.029349197,0.08144428,0.045222078,0.02536887,0.0806825,0.039449733,0.05710266,0.045284722,0.058313437,0.06915576,0.040055566,0.06125939,0.08236895,0.091833815,0.08082476,0.07349437,0.10467349,0.053652268,0.034129065,0.069751404,0.057240557,0.045335755,0.07119524,0.06518051,0.08407389,0.05628749,0.0586913,0.082358316,0.033675876,0.13958961,0.10263604,0.108569875,0.052665886,0.04938462,0.10333579,0.05359107,0.046603348,0.04681575,0.061476048,0.03429778,0.041249365,0.050455797,0.040622078,0.06713675,0.09399174,0.06598795,0.03202697,0.06282156,0.0860303,0.08674581,0.04676718,0.10200408,0.044996556,0.05188199,0.057545293,0.054527134,0.06463197,0.039352786,0.04103874,0.06327162,0.12943424,0.09871144,0.060436122,0.050869968,0.07545078,0.055563472,0.06690697,0.08225939,0.05013134,0.11095328,0.09493634,0.0857305,0.06109775,0.067888916,0.03149977,0.050852496,0.04783331,0.09421466,0.06879696,0.025144715,0.062287383,0.08903971,0.058612324,0.05086144,0.052401774,0.08214773,0.055914704,0.071224615,0.071464226,0.046046577,0.06266302,0.08282386,0.12379884,0.059353102,0.038174182,0.08897044,0.06791722,0.10588285,0.071370475,0.049310688,0.030946117,0.10498411,0.08000215,0.07569339,0.095610544,0.055379007,0.060202293,0.042396624,0.04896938,0.095772356,0.07217435,0.04426764,0.03822461,0.05449968,0.08304256,0.06349414,0.07923603,0.11067322,0.09327216,0.049264677,0.075030744,0.11995188,0.032802608,0.08767411,0.06730871,0.08766622,0.05374587,0.031052679,0.06403582,0.045088224,0.09126381,0.049052075,0.08967335,0.085514486,0.08191215,0.073751114,0.10230511,0.10369364,0.027737293,0.061024427,0.1072343,0.050599474,0.06640029,0.079907306,0.08294594,0.090766475,0.08906135,0.07148451,0.08125084,0.023185609,0.07975816,0.09855688,0.067734964,0.098887555,0.06656617,0.07706253,0.077747524,0.07949075,0.10529298,0.084280826,0.052754402,0.033850025,0.09153315,0.12316202,0.059663735,0.09437675,0.08649267,0.045733165,0.07389932,0.0660235,0.12388262,0.06342588,0.11509418,0.07980192,0.12749062,0.075987324,0.08152029,0.088630505,0.042938832,0.08885669,0.08949172,0.0818266,0.09112343
rotate,0.046301637,0.04935445,0.035907086,0.035624433,0.046639808,0.04532445,0.07660519,0.08742142,0.038964376,0.047288276,0.025697196,0.037438534,0.03142941,0.04453177,0.03158829,0.03513359,0.08910551,0.025444988,0.04014492,0.036925495,0.059839003,0.06869339,0.05005633,0.055292346,0.03161619,0.051133834,0.074856035,0.04707287,0.030123876,0.046756916,0.029654212,0.068681374,0.035293084,0.06470941,0.059588227,0.05325861,0.028120412,0.036791608,0.04817833,0.0514259,0.035061765,0.0350121,0.048744228,0.041019913,0.034047276,0.06483426,0.057779614,0.03601274,0.07757339,0.07795859,0.049658872,0.053420782,0.061976336,0.07941889,0.05647349,0.06456558,0.04179728,0.044536643,0.100968406,0.03543321,0.061024338,0.05777828,0.048647642,0.04260773,0.03954279,0.05219034,0.08705752,0.0392057,0.053502116,0.054103706,0.043939542,0.028444827,0.0442748,0.064794265,0.041138135,0.03845298,0.060268328,0.059269752,0.0,0.07104651,0.070789866,0.05081476,0.04060712,0.030840427,0.03390048,0.037250876,0.039973214,0.029961688,0.04802288,0.052319862,0.026552109,0.05697271,0.04318155,0.07016548,0.033391178,0.034274805,0.043956608,0.04094876,0.047914967,0.03901326,0.0619029,0.048377633,0.055603325,0.038592562,0.060305934,0.06533633,0.04833627,0.040164385,0.042459164,0.033885647,0.034100223,0.048317224,0.056895684,0.04333824,0.026996331,0.049355842,0.052984506,0.16261251,0.06344981,0.06956573,0.027297953,0.02991886,0.066669,0.039449386,0.032070704,0.04802812,0.045635432,0.07116047,0.034825873,0.034136746,0.032132823,0.039054032,0.051293723,0.036901306,0.0509511,0.03945418,0.045920152,0.049876798,0.039800644,0.065294154,0.03332555,0.034299526,0.069891445,0.040632095,0.10280321,0.038706858,0.04241718,0.028162662,0.083707355,0.058478545,0.02658541,0.037977833,0.041765455,0.02903158,0.03558412,0.03728087,0.03862174,0.06796689,0.05876694,0.041711118,0.039566558,0.03667748,0.04577907,0.06441996,0.03176677,0.05160024,0.037727904,0.051644325,0.05083725,0.04432497,0.04188681,0.03155059,0.04014892,0.04215241,0.03768867,0.044934437,0.038607877,0.038243525,0.045050286,0.06235625,0.08023665,0.029481525,0.07557617,0.07461972,0.034507923,0.06096355,0.047861833,0.029996004,0.050980147,0.061333902,0.03723429,0.044438995,0.0745498,0.032240164,0.040373594,0.037671957,0.037046205,0.057841696,0.036730677,0.039242752,0.057157833,0.027811931,0.04856825,0.03271199,0.12367665,0.06617715,0.049248137,0.03477177,0.037662204,0.071644865,0.057851754,0.045401044,0.044330403,0.044916455,0.026355162,0.049836464,0.02362095,0.059275072,0.061397064,0.029215036,0.063639164,0.04335845,0.04966423,0.033906236,0.05778575,0.06525526,0.04789827,0.030138833,0.07196001,0.038338047,0.037638586,0.06356047,0.037692323,0.08082059,0.058971077,0.044218156,0.06462008,0.049525306,0.04121794,0.053819682,0.032589745,0.06202274,0.02860875,0.04956842,0.04577145,0.03795944,0.06259451,0.04264266,0.04678641,0.0663508,0.047161292,0.07783215,0.025891371,0.055979177,0.058560543,0.033726923,0.03833519,0.034330342,0.07745008,0.03404127,0.069709376,0.043034304,0.08319996,0.0369263,0.03723763,0.046078302,0.037953265,0.046323825,0.052682742,0.039196637,0.04790307
crumble,0.07697678,0.06518583,0.08176805,0.076342255,0.08279079,0.06058056,0.119562685,0.12867074,0.07915138,0.09047683,0.069568634,0.07236455,0.065714836,0.08036521,0.07130124,0.07975825,0.12541825,0.06588526,0.07217284,0.082960725,0.08598815,0.06594718,0.08443825,0.101613976,0.064561486,0.085012004,0.115421966,0.0969505,0.06741633,0.094141275,0.07346268,0.11099251,0.07646045,0.106520586,0.08217749,0.08258568,0.06004116,0.061507057,0.08422667,0.068076156,0.05558469,0.074020095,0.057490997,0.08305711,0.077804044,0.10950073,0.07655724,0.08184485,0.08984607,0.08897636,0.07103327,0.10153451,0.03586653,0.05780383,0.07068425,0.073640294,0.08749371,0.07003506,0.14180475,0.06795964,0.09484359,0.06794411,0.04102691,0.050189793,0.08013428,0.028747456,0.09041889,0.06898973,0.083632566,0.09532402,0.07947536,0.06893603,0.07829132,0.019891685,0.0639138,0.07145739,0.071639664,0.10363461,0.07104651,0.0,0.058074284,0.07581525,0.0825951,0.06194622,0.06141387,0.07139968,0.0819563,0.06855986,0.09181805,0.066491745,0.07934356,0.100085884,0.043277506,0.11504573,0.07458027,0.075949214,0.08566923,0.08203125,0.09230313,0.05974436,0.100724526,0.06656588,0.02907898,0.05270793,0.0663355,0.07982226,0.095784985,0.06462098,0.06138487,0.08150116,0.06590214,0.052598547,0.031687796,0.07881686,0.066688776,0.059268896,0.0942036,0.19192515,0.07803934,0.09421018,0.07853765,0.07498741,0.09597157,0.08549786,0.081572756,0.08002233,0.057770964,0.11753811,0.08623597,0.0760553,0.08439599,0.07965142,0.05654714,0.08080202,0.09378547,0.08052495,0.06532095,0.07017474,0.084575504,0.08883106,0.08057207,0.07916698,0.07889638,0.08187015,0.14741094,0.085381806,0.07542146,0.06011224,0.09001971,0.07822817,0.0678518,0.06550669,0.06007596,0.07193961,0.06864,0.06575075,0.079060785,0.087047815,0.082140245,0.05511033,0.060012147,0.07202915,0.09571572,0.082387984,0.07269763,0.07027043,0.072737925,0.09812777,0.055274535,0.05202184,0.08512286,0.07778442,0.06685362,0.044036314,0.063494824,0.041139822,0.070079885,0.074187644,0.084699884,0.03332924,0.07737671,0.06127966,0.12224458,0.040698707,0.069953285,0.07612438,0.07746661,0.071922004,0.09656984,0.08077957,0.06046699,0.08623808,0.03238628,0.06586978,0.057226334,0.080438875,0.08548076,0.08831528,0.048905905,0.082709216,0.09829996,0.07415599,0.059801906,0.06644977,0.16341574,0.07084736,0.06996253,0.07805289,0.0719758,0.07809284,0.107893005,0.06969317,0.08641437,0.067985356,0.0727085,0.09325726,0.073544726,0.07723528,0.07483082,0.07464804,0.024166513,0.065928064,0.061240945,0.06424031,0.07502488,0.08235159,0.09613601,0.06545655,0.09700677,0.08378519,0.074419804,0.036442675,0.060505796,0.050145384,0.02997954,0.07584874,0.039397288,0.09631867,0.07050393,0.0693066,0.071251355,0.083259664,0.071893744,0.08955969,0.067748815,0.05670782,0.063084655,0.06144848,0.06250958,0.11278117,0.07052823,0.0888981,0.07365539,0.084224425,0.0950072,0.084921926,0.06978434,0.07227804,0.08386306,0.05842664,0.08325436,0.06873133,0.09292214,0.0734597,0.060463604,0.06558525,0.085802294,0.06112459,0.068384595,0.06520568,0.055617396
snap,0.0945271,0.093021445,0.06996764,0.06067067,0.08820505,0.086410575,0.085587144,0.08789063,0.065610506,0.06719018,0.06958541,0.087349445,0.069395155,0.08935575,0.065780595,0.077010825,0.08373085,0.068681434,0.0852769,0.082564525,0.10276234,0.10351518,0.0979217,0.09441002,0.075980306,0.09692576,0.0801277,0.07575122,0.06201444,0.077597216,0.0711186,0.07718033,0.06575832,0.074742645,0.104104586,0.09984123,0.05943801,0.06270963,0.0919667,0.09044433,0.07168578,0.07723606,0.08782306,0.08177137,0.080493495,0.07659989,0.096822776,0.06432492,0.12269088,0.119393066,0.09338673,0.07390206,0.05013829,0.09264166,0.1000373,0.10254919,0.07119017,0.05059799,0.09946338,0.05956947,0.107139945,0.09813502,0.042329278,0.050262805,0.08103173,0.044627752,0.1237888,0.049369678,0.0946574,0.09748433,0.090677716,0.064880446,0.08786761,0.04595612,0.04557144,0.08875708,0.10236309,0.075044565,0.070789866,0.058074284,0.0,0.09709163,0.07262194,0.058936078,0.08010317,0.08091324,0.08830774,0.07947687,0.073043875,0.085886,0.06545721,0.07493302,0.06563976,0.07982151,0.071032606,0.061594434,0.07654468,0.08886572,0.080839366,0.063689165,0.10548046,0.09285158,0.041323885,0.06337293,0.09747507,0.037192684,0.07309877,0.069134764,0.044760257,0.06406899,0.080001734,0.038043123,0.044350404,0.06986735,0.06670208,0.08433114,0.06986151,0.160908,0.10209562,0.11780625,0.07339054,0.064564876,0.11499721,0.07828144,0.06923837,0.060026202,0.04179563,0.086958095,0.07225853,0.067116536,0.07113921,0.08274114,0.08320891,0.0837741,0.06706046,0.08094058,0.08171558,0.09055405,0.071035214,0.111217715,0.07199374,0.07539064,0.03980685,0.08037579,0.10739665,0.07180954,0.05879775,0.06438162,0.12673865,0.10371755,0.06968157,0.05033002,0.07847402,0.06810955,0.07276056,0.08438549,0.066335484,0.11506923,0.10004303,0.07651886,0.05336314,0.07483952,0.07241553,0.03967656,0.060420804,0.09330635,0.07940165,0.07179933,0.037982054,0.07837571,0.07640746,0.067001686,0.050360594,0.06554133,0.061455812,0.04478213,0.08118471,0.07046772,0.08636723,0.035251595,0.11347871,0.06305857,0.0840373,0.033117056,0.07710366,0.10318541,0.08322159,0.064070925,0.07795749,0.10910683,0.07889026,0.094356455,0.040555634,0.059962202,0.048730664,0.06398736,0.0765088,0.10581976,0.05681198,0.06756522,0.06584966,0.070396416,0.07512084,0.06588753,0.117018834,0.104895696,0.09165674,0.06731987,0.08701953,0.11435603,0.07525209,0.09147191,0.08944191,0.087076165,0.06861848,0.06754908,0.07592097,0.04724653,0.09142349,0.06389556,0.043576967,0.087521955,0.07284915,0.07967137,0.09998021,0.10693011,0.07216873,0.0711796,0.11648771,0.079300165,0.07932835,0.030971836,0.07998835,0.02877396,0.04879482,0.08405426,0.029765943,0.076565966,0.083419114,0.095347546,0.07747923,0.10205548,0.07582646,0.096372224,0.077065244,0.0736093,0.09475079,0.08235376,0.034961145,0.076829374,0.09312639,0.12282032,0.07545748,0.10302017,0.10242138,0.069194846,0.07868421,0.07903784,0.12035603,0.066830456,0.1127635,0.08494682,0.12813643,0.087545484,0.079237245,0.08714729,0.06757095,0.08694387,0.084593296,0.08311488,0.08413888
skim,0.042498376,0.038392443,0.06352854,0.07217639,0.05787661,0.043047857,0.10595259,0.12473862,0.06721585,0.08385214,0.049447913,0.044373337,0.05527989,0.05740334,0.06370749,0.05324711,0.12297075,0.05280895,0.04050803,0.053870447,0.047800727,0.055006534,0.054161876,0.07654481,0.04607516,0.048716873,0.10950869,0.080715604,0.06327817,0.0766696,0.05129026,0.10262705,0.06400375,0.09564341,0.046584252,0.04988922,0.055583477,0.05425613,0.056573927,0.04298047,0.048209712,0.049709406,0.03983336,0.057112355,0.045755792,0.09995632,0.045272537,0.07335578,0.057448793,0.059779294,0.043838583,0.09126546,0.07410406,0.067825325,0.046850897,0.052110158,0.070351675,0.07302647,0.13586004,0.060799804,0.0629203,0.034077328,0.07164494,0.061882876,0.053342544,0.069500744,0.06670954,0.07316127,0.05785746,0.06620699,0.051250476,0.05592446,0.05061017,0.07553781,0.07393678,0.041897636,0.04653229,0.091596484,0.05081476,0.07581525,0.09709163,0.0,0.061995704,0.059633322,0.040481284,0.040794853,0.05183815,0.042296533,0.07430451,0.045973282,0.063604854,0.08670557,0.05518549,0.10634719,0.06235331,0.06827543,0.06313331,0.049282838,0.07019227,0.057721093,0.07044663,0.031520348,0.07283084,0.056271367,0.052080076,0.09865503,0.07535043,0.05392458,0.06730463,0.0676655,0.047680546,0.07231306,0.07122117,0.072848484,0.056118716,0.04327925,0.08309851,0.18827726,0.047707163,0.058915142,0.048653834,0.06350834,0.062590726,0.055973984,0.063871846,0.0763435,0.078013256,0.10353257,0.067701094,0.06784946,0.06626553,0.046052508,0.04895245,0.043837365,0.08334206,0.059081696,0.027952695,0.039369866,0.06518017,0.054906864,0.05772801,0.060406122,0.100200124,0.053284544,0.13887024,0.06291108,0.07171945,0.049156435,0.060878463,0.03609965,0.05061528,0.07319136,0.038146812,0.05321342,0.05420032,0.04174417,0.074023366,0.05645475,0.05695043,0.047965735,0.06935303,0.06176031,0.080979906,0.098453805,0.060149483,0.04661175,0.044995032,0.088139884,0.080488764,0.04470841,0.062472906,0.06428955,0.074964285,0.055068932,0.059356965,0.06731354,0.031539276,0.05449305,0.049565304,0.07812912,0.060838223,0.051171374,0.11231414,0.093265705,0.045332834,0.028123166,0.053065006,0.05645604,0.07706507,0.047001686,0.043625187,0.05401613,0.087625585,0.058844294,0.06895927,0.06950421,0.06049663,0.05520931,0.053690262,0.06906998,0.09633804,0.053959478,0.06351495,0.060956687,0.15951689,0.045028575,0.025907764,0.07052027,0.043947123,0.047520842,0.09364369,0.036238175,0.058184065,0.044216234,0.04903299,0.08314316,0.049556803,0.08907795,0.056157902,0.06364079,0.07540016,0.043888234,0.067047276,0.037891064,0.02692881,0.035146363,0.079782724,0.048749473,0.065578684,0.0577875,0.03845678,0.08357746,0.04256646,0.1020074,0.066638544,0.046491396,0.083771564,0.07592414,0.04992562,0.045453567,0.04816184,0.057594966,0.04295273,0.06007906,0.064380236,0.046990875,0.05053589,0.050324567,0.07787557,0.102530934,0.039851177,0.0572234,0.04577798,0.05347918,0.066068016,0.06783804,0.03689934,0.036955323,0.05803507,0.046313863,0.04544697,0.036672313,0.06195927,0.04183365,0.039781615,0.053125616,0.065992855,0.037655715,0.06371404,0.044250745,0.041427094
soak,0.060797907,0.068858735,0.021244641,0.0451697,0.054613985,0.06773968,0.0672335,0.0784868,0.042959724,0.04986801,0.042643316,0.055103816,0.045317493,0.05569279,0.04883656,0.027818954,0.07045393,0.03995402,0.052409988,0.033679012,0.06446733,0.08767007,0.06424282,0.054077707,0.04701791,0.06114994,0.058341056,0.041935995,0.04640518,0.044069935,0.029035132,0.05722873,0.040941812,0.055773314,0.07219392,0.06578851,0.03990783,0.044434078,0.057312943,0.059401557,0.054413926,0.03789603,0.065365,0.033094358,0.030751659,0.060279503,0.07041395,0.03938268,0.093016684,0.09402809,0.06313066,0.049755342,0.07157518,0.09546124,0.07541257,0.0774558,0.036606204,0.03858757,0.08635675,0.031490285,0.06858976,0.07556653,0.056966733,0.048861854,0.037858382,0.06402383,0.09714954,0.04521808,0.061887167,0.058450516,0.056064114,0.04152864,0.047425322,0.074827045,0.044281777,0.057464518,0.07646198,0.04101238,0.04060712,0.0825951,0.07262194,0.061995704,0.0,0.046135683,0.055603705,0.036572203,0.04469389,0.04851684,0.022469398,0.05847973,0.036334924,0.031587478,0.060695086,0.06428114,0.047558535,0.03759584,0.0497765,0.04611054,0.029835895,0.037126143,0.064405076,0.06331433,0.06493549,0.05011251,0.07830317,0.06072877,0.03614644,0.050916992,0.046634458,0.041249547,0.048935086,0.05334078,0.0682386,0.05030663,0.04093645,0.052557938,0.042526204,0.1564506,0.07664114,0.08027778,0.03445606,0.042696297,0.07772191,0.04093639,0.03955071,0.0497858,0.05594605,0.0557486,0.0325132,0.040493578,0.031735845,0.048751403,0.06928819,0.044764403,0.04240173,0.045845862,0.061025064,0.06288648,0.04394021,0.07066477,0.02946655,0.03940524,0.06417609,0.039258335,0.09121251,0.024973402,0.041557137,0.040902782,0.099154346,0.06741148,0.0410865,0.045705315,0.04656532,0.036725886,0.048926044,0.057931032,0.04629109,0.08242358,0.06782817,0.063784845,0.052891456,0.055239502,0.042811345,0.062311895,0.037197687,0.06538918,0.047260795,0.043278046,0.05638781,0.06421312,0.049066525,0.039110843,0.04868918,0.06084495,0.0387422,0.057698127,0.04124956,0.023660801,0.046408378,0.06804978,0.09315319,0.0326178,0.06540369,0.07905915,0.045935255,0.07789471,0.05359207,0.034094494,0.030479288,0.07485043,0.05805778,0.05091105,0.080090076,0.038578186,0.050521817,0.030344715,0.03185558,0.06930322,0.053905338,0.03490506,0.05619122,0.040841058,0.06511067,0.05191127,0.11114849,0.08198829,0.06697492,0.04316148,0.04699099,0.089514256,0.05207831,0.060905002,0.042423222,0.060121607,0.036589902,0.038973156,0.041733835,0.053623617,0.07319145,0.03722526,0.07146199,0.061125115,0.06677098,0.04593316,0.0759098,0.07610038,0.031799186,0.03539672,0.07973389,0.035978682,0.043263342,0.067726396,0.05861315,0.08457904,0.06934502,0.051712636,0.06975179,0.0261386,0.05415558,0.06995769,0.04464343,0.07252894,0.04859883,0.052435637,0.06163074,0.059612773,0.07557375,0.062281474,0.04969871,0.05712032,0.061498944,0.09335346,0.03693974,0.067797564,0.06450548,0.043691725,0.04878523,0.038870487,0.09331789,0.036250386,0.08834804,0.05296201,0.09795266,0.050171044,0.053090684,0.068142004,0.03838049,0.059936993,0.07157185,0.054827508,0.06315704
sieve,0.056534547,0.05578181,0.040669642,0.03389082,0.050698303,0.0500583,0.0760016,0.08470099,0.039771933,0.043980014,0.034486484,0.04758963,0.03507557,0.052499764,0.030692235,0.042861838,0.08575435,0.0322004,0.048047602,0.045112498,0.06433503,0.07048533,0.061592378,0.059861276,0.040092923,0.05666161,0.073125914,0.049161248,0.026558727,0.04960855,0.037900437,0.067444086,0.03972947,0.06272715,0.065714754,0.06257993,0.024774835,0.03584976,0.056608636,0.059045736,0.03593001,0.039543096,0.056102548,0.049979288,0.042451393,0.06397995,0.06513604,0.037353706,0.08715871,0.083142914,0.058517266,0.053801328,0.055101633,0.077425614,0.06400085,0.07260961,0.044043515,0.040177528,0.098123215,0.035130177,0.06974847,0.06445393,0.036511306,0.036036577,0.044438455,0.044403333,0.09463375,0.03325034,0.060805727,0.05995113,0.04902874,0.031875316,0.0492069,0.054089922,0.034683093,0.05118294,0.0684015,0.05730963,0.030840427,0.06194622,0.058936078,0.059633322,0.046135683,0.0,0.04168124,0.046332233,0.051096912,0.03735184,0.04977377,0.051642492,0.034199208,0.05841176,0.034978416,0.06732515,0.035473473,0.034531634,0.04616637,0.049707487,0.05133796,0.039053958,0.06773118,0.05613518,0.04328779,0.04076477,0.06456527,0.057252746,0.05086298,0.0416812,0.03727556,0.037141554,0.040306035,0.040340878,0.047516193,0.04250914,0.032012444,0.052848637,0.051715896,0.1602874,0.0713242,0.080212325,0.035964794,0.030519279,0.076596074,0.04372261,0.038258135,0.043262932,0.037281223,0.07137396,0.04234261,0.036112294,0.03974605,0.04424685,0.05417498,0.045126606,0.047141306,0.045240566,0.050806575,0.05426384,0.038832627,0.075701475,0.03786208,0.037917476,0.06005093,0.043338377,0.10271982,0.043788735,0.03427332,0.030891195,0.092386104,0.067035526,0.03341273,0.030962829,0.044437714,0.035060808,0.038373422,0.045651454,0.03807741,0.07761091,0.067196816,0.044964023,0.032767802,0.041402593,0.047551267,0.05428586,0.032984234,0.061203267,0.042717773,0.04942906,0.039778378,0.044800084,0.04634193,0.035655618,0.0343251,0.03803326,0.034499127,0.033419434,0.046073467,0.039149296,0.047597386,0.050512426,0.08771266,0.033731308,0.0754667,0.06253966,0.037802327,0.06925761,0.048865803,0.030768478,0.052658632,0.071400225,0.041032813,0.056398656,0.06319171,0.033639453,0.03326814,0.040606424,0.042881228,0.06747028,0.03426415,0.041025158,0.05347225,0.03035254,0.04675886,0.0323879,0.12104805,0.07130745,0.0566393,0.036279567,0.046274275,0.08057496,0.05921991,0.051080905,0.05416651,0.05342989,0.031402655,0.05057578,0.038745288,0.04906351,0.060544543,0.034635045,0.053792886,0.047984626,0.047399275,0.042804956,0.06510199,0.070648715,0.050175462,0.035747398,0.08155186,0.043654773,0.044116087,0.052143708,0.043878853,0.067647025,0.051510576,0.047463708,0.053105343,0.05123103,0.05125844,0.06179261,0.043108523,0.07042291,0.035804227,0.059953485,0.046537656,0.037425555,0.06990686,0.045775525,0.03692117,0.06608898,0.057803757,0.08723997,0.035745647,0.065187134,0.067816935,0.03805993,0.046645325,0.042311106,0.0867555,0.036930457,0.077595875,0.049351238,0.092430905,0.045447074,0.045323595,0.050755057,0.041278232,0.05333889,0.05416391,0.04814494,0.051046338
stretch,0.0449857,0.028971074,0.052928004,0.048130263,0.051723573,0.023719763,0.09615988,0.10949684,0.054837458,0.06582096,0.03843688,0.03426211,0.03872332,0.048975494,0.039183162,0.04694063,0.11063172,0.026901579,0.042272754,0.04848094,0.05685269,0.051802684,0.05315737,0.07085201,0.03143409,0.05228744,0.09668703,0.06880257,0.040322646,0.065447,0.04181364,0.08955702,0.053208973,0.08521629,0.05369183,0.052648447,0.03781751,0.04380197,0.055131856,0.045950286,0.026475472,0.044288147,0.035250366,0.052972127,0.04308938,0.08602239,0.0487715,0.05087561,0.06449793,0.06597086,0.043275762,0.075332254,0.05948381,0.064661905,0.04362586,0.052655835,0.059550922,0.06000392,0.12277992,0.048937045,0.06488097,0.041288834,0.050261695,0.04739464,0.04807252,0.048334654,0.07181286,0.053093154,0.058203343,0.063700445,0.04695006,0.036607545,0.043641686,0.059779122,0.052743766,0.038864363,0.046458583,0.07936187,0.03390048,0.06141387,0.08010317,0.040481284,0.055603705,0.04168124,0.0,0.03769192,0.0456507,0.031703006,0.066628344,0.04532717,0.04902573,0.07634865,0.033350676,0.092322886,0.046162937,0.049798954,0.055258147,0.046301663,0.06267079,0.04422105,0.07015794,0.03311417,0.054711018,0.04008175,0.04349508,0.08154265,0.067864865,0.040868938,0.052987307,0.053000998,0.023743853,0.056053884,0.054187667,0.05434292,0.038855195,0.038792025,0.07063307,0.17916079,0.051863045,0.06408194,0.04439301,0.044200502,0.0653139,0.052677594,0.050728038,0.062409863,0.053220533,0.09284931,0.05489981,0.05000794,0.05204065,0.044479873,0.03996363,0.044159435,0.070819125,0.049093425,0.037130862,0.04090301,0.05572529,0.060510222,0.049979404,0.04720374,0.0843899,0.04890922,0.12684971,0.05453506,0.056779936,0.03198691,0.06752316,0.049354248,0.034616206,0.050314207,0.03720233,0.041757584,0.04258338,0.02972111,0.05098881,0.057334486,0.059108835,0.025656981,0.04506002,0.0447744,0.06453962,0.08056186,0.04786149,0.042817745,0.042479806,0.07303909,0.05728344,0.03256365,0.05336073,0.051290497,0.05063577,0.03524784,0.047418706,0.04501774,0.03734383,0.04857773,0.05086357,0.06325433,0.064450376,0.037317645,0.09947149,0.07689533,0.03908166,0.04769027,0.05030765,0.04571306,0.06912869,0.050091762,0.027371129,0.051268782,0.07310314,0.04415497,0.046398573,0.05636905,0.05458098,0.057646565,0.03394563,0.056651417,0.07636861,0.041075647,0.046528213,0.033631537,0.14590016,0.049416505,0.033497922,0.047867272,0.034291025,0.055812746,0.08217822,0.040105164,0.054016955,0.04050636,0.03791661,0.0695735,0.038889505,0.07359969,0.0550651,0.045405928,0.06134522,0.036294933,0.04820414,0.03169188,0.042232312,0.05368127,0.06919833,0.036823355,0.070711344,0.050519124,0.038720813,0.06644084,0.030091882,0.084852055,0.054701146,0.044019256,0.067555435,0.06885704,0.040713746,0.04504238,0.03788383,0.061802063,0.037108213,0.056588087,0.047205247,0.033184506,0.047597416,0.034877665,0.06033425,0.089641355,0.039776836,0.06322978,0.038169086,0.055104584,0.06590986,0.053806912,0.038936358,0.038570043,0.060451083,0.037120424,0.05891372,0.03656702,0.066614345,0.03615191,0.03196064,0.03999717,0.057592142,0.033244755,0.047629587,0.031546663,0.037869956
drip,0.043815996,0.045622632,0.036137413,0.052145943,0.04603162,0.047739603,0.086351335,0.10238635,0.050103456,0.06302123,0.039677218,0.041129034,0.041671135,0.046615507,0.047999725,0.034515355,0.09874572,0.035271782,0.04188232,0.037070416,0.05155417,0.06523503,0.052554764,0.06090916,0.039249547,0.049560543,0.08501008,0.060031816,0.047341745,0.05821027,0.028927973,0.08022703,0.048048966,0.077362485,0.053378087,0.052107096,0.0379649,0.042429917,0.05187116,0.042395618,0.03906586,0.034005653,0.043868233,0.041420028,0.031066224,0.079426154,0.049939618,0.05283648,0.070534736,0.0723718,0.04865071,0.068934046,0.06562732,0.07803084,0.05318284,0.058947045,0.053428162,0.052245293,0.11338874,0.043279957,0.060599443,0.05153857,0.05688717,0.04698033,0.039422013,0.0583064,0.07564316,0.055266965,0.05428518,0.057489812,0.045744546,0.042119738,0.042505488,0.068601646,0.05416691,0.03739517,0.048501834,0.067314014,0.037250876,0.07139968,0.08091324,0.040794853,0.036572203,0.046332233,0.03769192,0.0,0.037134074,0.034865182,0.04976667,0.042323325,0.045771524,0.062187742,0.048542157,0.084656194,0.045079786,0.048448794,0.049782608,0.04135471,0.046467822,0.037692104,0.06272031,0.03716129,0.061660033,0.04329696,0.057390172,0.07707191,0.054644357,0.0481809,0.0520102,0.05161753,0.035571523,0.05746732,0.06327288,0.054756306,0.03908124,0.033556934,0.06395047,0.17243813,0.054628614,0.062161613,0.035032474,0.04774143,0.064081125,0.042565856,0.04525399,0.059677526,0.061343197,0.08156732,0.04328453,0.04684012,0.044517078,0.039332658,0.051550467,0.037405074,0.060845397,0.04482242,0.045479983,0.04276184,0.050346363,0.055900674,0.038185198,0.044275437,0.079742745,0.04193006,0.11654722,0.0379448,0.05223022,0.03754604,0.075699575,0.04586887,0.03397855,0.053694684,0.03251286,0.038825177,0.043256715,0.0400679,0.053926915,0.06275772,0.056877013,0.048001073,0.05413198,0.049691115,0.058504734,0.079145685,0.043902125,0.03890426,0.037759,0.064920455,0.06332068,0.04696018,0.0501659,0.046794698,0.05647019,0.048463643,0.04228125,0.055541836,0.023501763,0.032980736,0.04401974,0.06844786,0.07244948,0.031036822,0.089460544,0.081363946,0.03887905,0.055310763,0.047391143,0.041720964,0.056111783,0.052377447,0.04039703,0.043136086,0.07883026,0.043868534,0.0541885,0.048665598,0.043239903,0.056323268,0.046189956,0.049077734,0.07526733,0.03892827,0.055113368,0.048273943,0.13708557,0.058109593,0.048143867,0.050255444,0.031087218,0.06585525,0.07305324,0.0421771,0.042467568,0.04622483,0.037454385,0.06054239,0.035796426,0.06917827,0.05951382,0.044040434,0.06755764,0.043036725,0.058117025,0.0331768,0.055268195,0.05764287,0.056405652,0.03295989,0.06811752,0.044033006,0.03840818,0.069217734,0.04103802,0.0889932,0.062457256,0.0442934,0.0715905,0.052414212,0.03317155,0.052772235,0.030187897,0.060271613,0.03838618,0.046867914,0.053554654,0.043059446,0.053454243,0.04345929,0.060020268,0.080735184,0.035413425,0.070580706,0.033742845,0.05394428,0.06055479,0.05172301,0.037929673,0.028146517,0.07027565,0.03150865,0.06464461,0.04137455,0.07464399,0.033619523,0.039469864,0.05065368,0.050144613,0.04078034,0.05860241,0.030469522,0.044104993
sweat,0.030549597,0.053551212,0.04532823,0.05727112,0.048514053,0.055756312,0.08954434,0.10310684,0.05239901,0.06475618,0.048892725,0.03304976,0.043179456,0.032535296,0.052470673,0.037974745,0.10021156,0.040294822,0.03639759,0.032353085,0.04680391,0.069105946,0.03568223,0.043867033,0.03876314,0.0407836,0.084888086,0.05068956,0.053275872,0.050640147,0.04173432,0.08345444,0.040760443,0.077321775,0.050977048,0.033930853,0.042525858,0.049729455,0.034400605,0.045226384,0.048157454,0.031556193,0.051856313,0.028162885,0.031213393,0.081336044,0.06492509,0.052937772,0.06603712,0.07372,0.049240652,0.062792525,0.06967775,0.08644683,0.050407287,0.05727757,0.054878287,0.05340499,0.11359982,0.052406184,0.039293576,0.06132644,0.067602225,0.05337279,0.04260637,0.06914364,0.083043955,0.061408184,0.034707546,0.041260697,0.03887199,0.046563376,0.045972552,0.07738855,0.06166079,0.039139383,0.060853794,0.07062956,0.039973214,0.0819563,0.08830774,0.05183815,0.04469389,0.051096912,0.0456507,0.037134074,0.0,0.036531966,0.05503751,0.05426293,0.047492985,0.065577224,0.059289925,0.08567277,0.04991351,0.049239535,0.054762594,0.032193076,0.05301872,0.048291285,0.04364399,0.05192623,0.07047181,0.04632925,0.058615137,0.08108309,0.059594706,0.054687884,0.062358458,0.05873797,0.045058202,0.06169246,0.07236727,0.059002966,0.041526627,0.04897396,0.067646265,0.16639128,0.06851043,0.04528892,0.038702574,0.051670637,0.04466856,0.04568148,0.052956212,0.06409045,0.06821319,0.07611582,0.045183226,0.04984526,0.043315336,0.04160143,0.061141577,0.038013052,0.06756148,0.030882945,0.057435934,0.05113895,0.05144807,0.039808832,0.040222377,0.045208544,0.084470026,0.045031015,0.10846388,0.049058847,0.05664737,0.04317614,0.073297724,0.046257067,0.04547398,0.05973573,0.041084502,0.044904426,0.047621395,0.046151437,0.057176348,0.050276227,0.038771514,0.057012234,0.0624552,0.05543923,0.062357165,0.083588056,0.051845238,0.052952833,0.042213343,0.06535556,0.07169127,0.05420603,0.055486374,0.041941933,0.061470628,0.055013444,0.04832432,0.06458469,0.043096352,0.04432556,0.046246566,0.076685876,0.0752546,0.037725896,0.087359875,0.088392645,0.03295817,0.065840155,0.04913172,0.04282744,0.056105196,0.04780562,0.045855258,0.020520648,0.08533354,0.049056336,0.061829448,0.05315532,0.03515444,0.03674123,0.054210715,0.04882631,0.07687188,0.042228457,0.05945278,0.055433266,0.13635688,0.06357095,0.057873596,0.052704412,0.031799793,0.07015176,0.070261054,0.042981602,0.025197156,0.052167967,0.043952245,0.06704185,0.0342617,0.075750045,0.0636519,0.054597788,0.076498985,0.043764204,0.06498628,0.043077253,0.06474212,0.06277137,0.05687751,0.038532384,0.04575583,0.045008305,0.0468698,0.07827909,0.050800882,0.09599396,0.07309495,0.04475741,0.07844324,0.05490154,0.04793347,0.057366047,0.04469421,0.04822984,0.048738323,0.022654423,0.055787195,0.05254131,0.06297884,0.05125812,0.06402795,0.08054227,0.04512595,0.06736181,0.03357121,0.035569526,0.036063578,0.057505906,0.051565126,0.03790136,0.06836823,0.047015943,0.07213333,0.048354197,0.06997902,0.030909887,0.047132775,0.056913905,0.058726046,0.054926984,0.06450057,0.045957908,0.051310673
handle,0.03955492,0.04088666,0.044168327,0.048127536,0.041049693,0.038599864,0.09007504,0.10142994,0.047940295,0.056790236,0.031697694,0.03309833,0.032447726,0.039953813,0.037013058,0.040500388,0.10253571,0.033912983,0.034445226,0.03928692,0.04762862,0.057424854,0.04667382,0.057512682,0.03187479,0.041447308,0.08919721,0.057901468,0.036714412,0.056916054,0.03857177,0.08298071,0.044909604,0.07450211,0.04754003,0.04547016,0.03465452,0.03800754,0.04679126,0.044222586,0.026900755,0.035103813,0.04279035,0.04530111,0.03174749,0.078687124,0.052638765,0.051390775,0.06791778,0.06342707,0.04107111,0.06646354,0.06294106,0.070915475,0.04579016,0.05757789,0.050983664,0.05423052,0.11401408,0.040849943,0.05570083,0.047757376,0.054774042,0.0461683,0.03756422,0.056175653,0.07820072,0.05128771,0.04967382,0.05265327,0.03525615,0.037332337,0.038556453,0.06484881,0.05346677,0.03095947,0.048550684,0.07072441,0.029961688,0.06855986,0.07947687,0.042296533,0.04851684,0.03735184,0.031703006,0.034865182,0.036531966,0.0,0.057434782,0.042890076,0.04311343,0.06888242,0.043444768,0.08428595,0.030845575,0.04756434,0.0513951,0.035268314,0.053878747,0.039996043,0.05879975,0.03684645,0.05821933,0.039799094,0.05054526,0.0784455,0.061490536,0.040497568,0.053011637,0.04899193,0.03267695,0.055245563,0.05826219,0.04629528,0.027123658,0.042628773,0.06297797,0.17149122,0.05739353,0.059054613,0.032669395,0.03990218,0.060494784,0.045055103,0.041660722,0.056297053,0.05774751,0.082224675,0.044859357,0.040607285,0.04256302,0.03888479,0.040421855,0.03766408,0.06383402,0.038510025,0.041086998,0.03894547,0.043874566,0.05612143,0.03840786,0.034968276,0.08118334,0.036163777,0.116277166,0.04849083,0.048697386,0.032804668,0.071586475,0.047299284,0.027299417,0.05150475,0.032846257,0.03357129,0.034873284,0.02776294,0.048836216,0.056541707,0.052888207,0.04016004,0.049168956,0.037804812,0.05832305,0.076524176,0.04050614,0.043644898,0.033868585,0.06215141,0.059716143,0.03648647,0.049488064,0.040960904,0.05132056,0.03659264,0.041832887,0.049400844,0.036212113,0.04152372,0.039408248,0.064909525,0.07189006,0.031336505,0.08942393,0.0788133,0.031537905,0.04981468,0.041677598,0.03454499,0.06121498,0.050978284,0.02588149,0.04201463,0.07621097,0.038982347,0.0493198,0.047796708,0.04276225,0.051778376,0.04089453,0.049299672,0.07425987,0.02928709,0.042640354,0.0422455,0.13814275,0.052164648,0.04313881,0.046045143,0.034640484,0.059609383,0.0724886,0.02839722,0.045919366,0.03872841,0.03481753,0.06143646,0.03149807,0.06815222,0.052161943,0.04279179,0.06584521,0.02966629,0.045648698,0.02918628,0.049579896,0.052844033,0.060378302,0.027371773,0.06425449,0.040568028,0.035376392,0.0689666,0.028738234,0.08587382,0.059194867,0.038292516,0.068500385,0.05848631,0.038439486,0.045373075,0.032222744,0.055343878,0.029161705,0.047161028,0.041251104,0.029330945,0.056026325,0.029551707,0.056298465,0.07919812,0.037122488,0.06770396,0.029899027,0.045985304,0.05692109,0.046206076,0.036423255,0.03695768,0.06696093,0.03380839,0.05752724,0.03806086,0.07168849,0.026970193,0.032810878,0.036064852,0.04955899,0.03731429,0.04519764,0.03381828,0.03381152
submerge,0.07221578,0.0809297,0.025180694,0.045521785,0.06089039,0.078748934,0.056226846,0.06580781,0.043613728,0.045262493,0.049987953,0.06482716,0.053293906,0.064333975,0.05134702,0.034734856,0.056010526,0.048867688,0.06294308,0.04021197,0.071989454,0.09916387,0.07359785,0.0544982,0.05727667,0.06890643,0.045560677,0.03618182,0.049233496,0.04142639,0.036143053,0.045941245,0.044424567,0.04547101,0.0822238,0.07584801,0.045894,0.050884746,0.06527317,0.071595296,0.06421791,0.04467186,0.078653604,0.04255744,0.040507577,0.05056889,0.08145221,0.038850807,0.10602936,0.104989715,0.07496414,0.040814172,0.07878893,0.10537958,0.08767786,0.090764955,0.035335783,0.041702364,0.072980165,0.037061587,0.076896966,0.08774172,0.061779257,0.056064554,0.043692112,0.071323544,0.11060679,0.044181194,0.07105903,0.063256934,0.06403547,0.046441074,0.05721221,0.08230349,0.045658004,0.069502294,0.090992354,0.029349197,0.04802288,0.09181805,0.073043875,0.07430451,0.022469398,0.04977377,0.066628344,0.04976667,0.05503751,0.057434782,0.0,0.06737264,0.03825102,0.019873738,0.06932883,0.05223947,0.052148808,0.03813531,0.05059807,0.053772483,0.027256934,0.04459944,0.0693748,0.075438894,0.07154805,0.06075816,0.08977955,0.056992367,0.029694846,0.057682324,0.05003287,0.041464113,0.059817042,0.05765217,0.07472623,0.052219406,0.04899728,0.0647137,0.036328357,0.1486013,0.08851212,0.09128423,0.04098056,0.043819007,0.0871854,0.04297884,0.041701347,0.04695088,0.05695917,0.043868545,0.03572547,0.04463776,0.034798775,0.05460964,0.080033906,0.051561862,0.03379993,0.05091417,0.07165477,0.07268837,0.04219727,0.08315262,0.030370161,0.044034667,0.060942873,0.04424729,0.07802887,0.026731648,0.040383153,0.049591832,0.11252118,0.079824485,0.049470577,0.046281144,0.05848148,0.043346696,0.05533731,0.06883008,0.04817969,0.09444138,0.07900303,0.07312596,0.054925818,0.06150272,0.03729604,0.055838306,0.040570404,0.07973677,0.054148495,0.033476766,0.05715234,0.0747453,0.050794702,0.041125152,0.04927918,0.06989483,0.04569521,0.06277537,0.05265339,0.031751163,0.051418457,0.07341107,0.107368656,0.04413876,0.052952774,0.08257214,0.054359443,0.090022445,0.05999614,0.038701087,0.026723111,0.08760697,0.06740172,0.059816886,0.08614152,0.04319931,0.0532059,0.031204598,0.034288708,0.07947996,0.061591323,0.03640894,0.0470399,0.044625375,0.0731432,0.056262508,0.09776014,0.094360754,0.07828478,0.045788884,0.057656158,0.10309323,0.04177563,0.07118113,0.051050283,0.07133746,0.040769186,0.03312614,0.05114435,0.050057627,0.08039455,0.04158083,0.07883869,0.07170359,0.0735321,0.058749836,0.08763776,0.08661854,0.021531096,0.046866216,0.09078398,0.041105114,0.05209593,0.07245163,0.069549374,0.08652794,0.07723577,0.05972376,0.07360922,0.017624557,0.06692775,0.08165976,0.05638169,0.08306179,0.05617575,0.060948376,0.06895086,0.06851208,0.09015346,0.072855264,0.04900303,0.04584026,0.075684056,0.10645077,0.045692064,0.07853672,0.07228933,0.043782637,0.05848323,0.048561994,0.10692531,0.04686088,0.10072972,0.064205885,0.11072055,0.060698938,0.065032,0.07818948,0.037319053,0.0730219,0.07976676,0.068231955,0.07441777
spray,0.050032035,0.04827653,0.058080792,0.067379676,0.047099862,0.047785956,0.106330685,0.11969451,0.06614252,0.07982865,0.051049184,0.04384623,0.051375013,0.057959013,0.058900468,0.05117812,0.11577954,0.050895423,0.04605702,0.05015196,0.04208503,0.060445827,0.05659673,0.07122405,0.045355614,0.04006963,0.10406671,0.0765231,0.059368286,0.0725615,0.054501325,0.10111113,0.05848797,0.09074141,0.039814584,0.054710407,0.050902687,0.047719177,0.059213746,0.048592765,0.04565513,0.045724772,0.04378852,0.059212778,0.043151118,0.09907286,0.05939619,0.06854193,0.06594794,0.059447683,0.048031453,0.084432796,0.06499152,0.058667764,0.054597467,0.058022827,0.065528445,0.064417645,0.12840477,0.05359625,0.06495737,0.051220313,0.059917435,0.051710904,0.044817816,0.060479846,0.07337319,0.063998945,0.061222605,0.06297397,0.046509624,0.054033987,0.042911608,0.06578202,0.06647156,0.04596022,0.054713387,0.08144428,0.052319862,0.066491745,0.085886,0.045973282,0.05847973,0.051642492,0.04532717,0.042323325,0.05426293,0.042890076,0.06737264,0.0,0.06142225,0.0806909,0.04521434,0.10341124,0.056840334,0.06483184,0.06791653,0.046438165,0.060706627,0.05158519,0.06888385,0.03848885,0.06072629,0.05215819,0.05753532,0.08865776,0.077136956,0.050773278,0.06488386,0.06588479,0.04442231,0.06248642,0.058811273,0.068330586,0.054653455,0.036342125,0.07704926,0.18132438,0.062106356,0.064073145,0.0518714,0.060048573,0.06711295,0.060050912,0.06174742,0.060394827,0.06927085,0.09534114,0.06526373,0.06520717,0.06344339,0.05219025,0.04867955,0.05244801,0.078543454,0.055443995,0.05005931,0.02257223,0.052894834,0.06190922,0.052472223,0.055179287,0.08757502,0.042150516,0.13270327,0.06427346,0.053026676,0.047559537,0.06979693,0.045226436,0.05241143,0.06566396,0.029436637,0.052637767,0.049968515,0.044454064,0.070188925,0.06412987,0.06002974,0.047585722,0.063787,0.05918687,0.07681432,0.08914679,0.06037252,0.05431365,0.046104483,0.07913761,0.07005811,0.046580333,0.06966179,0.060887363,0.06763878,0.04921521,0.048900444,0.058579784,0.044544403,0.043765113,0.037333213,0.06724542,0.06780848,0.04870923,0.10706284,0.07931238,0.04214278,0.05606502,0.032121357,0.04964263,0.07444848,0.0554917,0.03731662,0.057406005,0.07596368,0.05519184,0.060669597,0.06650196,0.05757007,0.059889622,0.04784606,0.06423992,0.08978183,0.048450015,0.061548788,0.05769686,0.15336518,0.04676726,0.049541835,0.06632961,0.04397172,0.05907439,0.08964041,0.039917585,0.05946259,0.047742695,0.051416352,0.07830024,0.051709384,0.07047549,0.029417826,0.061716907,0.0655992,0.042419463,0.06519494,0.037367538,0.05465406,0.044488393,0.07432061,0.04569142,0.07175793,0.05226127,0.045191247,0.07173497,0.045345716,0.08982343,0.06029583,0.031565882,0.0723869,0.06959765,0.054127682,0.05016274,0.05020823,0.062232327,0.052407518,0.0607439,0.06305342,0.04201127,0.056681793,0.049963225,0.06784292,0.09651847,0.048134506,0.06586251,0.049365252,0.058359478,0.06819622,0.06710279,0.049165037,0.04858192,0.06656955,0.040721912,0.06001807,0.04195912,0.067748785,0.042041298,0.042467505,0.053688,0.06835424,0.041737944,0.06533031,0.048393946,0.038913827
flip,0.059123304,0.06588607,0.031122778,0.029785618,0.054289967,0.060992077,0.061500244,0.07055081,0.03441915,0.037920255,0.031119566,0.051087994,0.038218696,0.054909416,0.033955146,0.033913653,0.07177073,0.03382262,0.05131953,0.03984583,0.069580406,0.08625675,0.061645504,0.052787527,0.04457296,0.06033749,0.05912148,0.03527033,0.033660557,0.03463178,0.032875083,0.05480114,0.031919695,0.05056811,0.07249778,0.06338482,0.03234309,0.04102218,0.054000314,0.06354951,0.04746063,0.039935153,0.06560926,0.04417577,0.03811755,0.050928254,0.070729055,0.029260283,0.09416215,0.09345847,0.06395547,0.04026399,0.065794624,0.089825846,0.07353627,0.07955427,0.033419102,0.034615457,0.08356591,0.032809515,0.0693915,0.073326156,0.05008854,0.04400267,0.043438956,0.05772294,0.102123074,0.03080532,0.06150397,0.056287028,0.05342236,0.030282928,0.05236312,0.07060112,0.03524355,0.053770754,0.0764596,0.045222078,0.026552109,0.07934356,0.06545721,0.063604854,0.036334924,0.034199208,0.04902573,0.045771524,0.047492985,0.04311343,0.03825102,0.06142225,0.0,0.044424467,0.0544788,0.054898694,0.035933007,0.027634302,0.040097907,0.047167804,0.0427438,0.044012506,0.06587282,0.06352938,0.059212014,0.04808947,0.07716804,0.05175524,0.035141982,0.045161422,0.03883154,0.025202535,0.047790974,0.046897948,0.060820263,0.042009205,0.0346445,0.061483562,0.040313598,0.15389562,0.07765888,0.082995705,0.02949998,0.028948475,0.078874335,0.0384574,0.0288351,0.03451704,0.043580253,0.054620355,0.0287787,0.03469625,0.02734013,0.04401658,0.06477989,0.04317441,0.038215544,0.04136903,0.056914024,0.060336366,0.03348123,0.07820339,0.03216506,0.035836067,0.057074636,0.041916434,0.0860313,0.03172296,0.035432126,0.03458675,0.101221226,0.07240004,0.033670712,0.034275368,0.052585088,0.031185377,0.043223467,0.051953916,0.036461517,0.08435057,0.069216885,0.056402005,0.041495536,0.046802618,0.033915065,0.05182772,0.028389998,0.065211415,0.046879064,0.03899545,0.04800226,0.058198217,0.041297734,0.029016687,0.036026143,0.054033563,0.039399873,0.04892544,0.048355836,0.037135933,0.04814311,0.063412584,0.0962167,0.034798726,0.058164526,0.073387966,0.04267371,0.07609486,0.052312296,0.028320212,0.04148432,0.07757524,0.052137423,0.05304556,0.0767285,0.032363802,0.039920665,0.029355293,0.03420354,0.07006739,0.04324697,0.03324796,0.042443704,0.03072118,0.05917714,0.03931158,0.10597882,0.081415184,0.062304076,0.0339574,0.04976942,0.08956077,0.042596422,0.059678238,0.049453158,0.058898054,0.029013623,0.036486447,0.031676278,0.047328584,0.067697786,0.027793111,0.06770063,0.058229245,0.05861448,0.04764845,0.071827136,0.07769493,0.03394704,0.038245257,0.08269642,0.037889346,0.043179754,0.06298115,0.05269092,0.07805533,0.064552195,0.04750115,0.063937865,0.038869068,0.051951647,0.06922571,0.041615862,0.07292446,0.038465887,0.05619204,0.054868676,0.05149703,0.07764563,0.05733643,0.039971367,0.04948729,0.061976954,0.09504227,0.031314265,0.06794829,0.064279236,0.027501205,0.046411652,0.041302223,0.095398635,0.041491386,0.08486205,0.052189365,0.10050292,0.048882972,0.049703307,0.062502064,0.029186767,0.06078647,0.06430732,0.05280045,0.063040115
immerse,0.08409129,0.09198734,0.034426946,0.048979703,0.071640566,0.089131765,0.050907407,0.05626325,0.04918526,0.04620191,0.058868043,0.076054215,0.06176992,0.0746331,0.05834122,0.0450442,0.04474774,0.056977537,0.07416824,0.051501032,0.086334065,0.11050313,0.08470829,0.063913055,0.06684274,0.08157515,0.03671908,0.03923431,0.05576105,0.046307065,0.046287492,0.038293753,0.052110497,0.043169115,0.09555161,0.08776872,0.055636816,0.06132997,0.075973414,0.08327503,0.0739262,0.057257142,0.089873664,0.051815968,0.053259496,0.045427203,0.091829024,0.041067313,0.11824943,0.117325485,0.08507722,0.04085161,0.086533345,0.11615398,0.099142365,0.101917855,0.04211759,0.04666632,0.06270652,0.045281943,0.08837662,0.09989144,0.067941226,0.06425456,0.055291213,0.07832354,0.12172032,0.048163313,0.08149134,0.07435495,0.076495275,0.054408267,0.06837817,0.089681774,0.048464455,0.080686465,0.10261403,0.02536887,0.05697271,0.100085884,0.07493302,0.08670557,0.031587478,0.05841176,0.07634865,0.062187742,0.065577224,0.06888242,0.019873738,0.0806909,0.044424467,0.0,0.07858946,0.046445765,0.06001488,0.043640655,0.056997146,0.06577993,0.03696848,0.05368172,0.08059726,0.087824315,0.07847932,0.069315605,0.10047366,0.055796314,0.031779755,0.066524096,0.055526312,0.046063423,0.06975405,0.06368498,0.082279354,0.057057053,0.056737933,0.077218235,0.036738295,0.14472494,0.09900796,0.10352174,0.051810533,0.04986516,0.09912379,0.052168418,0.048247166,0.05228211,0.060643047,0.04049984,0.042574428,0.04958686,0.039579872,0.06524688,0.09094241,0.062382452,0.034247532,0.06162108,0.082604155,0.08559185,0.051810823,0.09426891,0.042710353,0.053093996,0.059922826,0.056167755,0.070159905,0.035050888,0.04792838,0.058353778,0.12471475,0.09302705,0.05802248,0.0501607,0.071630165,0.05129323,0.06562022,0.07962758,0.051965814,0.10622267,0.08977108,0.08275493,0.06023272,0.069023944,0.037781693,0.05431158,0.046768073,0.090909965,0.06668904,0.0336431,0.06060363,0.08497563,0.05654194,0.04843245,0.052599575,0.079699196,0.05535661,0.06955956,0.0650705,0.044021334,0.06457307,0.07984673,0.118061945,0.05289904,0.045198783,0.08726077,0.06604142,0.10183981,0.07246694,0.047880452,0.029662738,0.09979596,0.078931116,0.07099293,0.0919181,0.050497852,0.058768462,0.035598405,0.044924296,0.09132741,0.070799015,0.04190654,0.04305884,0.054995395,0.081452556,0.06275398,0.08692341,0.10667403,0.08916452,0.050678115,0.07027029,0.11494783,0.038693316,0.08454768,0.061538994,0.08189531,0.051522724,0.03306293,0.06075804,0.052030776,0.092741035,0.04741752,0.08598172,0.083762035,0.08070061,0.07038148,0.098911926,0.10033969,0.022485176,0.05723463,0.10122251,0.05107139,0.06343689,0.07744683,0.080210686,0.08947603,0.085625395,0.07142666,0.078990646,0.024219733,0.07740813,0.09262533,0.06614621,0.09349718,0.06567815,0.07151491,0.07671783,0.07897798,0.100689806,0.083013944,0.05339417,0.039374907,0.08763008,0.1186091,0.05586739,0.08977494,0.082006045,0.048252624,0.06999009,0.060131676,0.118541375,0.0584357,0.1124358,0.07482992,0.12291386,0.07323792,0.07571596,0.08795455,0.042987462,0.08399514,0.08780612,0.079087466,0.08726491
powdered,0.057876483,0.041917533,0.05744316,0.051281426,0.059043687,0.03762157,0.099448636,0.1094824,0.059498172,0.06789893,0.04545511,0.047649015,0.04491617,0.059943244,0.04368735,0.054639876,0.10882361,0.037413865,0.050826203,0.057240047,0.06565642,0.053555872,0.06552756,0.078549124,0.040949173,0.061638944,0.09616516,0.07332181,0.04107396,0.07146377,0.049352545,0.09008423,0.05777692,0.08617273,0.06358217,0.06399512,0.036303815,0.044198867,0.065086134,0.054792598,0.03322036,0.050995227,0.042241592,0.062306944,0.05277793,0.08882765,0.058190677,0.05569756,0.07737565,0.074440084,0.053679425,0.07853901,0.048905384,0.06213788,0.053362567,0.063246906,0.062974356,0.057908233,0.12258007,0.048464578,0.0761923,0.051980358,0.031831857,0.041697145,0.055126447,0.032836907,0.08080923,0.049741894,0.0672024,0.07345968,0.055765167,0.04176508,0.052693754,0.041991863,0.046708785,0.050528057,0.05688279,0.0806825,0.04318155,0.043277506,0.06563976,0.05518549,0.060695086,0.034978416,0.033350676,0.048542157,0.059289925,0.043444768,0.06932883,0.04521434,0.0544788,0.07858946,0.0,0.093764305,0.05080095,0.05134925,0.06347321,0.0570325,0.06730906,0.043394037,0.07944026,0.04578349,0.03652202,0.04176256,0.04949993,0.0748813,0.073598765,0.04460366,0.04997324,0.0557605,0.036420368,0.049054377,0.040901102,0.05828601,0.0444212,0.042123657,0.07295346,0.17918119,0.06221612,0.07764272,0.05294786,0.047968484,0.07805517,0.06179079,0.05698188,0.061430253,0.04264164,0.09600318,0.06183826,0.05378286,0.05957121,0.05662512,0.046136063,0.057312492,0.071080364,0.05678064,0.046388987,0.049665004,0.059645273,0.0735333,0.055505607,0.053304832,0.076061435,0.055439714,0.12879856,0.06144765,0.052209347,0.036300283,0.079601936,0.060951535,0.042427443,0.044501152,0.041792676,0.048579354,0.048125423,0.043269705,0.054367833,0.0710911,0.068891495,0.02889041,0.036571912,0.049284603,0.07015111,0.073455624,0.05128696,0.053364255,0.050327584,0.07453827,0.044824146,0.036581423,0.063058205,0.056604307,0.04698967,0.030555775,0.045905955,0.029905615,0.046958186,0.051724784,0.058310393,0.047165513,0.07314285,0.04136656,0.10172159,0.059849396,0.04672004,0.059257038,0.055298638,0.04782786,0.07396785,0.064072825,0.036479004,0.06474985,0.056802265,0.045698833,0.037085798,0.059303164,0.061716545,0.0701327,0.030615157,0.06101773,0.07583884,0.04766442,0.04709786,0.035914764,0.14552131,0.0581166,0.048196606,0.052378014,0.045608994,0.06619255,0.08554569,0.049710236,0.06496505,0.049639065,0.045293495,0.07135393,0.049779836,0.06552473,0.05797969,0.04913942,0.044064738,0.045522854,0.048416853,0.04118332,0.055211306,0.06384892,0.073303685,0.043586455,0.082447074,0.057794668,0.04915779,0.04944951,0.037839804,0.06833429,0.042499535,0.051933408,0.05279889,0.07279168,0.05008168,0.05386721,0.048434768,0.07133814,0.046261538,0.06873664,0.052099675,0.034148566,0.055864163,0.042504027,0.05271379,0.091235645,0.05174892,0.07640954,0.04835627,0.06705502,0.077105045,0.05859806,0.04787293,0.050400257,0.072952084,0.037325498,0.06887822,0.04818601,0.07971602,0.048738126,0.041709214,0.045583352,0.0618515,0.042179123,0.054104548,0.04245974,0.04117493
sift,0.10266616,0.1090239,0.0589145,0.054038,0.088772945,0.10464786,0.033428643,0.034197465,0.05744733,0.042114377,0.0731999,0.09388161,0.07745858,0.09046218,0.06488885,0.07176826,0.0396475,0.073284864,0.093925536,0.07659285,0.108181305,0.12802002,0.10257761,0.07485952,0.08706973,0.10000614,0.034764107,0.046420675,0.06353625,0.056208275,0.06575768,0.028491175,0.06664383,0.040377185,0.11507657,0.10620333,0.0690445,0.07590228,0.09261253,0.10607554,0.08813575,0.07658932,0.11093117,0.07752365,0.07830375,0.024279589,0.107407905,0.051006276,0.138541,0.13599454,0.10807659,0.039056502,0.10056582,0.13244037,0.117253534,0.12293897,0.05822642,0.06097946,0.046751626,0.06614666,0.10575465,0.117037795,0.07948212,0.07911732,0.078893505,0.09175698,0.14360087,0.05587433,0.09885628,0.08840981,0.09230756,0.06691335,0.09033228,0.10339096,0.058957938,0.09878124,0.120014764,0.039449733,0.07016548,0.11504573,0.07982151,0.10634719,0.06428114,0.06732515,0.092322886,0.084656194,0.08567277,0.08428595,0.05223947,0.10341124,0.054898694,0.046445765,0.093764305,0.0,0.068376265,0.05399333,0.0598713,0.087426975,0.06460348,0.07794028,0.09602564,0.10742922,0.09144348,0.08713352,0.118658595,0.055810656,0.03982449,0.082307175,0.06344606,0.052599464,0.08808148,0.07509152,0.09481324,0.06572346,0.07128327,0.10269526,0.047355413,0.13513346,0.115474,0.124280006,0.06651135,0.057708025,0.11720661,0.06270429,0.056788296,0.059454557,0.067428365,0.043979015,0.055429116,0.061208006,0.05736227,0.076831155,0.107504316,0.07688396,0.038541492,0.07696354,0.098179,0.105255656,0.06043541,0.119042724,0.06211329,0.06881659,0.06183664,0.07631908,0.0534084,0.053773317,0.059774317,0.07653175,0.14550163,0.116530046,0.07184613,0.058669157,0.09483673,0.06866085,0.07817001,0.09637589,0.058957215,0.12562853,0.10967134,0.09775741,0.06843859,0.07997683,0.040011693,0.04943699,0.057174698,0.10796454,0.081947766,0.036719047,0.068925396,0.10093573,0.0600503,0.06072907,0.059571676,0.09411239,0.0719714,0.08069138,0.08685674,0.07012532,0.08342206,0.092376925,0.14048778,0.074627586,0.032092318,0.09694567,0.082972296,0.11867808,0.09042734,0.064716496,0.05074999,0.12050142,0.094249964,0.09015897,0.105700746,0.06770666,0.06916997,0.055619523,0.06462628,0.10997384,0.08378331,0.05708833,0.032880988,0.06586649,0.09322344,0.072144635,0.06419624,0.12654057,0.1055954,0.06010166,0.09146347,0.13565046,0.03338923,0.102906175,0.0839395,0.1021026,0.065059066,0.04213954,0.07635968,0.058413696,0.10924668,0.059023652,0.10031291,0.1012009,0.090104066,0.09181831,0.11500026,0.12109397,0.04362109,0.079065725,0.12184863,0.07166285,0.083268285,0.08888145,0.095570624,0.09578976,0.09931528,0.090883695,0.08968281,0.050675508,0.092182904,0.113184705,0.08103248,0.112766765,0.07565011,0.09174594,0.08725567,0.09207715,0.12106213,0.09692885,0.06023898,0.03407666,0.10620318,0.13900296,0.07403968,0.108542435,0.099414326,0.05286643,0.087683454,0.079196416,0.13992225,0.08230375,0.12959751,0.09654034,0.14400291,0.09074707,0.09621232,0.10188153,0.049657714,0.105807446,0.098031476,0.09515366,0.1068038
shake,0.05714069,0.059680477,0.039333794,0.03658748,0.04647155,0.054353453,0.07683359,0.08427967,0.041436408,0.037271626,0.036737334,0.049309153,0.033597965,0.047068954,0.032105736,0.04554302,0.08771605,0.03767398,0.052559737,0.04795157,0.0678379,0.07619303,0.06301816,0.061098352,0.047644127,0.056405365,0.07578169,0.049516276,0.031521708,0.05281974,0.04194793,0.06856432,0.045054868,0.06521889,0.066571325,0.06439868,0.03575062,0.044203073,0.060804162,0.06216904,0.03533231,0.04565451,0.06217985,0.052565396,0.04262133,0.0628533,0.067164056,0.043780033,0.08967212,0.08203491,0.06233364,0.052775282,0.066836484,0.08438107,0.06544752,0.07586458,0.044665452,0.047890328,0.09813644,0.039086323,0.07189055,0.06858809,0.052195713,0.045121945,0.046755914,0.05713505,0.09575808,0.042058986,0.06334713,0.062921554,0.049799293,0.03925035,0.04896496,0.06857251,0.044839613,0.04616726,0.06541423,0.05710266,0.033391178,0.07458027,0.071032606,0.06235331,0.047558535,0.035473473,0.046162937,0.045079786,0.04991351,0.030845575,0.052148808,0.056840334,0.035933007,0.06001488,0.05080095,0.068376265,0.0,0.043515366,0.048856862,0.049294166,0.052331302,0.04003559,0.07030238,0.056497134,0.05849759,0.045550395,0.069271274,0.06523159,0.054033726,0.04915126,0.048095256,0.039979283,0.042247847,0.052405782,0.060140613,0.031311516,0.024514219,0.05917676,0.05409229,0.16342093,0.07325718,0.07981032,0.036082596,0.03276095,0.079128414,0.044955447,0.03273649,0.04692488,0.05021572,0.07137351,0.03718449,0.027623106,0.0358327,0.046860423,0.05329106,0.04708424,0.053189266,0.04548602,0.05539765,0.054946218,0.04086787,0.076333284,0.04202566,0.02915079,0.06796164,0.04199037,0.10286374,0.04434784,0.041457243,0.040032882,0.09462536,0.07010063,0.028825331,0.04410508,0.04993596,0.03682193,0.04077068,0.044183034,0.034703817,0.07861301,0.06975208,0.053413924,0.04415688,0.031245107,0.045670602,0.062946826,0.035948914,0.05742239,0.047510862,0.048095882,0.052491628,0.050416715,0.044838503,0.03733804,0.04402497,0.044547502,0.04283972,0.048578404,0.05113311,0.042973608,0.049483947,0.065134645,0.09101045,0.037316512,0.0738575,0.074889645,0.043280553,0.06992211,0.052681353,0.03487343,0.05498696,0.07245978,0.043116007,0.055300258,0.077269405,0.03993384,0.04540083,0.04037193,0.046189148,0.07067149,0.04574646,0.045277826,0.06005617,0.030586062,0.04065892,0.041665554,0.12056645,0.07398478,0.060346104,0.03510439,0.050590735,0.08247986,0.0597616,0.050998777,0.05516809,0.055566747,0.03871541,0.049185205,0.038984273,0.05579081,0.065147206,0.03525817,0.06831094,0.046173748,0.040650226,0.043911323,0.06759815,0.07401805,0.05197088,0.03286204,0.08210308,0.042196076,0.047085673,0.06552205,0.0415769,0.079393245,0.06363829,0.049742185,0.06621877,0.051835444,0.04638119,0.06448118,0.03794662,0.073017605,0.03332744,0.059799697,0.036626346,0.039471503,0.072222844,0.036002506,0.04736278,0.06445623,0.054936044,0.08969858,0.038751516,0.06416047,0.06957039,0.035695862,0.04689756,0.048175752,0.0895701,0.04107438,0.075384125,0.054217238,0.0941211,0.044788707,0.04887825,0.04197471,0.040901683,0.05460716,0.045874882,0.045961685,0.05246107
wilt,0.064146504,0.06634979,0.033157147,0.02939541,0.059899658,0.06329123,0.059936386,0.070223175,0.037615474,0.03956913,0.04082125,0.053043,0.044360235,0.057509292,0.03374118,0.038408805,0.06886653,0.032493286,0.05493987,0.04309128,0.07244965,0.08633414,0.06585813,0.053668525,0.045867942,0.065773115,0.053898215,0.037556335,0.03244004,0.037488747,0.03232893,0.05153653,0.03701643,0.04939154,0.07743318,0.067119606,0.029748064,0.043080315,0.056654394,0.06498303,0.049828686,0.038643405,0.067846514,0.045664325,0.043527715,0.05044299,0.0741596,0.024978513,0.0967463,0.09849299,0.06816589,0.040889647,0.06313926,0.09415505,0.0755435,0.08181717,0.038087,0.03467354,0.082497396,0.035558656,0.070545055,0.075978704,0.04406475,0.044007096,0.046927474,0.053267572,0.1052476,0.029023472,0.0639861,0.05838125,0.056792714,0.027020918,0.055430282,0.06690868,0.031667158,0.06015474,0.08080582,0.045284722,0.034274805,0.075949214,0.061594434,0.06827543,0.03759584,0.034531634,0.049798954,0.048448794,0.049239535,0.04756434,0.03813531,0.06483184,0.027634302,0.043640655,0.05134925,0.05399333,0.043515366,0.0,0.04264798,0.052324284,0.044546016,0.044393193,0.06633199,0.06719891,0.055075277,0.04933548,0.076446876,0.049689464,0.037215732,0.047774814,0.038459502,0.031246375,0.048929937,0.04456202,0.060174514,0.046644457,0.038406976,0.05987327,0.042741273,0.15323402,0.08094889,0.08513829,0.036620818,0.029002387,0.0798011,0.04162374,0.03555359,0.042382628,0.038122658,0.05553037,0.034310192,0.038036615,0.03345731,0.048309084,0.0704831,0.04712617,0.035680443,0.041205823,0.05959811,0.06652326,0.039573688,0.08025627,0.032611288,0.041648317,0.0553538,0.047187906,0.08439777,0.033846755,0.03569996,0.03698992,0.102643885,0.07439773,0.037675776,0.025634034,0.05482811,0.035975747,0.047332074,0.05914117,0.036670495,0.08461963,0.07178401,0.054780718,0.035743915,0.052126106,0.036017768,0.047601037,0.031411085,0.06945167,0.049556334,0.03974637,0.040981922,0.06118631,0.04327734,0.033981364,0.02865138,0.054931402,0.040252488,0.04379013,0.04841397,0.039500307,0.05269754,0.06002083,0.09896624,0.036034778,0.060357723,0.06965247,0.04574264,0.07980505,0.0574064,0.03298517,0.041567273,0.07906231,0.05381364,0.05568189,0.07327748,0.033948425,0.03469089,0.033298016,0.036692742,0.0721829,0.04396736,0.036647726,0.03903252,0.035008945,0.061697453,0.035651006,0.10460758,0.084912114,0.06526148,0.034425423,0.04824209,0.09373242,0.045773555,0.06384356,0.05068872,0.06407242,0.030026352,0.038385134,0.04063345,0.047112923,0.07331361,0.031579077,0.06390067,0.06271657,0.061347716,0.05233792,0.075474404,0.08132543,0.036507256,0.042756047,0.08525681,0.043819975,0.047174208,0.058167674,0.05636802,0.07362802,0.063950785,0.055642363,0.06032629,0.040338777,0.05671246,0.073635414,0.048296113,0.07579637,0.04592956,0.057558447,0.058608674,0.054548133,0.08021923,0.061582815,0.036870882,0.052935384,0.06654757,0.096964955,0.036500275,0.0711761,0.06722133,0.03531955,0.051201336,0.04544988,0.096507736,0.043264292,0.09211906,0.05812699,0.101683676,0.05095543,0.05635054,0.06675708,0.03445162,0.06548817,0.06858928,0.055915426,0.06611129
scrape,0.064232476,0.0684422,0.04697744,0.046525463,0.06102762,0.06559131,0.05619373,0.08142855,0.03145243,0.050193705,0.047618166,0.057253737,0.05055188,0.06016898,0.044867586,0.047118388,0.08267819,0.046973567,0.058582917,0.05174888,0.07265591,0.08624528,0.06790047,0.06115356,0.05469432,0.06708127,0.068818174,0.048258048,0.0434499,0.045871872,0.038984664,0.061759096,0.046018604,0.063221715,0.0754446,0.069505855,0.045696884,0.04871859,0.06004501,0.06730849,0.055406004,0.043973863,0.069605716,0.05148757,0.050089363,0.050736208,0.069520965,0.04653283,0.095199764,0.09573416,0.07042197,0.056057684,0.07436426,0.09429295,0.07714008,0.081563026,0.052436184,0.04903492,0.094969206,0.050771397,0.073671706,0.07304221,0.06192626,0.053897537,0.054443132,0.06832819,0.10297713,0.04818447,0.06537209,0.06270082,0.060174022,0.04345481,0.062314842,0.07875011,0.05187769,0.06313209,0.08043356,0.058313437,0.043956608,0.08566923,0.07654468,0.06313331,0.0497765,0.04616637,0.055258147,0.049782608,0.054762594,0.0513951,0.05059807,0.06791653,0.040097907,0.056997146,0.06347321,0.0598713,0.048856862,0.04264798,0.0,0.05618399,0.05584851,0.05408814,0.07128402,0.066542275,0.06840466,0.0577752,0.07955968,0.06532344,0.039241016,0.055575993,0.0476639,0.045389015,0.057227194,0.059189223,0.070282206,0.053986587,0.0471261,0.06655482,0.05622634,0.16098666,0.07610458,0.085451625,0.042684216,0.042357262,0.08035075,0.021509891,0.044552047,0.05035906,0.058777798,0.06756215,0.047084384,0.0472256,0.046913352,0.02655338,0.07164866,0.031279158,0.04983262,0.05169042,0.061096076,0.06502661,0.045675337,0.080619015,0.042786542,0.051231485,0.0678612,0.0534782,0.09669962,0.04080283,0.050722048,0.046300456,0.10148885,0.07567527,0.04658398,0.048002012,0.05758636,0.046272773,0.049448308,0.06038515,0.051994156,0.08520627,0.07388602,0.062164344,0.053415246,0.058725744,0.04964954,0.06453666,0.040706977,0.07053925,0.04814865,0.055253707,0.061144028,0.062125035,0.024975276,0.044128537,0.051459502,0.06352359,0.048688192,0.05993375,0.050502207,0.047475502,0.05687906,0.07406279,0.09760926,0.047627572,0.07114133,0.08450165,0.05249366,0.077342905,0.060648367,0.04746846,0.050687574,0.07853057,0.05795261,0.058442477,0.08652374,0.049154088,0.054950744,0.049061112,0.047158144,0.07352888,0.053843755,0.04423344,0.0554365,0.040754795,0.06569311,0.04924478,0.11570895,0.08371692,0.064250626,0.049959276,0.05699088,0.09200784,0.055530906,0.06549925,0.056964412,0.066001154,0.038596243,0.05411074,0.046954416,0.06111488,0.073717736,0.04625088,0.07660002,0.06506098,0.06465597,0.056800313,0.074244715,0.08082784,0.04773903,0.051997926,0.08603105,0.05244587,0.05144314,0.07391952,0.06012845,0.08893235,0.07183212,0.05809721,0.07497999,0.05122644,0.06027776,0.074671544,0.052747827,0.07567671,0.04541243,0.06314018,0.061274204,0.05510948,0.08093376,0.06249027,0.054915812,0.0645305,0.06835307,0.09526141,0.043227896,0.0718485,0.069813006,0.045583326,0.05450906,0.03959587,0.0965004,0.054541256,0.08889773,0.05873047,0.10018419,0.055866845,0.058367655,0.068192534,0.04221521,0.068301864,0.068338595,0.06036564,0.07007593
smoke,0.03825318,0.054674763,0.04646834,0.05787807,0.04661386,0.054506697,0.09113456,0.1041492,0.054282542,0.06675046,0.04652728,0.03317599,0.044554595,0.04242457,0.050523162,0.029855292,0.10124772,0.043904338,0.031369675,0.024533361,0.041349478,0.07000504,0.0408372,0.04676017,0.03822142,0.036876775,0.087212995,0.052048378,0.05119178,0.048258536,0.044644326,0.08580334,0.042547066,0.076869585,0.04665432,0.03721281,0.04423028,0.046977066,0.035105255,0.044098206,0.04868041,0.030535104,0.051486827,0.038428936,0.024953935,0.08364149,0.063805476,0.05628359,0.067218915,0.06928501,0.046114743,0.0659886,0.071894415,0.08308596,0.05613891,0.059601404,0.046759855,0.05454794,0.11288621,0.04956022,0.043612164,0.060087405,0.06639228,0.055895153,0.030229364,0.06946057,0.08199562,0.060701042,0.04182827,0.041171703,0.03526667,0.046595935,0.03771529,0.07794312,0.062230173,0.043065883,0.061786566,0.06915576,0.04094876,0.08203125,0.08886572,0.049282838,0.04611054,0.049707487,0.046301663,0.04135471,0.032193076,0.035268314,0.053772483,0.046438165,0.047167804,0.06577993,0.0570325,0.087426975,0.049294166,0.052324284,0.05618399,0.0,0.044990983,0.048826303,0.043139998,0.048919387,0.07067889,0.050180085,0.06346099,0.083316684,0.06163304,0.050720405,0.063722596,0.057285484,0.043712944,0.06345177,0.071704775,0.05602311,0.04568415,0.046004392,0.065342925,0.1716982,0.06816858,0.05173143,0.039799515,0.048833437,0.050100204,0.04738948,0.053025585,0.061299503,0.067876704,0.07222431,0.049665775,0.0534077,0.04728134,0.042723674,0.05888943,0.03904425,0.06782125,0.034530196,0.055157173,0.04396053,0.046838745,0.049270883,0.03719066,0.03567297,0.0857864,0.031221727,0.111005045,0.049092356,0.05323186,0.043131158,0.07435335,0.048077013,0.04679988,0.06008482,0.03654661,0.044192623,0.04519807,0.043439057,0.059231676,0.057188787,0.044926446,0.053181756,0.061767273,0.054551613,0.06371373,0.08391218,0.052992016,0.057145953,0.03912334,0.063871644,0.07082101,0.053626038,0.05871269,0.044387672,0.062057327,0.053411175,0.04675556,0.062893264,0.04423093,0.03945849,0.03646753,0.07631313,0.07595106,0.042627804,0.08854747,0.088765346,0.033765044,0.06349816,0.042357843,0.04019003,0.05663439,0.050907318,0.043274697,0.03345148,0.086604044,0.0481427,0.060296677,0.05436814,0.038695782,0.043134816,0.052641705,0.05054315,0.0765838,0.040097278,0.060264733,0.054205168,0.13760681,0.060021594,0.054147284,0.054735538,0.032862496,0.06769971,0.07131759,0.039579548,0.03673276,0.049120788,0.040498815,0.06564917,0.038289174,0.07317376,0.05601181,0.054599263,0.07691541,0.041238554,0.06520272,0.039437328,0.06113303,0.056417387,0.05764007,0.0377903,0.0535881,0.031118888,0.03759765,0.079381295,0.04892076,0.09697615,0.07262542,0.036389522,0.079259105,0.05375431,0.052634645,0.05438216,0.045524154,0.04940316,0.048090577,0.036426242,0.057357445,0.04965342,0.06515186,0.052372497,0.06428258,0.078206114,0.04881847,0.06862012,0.035341326,0.040392637,0.043927625,0.057179667,0.04879559,0.04013995,0.07064423,0.043016087,0.06974752,0.042802256,0.071778595,0.03181846,0.045370217,0.05639217,0.058199737,0.051403772,0.064742476,0.048559282,0.047501445
marinade,0.06776836,0.07419552,0.029869298,0.050093174,0.055632837,0.07325183,0.06803425,0.078244366,0.048532013,0.052992158,0.050463405,0.060137205,0.05496307,0.062114127,0.051033456,0.029207703,0.07094441,0.0481902,0.05639104,0.03344082,0.06869965,0.09361483,0.06782089,0.05488446,0.05403157,0.06294181,0.060135134,0.042643916,0.05018872,0.046336904,0.038755782,0.06023811,0.04599619,0.055929262,0.07502897,0.0701273,0.04869831,0.052172896,0.062220618,0.0660444,0.061858866,0.041695487,0.07343268,0.04716722,0.034981936,0.06297059,0.07782429,0.044409778,0.099004835,0.09385184,0.069756925,0.04999217,0.08007548,0.102491856,0.08202188,0.08629131,0.038058758,0.049224142,0.0840146,0.042141072,0.072879724,0.081583515,0.06497533,0.0591341,0.03014774,0.07358752,0.10449104,0.051028173,0.068312615,0.061625395,0.05852058,0.047754906,0.0490839,0.084501594,0.05282873,0.06448701,0.08553277,0.040055566,0.047914967,0.09230313,0.080839366,0.07019227,0.029835895,0.05133796,0.06267079,0.046467822,0.05301872,0.053878747,0.027256934,0.060706627,0.0427438,0.03696848,0.06730906,0.06460348,0.052331302,0.044546016,0.05584851,0.044990983,0.0,0.046809115,0.066080965,0.06899236,0.07421102,0.061915632,0.084999174,0.06841162,0.041869845,0.05892456,0.057544146,0.047077864,0.053714026,0.06220312,0.07724487,0.053183354,0.049933985,0.05772847,0.04603618,0.15693387,0.08453973,0.084154226,0.042589102,0.047221705,0.08183463,0.048397087,0.04436753,0.054142915,0.06202176,0.0508633,0.040107153,0.049000595,0.039021175,0.05541063,0.07680251,0.05176738,0.041467257,0.04823954,0.070409834,0.0668386,0.04449047,0.077975295,0.03334327,0.038379196,0.07206409,0.036418125,0.08818897,0.03240954,0.04392496,0.051855788,0.105078466,0.0720588,0.050364662,0.051753145,0.054399032,0.04536996,0.05529202,0.0623054,0.051898353,0.08822441,0.07442412,0.06946429,0.057752375,0.060536884,0.04223166,0.06687374,0.045969445,0.07646048,0.05348295,0.040464927,0.06337569,0.073031105,0.056728743,0.04351673,0.054144453,0.06756507,0.04729931,0.06521747,0.050100464,0.030368041,0.047067415,0.07815549,0.10212046,0.04690003,0.06411659,0.087810285,0.05151566,0.08528227,0.056920815,0.040359814,0.03782198,0.08052844,0.063393466,0.057427097,0.09021872,0.0464578,0.057583466,0.041731447,0.039028842,0.07455934,0.061408676,0.043425653,0.05738445,0.045845296,0.07216758,0.05631615,0.10946672,0.08725599,0.074836954,0.048762567,0.052186433,0.09633268,0.052410573,0.067010745,0.050258845,0.06768287,0.043248482,0.0434012,0.05055299,0.0583844,0.07600409,0.04721149,0.08163829,0.06448111,0.07415251,0.055317935,0.08364134,0.08236638,0.035906892,0.04565625,0.08562616,0.03428651,0.047808643,0.07755537,0.066325516,0.09296469,0.08005772,0.055040248,0.078484,0.02842311,0.065565355,0.076570705,0.054105155,0.07722159,0.05605406,0.05744636,0.06853248,0.06585008,0.08651243,0.0695803,0.056828544,0.05467609,0.07135947,0.09953881,0.046196323,0.073223025,0.06965153,0.048576806,0.057634756,0.048456088,0.100063555,0.045279685,0.094486155,0.06185725,0.103454694,0.05680181,0.06438745,0.0741037,0.0450672,0.069064334,0.07826881,0.064616196,0.0688568
dissolve,0.056122653,0.055173416,0.035707872,0.04400535,0.05379389,0.051860884,0.0832235,0.09310273,0.044785094,0.051687192,0.04150079,0.04805125,0.03368262,0.04771697,0.042637996,0.037483595,0.08743549,0.03504224,0.049730595,0.042075448,0.0639415,0.06942744,0.0618773,0.06573536,0.039985567,0.060310222,0.07657693,0.057255715,0.038963657,0.058031995,0.03410427,0.072114356,0.045532726,0.07213593,0.066867486,0.062284317,0.031724494,0.040658746,0.058966763,0.05020104,0.03698568,0.040223304,0.05061862,0.042096622,0.03887595,0.072018415,0.063642204,0.04603986,0.083482444,0.08263737,0.05399342,0.06215468,0.055304673,0.077788055,0.061309468,0.06615883,0.049321815,0.04510411,0.10570066,0.036361083,0.069850795,0.06381722,0.042128664,0.039754614,0.043235328,0.044328168,0.08709586,0.044859935,0.06148133,0.06533346,0.053753003,0.040506296,0.04800187,0.053506363,0.039639447,0.049528245,0.06547975,0.06125939,0.03901326,0.05974436,0.063689165,0.057721093,0.037126143,0.039053958,0.04422105,0.037692104,0.048291285,0.039996043,0.04459944,0.05158519,0.044012506,0.05368172,0.043394037,0.07794028,0.04003559,0.044393193,0.05408814,0.048826303,0.046809115,0.0,0.07030204,0.05211277,0.045920216,0.032350644,0.061760314,0.06480428,0.05470684,0.046937868,0.04351014,0.049058422,0.038867302,0.045282982,0.049440727,0.037815865,0.031788826,0.04224984,0.058225118,0.16680968,0.068521276,0.075362645,0.043658245,0.04020422,0.075194165,0.048287846,0.045081943,0.05528084,0.04400932,0.0770621,0.046600282,0.033002157,0.041407645,0.049825843,0.04900612,0.046811517,0.05618963,0.04845795,0.054231886,0.05544234,0.05250204,0.06567601,0.040410794,0.039588626,0.066860214,0.047751486,0.110238545,0.042519785,0.048346855,0.034182213,0.08740384,0.06101124,0.037102945,0.043260716,0.03997122,0.038866702,0.042225458,0.043305352,0.041471403,0.07369475,0.0635342,0.048672326,0.04013761,0.041102614,0.056423735,0.064379856,0.040467814,0.058063317,0.0459048,0.0561668,0.043986976,0.045487657,0.050031755,0.04186991,0.044704866,0.03689246,0.038702607,0.040129736,0.04003159,0.034798224,0.054239392,0.051797733,0.079957336,0.029632846,0.08356855,0.0620457,0.042368576,0.06942175,0.05517839,0.03753307,0.052452303,0.06582919,0.04573676,0.05323232,0.061384328,0.035040326,0.040634368,0.040539637,0.045572888,0.06668647,0.0413755,0.04525408,0.06690686,0.040903527,0.037897535,0.043512173,0.12928952,0.069622025,0.058982532,0.039296877,0.04194855,0.076585114,0.06928105,0.05076811,0.047626942,0.050696958,0.03974056,0.05554334,0.04316695,0.058529425,0.068181835,0.04131523,0.053333286,0.045668483,0.039957467,0.039275475,0.0676319,0.07146015,0.051596917,0.028051803,0.076863244,0.04610943,0.04641587,0.052801743,0.045043107,0.06918809,0.05020525,0.052350942,0.055002257,0.049831707,0.050419327,0.058231123,0.04412306,0.06726304,0.044047724,0.055645436,0.03902952,0.045835324,0.06324625,0.041721106,0.044873327,0.07433039,0.05494586,0.08304304,0.040129106,0.06201201,0.06757265,0.05075067,0.046507925,0.03979237,0.080831535,0.026764965,0.07779261,0.04956953,0.0870812,0.046685405,0.043596555,0.04773074,0.049654033,0.048674244,0.046998084,0.047225676,0.043551493
toast,0.05045287,0.07767146,0.064895175,0.07681245,0.061923675,0.0789115,0.102354325,0.11356621,0.072562404,0.081687,0.07144733,0.05355381,0.06407035,0.05052221,0.07204644,0.055879455,0.110080756,0.06615119,0.052792363,0.044962123,0.05011528,0.086629614,0.04689309,0.029603532,0.06241741,0.049351275,0.093231924,0.062304437,0.07385224,0.053460013,0.06465223,0.09676828,0.05559524,0.09019247,0.05803373,0.042928036,0.061303224,0.068943016,0.034428727,0.060090605,0.07219076,0.043354172,0.07299965,0.047797214,0.050448537,0.09515085,0.08452076,0.07362967,0.071769446,0.084050864,0.06819738,0.07404638,0.088522166,0.10261602,0.07127666,0.06953849,0.06680656,0.068085864,0.121564016,0.07350138,0.025055587,0.08222755,0.08708499,0.075673595,0.057677206,0.09059616,0.09548311,0.0814916,0.045642044,0.01930354,0.04078894,0.06890969,0.058883317,0.09625859,0.08212182,0.060738403,0.07945436,0.08236895,0.0619029,0.100724526,0.10548046,0.07044663,0.064405076,0.06773118,0.07015794,0.06272031,0.04364399,0.05879975,0.0693748,0.06888385,0.06587282,0.08059726,0.07944026,0.09602564,0.07030238,0.06633199,0.07128402,0.043139998,0.066080965,0.07030204,0.0,0.0734194,0.08923535,0.0666966,0.08048891,0.096031755,0.074206784,0.075285286,0.082673214,0.07945268,0.06858588,0.07941203,0.09142127,0.076180644,0.06694895,0.06807859,0.082025476,0.17205375,0.087579295,0.050382875,0.06001021,0.070979826,0.038557634,0.061961483,0.073928125,0.07894205,0.087752454,0.0773274,0.064702384,0.070664704,0.06533519,0.058314957,0.08139649,0.05567021,0.0831443,0.044135634,0.078176126,0.06721657,0.06467747,0.052619725,0.055298988,0.05994705,0.099051096,0.05891357,0.10893478,0.06834496,0.0711129,0.06584179,0.08177064,0.06243482,0.07036598,0.07958108,0.059562173,0.0667995,0.06556129,0.06917012,0.07757258,0.06092154,0.04368858,0.07942499,0.08346068,0.07419921,0.08000907,0.09843663,0.07405942,0.0746963,0.05819845,0.07705479,0.091072254,0.07375625,0.07513627,0.059382893,0.08206849,0.07355057,0.06621929,0.08485726,0.06628114,0.061465748,0.055129576,0.09516532,0.08945004,0.064767316,0.0965774,0.10456089,0.05123474,0.085291214,0.060732387,0.06263689,0.06705858,0.059458192,0.06658199,0.03770624,0.10282291,0.07059579,0.082119174,0.07348095,0.04949933,0.037014484,0.07680921,0.065409936,0.08997669,0.061213657,0.07769006,0.07748268,0.14356065,0.07870962,0.07709271,0.07224304,0.045391977,0.08634589,0.080758795,0.05686756,0.03676219,0.073103026,0.064094424,0.083672985,0.055291332,0.089740135,0.07262379,0.077068865,0.095128395,0.060656924,0.08460892,0.06511993,0.083537206,0.07217861,0.070171185,0.060896546,0.04757113,0.057024464,0.06490756,0.09657273,0.07398049,0.11268718,0.09336647,0.059867512,0.097445816,0.066923566,0.07071927,0.07674145,0.06757674,0.053892557,0.07129451,0.033671495,0.074833006,0.07365365,0.08218947,0.073918976,0.08132768,0.09162065,0.06636066,0.07505073,0.053450413,0.041755207,0.029156426,0.077695064,0.07448305,0.05942424,0.08058763,0.06958102,0.089498185,0.065621264,0.080218896,0.04470206,0.06889734,0.0767473,0.07872973,0.0776393,0.08384377,0.068424724,0.06954392
squeeze,0.04466069,0.029695464,0.062130082,0.066741675,0.0543546,0.030490227,0.10879154,0.12509628,0.067641504,0.081689164,0.046905145,0.03639482,0.050210644,0.055342626,0.057108477,0.053061962,0.1243631,0.04690729,0.043402478,0.054431364,0.04846398,0.046669476,0.054318585,0.0786845,0.040975027,0.04923788,0.111307666,0.08222134,0.05807303,0.07899956,0.050377123,0.104487024,0.06540135,0.097698525,0.046448667,0.05223132,0.0517079,0.05064791,0.060093157,0.0428192,0.036301445,0.049633145,0.03125691,0.061050028,0.04769063,0.10139451,0.042936265,0.07096589,0.056150958,0.055650417,0.039168365,0.09105983,0.068977654,0.060559962,0.039929986,0.04975953,0.07091644,0.073132865,0.13721916,0.058396403,0.06575827,0.03138026,0.06417057,0.058323026,0.051824052,0.06055642,0.062202305,0.06887357,0.060639963,0.06945692,0.050267033,0.053420477,0.04910989,0.06868248,0.07000654,0.03654508,0.036887977,0.091833815,0.048377633,0.06656588,0.09285158,0.031520348,0.06331433,0.05613518,0.03311417,0.03716129,0.05192623,0.03684645,0.075438894,0.03848885,0.06352938,0.087824315,0.04578349,0.10742922,0.056497134,0.06719891,0.066542275,0.048919387,0.06899236,0.05211277,0.0734194,0.0,0.0656316,0.051100902,0.043978326,0.09735886,0.07963957,0.05118799,0.06636591,0.06658069,0.038211398,0.069639355,0.064262494,0.06734375,0.05051521,0.034272052,0.08370037,0.18851897,0.044730708,0.0581023,0.0521589,0.060466725,0.06341216,0.061346047,0.061279695,0.07529254,0.07204181,0.105534464,0.066850714,0.06347054,0.06473264,0.05120084,0.038034324,0.04927763,0.08323056,0.05805485,0.038913112,0.032445908,0.06376757,0.0558745,0.057596255,0.057145987,0.099059686,0.053114973,0.1411781,0.06380016,0.06913797,0.04604122,0.057675987,0.038657703,0.04465913,0.06865026,0.03467212,0.052187745,0.048330482,0.033516005,0.0693787,0.05270333,0.059607107,0.03805518,0.06321925,0.055692416,0.079248235,0.096740454,0.06020069,0.038104467,0.0438719,0.086745314,0.07369526,0.03792012,0.06547182,0.06423719,0.06873209,0.043086763,0.055508107,0.059313543,0.035934314,0.054875482,0.051886253,0.07307306,0.057157617,0.047509737,0.113748044,0.08773496,0.046087325,0.036088783,0.049444612,0.054771688,0.08103385,0.04272522,0.031656496,0.05408591,0.081935495,0.057063032,0.06353177,0.067887984,0.06382061,0.057333447,0.048068214,0.068471156,0.09541427,0.049838316,0.0548785,0.054394756,0.16101003,0.038521178,0.03493607,0.066239856,0.038743053,0.04266112,0.096263565,0.033440847,0.06077353,0.037791245,0.048943177,0.081716634,0.048263293,0.0866181,0.051663436,0.05919001,0.06980202,0.036242187,0.058328256,0.033439655,0.03769558,0.042457245,0.081136845,0.044457912,0.068069436,0.057495527,0.042645372,0.07762502,0.028437171,0.09688145,0.061493367,0.044456024,0.07861302,0.078113765,0.04242591,0.03786815,0.042238403,0.060327854,0.04344547,0.059992675,0.05697171,0.03836067,0.04324613,0.03879595,0.07515891,0.10295706,0.033298362,0.054068103,0.047071025,0.053792883,0.07023216,0.06685066,0.037495058,0.04311673,0.052811775,0.041578937,0.04389834,0.039651304,0.05629109,0.036669653,0.034446716,0.043147344,0.0677343,0.02692694,0.05510469,0.033756282,0.030811524
grind,0.0719521,0.0645731,0.063269794,0.05626253,0.071746774,0.05795874,0.097470514,0.10455249,0.060442496,0.06871593,0.055280052,0.06399841,0.051966608,0.07072052,0.05308547,0.064276405,0.1016421,0.050570365,0.064444505,0.068424106,0.08065137,0.07219218,0.07744527,0.084963195,0.05480264,0.076805815,0.09133238,0.07585938,0.048690002,0.07365223,0.057480637,0.087581865,0.058637865,0.08429746,0.07927245,0.07696445,0.04408743,0.046818815,0.07390594,0.06562494,0.046774544,0.060203027,0.0581734,0.06887951,0.06452832,0.08619832,0.07489582,0.059969697,0.09404816,0.09178884,0.06844144,0.07892311,0.03166931,0.066669494,0.07183716,0.07571154,0.06804268,0.048649017,0.11758366,0.049651336,0.08710734,0.07035541,0.022520974,0.033139672,0.06652792,0.01939201,0.09666068,0.047000464,0.07550611,0.082016505,0.068958335,0.05249364,0.067410365,0.022311838,0.042570725,0.065661274,0.07516097,0.08082476,0.055603325,0.02907898,0.041323885,0.07283084,0.06493549,0.04328779,0.054711018,0.061660033,0.07047181,0.05821933,0.07154805,0.06072629,0.059212014,0.07847932,0.03652202,0.09144348,0.05849759,0.055075277,0.06840466,0.07067889,0.07421102,0.045920216,0.08923535,0.0656316,0.0,0.042836018,0.06883514,0.057394776,0.074761115,0.05279462,0.042833228,0.061597202,0.056579538,0.034359034,0.024454236,0.06175003,0.051732033,0.056415066,0.07275657,0.17389987,0.07884327,0.09239362,0.06281151,0.0563086,0.09163207,0.06914892,0.062729865,0.058980163,0.03787106,0.09477275,0.067636885,0.05739805,0.06535156,0.06704358,0.0567512,0.068329446,0.071205124,0.065678075,0.06070848,0.06562598,0.065831594,0.08651191,0.06311212,0.06299208,0.056410078,0.067479745,0.12366866,0.06706241,0.054093916,0.04595383,0.09649362,0.07773892,0.054755107,0.04442177,0.05330193,0.056209866,0.055587105,0.05999656,0.059848428,0.08746476,0.07730542,0.051276676,0.042699803,0.05997209,0.074170165,0.05913088,0.053012643,0.06951425,0.061688066,0.0755428,0.035523795,0.048949867,0.068697356,0.05926847,0.044871572,0.038573083,0.046583556,0.026233941,0.061404455,0.057523847,0.07140939,0.02252146,0.08530903,0.046458088,0.09822638,0.031181287,0.058148738,0.077697545,0.066200115,0.05387103,0.076204926,0.081307456,0.05402917,0.075936444,0.030770522,0.049065452,0.03860038,0.06050612,0.068276726,0.08319604,0.036379486,0.063144475,0.074850075,0.057871763,0.05287078,0.050761145,0.13908653,0.07587652,0.067170985,0.0588792,0.06343257,0.08451095,0.084811404,0.066029646,0.07376153,0.06359815,0.056130998,0.0719472,0.059991024,0.054328542,0.06931522,0.056267235,0.01861805,0.061401602,0.053184684,0.056162324,0.075020224,0.081813194,0.07434067,0.052902285,0.09367211,0.067948416,0.06283046,0.021771668,0.054208726,0.039820597,0.027360791,0.06497005,0.026872607,0.07585855,0.063996956,0.068858914,0.060986906,0.07962475,0.059481632,0.07865803,0.058387034,0.048849486,0.06800374,0.056421764,0.040551692,0.089135654,0.06894944,0.093506366,0.05955615,0.07939564,0.085129894,0.06538429,0.06056205,0.060664076,0.08974604,0.046745446,0.08650418,0.06202671,0.098064795,0.06523779,0.05451376,0.06154365,0.06595941,0.060223483,0.06306869,0.060317263,0.05525797
blitz,0.04693448,0.051602878,0.04777944,0.049466755,0.054809045,0.04790558,0.09271623,0.10278089,0.049735304,0.060629483,0.04359017,0.043353148,0.031162634,0.042862028,0.048154093,0.04794701,0.10074121,0.035895694,0.04466779,0.04797483,0.062248304,0.06302912,0.052813046,0.06578087,0.037018903,0.057123136,0.08847131,0.063479066,0.045496643,0.06074801,0.04413408,0.08442825,0.043206453,0.08050457,0.059785586,0.053863734,0.033505984,0.04135872,0.050835427,0.04527214,0.03482238,0.043332137,0.042127896,0.044697154,0.04443219,0.08114051,0.058514267,0.051790815,0.0711943,0.0774911,0.04926337,0.067748815,0.04734038,0.06760976,0.05266699,0.050746575,0.057352114,0.046464905,0.11594621,0.044876482,0.06067847,0.05869342,0.045040086,0.03779954,0.050745867,0.040674932,0.07564395,0.050697677,0.05402618,0.06056735,0.050887123,0.043492258,0.049448527,0.048254102,0.046416596,0.04201634,0.057171643,0.07349437,0.038592562,0.05270793,0.06337293,0.056271367,0.05011251,0.04076477,0.04008175,0.04329696,0.04632925,0.039799094,0.06075816,0.05215819,0.04808947,0.069315605,0.04176256,0.08713352,0.045550395,0.04933548,0.0577752,0.050180085,0.061915632,0.032350644,0.0666966,0.051100902,0.042836018,0.0,0.05516854,0.06690043,0.065450475,0.04693963,0.044809736,0.055540588,0.03858332,0.040167846,0.043769676,0.04641856,0.03624747,0.045314677,0.0671854,0.16873506,0.06124425,0.06749622,0.046080243,0.04505663,0.0664903,0.05268209,0.05176058,0.05847972,0.048647493,0.0849528,0.052029576,0.03977363,0.0487666,0.049321413,0.043270342,0.04736668,0.06797612,0.04893727,0.05045333,0.052589905,0.05647342,0.06035414,0.047248878,0.046733372,0.06913531,0.05353038,0.116112776,0.053942613,0.052539077,0.0338654,0.07598535,0.057253733,0.041003063,0.04883366,0.039524127,0.04208386,0.041738607,0.041742887,0.047426812,0.06437263,0.052116163,0.04505948,0.046849106,0.043381777,0.06490591,0.06955962,0.046550795,0.05027471,0.045606196,0.06717592,0.05163667,0.038330093,0.0537668,0.043108787,0.050730888,0.032942493,0.040295795,0.0423978,0.04595631,0.04460384,0.05715589,0.049176153,0.0654822,0.033260733,0.092329554,0.058622193,0.038880464,0.06475425,0.05374018,0.043090913,0.06359914,0.057359476,0.04253377,0.0497545,0.05534222,0.04080159,0.04471838,0.050410874,0.048525766,0.05683304,0.03740077,0.05003876,0.07484344,0.044796355,0.03634191,0.04666128,0.13858472,0.06022288,0.05442706,0.042959765,0.042378075,0.06694786,0.07584786,0.046564113,0.04676964,0.04772501,0.045115013,0.06621565,0.037873052,0.062732294,0.06284131,0.048343074,0.04856185,0.042090748,0.040397316,0.034610067,0.062677816,0.06741007,0.06193647,0.029866021,0.06746044,0.05180004,0.0494876,0.050946865,0.044298965,0.06700474,0.044500325,0.0518312,0.052112546,0.06296976,0.045304663,0.053275086,0.04316003,0.05731822,0.045608174,0.05285485,0.036593016,0.043775223,0.049237136,0.039561618,0.0466361,0.084471405,0.046947032,0.0715864,0.04070602,0.052612778,0.059392653,0.056884706,0.04942166,0.04430098,0.06918516,0.036403384,0.07115436,0.046410337,0.07719321,0.04132506,0.03887435,0.045564424,0.05856681,0.046041116,0.044592217,0.042518232,0.04263207
bubble,0.0509819,0.03422915,0.07604713,0.07773224,0.06794222,0.040116437,0.12165,0.13528101,0.077071,0.09046338,0.06415953,0.04968244,0.05898316,0.05861074,0.067987345,0.0696231,0.13528769,0.05634282,0.05492642,0.068403095,0.063233815,0.025050605,0.0590441,0.087755874,0.051782977,0.06277127,0.12075221,0.09233952,0.06695251,0.08957858,0.06626456,0.113147855,0.07465228,0.10971464,0.05886205,0.057482406,0.058726396,0.06310971,0.06610384,0.052142352,0.046263203,0.0629676,0.039314568,0.06799995,0.06308566,0.11137855,0.059520982,0.07891205,0.05707143,0.06181201,0.050917625,0.09955056,0.06896164,0.06612859,0.020906113,0.04962502,0.084706165,0.0831487,0.14893967,0.07336489,0.07057016,0.041641198,0.071714,0.06549976,0.068225466,0.06537618,0.06720247,0.08059756,0.065148115,0.07862361,0.060754985,0.06520538,0.062534206,0.06696114,0.079543635,0.048444264,0.04839655,0.10467349,0.060305934,0.0663355,0.09747507,0.052080076,0.07830317,0.06456527,0.04349508,0.057390172,0.058615137,0.05054526,0.08977955,0.05753532,0.07716804,0.10047366,0.04949993,0.118658595,0.069271274,0.076446876,0.07955968,0.06346099,0.084999174,0.061760314,0.08048891,0.043978326,0.06883514,0.05516854,0.0,0.10482502,0.09449603,0.063867085,0.077316895,0.081814565,0.05005236,0.075877756,0.068224296,0.07598062,0.059086297,0.049863998,0.09661643,0.19455856,0.05872918,0.060251165,0.06802379,0.07211647,0.0657437,0.07464038,0.07615667,0.08829153,0.07625885,0.11763363,0.079354085,0.07143113,0.076347746,0.06448704,0.047695838,0.06392838,0.0961819,0.065200046,0.05400268,0.05422546,0.08074089,0.058146335,0.07257093,0.0707467,0.10707172,0.071354166,0.1502153,0.08113119,0.08155711,0.056698482,0.05575851,0.04973577,0.060918495,0.07687678,0.049768392,0.06733103,0.060827855,0.045078233,0.07686385,0.046067644,0.06236732,0.04433648,0.06562892,0.063288644,0.09284,0.104619205,0.07339119,0.05111344,0.058832772,0.09823154,0.08076456,0.04478783,0.076458335,0.07417389,0.077433124,0.04915766,0.06680631,0.066031754,0.054318562,0.07150789,0.071048886,0.0772551,0.05740801,0.05748849,0.124426365,0.09001637,0.057754163,0.05255841,0.067591384,0.06952385,0.09247478,0.045737147,0.04639789,0.06286304,0.08186324,0.06929818,0.06981149,0.08102864,0.075657755,0.060139943,0.05702926,0.07864122,0.104930624,0.06653983,0.056879222,0.061818246,0.17103633,0.048288696,0.051524743,0.07437365,0.051067628,0.0485038,0.10724612,0.048783537,0.06674073,0.050931092,0.066176146,0.09632657,0.060610916,0.0977099,0.067626715,0.07447569,0.07217543,0.044258785,0.06115816,0.05008589,0.052835327,0.05954945,0.094282135,0.057143632,0.06932752,0.073943116,0.06121707,0.0819716,0.04761475,0.09847388,0.06649117,0.063477844,0.08184926,0.09184047,0.057650607,0.04885515,0.059877276,0.065005794,0.060421728,0.067055576,0.059995763,0.049921118,0.049290776,0.046545133,0.08308153,0.11544591,0.047296993,0.05484189,0.061341118,0.058210522,0.07429744,0.08174659,0.058632914,0.059796605,0.049562953,0.057467822,0.05740984,0.0557467,0.056366093,0.051981352,0.049468376,0.048200715,0.08362445,0.045956492,0.057200894,0.049307555,0.043256182
slash,0.092798255,0.098539755,0.058393493,0.051168542,0.084883206,0.09227442,0.0634504,0.06274316,0.0546785,0.052342366,0.06626118,0.08650361,0.06734839,0.0856044,0.061464887,0.068654016,0.059048913,0.06490323,0.08427366,0.07444226,0.10171194,0.113259606,0.09485591,0.079866625,0.076629594,0.094323516,0.054727722,0.05592736,0.058639053,0.058395106,0.06381966,0.054949176,0.056367118,0.054549553,0.10526473,0.09756566,0.056540094,0.061714943,0.085426435,0.09309734,0.075528555,0.071182385,0.094665535,0.073505975,0.07389755,0.054622136,0.10041395,0.05057382,0.12651142,0.12551662,0.09711731,0.051935077,0.06313867,0.10635305,0.10486588,0.10717335,0.0587013,0.036242,0.07342731,0.053628232,0.101375654,0.10512034,0.05209809,0.051405452,0.07568418,0.059731442,0.13007106,0.040617805,0.0900375,0.08685074,0.08677009,0.06007925,0.08390683,0.06745721,0.040530514,0.088641465,0.10708358,0.053652268,0.06533633,0.07982226,0.037192684,0.09865503,0.06072877,0.057252746,0.08154265,0.07707191,0.08108309,0.0784455,0.056992367,0.08865776,0.05175524,0.055796314,0.0748813,0.055810656,0.06523159,0.049689464,0.06532344,0.083316684,0.06841162,0.06480428,0.096031755,0.09735886,0.057394776,0.06690043,0.10482502,0.0,0.053542495,0.069344416,0.04274829,0.052993976,0.08020809,0.04145438,0.060393862,0.06445193,0.0638363,0.08818557,0.052127935,0.14780992,0.1068215,0.1168854,0.06443766,0.057101738,0.11176934,0.06749784,0.05831244,0.046213645,0.044550944,0.06132772,0.056899067,0.05971695,0.058482304,0.07593475,0.09094383,0.07738684,0.050345,0.07240144,0.085625626,0.09209874,0.060028687,0.11093273,0.06244705,0.0675406,0.02223534,0.07359706,0.079786055,0.058231484,0.049175676,0.06342865,0.13243139,0.10621762,0.06657957,0.043966662,0.080534376,0.06147109,0.07073357,0.0875904,0.057973433,0.11669054,0.09868285,0.0838373,0.055455703,0.07524981,0.053951364,0.02563399,0.051716715,0.09488812,0.0771943,0.052876707,0.045327403,0.0847423,0.06663891,0.0556401,0.046168067,0.075440764,0.057364594,0.056348704,0.08028721,0.06253119,0.08006058,0.05458434,0.12185125,0.060504608,0.05761551,0.053819016,0.07411303,0.108840555,0.08085254,0.05756756,0.059576184,0.11093709,0.082442015,0.08744448,0.06370765,0.056023452,0.05064997,0.05211269,0.064437665,0.103168935,0.062431544,0.05505413,0.044113692,0.06399072,0.08071141,0.06522587,0.090931855,0.11184505,0.09493598,0.058684,0.084659904,0.12200286,0.052265737,0.093583934,0.08092242,0.09068001,0.06285191,0.049299702,0.0694487,0.034755956,0.09302376,0.05598604,0.062486604,0.090625316,0.07893357,0.08058318,0.1047424,0.11020749,0.05225052,0.06904615,0.11437919,0.070132524,0.07618898,0.04832495,0.08466484,0.05127711,0.066381715,0.0807871,0.04814831,0.059291203,0.081324294,0.10071912,0.07361179,0.10246057,0.07313815,0.08884462,0.078873664,0.0789307,0.10179669,0.08635769,0.03148106,0.05432113,0.094369285,0.12709352,0.068607554,0.10138041,0.09478785,0.057244845,0.078820474,0.073782265,0.1263227,0.06819451,0.11827415,0.084363125,0.13274759,0.08437618,0.08151663,0.09277871,0.0548882,0.09196603,0.089791305,0.08364948,0.09179494
blot,0.075847454,0.08349614,0.03544363,0.04287804,0.06778197,0.08117221,0.042150922,0.05818979,0.040437907,0.042281125,0.050604276,0.06995127,0.05775293,0.06846028,0.05075347,0.044225827,0.054694105,0.05167337,0.06806132,0.050457828,0.08158643,0.10380417,0.07813471,0.057489675,0.06254819,0.076005,0.04222795,0.035444863,0.04917591,0.039343216,0.03564287,0.036509003,0.04630892,0.042617083,0.08918723,0.08052721,0.048442185,0.05367562,0.06827414,0.07818882,0.06696415,0.050161842,0.08339064,0.05017753,0.04958677,0.03785684,0.08077542,0.038591333,0.11112717,0.11129196,0.08122545,0.03967713,0.08188305,0.108919255,0.09213089,0.09573408,0.041433696,0.04303803,0.068955824,0.045103133,0.0817846,0.089520514,0.0644007,0.0591582,0.05434565,0.07433221,0.11566304,0.04334198,0.0752957,0.066280395,0.06874136,0.047153834,0.06540859,0.085702255,0.045627173,0.073925026,0.094883285,0.034129065,0.04833627,0.095784985,0.07309877,0.07535043,0.03614644,0.05086298,0.067864865,0.054644357,0.059594706,0.061490536,0.029694846,0.077136956,0.035141982,0.031779755,0.073598765,0.03982449,0.054033726,0.037215732,0.039241016,0.06163304,0.041869845,0.05470684,0.074206784,0.07963957,0.074761115,0.065450475,0.09449603,0.053542495,0.0,0.06110532,0.04498743,0.038426626,0.06484861,0.05995299,0.077246055,0.054843776,0.05173384,0.07371222,0.03785566,0.14693265,0.08856756,0.09742002,0.041729648,0.0438894,0.09199898,0.037788823,0.04095501,0.046392698,0.05719877,0.044710584,0.03752396,0.046691515,0.03767628,0.050730877,0.084744945,0.050078545,0.029613184,0.055218812,0.0722457,0.07852801,0.044504795,0.09058616,0.037920576,0.050344974,0.058970872,0.05312379,0.073527,0.024326835,0.045407213,0.052549616,0.11779895,0.086692825,0.05043961,0.045965888,0.066954106,0.046522945,0.05766791,0.07242013,0.048992,0.09950135,0.08450915,0.07591854,0.055322617,0.06458868,0.033481468,0.052427843,0.036153752,0.08277622,0.056129284,0.036179762,0.059451528,0.07739578,0.04182268,0.042699486,0.048007984,0.073877096,0.050289858,0.06492279,0.055841565,0.04276426,0.05910255,0.076835915,0.112594604,0.049967375,0.04727713,0.085560374,0.059339352,0.09139805,0.06710531,0.04456951,0.02954786,0.09297764,0.071500316,0.06456932,0.09020219,0.04722906,0.0552416,0.03721674,0.041355185,0.0844269,0.06280516,0.037760433,0.03987607,0.047327776,0.07696697,0.056225814,0.09106794,0.09993381,0.078852996,0.04714151,0.0644831,0.10803069,0.0349558,0.07749641,0.057600785,0.07666022,0.041214023,0.033236187,0.052501626,0.05219185,0.08568724,0.042182382,0.08236298,0.07743939,0.07603014,0.065507606,0.08862411,0.09318642,0.026029604,0.055046666,0.09667381,0.04886268,0.05643883,0.07503854,0.07256365,0.088282704,0.07938422,0.06582627,0.07630758,0.029165214,0.068757184,0.08719637,0.05847216,0.08780673,0.053118832,0.06690415,0.072007135,0.070874974,0.093919314,0.07643308,0.05010249,0.04222207,0.0800665,0.11147573,0.046692427,0.08384235,0.07622824,0.039762598,0.06157903,0.045804072,0.11203503,0.056485757,0.10383902,0.068535246,0.116455615,0.06585019,0.06958375,0.08203966,0.032111377,0.07878435,0.08219036,0.07066454,0.081803545
style,0.05959183,0.053954195,0.05014419,0.047279954,0.058668893,0.048231125,0.08699488,0.09598756,0.051139932,0.062349074,0.03573624,0.049364008,0.039745186,0.06130719,0.043382294,0.047520146,0.09645289,0.039832212,0.047974292,0.051346224,0.05880798,0.06923283,0.06477578,0.07007116,0.03790822,0.060235444,0.085903004,0.06341977,0.0426651,0.059085768,0.044604458,0.07972615,0.049650792,0.06872975,0.06445736,0.06384868,0.039876975,0.035422366,0.059945732,0.057113405,0.04138009,0.04746621,0.05247376,0.05566737,0.04473776,0.07715041,0.060592744,0.049716007,0.082665734,0.08170126,0.051153097,0.06848893,0.05973475,0.06639543,0.06343116,0.069021635,0.051369615,0.05214435,0.10672269,0.037067205,0.073162995,0.05732572,0.04719349,0.046429276,0.046892222,0.048862398,0.0886864,0.044522334,0.06480459,0.06643812,0.053534474,0.037474405,0.049857713,0.05872031,0.044481315,0.053268697,0.06396009,0.069751404,0.040164385,0.06462098,0.069134764,0.05392458,0.050916992,0.0416812,0.040868938,0.0481809,0.054687884,0.040497568,0.057682324,0.050773278,0.045161422,0.066524096,0.04460366,0.082307175,0.04915126,0.047774814,0.055575993,0.050720405,0.05892456,0.046937868,0.075285286,0.05118799,0.05279462,0.04693963,0.063867085,0.069344416,0.06110532,0.0,0.044313885,0.04535852,0.044125378,0.04864668,0.049006652,0.05492905,0.0425011,0.051508278,0.05104695,0.1660248,0.06580935,0.07988429,0.042493574,0.042151082,0.07898074,0.054505188,0.045981497,0.04890263,0.04871045,0.08255059,0.0524738,0.050808497,0.050318647,0.051727645,0.049010053,0.05046613,0.062559724,0.053578388,0.045367997,0.050201327,0.048538055,0.074958466,0.045248065,0.048228003,0.07202767,0.045114215,0.11493529,0.051448945,0.04865739,0.027865125,0.086313546,0.064494185,0.03707707,0.046618834,0.039897088,0.03210797,0.04144228,0.046482295,0.05312641,0.075593136,0.06979918,0.041009806,0.04487607,0.05278737,0.06029867,0.06767603,0.043296237,0.058190823,0.043264594,0.06482474,0.051311646,0.041616824,0.053832993,0.04827697,0.046693143,0.0470075,0.041173488,0.045129746,0.045781594,0.046831217,0.04873514,0.054587845,0.08021591,0.037361138,0.0878921,0.069043145,0.04485932,0.060082532,0.04688906,0.039566785,0.06353448,0.069444805,0.043150216,0.060908664,0.06800179,0.03491447,0.04046289,0.04650816,0.050511453,0.07077605,0.035167374,0.04882258,0.06760239,0.0423733,0.057422142,0.04154566,0.13138181,0.062982164,0.047847234,0.051540628,0.05180989,0.07204246,0.072112106,0.050072942,0.061778843,0.047308125,0.03853559,0.057902854,0.041904416,0.059847753,0.055831604,0.041900612,0.05802106,0.05322984,0.05669984,0.040378407,0.057891004,0.06194643,0.060853068,0.0402927,0.08275916,0.049153738,0.038241826,0.060210682,0.043561712,0.07617438,0.050544623,0.045965392,0.058421753,0.061780587,0.050810687,0.055213694,0.043319914,0.07137047,0.042912915,0.065453574,0.056560215,0.04445971,0.06428112,0.052026518,0.050946847,0.07740577,0.05407549,0.08235768,0.039383873,0.068025745,0.073001035,0.050649997,0.0415422,0.046136554,0.08124823,0.036867823,0.07474112,0.034619395,0.08683264,0.04762652,0.035943206,0.056698572,0.049913894,0.043979585,0.06045063,0.047932852,0.05060067
trim,0.07036268,0.06760575,0.045725938,0.036019854,0.065910585,0.062644735,0.06728925,0.07837261,0.04266787,0.048534237,0.041364715,0.06270977,0.044730194,0.06641949,0.0427494,0.051117778,0.07766098,0.041743767,0.06078787,0.05741667,0.079598896,0.085058965,0.074816674,0.072035186,0.051243473,0.07390145,0.06921119,0.055184953,0.039845936,0.055587318,0.040267028,0.06170761,0.04507294,0.05826901,0.08146618,0.076619714,0.035958473,0.04100766,0.06885209,0.068380274,0.04825859,0.052046508,0.06605532,0.05689864,0.053197835,0.05904736,0.06900004,0.040938072,0.09988381,0.09926674,0.069467746,0.056621335,0.051840197,0.07812596,0.07800393,0.081332,0.04635033,0.037469458,0.0915297,0.035260413,0.08398303,0.07322697,0.03683758,0.037674,0.055972278,0.041049488,0.10194023,0.03115458,0.07386005,0.073804304,0.06598273,0.038839206,0.061846044,0.05129518,0.027499827,0.06491481,0.079398476,0.057240557,0.042459164,0.06138487,0.044760257,0.06730463,0.046634458,0.03727556,0.052987307,0.0520102,0.062358458,0.053011637,0.05003287,0.06488386,0.03883154,0.055526312,0.04997324,0.06344606,0.048095256,0.038459502,0.0476639,0.063722596,0.057544146,0.04351014,0.082673214,0.06636591,0.042833228,0.044809736,0.077316895,0.04274829,0.04498743,0.044313885,0.0,0.037819974,0.053932074,0.033295844,0.04079443,0.049032647,0.042101834,0.062497593,0.04843709,0.15768641,0.0755222,0.09483092,0.043733932,0.03908792,0.09179203,0.04834905,0.042241804,0.040217847,0.03288394,0.07146316,0.047379155,0.043741237,0.046305805,0.052826352,0.061236843,0.053337347,0.046312645,0.057804994,0.05527479,0.06698934,0.047882628,0.08841709,0.04629315,0.0500693,0.047873028,0.054427374,0.09927289,0.041487407,0.041236214,0.037266485,0.10475687,0.07947918,0.04142805,0.03484024,0.055255365,0.0405286,0.04914038,0.059296437,0.045097295,0.09210809,0.07948903,0.055636644,0.03716268,0.054845247,0.049130447,0.04291926,0.0317519,0.06927947,0.05212486,0.05339108,0.035673797,0.056014378,0.04586821,0.043972395,0.034385107,0.050299987,0.040534932,0.0364424,0.051349882,0.045360707,0.06073277,0.041926693,0.09446497,0.038249098,0.071704134,0.051997878,0.052383464,0.076677665,0.060751986,0.04023257,0.054499615,0.08514092,0.056315206,0.0688759,0.055342313,0.035599753,0.033139165,0.03937005,0.051431905,0.08251111,0.036548804,0.0437688,0.051759087,0.044884887,0.058365308,0.043364972,0.11288198,0.08303371,0.06416705,0.04481398,0.06145107,0.091778494,0.05782595,0.06733299,0.065147236,0.0627378,0.037335187,0.046181206,0.047942992,0.041601557,0.07216308,0.036918927,0.048244428,0.06539615,0.056310467,0.053085174,0.07343228,0.082754634,0.0508441,0.04598265,0.095256954,0.052808616,0.05080094,0.0429268,0.05564722,0.055658,0.042001426,0.059908476,0.042489886,0.054063223,0.05799491,0.07234463,0.050345466,0.08162946,0.04466391,0.07235944,0.057272032,0.053507518,0.074695595,0.06041267,0.029738655,0.06377375,0.06831661,0.09976417,0.045878768,0.08032561,0.08031202,0.043442976,0.049713053,0.047192425,0.09876643,0.042885352,0.089749984,0.05748752,0.1059345,0.06102388,0.05300668,0.066688895,0.037755184,0.061430383,0.06485439,0.058059692,0.06336838
twist,0.06931728,0.06898254,0.03593882,0.030056482,0.061889496,0.063417636,0.05858371,0.06746109,0.037830554,0.03644715,0.031097084,0.058802616,0.046593186,0.06444786,0.034973975,0.043473724,0.06981894,0.038621217,0.05934104,0.05119542,0.07782605,0.0906342,0.07364115,0.06568,0.049145285,0.06870935,0.060407758,0.042405847,0.03541226,0.04764038,0.0378448,0.05250388,0.043983728,0.04733085,0.081300326,0.07576123,0.03729363,0.044569835,0.06800133,0.07215839,0.05099092,0.05031362,0.070832185,0.055492755,0.047843043,0.04847306,0.07256632,0.030922687,0.10352441,0.10017587,0.06929196,0.044448726,0.07067453,0.09277627,0.08013437,0.08756396,0.03604274,0.042377185,0.079929516,0.03186129,0.082665674,0.076107696,0.04969823,0.047707073,0.04841614,0.05835876,0.10731766,0.028028393,0.07348967,0.07036229,0.064058855,0.03249118,0.05876943,0.07219576,0.03401284,0.06180529,0.08159685,0.045335755,0.033885647,0.08150116,0.06406899,0.0676655,0.041249547,0.037141554,0.053000998,0.05161753,0.05873797,0.04899193,0.041464113,0.06588479,0.025202535,0.046063423,0.0557605,0.052599464,0.039979283,0.031246375,0.045389015,0.057285484,0.047077864,0.049058422,0.07945268,0.06658069,0.061597202,0.055540588,0.081814565,0.052993976,0.038426626,0.04535852,0.037819974,0.0,0.051675975,0.05044496,0.062187903,0.045288935,0.03892185,0.067150906,0.0394233,0.15361784,0.080033965,0.09442064,0.033687282,0.027230201,0.091240175,0.04404144,0.027300468,0.038581282,0.041074306,0.05972853,0.03549879,0.03848113,0.033609573,0.051126394,0.06817326,0.050000083,0.03678931,0.05322364,0.057746906,0.06594238,0.03526096,0.089461066,0.038441844,0.041614532,0.05835523,0.04530742,0.088786416,0.03443419,0.03691147,0.039861657,0.10863321,0.0804756,0.03502597,0.03417117,0.059283637,0.033891838,0.048418142,0.058024116,0.036177807,0.092873275,0.08225446,0.055775065,0.039373107,0.050686933,0.031319264,0.048540857,0.026212452,0.07061713,0.05240616,0.04030174,0.045066357,0.06372243,0.042936765,0.039362017,0.03415,0.058748927,0.044381406,0.047770884,0.051743552,0.04217034,0.05294711,0.06380942,0.10217758,0.039693814,0.059189606,0.07424236,0.050599094,0.07760697,0.057753116,0.031055106,0.04665452,0.08624382,0.054977488,0.06552507,0.07860541,0.034673434,0.037029196,0.030106401,0.044929612,0.08222293,0.04554114,0.039609652,0.040245645,0.034088045,0.063585415,0.03585651,0.102354534,0.08648493,0.06479716,0.036573548,0.05947232,0.09346212,0.04506169,0.06681542,0.06316931,0.061292674,0.029118828,0.032077573,0.04355362,0.04631083,0.07324358,0.023775186,0.06942744,0.06648839,0.06109642,0.051382568,0.07307568,0.08235804,0.03926049,0.044173922,0.09540131,0.04328723,0.046410415,0.06413264,0.054262396,0.07766363,0.065307885,0.05533808,0.064674705,0.043111827,0.057014216,0.07242148,0.046024084,0.08453443,0.03800062,0.06935981,0.059784025,0.05416031,0.082789406,0.06155408,0.039601047,0.047938228,0.06865894,0.10318676,0.039737083,0.08032896,0.079255626,0.019987637,0.046146058,0.04929957,0.10226503,0.043294948,0.08613587,0.058942508,0.10756298,0.057650015,0.055125587,0.06693224,0.0215586,0.06281564,0.06786367,0.05701141,0.06777522
whip,0.04722132,0.033888623,0.046298195,0.046142068,0.04676748,0.033133812,0.09309421,0.10500145,0.053585116,0.06067657,0.039155815,0.037728973,0.038226306,0.045830023,0.039285928,0.043849777,0.104991525,0.025698543,0.04422795,0.045084417,0.057980675,0.058603697,0.055108886,0.06692095,0.033990197,0.05208775,0.091503754,0.06441648,0.039755568,0.064406574,0.03910612,0.08496213,0.05240926,0.08160777,0.054985955,0.055096947,0.037616532,0.0446267,0.057423376,0.048258223,0.02847934,0.042904366,0.03972147,0.05024911,0.037538636,0.08258564,0.04764793,0.0479161,0.069163166,0.066807665,0.047143713,0.070375696,0.06331742,0.0713897,0.04906691,0.05459125,0.055511262,0.05885356,0.116232984,0.045612853,0.06521458,0.04900999,0.05076947,0.047521695,0.041881945,0.051358167,0.06958781,0.0520793,0.059444547,0.06295984,0.045085665,0.03725392,0.034569316,0.06414688,0.05142263,0.0406356,0.05035668,0.07119524,0.034100223,0.06590214,0.080001734,0.047680546,0.048935086,0.040306035,0.023743853,0.035571523,0.045058202,0.03267695,0.059817042,0.04442231,0.047790974,0.06975405,0.036420368,0.08808148,0.042247847,0.048929937,0.057227194,0.043712944,0.053714026,0.038867302,0.06858588,0.038211398,0.056579538,0.03858332,0.05005236,0.08020809,0.06484861,0.044125378,0.053932074,0.051675975,0.0,0.056478884,0.05800216,0.048148848,0.036943622,0.035831124,0.06522227,0.17322996,0.051733233,0.06635383,0.04197125,0.042052224,0.06733158,0.05195614,0.047163248,0.06111279,0.053529035,0.086858176,0.0483973,0.043375533,0.046181414,0.047415067,0.043759193,0.04516634,0.06500824,0.04693529,0.046375215,0.04544639,0.053423654,0.061914302,0.04564496,0.03982847,0.08320028,0.043073617,0.121873535,0.049825534,0.051923335,0.034681454,0.07240817,0.052310333,0.03421185,0.049064096,0.03736688,0.040962387,0.04256356,0.028151866,0.042457312,0.0617348,0.060874153,0.034150403,0.045913648,0.04088196,0.05888963,0.07932958,0.04709456,0.045711983,0.04290546,0.065245844,0.05695543,0.03989627,0.053628616,0.04866024,0.049853776,0.036629565,0.043845244,0.047028296,0.038898952,0.041523222,0.048025347,0.06599887,0.06745015,0.03726076,0.09417771,0.078753166,0.03898103,0.055909194,0.049728014,0.04330679,0.062019143,0.0535322,0.032986663,0.049855407,0.07612992,0.043454595,0.047068596,0.05312799,0.050478462,0.05965952,0.0382042,0.05275266,0.07424123,0.040523637,0.044219624,0.036903564,0.14080825,0.054418806,0.04505646,0.038028076,0.033979785,0.061465852,0.07781885,0.04289525,0.05012064,0.0444609,0.03832482,0.06393249,0.03974752,0.069711454,0.0592029,0.0429684,0.06500577,0.03352957,0.046685096,0.0297888,0.052509975,0.060054116,0.06441331,0.030754127,0.0724992,0.044004317,0.040359415,0.06790246,0.035611536,0.08641701,0.05919177,0.044694193,0.06966298,0.06087294,0.041199338,0.049688138,0.03651366,0.064142086,0.038709816,0.055288777,0.043979444,0.037665337,0.04972635,0.034532003,0.05951057,0.08468648,0.04216646,0.06808523,0.038677774,0.05671503,0.06676753,0.051917013,0.04251374,0.040478617,0.065607116,0.03400798,0.06429029,0.04169086,0.07103102,0.03686744,0.038346652,0.03987171,0.05505098,0.036068577,0.04730411,0.033076115,0.039097514
carve,0.0676802,0.07011397,0.05147731,0.046394978,0.06466788,0.06425765,0.08171539,0.08858222,0.048682705,0.057393577,0.049287234,0.06079225,0.046810012,0.06442246,0.04906433,0.055068158,0.085140675,0.045997456,0.05931958,0.057575747,0.076276675,0.08306623,0.06973267,0.071046874,0.05095979,0.070794046,0.07681684,0.059891656,0.047009513,0.05891333,0.05113321,0.07432002,0.042748015,0.066737846,0.075804666,0.07191214,0.038399078,0.042844605,0.065586105,0.06578476,0.050598543,0.052228462,0.06391438,0.058072064,0.055204086,0.07151359,0.07624968,0.048189685,0.09393119,0.09440166,0.06828657,0.06084611,0.03622522,0.076692685,0.07580025,0.07637176,0.054582987,0.034681614,0.09993805,0.041783743,0.079217464,0.07526381,0.035285316,0.03177508,0.056978185,0.03520233,0.10078706,0.039293252,0.06991815,0.07126689,0.06365933,0.042904597,0.06268476,0.041739624,0.03426386,0.063434936,0.07889698,0.06518051,0.048317224,0.052598547,0.038043123,0.07231306,0.05334078,0.040340878,0.056053884,0.05746732,0.06169246,0.055245563,0.05765217,0.06248642,0.046897948,0.06368498,0.049054377,0.07509152,0.052405782,0.04456202,0.059189223,0.06345177,0.06220312,0.045282982,0.07941203,0.069639355,0.034359034,0.040167846,0.075877756,0.04145438,0.05995299,0.04864668,0.033295844,0.05044496,0.056478884,0.0,0.035339244,0.05530328,0.04686763,0.06160459,0.05750783,0.1590441,0.08063675,0.08939822,0.050463792,0.046363153,0.08629752,0.05749737,0.051073432,0.0466352,0.035710957,0.076459385,0.052952368,0.050449822,0.051891394,0.058770414,0.0625993,0.05839898,0.05847071,0.05578202,0.059830084,0.06575441,0.05212967,0.08422796,0.05066954,0.054012872,0.045111813,0.057644784,0.10369174,0.054801002,0.04297108,0.040685643,0.099088706,0.0764021,0.049464166,0.04009784,0.053474326,0.04333407,0.05139864,0.061368342,0.05145849,0.08749251,0.07334495,0.056740403,0.042550657,0.057811253,0.05935254,0.046538867,0.044427328,0.070479035,0.056774557,0.060150012,0.037593283,0.05556491,0.05755725,0.043803096,0.040863704,0.04827545,0.04242755,0.036384713,0.058467034,0.048873734,0.061838802,0.03331696,0.08931989,0.041171063,0.07983924,0.039573472,0.047599517,0.08058191,0.060022775,0.043153778,0.062088534,0.08129624,0.05565955,0.06736283,0.041586768,0.0375189,0.037159152,0.04834854,0.05184804,0.07709256,0.03736573,0.0500466,0.060840037,0.049065907,0.057802595,0.04959221,0.12132148,0.07917903,0.06748379,0.050234552,0.061315052,0.09018847,0.065338336,0.06570461,0.06381634,0.06383509,0.048243992,0.057875138,0.050119285,0.043967206,0.06868602,0.048277847,0.03771103,0.06313704,0.058172558,0.055195328,0.07712938,0.08133246,0.058018032,0.048213482,0.08970834,0.05684339,0.055853795,0.032350488,0.059299745,0.04378517,0.03909295,0.059354935,0.030800976,0.06095883,0.06119857,0.072028965,0.054593835,0.07692098,0.055722546,0.06960064,0.058851235,0.05466915,0.07181056,0.06151483,0.025259119,0.072201684,0.06820268,0.09432501,0.050517615,0.07608606,0.07574193,0.054505963,0.057408724,0.05565203,0.0939236,0.045765035,0.09057918,0.058279324,0.10087282,0.060001455,0.055622067,0.06760969,0.05358618,0.064454146,0.067072965,0.060346596,0.06141644
divide,0.07217273,0.06417954,0.066783264,0.057940196,0.072021015,0.0572181,0.10008675,0.107506864,0.062092513,0.07258691,0.054441754,0.06523405,0.052192166,0.07289965,0.056129567,0.067374796,0.10559896,0.053654294,0.06435063,0.07114673,0.07973745,0.07230546,0.07766398,0.08748437,0.055011276,0.07649076,0.097198464,0.07985562,0.053690962,0.076374345,0.06114346,0.09221982,0.059680276,0.08570857,0.07752641,0.07740416,0.045871545,0.048210118,0.075148135,0.06647479,0.04744108,0.06287202,0.058129184,0.07145533,0.065839864,0.08950492,0.07371261,0.06407225,0.09233771,0.089848764,0.06681018,0.08211721,0.03173365,0.05359346,0.071192466,0.07408843,0.06887349,0.053569235,0.12050046,0.051011465,0.08829131,0.06779865,0.032228183,0.037847932,0.0669749,0.02419906,0.09512135,0.04929385,0.07772394,0.083367325,0.069880776,0.05323904,0.06771624,0.023844995,0.046203602,0.06533755,0.073422,0.08407389,0.056895684,0.031687796,0.044350404,0.07122117,0.0682386,0.047516193,0.054187667,0.06327288,0.07236727,0.05826219,0.07472623,0.058811273,0.060820263,0.082279354,0.040901102,0.09481324,0.060140613,0.060174514,0.070282206,0.071704775,0.07724487,0.049440727,0.09142127,0.064262494,0.024454236,0.043769676,0.068224296,0.060393862,0.077246055,0.049006652,0.04079443,0.062187903,0.05800216,0.035339244,0.0,0.0635138,0.05354294,0.05963776,0.07369442,0.17442827,0.077217795,0.09318327,0.06326984,0.058110863,0.09281122,0.07031767,0.06381465,0.056196548,0.039957758,0.09777767,0.070123,0.061306223,0.06741851,0.06722989,0.050069403,0.06864594,0.07488617,0.068289064,0.057507604,0.062182855,0.06515778,0.08800972,0.06566715,0.06454721,0.060901582,0.06736768,0.12699321,0.06970803,0.056775756,0.045738924,0.094795726,0.07719394,0.054821916,0.05103835,0.05420453,0.055968985,0.056811526,0.058615744,0.06348483,0.08777124,0.07902943,0.0497933,0.04562161,0.06141881,0.07652894,0.06177735,0.055552844,0.06821454,0.06225959,0.078851506,0.040743884,0.047048118,0.06922957,0.06142888,0.050355256,0.04010474,0.050711427,0.03219914,0.061960958,0.0605233,0.07071348,0.021259813,0.0827914,0.048580892,0.10117406,0.03184395,0.058496885,0.07446503,0.063966624,0.055158045,0.07980427,0.08157151,0.052852947,0.078163624,0.028910663,0.049346793,0.040919174,0.06252415,0.06993997,0.08394189,0.034355175,0.06591548,0.07834977,0.058921896,0.05406835,0.053259302,0.1421187,0.07210109,0.064353205,0.06260743,0.06653348,0.081598684,0.08722662,0.06443882,0.076833144,0.06146952,0.057716973,0.074084416,0.059781924,0.05580884,0.0639331,0.058350377,0.025415746,0.06167992,0.053416513,0.056164604,0.071944565,0.07850438,0.07717977,0.054086138,0.095269136,0.06883627,0.06180622,0.02973669,0.054471973,0.04138586,0.017343275,0.06277344,0.026327824,0.0791252,0.063415304,0.06671669,0.060522083,0.08054821,0.05906371,0.08141339,0.058766596,0.050187826,0.06661351,0.057274513,0.042841464,0.091916494,0.0675496,0.09192891,0.05974171,0.0808498,0.087018944,0.06731116,0.058789108,0.061796233,0.088992454,0.04783769,0.08341289,0.059056077,0.09696924,0.06554518,0.051455468,0.062778026,0.06684589,0.05733104,0.062324263,0.060156286,0.05347663
meld,0.06787118,0.06854906,0.042061284,0.035118878,0.0593359,0.06222604,0.0747272,0.07971808,0.043205958,0.036326192,0.046500247,0.058522016,0.036476664,0.053842712,0.039309815,0.048704177,0.082501836,0.042490825,0.061297,0.051723953,0.077554524,0.083813846,0.07217085,0.06696181,0.053750902,0.06858301,0.072698995,0.05215256,0.03765506,0.055079,0.047401927,0.065530784,0.04929306,0.06538298,0.07839927,0.07414805,0.04110453,0.050247252,0.06766905,0.068310305,0.04393885,0.052490976,0.07035023,0.056766257,0.050894577,0.05934321,0.07481293,0.04353858,0.09776584,0.09411811,0.06924652,0.052179676,0.07169216,0.09147543,0.07430798,0.08211758,0.045291178,0.05110322,0.09345774,0.044155084,0.07922043,0.077995494,0.05524877,0.052656207,0.052045044,0.06002723,0.10206281,0.044032067,0.071153305,0.069756866,0.061172154,0.045695443,0.055737093,0.07164847,0.043852948,0.059811056,0.07624942,0.05628749,0.04333824,0.07881686,0.06986735,0.072848484,0.05030663,0.04250914,0.05434292,0.054756306,0.059002966,0.04629528,0.052219406,0.068330586,0.042009205,0.057057053,0.05828601,0.06572346,0.031311516,0.046644457,0.053986587,0.05602311,0.053183354,0.037815865,0.076180644,0.06734375,0.06175003,0.04641856,0.07598062,0.06445193,0.054843776,0.05492905,0.049032647,0.045288935,0.048148848,0.05530328,0.0635138,0.0,0.03451792,0.06576485,0.053749837,0.1594729,0.08068231,0.089532174,0.04690887,0.034096465,0.08700258,0.05150356,0.040531404,0.052620884,0.04870097,0.068549216,0.043895032,0.026120491,0.040762078,0.055892754,0.057891607,0.05418261,0.053813208,0.054195996,0.06506938,0.06777932,0.050336443,0.08408694,0.04695415,0.035043456,0.06836281,0.0511075,0.099267505,0.046820574,0.04888122,0.045014657,0.10307673,0.08020856,0.040129468,0.04602033,0.059197422,0.04367978,0.046775397,0.052197024,0.03127337,0.08758043,0.07707234,0.05966443,0.044087186,0.03894727,0.047023315,0.061727487,0.04229558,0.0684354,0.054770086,0.046255104,0.05173342,0.058508743,0.04604157,0.04248309,0.0445141,0.049740788,0.047526184,0.051207613,0.059412163,0.048823994,0.06010501,0.06750546,0.09750635,0.04472772,0.071752556,0.075303294,0.052426312,0.08121331,0.062942974,0.04299347,0.055241056,0.08103513,0.056213968,0.06371694,0.07894247,0.04351182,0.046451528,0.041918904,0.05137454,0.07886659,0.05142731,0.045704804,0.05769796,0.042285617,0.04013334,0.046114974,0.11529846,0.08383097,0.06967452,0.03189037,0.057999805,0.09158958,0.059302274,0.06292045,0.0602252,0.06305971,0.045211114,0.049401402,0.04912947,0.058333945,0.07718403,0.04077586,0.071788885,0.055619698,0.03687977,0.05267464,0.07773564,0.08508681,0.051647812,0.03901015,0.08977065,0.04680123,0.05400933,0.06749854,0.05436178,0.07910902,0.06741954,0.060520627,0.06816753,0.052844834,0.057295278,0.07243957,0.04842998,0.0797695,0.046069335,0.06712243,0.031992618,0.054353185,0.079584666,0.04643976,0.04853286,0.0625954,0.066479824,0.09793104,0.047869317,0.07299137,0.076340206,0.044147342,0.057157144,0.056084603,0.09728693,0.04739522,0.08829386,0.062452976,0.10272262,0.055785183,0.05762282,0.05303092,0.046510227,0.063304156,0.042915948,0.056991242,0.060759075
swirl,0.051068317,0.052290346,0.03525372,0.036524035,0.048136733,0.047978472,0.077692315,0.08731995,0.038149625,0.04244526,0.031170331,0.043497693,0.030055191,0.043745734,0.03183503,0.039283413,0.08806685,0.029818602,0.044540532,0.04234534,0.06420605,0.06779929,0.056566376,0.05991666,0.03677123,0.05515924,0.07531239,0.049529012,0.028901344,0.051559277,0.034230992,0.06859149,0.039838742,0.06494932,0.064286076,0.05791817,0.02819494,0.037740495,0.05375499,0.05288825,0.030938616,0.038734548,0.052302852,0.04339085,0.037277482,0.064748645,0.061332744,0.039747365,0.08248876,0.08012396,0.052620932,0.055984832,0.058655545,0.07951626,0.05688639,0.06767161,0.044165034,0.043963116,0.10064958,0.033294007,0.06618198,0.060808804,0.04672981,0.04033381,0.04276899,0.050095182,0.08955966,0.03983791,0.057018787,0.06023373,0.048239082,0.033665802,0.046424415,0.060259145,0.040854428,0.041294266,0.06162567,0.0586913,0.026996331,0.066688776,0.06670208,0.056118716,0.04093645,0.032012444,0.038855195,0.03908124,0.041526627,0.027123658,0.04899728,0.054653455,0.0346445,0.056737933,0.0444212,0.07128327,0.024514219,0.038406976,0.0471261,0.04568415,0.049933985,0.031788826,0.06694895,0.05051521,0.051732033,0.03624747,0.059086297,0.0638363,0.05173384,0.0425011,0.042101834,0.03892185,0.036943622,0.04686763,0.05354294,0.03451792,0.0,0.05088175,0.053284332,0.16250762,0.06678536,0.07332693,0.03242649,0.032429248,0.07251527,0.043291356,0.03338378,0.04945282,0.045531284,0.072842635,0.03593553,0.022285182,0.032006703,0.043024648,0.04861938,0.04214436,0.05238512,0.041688997,0.04948091,0.05342083,0.04319613,0.0670922,0.03745819,0.03229769,0.06748858,0.0425448,0.10434714,0.04124764,0.04229218,0.030840714,0.086943805,0.062139243,0.024612576,0.039788816,0.042657066,0.03107002,0.03730474,0.03867848,0.035114318,0.06964875,0.0620016,0.04583644,0.038011566,0.03557152,0.04751521,0.062078938,0.030937374,0.05280475,0.041484058,0.051430978,0.04758694,0.04389006,0.04302038,0.034852155,0.0390652,0.038204685,0.037238568,0.041913494,0.041970503,0.039700318,0.05024472,0.058006454,0.08244506,0.02511952,0.07647858,0.069729514,0.037641007,0.06385782,0.050979223,0.030166892,0.052103482,0.06439238,0.03802333,0.049430914,0.06958145,0.03242408,0.04019618,0.03562749,0.041014016,0.063406184,0.039376557,0.040273644,0.060985114,0.030777505,0.0389683,0.037736837,0.12359417,0.06839193,0.054813053,0.03377289,0.04333701,0.07474781,0.06103004,0.04735519,0.047930263,0.047219533,0.03398324,0.049253862,0.03335569,0.057270866,0.06503301,0.03200726,0.060249593,0.043280073,0.040999893,0.036560316,0.06288638,0.070450015,0.049581468,0.024658537,0.074625775,0.041183397,0.041684225,0.05947657,0.035963632,0.07543991,0.05620639,0.04830385,0.060019463,0.050229356,0.043571062,0.056125063,0.03472547,0.06540386,0.03137109,0.052850973,0.036287148,0.036468964,0.06405851,0.034961242,0.0449216,0.0667496,0.049607176,0.08222554,0.03179564,0.058022242,0.06349871,0.036836855,0.040501915,0.040035766,0.08037822,0.032358963,0.07174542,0.04793658,0.08684927,0.04080347,0.040112395,0.0419262,0.039647408,0.047338814,0.046529256,0.04102808,0.046471406
thicken,0.046741642,0.04067733,0.05366465,0.06523899,0.053461805,0.043539215,0.10492989,0.11968027,0.064621486,0.07868653,0.051055364,0.042900357,0.049605455,0.054035246,0.057444416,0.046337776,0.1144889,0.043375418,0.04396193,0.047352746,0.05053989,0.053526737,0.05430894,0.071626335,0.04028604,0.0524081,0.1001052,0.07553924,0.05619768,0.07291528,0.043027725,0.097095504,0.059702545,0.092452414,0.050411887,0.052317817,0.04628685,0.047970574,0.05685526,0.036991924,0.04221319,0.04169979,0.0329869,0.052760795,0.03953783,0.097620875,0.049940955,0.06535151,0.06177875,0.06334145,0.044028815,0.08526173,0.06082594,0.06741715,0.048339427,0.051613294,0.06662796,0.06423083,0.12926066,0.053124327,0.06260475,0.045254447,0.054862395,0.052064646,0.044669215,0.052828427,0.06463808,0.06422383,0.058334652,0.06481633,0.047486193,0.05231383,0.04110642,0.061385915,0.06364294,0.043533426,0.04925198,0.082358316,0.049355842,0.059268896,0.08433114,0.04327925,0.052557938,0.052848637,0.038792025,0.033556934,0.04897396,0.042628773,0.0647137,0.036342125,0.061483562,0.077218235,0.042123657,0.10269526,0.05917676,0.05987327,0.06655482,0.046004392,0.05772847,0.04224984,0.06807859,0.034272052,0.056415066,0.045314677,0.049863998,0.08818557,0.07371222,0.051508278,0.062497593,0.067150906,0.035831124,0.06160459,0.05963776,0.06576485,0.05088175,0.0,0.07680276,0.18306282,0.052097738,0.058940485,0.052276034,0.059923258,0.06287974,0.060112912,0.06236475,0.07196288,0.066263065,0.096454926,0.06247085,0.06060284,0.061414085,0.05338681,0.047856405,0.05085671,0.07658597,0.05312448,0.04941894,0.042734854,0.06421207,0.053229906,0.051428262,0.054135263,0.089782044,0.048613828,0.13302566,0.05786724,0.061696354,0.04443299,0.06384152,0.040255185,0.047964606,0.060770478,0.027626315,0.051924817,0.049997605,0.040777884,0.06640076,0.05693971,0.055582874,0.043610252,0.059316196,0.05763274,0.07563084,0.08937656,0.05895792,0.046948258,0.04504028,0.07971301,0.066621736,0.043282725,0.06693096,0.059706084,0.06361618,0.043733817,0.048119593,0.053530734,0.0346748,0.042755093,0.050254364,0.065188594,0.060911387,0.043232508,0.10734031,0.078487195,0.045108605,0.054060202,0.050909612,0.052977443,0.07033366,0.04672246,0.041204114,0.05091163,0.07305368,0.052893568,0.059148196,0.064000964,0.057592202,0.05632729,0.047702596,0.06283236,0.089681976,0.052869752,0.056355882,0.054730006,0.15465407,0.048222285,0.049316682,0.062232986,0.033085674,0.055349745,0.09104205,0.041934557,0.051664893,0.045625478,0.049765807,0.07618383,0.049011283,0.07807971,0.056650836,0.058906928,0.06044307,0.039194312,0.06098648,0.03452635,0.054730028,0.05357097,0.073908284,0.040526744,0.06685698,0.053157635,0.045441087,0.06667859,0.04340409,0.087940596,0.05813955,0.04759336,0.070030674,0.06772025,0.04816329,0.047022138,0.046561547,0.057712737,0.051783327,0.05468564,0.058636885,0.045008034,0.04604147,0.046279892,0.06786828,0.097967334,0.04234238,0.060787465,0.0466997,0.0540901,0.0656284,0.06878737,0.047026597,0.040270075,0.05791498,0.03418299,0.062842,0.042017054,0.063176766,0.040327236,0.041437395,0.05065061,0.068584874,0.035779685,0.06127626,0.04055314,0.03657837
garnish,0.08340424,0.08742185,0.04132337,0.042614426,0.07040165,0.08264707,0.055927977,0.057091236,0.050002385,0.043751653,0.05190415,0.074521534,0.05807807,0.07528816,0.050959073,0.05162478,0.056484573,0.053862102,0.07278252,0.05754232,0.083184205,0.10539139,0.08531753,0.064671285,0.0650091,0.07936551,0.048382647,0.043826055,0.049631696,0.046053704,0.048449956,0.044431407,0.05324879,0.040605623,0.09240683,0.087275855,0.051479056,0.054684293,0.07582523,0.08403755,0.06745877,0.05907529,0.08671519,0.06086044,0.054059345,0.04683549,0.08626961,0.038918238,0.11568341,0.11327976,0.08331285,0.04405733,0.08166058,0.105007015,0.095580764,0.09989916,0.039944597,0.047146235,0.062187426,0.04093531,0.08936103,0.093838245,0.062197745,0.060525987,0.056492895,0.072246864,0.11812769,0.04074143,0.08204622,0.07285853,0.071203105,0.049718678,0.061863527,0.083992735,0.043816343,0.07802782,0.097165205,0.033675876,0.052984506,0.0942036,0.06986151,0.08309851,0.042526204,0.051715896,0.07063307,0.06395047,0.067646265,0.06297797,0.036328357,0.07704926,0.040313598,0.036738295,0.07295346,0.047355413,0.05409229,0.042741273,0.05622634,0.065342925,0.04603618,0.058225118,0.082025476,0.08370037,0.07275657,0.0671854,0.09661643,0.052127935,0.03785566,0.05104695,0.04843709,0.0394233,0.06522227,0.05750783,0.07369442,0.053749837,0.053284332,0.07680276,0.0,0.1432769,0.093499094,0.10488049,0.04768638,0.044879187,0.10016171,0.054815948,0.041887123,0.04201918,0.054785743,0.04681905,0.041902047,0.04818195,0.042066373,0.06444665,0.08234757,0.06311406,0.037936673,0.060128454,0.0746209,0.08055056,0.045456015,0.09905879,0.0443803,0.049275544,0.058215104,0.050976615,0.07693776,0.039544743,0.041388612,0.052652705,0.121371195,0.0940118,0.05244256,0.04663022,0.06803352,0.044736426,0.05941462,0.074612156,0.04812508,0.10474663,0.09165703,0.076564275,0.05463042,0.065583065,0.03534199,0.049372133,0.04158243,0.08609909,0.062250488,0.03621658,0.05614082,0.07794298,0.05494371,0.04891993,0.046261925,0.073942274,0.050476857,0.06301101,0.06620872,0.047225837,0.058531437,0.07360296,0.11509552,0.052314214,0.049117327,0.08159068,0.06321006,0.09479636,0.0659362,0.045091912,0.039590206,0.09919026,0.07297871,0.07386074,0.08746497,0.04604587,0.052503064,0.036601547,0.048554827,0.09243856,0.06206192,0.041141324,0.04062753,0.05119673,0.07732219,0.05722916,0.089273125,0.101376235,0.08161355,0.047676533,0.07176623,0.11010294,0.040528856,0.080384694,0.06842298,0.07814203,0.047933366,0.030414391,0.056378424,0.04541653,0.083718754,0.041862167,0.08076369,0.07963004,0.07573525,0.066044375,0.09128695,0.09416526,0.036153995,0.055125058,0.104362436,0.04829031,0.056478932,0.07273063,0.07356272,0.08404832,0.07808393,0.06594835,0.07261065,0.03669145,0.07193479,0.08909464,0.0604031,0.094938226,0.058831558,0.07620634,0.07297206,0.07203149,0.0962482,0.07764085,0.048581373,0.042513225,0.08361109,0.11557635,0.053080536,0.090602465,0.08523584,0.04216856,0.06406266,0.06129073,0.115693234,0.056235943,0.10687119,0.065463655,0.12074834,0.07019742,0.07005314,0.08296447,0.03816772,0.07741659,0.08303346,0.07409458,0.083169624
,0.18054274,0.1902848,0.15372942,0.15214957,0.16977057,0.18612072,0.14224932,0.1350875,0.15386537,0.14590904,0.16305697,0.17585294,0.16424774,0.17059912,0.16195868,0.16384633,0.1341288,0.16392644,0.17556167,0.16427085,0.18135628,0.2038415,0.17730904,0.15591231,0.16991232,0.17782922,0.1362319,0.14588276,0.1616944,0.15170573,0.15999502,0.1381428,0.15438707,0.13809207,0.18774036,0.18166426,0.16102766,0.16257377,0.17156605,0.18445092,0.17487162,0.16423358,0.18725447,0.16165829,0.16512719,0.13931319,0.18428844,0.14957356,0.2051846,0.20617709,0.18397416,0.1391765,0.180275,0.20042233,0.19292764,0.19378074,0.15431513,0.15547158,0.13001631,0.15907472,0.17775738,0.19349976,0.16818394,0.16668154,0.1653777,0.17504394,0.20948894,0.15368302,0.1770165,0.16589758,0.17301269,0.16064309,0.17138745,0.18196449,0.15666388,0.1793334,0.19620235,0.13958961,0.16261251,0.19192515,0.160908,0.18827726,0.1564506,0.1602874,0.17916079,0.17243813,0.16639128,0.17149122,0.1486013,0.18132438,0.15389562,0.14472494,0.17918119,0.13513346,0.16342093,0.15323402,0.16098666,0.1716982,0.15693387,0.16680968,0.17205375,0.18851897,0.17389987,0.16873506,0.19455856,0.14780992,0.14693265,0.1660248,0.15768641,0.15361784,0.17322996,0.1590441,0.17442827,0.1594729,0.16250762,0.18306282,0.1432769,0.0,0.1893694,0.19289492,0.15721989,0.15617765,0.18771124,0.1595108,0.15277268,0.15176605,0.16153178,0.14038788,0.15114358,0.15533136,0.15158373,0.16872723,0.18582097,0.16622464,0.1436515,0.16321774,0.18170957,0.18547612,0.15365353,0.19029231,0.15476681,0.16228046,0.1522075,0.16481405,0.13166103,0.15364651,0.15233335,0.16608737,0.21265255,0.19080861,0.16327898,0.15749373,0.17687832,0.15961878,0.16358548,0.17889017,0.1558894,0.19621326,0.18326797,0.18385199,0.16405453,0.16934414,0.14221789,0.14501801,0.15651445,0.18757999,0.16703793,0.14159264,0.16171338,0.18307047,0.15828793,0.15395012,0.15679683,0.17899165,0.16216478,0.17000723,0.17306684,0.16073716,0.1670143,0.17197716,0.20789634,0.16474968,0.1343751,0.17360063,0.16653995,0.19655323,0.17032985,0.15676063,0.14784688,0.19406913,0.17948353,0.16855921,0.1791167,0.15842767,0.16335347,0.15363745,0.15198301,0.18280418,0.16994303,0.15065713,0.14443445,0.15988806,0.17716672,0.1665121,0.13423677,0.19764936,0.18828988,0.15477511,0.1761257,0.20552453,0.13673782,0.1813131,0.16550939,0.1807988,0.16126658,0.14397135,0.16396278,0.14945944,0.184171,0.15576176,0.17895381,0.18235962,0.17634976,0.17487898,0.1949297,0.195202,0.1435516,0.16543776,0.19111194,0.16149202,0.16972183,0.16969337,0.18095309,0.17073804,0.17783067,0.17326465,0.16878071,0.14594801,0.17631616,0.18785465,0.16764061,0.18617104,0.16620176,0.1686704,0.17191637,0.17950767,0.1948605,0.18137915,0.15185264,0.13833751,0.18511571,0.20637493,0.16148825,0.18369901,0.17441988,0.15265512,0.17505617,0.17006233,0.20853887,0.16910276,0.2037923,0.1780685,0.21083058,0.1730438,0.17931359,0.18494432,0.1523026,0.18705988,0.1808471,0.18072909,0.18599096
thaw,0.060982455,0.047552023,0.07638733,0.08070915,0.07150808,0.053644408,0.11475262,0.13351722,0.07879613,0.09349236,0.06254021,0.061845195,0.06635911,0.06946457,0.07505028,0.072309285,0.13356124,0.062154155,0.06039856,0.072840594,0.068963364,0.06213464,0.06964102,0.092181265,0.057990264,0.071051344,0.12097868,0.09490333,0.0739779,0.092403136,0.06244272,0.11267146,0.07877924,0.10668148,0.063520245,0.06853688,0.06660666,0.06808735,0.07467086,0.0570646,0.05557091,0.067331925,0.04367959,0.07376571,0.06348755,0.109016515,0.01252664,0.084254764,0.062631644,0.071404494,0.055129506,0.10286172,0.081573635,0.073162146,0.05692757,0.047845654,0.08498785,0.08734414,0.144155,0.07355925,0.078481495,0.0444537,0.07786293,0.074789226,0.06934244,0.07320646,0.039738607,0.0841213,0.07736529,0.083184086,0.067388244,0.06855823,0.061431397,0.08090028,0.08366078,0.056736074,0.05040376,0.10263604,0.06344981,0.07803934,0.10209562,0.047707163,0.07664114,0.0713242,0.051863045,0.054628614,0.06851043,0.05739353,0.08851212,0.062106356,0.07765888,0.09900796,0.06221612,0.115474,0.07325718,0.08094889,0.07610458,0.06816858,0.08453973,0.068521276,0.087579295,0.044730708,0.07884327,0.06124425,0.05872918,0.1068215,0.08856756,0.06580935,0.0755222,0.080033965,0.051733233,0.08063675,0.077217795,0.08068231,0.06678536,0.052097738,0.093499094,0.1893694,0.0,0.07345981,0.064585835,0.07454812,0.07694188,0.07128397,0.074848466,0.08929671,0.085348986,0.116347045,0.07838955,0.07506627,0.07932892,0.06316612,0.057184502,0.061192483,0.09396713,0.07559758,0.054245118,0.059659373,0.08117976,0.070953034,0.07288237,0.07318626,0.110438004,0.06973828,0.14953807,0.074552186,0.08296517,0.062475245,0.06280362,0.056107488,0.059049614,0.083052434,0.056795012,0.066264346,0.0665003,0.051857375,0.08049291,0.06664637,0.07402743,0.056753904,0.07783903,0.07040286,0.090657845,0.1071057,0.073395155,0.05128523,0.06060487,0.09850524,0.08768753,0.055335294,0.072311744,0.077161275,0.083153635,0.06194263,0.07222643,0.074823216,0.051729474,0.07027596,0.07017503,0.085337415,0.049459748,0.06509721,0.123243116,0.09908711,0.06381268,0.049461603,0.07089859,0.07276039,0.09036074,0.057140175,0.057565972,0.06939313,0.0923865,0.07046804,0.078890175,0.081674136,0.076510385,0.07134573,0.06365574,0.0811483,0.10690496,0.07060205,0.06850995,0.071546316,0.16892591,0.0504154,0.051709242,0.07617721,0.059765324,0.049684856,0.10522076,0.055252567,0.07350808,0.054593507,0.06612118,0.091708414,0.06382742,0.098805435,0.07249789,0.072324954,0.081336565,0.05732001,0.071039595,0.049710795,0.053783458,0.06213728,0.09312628,0.059694,0.08250472,0.07289792,0.06047306,0.08846007,0.055570945,0.10626059,0.07244103,0.06772038,0.08954485,0.09002737,0.055586364,0.054254316,0.056695923,0.07348333,0.05710303,0.075820476,0.07041844,0.05935667,0.034214597,0.057265624,0.088044204,0.11395709,0.048998214,0.061693773,0.0620088,0.070091516,0.083948135,0.08090686,0.05760815,0.05647996,0.058417764,0.05906183,0.060437545,0.054650716,0.065775566,0.055996288,0.054778468,0.060803156,0.080095574,0.045636456,0.06826614,0.05191742,0.055877626
braise,0.035987623,0.060704637,0.08114105,0.09255005,0.0659517,0.06628536,0.1274721,0.14277907,0.08607924,0.101604395,0.07777105,0.045505587,0.069763646,0.050301958,0.082964845,0.068535,0.13953848,0.07122523,0.049837973,0.059514333,0.04783149,0.06405543,0.033468932,0.067567445,0.059297692,0.048366733,0.12313436,0.088189915,0.08470129,0.08361034,0.074234374,0.122647285,0.07120684,0.115143195,0.043650746,0.029134948,0.07292537,0.076362796,0.045076627,0.048609544,0.06937519,0.057086512,0.054293897,0.05923026,0.05947065,0.1199882,0.074830614,0.09053282,0.039041385,0.05913396,0.054070015,0.09989594,0.08725523,0.08827845,0.047420606,0.049571596,0.08934497,0.08769341,0.15305965,0.08579587,0.03356552,0.06313422,0.0943622,0.0812439,0.06676551,0.09112548,0.07252263,0.09650942,0.046010144,0.05509044,0.051046394,0.07822481,0.065254,0.0950407,0.09628564,0.04994407,0.06080677,0.108569875,0.06956573,0.09421018,0.11780625,0.058915142,0.08027778,0.080212325,0.06408194,0.062161613,0.04528892,0.059054613,0.09128423,0.064073145,0.082995705,0.10352174,0.07764272,0.124280006,0.07981032,0.08513829,0.085451625,0.05173143,0.084154226,0.075362645,0.050382875,0.0581023,0.09239362,0.06749622,0.060251165,0.1168854,0.09742002,0.07988429,0.09483092,0.09442064,0.06635383,0.08939822,0.09318327,0.089532174,0.07332693,0.058940485,0.10488049,0.19289492,0.07345981,0.0,0.07204387,0.08488261,0.022737328,0.07659239,0.08764455,0.09783041,0.099434584,0.112029724,0.082486376,0.08362238,0.081327155,0.065783136,0.07048485,0.062324826,0.10505491,0.058705132,0.07328812,0.05857709,0.08346942,0.023108242,0.073157,0.07525669,0.11879676,0.07156736,0.14385605,0.08559748,0.090237245,0.07170002,0.04728925,0.038659144,0.076118425,0.093737476,0.05584425,0.07653124,0.07132459,0.060571928,0.091500424,0.028401883,0.03211086,0.07182912,0.09259283,0.07850639,0.100419246,0.11956438,0.08727782,0.063221924,0.06402524,0.10274975,0.10277748,0.06552116,0.0869536,0.07444137,0.095601246,0.07131047,0.07748907,0.09059063,0.06460504,0.07446652,0.06792871,0.099846855,0.062821366,0.07058177,0.12563683,0.111240014,0.05600282,0.068719305,0.06772547,0.07654123,0.09228914,0.031065555,0.06100688,0.038364712,0.104370244,0.08058396,0.09234206,0.09020017,0.069258414,0.02310815,0.078700036,0.08370545,0.11506639,0.072977036,0.07627326,0.083663374,0.17587684,0.055247467,0.06766175,0.0865133,0.04651633,0.05776576,0.10783491,0.04877759,0.048973218,0.06306179,0.0754072,0.10541477,0.06162095,0.10998917,0.07122033,0.089541435,0.09541448,0.051609185,0.0846954,0.061082736,0.069750845,0.06013201,0.09484004,0.06636876,0.025918644,0.07433837,0.07078044,0.103006676,0.06682855,0.120879665,0.09176634,0.06369415,0.10326526,0.091205806,0.068626314,0.05984758,0.070369944,0.04147423,0.075439505,0.037580978,0.07568143,0.06982805,0.0634223,0.06600738,0.09701412,0.1190407,0.052775875,0.042464916,0.06393946,0.026846997,0.04011505,0.09287872,0.07403801,0.06339665,0.047317784,0.072274014,0.06771179,0.06342188,0.043895196,0.046708986,0.06379214,0.06728491,0.09514655,0.06594391,0.07900377,0.063312754,0.05714035
uncover,0.04675582,0.05652521,0.03139712,0.04085113,0.045923453,0.055030525,0.07037558,0.08418806,0.037874337,0.046457898,0.02921856,0.044105727,0.039321985,0.0468307,0.039775226,0.03303971,0.083588056,0.034531616,0.0396802,0.034753777,0.056364827,0.0764191,0.052863315,0.051284403,0.038300566,0.04828438,0.07130959,0.042155486,0.038678735,0.044136405,0.03036579,0.06570243,0.03433203,0.05569715,0.05892754,0.05394154,0.031293184,0.037242107,0.048384212,0.054030456,0.043399867,0.033385564,0.05697186,0.040073287,0.027684366,0.062457174,0.057727583,0.040435057,0.08174928,0.08140006,0.05395447,0.051322676,0.067513734,0.08479619,0.06278975,0.06939865,0.037589695,0.042158723,0.09406671,0.032999944,0.060734667,0.061273754,0.055553213,0.044740018,0.0354961,0.060541708,0.08984643,0.041551284,0.054296464,0.05181444,0.04534858,0.032313928,0.04328312,0.071587555,0.046081886,0.04263659,0.0634808,0.052665886,0.027297953,0.07853765,0.07339054,0.048653834,0.03445606,0.035964794,0.04439301,0.035032474,0.038702574,0.032669395,0.04098056,0.0518714,0.02949998,0.051810533,0.05294786,0.06651135,0.036082596,0.036620818,0.042684216,0.039799515,0.042589102,0.043658245,0.06001021,0.0521589,0.06281151,0.046080243,0.06802379,0.06443766,0.041729648,0.042493574,0.043733932,0.033687282,0.04197125,0.050463792,0.06326984,0.04690887,0.03242649,0.052276034,0.04768638,0.15721989,0.064585835,0.07204387,0.0,0.03260326,0.06938791,0.03406872,0.028847275,0.04501457,0.054395594,0.06419757,0.025839714,0.038672812,0.030461116,0.036381222,0.05837499,0.033739302,0.047432724,0.038896337,0.045237042,0.05054499,0.032512516,0.06769398,0.028187875,0.03412423,0.069365576,0.031385552,0.09673385,0.03194727,0.03841528,0.034476686,0.08861863,0.05807573,0.02839793,0.044411797,0.042736128,0.026144495,0.03947479,0.045320466,0.043858077,0.07264114,0.061029803,0.052484136,0.04834018,0.046365496,0.040980965,0.06432844,0.02948298,0.05367276,0.036969338,0.048434153,0.057080634,0.053488664,0.04131361,0.031785782,0.046243936,0.052241642,0.03805813,0.05220027,0.036025647,0.032058828,0.0364284,0.066429585,0.08515975,0.03145862,0.069957204,0.079159,0.032836575,0.060666114,0.044316217,0.024691807,0.044234112,0.06562469,0.044395626,0.0451358,0.079667,0.03295468,0.04696315,0.03612284,0.027318506,0.059869602,0.043216106,0.036220394,0.05860544,0.027472017,0.05720075,0.043797582,0.11817907,0.06838817,0.051929504,0.040468488,0.043186523,0.076340914,0.051447894,0.04563019,0.04431989,0.049665947,0.026399313,0.044279132,0.029068567,0.056507688,0.060255922,0.03366508,0.069467135,0.049391415,0.059104692,0.03761004,0.058773316,0.06354312,0.041662354,0.031679325,0.07358334,0.032499198,0.033802267,0.06814869,0.046122853,0.084915176,0.064175025,0.042045552,0.067977235,0.040589545,0.042151816,0.05921481,0.030753404,0.064448126,0.02608824,0.050094288,0.053430274,0.0451714,0.06722592,0.050369855,0.04789158,0.060928524,0.048168786,0.08262019,0.02329988,0.058702126,0.058634598,0.031746395,0.03768216,0.033114593,0.08390694,0.03589528,0.06977336,0.04439194,0.08835584,0.03731874,0.044441286,0.05637639,0.03103914,0.051048934,0.062150657,0.043848846,0.05342355
process,0.061251257,0.061134513,0.0355375,0.025175558,0.054317683,0.05538806,0.0656061,0.07434402,0.03473345,0.03482276,0.032775212,0.0473068,0.036847185,0.053610153,0.027932046,0.039707195,0.076509744,0.031519245,0.05150026,0.044587046,0.06942244,0.080983415,0.06508043,0.059723217,0.0407703,0.06099044,0.06577769,0.042213805,0.026517281,0.04580779,0.036402475,0.058433227,0.039367933,0.05316124,0.07208489,0.06679117,0.029640727,0.040118143,0.059566002,0.06402327,0.041047383,0.04270097,0.063067436,0.050335765,0.04268956,0.05284207,0.06799291,0.030024385,0.09291169,0.09123191,0.06170499,0.04451549,0.06540303,0.08758245,0.071174756,0.0778619,0.037440903,0.04180347,0.087703206,0.033538725,0.07307544,0.07059312,0.045241956,0.04360161,0.043531146,0.052805774,0.0995294,0.029426578,0.06515108,0.062675,0.05499594,0.025071645,0.0518588,0.06645092,0.03201702,0.05570573,0.07374967,0.04938462,0.02991886,0.07498741,0.064564876,0.06350834,0.042696297,0.030519279,0.044200502,0.04774143,0.051670637,0.03990218,0.043819007,0.060048573,0.028948475,0.04986516,0.047968484,0.057708025,0.03276095,0.029002387,0.042357262,0.048833437,0.047221705,0.04020422,0.070979826,0.060466725,0.0563086,0.04505663,0.07211647,0.057101738,0.0438894,0.042151082,0.03908792,0.027230201,0.042052224,0.046363153,0.058110863,0.034096465,0.032429248,0.059923258,0.044879187,0.15617765,0.07454812,0.08488261,0.03260326,0.0,0.081257254,0.040035322,0.029838575,0.041353796,0.0377594,0.06288435,0.03531556,0.031035606,0.0326383,0.045019884,0.060490787,0.043047152,0.04315372,0.045414213,0.0542876,0.058739956,0.035042565,0.08053116,0.032491546,0.033794202,0.061173636,0.041371927,0.09308617,0.03759238,0.036239758,0.03393544,0.09822903,0.07320267,0.030488662,0.030419338,0.05215528,0.030018676,0.040001225,0.049353708,0.029352134,0.08278951,0.072962634,0.04612947,0.031920467,0.040293224,0.036787443,0.052448787,0.02881311,0.06507117,0.04605967,0.040455434,0.04143744,0.05392002,0.037385914,0.032179616,0.031860992,0.04812701,0.0404068,0.04081142,0.048597425,0.03980342,0.04879803,0.060461916,0.093281664,0.03588202,0.0662287,0.071083814,0.04169112,0.07333123,0.053159624,0.028536452,0.047887452,0.07617791,0.046321217,0.057283055,0.074774384,0.029596843,0.032010373,0.034429062,0.03959251,0.072717205,0.03980241,0.039047755,0.04474827,0.026424762,0.050023552,0.028510343,0.11037952,0.07749553,0.058783274,0.02865886,0.049912833,0.08589961,0.04913998,0.057099376,0.055517845,0.05620064,0.0260608,0.04092702,0.039956976,0.049599506,0.06796823,0.027584868,0.06560469,0.055594213,0.047449004,0.045395914,0.06786122,0.076264955,0.04289971,0.037235685,0.08617072,0.039588984,0.043483365,0.0614266,0.04809953,0.07532897,0.061483435,0.050171707,0.061696153,0.045237362,0.05275785,0.06637425,0.042444084,0.07567716,0.035499863,0.061580025,0.04620827,0.046756733,0.07522881,0.050646126,0.037605267,0.055974647,0.061982144,0.0926979,0.035970517,0.06970938,0.07085236,0.028269297,0.047108054,0.046011824,0.09231684,0.04014021,0.082683645,0.053214036,0.09660606,0.04755109,0.050428886,0.055640344,0.032831024,0.05796536,0.053823277,0.051218275,0.059207745
bake,0.038869698,0.06571847,0.078820854,0.08892147,0.06601172,0.0700077,0.12096552,0.1361408,0.08208311,0.097345695,0.07672162,0.04530248,0.06853602,0.048282135,0.081085354,0.06638199,0.13328822,0.06981253,0.049938492,0.056197945,0.047332715,0.07008622,0.0347104,0.058213536,0.059707854,0.049058165,0.11631794,0.0818786,0.08255804,0.075271286,0.07213381,0.1169885,0.06653739,0.10982056,0.0465258,0.029854285,0.06940548,0.07464275,0.03827736,0.051317386,0.070850044,0.052546833,0.058712658,0.055652857,0.058812063,0.11374115,0.07742259,0.08632782,0.043217164,0.06767927,0.057120714,0.09366519,0.08713568,0.09260736,0.054025743,0.051875256,0.0850518,0.08273532,0.14616032,0.08382459,0.022456162,0.06858596,0.09286549,0.079952806,0.06590956,0.09096007,0.07824084,0.09321693,0.04369262,0.04448966,0.0489967,0.0754122,0.06476397,0.095386095,0.092778176,0.054022633,0.06666923,0.10333579,0.066669,0.09597157,0.11499721,0.062590726,0.07772191,0.076596074,0.0653139,0.064081125,0.04466856,0.060494784,0.0871854,0.06711295,0.078874335,0.09912379,0.07805517,0.11720661,0.079128414,0.0798011,0.08035075,0.050100204,0.08183463,0.075194165,0.038557634,0.06341216,0.09163207,0.0664903,0.0657437,0.11176934,0.09199898,0.07898074,0.09179203,0.091240175,0.06733158,0.08629752,0.09281122,0.08700258,0.07251527,0.06287974,0.10016171,0.18771124,0.07694188,0.022737328,0.06938791,0.081257254,0.0,0.07161013,0.08478651,0.093692146,0.09615909,0.10402154,0.07904837,0.081179984,0.07823164,0.06161225,0.074328884,0.058009095,0.100682095,0.05475173,0.07467456,0.061760843,0.07934839,0.031202944,0.06963835,0.07294907,0.11400584,0.07041684,0.1349929,0.082461216,0.08639881,0.06977703,0.05366473,0.046519265,0.07573838,0.090110235,0.057536677,0.074254856,0.06899662,0.06373313,0.08842626,0.033709675,0.031626448,0.073601864,0.09033855,0.07838779,0.09630941,0.11485041,0.08478123,0.06733632,0.0626081,0.097387515,0.100114234,0.06708292,0.08246246,0.0702052,0.09242426,0.07213938,0.07501706,0.089289345,0.06606118,0.07258338,0.065768585,0.09892067,0.06853986,0.07006046,0.11935763,0.109585084,0.053611003,0.073835365,0.06668322,0.07414089,0.08650611,0.03610588,0.06277478,0.03525729,0.10405847,0.07805753,0.08987401,0.08693413,0.063949555,0.016638508,0.07790216,0.07902264,0.10837501,0.070137426,0.076578446,0.08231405,0.16837394,0.06168322,0.06958961,0.0829633,0.044971682,0.06540294,0.101354495,0.05085336,0.044874858,0.06579373,0.07234857,0.101511635,0.059308425,0.10581358,0.071918815,0.087008774,0.09521227,0.05543174,0.084850006,0.06258058,0.07346099,0.06316513,0.08933032,0.06597598,0.028186431,0.07097439,0.069754414,0.10145308,0.06991387,0.11912909,0.09246799,0.0634423,0.10207638,0.08656766,0.07004709,0.064260565,0.07030101,0.042892974,0.074711256,0.0353119,0.075615354,0.07153579,0.06756367,0.06942343,0.09335714,0.11356606,0.057491157,0.04607407,0.060572054,0.028351521,0.03262912,0.08971709,0.07486156,0.0619403,0.053712785,0.07293054,0.0749851,0.063138604,0.05102053,0.044538453,0.06482028,0.07104779,0.09175345,0.07014671,0.080509245,0.06569641,0.061465926
rinse,0.054754972,0.06421089,0.039677445,0.047088396,0.05152065,0.06357674,0.060023468,0.084244125,0.031268474,0.049546298,0.043694284,0.050322115,0.046011005,0.050928377,0.046653204,0.039371062,0.08229389,0.04312013,0.05127358,0.0417186,0.061565615,0.08317278,0.059760574,0.05341417,0.049436398,0.05580867,0.06870816,0.04305852,0.045163263,0.045423023,0.03419922,0.06271751,0.041450966,0.06233697,0.06624213,0.060775958,0.04136102,0.046219353,0.05403462,0.06073717,0.05214853,0.036071055,0.065039754,0.03955876,0.039441746,0.054964885,0.06480943,0.045118924,0.087977834,0.08875394,0.06467068,0.052354567,0.07327578,0.091884166,0.07117164,0.07387593,0.04655066,0.046324488,0.095996685,0.04682789,0.064566776,0.069531836,0.062654644,0.050211675,0.04586174,0.06873974,0.09572581,0.048516575,0.057647534,0.055229597,0.05357674,0.04099194,0.05447026,0.07844861,0.052634507,0.056080807,0.07581259,0.05359107,0.039449386,0.08549786,0.07828144,0.055973984,0.04093639,0.04372261,0.052677594,0.042565856,0.04568148,0.045055103,0.04297884,0.060050912,0.0384574,0.052168418,0.06179079,0.06270429,0.044955447,0.04162374,0.021509891,0.04738948,0.048397087,0.048287846,0.061961483,0.061346047,0.06914892,0.05268209,0.07464038,0.06749784,0.037788823,0.054505188,0.04834905,0.04404144,0.05195614,0.05749737,0.07031767,0.05150356,0.043291356,0.060112912,0.054815948,0.1595108,0.07128397,0.07659239,0.03406872,0.040035322,0.07161013,0.0,0.042256135,0.049355935,0.060416315,0.06449073,0.04162022,0.044774305,0.040445242,0.019353239,0.067980304,0.021366255,0.04953911,0.043869518,0.05686642,0.058407284,0.039538536,0.070787705,0.03419165,0.04477309,0.06949478,0.044154204,0.09618751,0.03534255,0.04612192,0.044049192,0.09464341,0.06672391,0.04329074,0.049463186,0.049650628,0.042698164,0.046460614,0.05508403,0.050127674,0.07779984,0.06564531,0.060489718,0.054704484,0.05340016,0.047222685,0.06748988,0.03826199,0.066528045,0.042141777,0.05146457,0.062867805,0.060974453,0.026566308,0.03920513,0.053279467,0.060709726,0.045252293,0.06023263,0.043527078,0.037038535,0.04633882,0.0739592,0.090951115,0.042283125,0.07142535,0.084890865,0.04309784,0.072757706,0.0530372,0.040278126,0.042884585,0.071230926,0.05280201,0.04807542,0.085999034,0.046487436,0.05505115,0.04605774,0.037004672,0.064062275,0.052926276,0.041044753,0.05897005,0.035197858,0.062415216,0.049702074,0.11769365,0.07801548,0.06098624,0.04721786,0.04934883,0.08596161,0.053494826,0.057317227,0.04626177,0.06143363,0.033044875,0.05310679,0.041957207,0.05994602,0.068671964,0.044721693,0.07661013,0.058216743,0.062828,0.05007419,0.069440484,0.072842374,0.04311565,0.044793393,0.07710823,0.043626778,0.045655463,0.07459911,0.05776386,0.090347394,0.07131258,0.05050815,0.07527928,0.042056322,0.05683328,0.07003997,0.048243754,0.06905794,0.04080638,0.053912252,0.05771089,0.053359747,0.07535535,0.05864877,0.05327589,0.06411686,0.06247548,0.08813488,0.036900133,0.06333449,0.061575543,0.04273881,0.05040818,0.03265804,0.09017255,0.048959732,0.08205961,0.054521177,0.09291493,0.04762577,0.054611865,0.06411946,0.039910648,0.06357347,0.06562454,0.056756377,0.06361273
repeat,0.064503476,0.0654845,0.03162513,0.032676347,0.0549453,0.060353044,0.06286509,0.07266849,0.03679372,0.03562362,0.033512782,0.055309366,0.04217784,0.057255648,0.0349339,0.041518327,0.074873365,0.03765373,0.056007087,0.046816807,0.07209478,0.084461205,0.06802006,0.060422085,0.047977634,0.06392101,0.06420386,0.04315684,0.03402214,0.04678625,0.035664473,0.055491425,0.04247654,0.050582886,0.07418571,0.0707116,0.036640313,0.04069854,0.06291709,0.06663986,0.047063593,0.04604091,0.067101985,0.052752458,0.04275063,0.051792797,0.06789804,0.034937993,0.09622134,0.0930071,0.065682895,0.046919264,0.07124872,0.091001466,0.0731421,0.08258396,0.039869882,0.04383388,0.08409211,0.031906165,0.07630854,0.070796944,0.05375913,0.047691636,0.044748846,0.06041475,0.10145254,0.035543863,0.06941929,0.06464627,0.05691161,0.0333473,0.052470356,0.07310385,0.0398609,0.0539319,0.07335846,0.046603348,0.032070704,0.081572756,0.06923837,0.063871846,0.03955071,0.038258135,0.050728038,0.04525399,0.052956212,0.041660722,0.041701347,0.06174742,0.0288351,0.048247166,0.05698188,0.056788296,0.03273649,0.03555359,0.044552047,0.053025585,0.04436753,0.045081943,0.073928125,0.061279695,0.062729865,0.05176058,0.07615667,0.05831244,0.04095501,0.045981497,0.042241804,0.027300468,0.047163248,0.051073432,0.06381465,0.040531404,0.03338378,0.06236475,0.041887123,0.15277268,0.074848466,0.08764455,0.028847275,0.029838575,0.08478651,0.042256135,0.0,0.04154861,0.047917556,0.061218567,0.029337171,0.03282919,0.031492982,0.0476657,0.06296497,0.046331223,0.03978613,0.048625268,0.055507347,0.06129185,0.035111457,0.08318612,0.035245262,0.03744664,0.06307066,0.04161457,0.091133215,0.033966072,0.038271237,0.039802276,0.10163112,0.07434888,0.029736431,0.039814185,0.05410311,0.029903717,0.042570226,0.053356133,0.03682816,0.08596376,0.07665837,0.057071947,0.042763762,0.047785006,0.031910136,0.054910406,0.027304217,0.063559145,0.047048807,0.04124525,0.051029537,0.05945138,0.040686794,0.036204487,0.03965231,0.056221742,0.04008658,0.051689606,0.047787394,0.039374575,0.048940446,0.06668467,0.09767951,0.03724285,0.061696567,0.077031925,0.04690765,0.072313644,0.05425421,0.031321444,0.046438724,0.079255305,0.05133485,0.059527926,0.08071067,0.034737203,0.042717744,0.03217465,0.040358555,0.07617029,0.045627862,0.036947653,0.048539974,0.03118315,0.05760998,0.040600494,0.10746383,0.08074384,0.06231081,0.035776842,0.054728813,0.08902606,0.047371577,0.059068855,0.057447843,0.05824225,0.033010133,0.03469985,0.038790435,0.05006862,0.06995649,0.026770063,0.07124145,0.059567276,0.0568181,0.046052586,0.07079138,0.077864036,0.040200304,0.03791166,0.08970657,0.04080627,0.042998586,0.066880606,0.050653458,0.08128494,0.06674101,0.053020585,0.06724345,0.04249627,0.049984757,0.06854306,0.03585785,0.07952138,0.034033343,0.06360036,0.05310141,0.04925041,0.078269675,0.053761475,0.044688646,0.052397776,0.061024014,0.09623459,0.036088157,0.07396489,0.07379673,0.027377699,0.043321908,0.046382885,0.09670176,0.039915204,0.0814446,0.055248227,0.10153641,0.050578,0.05307751,0.061333038,0.024972275,0.059455555,0.062103085,0.051643655,0.06223255
scatter,0.07403351,0.07903108,0.046407558,0.04087115,0.061653666,0.07303093,0.065156735,0.07150632,0.044874355,0.04710954,0.046652313,0.065715894,0.050060015,0.06974358,0.04613036,0.051930442,0.071637064,0.05005587,0.06597171,0.056453407,0.07595097,0.09610772,0.07749372,0.064039156,0.059347365,0.06765811,0.06402784,0.04780308,0.046226714,0.046257783,0.050995775,0.06097716,0.044331517,0.05069786,0.07950668,0.07804643,0.04469928,0.046521053,0.06918436,0.07753224,0.057876393,0.053345293,0.078042015,0.0605529,0.052757487,0.056765072,0.08258119,0.04230699,0.10635212,0.10214243,0.0768259,0.048209526,0.06625258,0.08471434,0.08686415,0.09113919,0.044120934,0.03809319,0.08106781,0.03963539,0.08359415,0.08504425,0.051842514,0.04595279,0.055028476,0.060491733,0.11236565,0.032377213,0.075128056,0.06756341,0.06446432,0.043168295,0.061564375,0.07019286,0.040032044,0.06966199,0.088195994,0.04681575,0.04802812,0.08002233,0.060026202,0.0763435,0.0497858,0.043262932,0.062409863,0.059677526,0.06409045,0.056297053,0.04695088,0.060394827,0.03451704,0.05228211,0.061430253,0.059454557,0.04692488,0.042382628,0.05035906,0.061299503,0.054142915,0.05528084,0.07894205,0.07529254,0.058980163,0.05847972,0.08829153,0.046213645,0.046392698,0.04890263,0.040217847,0.038581282,0.06111279,0.0466352,0.056196548,0.052620884,0.04945282,0.07196288,0.04201918,0.15176605,0.08929671,0.09783041,0.04501457,0.041353796,0.093692146,0.049355935,0.04154861,0.0,0.046527673,0.058408152,0.045031726,0.04983351,0.044900827,0.054552216,0.071252815,0.057157874,0.046124484,0.05557235,0.06711545,0.062724024,0.032389328,0.09365801,0.04442981,0.050045803,0.047228314,0.048135057,0.0885872,0.0472204,0.028566195,0.04582145,0.11279311,0.08538944,0.048892904,0.042002827,0.060264163,0.04416553,0.05299423,0.06612979,0.04984868,0.09816114,0.08321436,0.066372246,0.0494665,0.060159393,0.044286072,0.04670446,0.039736524,0.07835493,0.056996763,0.045403756,0.049100824,0.06682226,0.052776348,0.0447331,0.042425692,0.06333743,0.04424151,0.052694127,0.06305334,0.044861846,0.050960705,0.059908364,0.10612935,0.048000924,0.06226683,0.06663567,0.053578757,0.08758359,0.05008482,0.03895875,0.051531337,0.09217686,0.06040694,0.07044503,0.07340011,0.04304154,0.04335249,0.042441666,0.047693312,0.08518068,0.04758284,0.04320738,0.045966122,0.042283855,0.06951371,0.051361162,0.103352636,0.0888139,0.073344305,0.04859767,0.06703563,0.100729786,0.048909344,0.07080218,0.06720956,0.070961066,0.044376887,0.04421265,0.051161792,0.029267265,0.060807157,0.042320512,0.06717766,0.070549555,0.06731255,0.05990959,0.082946226,0.08389091,0.04417993,0.052700546,0.09787164,0.050080758,0.054473504,0.060655084,0.0649115,0.07167236,0.063086845,0.049553096,0.05971392,0.04808297,0.065823995,0.08102997,0.055717982,0.08633374,0.05322494,0.07350002,0.06568697,0.058838,0.08805082,0.06846329,0.03873682,0.054095365,0.075915135,0.1069344,0.048579294,0.083327085,0.079335496,0.04111208,0.059757154,0.056925092,0.10785295,0.05265441,0.095796704,0.061290275,0.11147967,0.062908515,0.060307957,0.07474285,0.041616205,0.071413815,0.07499874,0.06714626,0.07246351
square,0.076748244,0.06961571,0.050837565,0.033803444,0.07077552,0.06250535,0.07567185,0.07940518,0.048793945,0.048655573,0.048408605,0.06403681,0.049014516,0.07008896,0.03859066,0.05590073,0.07908311,0.04177522,0.06708496,0.06219954,0.08582517,0.08461813,0.080109134,0.077224,0.052904435,0.07873906,0.07083244,0.058483593,0.036217857,0.060422577,0.04976532,0.064423434,0.0514467,0.06399478,0.08757711,0.08166982,0.03620533,0.047083266,0.07501026,0.07409259,0.049653683,0.058320604,0.06955222,0.06469385,0.06088451,0.06372465,0.07940091,0.038959287,0.105013445,0.10254574,0.07450136,0.057245787,0.0496878,0.08364483,0.07973889,0.086442925,0.052159306,0.04269255,0.09369254,0.04225064,0.089818604,0.07989095,0.026582822,0.040322937,0.06075731,0.03419163,0.108511865,0.029212905,0.07918411,0.079834715,0.07046895,0.038065497,0.0664838,0.046251845,0.021130363,0.069644496,0.0844605,0.061476048,0.045635432,0.057770964,0.04179563,0.078013256,0.05594605,0.037281223,0.053220533,0.061343197,0.06821319,0.05774751,0.05695917,0.06927085,0.043580253,0.060643047,0.04264164,0.067428365,0.05021572,0.038122658,0.058777798,0.067876704,0.06202176,0.04400932,0.087752454,0.07204181,0.03787106,0.048647493,0.07625885,0.044550944,0.05719877,0.04871045,0.03288394,0.041074306,0.053529035,0.035710957,0.039957758,0.04870097,0.045531284,0.066263065,0.054785743,0.16153178,0.085348986,0.099434584,0.054395594,0.0377594,0.09615909,0.060416315,0.047917556,0.046527673,0.0,0.07563158,0.053428885,0.04608857,0.050340105,0.06396823,0.06582084,0.06420565,0.0515949,0.060679723,0.06415348,0.07235323,0.05369327,0.09392436,0.052917767,0.052905384,0.04902196,0.061341666,0.10201341,0.052540824,0.044739105,0.040995028,0.10879537,0.08625681,0.047144067,0.026961725,0.062023703,0.04712579,0.054003093,0.062271915,0.04018762,0.09507144,0.08525296,0.050173167,0.021424433,0.053406633,0.052786816,0.04122067,0.04109583,0.07537865,0.061031006,0.054781266,0.019666173,0.05886243,0.056769636,0.048985798,0.025842872,0.04718216,0.046019938,0.026515061,0.061409935,0.053240344,0.068248436,0.040243734,0.09964886,0.04469076,0.075096294,0.046438657,0.057029214,0.0852725,0.067300804,0.044048984,0.06144486,0.089286305,0.056769162,0.075139426,0.05233077,0.038874593,0.019379701,0.045796987,0.05915299,0.08776221,0.03662104,0.050897513,0.047278184,0.048292056,0.055951625,0.033517245,0.113936186,0.08773114,0.07016244,0.041315094,0.0632096,0.09651526,0.063654706,0.07238583,0.071029566,0.068123326,0.044094156,0.05273574,0.055319745,0.044725046,0.07725524,0.040451225,0.046293065,0.06738822,0.05314691,0.059495028,0.07970496,0.08980813,0.056513764,0.05165647,0.1005218,0.058653876,0.058672763,0.038913872,0.05846705,0.04979899,0.04659937,0.06499908,0.040039692,0.060821008,0.06428011,0.07695361,0.057698812,0.08784543,0.05416299,0.07767054,0.05707282,0.055163648,0.08065036,0.06177951,0.028381975,0.065758444,0.07481466,0.10427795,0.05409157,0.08542294,0.08639055,0.047171593,0.05930739,0.059520256,0.1017136,0.047087643,0.09574698,0.06559835,0.10858759,0.0662778,0.05980334,0.06628974,0.048520364,0.06746656,0.064362206,0.06144551,0.065978654
char,0.094504885,0.10983164,0.054502077,0.06197313,0.083088376,0.10623628,0.052431483,0.052021503,0.062312074,0.054052923,0.0752894,0.08811094,0.077317916,0.08396245,0.07052387,0.06100311,0.045504548,0.07421852,0.08537475,0.06264882,0.09615972,0.1273222,0.09218822,0.058021426,0.08394561,0.0888337,0.03737247,0.03687676,0.070027776,0.04065564,0.067004964,0.04666454,0.058865275,0.044159323,0.10540533,0.09464296,0.0691292,0.0754594,0.07878999,0.09878998,0.09070747,0.06844006,0.10820246,0.0673061,0.066718176,0.04877419,0.10901414,0.055202555,0.12987666,0.1301573,0.10260323,0.038460962,0.10071065,0.13114507,0.11383279,0.11559802,0.049364384,0.05507001,0.05158835,0.06419366,0.08998704,0.1166317,0.08476672,0.07955559,0.0679039,0.09620282,0.13730064,0.06207027,0.08825088,0.07150919,0.083242044,0.06936694,0.07975873,0.1063971,0.06563655,0.09427752,0.11816313,0.03429778,0.07116047,0.11753811,0.086958095,0.10353257,0.0557486,0.07137396,0.09284931,0.08156732,0.07611582,0.082224675,0.043868545,0.09534114,0.054620355,0.04049984,0.09600318,0.043979015,0.07137351,0.05553037,0.06756215,0.07222431,0.0508633,0.0770621,0.0773274,0.105534464,0.09477275,0.0849528,0.11763363,0.06132772,0.044710584,0.08255059,0.07146316,0.05972853,0.086858176,0.076459385,0.09777767,0.068549216,0.072842635,0.096454926,0.04681905,0.14038788,0.116347045,0.112029724,0.06419757,0.06288435,0.10402154,0.06449073,0.061218567,0.058408152,0.07563158,0.0,0.052795548,0.06491492,0.055223975,0.07648283,0.10790357,0.07542497,0.047804836,0.06701403,0.09898954,0.09848652,0.056605894,0.107455365,0.0554818,0.06160509,0.06645798,0.064381145,0.046105325,0.05288594,0.05581662,0.07635268,0.13805297,0.10831664,0.0755672,0.065541476,0.087883405,0.068156846,0.07865822,0.0959651,0.06553701,0.11728331,0.0971009,0.100032955,0.07732258,0.084376514,0.046764202,0.060967416,0.06307494,0.106376596,0.07933302,0.03802134,0.07748417,0.10197743,0.07038413,0.058583915,0.067057975,0.09519593,0.068851165,0.086178355,0.08574535,0.06148411,0.07210765,0.09564486,0.13441454,0.0728626,0.035011068,0.10016718,0.07686202,0.11831558,0.08121723,0.06102234,0.042041987,0.11251934,0.09314199,0.079563186,0.10755172,0.06850211,0.07482424,0.055822674,0.054257993,0.09751155,0.08560695,0.054044623,0.045746904,0.066546604,0.096011594,0.07888092,0.07408111,0.121364534,0.104994066,0.06383424,0.08370496,0.13128223,0.0343577,0.09720774,0.07142247,0.09967623,0.06640408,0.045846175,0.0728415,0.058896706,0.10061067,0.06554462,0.10274929,0.09732126,0.09667649,0.0873441,0.11474409,0.11342866,0.036612134,0.07403964,0.10776745,0.05808643,0.076759875,0.092970535,0.09688999,0.102214575,0.10302483,0.080892876,0.09321115,0.039399628,0.09196412,0.11016167,0.08098788,0.102349505,0.08083306,0.07863542,0.09010296,0.09399238,0.11779136,0.098824196,0.064655215,0.0347428,0.10225348,0.1313921,0.06955594,0.0974103,0.08344981,0.06032161,0.08760189,0.07772801,0.13326259,0.07914521,0.12717983,0.09059263,0.13606018,0.083164446,0.09349331,0.10396372,0.057681955,0.103540815,0.10360518,0.09466538,0.103711165
uncovered,0.05965588,0.06934455,0.02694963,0.035912264,0.050737318,0.06699054,0.06269679,0.07141099,0.03846762,0.037202667,0.04128366,0.05592942,0.04410748,0.05317152,0.040497337,0.03802571,0.071031585,0.037972037,0.054375086,0.040276166,0.070590906,0.08928036,0.06284406,0.050390642,0.050357357,0.061250165,0.05799931,0.03503033,0.040524267,0.039818298,0.035300814,0.054492112,0.036510855,0.050219145,0.0732185,0.065797165,0.036839433,0.046305854,0.056529928,0.065272756,0.051660284,0.04143677,0.07075761,0.043717675,0.03730741,0.052682247,0.07150069,0.034408428,0.095385954,0.0941708,0.06874977,0.039665744,0.07315796,0.09853201,0.07486222,0.081823654,0.037944715,0.03956209,0.08110684,0.037530202,0.06904765,0.078088015,0.05828452,0.049592897,0.044167057,0.065562926,0.10206099,0.04039154,0.062879905,0.056678634,0.05444633,0.03852461,0.05210861,0.078412704,0.04409428,0.053712796,0.07517011,0.041249365,0.034825873,0.08623597,0.07225853,0.067701094,0.0325132,0.04234261,0.05489981,0.04328453,0.045183226,0.044859357,0.03572547,0.06526373,0.0287787,0.042574428,0.06183826,0.055429116,0.03718449,0.034310192,0.047084384,0.049665775,0.040107153,0.046600282,0.064702384,0.066850714,0.067636885,0.052029576,0.079354085,0.056899067,0.03752396,0.0524738,0.047379155,0.03549879,0.0483973,0.052952368,0.070123,0.043895032,0.03593553,0.06247085,0.041902047,0.15114358,0.07838955,0.082486376,0.025839714,0.03531556,0.07904837,0.04162022,0.029337171,0.045031726,0.053428885,0.052795548,0.0,0.034418683,0.02404033,0.0486914,0.07013272,0.046644256,0.04020022,0.042111434,0.062942214,0.06584079,0.038092636,0.07764384,0.03251137,0.03654048,0.06338271,0.042156253,0.083149135,0.029323919,0.038282093,0.04358059,0.10261555,0.07303147,0.035522576,0.041940898,0.05578932,0.035148535,0.047993492,0.056747876,0.037335698,0.08414924,0.07017887,0.06413228,0.049812037,0.04890181,0.031032735,0.05839264,0.03409498,0.06288645,0.049283102,0.03697722,0.05642811,0.06550234,0.045890193,0.032162983,0.043562543,0.06036031,0.04216355,0.05761606,0.05036599,0.037521854,0.049410705,0.07208666,0.098633714,0.03768603,0.05631135,0.08156097,0.04535667,0.07948544,0.056288756,0.03335328,0.03658792,0.077261545,0.05652695,0.051838484,0.084561855,0.039478462,0.049471866,0.033432838,0.030690875,0.070294544,0.053068444,0.033705633,0.048825786,0.035671126,0.062102444,0.048081577,0.10406769,0.08400147,0.06923471,0.034696944,0.051222276,0.09290486,0.041829173,0.06148868,0.04698894,0.06366147,0.037586357,0.035240132,0.037443735,0.05267108,0.07411942,0.033277217,0.07601995,0.060064733,0.06333053,0.050894164,0.077388644,0.08152119,0.03345183,0.039166946,0.08250414,0.03899768,0.048050117,0.070347555,0.05830898,0.08575017,0.0734722,0.05493543,0.071438946,0.034201324,0.048590515,0.07404281,0.038132973,0.07471069,0.042511947,0.054485936,0.056969754,0.05678149,0.078738175,0.05851973,0.047332052,0.04971419,0.059679244,0.096522875,0.03570851,0.06839489,0.064264834,0.033340625,0.051720235,0.045818247,0.09725471,0.04523539,0.08747239,0.05905774,0.101865105,0.048536267,0.05772887,0.06475074,0.03325783,0.064769566,0.068303265,0.051890016,0.06686652
whirl,0.06144027,0.06477651,0.03257104,0.032865733,0.055899486,0.05962724,0.07012258,0.076655075,0.03812578,0.031545904,0.039642584,0.053972226,0.03443401,0.047489144,0.034133468,0.043613587,0.07795166,0.035009198,0.055788442,0.046982482,0.07405394,0.08010316,0.06612943,0.05991045,0.047670454,0.06486187,0.06516896,0.0451608,0.03149069,0.048460435,0.037157405,0.058164008,0.0427009,0.060347404,0.075582035,0.0684334,0.03362055,0.046009723,0.060651157,0.063503996,0.041754894,0.04579798,0.06431775,0.04613439,0.044093817,0.05469641,0.069144115,0.035540104,0.093893975,0.09305314,0.06508224,0.04751174,0.06788843,0.0912145,0.06921826,0.076574475,0.043104347,0.044342484,0.09032386,0.037634984,0.07280115,0.07403522,0.051292945,0.047044832,0.049390353,0.05677222,0.09722793,0.039941873,0.06461759,0.063693196,0.05554148,0.03936734,0.051927287,0.068412766,0.039516665,0.052737877,0.07291334,0.050455797,0.034136746,0.0760553,0.067116536,0.06784946,0.040493578,0.036112294,0.05000794,0.04684012,0.04984526,0.040607285,0.04463776,0.06520717,0.03469625,0.04958686,0.05378286,0.061208006,0.027623106,0.038036615,0.0472256,0.0534077,0.049000595,0.033002157,0.070664704,0.06347054,0.05739805,0.03977363,0.07143113,0.05971695,0.046691515,0.050808497,0.043741237,0.03848113,0.043375533,0.050449822,0.061306223,0.026120491,0.022285182,0.06060284,0.04818195,0.15533136,0.07506627,0.08362238,0.038672812,0.031035606,0.081179984,0.044774305,0.03282919,0.04983351,0.04608857,0.06491492,0.034418683,0.0,0.03077962,0.04991168,0.05930534,0.048436075,0.04663454,0.04766307,0.060967296,0.06529965,0.04575833,0.07695209,0.03947888,0.033693526,0.06409165,0.048499383,0.09451126,0.03901081,0.043388464,0.038915493,0.09922291,0.07441745,0.033350285,0.03968598,0.05409678,0.036649853,0.044243407,0.050470594,0.025683003,0.08175049,0.07061028,0.05722927,0.040501982,0.038440257,0.041029394,0.056971274,0.034001455,0.0629312,0.050320446,0.04327,0.048320252,0.05459083,0.041885555,0.035628818,0.03989663,0.047701,0.042027995,0.048164383,0.05129062,0.042131595,0.056828085,0.0642207,0.09283945,0.034672514,0.0670857,0.07320654,0.04671269,0.07722333,0.05963258,0.035727058,0.046556823,0.07594122,0.05181237,0.055800077,0.07555253,0.037486162,0.04319586,0.034008462,0.04266431,0.07241567,0.048389204,0.038519643,0.053729884,0.036739584,0.041683972,0.041227277,0.112646945,0.081511855,0.066484675,0.024584044,0.05153952,0.08817936,0.053736463,0.05952234,0.0504871,0.059474,0.039546542,0.043262254,0.040377237,0.054933097,0.07581701,0.032622464,0.067728974,0.053843305,0.042231496,0.046439294,0.075301535,0.082497224,0.042950965,0.03083233,0.083226435,0.044557814,0.050470855,0.06350281,0.049410794,0.07728819,0.06457811,0.057594087,0.064880304,0.045220383,0.051292486,0.0689323,0.042531546,0.07498972,0.040191524,0.05857033,0.037059348,0.048534952,0.0739765,0.04412658,0.044619378,0.059258446,0.06083136,0.09405251,0.039416153,0.067351095,0.06892464,0.037411794,0.0509694,0.04765862,0.09272152,0.04069372,0.08473806,0.057966284,0.098718286,0.049942534,0.05207115,0.05104862,0.038792152,0.059357334,0.04926663,0.050883543,0.059260294
seal,0.058212202,0.06646625,0.025217902,0.032495037,0.048311085,0.062994435,0.06422559,0.07237511,0.037064414,0.03664257,0.037357748,0.05210793,0.03951011,0.05116607,0.037586637,0.03374214,0.07141511,0.034333453,0.05278841,0.03775826,0.06860867,0.08701235,0.061916973,0.052162424,0.045500156,0.05840997,0.05892236,0.035649855,0.0376858,0.041510466,0.03364369,0.054741755,0.0364239,0.052433398,0.072306685,0.064871885,0.03624698,0.045275085,0.057303306,0.06366392,0.04911496,0.0407272,0.06760787,0.039460015,0.036292683,0.05345369,0.072781965,0.029783057,0.09447895,0.09168472,0.06403263,0.040225334,0.071375325,0.095283106,0.07292468,0.07983633,0.03610425,0.040039048,0.08367921,0.035518486,0.06936718,0.07664128,0.056897204,0.047736462,0.04194057,0.06371751,0.10173292,0.038388535,0.060607944,0.058127835,0.053933937,0.03651892,0.05051917,0.07593921,0.04111549,0.051716715,0.07697949,0.040622078,0.032132823,0.08439599,0.07113921,0.06626553,0.031735845,0.03974605,0.05204065,0.044517078,0.043315336,0.04256302,0.034798775,0.06344339,0.02734013,0.039579872,0.05957121,0.05736227,0.0358327,0.03345731,0.046913352,0.04728134,0.039021175,0.041407645,0.06533519,0.06473264,0.06535156,0.0487666,0.076347746,0.058482304,0.03767628,0.050318647,0.046305805,0.033609573,0.046181414,0.051891394,0.06741851,0.040762078,0.032006703,0.061414085,0.042066373,0.15158373,0.07932892,0.081327155,0.030461116,0.0326383,0.07823164,0.040445242,0.031492982,0.044900827,0.050340105,0.055223975,0.02404033,0.03077962,0.0,0.047414713,0.06699111,0.044735644,0.039352257,0.042013112,0.061986342,0.06341088,0.03691382,0.07441429,0.030919831,0.03470623,0.06356285,0.041878387,0.0866303,0.031335555,0.038662206,0.03907067,0.100947194,0.071605064,0.035376124,0.04046022,0.053384975,0.033213876,0.04539327,0.052543215,0.03435728,0.08261618,0.068795376,0.060559273,0.046792414,0.04319193,0.032761935,0.057726666,0.03212236,0.06595871,0.04762191,0.036826387,0.053693164,0.062401526,0.044784535,0.031469904,0.041467924,0.05656918,0.041570526,0.05455842,0.049112268,0.03654582,0.048639335,0.06980627,0.09614454,0.03336286,0.058874153,0.079737306,0.043319494,0.07895346,0.05388859,0.029459316,0.03821071,0.07652613,0.053029783,0.05060446,0.0814207,0.03553598,0.04677853,0.029455408,0.032416385,0.06939582,0.050796684,0.03351173,0.04892094,0.032976106,0.058652673,0.04327299,0.10642173,0.083465144,0.06766155,0.031930223,0.04986314,0.09050935,0.04408242,0.059993833,0.045475904,0.06043563,0.034578092,0.037363533,0.036402922,0.05325182,0.0731573,0.03314071,0.074019894,0.057022046,0.0591831,0.04899752,0.07588958,0.07975875,0.0318519,0.035842955,0.08031001,0.037245683,0.046946783,0.06930615,0.055162236,0.08400097,0.070993766,0.05174415,0.06988586,0.032915507,0.05367155,0.07046936,0.042488433,0.072731465,0.04154967,0.0533166,0.053911686,0.05437376,0.078660734,0.05641166,0.04551804,0.0502477,0.06231048,0.09482262,0.033155236,0.06651298,0.06423973,0.032186802,0.050534006,0.04367004,0.09507832,0.04287524,0.08565108,0.056758624,0.099627376,0.049447786,0.053674385,0.060312737,0.034049395,0.06210547,0.06410431,0.053360663,0.06380847
wipe,0.045183107,0.05410801,0.04755603,0.05325313,0.048002712,0.053849842,0.07456199,0.09809043,0.037765477,0.059970096,0.042953525,0.042226437,0.044713575,0.04687115,0.048122462,0.041665114,0.097334996,0.04273738,0.04326206,0.042169932,0.053397823,0.071768545,0.05120583,0.055661414,0.043465927,0.048406396,0.08336884,0.053407904,0.047328416,0.051126543,0.03862269,0.077794075,0.04310393,0.07372644,0.054549035,0.051145848,0.04176619,0.0438288,0.047522318,0.051930428,0.046055943,0.034017608,0.054320745,0.04259875,0.038903695,0.06929589,0.05809104,0.052958574,0.07472085,0.07656968,0.05448556,0.064098455,0.06931871,0.08166789,0.0601797,0.063639395,0.05381474,0.05162064,0.110181056,0.050165523,0.05726198,0.057766818,0.06305671,0.04956455,0.045265615,0.066507235,0.0859194,0.054600332,0.051306143,0.051642716,0.04699938,0.042404693,0.050741553,0.07456153,0.057793215,0.04779818,0.06505308,0.06713675,0.039054032,0.07965142,0.08274114,0.046052508,0.048751403,0.04424685,0.044479873,0.039332658,0.04160143,0.03888479,0.05460964,0.05219025,0.04401658,0.06524688,0.05662512,0.076831155,0.046860423,0.048309084,0.02655338,0.042723674,0.05541063,0.049825843,0.058314957,0.05120084,0.06704358,0.049321413,0.06448704,0.07593475,0.050730877,0.051727645,0.052826352,0.051126394,0.047415067,0.058770414,0.06722989,0.055892754,0.043024648,0.05338681,0.06444665,0.16872723,0.06316612,0.065783136,0.036381222,0.045019884,0.06161225,0.019353239,0.0476657,0.054552216,0.06396823,0.07648283,0.0486914,0.04991168,0.047414713,0.0,0.05934152,0.015034253,0.061355267,0.04287237,0.049927287,0.047770094,0.044237,0.06152518,0.039602913,0.04713523,0.077371195,0.04439562,0.10963907,0.04534786,0.05127068,0.041292783,0.081101805,0.056156848,0.043203797,0.054900385,0.042001266,0.043172803,0.042777024,0.046877388,0.056188542,0.0657164,0.05671257,0.05318321,0.057343848,0.05365087,0.05850577,0.07689746,0.04342721,0.05804313,0.0368328,0.06335964,0.06654129,0.051663693,0.033070527,0.04319045,0.057524092,0.054819677,0.045561377,0.059456762,0.040043153,0.041412994,0.04436841,0.07299997,0.07948501,0.041564777,0.08501465,0.08513468,0.037899848,0.062172998,0.04777806,0.043359455,0.05505467,0.05914146,0.043510456,0.043781124,0.08409382,0.047971874,0.057460304,0.05303245,0.041895192,0.05434338,0.0491509,0.047127996,0.07000847,0.036356818,0.05879149,0.050163057,0.13254572,0.06490043,0.0511336,0.052659474,0.04316238,0.07276994,0.06633088,0.04746969,0.045875598,0.052381177,0.035635427,0.06377335,0.039193142,0.06758863,0.058999583,0.049897067,0.07357809,0.049580052,0.060635477,0.04338582,0.059430685,0.062189147,0.055315334,0.04342609,0.0681832,0.04573415,0.042645875,0.07504779,0.05030828,0.09220163,0.06755386,0.04448219,0.07553914,0.05457142,0.051781856,0.05924627,0.045223318,0.059555594,0.03857267,0.050095268,0.05551958,0.045785185,0.06554119,0.05154727,0.059214175,0.07690982,0.053174723,0.07480062,0.03476698,0.053993255,0.05613212,0.049745034,0.046468057,0.029158942,0.076740205,0.047151323,0.07043319,0.04589012,0.07979262,0.0400301,0.04600538,0.057470042,0.04895315,0.054632377,0.06110998,0.049800273,0.05421961
assemble,0.053299807,0.041430186,0.067327626,0.06475439,0.060852066,0.036237016,0.11247662,0.12270379,0.0672581,0.078636095,0.048806738,0.04932855,0.04251727,0.057744954,0.057492454,0.06339517,0.12430155,0.05098925,0.052405156,0.06392036,0.06237643,0.049547512,0.062326584,0.08419932,0.046365704,0.060509574,0.11278494,0.085207365,0.057287924,0.08142052,0.059668493,0.10545606,0.065709665,0.099062905,0.056395087,0.061337475,0.05151365,0.051793676,0.06635268,0.05037503,0.034032017,0.05833085,0.039986312,0.066718854,0.056886952,0.10066791,0.056050196,0.07222348,0.06568705,0.06344009,0.045450136,0.09069256,0.060667593,0.04567436,0.04564697,0.05492984,0.072226726,0.071405016,0.13658465,0.05658841,0.07418457,0.043864276,0.059951685,0.054303788,0.059585277,0.0530416,0.0714307,0.06645278,0.066982575,0.07545071,0.05554461,0.057526395,0.05409185,0.058077775,0.065969475,0.043205153,0.044248246,0.09399174,0.051293723,0.05654714,0.08320891,0.04895245,0.06928819,0.05417498,0.03996363,0.051550467,0.061141577,0.040421855,0.080033906,0.04867955,0.06477989,0.09094241,0.046136063,0.107504316,0.05329106,0.0704831,0.07164866,0.05888943,0.07680251,0.04900612,0.08139649,0.038034324,0.0567512,0.043270342,0.047695838,0.09094383,0.084744945,0.049010053,0.061236843,0.06817326,0.043759193,0.0625993,0.050069403,0.057891607,0.04861938,0.047856405,0.08234757,0.18582097,0.057184502,0.07048485,0.05837499,0.060490787,0.074328884,0.067980304,0.06296497,0.071252815,0.06582084,0.10790357,0.07013272,0.05930534,0.06699111,0.05934152,0.0,0.058667507,0.086162984,0.064124495,0.04521249,0.043646798,0.06799182,0.0668446,0.06519416,0.05815117,0.092450626,0.060487486,0.1419694,0.07156898,0.069591835,0.04516417,0.067096464,0.05528394,0.04718137,0.06778877,0.04320931,0.05320573,0.049583845,0.034593508,0.065974705,0.063419856,0.065213025,0.041677427,0.05989464,0.05132931,0.08178076,0.09091432,0.06075891,0.045548808,0.05225603,0.08686418,0.068157166,0.031594016,0.067452975,0.064008474,0.06703195,0.03599628,0.056095812,0.05403493,0.05149714,0.061172407,0.06161914,0.062354967,0.061939396,0.048615072,0.113328286,0.07514054,0.051642396,0.04905146,0.056565754,0.0579997,0.08483309,0.05650616,0.038230024,0.06444598,0.06935608,0.05528763,0.059663653,0.06621289,0.06934854,0.06626638,0.04444589,0.06983553,0.09479712,0.05499019,0.042408813,0.05637776,0.16008969,0.046681967,0.04539737,0.06395771,0.052703317,0.050868846,0.097122975,0.040942833,0.06796844,0.04019555,0.056818865,0.082362525,0.050812345,0.081575625,0.055763837,0.060754962,0.06104814,0.037327137,0.042823266,0.038840167,0.04868307,0.05573638,0.084480196,0.043118086,0.07672666,0.06347268,0.05256413,0.06905447,0.034489617,0.08400079,0.04858404,0.053310238,0.06803781,0.08335888,0.04795949,0.04230792,0.04745415,0.06546237,0.04708612,0.06957782,0.043405607,0.038795985,0.048960295,0.032939292,0.06893191,0.10322998,0.043302964,0.06455354,0.05200525,0.061050504,0.07644169,0.068638735,0.04709443,0.054052617,0.06233751,0.04439568,0.05168589,0.043528177,0.06971513,0.047910742,0.03266097,0.039297942,0.07037978,0.030730536,0.03920858,0.041954096,0.028606122
wash,0.04294002,0.052635055,0.04486659,0.052832864,0.04654344,0.053232443,0.07541965,0.09771692,0.03686131,0.05973413,0.04120193,0.037862916,0.04265343,0.043756723,0.04862114,0.037951432,0.09606143,0.04097531,0.038598765,0.03763547,0.05050061,0.07145868,0.046957623,0.053320788,0.038100738,0.046445873,0.082279414,0.052470498,0.048038263,0.051148288,0.035680663,0.07711365,0.039909746,0.07256262,0.051763576,0.048290804,0.04118402,0.043075595,0.045139354,0.048150938,0.04623849,0.030581374,0.051664375,0.03791308,0.034329847,0.06965704,0.056307055,0.05187485,0.07127451,0.0744332,0.048805386,0.062914774,0.07022137,0.08315614,0.058772076,0.059928477,0.051792964,0.052585173,0.109275505,0.04844592,0.0535696,0.056656994,0.064001,0.051219177,0.039226007,0.066881664,0.08348744,0.0554027,0.048427287,0.049819876,0.045085706,0.040093083,0.04801824,0.075774744,0.05747072,0.04561312,0.06341678,0.06598795,0.036901306,0.08080202,0.0837741,0.043837365,0.044764403,0.045126606,0.044159435,0.037405074,0.038013052,0.03766408,0.051561862,0.05244801,0.04317441,0.062382452,0.057312492,0.07688396,0.04708424,0.04712617,0.031279158,0.03904425,0.05176738,0.046811517,0.05567021,0.04927763,0.068329446,0.04736668,0.06392838,0.07738684,0.050078545,0.05046613,0.053337347,0.050000083,0.04516634,0.05839898,0.06864594,0.05418261,0.04214436,0.05085671,0.06311406,0.16622464,0.061192483,0.062324826,0.033739302,0.043047152,0.058009095,0.021366255,0.046331223,0.057157874,0.06420565,0.07542497,0.046644256,0.048436075,0.044735644,0.015034253,0.058667507,0.0,0.0604075,0.040971577,0.04833943,0.04832477,0.044386353,0.05757716,0.03685179,0.04447544,0.07975048,0.04209201,0.108596094,0.042789984,0.05260387,0.039676383,0.07825945,0.052648135,0.04132592,0.05521664,0.04073216,0.03913969,0.040169515,0.044427823,0.054848973,0.063018784,0.053880326,0.05232997,0.057346806,0.05186222,0.057390712,0.07775051,0.043687504,0.056574486,0.03498711,0.061493974,0.0668939,0.050536133,0.03252849,0.038953997,0.057915356,0.054417543,0.04533177,0.06008272,0.03660722,0.03928108,0.042566713,0.07365799,0.076310344,0.040379066,0.084441476,0.08638479,0.03431953,0.060304377,0.047772244,0.04117905,0.05267236,0.055402912,0.044009272,0.038552016,0.08476074,0.044183195,0.057307392,0.050599065,0.037252802,0.0510827,0.049562883,0.046119496,0.07042747,0.035405256,0.057343762,0.049949188,0.13238014,0.061969172,0.049332052,0.050843578,0.039925832,0.070136055,0.06533576,0.04466738,0.041470293,0.047641467,0.033747975,0.061911225,0.036304325,0.06966167,0.061030004,0.048577163,0.07450465,0.04772711,0.05962297,0.040503792,0.057771426,0.060048528,0.05367962,0.040102474,0.06478889,0.042522293,0.03994057,0.076105736,0.049160883,0.093322866,0.068155795,0.043905497,0.07641966,0.05166297,0.05026984,0.05461708,0.042857397,0.05600224,0.038024507,0.04576566,0.05386153,0.04785533,0.0635632,0.051305868,0.05938096,0.075585365,0.05104392,0.07122673,0.03197661,0.050727714,0.053496394,0.04959789,0.0441409,0.027846277,0.07391747,0.044349894,0.069550484,0.043495726,0.07710879,0.03648792,0.044950057,0.056414656,0.048019953,0.052753724,0.059809163,0.048676487,0.051943958
strain,0.083375745,0.08444564,0.03776978,0.038998462,0.068694234,0.081822515,0.043996446,0.053362772,0.04369879,0.03794919,0.052050978,0.074500434,0.06001766,0.07508729,0.04771978,0.04969006,0.050823648,0.05182688,0.07250128,0.05634834,0.08830721,0.10557617,0.08473582,0.06537803,0.064557955,0.08075517,0.04191673,0.040623587,0.046088345,0.047942914,0.043003112,0.036860872,0.05037581,0.038562685,0.094057135,0.087706596,0.049789637,0.055576123,0.076690495,0.08360458,0.06676473,0.055890545,0.08683248,0.06000429,0.05604253,0.037899874,0.08582549,0.03501031,0.11793883,0.11246298,0.085140355,0.039374508,0.08121216,0.11017026,0.09552567,0.101921104,0.042426415,0.04615235,0.06400422,0.044075966,0.09055005,0.09248322,0.059985474,0.05943553,0.054935984,0.07129507,0.121425055,0.038548358,0.08244841,0.075398594,0.07369801,0.045886986,0.06886383,0.08316467,0.04312998,0.07768626,0.09871662,0.03202697,0.0509511,0.09378547,0.06706046,0.08334206,0.04240173,0.047141306,0.070819125,0.060845397,0.06756148,0.06383402,0.03379993,0.078543454,0.038215544,0.034247532,0.071080364,0.038541492,0.053189266,0.035680443,0.04983262,0.06782125,0.041467257,0.05618963,0.0831443,0.08323056,0.071205124,0.06797612,0.0961819,0.050345,0.029613184,0.062559724,0.046312645,0.03678931,0.06500824,0.05847071,0.07488617,0.053813208,0.05238512,0.07658597,0.037936673,0.1436515,0.09396713,0.10505491,0.047432724,0.04315372,0.100682095,0.04953911,0.03978613,0.046124484,0.0515949,0.047804836,0.04020022,0.04663454,0.039352257,0.061355267,0.086162984,0.0604075,0.0,0.059784397,0.07603253,0.08259071,0.045419864,0.098879136,0.04230479,0.051451825,0.055826448,0.056032404,0.072631046,0.034360155,0.041982215,0.055750195,0.123676196,0.09123546,0.05091588,0.04125146,0.0712475,0.048510246,0.06063459,0.0738964,0.045562655,0.10604318,0.092021324,0.07586572,0.05102167,0.06357531,0.028091101,0.044443168,0.03860286,0.087039426,0.062368024,0.029425746,0.052556645,0.07969841,0.049973052,0.04513981,0.042188812,0.07254315,0.05228652,0.06086721,0.060727905,0.047400508,0.06356951,0.07329056,0.11797597,0.052074723,0.04479435,0.08147025,0.06283166,0.09565433,0.06988351,0.04452311,0.0400855,0.09942274,0.072691545,0.073505685,0.08700753,0.0468361,0.051208276,0.037316345,0.047444988,0.09253501,0.062346198,0.04221782,0.034672443,0.048653137,0.07696102,0.05400536,0.08677747,0.10317983,0.08377126,0.045329563,0.06940299,0.112429276,0.036645822,0.08167658,0.06648309,0.07928114,0.0450252,0.029057782,0.057965502,0.046593577,0.08829592,0.040872592,0.08011071,0.07910766,0.07519024,0.06909053,0.0934105,0.09852051,0.03211326,0.05748857,0.104855135,0.053012736,0.061112475,0.07138557,0.07365031,0.08280873,0.07857016,0.06982375,0.072189376,0.03516174,0.07273941,0.08995043,0.061823573,0.0943685,0.057358086,0.07488999,0.07289927,0.07093755,0.09894493,0.07790095,0.04655472,0.037607495,0.08451353,0.11813989,0.053497143,0.09111681,0.08569006,0.039485507,0.06466033,0.057894632,0.11779064,0.057025827,0.10817985,0.07518685,0.12266064,0.07113003,0.07406109,0.082534656,0.03325507,0.081738554,0.082807824,0.073709615,0.08302031
pop,0.04424535,0.057630397,0.043481674,0.050575208,0.04765805,0.058251314,0.08224062,0.094683796,0.04896595,0.05722996,0.047640238,0.03889995,0.044305567,0.041361056,0.04550977,0.03742617,0.092119075,0.03911014,0.04322995,0.033861786,0.05286566,0.07548499,0.045245856,0.04078859,0.04397095,0.04583253,0.07619051,0.045362484,0.04767451,0.043994706,0.042181615,0.07557891,0.039045397,0.069677,0.05764262,0.039648376,0.03848598,0.046998516,0.038653903,0.051511772,0.04799798,0.029727982,0.0594002,0.037433576,0.033449672,0.0736049,0.07086658,0.04720104,0.076348886,0.077975325,0.059100237,0.054988198,0.063766375,0.08773924,0.05964577,0.0667153,0.04890876,0.046907,0.104559205,0.049478397,0.046563074,0.06599631,0.0612052,0.04839291,0.041496024,0.065639004,0.09248911,0.052898113,0.04575804,0.03992116,0.039334342,0.039183658,0.047314126,0.07484289,0.055374824,0.047161985,0.06992483,0.06282156,0.03945418,0.08052495,0.08094058,0.059081696,0.045845862,0.045240566,0.049093425,0.04482242,0.030882945,0.038510025,0.05091417,0.055443995,0.04136903,0.06162108,0.05678064,0.07696354,0.04548602,0.041205823,0.05169042,0.034530196,0.04823954,0.04845795,0.044135634,0.05805485,0.065678075,0.04893727,0.065200046,0.07240144,0.055218812,0.053578388,0.057804994,0.05322364,0.04693529,0.05578202,0.068289064,0.054195996,0.041688997,0.05312448,0.060128454,0.16321774,0.07559758,0.058705132,0.038896337,0.045414213,0.05475173,0.043869518,0.048625268,0.05557235,0.060679723,0.06701403,0.042111434,0.04766307,0.042013112,0.04287237,0.064124495,0.040971577,0.059784397,0.0,0.060628496,0.05439463,0.04504443,0.057064228,0.036248926,0.04016688,0.07585995,0.041363154,0.09937695,0.047169194,0.047902334,0.04383972,0.08349247,0.05721381,0.045511298,0.05186987,0.04425948,0.0446238,0.047089726,0.04968841,0.052217305,0.063344546,0.0496415,0.056934282,0.055917602,0.053210624,0.0550495,0.07430971,0.048028428,0.06154914,0.043558452,0.056641977,0.064400546,0.05787988,0.053422995,0.038776137,0.053801805,0.0538859,0.04570901,0.05898282,0.04818089,0.04158627,0.044816475,0.07244506,0.085632496,0.040085513,0.07938921,0.0823207,0.03541625,0.07257478,0.0492322,0.03950821,0.051781073,0.05981994,0.04742982,0.034455672,0.08238875,0.04707703,0.055618696,0.050789934,0.034647398,0.047897194,0.049064003,0.046352964,0.06742147,0.03880357,0.059477057,0.051124394,0.1270315,0.07134082,0.06232992,0.048246555,0.036150225,0.08037679,0.06260893,0.049157184,0.034687825,0.059000164,0.040480655,0.060668956,0.037086822,0.06586691,0.06327644,0.051475134,0.073300906,0.0472941,0.06394041,0.047995575,0.07039303,0.069199696,0.05203648,0.04072101,0.05975236,0.041627675,0.046681266,0.07292533,0.054137375,0.089750715,0.07102978,0.04464278,0.073335454,0.050031796,0.05376362,0.06542699,0.048111808,0.05688038,0.04865441,0.036360662,0.056489293,0.05245599,0.071135506,0.05493603,0.05570279,0.072180346,0.05554394,0.07764354,0.035680737,0.04670847,0.044846654,0.052574426,0.053819552,0.042338897,0.07952007,0.047214113,0.07940973,0.052769855,0.08195065,0.035641667,0.052630037,0.059924778,0.054059315,0.06082856,0.066462316,0.052016128,0.055192176
strip,0.052025314,0.043056704,0.060316607,0.061655432,0.060713265,0.040803637,0.0993989,0.11477638,0.060820382,0.07413292,0.042707693,0.04847931,0.050561607,0.061454296,0.055165768,0.054700438,0.11461056,0.047067363,0.043120198,0.057618935,0.058724448,0.057709515,0.06170528,0.07943596,0.04479222,0.057678983,0.10308795,0.07717577,0.054047238,0.073814966,0.050623115,0.09514018,0.059713893,0.08644884,0.057341095,0.0597985,0.047473375,0.0478378,0.061783154,0.051547725,0.042239632,0.052970737,0.044373997,0.06129914,0.049786676,0.09146169,0.050749965,0.0648334,0.069959216,0.070220225,0.04936041,0.08493722,0.064082175,0.06370418,0.05212336,0.059892837,0.06378248,0.06547805,0.12650065,0.051695194,0.07233826,0.040168907,0.05930713,0.053473465,0.05489199,0.05638929,0.07690423,0.06110066,0.06474457,0.071727745,0.056215733,0.047516614,0.05214799,0.06289206,0.062063873,0.045479644,0.051054936,0.0860303,0.045920152,0.06532095,0.08171558,0.027952695,0.061025064,0.050806575,0.037130862,0.045479983,0.057435934,0.041086998,0.07165477,0.05005931,0.056914024,0.082604155,0.046388987,0.098179,0.05539765,0.05959811,0.061096076,0.055157173,0.070409834,0.054231886,0.078176126,0.038913112,0.06070848,0.05045333,0.05400268,0.085625626,0.0722457,0.045367997,0.05527479,0.057746906,0.046375215,0.059830084,0.057507604,0.06506938,0.04948091,0.04941894,0.0746209,0.18170957,0.054245118,0.07328812,0.045237042,0.0542876,0.07467456,0.05686642,0.055507347,0.06711545,0.06415348,0.09898954,0.062942214,0.060967296,0.061986342,0.049927287,0.04521249,0.04833943,0.07603253,0.060628496,0.0,0.04520395,0.06021328,0.06981125,0.055959724,0.056395657,0.08806404,0.05328047,0.13214354,0.06043546,0.06374909,0.04210385,0.07294453,0.051800594,0.04308802,0.062153503,0.042232726,0.045676418,0.05030009,0.043669064,0.06522595,0.06736981,0.06655049,0.041940518,0.057020564,0.05635767,0.07336615,0.0839905,0.051968046,0.04812997,0.047286157,0.081507735,0.066475876,0.040391434,0.05789786,0.058965858,0.06270313,0.047703948,0.05404506,0.054422487,0.03618735,0.05451056,0.051744048,0.06378387,0.06885049,0.045862213,0.10476908,0.07902906,0.046305288,0.030503457,0.054572046,0.050526574,0.07569817,0.058969025,0.042054832,0.06227679,0.0744495,0.05007862,0.055484727,0.06159011,0.05987468,0.066367336,0.042377606,0.06480674,0.08616574,0.04916991,0.057153203,0.051920533,0.14908047,0.051813178,0.021100566,0.062881514,0.05036803,0.057386406,0.08699681,0.0421034,0.06497469,0.04478556,0.04426872,0.07430798,0.04701364,0.077496275,0.057491016,0.053727422,0.06293571,0.04783458,0.058631174,0.037490834,0.024273397,0.042582627,0.07559808,0.045468275,0.078409016,0.056240052,0.032534525,0.070097275,0.038384084,0.08636602,0.054050475,0.049198855,0.069068134,0.074455954,0.04760344,0.049265448,0.044385344,0.06731226,0.037856437,0.06812976,0.058825582,0.04277633,0.053977106,0.04780501,0.064960666,0.0946171,0.044042323,0.06936389,0.045106642,0.06413207,0.07440906,0.05941821,0.028204942,0.04376645,0.06896295,0.04131496,0.05336251,0.03750598,0.074975915,0.045843817,0.038436692,0.051733144,0.057030626,0.038209848,0.05880929,0.043534856,0.043105137
brush,0.043701146,0.04377249,0.061794575,0.067832455,0.04757299,0.042342044,0.10766925,0.12230946,0.06558265,0.08072575,0.049000125,0.037159078,0.049733732,0.054653738,0.058404308,0.05265894,0.12068714,0.051308975,0.04294529,0.051194027,0.039283313,0.056603618,0.051641148,0.0716203,0.043115545,0.03606269,0.10832857,0.07737871,0.059773397,0.07170094,0.056411464,0.10404631,0.05833291,0.09360388,0.034406655,0.04928365,0.05227018,0.04886808,0.054969676,0.047103245,0.043260835,0.046587203,0.04116294,0.05964584,0.045165684,0.09997117,0.05765165,0.07051542,0.058604933,0.055196162,0.04305169,0.08614453,0.06727629,0.05633179,0.048662506,0.054214824,0.06735491,0.06684395,0.13270673,0.05688343,0.06134275,0.04513828,0.06563872,0.054272715,0.048210207,0.064077094,0.07209784,0.066858485,0.056928758,0.060983185,0.045150794,0.05344982,0.047393117,0.06992068,0.06967809,0.04001555,0.04747994,0.08674581,0.049876798,0.07017474,0.09055405,0.039369866,0.06288648,0.05426384,0.04090301,0.04276184,0.05113895,0.03894547,0.07268837,0.02257223,0.060336366,0.08559185,0.049665004,0.105255656,0.054946218,0.06652326,0.06502661,0.04396053,0.0668386,0.05544234,0.06721657,0.032445908,0.06562598,0.052589905,0.05422546,0.09209874,0.07852801,0.050201327,0.06698934,0.06594238,0.04544639,0.06575441,0.062182855,0.06777932,0.05342083,0.042734854,0.08055056,0.18547612,0.059659373,0.05857709,0.05054499,0.058739956,0.061760843,0.058407284,0.06129185,0.062724024,0.07235323,0.09848652,0.06584079,0.06529965,0.06341088,0.047770094,0.043646798,0.04832477,0.08259071,0.05439463,0.04520395,0.0,0.05253473,0.058261503,0.054721273,0.05576347,0.091829546,0.045088638,0.13542446,0.066373676,0.05916802,0.046600305,0.063749894,0.0423254,0.05043497,0.06854601,0.032218706,0.05138213,0.048033748,0.039687537,0.070997484,0.05809009,0.0566588,0.044488613,0.0659118,0.05746117,0.07882004,0.093033224,0.061120264,0.04831866,0.044818077,0.08278444,0.07438826,0.04258467,0.066686004,0.060553793,0.07015612,0.049017213,0.0527902,0.06158016,0.045003146,0.050702017,0.039025195,0.071759805,0.06371623,0.049033504,0.10921542,0.08476593,0.040225424,0.048877373,0.031163827,0.05056716,0.07825559,0.04989821,0.03237701,0.05404047,0.08052669,0.055780374,0.06359379,0.067659475,0.05834737,0.054812863,0.04751797,0.065822035,0.091699205,0.046207167,0.05972121,0.05734558,0.15650798,0.04171237,0.041420594,0.06766155,0.04343016,0.051788487,0.090869725,0.033905417,0.059280973,0.042670015,0.05058613,0.081165634,0.047955114,0.077602305,0.028100312,0.062007558,0.07018783,0.039135728,0.062697604,0.03693892,0.046234943,0.03788119,0.07719577,0.046455536,0.066672444,0.053910572,0.04358195,0.07721882,0.039731458,0.09472064,0.062470794,0.027423095,0.076916896,0.07452125,0.049662415,0.044551365,0.04645841,0.05825125,0.04843384,0.058658645,0.06023412,0.03814484,0.05365073,0.045491423,0.07136246,0.09843857,0.04185602,0.058558676,0.04633619,0.05297634,0.064514756,0.066220425,0.04598399,0.0466952,0.06087961,0.044838898,0.050607353,0.037442073,0.060892448,0.03705754,0.0363662,0.049702447,0.068505056,0.038274806,0.060757585,0.04408775,0.036269337
smear,0.06129835,0.07005599,0.03836437,0.041278593,0.050276697,0.06565229,0.066376574,0.07761092,0.04244707,0.0455431,0.04021893,0.0518666,0.046785425,0.05834271,0.039259896,0.041332845,0.077123456,0.04412922,0.053896476,0.04294848,0.060234226,0.0884469,0.064770535,0.051283937,0.04968317,0.049524352,0.067018256,0.039890554,0.041906238,0.043327183,0.044100016,0.06349611,0.038947407,0.051781494,0.06638698,0.065996476,0.040331658,0.0429342,0.058610614,0.068657145,0.0534715,0.041555442,0.07068204,0.05107296,0.040658277,0.059005674,0.0743763,0.04054564,0.095127515,0.090449594,0.06732491,0.045922026,0.0722015,0.087917514,0.07707394,0.08316811,0.03921842,0.042492177,0.086131476,0.03929533,0.0701553,0.07663975,0.05767699,0.048886657,0.042069033,0.06573288,0.10416881,0.038868856,0.06280986,0.055427518,0.051908847,0.038265258,0.05236801,0.07620664,0.047017522,0.057909172,0.079564296,0.04676718,0.039800644,0.084575504,0.071035214,0.06518017,0.04394021,0.038832627,0.05572529,0.050346363,0.05144807,0.043874566,0.04219727,0.052894834,0.03348123,0.051810823,0.059645273,0.06043541,0.04086787,0.039573688,0.045675337,0.046838745,0.04449047,0.05250204,0.06467747,0.06376757,0.065831594,0.05647342,0.08074089,0.060028687,0.044504795,0.048538055,0.047882628,0.03526096,0.053423654,0.05212967,0.06515778,0.050336443,0.04319613,0.06421207,0.045456015,0.15365353,0.08117976,0.08346942,0.032512516,0.035042565,0.07934839,0.039538536,0.035111457,0.032389328,0.05369327,0.056605894,0.038092636,0.04575833,0.03691382,0.044237,0.06799182,0.044386353,0.045419864,0.04504443,0.06021328,0.05253473,0.0,0.08095889,0.031660058,0.040056624,0.06267992,0.03215708,0.08985684,0.04058592,0.027845364,0.04409125,0.102034256,0.07279581,0.042763438,0.04470233,0.051726848,0.038136438,0.04553758,0.05747582,0.04796409,0.085389294,0.07232811,0.06064622,0.051045366,0.054516982,0.039958246,0.056314964,0.03682238,0.070793256,0.045707785,0.042286515,0.055786345,0.06425032,0.048541613,0.038939007,0.046135947,0.059843563,0.04118212,0.054881282,0.053217087,0.03773094,0.033158798,0.06855347,0.09899332,0.04354607,0.06392648,0.07863259,0.040864382,0.07798585,0.03611718,0.026677232,0.04683941,0.08001887,0.048962887,0.056325004,0.081669964,0.041225217,0.04798034,0.041417845,0.036028963,0.071055554,0.048803937,0.03903178,0.051170327,0.024643157,0.06630334,0.045985598,0.10894776,0.080594435,0.06549406,0.045845736,0.05454444,0.090701826,0.047365893,0.05832666,0.05578103,0.06310379,0.03228064,0.044536553,0.04372218,0.04641436,0.055521395,0.039871447,0.07425071,0.05981558,0.06654625,0.05146401,0.0733371,0.07183224,0.040861353,0.044811014,0.08451292,0.03749573,0.04403056,0.07036437,0.05668809,0.0838599,0.06969771,0.037951995,0.069356516,0.0404994,0.05905884,0.07251086,0.047214746,0.07574634,0.044046864,0.05984263,0.06226357,0.051010173,0.082407564,0.061771978,0.04456307,0.05407775,0.06600992,0.09553683,0.040118646,0.0700947,0.0673375,0.03451489,0.051811945,0.048771344,0.097903304,0.047492273,0.083453536,0.056571778,0.09922093,0.049245074,0.056289136,0.067561455,0.03692556,0.06518283,0.0712719,0.05860553,0.06377201
poach,0.0339149,0.05822714,0.0738127,0.0876116,0.063460864,0.06386134,0.1214631,0.13670595,0.0800853,0.09638267,0.07251043,0.04444373,0.063206546,0.046308365,0.07979704,0.06113354,0.13171601,0.06535361,0.046943497,0.053389516,0.047357548,0.06367997,0.036970433,0.066942595,0.054641433,0.04936737,0.116200045,0.08306154,0.08001501,0.080155365,0.067199714,0.11550169,0.0670438,0.10974719,0.046878308,0.03141521,0.06819428,0.07160362,0.045307364,0.043070693,0.06502706,0.053084675,0.05126621,0.04803766,0.053677507,0.11413268,0.07146644,0.084562235,0.04580241,0.06291378,0.04971323,0.09541211,0.082635656,0.08651885,0.04748949,0.04725189,0.08409077,0.08114695,0.14743027,0.07883172,0.037742596,0.06149092,0.08843488,0.07521782,0.062426426,0.08524283,0.071515076,0.09093625,0.042766016,0.056587923,0.052161437,0.073643744,0.062152192,0.089077845,0.08957868,0.04824893,0.0608073,0.10200408,0.065294154,0.08883106,0.111217715,0.054906864,0.07066477,0.075701475,0.060510222,0.055900674,0.039808832,0.05612143,0.08315262,0.06190922,0.07820339,0.09426891,0.0735333,0.119042724,0.076333284,0.08025627,0.080619015,0.049270883,0.077975295,0.06567601,0.052619725,0.0558745,0.08651191,0.06035414,0.058146335,0.11093273,0.09058616,0.074958466,0.08841709,0.089461066,0.061914302,0.08422796,0.08800972,0.08408694,0.0670922,0.053229906,0.09905879,0.19029231,0.070953034,0.023108242,0.06769398,0.08053116,0.031202944,0.070787705,0.08318612,0.09365801,0.09392436,0.107455365,0.07764384,0.07695209,0.07441429,0.06152518,0.0668446,0.05757716,0.098879136,0.057064228,0.06981125,0.058261503,0.08095889,0.0,0.068070464,0.071318835,0.11213411,0.068714075,0.13982429,0.07846762,0.08593753,0.06513985,0.052744374,0.036058757,0.07104147,0.08781385,0.050085954,0.07118669,0.06796045,0.056989525,0.08589038,0.0350976,0.02925945,0.06893059,0.08734669,0.073668845,0.0956681,0.113786474,0.081013575,0.061434366,0.060714934,0.09738524,0.09621868,0.06145303,0.08141744,0.06981844,0.09022128,0.06680607,0.072241515,0.08504376,0.057735387,0.06733125,0.066540025,0.09350743,0.060620733,0.062281016,0.120780624,0.10521303,0.052707277,0.06713402,0.06565211,0.07092606,0.08461107,0.03463032,0.059364263,0.03499649,0.09761592,0.07449481,0.0869988,0.08227688,0.06338071,0.026928354,0.074260876,0.07726689,0.109961346,0.06968149,0.071546316,0.07964016,0.17051776,0.05636178,0.06535197,0.08097504,0.04287091,0.058370344,0.103275724,0.047034327,0.041261893,0.059689038,0.07054518,0.099480666,0.057889257,0.104274824,0.0726853,0.08366843,0.08940124,0.049609467,0.07950354,0.05643265,0.068744816,0.060592216,0.08737041,0.058812443,0.024726594,0.07038229,0.0667958,0.09665433,0.06429123,0.11478362,0.08601868,0.061778903,0.09715872,0.083857454,0.06612642,0.05765231,0.067052394,0.039625663,0.071362816,0.034860343,0.07105873,0.06724093,0.06045555,0.06269155,0.09138506,0.11382722,0.05139173,0.048553586,0.059163444,0.026823469,0.03922032,0.08824518,0.069415174,0.05615414,0.050547626,0.065237634,0.06849135,0.059079792,0.04979669,0.04601096,0.057442714,0.06446248,0.08943457,0.061306693,0.074684106,0.060668595,0.053925466
ladle,0.053768933,0.06372163,0.024771525,0.04019221,0.046994433,0.06146409,0.06661518,0.07925922,0.03815514,0.04635221,0.03713711,0.044820618,0.040563136,0.049148213,0.040231276,0.027330238,0.07517099,0.03658306,0.044580232,0.029012796,0.05464839,0.08139341,0.05580552,0.044625532,0.04075871,0.050225753,0.06274571,0.036883585,0.03948511,0.038746715,0.02934037,0.06010877,0.03424039,0.052271396,0.063663624,0.057036325,0.033206526,0.03544752,0.048424914,0.055579785,0.048525758,0.02873956,0.061238077,0.036198948,0.027462088,0.058842506,0.06624988,0.037331983,0.086964995,0.0866125,0.058507692,0.04563798,0.06902623,0.09044155,0.069403835,0.073901534,0.035106175,0.039270017,0.08892376,0.03355024,0.059459537,0.06978546,0.054848615,0.046882898,0.032912035,0.062160473,0.09519918,0.040675778,0.054846406,0.048372764,0.046194077,0.03432129,0.045212477,0.07241258,0.043951966,0.05174326,0.073894344,0.044996556,0.03332555,0.08057207,0.07199374,0.05772801,0.02946655,0.03786208,0.049979404,0.038185198,0.040222377,0.03840786,0.030370161,0.052472223,0.03216506,0.042710353,0.055505607,0.06211329,0.04202566,0.032611288,0.042786542,0.03719066,0.03334327,0.040410794,0.055298988,0.057596255,0.06311212,0.047248878,0.07257093,0.06244705,0.037920576,0.045248065,0.04629315,0.038441844,0.04564496,0.05066954,0.06566715,0.04695415,0.03745819,0.051428262,0.0443803,0.15476681,0.07288237,0.073157,0.028187875,0.032491546,0.06963835,0.03419165,0.035245262,0.04442981,0.052917767,0.0554818,0.03251137,0.03947888,0.030919831,0.039602913,0.06519416,0.03685179,0.04230479,0.036248926,0.055959724,0.054721273,0.031660058,0.068070464,0.0,0.035076696,0.06561175,0.03222302,0.08968921,0.029323407,0.035594743,0.036662742,0.092972115,0.062419944,0.03651238,0.041399665,0.041553576,0.03291567,0.03820821,0.05190212,0.044313986,0.07553227,0.0616352,0.0559174,0.04735107,0.0490364,0.040642586,0.06062513,0.03391095,0.06440313,0.033118464,0.04081415,0.054353017,0.05901806,0.043510996,0.032193616,0.04469125,0.054369655,0.034660418,0.05283774,0.040060993,0.02724312,0.036621485,0.06669528,0.09061161,0.03406288,0.065816775,0.07826209,0.036708985,0.07255667,0.043472435,0.027241739,0.03871477,0.06920463,0.048557185,0.044383366,0.0799063,0.035693895,0.045672085,0.03506216,0.025674237,0.06130661,0.048073128,0.031696435,0.05364014,0.028203133,0.060612977,0.044679977,0.11260955,0.0753446,0.06150322,0.040392987,0.04103132,0.08407393,0.048812483,0.052085124,0.040486604,0.055971265,0.027026013,0.042272564,0.03665362,0.052911483,0.06336489,0.03604843,0.070716165,0.053606357,0.062041875,0.041667562,0.07029459,0.0691741,0.03473866,0.03527508,0.07429821,0.03264839,0.038349986,0.06775376,0.05278029,0.08417355,0.067602,0.043395672,0.068291016,0.031548586,0.05345864,0.0654579,0.04340617,0.06523654,0.04202718,0.047015276,0.05659128,0.051853295,0.07396461,0.057494286,0.045568477,0.057001416,0.05868142,0.08756645,0.031432945,0.060022157,0.057378773,0.038451213,0.04567416,0.03685656,0.08798134,0.03721559,0.0832963,0.05018884,0.091038495,0.04097361,0.0504338,0.062127113,0.03711728,0.05858669,0.06596346,0.052536495,0.058105778
seasoning,0.054641686,0.060825042,0.035261545,0.03968784,0.047707606,0.05694463,0.07621559,0.0845021,0.04366846,0.04302328,0.038642377,0.046534542,0.036629193,0.046209466,0.03656864,0.0339722,0.084583454,0.037329018,0.045409042,0.03585323,0.062060904,0.07825119,0.058759253,0.05290222,0.043971457,0.053022075,0.07224616,0.043663155,0.035841648,0.045886036,0.039191667,0.06763516,0.041374244,0.06257159,0.064357385,0.059530277,0.036182344,0.04373129,0.05436361,0.05803107,0.04285142,0.038711928,0.0611369,0.045676667,0.031436365,0.06494179,0.06701299,0.041828632,0.08651102,0.0818631,0.058847785,0.050817948,0.06981133,0.08737679,0.06679665,0.072907686,0.029221043,0.046368062,0.0944236,0.03752216,0.064623564,0.0693862,0.05536526,0.0495166,0.03410523,0.0614076,0.093020715,0.04513935,0.05817049,0.055061728,0.044575512,0.039106533,0.03704641,0.072602294,0.046476815,0.049315326,0.068634756,0.05188199,0.034299526,0.07916698,0.07539064,0.060406122,0.03940524,0.037917476,0.04720374,0.044275437,0.045208544,0.034968276,0.044034667,0.055179287,0.035836067,0.053093996,0.053304832,0.06881659,0.02915079,0.041648317,0.051231485,0.03567297,0.038379196,0.039588626,0.05994705,0.057145987,0.06299208,0.046733372,0.0707467,0.0675406,0.050344974,0.048228003,0.0500693,0.041614532,0.03982847,0.054012872,0.06454721,0.035043456,0.03229769,0.054135263,0.049275544,0.16228046,0.07318626,0.07525669,0.03412423,0.033794202,0.07294907,0.04477309,0.03744664,0.050045803,0.052905384,0.06160509,0.03654048,0.033693526,0.03470623,0.04713523,0.05815117,0.04447544,0.051451825,0.04016688,0.056395657,0.05576347,0.040056624,0.071318835,0.035076696,0.0,0.07145687,0.030614397,0.09863112,0.038971275,0.040883906,0.039504755,0.092218705,0.06633079,0.035796225,0.04587865,0.046678837,0.036160596,0.040964328,0.04583648,0.03746164,0.07586027,0.06470559,0.055076092,0.04743599,0.040290326,0.045269262,0.06577805,0.039522976,0.06088635,0.0442369,0.044850115,0.05569705,0.054592464,0.04845876,0.035558857,0.0467345,0.048875034,0.04023203,0.05225872,0.048184153,0.03526959,0.042372316,0.06839225,0.089174956,0.038375363,0.07232537,0.079020716,0.04003291,0.07117867,0.04966136,0.03064907,0.0463461,0.06935435,0.047456946,0.04977909,0.08071814,0.039064895,0.047733765,0.04034364,0.039271995,0.06513822,0.047916368,0.04193562,0.05930334,0.033921372,0.048760127,0.044653382,0.11921757,0.07374131,0.060308214,0.03531442,0.044988357,0.08177136,0.057514966,0.050866246,0.047856502,0.05504894,0.035622675,0.046810567,0.038374133,0.057854038,0.06545004,0.038926315,0.07147192,0.046319887,0.051104926,0.041981976,0.06798,0.07125493,0.046470348,0.030435663,0.07668825,0.020212572,0.039497744,0.06935393,0.04827306,0.084451474,0.06753956,0.045724336,0.07001436,0.04305963,0.050465804,0.06378782,0.041090377,0.06813204,0.039137848,0.05349848,0.045252047,0.048471432,0.07263307,0.04626981,0.04990103,0.061646786,0.0565836,0.08670185,0.036033146,0.060227446,0.06292143,0.04033043,0.047157828,0.044814017,0.08711235,0.038548846,0.07896263,0.050325673,0.0912817,0.042705525,0.04955442,0.051172115,0.042750936,0.05510413,0.055202093,0.049090687,0.053768203
poke,0.094779246,0.100770205,0.0626477,0.05757229,0.08641882,0.09447727,0.0685924,0.06879025,0.05761315,0.058166884,0.06983107,0.08825464,0.0702025,0.088305,0.066010416,0.071562015,0.06363976,0.06902904,0.08668124,0.077431664,0.102384664,0.1147238,0.097860835,0.083899215,0.079369605,0.09502085,0.06014425,0.06114542,0.06253158,0.063062795,0.06837821,0.06075412,0.060054604,0.060206495,0.10594716,0.09954886,0.060563527,0.062328026,0.08813488,0.094981834,0.07763863,0.07344622,0.096575916,0.07611909,0.07704352,0.06009938,0.103976876,0.056647513,0.12851334,0.1263712,0.098986894,0.05793945,0.06418439,0.10586147,0.10721613,0.10917475,0.06342861,0.034973755,0.07912732,0.055241313,0.10375625,0.1071523,0.052181497,0.047970966,0.07847905,0.061444033,0.13238281,0.0441805,0.09152181,0.09002231,0.08970897,0.063933395,0.08671863,0.06670953,0.04328334,0.09165984,0.10974273,0.057545293,0.069891445,0.07889638,0.03980685,0.100200124,0.06417609,0.06005093,0.0843899,0.079742745,0.084470026,0.08118334,0.060942873,0.08757502,0.057074636,0.059922826,0.076061435,0.06183664,0.06796164,0.0553538,0.0678612,0.0857864,0.07206409,0.066860214,0.099051096,0.099059686,0.056410078,0.06913531,0.10707172,0.02223534,0.058970872,0.07202767,0.047873028,0.05835523,0.08320028,0.045111813,0.060901582,0.06836281,0.06748858,0.089782044,0.058215104,0.1522075,0.110438004,0.11879676,0.069365576,0.061173636,0.11400584,0.06949478,0.06307066,0.047228314,0.04902196,0.06645798,0.06338271,0.06409165,0.06356285,0.077371195,0.092450626,0.07975048,0.055826448,0.07585995,0.08806404,0.091829546,0.06267992,0.11213411,0.06561175,0.07145687,0.0,0.076154396,0.08526838,0.06355751,0.050885793,0.066279575,0.13397086,0.107625745,0.07087081,0.047524977,0.08017529,0.065851785,0.072958186,0.09032138,0.06323298,0.11867127,0.09936417,0.08578006,0.059431575,0.07804652,0.06006881,0.033114757,0.054163057,0.09899981,0.07945179,0.057946127,0.04853236,0.086293906,0.07048141,0.060113505,0.051371545,0.077750176,0.057212662,0.058882162,0.083002105,0.06265119,0.0817395,0.054053314,0.123341344,0.06256886,0.064746335,0.05168854,0.0761956,0.1108971,0.08142684,0.060342606,0.063599385,0.11286405,0.08392639,0.09054648,0.063947394,0.06025403,0.05253366,0.056691416,0.068410635,0.10514151,0.06487155,0.05960225,0.050427403,0.06645522,0.08293698,0.068717755,0.09606364,0.11286684,0.096907154,0.06365227,0.08725966,0.123283945,0.05893305,0.095377244,0.08400033,0.092976786,0.06626251,0.056352783,0.07418652,0.03125621,0.09220916,0.061007027,0.06170789,0.09243505,0.08087845,0.082344875,0.10651077,0.11123838,0.057168804,0.07197169,0.11567861,0.07363578,0.07949094,0.047942515,0.08674238,0.051922042,0.067264944,0.081387915,0.04911168,0.063022494,0.08622244,0.10254382,0.078017995,0.103613004,0.07661653,0.091896005,0.08139474,0.08003469,0.10464396,0.08824432,0.036202677,0.060338467,0.09787681,0.12903225,0.07261487,0.1029459,0.09698145,0.061467748,0.08215565,0.076172635,0.1279856,0.07084453,0.11944021,0.08665209,0.133872,0.087189995,0.08320853,0.09455508,0.060138118,0.094111964,0.091656886,0.08750575,0.092918
dress,0.052282285,0.059951175,0.038352504,0.05032181,0.043738417,0.058362946,0.08056245,0.092491545,0.049167726,0.056750678,0.03977335,0.045243967,0.045548268,0.053160716,0.04453206,0.033336986,0.08959522,0.04246839,0.041839805,0.03323323,0.050369903,0.07791383,0.05615711,0.05256159,0.04216016,0.041491557,0.07861966,0.04834035,0.045613907,0.049410373,0.041801583,0.075361095,0.042825326,0.062262524,0.05434978,0.055843417,0.04166629,0.041880816,0.052679583,0.055824608,0.048673548,0.036245413,0.059575055,0.046510372,0.0245666,0.07346669,0.06365607,0.04891306,0.082158245,0.076008186,0.05479156,0.05917518,0.072519,0.08310787,0.06707165,0.07138766,0.03891211,0.04993392,0.09830689,0.037817884,0.06205193,0.06494633,0.060340673,0.051620036,0.025352377,0.0662359,0.0888645,0.049798474,0.057719562,0.052577958,0.04202597,0.04138189,0.03355917,0.07618471,0.0538895,0.049887374,0.06819017,0.054527134,0.040632095,0.08187015,0.08037579,0.053284544,0.039258335,0.043338377,0.04890922,0.04193006,0.045031015,0.036163777,0.04424729,0.042150516,0.041916434,0.056167755,0.055439714,0.07631908,0.04199037,0.047187906,0.0534782,0.031221727,0.036418125,0.047751486,0.05891357,0.053114973,0.067479745,0.05353038,0.071354166,0.07359706,0.05312379,0.045114215,0.054427374,0.04530742,0.043073617,0.057644784,0.06736768,0.0511075,0.0425448,0.048613828,0.050976615,0.16481405,0.06973828,0.07156736,0.031385552,0.041371927,0.07041684,0.044154204,0.04161457,0.048135057,0.061341666,0.064381145,0.042156253,0.048499383,0.041878387,0.04439562,0.060487486,0.04209201,0.056032404,0.041363154,0.05328047,0.045088638,0.03215708,0.068714075,0.03222302,0.030614397,0.076154396,0.0,0.10339504,0.04166899,0.03684086,0.041896462,0.08786159,0.059029784,0.04093963,0.052745476,0.038729902,0.03703667,0.04434018,0.048083663,0.052901093,0.07412361,0.063144006,0.054825287,0.055654436,0.05220734,0.05080821,0.07203785,0.043262698,0.06215944,0.040614184,0.051708393,0.06308876,0.057797614,0.05419243,0.04260209,0.0542599,0.055620745,0.04030986,0.05751364,0.044444073,0.028805187,0.022133838,0.07124937,0.08586083,0.041061208,0.07749869,0.08381375,0.0364945,0.066232316,0.03470262,0.030253807,0.048640296,0.06719468,0.045469992,0.04971094,0.08403793,0.04149867,0.052986853,0.046079278,0.036905352,0.062092748,0.049480334,0.04450529,0.066282734,0.034012195,0.06238195,0.04977284,0.12480167,0.06688309,0.05672799,0.04971301,0.044929855,0.07693442,0.06098802,0.04756765,0.049552184,0.05274468,0.034771375,0.05148345,0.041509636,0.05845555,0.05180306,0.045293357,0.07433274,0.048367046,0.064849354,0.03934541,0.06339855,0.060453113,0.04971049,0.035989106,0.07457504,0.02370935,0.033268865,0.07414326,0.05046088,0.09072692,0.06963059,0.032563392,0.073628835,0.04275124,0.05374302,0.060951132,0.042192865,0.065958396,0.042463902,0.05338711,0.059495267,0.04827778,0.07102399,0.05480975,0.05549988,0.06653038,0.055549365,0.08266582,0.036680054,0.06004356,0.06185646,0.045138806,0.045781437,0.043092422,0.08417937,0.037865873,0.073451065,0.04467469,0.08661152,0.040736344,0.048758008,0.0595529,0.045996837,0.05215518,0.0670363,0.051598035,0.053151987
burn,0.1271136,0.14386338,0.08832837,0.0902965,0.11665815,0.13997139,0.062481664,0.050846685,0.09044758,0.07793278,0.10732967,0.121508256,0.1095643,0.11510598,0.10125225,0.098227166,0.046284895,0.10667312,0.118949495,0.09973261,0.13232407,0.16064276,0.12263207,0.08739873,0.11672839,0.12371746,0.049268845,0.06752685,0.101025395,0.07436062,0.09990993,0.06076579,0.08895049,0.060267456,0.14070019,0.12630442,0.10090745,0.10814151,0.10984941,0.13292243,0.12389191,0.102761455,0.14258908,0.099535,0.104304895,0.06255677,0.14205009,0.0835186,0.16347763,0.16473734,0.13666597,0.06057476,0.12865582,0.16471237,0.14653774,0.1491331,0.085083865,0.085665174,0.04515535,0.097639464,0.12022935,0.15056032,0.11388828,0.11020817,0.10484653,0.12516491,0.17254795,0.09020968,0.11940441,0.1035778,0.11788252,0.10016538,0.11793366,0.13477953,0.09361901,0.12718661,0.15263535,0.06463197,0.10280321,0.14741094,0.10739665,0.13887024,0.09121251,0.10271982,0.12684971,0.11654722,0.10846388,0.116277166,0.07802887,0.13270327,0.0860313,0.070159905,0.12879856,0.0534084,0.10286374,0.08439777,0.09669962,0.111005045,0.08818897,0.110238545,0.10893478,0.1411781,0.12366866,0.116112776,0.1502153,0.079786055,0.073527,0.11493529,0.09927289,0.088786416,0.121873535,0.10369174,0.12699321,0.099267505,0.10434714,0.13302566,0.07693776,0.13166103,0.14953807,0.14385605,0.09673385,0.09308617,0.1349929,0.09618751,0.091133215,0.0885872,0.10201341,0.046105325,0.083149135,0.09451126,0.0866303,0.10963907,0.1419694,0.108596094,0.072631046,0.09937695,0.13214354,0.13542446,0.08985684,0.13982429,0.08968921,0.09863112,0.08526838,0.10339504,0.0,0.08658633,0.08925587,0.10964192,0.17199002,0.1421461,0.107251234,0.093256146,0.12477531,0.10040061,0.111591026,0.13031237,0.093772635,0.14955357,0.12802793,0.13276759,0.10530596,0.1146737,0.07237239,0.077973075,0.093502335,0.13988219,0.11391331,0.06659023,0.10382453,0.1354065,0.09819811,0.08766957,0.094432116,0.12768693,0.102933854,0.11597539,0.11951944,0.09886831,0.10972737,0.12257759,0.16856983,0.10600433,0.042470615,0.12385134,0.11035694,0.15200187,0.11739649,0.09432403,0.0757331,0.14627296,0.12774765,0.1111278,0.13351572,0.099372596,0.10328997,0.08661222,0.086481586,0.12883301,0.11748671,0.08526217,0.065733984,0.09961551,0.12650907,0.1092077,0.051997136,0.1563243,0.13958555,0.09320476,0.11841875,0.16623305,0.054573126,0.13200696,0.1029096,0.13352422,0.09989397,0.07397944,0.10475709,0.08535626,0.1363292,0.096025705,0.13071138,0.13194829,0.12625667,0.12316012,0.14907067,0.14985298,0.06814847,0.10927861,0.1378315,0.09826472,0.113767534,0.11840512,0.13076459,0.122879036,0.13260992,0.11818921,0.1181722,0.07464423,0.12433131,0.14418161,0.11421943,0.13346325,0.11277016,0.10905334,0.120029606,0.12761727,0.15178071,0.13213588,0.090723075,0.054411467,0.13575722,0.16552705,0.10311057,0.1293833,0.11233565,0.088827245,0.12102248,0.11213121,0.16732205,0.114562154,0.16143973,0.12728903,0.17023498,0.11753222,0.1285177,0.13671118,0.086460374,0.13965595,0.13397133,0.12835996,0.13911104
reduce,0.06430818,0.06941826,0.024128893,0.037439775,0.057220727,0.06793713,0.05610003,0.07109472,0.039127108,0.042098917,0.04028495,0.0578507,0.047723483,0.058237374,0.043008212,0.031326216,0.06687349,0.038739175,0.056544513,0.03840183,0.07031801,0.090463154,0.068540655,0.055837628,0.050832774,0.06536667,0.054050952,0.037460025,0.041541457,0.041974407,0.023202239,0.048405923,0.04279408,0.04975418,0.07744276,0.0698913,0.038148653,0.04533995,0.06148317,0.065265544,0.05371512,0.040998247,0.06940609,0.04197152,0.0362711,0.050658774,0.0669865,0.03517267,0.09809337,0.09822344,0.068720795,0.044932265,0.074348286,0.09812329,0.07857244,0.0826093,0.035488587,0.04103131,0.08091944,0.03633585,0.07369977,0.076367214,0.05655887,0.051538493,0.041920364,0.06461029,0.10049582,0.04070118,0.06752302,0.061698996,0.0589169,0.038405627,0.05278466,0.07738391,0.041618656,0.060163435,0.078808725,0.039352786,0.038706858,0.085381806,0.07180954,0.06291108,0.024973402,0.043788735,0.05453506,0.0379448,0.049058847,0.04849083,0.026731648,0.06427346,0.03172296,0.035050888,0.06144765,0.053773317,0.04434784,0.033846755,0.04080283,0.049092356,0.03240954,0.042519785,0.06834496,0.06380016,0.06706241,0.053942613,0.08113119,0.058231484,0.024326835,0.051448945,0.041487407,0.03443419,0.049825534,0.054801002,0.06970803,0.046820574,0.04124764,0.05786724,0.039544743,0.15364651,0.074552186,0.08559748,0.03194727,0.03759238,0.082461216,0.03534255,0.033966072,0.0472204,0.052540824,0.05288594,0.029323919,0.03901081,0.031335555,0.04534786,0.07156898,0.042789984,0.034360155,0.047169194,0.06043546,0.066373676,0.04058592,0.07846762,0.029323407,0.038971275,0.06355751,0.04166899,0.08658633,0.0,0.04170314,0.042590294,0.1039297,0.07286185,0.037011966,0.04169529,0.053761505,0.03700534,0.04886469,0.059249066,0.04220813,0.086956516,0.074872665,0.063574985,0.04883994,0.054456703,0.032895934,0.057512198,0.031614438,0.06690615,0.0463835,0.039674327,0.05481795,0.06598073,0.04144641,0.03862223,0.04393364,0.061827037,0.04224889,0.056625687,0.04180988,0.031006776,0.049719267,0.070683025,0.09854923,0.03799097,0.05900628,0.0812375,0.04897758,0.07813336,0.057864595,0.035243593,0.03107074,0.07907548,0.058852214,0.054291066,0.08379432,0.039539628,0.04855749,0.032069016,0.035547685,0.074525975,0.052978206,0.034696966,0.048172288,0.038279254,0.06579531,0.047328893,0.10459409,0.08528125,0.06680163,0.03954051,0.05054794,0.09347317,0.045284886,0.064104974,0.048659544,0.064338095,0.031640038,0.03382049,0.042681675,0.05345566,0.076587796,0.03262757,0.074773215,0.06408393,0.066156626,0.051187977,0.0757002,0.080584906,0.030284168,0.041015204,0.086786844,0.037559543,0.04366735,0.0693203,0.058961175,0.085475236,0.07100096,0.055905495,0.07118841,0.027909843,0.053613152,0.07447672,0.043608572,0.07850949,0.04315373,0.057232577,0.06146204,0.059391275,0.078734905,0.062519915,0.047796294,0.050670605,0.064079344,0.09820768,0.037518486,0.07307555,0.07002664,0.035655405,0.048748802,0.03704477,0.09811841,0.04215081,0.08989815,0.057377417,0.102622524,0.052132685,0.057593204,0.06898536,0.029925259,0.063695714,0.0715331,0.054908454,0.067694895
dust,0.067816384,0.07216983,0.037244596,0.0381225,0.05068042,0.06750991,0.06743688,0.07438821,0.04338921,0.04400464,0.043761082,0.058814906,0.046998773,0.06237312,0.039388727,0.044934567,0.07204799,0.042583715,0.05858674,0.047195468,0.068649314,0.0896098,0.07044391,0.05698034,0.052154046,0.05885046,0.062041875,0.042939253,0.038997687,0.04562484,0.044072177,0.059891228,0.03904827,0.051046643,0.07137052,0.07236523,0.03771621,0.04179299,0.06409396,0.070242874,0.051858358,0.044874918,0.07129597,0.05372118,0.04388222,0.058209144,0.07613971,0.037048686,0.10009754,0.09361254,0.07087196,0.045603067,0.0645652,0.087584615,0.08056745,0.084829025,0.039331414,0.03581696,0.08224319,0.03440135,0.07660475,0.07981927,0.045262743,0.041795272,0.044697214,0.056093946,0.10484036,0.031544458,0.06940841,0.06135068,0.055951394,0.03898211,0.05134434,0.066401824,0.03755946,0.062603906,0.082540125,0.04103874,0.04241718,0.07542146,0.05879775,0.07171945,0.041557137,0.03427332,0.056779936,0.05223022,0.05664737,0.048697386,0.040383153,0.053026676,0.035432126,0.04792838,0.052209347,0.059774317,0.041457243,0.03569996,0.050722048,0.05323186,0.04392496,0.048346855,0.0711129,0.06913797,0.054093916,0.052539077,0.08155711,0.049175676,0.045407213,0.04865739,0.041236214,0.03691147,0.051923335,0.04297108,0.056775756,0.04888122,0.04229218,0.061696354,0.041388612,0.15233335,0.08296517,0.090237245,0.03841528,0.036239758,0.08639881,0.04612192,0.038271237,0.028566195,0.044739105,0.05581662,0.038282093,0.043388464,0.038662206,0.05127068,0.069591835,0.05260387,0.041982215,0.047902334,0.06374909,0.05916802,0.027845364,0.08593753,0.035594743,0.040883906,0.050885793,0.03684086,0.08925587,0.04170314,0.0,0.04276499,0.106205225,0.07792255,0.04382394,0.036339756,0.052019306,0.04010483,0.04811477,0.060450003,0.04429525,0.090870105,0.07638943,0.060559593,0.04436722,0.053265985,0.04037596,0.047937777,0.035824075,0.073183045,0.050257426,0.038855728,0.045243587,0.06391837,0.05248801,0.03944157,0.037186664,0.05661532,0.03741337,0.04647815,0.056406986,0.034617815,0.04168429,0.058294617,0.10018549,0.040946335,0.06343877,0.066737704,0.045395344,0.08318402,0.044149056,0.030818824,0.045271743,0.084858954,0.052548125,0.06325299,0.07141263,0.039039124,0.04043776,0.03944624,0.040486403,0.07763475,0.04537595,0.04003883,0.046895396,0.03566404,0.06449329,0.04536849,0.10623349,0.0836005,0.07043776,0.04227189,0.057640232,0.09512541,0.048536204,0.06433637,0.059232067,0.065442845,0.038198423,0.040641345,0.04757633,0.03073719,0.05944604,0.038297266,0.06369636,0.062551424,0.06435493,0.05248737,0.079347566,0.07899517,0.040940683,0.044391476,0.09097386,0.04042185,0.049036205,0.05767179,0.05909337,0.071798526,0.062561385,0.046937067,0.05852733,0.040034134,0.061206844,0.075366415,0.05048023,0.07994874,0.049064867,0.06580954,0.062271234,0.052133605,0.08182063,0.062420327,0.03589458,0.053608954,0.07005121,0.10060632,0.044213783,0.076039836,0.07339755,0.038704295,0.056099366,0.0525102,0.10075144,0.04446784,0.09135715,0.05893458,0.10485868,0.05543799,0.05821389,0.067605235,0.04028931,0.06587999,0.07173166,0.06090012,0.06559885
stack,0.049675375,0.047516398,0.039471064,0.037532616,0.050274894,0.041900318,0.08138911,0.09056402,0.04045154,0.053852383,0.029721018,0.03946464,0.02800051,0.049277324,0.03467793,0.036879044,0.09156155,0.02731313,0.040119756,0.039960824,0.056705154,0.06406725,0.05468786,0.0610845,0.028122373,0.053922318,0.07898577,0.054589115,0.033257432,0.04902825,0.0333696,0.07338279,0.038059033,0.066936694,0.05883741,0.055649184,0.027128989,0.030876039,0.049862605,0.048495725,0.030992819,0.036530666,0.04552937,0.04214091,0.036264792,0.07075995,0.05712811,0.040495522,0.07650815,0.07780798,0.04453134,0.06031575,0.05300708,0.06875102,0.05588815,0.061185006,0.045034982,0.042069003,0.10484207,0.030968081,0.06397229,0.05401151,0.040790092,0.037306074,0.04052313,0.042618997,0.084376104,0.038374085,0.055297296,0.05749544,0.04613579,0.028581513,0.044376183,0.053481523,0.035151545,0.04413419,0.058915135,0.06327162,0.028162662,0.06011224,0.06438162,0.049156435,0.040902782,0.030891195,0.03198691,0.03754604,0.04317614,0.032804668,0.049591832,0.047559537,0.03458675,0.058353778,0.036300283,0.07653175,0.040032882,0.03698992,0.046300456,0.043131158,0.051855788,0.034182213,0.06584179,0.04604122,0.04595383,0.0338654,0.056698482,0.06342865,0.052549616,0.027865125,0.037266485,0.039861657,0.034681454,0.040685643,0.045738924,0.045014657,0.030840714,0.04443299,0.052652705,0.16608737,0.062475245,0.07170002,0.034476686,0.03393544,0.06977703,0.044049192,0.039802276,0.04582145,0.040995028,0.07635268,0.04358059,0.038915493,0.03907067,0.041292783,0.04516417,0.039676383,0.055750195,0.04383972,0.04210385,0.046600305,0.04409125,0.06513985,0.036662742,0.039504755,0.066279575,0.041896462,0.10964192,0.042590294,0.04276499,0.0,0.081890695,0.057845157,0.028533055,0.03818223,0.034623805,0.02568139,0.03471308,0.03889213,0.042400807,0.06849915,0.059810277,0.03573116,0.035270445,0.04231006,0.05419355,0.063341856,0.03393347,0.05095744,0.036530487,0.057647515,0.044822566,0.034248915,0.044703428,0.036560617,0.03847499,0.037535522,0.033675045,0.037535228,0.037279394,0.03777888,0.04559559,0.051150694,0.07533743,0.024140147,0.08226742,0.065078974,0.03494135,0.058852684,0.044844273,0.03182971,0.055103395,0.06144547,0.036227573,0.049798395,0.06313554,0.027146636,0.03287135,0.035825502,0.040390585,0.06087515,0.028403014,0.040041488,0.061245374,0.033405386,0.047243144,0.032580953,0.12849054,0.060716566,0.044554383,0.03981998,0.03895758,0.06938569,0.06560211,0.044081945,0.048368357,0.0411156,0.029039692,0.05311429,0.028880423,0.056531947,0.056045473,0.03434796,0.052747715,0.044361744,0.046983834,0.03305226,0.05530161,0.06095819,0.05140002,0.029284704,0.07361522,0.042132914,0.03460662,0.054678433,0.03690583,0.072106555,0.046827503,0.041935273,0.054963045,0.053368673,0.042846054,0.050050102,0.03639722,0.062470358,0.03510914,0.053899296,0.045581426,0.037562966,0.05845048,0.04299955,0.0436095,0.07237873,0.04754999,0.07646093,0.025873564,0.05833752,0.062387425,0.043239925,0.03694406,0.03494661,0.07568167,0.029160088,0.07131337,0.032382287,0.0823811,0.038598042,0.028141879,0.0480075,0.043542374,0.040014714,0.051199567,0.039343942,0.043920733
reheat,0.058824938,0.057959225,0.10008282,0.10694234,0.08177269,0.06447061,0.147631,0.1638346,0.10208147,0.11992264,0.08718123,0.062713176,0.08282056,0.072424345,0.097017154,0.08894431,0.16193134,0.08364785,0.06518621,0.08346343,0.064269304,0.053738244,0.062034436,0.09772911,0.06949347,0.069950074,0.14689787,0.11456044,0.09753924,0.10810342,0.08941824,0.14321925,0.09332679,0.13416234,0.053196285,0.057916082,0.086613044,0.086938806,0.072112344,0.058852933,0.074445136,0.07824646,0.047745883,0.08465705,0.07936337,0.13941118,0.06904967,0.107627414,0.023932492,0.054121338,0.055539966,0.124708205,0.09165279,0.07629958,0.04864628,0.04343908,0.10743691,0.10589992,0.17465846,0.0975606,0.06559089,0.05478667,0.100994326,0.091924444,0.083394,0.093408376,0.05300434,0.109920174,0.07383527,0.08261328,0.069308534,0.0905942,0.07489246,0.09497268,0.108495586,0.06297477,0.054033287,0.12943424,0.083707355,0.09001971,0.12673865,0.060878463,0.099154346,0.092386104,0.06752316,0.075699575,0.073297724,0.071586475,0.11252118,0.06979693,0.101221226,0.12471475,0.079601936,0.14550163,0.09462536,0.102643885,0.10148885,0.07435335,0.105078466,0.08740384,0.08177064,0.057675987,0.09649362,0.07598535,0.05575851,0.13243139,0.11779895,0.086313546,0.10475687,0.10863321,0.07240817,0.099088706,0.094795726,0.10307673,0.086943805,0.06384152,0.121371195,0.21265255,0.06280362,0.04728925,0.08861863,0.09822903,0.05366473,0.09464341,0.10163112,0.11279311,0.10879537,0.13805297,0.10261555,0.09922291,0.100947194,0.081101805,0.067096464,0.07825945,0.123676196,0.08349247,0.07294453,0.063749894,0.102034256,0.052744374,0.092972115,0.092218705,0.13397086,0.08786159,0.17199002,0.1039297,0.106205225,0.081890695,0.0,0.048187606,0.086407565,0.107152715,0.06560479,0.08845694,0.08252873,0.065068565,0.10538678,0.035480537,0.061419554,0.07100614,0.10152287,0.0891546,0.11925975,0.13489772,0.101028845,0.06459692,0.07771274,0.123623714,0.112030685,0.065227166,0.100115865,0.09487127,0.108201176,0.07554076,0.09121569,0.09654566,0.074013464,0.09103677,0.083426036,0.103687055,0.04011119,0.08398829,0.15015146,0.1157682,0.073128596,0.060180422,0.081020184,0.09316551,0.11391619,0.03456559,0.06751692,0.07061092,0.10649192,0.09223871,0.10130151,0.106634736,0.092611745,0.055018738,0.08450074,0.103170276,0.13362649,0.08929009,0.08178004,0.093542054,0.19929084,0.042464904,0.064598486,0.100843,0.06465769,0.035176836,0.13115562,0.05689254,0.07887882,0.063761175,0.08996234,0.12263455,0.07913489,0.124367744,0.075332664,0.10153487,0.09679855,0.060770303,0.08842899,0.06603484,0.06326033,0.057380907,0.11722982,0.07901918,0.061403967,0.09170155,0.080358826,0.10844334,0.07045914,0.12619941,0.09161076,0.07740785,0.1090376,0.11393253,0.07578592,0.055737425,0.07947991,0.06366266,0.08447738,0.07344417,0.084647946,0.075188234,0.05048226,0.070500545,0.11083233,0.14114967,0.05785121,0.018819261,0.08004797,0.057625696,0.07597317,0.10811763,0.07994826,0.07812244,0.01941521,0.08036862,0.05930986,0.06691154,0.02205923,0.06259441,0.06709744,0.07080943,0.11063288,0.062028762,0.0812121,0.06897443,0.0589093
dripping,0.034570295,0.041830674,0.06861366,0.08149003,0.057594,0.049977113,0.117003046,0.13458839,0.075021334,0.09293768,0.06140547,0.041929115,0.05990639,0.052843712,0.07255428,0.05670909,0.13020834,0.058770202,0.03906594,0.052180286,0.043498714,0.053307593,0.041137666,0.07338782,0.04624946,0.04411877,0.11638015,0.08518635,0.072672375,0.08141527,0.06026239,0.1135387,0.064633705,0.10345218,0.03715084,0.036831077,0.06157683,0.0618288,0.05004889,0.036421493,0.05529654,0.048155356,0.038198885,0.055631973,0.0467491,0.111212865,0.0561603,0.08066805,0.043520752,0.051108126,0.040036276,0.09588764,0.07472046,0.07182426,0.041094434,0.044745937,0.07862129,0.07844249,0.14478111,0.06947128,0.049944162,0.04038939,0.07885883,0.06775797,0.05300671,0.07509408,0.06365946,0.083026536,0.050482698,0.061951913,0.04928703,0.063100256,0.054552834,0.07929468,0.08321002,0.04009281,0.04794662,0.09871144,0.058478545,0.07822817,0.10371755,0.03609965,0.06741148,0.067035526,0.049354248,0.04586887,0.046257067,0.047299284,0.079824485,0.045226436,0.07240004,0.09302705,0.060951535,0.116530046,0.07010063,0.07439773,0.07567527,0.048077013,0.0720588,0.06101124,0.06243482,0.038657703,0.07773892,0.057253733,0.04973577,0.10621762,0.086692825,0.064494185,0.07947918,0.0804756,0.052310333,0.0764021,0.07719394,0.08020856,0.062139243,0.040255185,0.0940118,0.19080861,0.056107488,0.038659144,0.05807573,0.07320267,0.046519265,0.06672391,0.07434888,0.08538944,0.08625681,0.10831664,0.07303147,0.07441745,0.071605064,0.056156848,0.05528394,0.052648135,0.09123546,0.05721381,0.051800594,0.0423254,0.07279581,0.036058757,0.062419944,0.06633079,0.107625745,0.059029784,0.1421461,0.07286185,0.07792255,0.057845157,0.048187606,0.0,0.060108174,0.08097005,0.04001664,0.062034108,0.06084787,0.045825772,0.0817798,0.04231878,0.042541325,0.055122122,0.07839011,0.06829053,0.08985022,0.1075342,0.07318018,0.05032317,0.05272157,0.094021015,0.08813561,0.05163718,0.07585996,0.06696384,0.08347493,0.05831025,0.065326996,0.07503325,0.040853396,0.060158316,0.0562284,0.08342668,0.05464188,0.056740355,0.11970736,0.09729212,0.0443023,0.045973983,0.05532064,0.063096106,0.08423293,0.03406096,0.048238687,0.04634648,0.08984672,0.06538281,0.0777449,0.0780091,0.06101059,0.039620157,0.062145956,0.07519407,0.1057109,0.062203158,0.06704382,0.07080363,0.16911252,0.039453816,0.04821892,0.07722621,0.039034307,0.044264767,0.10128218,0.035014857,0.051021006,0.047733355,0.061716117,0.093069255,0.053509105,0.097040445,0.05807255,0.07540129,0.079509,0.041248284,0.07357266,0.04439199,0.05027924,0.04407552,0.08595932,0.053069003,0.048105344,0.06441225,0.053787354,0.088281535,0.051959995,0.10679759,0.0741079,0.05086164,0.088211454,0.08154374,0.056182437,0.045302298,0.0565709,0.045623597,0.05958191,0.048392333,0.06832349,0.055364404,0.050811123,0.055103257,0.08488108,0.11085955,0.03937698,0.045433205,0.051985618,0.040530574,0.054966033,0.080524676,0.05309513,0.048301686,0.0467179,0.052813604,0.052638944,0.048423886,0.048884965,0.040303122,0.048142985,0.05730139,0.08042276,0.04640442,0.06944632,0.049886853,0.041253492
transfer,0.052928448,0.04837869,0.03598655,0.035153583,0.048466627,0.045044225,0.07693608,0.087724715,0.04035746,0.0468764,0.023841083,0.044661332,0.032656696,0.05037678,0.033238854,0.039934162,0.08963032,0.028118482,0.044652242,0.04430627,0.062570915,0.068545416,0.059835464,0.06334247,0.03523978,0.057007074,0.07769087,0.053679124,0.031639397,0.053607196,0.030252358,0.06979779,0.04362915,0.06343391,0.06334958,0.060505487,0.028813874,0.03618089,0.056809798,0.053764366,0.029187074,0.040201947,0.050557572,0.0482442,0.037218004,0.066168405,0.052388668,0.041289896,0.08210079,0.07963258,0.04954505,0.058818433,0.06262481,0.077465355,0.058453828,0.06804736,0.04445653,0.047913924,0.1011893,0.03064473,0.06937147,0.055040985,0.046465933,0.04337524,0.04139581,0.049739365,0.085945,0.03921262,0.06181118,0.06246209,0.04939231,0.028693553,0.046262894,0.06278494,0.04089348,0.041743465,0.056295455,0.060436122,0.02658541,0.0678518,0.06968157,0.05061528,0.0410865,0.03341273,0.034616206,0.03397855,0.04547398,0.027299417,0.049470577,0.05241143,0.033670712,0.05802248,0.042427443,0.07184613,0.028825331,0.037675776,0.04658398,0.04679988,0.050364662,0.037102945,0.07036598,0.04465913,0.054755107,0.041003063,0.060918495,0.06657957,0.05043961,0.03707707,0.04142805,0.03502597,0.03421185,0.049464166,0.054821916,0.040129468,0.024612576,0.047964606,0.05244256,0.16327898,0.059049614,0.076118425,0.02839793,0.030488662,0.07573838,0.04329074,0.029736431,0.048892904,0.047144067,0.0755672,0.035522576,0.033350285,0.035376124,0.043203797,0.04718137,0.04132592,0.05091588,0.045511298,0.04308802,0.05043497,0.042763438,0.07104147,0.03651238,0.035796225,0.07087081,0.04093963,0.107251234,0.037011966,0.04382394,0.028533055,0.086407565,0.060108174,0.0,0.040348474,0.042667244,0.025045812,0.036173314,0.037913434,0.03990182,0.07271736,0.06722117,0.04205666,0.03951013,0.038127594,0.045449052,0.06442139,0.03086257,0.047133528,0.039207753,0.05320314,0.04890275,0.04273216,0.041882277,0.037319098,0.040319726,0.040789567,0.03917996,0.04263434,0.03543962,0.03988233,0.0474206,0.05944042,0.08141088,0.026906166,0.078554146,0.07300285,0.039346308,0.057275966,0.050313674,0.03144674,0.05453664,0.06470309,0.037728216,0.05223815,0.07294714,0.029006101,0.039921895,0.03503836,0.041863427,0.06683804,0.037672844,0.043373533,0.06148528,0.02975275,0.0457529,0.035860833,0.12499366,0.06356727,0.04834178,0.038215604,0.04290297,0.07138851,0.06259206,0.04436538,0.053028505,0.043082654,0.030092288,0.045447912,0.03210073,0.058946542,0.062426526,0.024520963,0.062226623,0.04548001,0.044534426,0.03401479,0.05678808,0.065406896,0.05134253,0.027537921,0.07967899,0.041797396,0.03699955,0.06133161,0.03275465,0.078366,0.055975273,0.047410265,0.062225718,0.0519834,0.036042318,0.052821238,0.027106183,0.069314614,0.025324201,0.057513736,0.04330937,0.036674436,0.061098702,0.038106255,0.04760921,0.06809401,0.04446014,0.081887096,0.027282154,0.06271117,0.06858634,0.034633216,0.033471856,0.03766828,0.08046761,0.029388318,0.06852582,0.042250197,0.08673219,0.037367932,0.03634306,0.045294017,0.036451057,0.04030945,0.04898854,0.0353502,0.04610389
soften,0.06960698,0.06731319,0.040116493,0.028599449,0.0636281,0.06159434,0.06586712,0.0731495,0.039166886,0.040504128,0.042812232,0.058232393,0.044991482,0.06367742,0.0316266,0.04606332,0.07241312,0.034581102,0.061189212,0.052534513,0.07919936,0.08467822,0.07411376,0.06680818,0.049002882,0.07191412,0.060227536,0.046371017,0.027199076,0.050436266,0.03898075,0.0550605,0.044283297,0.055717073,0.082561456,0.07569828,0.03255338,0.041440636,0.06780546,0.06973311,0.04806897,0.04807548,0.06847766,0.055890013,0.051506147,0.05406021,0.07628078,0.02903658,0.10236306,0.099879295,0.07167504,0.048085496,0.056197926,0.08932402,0.07821373,0.08564245,0.045222208,0.03505906,0.08648034,0.036540795,0.08252996,0.07783566,0.031535972,0.037730247,0.053064853,0.0425623,0.10742416,0.02113232,0.070174515,0.071258314,0.06317227,0.031233272,0.060048774,0.05678237,0.023836166,0.0643264,0.081883796,0.050869968,0.037977833,0.06550669,0.05033002,0.07319136,0.045705315,0.030962829,0.050314207,0.053694684,0.05973573,0.05150475,0.046281144,0.06566396,0.034275368,0.0501607,0.044501152,0.058669157,0.04410508,0.025634034,0.048002012,0.06008482,0.051753145,0.043260716,0.07958108,0.06865026,0.04442177,0.04883366,0.07687678,0.043966662,0.045965888,0.046618834,0.03484024,0.03417117,0.049064096,0.04009784,0.05103835,0.04602033,0.039788816,0.060770478,0.04663022,0.15749373,0.083052434,0.093737476,0.044411797,0.030419338,0.090110235,0.049463186,0.039814185,0.042002827,0.026961725,0.065541476,0.041940898,0.03968598,0.04046022,0.054900385,0.06778877,0.05521664,0.04125146,0.05186987,0.062153503,0.06854601,0.04470233,0.08781385,0.041399665,0.04587865,0.047524977,0.052745476,0.093256146,0.04169529,0.036339756,0.03818223,0.107152715,0.08097005,0.040348474,0.0,0.0564396,0.040733915,0.047691092,0.05938612,0.0353096,0.0914219,0.07898965,0.05150733,0.027212258,0.05072149,0.041327175,0.041539077,0.033181805,0.07178167,0.05348936,0.045302093,0.028015316,0.059059698,0.048490345,0.03926075,0.020985067,0.04959462,0.037915748,0.031686805,0.05487019,0.04382868,0.05957961,0.050171047,0.1002316,0.038324658,0.06636749,0.059157588,0.051924035,0.08285857,0.06081566,0.037362657,0.050637778,0.085343465,0.053698994,0.06607923,0.06388265,0.036376774,0.025930673,0.038857903,0.048610024,0.08170578,0.0388507,0.04108182,0.039290905,0.038342953,0.05836404,0.03076229,0.107609876,0.086281575,0.0679024,0.035211306,0.056086697,0.09548176,0.05346898,0.068213224,0.06192172,0.06591031,0.035732158,0.042555172,0.048025034,0.041517418,0.07444072,0.03198152,0.054673515,0.0630491,0.05688635,0.05465586,0.07779663,0.08591083,0.04556989,0.045778576,0.093829274,0.05075586,0.05252908,0.047393456,0.055941645,0.06240483,0.056416184,0.059301037,0.049579002,0.04928444,0.05955849,0.075120606,0.051399298,0.08184953,0.04826097,0.069184504,0.056859225,0.050901167,0.08051927,0.05951592,0.030715542,0.05729957,0.070387214,0.102056876,0.04587564,0.07877018,0.07833714,0.037736025,0.055381116,0.050787527,0.10028084,0.04433039,0.09340261,0.061813556,0.10596125,0.059327293,0.057450943,0.06477853,0.04045621,0.06555417,0.06574099,0.056778483,0.06613778
drizzle,0.039556675,0.04208679,0.04799447,0.059420902,0.044108234,0.04156214,0.09791599,0.112092964,0.054655768,0.071321204,0.043020096,0.034763385,0.039245944,0.046569068,0.051414613,0.039902516,0.107987896,0.04024672,0.034789298,0.03904837,0.037390947,0.05389419,0.047151413,0.062462647,0.03370142,0.04041333,0.09481098,0.066505365,0.050233103,0.06256988,0.042078003,0.09132107,0.04861806,0.08340331,0.04125749,0.04463238,0.039954122,0.033603728,0.046351597,0.036441177,0.036888126,0.033653606,0.035980523,0.04390004,0.032181013,0.08957361,0.053532146,0.05922853,0.061333053,0.06059874,0.039535925,0.07618563,0.056874268,0.063184954,0.045900993,0.050624568,0.057561204,0.053090334,0.12230149,0.043636445,0.054658342,0.044119485,0.05289701,0.041780762,0.038237367,0.052604582,0.07130189,0.057171393,0.047969095,0.054682918,0.039946064,0.045510255,0.038391106,0.058268182,0.057035305,0.03780001,0.049618337,0.07545078,0.041765455,0.06007596,0.07847402,0.038146812,0.04656532,0.044437714,0.03720233,0.03251286,0.041084502,0.032846257,0.05848148,0.029436637,0.052585088,0.071630165,0.041792676,0.09483673,0.04993596,0.05482811,0.05758636,0.03654661,0.054399032,0.03997122,0.059562173,0.03467212,0.05330193,0.039524127,0.049768392,0.080534376,0.066954106,0.039897088,0.055255365,0.059283637,0.03736688,0.053474326,0.05420453,0.059197422,0.042657066,0.027626315,0.06803352,0.17687832,0.056795012,0.05584425,0.042736128,0.05215528,0.057536677,0.049650628,0.05410311,0.060264163,0.062023703,0.087883405,0.05578932,0.05409678,0.053384975,0.042001266,0.04320931,0.04073216,0.0712475,0.04425948,0.042232726,0.032218706,0.051726848,0.050085954,0.041553576,0.046678837,0.08017529,0.038729902,0.12477531,0.053761505,0.052019306,0.034623805,0.06560479,0.04001664,0.042667244,0.0564396,0.0,0.042526238,0.03744786,0.036946855,0.0613768,0.054910492,0.04746128,0.041885126,0.055596832,0.050669324,0.06978672,0.082116365,0.050087977,0.04713523,0.031797986,0.07154709,0.06259786,0.037538078,0.05821598,0.04977448,0.059333097,0.040576596,0.035986282,0.05101708,0.033684272,0.035290856,0.038337227,0.05969412,0.06307071,0.03387686,0.09926372,0.073528334,0.03295379,0.050664116,0.036105532,0.04214605,0.064334475,0.04666145,0.03313873,0.044057146,0.06945376,0.045168966,0.05309467,0.055408426,0.046961896,0.049071386,0.040712617,0.05177636,0.082531035,0.041408673,0.052221246,0.050775968,0.14677505,0.04705187,0.043039825,0.057725765,0.03240478,0.05638734,0.08170985,0.03245169,0.045880325,0.039697163,0.040878993,0.069852486,0.0398904,0.06819476,0.045389403,0.05307309,0.0575657,0.034799155,0.05642144,0.027304735,0.050391637,0.04559717,0.06562131,0.033014715,0.0606028,0.045005385,0.035044536,0.06387904,0.038287308,0.08365404,0.053492554,0.03456691,0.064668715,0.061129685,0.04584461,0.04345256,0.041174147,0.051330987,0.043820187,0.04837781,0.052848477,0.037651885,0.049915355,0.04255973,0.059650388,0.08946823,0.04013858,0.061335813,0.03806423,0.046502173,0.05642993,0.060620543,0.040193472,0.03467127,0.06120384,0.030893654,0.060165834,0.031569727,0.06535876,0.032316938,0.03199735,0.04674888,0.059991125,0.035108257,0.05658465,0.03995763,0.031936377
arrange,0.05441029,0.056466017,0.03392387,0.038251616,0.050809477,0.052623104,0.07433647,0.08359874,0.037962675,0.048747145,0.026179403,0.045418255,0.03503357,0.05176308,0.038004234,0.035938736,0.08327936,0.03316986,0.04174843,0.03943384,0.060151998,0.075079024,0.057696946,0.058494233,0.032279946,0.056006853,0.07287156,0.04894909,0.036217555,0.04677188,0.03324181,0.067374416,0.036144666,0.055804674,0.06202734,0.059697583,0.03174828,0.033467695,0.05314194,0.054509964,0.03986647,0.038035326,0.05458127,0.04469278,0.034189243,0.06399569,0.060280416,0.039267156,0.082798876,0.08291317,0.047395807,0.054590642,0.061935887,0.08021846,0.06411142,0.06909544,0.039911103,0.04178859,0.09409127,0.024929184,0.06651315,0.061599463,0.048887752,0.042970464,0.035682537,0.05305648,0.09081473,0.038640946,0.059187915,0.05810865,0.049049515,0.027973315,0.04502105,0.0644369,0.037508562,0.046281446,0.063587606,0.055563472,0.02903158,0.07193961,0.06810955,0.05321342,0.036725886,0.035060808,0.041757584,0.038825177,0.044904426,0.03357129,0.043346696,0.052637767,0.031185377,0.05129323,0.048579354,0.06866085,0.03682193,0.035975747,0.046272773,0.044192623,0.04536996,0.038866702,0.0667995,0.052187745,0.056209866,0.04208386,0.06733103,0.06147109,0.046522945,0.03210797,0.0405286,0.033891838,0.040962387,0.04333407,0.055968985,0.04367978,0.03107002,0.051924817,0.044736426,0.15961878,0.066264346,0.07653124,0.026144495,0.030018676,0.074254856,0.042698164,0.029903717,0.04416553,0.04712579,0.068156846,0.035148535,0.036649853,0.033213876,0.043172803,0.05320573,0.03913969,0.048510246,0.0446238,0.045676418,0.05138213,0.038136438,0.07118669,0.03291567,0.036160596,0.065851785,0.03703667,0.10040061,0.03700534,0.04010483,0.02568139,0.08845694,0.062034108,0.025045812,0.040733915,0.042526238,0.0,0.036205854,0.044790585,0.042234194,0.07463826,0.06546065,0.04723328,0.042522952,0.04594981,0.045222417,0.06093088,0.030814683,0.054883365,0.039678726,0.0499678,0.049799237,0.045767758,0.042081032,0.029703576,0.041089043,0.047886267,0.036650103,0.04634304,0.039025646,0.036306597,0.043011684,0.05854555,0.08312267,0.026776314,0.07282117,0.0716366,0.035904307,0.061909888,0.046668783,0.026483653,0.04957825,0.067266025,0.043037456,0.051763076,0.07203061,0.018471219,0.039773244,0.029464163,0.03396802,0.06548425,0.039182853,0.038163807,0.057187494,0.03087366,0.05323419,0.04028121,0.11949255,0.065871134,0.050378952,0.039723597,0.046190478,0.07528616,0.055886116,0.04725845,0.05060131,0.043203183,0.030870503,0.042787395,0.031056667,0.05474187,0.06077711,0.030648313,0.06251842,0.051039197,0.05320082,0.036661707,0.06072124,0.065095894,0.044533025,0.029640062,0.07873101,0.037655458,0.03503115,0.061274637,0.043089725,0.07715643,0.057429172,0.04436171,0.06052508,0.046820465,0.043823313,0.053923897,0.032362584,0.06721533,0.033359826,0.05560343,0.050497413,0.04384837,0.06613465,0.048692804,0.044599053,0.062189076,0.05026194,0.082940176,0.026594564,0.06334783,0.06520138,0.036072303,0.036927193,0.03853969,0.083016805,0.031409133,0.073866576,0.037762232,0.08922073,0.0398921,0.03821797,0.05571019,0.034643997,0.046040423,0.05780532,0.043797128,0.051155448
measure,0.051993683,0.0531043,0.045522306,0.046932135,0.04733364,0.04867619,0.084221356,0.09565319,0.043588426,0.055976238,0.038016908,0.0406163,0.033551842,0.048737213,0.042407833,0.043891653,0.09648845,0.039607964,0.045113277,0.045033008,0.055310864,0.06658528,0.054606892,0.06146872,0.03671941,0.052552205,0.084199764,0.058274943,0.04032974,0.055253066,0.04042132,0.078294724,0.042631842,0.07199504,0.057062007,0.05810517,0.037060264,0.02177606,0.053222746,0.05268425,0.03656155,0.03978254,0.0501171,0.050292324,0.04077143,0.07368448,0.061754458,0.050274543,0.07745056,0.07479212,0.047273863,0.06286354,0.06291589,0.07548756,0.05799473,0.06589595,0.050105788,0.0498056,0.10840712,0.040840585,0.06373191,0.058026057,0.05241301,0.045081962,0.04280808,0.054578755,0.08792846,0.048110545,0.055672385,0.058235824,0.048000727,0.039831437,0.049176734,0.06283921,0.048668712,0.04546577,0.06036133,0.06690697,0.03558412,0.06864,0.07276056,0.05420032,0.048926044,0.038373422,0.04258338,0.043256715,0.047621395,0.034873284,0.05533731,0.049968515,0.043223467,0.06562022,0.048125423,0.07817001,0.04077068,0.047332074,0.049448308,0.04519807,0.05529202,0.042225458,0.06556129,0.048330482,0.055587105,0.041738607,0.060827855,0.07073357,0.05766791,0.04144228,0.04914038,0.048418142,0.04256356,0.05139864,0.056811526,0.046775397,0.03730474,0.049997605,0.05941462,0.16358548,0.0665003,0.07132459,0.03947479,0.040001225,0.06899662,0.046460614,0.042570226,0.05299423,0.054003093,0.07865822,0.047993492,0.044243407,0.04539327,0.042777024,0.049583845,0.040169515,0.06063459,0.047089726,0.05030009,0.048033748,0.04553758,0.06796045,0.03820821,0.040964328,0.072958186,0.04434018,0.111591026,0.04886469,0.04811477,0.03471308,0.08252873,0.06084787,0.036173314,0.047691092,0.03744786,0.036205854,0.0,0.040476035,0.049827985,0.06819645,0.061507065,0.04738816,0.047443863,0.041249037,0.05799605,0.070104,0.042765036,0.05506751,0.023808656,0.05810267,0.055282094,0.042701088,0.047195155,0.038081497,0.04894146,0.04274124,0.030471921,0.048623968,0.044650245,0.043627046,0.046884865,0.061008975,0.07970302,0.036806513,0.085329354,0.07372365,0.0396054,0.063237675,0.043438286,0.038883872,0.06069459,0.061537854,0.039769035,0.05031809,0.072931364,0.03873769,0.047423087,0.046887428,0.04503238,0.062052228,0.04149757,0.040701237,0.06856017,0.033193626,0.04811674,0.044651944,0.1314052,0.06201264,0.053034108,0.04744196,0.045363415,0.07131839,0.06907301,0.043930326,0.05306993,0.04116003,0.03710513,0.05662431,0.038144287,0.062127195,0.05655444,0.043377496,0.062902555,0.04441479,0.0483189,0.03709711,0.06199887,0.0630495,0.057883564,0.036577046,0.07477935,0.043944478,0.04180406,0.06412379,0.041790336,0.08007652,0.057490256,0.044621263,0.06470417,0.057507467,0.0478181,0.048594635,0.040229168,0.06246338,0.03797957,0.05601804,0.04531665,0.0421333,0.06402908,0.04350085,0.05127449,0.07534712,0.05139339,0.07651846,0.037534434,0.05829457,0.06419089,0.049514532,0.044337068,0.04112175,0.076725855,0.038953174,0.07291891,0.04344546,0.08196652,0.040179305,0.04081898,0.04730424,0.049802866,0.047873043,0.049825758,0.04534815,0.045300204
fold,0.04255574,0.029457293,0.055587314,0.055962868,0.04599202,0.029465368,0.10096984,0.113593325,0.056275774,0.0683063,0.038711827,0.036590066,0.038191166,0.046567854,0.046203125,0.048892166,0.11468689,0.03846384,0.040149543,0.049603537,0.054496277,0.05166842,0.050419383,0.07093319,0.033904795,0.048281744,0.10178149,0.07166699,0.0458217,0.07003095,0.046334535,0.09482748,0.05430779,0.08882845,0.04764701,0.049433257,0.04405338,0.045536753,0.055092625,0.042502385,0.026523244,0.045028422,0.03358878,0.054321602,0.041653086,0.08991178,0.04889136,0.06012903,0.062023174,0.054917227,0.036989614,0.07910474,0.063485175,0.064006954,0.04200436,0.051244974,0.062375173,0.065064296,0.12669924,0.051499147,0.06295484,0.040008284,0.05848263,0.051203337,0.044333957,0.056290466,0.06956273,0.060258966,0.0563172,0.06374753,0.044102836,0.04533964,0.04368799,0.064632446,0.060744874,0.035703253,0.044141706,0.08225939,0.03728087,0.06575075,0.08438549,0.04174417,0.057931032,0.045651454,0.02972111,0.0400679,0.046151437,0.02776294,0.06883008,0.044454064,0.051953916,0.07962758,0.043269705,0.09637589,0.044183034,0.05914117,0.06038515,0.043439057,0.0623054,0.043305352,0.06917012,0.033516005,0.05999656,0.041742887,0.045078233,0.0875904,0.07242013,0.046482295,0.059296437,0.058024116,0.028151866,0.061368342,0.058615744,0.052197024,0.03867848,0.040777884,0.074612156,0.17889017,0.051857375,0.060571928,0.045320466,0.049353708,0.06373313,0.05508403,0.053356133,0.06612979,0.062271915,0.0959651,0.056747876,0.050470594,0.052543215,0.046877388,0.034593508,0.044427823,0.0738964,0.04968841,0.043669064,0.039687537,0.05747582,0.056989525,0.05190212,0.04583648,0.09032138,0.048083663,0.13031237,0.059249066,0.060450003,0.03889213,0.065068565,0.045825772,0.037913434,0.05938612,0.036946855,0.044790585,0.040476035,0.0,0.054448936,0.055917926,0.056361597,0.036056176,0.054183263,0.0386549,0.069504835,0.08666242,0.051591836,0.042862747,0.041710097,0.07329427,0.06513157,0.03400271,0.05663247,0.051588193,0.058800053,0.034273986,0.049850035,0.052569505,0.04058846,0.050323613,0.051235206,0.06782643,0.062301084,0.04074897,0.10242257,0.08158238,0.039307848,0.048178308,0.049806967,0.047482777,0.07242327,0.04812492,0.029616563,0.050311003,0.076972075,0.04704514,0.055931013,0.059313413,0.055921867,0.05569123,0.041481238,0.05989954,0.08467364,0.042877775,0.04210844,0.04655013,0.15089126,0.045922067,0.042253457,0.05158895,0.03884858,0.050310466,0.085022084,0.034369834,0.054296628,0.035010986,0.044366647,0.072881125,0.040306285,0.07786423,0.05539704,0.05162188,0.06641035,0.025197517,0.04374433,0.031502694,0.047062483,0.054472134,0.07267251,0.03539685,0.06711236,0.050894614,0.043805756,0.0721925,0.03074112,0.08956274,0.058163296,0.04408386,0.07254124,0.07011373,0.042816564,0.038690753,0.039203115,0.05637645,0.03715043,0.05594904,0.04203832,0.03350522,0.048549794,0.029272404,0.065241165,0.0915946,0.038754456,0.06121407,0.03967119,0.05036267,0.06513027,0.057747975,0.04173935,0.04180273,0.05904901,0.038565286,0.05287998,0.040179994,0.06581306,0.037300967,0.033162586,0.032148633,0.061007567,0.03294541,0.03985528,0.035073802,0.028710343
beat,0.06832753,0.06648349,0.038823407,0.02753613,0.060889035,0.061071064,0.06839275,0.0731654,0.04225959,0.030375225,0.044272754,0.05825706,0.042194907,0.053307913,0.033080995,0.04839964,0.07621888,0.03572449,0.06332659,0.05307646,0.0804884,0.08713075,0.073400386,0.06506976,0.05221234,0.07120476,0.06486359,0.04667219,0.032016173,0.053080495,0.04322079,0.05731596,0.0484859,0.060490195,0.08218428,0.07565162,0.03845161,0.051122934,0.069153875,0.07163139,0.046171907,0.052908186,0.070575014,0.054520804,0.05094799,0.0536391,0.07418017,0.03174588,0.10073953,0.09788233,0.072762646,0.04486194,0.06998094,0.09491184,0.0763444,0.08289162,0.04391403,0.047575347,0.087230355,0.042412322,0.08068623,0.079400845,0.049944356,0.049029294,0.053911842,0.056832317,0.102539025,0.036949262,0.07159578,0.07033105,0.061964806,0.037328534,0.055764463,0.070555486,0.035618696,0.06163447,0.07959783,0.05013134,0.03862174,0.079060785,0.066335484,0.074023366,0.04629109,0.03807741,0.05098881,0.053926915,0.057176348,0.048836216,0.04817969,0.070188925,0.036461517,0.051965814,0.054367833,0.058957215,0.034703817,0.036670495,0.051994156,0.059231676,0.051898353,0.041471403,0.07757258,0.0693787,0.059848428,0.047426812,0.07686385,0.057973433,0.048992,0.05312641,0.045097295,0.036177807,0.042457312,0.05145849,0.06348483,0.03127337,0.035114318,0.06640076,0.04812508,0.1558894,0.08049291,0.091500424,0.043858077,0.029352134,0.08842626,0.050127674,0.03682816,0.04984868,0.04018762,0.06553701,0.037335698,0.025683003,0.03435728,0.056188542,0.065974705,0.054848973,0.045562655,0.052217305,0.06522595,0.070997484,0.04796409,0.08589038,0.044313986,0.03746164,0.06323298,0.052901093,0.093772635,0.04220813,0.04429525,0.042400807,0.10538678,0.0817798,0.03990182,0.0353096,0.0613768,0.042234194,0.049827985,0.054448936,0.0,0.088902056,0.07926114,0.056452043,0.03695789,0.041797735,0.039074115,0.054630566,0.03770149,0.06970487,0.05669244,0.042087395,0.044510722,0.061186623,0.04589551,0.040557154,0.035270393,0.051706765,0.046715762,0.047238607,0.058069948,0.046750493,0.06095031,0.066069975,0.09896421,0.042893574,0.066172026,0.0739711,0.051986746,0.083512306,0.06457946,0.04047406,0.049209677,0.08330027,0.055715404,0.063433364,0.078017525,0.04156033,0.038895056,0.039513588,0.048695672,0.08018793,0.047415417,0.043114986,0.047133222,0.040580623,0.048162438,0.036353923,0.108769715,0.087408446,0.06957351,0.012366875,0.05627933,0.09483575,0.054401483,0.06701805,0.058358084,0.06671405,0.039929066,0.044446167,0.0474469,0.053765874,0.0799236,0.033717226,0.07058557,0.059778903,0.04718247,0.053260308,0.07830117,0.08748766,0.046163492,0.040393893,0.09208732,0.04759769,0.05445463,0.0649623,0.05633859,0.07710057,0.06735893,0.06183371,0.06619147,0.04836647,0.05729414,0.07614039,0.04952832,0.0833828,0.045724586,0.06694592,0.044134814,0.055449173,0.07975315,0.051823433,0.04370082,0.058072966,0.06838189,0.1002808,0.04621199,0.076444395,0.07745,0.036844056,0.056639645,0.054409716,0.09893737,0.047300473,0.091224335,0.063751124,0.10423018,0.057630975,0.05949084,0.057645664,0.040781476,0.06577913,0.054498244,0.055529147,0.06627297
simmer,0.041527227,0.052650593,0.08286214,0.0906443,0.06998075,0.05846921,0.1287898,0.14391923,0.085338116,0.10083539,0.07464119,0.04646099,0.0685526,0.051844735,0.08071642,0.071959965,0.14229743,0.06840311,0.05162441,0.065849364,0.053462308,0.04970442,0.044259194,0.076069504,0.056834895,0.056018338,0.12587188,0.09237372,0.0812082,0.08758174,0.07326999,0.12311585,0.07566609,0.116303734,0.04946104,0.04010959,0.069813564,0.07356317,0.052043416,0.050547574,0.06298049,0.060652953,0.045570612,0.064211026,0.06327369,0.119985856,0.069179475,0.08953027,0.035808288,0.059608765,0.050076827,0.10344137,0.08361553,0.08187846,0.035264954,0.044900015,0.09075539,0.088944145,0.15513021,0.08374337,0.04541317,0.055658534,0.09006595,0.078868255,0.069694124,0.08541097,0.0665356,0.09457041,0.054061603,0.06364799,0.055182043,0.07636823,0.06473054,0.088174224,0.09384194,0.050398946,0.054753445,0.11095328,0.06796689,0.087047815,0.11506923,0.05645475,0.08242358,0.07761091,0.057334486,0.06275772,0.050276227,0.056541707,0.09444138,0.06412987,0.08435057,0.10622267,0.0710911,0.12562853,0.07861301,0.08461963,0.08520627,0.057188787,0.08822441,0.07369475,0.06092154,0.05270333,0.08746476,0.06437263,0.046067644,0.11669054,0.09950135,0.075593136,0.09210809,0.092873275,0.0617348,0.08749251,0.08777124,0.08758043,0.06964875,0.05693971,0.10474663,0.19621326,0.06664637,0.028401883,0.07264114,0.08278951,0.033709675,0.07779984,0.08596376,0.09816114,0.09507144,0.11728331,0.08414924,0.08175049,0.08261618,0.0657164,0.063419856,0.063018784,0.10604318,0.063344546,0.06736981,0.05809009,0.085389294,0.0350976,0.07553227,0.07586027,0.11867127,0.07412361,0.14955357,0.086956516,0.090870105,0.06849915,0.035480537,0.04231878,0.07271736,0.0914219,0.054910492,0.07463826,0.06819645,0.055917926,0.088902056,0.0,0.044276446,0.064284794,0.08712311,0.07607508,0.10083996,0.1184281,0.084740326,0.058990616,0.06334262,0.10477422,0.09886876,0.0586048,0.08468857,0.07724907,0.09229473,0.06597408,0.075632446,0.08530821,0.062829785,0.07646089,0.07110586,0.095202774,0.055531967,0.068322435,0.12931633,0.10714498,0.058198806,0.061610322,0.06980062,0.07703095,0.09460565,0.021605391,0.056057975,0.04792839,0.09985586,0.078917064,0.08787533,0.08962261,0.07404839,0.03501094,0.07448861,0.08415255,0.1150453,0.072692715,0.07083403,0.07951588,0.17831834,0.04942562,0.061504837,0.08453241,0.04809181,0.046824437,0.11139308,0.047846917,0.057296667,0.05686335,0.074483715,0.10537278,0.06303951,0.1097968,0.0712006,0.08652097,0.09000324,0.050609432,0.07807356,0.056704715,0.06285494,0.0580043,0.09800203,0.064843304,0.043022625,0.07614777,0.06869456,0.09895032,0.0602579,0.116883695,0.08617943,0.06613355,0.09949223,0.09498165,0.0655943,0.05270178,0.06775406,0.051597953,0.0717117,0.049722195,0.07108607,0.06469686,0.055404216,0.059627756,0.09592591,0.121825054,0.050367158,0.033283733,0.063677415,0.038708653,0.05424969,0.09108492,0.07003364,0.063793756,0.032897033,0.069403104,0.06121339,0.06015234,0.03265266,0.04698996,0.058920357,0.06165139,0.09397886,0.058865953,0.07247496,0.05927752,0.05240818
saute,0.02910445,0.061617486,0.06931897,0.0802587,0.059388585,0.064074695,0.11367077,0.12773289,0.071705334,0.08799239,0.06786149,0.04188988,0.057025224,0.041972384,0.07297723,0.057240892,0.12374773,0.061023574,0.03946141,0.048992977,0.048328195,0.066874355,0.030061383,0.05689528,0.05170219,0.04338172,0.10833981,0.07440732,0.07307028,0.06912,0.06519126,0.10884095,0.054058373,0.10094164,0.044334225,0.025566095,0.0599416,0.063703656,0.03146041,0.038347814,0.061904885,0.04487641,0.053351603,0.04609479,0.050313763,0.105612695,0.07318491,0.07765743,0.05135558,0.06547129,0.05193402,0.08573565,0.07330512,0.0834028,0.051120747,0.048091482,0.07630965,0.06908914,0.13819376,0.07214988,0.027593842,0.0645952,0.079861104,0.06588124,0.05826697,0.07779167,0.0775537,0.082100086,0.029570594,0.04521407,0.045468654,0.06780938,0.058631144,0.08106524,0.08089948,0.045486577,0.06259256,0.09493634,0.05876694,0.082140245,0.10004303,0.05695043,0.06782817,0.067196816,0.059108835,0.056877013,0.038771514,0.052888207,0.07900303,0.06002974,0.069216885,0.08977108,0.068891495,0.10967134,0.06975208,0.07178401,0.07388602,0.044926446,0.07442412,0.0635342,0.04368858,0.059607107,0.07730542,0.052116163,0.06236732,0.09868285,0.08450915,0.06979918,0.07948903,0.08225446,0.060874153,0.07334495,0.07902943,0.07707234,0.0620016,0.055582874,0.09165703,0.18326797,0.07402743,0.03211086,0.061029803,0.072962634,0.031626448,0.06564531,0.07665837,0.08321436,0.08525296,0.0971009,0.07017887,0.07061028,0.068795376,0.05671257,0.065213025,0.053880326,0.092021324,0.0496415,0.06655049,0.0566588,0.07232811,0.02925945,0.0616352,0.06470559,0.09936417,0.063144006,0.12802793,0.074872665,0.07638943,0.059810277,0.061419554,0.042541325,0.06722117,0.07898965,0.04746128,0.06546065,0.061507065,0.056361597,0.07926114,0.044276446,0.0,0.066708244,0.080666386,0.06847527,0.08863696,0.102330506,0.07408326,0.061703384,0.055674747,0.089001834,0.08818141,0.0580637,0.07587816,0.059624616,0.08250826,0.061157197,0.06269249,0.077403404,0.059320897,0.062003866,0.060961906,0.08377765,0.06530167,0.057968978,0.11112522,0.093932234,0.04451841,0.06935046,0.059938487,0.0629145,0.07919939,0.041337583,0.05723949,0.033960707,0.088590525,0.067714214,0.07872908,0.07666764,0.055812974,0.02254927,0.067042686,0.06956159,0.10024415,0.062974826,0.065711655,0.07446393,0.16059726,0.058644466,0.06469692,0.07375687,0.0420491,0.06495965,0.09351448,0.045790583,0.03775154,0.05993539,0.06492604,0.09243161,0.050770584,0.092611104,0.06649286,0.07843302,0.08033953,0.046543907,0.07459203,0.053612605,0.06926006,0.062160112,0.08055189,0.053976566,0.021816138,0.06437207,0.06307615,0.08649128,0.062803514,0.103698,0.07853257,0.055928335,0.086833395,0.07873102,0.06346445,0.059829812,0.0625931,0.023149012,0.06671719,0.032735255,0.06507952,0.062851675,0.061961126,0.0609649,0.08054708,0.10472636,0.05097775,0.056205746,0.053674363,0.016897863,0.025263777,0.08155067,0.06700824,0.054606076,0.059490714,0.06247296,0.07138274,0.057100818,0.060776647,0.041731045,0.056329645,0.06283311,0.08299697,0.063337706,0.071633905,0.059106495,0.05378561
mould,0.053840313,0.032412175,0.060371064,0.0543027,0.059195466,0.027920935,0.10130012,0.113946386,0.059180368,0.07234985,0.043127287,0.03947372,0.04561252,0.058700185,0.04453107,0.054213528,0.114801414,0.038056653,0.046859313,0.0571729,0.06255018,0.050396167,0.06035523,0.08004054,0.03382865,0.05919822,0.102466024,0.07614561,0.044772632,0.07378343,0.050592303,0.09482239,0.05909359,0.08859374,0.05918532,0.0593138,0.0426231,0.045851685,0.062617086,0.050592903,0.033116497,0.051278666,0.03728411,0.06252942,0.052138742,0.0912153,0.053812817,0.058522493,0.06997022,0.06857982,0.045628645,0.08177898,0.055941936,0.061049044,0.04778794,0.057271793,0.065441355,0.06483112,0.12755251,0.052138433,0.073288456,0.041530993,0.047038846,0.04893369,0.052795563,0.043876823,0.07605437,0.05503689,0.065229565,0.07341441,0.055002246,0.039381478,0.053022385,0.053683687,0.054053072,0.04675099,0.052256092,0.0857305,0.041711118,0.05511033,0.07651886,0.047965735,0.063784845,0.044964023,0.025656981,0.048001073,0.057012234,0.04016004,0.07312596,0.047585722,0.056402005,0.08275493,0.02889041,0.09775741,0.053413924,0.054780718,0.062164344,0.053181756,0.06946429,0.048672326,0.07942499,0.03805518,0.051276676,0.04505948,0.04433648,0.0838373,0.07591854,0.041009806,0.055636644,0.055775065,0.034150403,0.056740403,0.0497933,0.05966443,0.04583644,0.043610252,0.076564275,0.18385199,0.056753904,0.07182912,0.052484136,0.04612947,0.073601864,0.060489718,0.057071947,0.066372246,0.050173167,0.100032955,0.06413228,0.05722927,0.060559273,0.05318321,0.041677427,0.05232997,0.07586572,0.056934282,0.041940518,0.044488613,0.06064622,0.06893059,0.0559174,0.055076092,0.08578006,0.054825287,0.13276759,0.063574985,0.060559593,0.03573116,0.07100614,0.055122122,0.04205666,0.05150733,0.041885126,0.04723328,0.04738816,0.036056176,0.056452043,0.064284794,0.066708244,0.0,0.0414728,0.0490038,0.0729064,0.0815373,0.0535436,0.05053909,0.048370156,0.07884733,0.05446817,0.034817293,0.05983459,0.057580788,0.052267477,0.03573242,0.05139251,0.04091521,0.04387697,0.055400986,0.057584435,0.058258243,0.06639671,0.043854296,0.10546621,0.072498746,0.046417058,0.050386198,0.054731727,0.050207596,0.07775802,0.05709521,0.030218115,0.062004123,0.068320006,0.04697868,0.041924417,0.06218024,0.062640384,0.06602876,0.031884547,0.064042315,0.080146186,0.046557523,0.04945837,0.03255525,0.15057634,0.050474986,0.038420342,0.054679167,0.043758694,0.056626033,0.088348664,0.045021158,0.06461392,0.042105015,0.042806674,0.07532869,0.0485693,0.07518234,0.05735657,0.051726006,0.056594133,0.042729594,0.049221925,0.038291346,0.045621954,0.058244355,0.07663602,0.04494961,0.0784992,0.058229633,0.045541473,0.06348945,0.03360887,0.080550194,0.049978033,0.05014628,0.06369497,0.076284945,0.04947329,0.045919962,0.047356993,0.06709528,0.044045743,0.06685028,0.051600616,0.03492975,0.052153938,0.041506805,0.06036071,0.09408943,0.047646735,0.0684073,0.046926502,0.06326174,0.07532311,0.05969388,0.04406578,0.048669267,0.06487964,0.04050162,0.06081025,0.044018086,0.07062228,0.045930475,0.03701565,0.04368699,0.06294832,0.036886178,0.050009508,0.038864266,0.039533693
shape,0.07024113,0.060382206,0.04602776,0.032133847,0.064418405,0.054050528,0.07608297,0.08202308,0.045226496,0.046431262,0.043166205,0.056644347,0.043904666,0.06392776,0.03142711,0.050395533,0.08362177,0.036350068,0.060670596,0.05661927,0.07899152,0.07432954,0.07443451,0.074214146,0.047139354,0.072474375,0.07290246,0.057615966,0.028092457,0.0591003,0.043074384,0.063938305,0.050672036,0.06485641,0.080885455,0.07588832,0.0309476,0.04280341,0.06995804,0.06756954,0.042063124,0.052271653,0.062808,0.06051911,0.054579344,0.06341119,0.07162054,0.037890874,0.09799049,0.09474153,0.067846775,0.058351062,0.054610766,0.0823563,0.0702139,0.081204765,0.050552756,0.04729276,0.09740939,0.040582683,0.08458734,0.070575364,0.031330254,0.041919015,0.05511903,0.03817535,0.10208237,0.03202077,0.07427765,0.07597295,0.06415612,0.033142254,0.060340308,0.05019617,0.027894123,0.062057395,0.07653744,0.06109775,0.039566558,0.060012147,0.05336314,0.06935303,0.052891456,0.032767802,0.04506002,0.05413198,0.0624552,0.049168956,0.054925818,0.063787,0.041495536,0.06023272,0.036571912,0.06843859,0.04415688,0.035743915,0.053415246,0.061767273,0.057752375,0.04013761,0.08346068,0.06321925,0.042699803,0.046849106,0.06562892,0.055455703,0.055322617,0.04487607,0.03716268,0.039373107,0.045913648,0.042550657,0.04562161,0.044087186,0.038011566,0.059316196,0.05463042,0.16405453,0.07783903,0.09259283,0.04834018,0.031920467,0.09033855,0.054704484,0.042763762,0.0494665,0.021424433,0.07732258,0.049812037,0.040501982,0.046792414,0.057343848,0.05989464,0.057346806,0.05102167,0.055917602,0.057020564,0.0659118,0.051045366,0.08734669,0.04735107,0.04743599,0.059431575,0.055654436,0.10530596,0.04883994,0.04436722,0.035270445,0.10152287,0.07839011,0.03951013,0.027212258,0.055596832,0.042522952,0.047443863,0.054183263,0.03695789,0.08712311,0.080666386,0.0414728,0.0,0.04613125,0.050775565,0.04997753,0.03747672,0.06825373,0.053477496,0.054151326,0.028441064,0.051986687,0.05062771,0.046450205,0.027683383,0.042965125,0.043395877,0.028186183,0.05279439,0.049349442,0.06241405,0.048047498,0.09471525,0.0403301,0.077663116,0.057847075,0.052111525,0.07641508,0.062913515,0.040710237,0.05947539,0.081377886,0.04960518,0.069319345,0.060839865,0.03689504,0.020413075,0.04418152,0.05547312,0.08198852,0.03462337,0.048359048,0.05066194,0.041911162,0.050242223,0.024752822,0.11824155,0.08091075,0.062320653,0.03794403,0.05541799,0.08886486,0.06437119,0.064652555,0.065821305,0.06149436,0.03807898,0.051826827,0.04985313,0.05171794,0.07358388,0.03654403,0.052002903,0.059694335,0.047381517,0.052547347,0.07138716,0.08244657,0.055720177,0.045390587,0.09499443,0.0541443,0.051565606,0.048287753,0.05010753,0.06167163,0.050213285,0.060400996,0.049731027,0.058152687,0.05803054,0.06989684,0.050940346,0.082785115,0.04581094,0.07265512,0.050598715,0.046995685,0.07580663,0.053097103,0.03644163,0.067950696,0.067431666,0.09714251,0.047764122,0.07898273,0.08224038,0.043346163,0.052121416,0.052658044,0.09469656,0.041633777,0.087720826,0.05919349,0.101211,0.0589185,0.053992458,0.0570463,0.04511215,0.060002808,0.05679173,0.054123107,0.059628397
stirring,0.057435874,0.054925963,0.047864646,0.04423193,0.045096446,0.050241046,0.08870246,0.09574191,0.050033104,0.05072699,0.043512072,0.049438603,0.03511364,0.049735125,0.040531047,0.05113283,0.098688886,0.040902246,0.05358779,0.053101692,0.06871723,0.07028245,0.06292586,0.06938613,0.047225513,0.057749003,0.08648671,0.061986282,0.03948677,0.06406451,0.047273498,0.07905181,0.051722072,0.07810766,0.06529657,0.06535025,0.041148506,0.04784904,0.06415304,0.058858614,0.034374684,0.05060165,0.05751538,0.055280775,0.048878133,0.07465902,0.065389656,0.05138295,0.08480476,0.075464346,0.059310794,0.06352545,0.068089925,0.08214882,0.061622784,0.069636084,0.055420574,0.05809217,0.11102168,0.049562793,0.07328836,0.06592217,0.055073015,0.05109388,0.05183708,0.056686297,0.08976698,0.05140089,0.06466922,0.06841813,0.053841364,0.04576326,0.053162254,0.06685479,0.051272094,0.045492537,0.06264104,0.067888916,0.03667748,0.07202915,0.07483952,0.06176031,0.055239502,0.041402593,0.0447744,0.049691115,0.05543923,0.037804812,0.06150272,0.05918687,0.046802618,0.069023944,0.049284603,0.07997683,0.031245107,0.052126106,0.058725744,0.054551613,0.060536884,0.041102614,0.07419921,0.055692416,0.05997209,0.043381777,0.063288644,0.07524981,0.06458868,0.05278737,0.054845247,0.050686933,0.04088196,0.057811253,0.06141881,0.03894727,0.03557152,0.05763274,0.065583065,0.16934414,0.07040286,0.07850639,0.046365496,0.040293224,0.07838779,0.05340016,0.047785006,0.060159393,0.053406633,0.084376514,0.04890181,0.038440257,0.04319193,0.05365087,0.05132931,0.05186222,0.06357531,0.053210624,0.05635767,0.05746117,0.054516982,0.073668845,0.0490364,0.040290326,0.07804652,0.05220734,0.1146737,0.054456703,0.053265985,0.04231006,0.0891546,0.06829053,0.038127594,0.05072149,0.050669324,0.04594981,0.041249037,0.0386549,0.041797735,0.07607508,0.06847527,0.0490038,0.04613125,0.0,0.058617417,0.0730258,0.04728633,0.05712995,0.04879211,0.057632025,0.056590207,0.047801677,0.051871978,0.0453252,0.05085922,0.03989239,0.048120692,0.05051059,0.052866716,0.050645594,0.057091754,0.0675301,0.0836931,0.043707903,0.08684668,0.07745078,0.047133766,0.069090135,0.058021184,0.045457035,0.064869575,0.06885116,0.044609044,0.058401655,0.077315934,0.046471808,0.049605977,0.051713165,0.054424275,0.07015025,0.04766193,0.053607374,0.070598066,0.041170184,0.03763781,0.042931236,0.13277967,0.07108241,0.05962973,0.04112629,0.050281454,0.077364,0.07192213,0.051110674,0.057319593,0.054166753,0.045513198,0.062233582,0.043951686,0.067215964,0.06908797,0.046076614,0.06880102,0.041715555,0.03484637,0.045591634,0.06591466,0.073463604,0.062481813,0.03909734,0.08044898,0.051625766,0.05324944,0.06861034,0.0443059,0.08233398,0.063689254,0.05569457,0.06988286,0.061058085,0.049961418,0.06155013,0.044810973,0.06989757,0.04031831,0.06308767,0.0356316,0.04345054,0.06721965,0.03672945,0.05491693,0.077576734,0.055566948,0.084594466,0.045140628,0.062955044,0.07176157,0.049028076,0.052617002,0.051693723,0.08338434,0.04524605,0.07464754,0.055646148,0.08924029,0.048557192,0.049358778,0.030278306,0.05438615,0.053423464,0.03721597,0.046518918,0.050106466
raise,0.07753665,0.081353486,0.03555042,0.032017745,0.06452296,0.076801255,0.048434433,0.055347286,0.042290498,0.029460797,0.04769924,0.069018036,0.05554465,0.06857524,0.041909426,0.048360858,0.057056606,0.045334585,0.06994629,0.053877875,0.08538801,0.10292398,0.08029825,0.061771307,0.062007982,0.07541268,0.04694305,0.03535949,0.043236353,0.045967042,0.043290954,0.04032097,0.049272764,0.03998374,0.09031355,0.08313721,0.046764575,0.055372886,0.07362803,0.08271774,0.06226254,0.05526999,0.08468697,0.058434933,0.05266451,0.038584765,0.08288305,0.028046982,0.11329181,0.10920139,0.082904056,0.03390493,0.083033614,0.108706556,0.09075909,0.09816644,0.03943623,0.04670151,0.06501555,0.044109207,0.08640223,0.09055204,0.06206415,0.058298867,0.053761702,0.07223961,0.117105484,0.03597229,0.07942259,0.07153877,0.0698269,0.04360335,0.063234255,0.08635604,0.043918703,0.07168838,0.09310816,0.03149977,0.04577907,0.09571572,0.07241553,0.080979906,0.042811345,0.047551267,0.06453962,0.058504734,0.062357165,0.05832305,0.03729604,0.07681432,0.033915065,0.037781693,0.07015111,0.040011693,0.045670602,0.036017768,0.04964954,0.06371373,0.04223166,0.056423735,0.08000907,0.079248235,0.074170165,0.06490591,0.09284,0.053951364,0.033481468,0.06029867,0.049130447,0.031319264,0.05888963,0.05935254,0.07652894,0.047023315,0.04751521,0.07563084,0.03534199,0.14221789,0.090657845,0.100419246,0.040980965,0.036787443,0.09630941,0.047222685,0.031910136,0.044286072,0.052786816,0.046764202,0.031032735,0.041029394,0.032761935,0.05850577,0.08178076,0.057390712,0.028091101,0.0550495,0.07336615,0.07882004,0.039958246,0.0956681,0.040642586,0.045269262,0.06006881,0.05080821,0.07237239,0.032895934,0.04037596,0.05419355,0.11925975,0.08985022,0.045449052,0.041327175,0.06978672,0.045222417,0.05799605,0.069504835,0.039074115,0.10083996,0.08863696,0.0729064,0.050775565,0.058617417,0.0,0.049461905,0.03603282,0.0814129,0.061004207,0.028336588,0.05551042,0.07825517,0.04808537,0.042952966,0.04185559,0.07095206,0.051822715,0.061506644,0.062190928,0.04585547,0.059059642,0.07756877,0.11460095,0.050337464,0.044291005,0.0853845,0.05901365,0.09234897,0.06697002,0.0405775,0.039213736,0.09488502,0.0680921,0.06830986,0.0914477,0.046592183,0.050952464,0.036994636,0.04508996,0.088013254,0.060738746,0.03989019,0.035076648,0.042804025,0.072736606,0.049137566,0.08739984,0.09942525,0.080324076,0.03824397,0.066173956,0.10797954,0.033111144,0.077826194,0.06374723,0.07671438,0.041944098,0.02696794,0.05291082,0.048204564,0.08516227,0.035092242,0.083541356,0.07483714,0.07116849,0.06468461,0.0887374,0.09546369,0.032072913,0.052978795,0.10074988,0.04743982,0.057456743,0.07498355,0.069398075,0.087669715,0.08129668,0.06576686,0.07592904,0.034611005,0.06645682,0.087511525,0.054404907,0.09258157,0.051185932,0.07099505,0.06687692,0.06749125,0.09468891,0.07184603,0.047210965,0.037360437,0.07914983,0.11340076,0.049633913,0.08656657,0.08175918,0.029307459,0.061922334,0.057968702,0.11333288,0.056787457,0.10107709,0.072444774,0.11743809,0.06510641,0.071329296,0.077786125,0.030331813,0.077821426,0.07745195,0.068178795,0.0806761
tear,0.09584712,0.097979754,0.057549976,0.04683558,0.085533164,0.0907058,0.05904266,0.05700021,0.054649945,0.046413288,0.064270794,0.08651259,0.06761886,0.08740263,0.055243347,0.06881324,0.055339113,0.0643288,0.08502019,0.07543,0.10255152,0.11260577,0.097497575,0.081263594,0.07619097,0.09481995,0.05180211,0.05570896,0.052518453,0.06033253,0.06269622,0.04869844,0.058477104,0.04867023,0.107318774,0.10023763,0.055951867,0.06208192,0.08834354,0.095256485,0.07477288,0.07235347,0.0958443,0.07568431,0.07450227,0.048327625,0.100026876,0.04802066,0.12962645,0.12612024,0.09760458,0.050603364,0.06950159,0.107313335,0.105809264,0.11021824,0.05657064,0.04425853,0.06861351,0.05257468,0.10424642,0.10460632,0.051516816,0.05660093,0.07466206,0.061046977,0.13241251,0.037836507,0.09352567,0.08935948,0.087014176,0.057315383,0.08403121,0.06907425,0.03951204,0.09005872,0.109551065,0.050852496,0.06441996,0.082387984,0.03967656,0.098453805,0.062311895,0.05428586,0.08056186,0.079145685,0.083588056,0.076524176,0.055838306,0.08914679,0.05182772,0.05431158,0.073455624,0.04943699,0.062946826,0.047601037,0.06453666,0.08391218,0.06687374,0.064379856,0.09843663,0.096740454,0.05913088,0.06955962,0.104619205,0.02563399,0.052427843,0.06767603,0.04291926,0.048540857,0.07932958,0.046538867,0.06177735,0.061727487,0.062078938,0.08937656,0.049372133,0.14501801,0.1071057,0.11956438,0.06432844,0.052448787,0.11485041,0.06748988,0.054910406,0.04670446,0.04122067,0.060967416,0.05839264,0.056971274,0.057726666,0.07689746,0.09091432,0.07775051,0.044443168,0.07430971,0.0839905,0.093033224,0.056314964,0.113786474,0.06062513,0.06577805,0.033114757,0.07203785,0.077973075,0.057512198,0.047937777,0.063341856,0.13489772,0.1075342,0.06442139,0.041539077,0.082116365,0.06093088,0.070104,0.08666242,0.054630566,0.1184281,0.102330506,0.0815373,0.04997753,0.0730258,0.049461905,0.0,0.0493049,0.09827994,0.076974824,0.048211575,0.040313017,0.084281996,0.064548366,0.056702707,0.041276645,0.07444447,0.059137862,0.053689726,0.07941741,0.06350165,0.07927196,0.0558357,0.12496694,0.06207109,0.054699227,0.057847116,0.07471766,0.10791276,0.08080044,0.05511272,0.059243433,0.113073066,0.08064919,0.08983981,0.066818714,0.05464504,0.04705927,0.05054167,0.06530896,0.10600243,0.061989997,0.055791833,0.03861771,0.06059892,0.0795753,0.05981356,0.08676588,0.113135524,0.09404312,0.056127865,0.0855006,0.12305359,0.05014871,0.0934439,0.08351647,0.09116973,0.059273873,0.045641962,0.071188934,0.03528613,0.09429347,0.05279993,0.065976456,0.090828046,0.076635994,0.08059019,0.10359437,0.110157445,0.05125067,0.068810835,0.117754705,0.0693672,0.074533805,0.05276828,0.08247628,0.053897217,0.06765582,0.081219584,0.05153399,0.0579555,0.08457237,0.10135785,0.0752981,0.10518372,0.070908554,0.091311224,0.07776105,0.076651074,0.105459504,0.08558028,0.030815158,0.049827218,0.097101785,0.12983903,0.069315605,0.10366307,0.09827261,0.05286943,0.07693786,0.075295866,0.12878366,0.06746612,0.11854561,0.08588941,0.13471599,0.08555527,0.0829283,0.091029234,0.050663017,0.0924626,0.08796896,0.08545902,0.091655396
pick,0.06228002,0.062626265,0.032962885,0.032285407,0.057110135,0.05867288,0.062314637,0.071549885,0.0344963,0.038645133,0.029851783,0.05471403,0.04117969,0.058359,0.034167454,0.039955232,0.07376917,0.03477681,0.053624507,0.04703201,0.07199799,0.08277225,0.06828907,0.062442064,0.04470915,0.06413017,0.062711485,0.043559905,0.030890161,0.04657055,0.030538116,0.05449899,0.041040707,0.051405765,0.07559058,0.0694801,0.031099051,0.03647525,0.061713096,0.06416742,0.04231336,0.043992903,0.06382545,0.049231406,0.04231163,0.051835317,0.06596673,0.033261247,0.096600614,0.093845464,0.06336877,0.049014203,0.06263151,0.08670868,0.07234004,0.0800787,0.039276343,0.034523565,0.086069226,0.026918937,0.07642272,0.06970399,0.044000573,0.036908597,0.0459145,0.05237749,0.10030892,0.027956441,0.06635438,0.065319635,0.05823577,0.032557435,0.0534903,0.06335149,0.03164098,0.05571901,0.07518483,0.04783331,0.03176677,0.07269763,0.060420804,0.060149483,0.037197687,0.032984234,0.04786149,0.043902125,0.051845238,0.04050614,0.040570404,0.06037252,0.028389998,0.046768073,0.05128696,0.057174698,0.035948914,0.031411085,0.040706977,0.052992016,0.045969445,0.040467814,0.07405942,0.06020069,0.053012643,0.046550795,0.07339119,0.051716715,0.036153752,0.043296237,0.0317519,0.026212452,0.04709456,0.044427328,0.055552844,0.04229558,0.030937374,0.05895792,0.04158243,0.15651445,0.073395155,0.08727782,0.02948298,0.02881311,0.08478123,0.03826199,0.027304217,0.039736524,0.04109583,0.06307494,0.03409498,0.034001455,0.03212236,0.04342721,0.06075891,0.043687504,0.03860286,0.048028428,0.051968046,0.061120264,0.03682238,0.081013575,0.03391095,0.039522976,0.054163057,0.043262698,0.093502335,0.031614438,0.035824075,0.03393347,0.101028845,0.07318018,0.03086257,0.033181805,0.050087977,0.030814683,0.042765036,0.051591836,0.03770149,0.084740326,0.07408326,0.0535436,0.03747672,0.04728633,0.03603282,0.0493049,0.0,0.06445777,0.044308096,0.043077316,0.043300472,0.055557363,0.039031867,0.03625106,0.03227524,0.05103709,0.035713088,0.04261518,0.043993026,0.03491799,0.050589222,0.05675942,0.0946439,0.030110667,0.064088166,0.06747231,0.044923898,0.071150444,0.055165876,0.02798058,0.04403013,0.07868082,0.048854444,0.059429295,0.07122947,0.03162693,0.035975914,0.027544893,0.041802756,0.07529854,0.04148882,0.03597106,0.04748399,0.031038372,0.056727927,0.0377381,0.108962774,0.08041469,0.059857786,0.036399405,0.053170454,0.086926065,0.048828103,0.05981738,0.05643519,0.0566565,0.026674343,0.03696006,0.03963398,0.04484486,0.069752544,0.026845668,0.061267253,0.058655106,0.055228535,0.04550796,0.06788925,0.07801788,0.04007125,0.03714128,0.08828534,0.041467726,0.04289121,0.05696269,0.048888676,0.0722249,0.057582956,0.052839328,0.05773298,0.04168965,0.051855218,0.067104205,0.041661248,0.0770497,0.03203148,0.0631991,0.05341696,0.047373682,0.07527434,0.053779155,0.036657963,0.05437534,0.06254224,0.09615253,0.034285523,0.07262816,0.073058724,0.024998868,0.043426074,0.039243042,0.09456277,0.037920848,0.08029689,0.053289883,0.10097145,0.052117564,0.049172003,0.060599588,0.023815753,0.057326593,0.06158981,0.051823433,0.05996137
stand,0.04778883,0.043323033,0.06350083,0.069055215,0.059765168,0.045552243,0.11132234,0.12414698,0.07094922,0.08181359,0.053674955,0.050163448,0.05273201,0.056358844,0.06253097,0.061229542,0.12531425,0.05179041,0.051257513,0.060699716,0.060461752,0.05546249,0.05879569,0.078784905,0.05114802,0.05940916,0.11119932,0.08352887,0.06280316,0.078603,0.056880955,0.105204105,0.06685895,0.10045647,0.05411775,0.056975998,0.05403655,0.05812242,0.061790824,0.047415506,0.04286208,0.056008644,0.043124925,0.063594595,0.05383477,0.10213993,0.05069905,0.074094065,0.05969413,0.06648441,0.050505206,0.091352746,0.070801556,0.069837995,0.045001563,0.052656,0.07428256,0.07283468,0.13702084,0.063220486,0.06764127,0.046348598,0.06875016,0.06183243,0.062074427,0.06429745,0.065786295,0.073560186,0.06223907,0.070015125,0.053684425,0.059181243,0.05528476,0.07251362,0.07284433,0.034400485,0.02149181,0.09421466,0.05160024,0.07027043,0.09330635,0.04661175,0.06538918,0.061203267,0.042817745,0.03890426,0.052952833,0.043644898,0.07973677,0.05431365,0.065211415,0.090909965,0.053364255,0.10796454,0.05742239,0.06945167,0.07053925,0.057145953,0.07646048,0.058063317,0.0746963,0.038104467,0.06951425,0.05027471,0.05111344,0.09488812,0.08277622,0.058190823,0.06927947,0.07061713,0.045711983,0.070479035,0.06821454,0.0684354,0.05280475,0.046948258,0.08609909,0.18757999,0.05128523,0.063221924,0.05367276,0.06507117,0.06733632,0.066528045,0.063559145,0.07835493,0.07537865,0.106376596,0.06288645,0.0629312,0.06595871,0.05804313,0.045548808,0.056574486,0.087039426,0.06154914,0.04812997,0.04831866,0.070793256,0.061434366,0.06440313,0.06088635,0.09899981,0.06215944,0.13988219,0.06690615,0.073183045,0.05095744,0.06459692,0.05032317,0.047133528,0.07178167,0.04713523,0.054883365,0.05506751,0.042862747,0.06970487,0.058990616,0.061703384,0.05053909,0.06825373,0.05712995,0.0814129,0.09827994,0.06445777,0.0,0.052922975,0.088663846,0.07798486,0.044124335,0.06883522,0.06576177,0.073012546,0.050435256,0.06036526,0.06515965,0.046225213,0.062132195,0.06192107,0.076704465,0.061360817,0.04947015,0.11283441,0.08980765,0.05242159,0.048199873,0.0605084,0.061551515,0.08287354,0.0493538,0.044878367,0.057270616,0.08421693,0.060621858,0.06869448,0.0697477,0.065717325,0.060719267,0.054756444,0.070627,0.096787944,0.05717307,0.05668889,0.061706886,0.15986727,0.04822452,0.04709697,0.066783875,0.046772372,0.053085044,0.09609633,0.042448968,0.061685078,0.04784487,0.059458245,0.08274514,0.04551575,0.08930117,0.06300839,0.061816167,0.0737845,0.04406422,0.060360104,0.042226586,0.0497854,0.055922803,0.08325515,0.04793733,0.070747994,0.06359125,0.053762995,0.07921109,0.041466426,0.09764998,0.06624224,0.057043422,0.080824815,0.08161732,0.019119164,0.05020227,0.034517016,0.06379239,0.04939944,0.06258774,0.05753244,0.045981944,0.04248149,0.041170992,0.07738704,0.103888445,0.018219234,0.05992468,0.050014794,0.057048418,0.07073859,0.06998461,0.048280485,0.052115884,0.060026437,0.04965309,0.051951054,0.0472167,0.066512585,0.040809568,0.04176589,0.046834864,0.07165613,0.038575817,0.057468906,0.02209046,0.04374548
scoop,0.046355978,0.050083645,0.04566891,0.05263133,0.04518236,0.04917171,0.08528714,0.10073836,0.04779958,0.06272314,0.040476296,0.03961257,0.03999214,0.04824734,0.046906803,0.040956214,0.09974239,0.041288033,0.04105419,0.039935384,0.045446675,0.0650354,0.05078889,0.056865416,0.03731495,0.045467716,0.08651227,0.058766775,0.046253655,0.055756994,0.037807897,0.080660604,0.044485655,0.074438184,0.051345788,0.051742096,0.03932241,0.026044127,0.04847323,0.04694337,0.040841922,0.034474347,0.04858625,0.045538057,0.034571767,0.07761526,0.055388194,0.054004055,0.0723278,0.07118455,0.04655219,0.06742673,0.066485435,0.07568732,0.055694435,0.06203251,0.051530857,0.053182367,0.112271555,0.044576366,0.057143643,0.053212542,0.057986435,0.049339976,0.040310822,0.060589686,0.082201675,0.053826947,0.050959073,0.052031334,0.04305687,0.042544432,0.046281073,0.06779542,0.055291053,0.043621548,0.058800492,0.06879696,0.037727904,0.072737925,0.07940165,0.044995032,0.047260795,0.042717773,0.042479806,0.037759,0.042213343,0.033868585,0.054148495,0.046104483,0.046879064,0.06668904,0.050327584,0.081947766,0.047510862,0.049556334,0.04814865,0.03912334,0.05348295,0.0459048,0.05819845,0.0438719,0.061688066,0.045606196,0.058832772,0.0771943,0.056129284,0.043264594,0.05212486,0.05240616,0.04290546,0.056774557,0.06225959,0.054770086,0.041484058,0.04504028,0.062250488,0.16703793,0.06060487,0.06402524,0.036969338,0.04605967,0.0626081,0.042141777,0.047048807,0.056996763,0.061031006,0.07933302,0.049283102,0.050320446,0.04762191,0.0368328,0.05225603,0.03498711,0.062368024,0.043558452,0.047286157,0.044818077,0.045707785,0.060714934,0.033118464,0.0442369,0.07945179,0.040614184,0.11391331,0.0463835,0.050257426,0.036530487,0.07771274,0.05272157,0.039207753,0.05348936,0.031797986,0.039678726,0.023808656,0.041710097,0.05669244,0.06334262,0.055674747,0.048370156,0.053477496,0.04879211,0.061004207,0.076974824,0.044308096,0.052922975,0.0,0.062512346,0.06263421,0.045925077,0.048188955,0.0436332,0.05495681,0.04723721,0.033639852,0.054214656,0.037522458,0.04073371,0.040705707,0.06682496,0.07620997,0.03826543,0.08859094,0.08056709,0.03647026,0.057631183,0.039551344,0.040317208,0.059179146,0.056565255,0.03907224,0.045000225,0.07845308,0.043776903,0.053224612,0.050543427,0.042117417,0.055055033,0.0447167,0.042601045,0.073366635,0.03568641,0.055860095,0.048693288,0.13544132,0.058765855,0.04952211,0.053023156,0.039679144,0.067505114,0.07116402,0.04025391,0.047661766,0.042535637,0.034926716,0.060601823,0.038805757,0.067386195,0.054256085,0.04790027,0.068016045,0.043277156,0.058101997,0.036394782,0.057506528,0.056346644,0.058672514,0.037998985,0.068120494,0.04292595,0.038341034,0.07047509,0.043314174,0.08813524,0.061302647,0.0414676,0.07077958,0.055579867,0.047544368,0.049191125,0.04113368,0.056790415,0.03846155,0.050575733,0.053232167,0.043705676,0.0615081,0.04814931,0.0576964,0.078969315,0.04796994,0.07220034,0.035274923,0.05276698,0.05842873,0.052728686,0.04258713,0.033303656,0.07265787,0.039902233,0.06923539,0.041403722,0.076771565,0.036216624,0.04114655,0.05172044,0.05129727,0.04685665,0.058398493,0.044572745,0.044801097
stuff,0.082364954,0.088462025,0.037782133,0.03924949,0.06432335,0.084603444,0.05088708,0.050561894,0.04483443,0.032178614,0.055440336,0.07285792,0.056605007,0.07015185,0.047937803,0.050446875,0.050369263,0.053867795,0.07253751,0.053542394,0.08514496,0.10788167,0.082276285,0.05793937,0.06583446,0.076366805,0.042184517,0.034256537,0.04704417,0.043733757,0.049687218,0.040116914,0.0478536,0.03913488,0.0912213,0.08585221,0.050891366,0.05679059,0.074229755,0.084589794,0.066884644,0.056018416,0.0898577,0.05818587,0.05437807,0.03891963,0.09096275,0.036135126,0.1170896,0.11120408,0.08582734,0.028991977,0.08493364,0.11322682,0.09656435,0.10156068,0.039729748,0.046151597,0.060763188,0.04548303,0.08596377,0.09804169,0.064140834,0.061785523,0.053235605,0.07556985,0.12224126,0.041561466,0.07969242,0.06947761,0.070192285,0.049730703,0.0658894,0.087460406,0.045442186,0.077640206,0.099350765,0.025144715,0.051644325,0.09812777,0.07179933,0.088139884,0.043278046,0.04942906,0.07303909,0.064920455,0.06535556,0.06215141,0.033476766,0.07913761,0.03899545,0.0336431,0.07453827,0.036719047,0.048095882,0.03974637,0.055253707,0.063871644,0.040464927,0.0561668,0.07705479,0.086745314,0.0755428,0.06717592,0.09823154,0.052876707,0.036179762,0.06482474,0.05339108,0.04030174,0.065245844,0.060150012,0.078851506,0.046255104,0.051430978,0.07971301,0.03621658,0.14159264,0.09850524,0.10274975,0.048434153,0.040455434,0.097387515,0.05146457,0.04124525,0.045403756,0.054781266,0.03802134,0.03697722,0.04327,0.036826387,0.06335964,0.08686418,0.061493974,0.029425746,0.056641977,0.081507735,0.08278444,0.042286515,0.09738524,0.04081415,0.044850115,0.057946127,0.051708393,0.06659023,0.039674327,0.038855728,0.057647515,0.123623714,0.094021015,0.05320314,0.045302093,0.07154709,0.0499678,0.05810267,0.07329427,0.042087395,0.10477422,0.089001834,0.07884733,0.054151326,0.057632025,0.028336588,0.048211575,0.043077316,0.088663846,0.062512346,0.0,0.056473665,0.08143074,0.05268567,0.041335087,0.045364104,0.07308387,0.05195384,0.06456065,0.06874023,0.04711588,0.06013319,0.07791943,0.11892099,0.054566585,0.041387446,0.08441732,0.060158867,0.100731894,0.06749337,0.043731377,0.03701175,0.09903455,0.072775975,0.070411175,0.09107733,0.048103813,0.053941444,0.03861309,0.04411345,0.089554764,0.066173926,0.041392855,0.035208,0.046655394,0.07320957,0.056625728,0.08434748,0.10413421,0.0879579,0.041872527,0.06951576,0.11393509,0.03269894,0.080125734,0.06398016,0.0806572,0.048264015,0.030036788,0.05787009,0.045823887,0.08713142,0.043166146,0.084922396,0.07705245,0.07123477,0.06925758,0.09738675,0.099508815,0.029909149,0.055762585,0.101444624,0.048433058,0.06321635,0.07573117,0.075662196,0.085985295,0.08395231,0.06792008,0.07645373,0.030913442,0.07399204,0.09153199,0.06241935,0.0922619,0.059813857,0.07186609,0.06772211,0.072915934,0.10075528,0.07602724,0.04675791,0.03399764,0.08577899,0.11753961,0.05491499,0.08712946,0.08100094,0.040533673,0.07010898,0.06362632,0.11822184,0.05979421,0.11009583,0.076221906,0.12222169,0.06895503,0.07585701,0.079940915,0.03994531,0.08425062,0.07829524,0.07563594,0.083028145
smash,0.08030339,0.0727045,0.05235609,0.03823264,0.07250498,0.065178655,0.07668564,0.08078593,0.051289838,0.050964672,0.050688095,0.06766355,0.052459124,0.07336807,0.041070104,0.0580198,0.07859758,0.045663454,0.06995601,0.0646391,0.08704512,0.08782534,0.08424536,0.08058512,0.05555081,0.08159318,0.071483165,0.061563928,0.037424024,0.064288534,0.051740155,0.06630968,0.055044733,0.06476342,0.08975759,0.08537948,0.04034123,0.047716588,0.07886651,0.0762659,0.051322974,0.060824502,0.07208646,0.06718366,0.06304186,0.065459445,0.08164816,0.043318532,0.108423874,0.104571655,0.07612992,0.061320018,0.051119924,0.08535846,0.08402676,0.089888595,0.05467654,0.044299316,0.0942269,0.042564414,0.093354374,0.08175115,0.023857702,0.04190477,0.06283827,0.03415319,0.11092032,0.030528368,0.0818663,0.08337973,0.07388681,0.041135713,0.0695675,0.044544745,0.025789686,0.07287301,0.086657606,0.062287383,0.05083725,0.055274535,0.037982054,0.080488764,0.05638781,0.039778378,0.05728344,0.06332068,0.07169127,0.059716143,0.05715234,0.07005811,0.04800226,0.06060363,0.044824146,0.068925396,0.052491628,0.040981922,0.061144028,0.07082101,0.06337569,0.043986976,0.091072254,0.07369526,0.035523795,0.05163667,0.08076456,0.045327403,0.059451528,0.051311646,0.035673797,0.045066357,0.05695543,0.037593283,0.040743884,0.05173342,0.04758694,0.066621736,0.05614082,0.16171338,0.08768753,0.10277748,0.057080634,0.04143744,0.100114234,0.062867805,0.051029537,0.049100824,0.019666173,0.07748417,0.05642811,0.048320252,0.053693164,0.06654129,0.068157166,0.0668939,0.052556645,0.064400546,0.066475876,0.07438826,0.055786345,0.09621868,0.054353017,0.05569705,0.04853236,0.06308876,0.10382453,0.05481795,0.045243587,0.044822566,0.112030685,0.08813561,0.04890275,0.028015316,0.06259786,0.049799237,0.055282094,0.06513157,0.044510722,0.09886876,0.08818141,0.05446817,0.028441064,0.056590207,0.05551042,0.040313017,0.043300472,0.07798486,0.06263421,0.056473665,0.0,0.06129741,0.05981955,0.052444022,0.02608518,0.047236618,0.047291115,0.022192445,0.06312413,0.054366108,0.070347935,0.036406577,0.102107756,0.045926705,0.07736745,0.044025432,0.0601938,0.087302506,0.06850355,0.045907084,0.063452154,0.09277915,0.057835408,0.0783946,0.050166003,0.041181624,0.02512658,0.04716018,0.06141954,0.09155036,0.040365428,0.05331514,0.050810453,0.049697556,0.05815135,0.03900915,0.115083925,0.08964551,0.07312447,0.045743495,0.06629319,0.09881716,0.06660913,0.073961504,0.074512266,0.06981131,0.046984095,0.052972287,0.05969536,0.0436561,0.07897432,0.04206427,0.044329103,0.07026593,0.055441935,0.061488513,0.082749575,0.09136564,0.05812687,0.053048607,0.10352246,0.061123952,0.061055474,0.035985433,0.05956917,0.046846267,0.046228338,0.06780374,0.03756104,0.062157672,0.067153126,0.07851838,0.06026709,0.09049893,0.057269506,0.08092245,0.060209345,0.055955462,0.0831444,0.063734606,0.029213917,0.06753276,0.077523574,0.10762018,0.0575636,0.08849352,0.09015135,0.050042808,0.061264526,0.062031813,0.10481151,0.047679406,0.09792195,0.06802358,0.11187965,0.06926003,0.062129814,0.068607,0.050827928,0.06898673,0.067122355,0.06481962,0.06679691
sort,0.048738565,0.038322907,0.06239181,0.059127934,0.05667095,0.032166976,0.1061915,0.1165479,0.059653703,0.07347141,0.045483097,0.042163707,0.038061723,0.052941065,0.04972141,0.057350826,0.11844584,0.044339113,0.044049103,0.05760449,0.057288285,0.045420166,0.056044463,0.076567315,0.03800579,0.057016768,0.1047354,0.078257,0.048160456,0.07172906,0.05170807,0.0982559,0.057143807,0.0930185,0.051750854,0.055177804,0.04386357,0.044890616,0.056879,0.044517945,0.029070767,0.049835544,0.033652544,0.05876735,0.0513816,0.09404047,0.053470645,0.0651576,0.061891183,0.06306624,0.04022474,0.08470117,0.054618675,0.053126372,0.044039834,0.049198683,0.06851506,0.06422428,0.13158152,0.053215437,0.066340856,0.04173394,0.05190958,0.04919015,0.055296868,0.04653785,0.071547955,0.06083095,0.058771834,0.06717707,0.048727907,0.048567478,0.051869575,0.05214225,0.05864524,0.04164511,0.044259522,0.08903971,0.04432497,0.05202184,0.07837571,0.04470841,0.06421312,0.044800084,0.03256365,0.04696018,0.05420603,0.03648647,0.0747453,0.046580333,0.058198217,0.08497563,0.036581423,0.10093573,0.050416715,0.06118631,0.062125035,0.053626038,0.073031105,0.045487657,0.07375625,0.03792012,0.048949867,0.038330093,0.04478783,0.0847423,0.07739578,0.041616824,0.056014378,0.06372243,0.03989627,0.05556491,0.047048118,0.058508743,0.04389006,0.043282725,0.07794298,0.18307047,0.055335294,0.06552116,0.053488664,0.05392002,0.06708292,0.060974453,0.05945138,0.06682226,0.05886243,0.10197743,0.06550234,0.05459083,0.062401526,0.051663693,0.031594016,0.050536133,0.07969841,0.05787988,0.040391434,0.04258467,0.06425032,0.06145303,0.05901806,0.054592464,0.086293906,0.057797614,0.1354065,0.06598073,0.06391837,0.034248915,0.065227166,0.05163718,0.04273216,0.059059698,0.037538078,0.045767758,0.042701088,0.03400271,0.061186623,0.0586048,0.0580637,0.034817293,0.051986687,0.047801677,0.07825517,0.084281996,0.055557363,0.044124335,0.045925077,0.08143074,0.06129741,0.0,0.059463613,0.054390352,0.05917838,0.031559847,0.04972444,0.04726332,0.04483607,0.056585792,0.058304828,0.056883924,0.059745964,0.04281079,0.1081613,0.07103623,0.043952037,0.047517657,0.054128546,0.05337999,0.078386776,0.051079232,0.03414586,0.057291668,0.064752474,0.04691121,0.05290826,0.0616428,0.06137107,0.059489284,0.038250707,0.06344503,0.086938016,0.04972188,0.040451463,0.047983136,0.1551564,0.043663513,0.03817037,0.058487985,0.044690344,0.052619953,0.090820335,0.036149982,0.060398772,0.037451725,0.050502274,0.07822194,0.04409887,0.07721364,0.05396621,0.056443106,0.054344617,0.036377326,0.04281322,0.036240492,0.046651483,0.053191584,0.07779587,0.040768784,0.07062032,0.06047617,0.047870558,0.06284826,0.030783013,0.07924682,0.046202216,0.050056826,0.0626942,0.078205705,0.045325533,0.03991594,0.04556563,0.0587866,0.043862518,0.06234595,0.04369659,0.032264393,0.046858,0.03192924,0.06326599,0.09856619,0.041562732,0.0614261,0.044496715,0.054437347,0.068258666,0.06505083,0.044797625,0.045927152,0.05990311,0.041203775,0.058474734,0.03470582,0.067618914,0.040907092,0.028117174,0.035566214,0.06669011,0.03312699,0.042318013,0.038745675,0.031917345
clean,0.0650376,0.06598926,0.04546393,0.04324193,0.060193457,0.06293419,0.058451828,0.08062904,0.02852372,0.046266027,0.0447254,0.057082582,0.046244882,0.0576894,0.045051645,0.04930393,0.082814425,0.04470842,0.05861177,0.053780485,0.07409533,0.0845359,0.0689114,0.06534979,0.052508738,0.068996824,0.07136684,0.05118722,0.042815443,0.05267704,0.0384747,0.06183687,0.047513038,0.06276718,0.07570814,0.07133071,0.045041207,0.04859648,0.06387547,0.06742773,0.051417504,0.04777597,0.06805495,0.052069712,0.0504694,0.048076317,0.0660571,0.04485837,0.09412949,0.094536446,0.06824978,0.055274557,0.07423508,0.09338356,0.07491512,0.07827564,0.05145968,0.052654054,0.0948744,0.048197698,0.07623834,0.0705728,0.061836664,0.054711442,0.05397317,0.06669838,0.09953072,0.04788811,0.06759814,0.06776099,0.06255162,0.04035789,0.06087952,0.07764873,0.050028067,0.061987817,0.07787344,0.058612324,0.04188681,0.08512286,0.07640746,0.062472906,0.049066525,0.04634193,0.05336073,0.0501659,0.055486374,0.049488064,0.050794702,0.06966179,0.041297734,0.05654194,0.063058205,0.0600503,0.044838503,0.04327734,0.024975276,0.05871269,0.056728743,0.050031755,0.07513627,0.06547182,0.068697356,0.0537668,0.076458335,0.06663891,0.04182268,0.053832993,0.04586821,0.042936765,0.053628616,0.05755725,0.06922957,0.04604157,0.04302038,0.06693096,0.05494371,0.15828793,0.072311744,0.0869536,0.04131361,0.037385914,0.08246246,0.026566308,0.040686794,0.052776348,0.056769636,0.07038413,0.045890193,0.041885555,0.044784535,0.033070527,0.067452975,0.03252849,0.049973052,0.053422995,0.05789786,0.066686004,0.048541613,0.08141744,0.043510996,0.04845876,0.07048141,0.05419243,0.09819811,0.04144641,0.05248801,0.044703428,0.100115865,0.07585996,0.041882277,0.048490345,0.05821598,0.042081032,0.047195155,0.05663247,0.04589551,0.08468857,0.07587816,0.05983459,0.05062771,0.051871978,0.04808537,0.064548366,0.039031867,0.06883522,0.048188955,0.05268567,0.05981955,0.059463613,0.0,0.0413322,0.050103538,0.06016656,0.049225014,0.05894106,0.049498416,0.048692163,0.05851716,0.07293442,0.0941264,0.0461878,0.07238242,0.08335591,0.050869484,0.07434228,0.0630097,0.047075216,0.05209409,0.07774464,0.057542056,0.05963032,0.08539323,0.04485416,0.052752756,0.046222936,0.046652824,0.07518276,0.05198518,0.04459535,0.056964252,0.041475095,0.0575251,0.048117395,0.11585753,0.08169421,0.061509926,0.04473555,0.058171958,0.08978858,0.055991463,0.064025216,0.058120333,0.06268042,0.038294695,0.051848885,0.04647,0.06261741,0.07713401,0.04295158,0.07618892,0.0629772,0.055280555,0.053974275,0.07177406,0.0803504,0.049736798,0.048066072,0.08783156,0.052278236,0.05019564,0.07365088,0.057958785,0.08713864,0.069792874,0.0603921,0.073686354,0.05205529,0.058135323,0.071948566,0.049877986,0.0775862,0.041269496,0.06513302,0.05227294,0.055880997,0.07782103,0.05785201,0.05382967,0.06527857,0.06664956,0.09385087,0.043155298,0.072777234,0.07357234,0.043673284,0.05206014,0.041684877,0.09479955,0.051602624,0.087541796,0.0573955,0.09933765,0.055002533,0.05712523,0.06329389,0.039736982,0.06523036,0.058959465,0.05895128,0.06750853
prepare,0.052529637,0.06539573,0.035045203,0.038790468,0.04893482,0.062121492,0.068244405,0.07714305,0.029377649,0.04205818,0.039540205,0.046463236,0.035245605,0.046249874,0.039830122,0.037095275,0.07669934,0.037625246,0.04348951,0.036493327,0.064878926,0.08253951,0.050919782,0.047976132,0.03857966,0.056035575,0.064553805,0.03768362,0.03807364,0.038487695,0.037078615,0.06206953,0.021573428,0.054548014,0.06452314,0.05670389,0.033789,0.038517185,0.04691693,0.057689846,0.047622252,0.034573756,0.062710345,0.038802933,0.03679195,0.05690101,0.071331106,0.036648653,0.086947225,0.08627234,0.05702738,0.040838167,0.062675655,0.09027922,0.069463804,0.072347514,0.039952412,0.035935488,0.089871705,0.03659058,0.060566243,0.072587356,0.053333994,0.043567684,0.03697278,0.0587678,0.09895434,0.039634675,0.052382644,0.0517176,0.049020477,0.033603776,0.051591013,0.06920206,0.040816933,0.05123137,0.07458918,0.05086144,0.03155059,0.07778442,0.067001686,0.06428955,0.039110843,0.035655618,0.051290497,0.046794698,0.041941933,0.040960904,0.041125152,0.060887363,0.029016687,0.04843245,0.056604307,0.06072907,0.03733804,0.033981364,0.044128537,0.044387672,0.04351673,0.04186991,0.059382893,0.06423719,0.05926847,0.043108787,0.07417389,0.0556401,0.042699486,0.04827697,0.043972395,0.039362017,0.04866024,0.043803096,0.06142888,0.04248309,0.034852155,0.059706084,0.04891993,0.15395012,0.077161275,0.07444137,0.031785782,0.032179616,0.0702052,0.03920513,0.036204487,0.0447331,0.048985798,0.058583915,0.032162983,0.035628818,0.031469904,0.04319045,0.064008474,0.038953997,0.04513981,0.038776137,0.058965858,0.060553793,0.038939007,0.06981844,0.032193616,0.035558857,0.060113505,0.04260209,0.08766957,0.03862223,0.03944157,0.036560617,0.09487127,0.06696384,0.037319098,0.03926075,0.04977448,0.029703576,0.038081497,0.051588193,0.040557154,0.07724907,0.059624616,0.057580788,0.046450205,0.0453252,0.042952966,0.056702707,0.03625106,0.06576177,0.0436332,0.041335087,0.052444022,0.054390352,0.0413322,0.0,0.0427436,0.052332167,0.03815983,0.05191848,0.04899239,0.038484164,0.04857632,0.062936,0.08990806,0.035018716,0.064083,0.07270109,0.036956925,0.07600438,0.052644517,0.031470757,0.04535776,0.07062782,0.051400423,0.045516975,0.07449901,0.030088143,0.045032162,0.03480985,0.028061597,0.06128885,0.046615284,0.035053436,0.051949967,0.03350297,0.053874627,0.045475576,0.1123273,0.075263746,0.06352224,0.03738408,0.047607943,0.08622824,0.0469326,0.054478023,0.042305496,0.053414583,0.0360968,0.04398558,0.03253463,0.052630655,0.06817443,0.039265342,0.066552654,0.05307061,0.055725433,0.04758877,0.07372825,0.07613486,0.038576014,0.03674666,0.073377274,0.040484145,0.046431873,0.06320088,0.054734387,0.07705776,0.06448635,0.05071272,0.062354133,0.04260248,0.05436274,0.06291909,0.044595357,0.062333286,0.042541005,0.047770098,0.049386747,0.052351102,0.074643396,0.05449226,0.04109179,0.055781547,0.060001105,0.08849957,0.033066534,0.058738258,0.055273652,0.040717363,0.051274702,0.041759778,0.08950962,0.043328308,0.08572619,0.052371576,0.09475164,0.04441747,0.051122893,0.05963648,0.040191088,0.061794154,0.06022618,0.054365523,0.059212133
squash,0.07336726,0.06780846,0.04340835,0.025092619,0.06445959,0.060358956,0.06712036,0.07214796,0.042901143,0.040971473,0.04258489,0.05996708,0.046235617,0.06674429,0.029448628,0.04943222,0.073693775,0.035794705,0.063652895,0.055718116,0.08151485,0.08672516,0.07642054,0.069376536,0.04996155,0.07403861,0.06277174,0.049773313,0.028000351,0.05312581,0.041409865,0.05692807,0.04670253,0.055620145,0.08430734,0.07820751,0.035516534,0.043466635,0.07100621,0.07225456,0.045320213,0.052613724,0.0695573,0.05917629,0.05411282,0.054928113,0.076477095,0.030246284,0.103962034,0.100522496,0.0717278,0.050036304,0.058026507,0.08843476,0.07969188,0.08689926,0.045912314,0.04014008,0.086005524,0.03707237,0.085247464,0.07823179,0.03315005,0.04182325,0.0550989,0.043298718,0.10814662,0.01962063,0.07500222,0.073392406,0.06522959,0.032532103,0.06167982,0.057022683,0.024151854,0.06609874,0.08318408,0.052401774,0.04014892,0.06685362,0.050360594,0.074964285,0.04868918,0.0343251,0.05063577,0.05647019,0.061470628,0.05132056,0.04927918,0.06763878,0.036026143,0.052599575,0.04698967,0.059571676,0.04402497,0.02865138,0.051459502,0.062057327,0.054144453,0.044704866,0.08206849,0.06873209,0.044871572,0.050730888,0.077433124,0.046168067,0.048007984,0.046693143,0.034385107,0.03415,0.049853776,0.040863704,0.050355256,0.0445141,0.0390652,0.06361618,0.046261925,0.15679683,0.083153635,0.095601246,0.046243936,0.031860992,0.09242426,0.053279467,0.03965231,0.042425692,0.025842872,0.067057975,0.043562543,0.03989663,0.041467924,0.057524092,0.06703195,0.057915356,0.042188812,0.053801805,0.06270313,0.07015612,0.046135947,0.09022128,0.04469125,0.0467345,0.051371545,0.0542599,0.094432116,0.04393364,0.037186664,0.03847499,0.108201176,0.08347493,0.040319726,0.020985067,0.059333097,0.041089043,0.04894146,0.058800053,0.035270393,0.09229473,0.08250826,0.052267477,0.027683383,0.05085922,0.04185559,0.041276645,0.03227524,0.073012546,0.05495681,0.045364104,0.02608518,0.05917838,0.050103538,0.0427436,0.0,0.04841778,0.04240593,0.031254563,0.05756551,0.047874227,0.06162842,0.050433636,0.10128504,0.03993273,0.06693385,0.059282843,0.05324815,0.083073534,0.0622519,0.03832425,0.053504962,0.08713303,0.052344706,0.06859779,0.064101234,0.03596609,0.026762914,0.037971094,0.051321786,0.08430094,0.038319603,0.04319388,0.041484613,0.040977765,0.05835495,0.031995106,0.10731564,0.087305404,0.06845401,0.03547444,0.059228234,0.09586585,0.054629736,0.06923978,0.065660425,0.065457724,0.037174992,0.042323984,0.049874417,0.04245302,0.07521275,0.032120183,0.05557089,0.06504537,0.05588946,0.056246944,0.07829457,0.08726725,0.047848266,0.047562487,0.09694423,0.051623825,0.053190626,0.048609894,0.054337814,0.062252045,0.055448774,0.060917966,0.049886823,0.052249536,0.060624294,0.07530564,0.052484326,0.08506168,0.04882211,0.071612656,0.057026878,0.052176643,0.08126173,0.059511766,0.031426795,0.057277694,0.072172344,0.103165634,0.047456007,0.08147136,0.081629574,0.037950657,0.05551009,0.054228656,0.10086775,0.04566797,0.09423147,0.06268301,0.10744905,0.06151624,0.057964627,0.06495168,0.04032662,0.065559074,0.06514738,0.05893128,0.06610407
mash,0.052425783,0.042985365,0.05710778,0.051046185,0.05442435,0.035429724,0.10072273,0.10995399,0.056695778,0.065115236,0.043664,0.043886792,0.037926868,0.050987124,0.0427451,0.054066796,0.1098236,0.03905769,0.04813055,0.05556994,0.06314304,0.05344193,0.05960025,0.073518895,0.039646115,0.0579142,0.097939976,0.071894586,0.041594848,0.070534535,0.04985175,0.09205462,0.054218397,0.08779897,0.059400972,0.058900498,0.03705654,0.043167263,0.060479373,0.049472217,0.024779854,0.048920993,0.041270602,0.05830309,0.050998483,0.08802736,0.058682848,0.057946887,0.07294752,0.06819591,0.049333405,0.07764523,0.047892116,0.06010395,0.050028466,0.05673843,0.063116215,0.057360712,0.12436443,0.049466196,0.06977112,0.05166992,0.04019245,0.04228797,0.053546045,0.03684855,0.0782924,0.05172447,0.060896873,0.0683715,0.049817327,0.045203272,0.05142901,0.042506076,0.050373517,0.04487237,0.05328585,0.08214773,0.04215241,0.044036314,0.06554133,0.055068932,0.06084495,0.03803326,0.03524784,0.048463643,0.055013444,0.03659264,0.06989483,0.04921521,0.054033563,0.079699196,0.030555775,0.09411239,0.044547502,0.054931402,0.06352359,0.053411175,0.06756507,0.03689246,0.07355057,0.043086763,0.038573083,0.032942493,0.04915766,0.075440764,0.073877096,0.0470075,0.050299987,0.058748927,0.036629565,0.04827545,0.04010474,0.049740788,0.038204685,0.043733817,0.073942274,0.17899165,0.06194263,0.07131047,0.052241642,0.04812701,0.07213938,0.060709726,0.056221742,0.06333743,0.04718216,0.09519593,0.06036031,0.047701,0.05656918,0.054819677,0.03599628,0.054417543,0.07254315,0.0538859,0.047703948,0.049017213,0.059843563,0.06680607,0.054369655,0.048875034,0.077750176,0.055620745,0.12768693,0.061827037,0.05661532,0.037535522,0.07554076,0.05831025,0.040789567,0.04959462,0.040576596,0.047886267,0.04274124,0.034273986,0.051706765,0.06597408,0.061157197,0.03573242,0.042965125,0.03989239,0.07095206,0.07444447,0.05103709,0.050435256,0.04723721,0.07308387,0.047236618,0.031559847,0.06016656,0.052332167,0.04841778,0.0,0.04533813,0.032544706,0.048789866,0.0529513,0.05883935,0.047618415,0.068309054,0.039780013,0.10128218,0.059376195,0.04307416,0.05910711,0.054403692,0.04718931,0.0740578,0.059584375,0.03309443,0.058589846,0.055641234,0.044732023,0.043496534,0.05815874,0.059777502,0.063780606,0.034065,0.058834173,0.079488166,0.045784727,0.030377865,0.04273395,0.14693971,0.056012407,0.05020823,0.049802214,0.04426069,0.063299164,0.085288905,0.043265063,0.05940245,0.04561459,0.046843044,0.07235353,0.046113867,0.06858135,0.058842413,0.051176596,0.046629578,0.033599,0.03502909,0.039489035,0.056887846,0.06358704,0.07288466,0.03743809,0.07469737,0.05660492,0.0501449,0.051990647,0.03297995,0.06788957,0.041235812,0.051535316,0.052665494,0.07269983,0.04775781,0.04995257,0.0459237,0.063526616,0.044547994,0.06214683,0.03813246,0.033258766,0.052302055,0.03221466,0.05283076,0.091045216,0.048210133,0.0721964,0.046769656,0.05820215,0.070276804,0.05965521,0.04762574,0.049206637,0.06911638,0.03794349,0.066027515,0.048194785,0.07643711,0.044791307,0.03829487,0.0353157,0.06265815,0.040978123,0.039662894,0.04002873,0.032629233
dash,0.05582433,0.059910495,0.037702538,0.04376962,0.05139323,0.055865716,0.077265255,0.08847366,0.04052104,0.05267825,0.039986577,0.048261214,0.037628114,0.053318806,0.042170934,0.039329425,0.08562639,0.0378036,0.0486065,0.043249387,0.060315635,0.07236496,0.060749833,0.05867504,0.04162411,0.05535904,0.07340803,0.050973628,0.03868226,0.049740043,0.037315622,0.06986742,0.039600115,0.06438497,0.06449831,0.062243447,0.032594245,0.022359468,0.05436759,0.05502421,0.04280249,0.036513735,0.056450326,0.0466105,0.03780456,0.06778808,0.06658771,0.043244828,0.086360335,0.08398304,0.057749186,0.057398856,0.05536597,0.07813039,0.064927846,0.07071059,0.045100868,0.03430533,0.098661326,0.031044329,0.06712172,0.06546266,0.042096514,0.033540625,0.04196821,0.048406836,0.092273846,0.039183136,0.056351673,0.058823194,0.050309833,0.039016686,0.046061903,0.05631258,0.039035928,0.05115221,0.06832422,0.055914704,0.03768867,0.063494824,0.061455812,0.059356965,0.0387422,0.034499127,0.047418706,0.04228125,0.04832432,0.041832887,0.04569521,0.048900444,0.039399873,0.05535661,0.045905955,0.0719714,0.04283972,0.040252488,0.048688192,0.04675556,0.04729931,0.038702607,0.06621929,0.055508107,0.046583556,0.040295795,0.06680631,0.057364594,0.050289858,0.041173488,0.040534932,0.044381406,0.043845244,0.04242755,0.050711427,0.047526184,0.037238568,0.048119593,0.050476857,0.16216478,0.07222643,0.07748907,0.03805813,0.0404068,0.07501706,0.045252293,0.04008658,0.04424151,0.046019938,0.068851165,0.04216355,0.042027995,0.041570526,0.045561377,0.056095812,0.04533177,0.05228652,0.04570901,0.05404506,0.0527902,0.04118212,0.072241515,0.034660418,0.04023203,0.057212662,0.04030986,0.102933854,0.04224889,0.03741337,0.033675045,0.09121569,0.065326996,0.03917996,0.037915748,0.035986282,0.036650103,0.030471921,0.049850035,0.046715762,0.075632446,0.06269249,0.05139251,0.043395877,0.048120692,0.051822715,0.059137862,0.035713088,0.06036526,0.033639852,0.05195384,0.047291115,0.04972444,0.049225014,0.03815983,0.04240593,0.04533813,0.0,0.04313773,0.045072302,0.03189076,0.045327,0.052203793,0.08552241,0.032019753,0.076745465,0.062880665,0.04073609,0.07051336,0.04357343,0.033718083,0.05015228,0.06922379,0.046281748,0.054094896,0.0650241,0.037029408,0.039464984,0.041059837,0.041900095,0.06642981,0.03899599,0.033131614,0.059995465,0.03566635,0.053481717,0.044182405,0.12211454,0.07125527,0.05955496,0.043821078,0.046851855,0.08080962,0.06225319,0.05286374,0.051131573,0.05257029,0.035942912,0.049597938,0.040562358,0.047249127,0.05879845,0.040721197,0.054294445,0.04939365,0.054822303,0.039396714,0.06855061,0.070080094,0.049277343,0.034962416,0.07813179,0.04077894,0.041722566,0.05300672,0.048502088,0.07067381,0.053465117,0.044613536,0.054672506,0.047308132,0.050902102,0.060849763,0.042197846,0.06638236,0.04356762,0.05709463,0.05129545,0.045544934,0.06791286,0.051274274,0.041859344,0.06798429,0.056746274,0.08613366,0.038239367,0.063380614,0.065045275,0.046346072,0.0465999,0.040364902,0.08518808,0.035119403,0.080136225,0.047962017,0.09041208,0.04609164,0.0459663,0.056559604,0.045278013,0.053047314,0.06011084,0.04863376,0.051951673
crush,0.06780086,0.05801642,0.05390608,0.041402694,0.065510474,0.05041539,0.08680371,0.0946685,0.05235885,0.056923777,0.04414519,0.05673459,0.04566658,0.06505883,0.03854713,0.05503561,0.09348596,0.039558627,0.059202116,0.060555466,0.07647152,0.07141368,0.07424344,0.07869087,0.046232782,0.07085487,0.08354507,0.065503076,0.03504527,0.06662087,0.04829616,0.07780507,0.053508434,0.07429376,0.077028185,0.0740591,0.03404697,0.042042553,0.07089705,0.063849874,0.038820032,0.054171193,0.057134114,0.06370728,0.056775097,0.07598795,0.06963071,0.04814536,0.0936174,0.09011363,0.06380621,0.06909129,0.042522058,0.07080401,0.069282375,0.076430336,0.05707897,0.04689592,0.108176604,0.042077094,0.084392644,0.06666539,0.018022899,0.035280604,0.057961777,0.02274494,0.09674076,0.034708787,0.07261782,0.07760711,0.06411397,0.039063692,0.06124978,0.034105457,0.032447703,0.06098439,0.07197182,0.071224615,0.044934437,0.041139822,0.04478213,0.06731354,0.057698127,0.033419434,0.04501774,0.055541836,0.06458469,0.049400844,0.06277537,0.058579784,0.04892544,0.06955956,0.029905615,0.08069138,0.048578404,0.04379013,0.05993375,0.062893264,0.06521747,0.040129736,0.08485726,0.059313543,0.026233941,0.0423978,0.066031754,0.056348704,0.06492279,0.045129746,0.0364424,0.047770884,0.047028296,0.036384713,0.03219914,0.051207613,0.041913494,0.053530734,0.06301101,0.17000723,0.074823216,0.09059063,0.05220027,0.04081142,0.089289345,0.06023263,0.051689606,0.052694127,0.026515061,0.086178355,0.05761606,0.048164383,0.05455842,0.059456762,0.05403493,0.06008272,0.06086721,0.05898282,0.054422487,0.06158016,0.054881282,0.08504376,0.05283774,0.05225872,0.058882162,0.05751364,0.11597539,0.056625687,0.04647815,0.037535228,0.09654566,0.07503325,0.04263434,0.031686805,0.05101708,0.04634304,0.048623968,0.052569505,0.047238607,0.08530821,0.077403404,0.04091521,0.028186183,0.05051059,0.061506644,0.053689726,0.04261518,0.06515965,0.054214656,0.06456065,0.022192445,0.04726332,0.05894106,0.05191848,0.031254563,0.032544706,0.04313773,0.0,0.054486915,0.05136779,0.0633304,0.031795464,0.08731505,0.040055122,0.08899737,0.043843064,0.050968066,0.072956234,0.060361616,0.04313681,0.067823865,0.07909734,0.04482608,0.07066723,0.045098085,0.039101526,0.026211934,0.05091687,0.060242366,0.08056017,0.029654095,0.05504475,0.06261024,0.045459058,0.04838175,0.0347169,0.13007002,0.074210204,0.060274508,0.047220178,0.056594025,0.08242294,0.07472057,0.060986795,0.06938787,0.05810094,0.042575877,0.060816165,0.052893337,0.05188049,0.06749538,0.04306091,0.035085626,0.056805246,0.047032498,0.05024639,0.06832677,0.077961735,0.06508824,0.045609668,0.09259957,0.05754917,0.053572275,0.03359484,0.046127707,0.04981101,0.03553683,0.058578447,0.035950914,0.06656238,0.057413224,0.06526698,0.05253,0.079209566,0.048311915,0.07439031,0.052205298,0.042206597,0.06860445,0.050904077,0.03473838,0.078506,0.06467992,0.09255243,0.05060894,0.0769673,0.08285203,0.050927144,0.052583452,0.054245107,0.08942049,0.039810866,0.08184967,0.05733444,0.09669846,0.058740236,0.050139107,0.055661466,0.053643078,0.054857727,0.057261754,0.05306278,0.052241303
drain,0.046450745,0.041123945,0.04127163,0.05557548,0.05282673,0.045443833,0.08646407,0.104990534,0.0511304,0.06679417,0.038262296,0.042264648,0.045498338,0.05210572,0.050294276,0.03717664,0.10082877,0.038271986,0.03850396,0.041277003,0.05263548,0.061573707,0.05419689,0.06614079,0.036605254,0.053075645,0.087611035,0.06447207,0.048310604,0.06236844,0.02932345,0.0814502,0.05071165,0.076685585,0.05610404,0.052568335,0.039286975,0.041709136,0.052825294,0.042345114,0.041641343,0.035771497,0.041120283,0.043864686,0.032871712,0.081047066,0.046587005,0.05511963,0.070554145,0.0726491,0.045427423,0.073697895,0.064769015,0.075567015,0.05187551,0.05872251,0.05515061,0.056689505,0.11603269,0.043580614,0.06262938,0.04344557,0.05701273,0.04970299,0.039994672,0.057723347,0.07590896,0.056471515,0.057014957,0.061515976,0.049351115,0.039444577,0.04522578,0.06622045,0.05637414,0.04115868,0.053515136,0.071464226,0.038607877,0.070079885,0.08118471,0.031539276,0.04124956,0.046073467,0.03734383,0.023501763,0.043096352,0.036212113,0.05265339,0.044544403,0.048355836,0.0650705,0.046958186,0.08685674,0.05113311,0.04841397,0.050502207,0.04423093,0.050100464,0.04003159,0.06628114,0.035934314,0.061404455,0.04595631,0.054318562,0.08028721,0.055841565,0.045781594,0.051349882,0.051743552,0.038898952,0.058467034,0.061960958,0.059412163,0.041970503,0.0346748,0.06620872,0.17306684,0.051729474,0.06460504,0.036025647,0.048597425,0.06606118,0.043527078,0.047787394,0.06305334,0.061409935,0.08574535,0.05036599,0.05129062,0.049112268,0.040043153,0.05149714,0.03660722,0.060727905,0.04818089,0.03618735,0.045003146,0.053217087,0.057735387,0.040060993,0.048184153,0.083002105,0.044444073,0.11951944,0.04180988,0.056406986,0.037279394,0.074013464,0.040853396,0.03543962,0.05487019,0.033684272,0.039025646,0.044650245,0.04058846,0.058069948,0.062829785,0.059320897,0.04387697,0.05279439,0.052866716,0.062190928,0.07941741,0.043993026,0.046225213,0.037522458,0.06874023,0.06312413,0.04483607,0.049498416,0.04899239,0.05756551,0.048789866,0.045072302,0.054486915,0.0,0.037285697,0.04636595,0.06606359,0.07134117,0.03458038,0.09318165,0.08089963,0.04018641,0.04565876,0.05055775,0.04249128,0.058518782,0.053196274,0.0414644,0.047907956,0.077084064,0.04267904,0.052984845,0.05114068,0.04530409,0.058212083,0.044377398,0.052746378,0.077499576,0.041676927,0.057305098,0.04788487,0.14003374,0.056215394,0.04018188,0.0543656,0.034123775,0.061988756,0.07622764,0.04047751,0.04685696,0.04355399,0.035487413,0.06292388,0.03961666,0.07249443,0.061334614,0.046813782,0.06558361,0.045110863,0.05967087,0.033036813,0.04758678,0.053625967,0.05981724,0.036057577,0.07045942,0.04677115,0.034211375,0.06947814,0.040701922,0.08828821,0.05926335,0.04631509,0.07035624,0.055984326,0.042483084,0.04923884,0.038558356,0.061507158,0.036108565,0.051952973,0.056952376,0.043846786,0.05500768,0.04781739,0.061034873,0.08389005,0.040744215,0.07008756,0.03352043,0.05689455,0.06402759,0.053657882,0.031699885,0.024629265,0.06879181,0.030388448,0.06224337,0.039832752,0.07405565,0.037687734,0.038806576,0.052946948,0.04942821,0.039560705,0.06063011,0.037811175,0.043101225
splash,0.053928055,0.06096404,0.026416536,0.04550516,0.04736069,0.05956991,0.07339609,0.08660629,0.041934084,0.051433854,0.03932544,0.047937546,0.04198297,0.050977148,0.04470835,0.02730469,0.07993688,0.03678477,0.046107944,0.032157596,0.05610487,0.079495996,0.05905454,0.053659342,0.042318393,0.051245328,0.0674553,0.045101613,0.04259062,0.046607997,0.029882627,0.06535888,0.039313104,0.061082013,0.061824817,0.05904474,0.034807634,0.037682336,0.05340526,0.052872904,0.047195636,0.031336945,0.057466388,0.03742142,0.025080962,0.06633673,0.06421324,0.04176337,0.08568675,0.08385511,0.058132645,0.05410464,0.06432116,0.084587105,0.06857838,0.07001121,0.03944989,0.036978327,0.094308734,0.030642558,0.06392688,0.06752716,0.050393,0.039510537,0.030589338,0.0577098,0.08923183,0.042527135,0.058197685,0.054761615,0.04861397,0.038823497,0.03817369,0.06740734,0.04349547,0.05144843,0.07063086,0.046046577,0.038243525,0.074187644,0.07046772,0.05449305,0.023660801,0.039149296,0.04857773,0.032980736,0.04432556,0.04152372,0.031751163,0.043765113,0.037135933,0.044021334,0.051724784,0.07012532,0.042973608,0.039500307,0.047475502,0.03945849,0.030368041,0.034798224,0.061465748,0.054875482,0.057523847,0.04460384,0.07150789,0.06253119,0.04276426,0.046831217,0.045360707,0.04217034,0.041523222,0.048873734,0.0605233,0.048823994,0.039700318,0.042755093,0.047225837,0.16073716,0.07027596,0.07446652,0.032058828,0.03980342,0.07258338,0.037038535,0.039374575,0.044861846,0.053240344,0.06148411,0.037521854,0.042131595,0.03654582,0.041412994,0.061172407,0.03928108,0.047400508,0.04158627,0.05451056,0.050702017,0.03773094,0.06733125,0.02724312,0.03526959,0.06265119,0.028805187,0.09886831,0.031006776,0.034617815,0.03777888,0.09103677,0.060158316,0.03988233,0.04382868,0.035290856,0.036306597,0.043627046,0.050323613,0.046750493,0.07646089,0.062003866,0.055400986,0.049349442,0.050645594,0.04585547,0.06350165,0.03491799,0.062132195,0.04073371,0.04711588,0.054366108,0.056585792,0.048692163,0.038484164,0.047874227,0.0529513,0.03189076,0.05136779,0.037285697,0.0,0.035627596,0.062285513,0.085637406,0.032663956,0.07307063,0.073013745,0.038105343,0.07084931,0.044125192,0.030226821,0.036925778,0.068214305,0.048301958,0.048835725,0.07463832,0.037777282,0.04592404,0.038699754,0.034130476,0.06374225,0.04617328,0.038176935,0.060150716,0.034664772,0.058937367,0.047022674,0.119704045,0.07226374,0.05982809,0.042439725,0.041112367,0.08118794,0.057585873,0.05238148,0.04287328,0.055475034,0.0320892,0.04669309,0.040481362,0.04841889,0.060224853,0.04031602,0.06462622,0.05178869,0.061194427,0.03811925,0.067896135,0.067584954,0.03993689,0.031108046,0.07606207,0.030883191,0.037712723,0.06257574,0.052743483,0.08058621,0.062478464,0.04123901,0.06466826,0.03192725,0.05258681,0.06388033,0.04232671,0.06665958,0.042707592,0.05159565,0.05652928,0.049741585,0.06894772,0.05479027,0.046395827,0.06395826,0.05725085,0.085880645,0.034931246,0.062038794,0.06208129,0.04324777,0.04583635,0.034011792,0.085788205,0.031204885,0.078619,0.047035206,0.089728065,0.04376822,0.048639588,0.060815692,0.041448727,0.053646628,0.06561194,0.05077704,0.054244217
glaze,0.050648358,0.06080211,0.04599833,0.057445668,0.042820543,0.0594196,0.087315485,0.100122206,0.05574891,0.06471081,0.04576406,0.044719547,0.049156494,0.053912945,0.051045112,0.040782474,0.09738317,0.047686823,0.0440855,0.037660476,0.039803915,0.076761134,0.05535618,0.05021178,0.046601187,0.033486757,0.085490376,0.0558362,0.053477123,0.054022186,0.047434803,0.082822405,0.04722857,0.070792064,0.046625815,0.054637585,0.046673,0.045928173,0.052029774,0.05655671,0.052467495,0.036704738,0.059764963,0.048727926,0.031954512,0.080810644,0.0650541,0.05570459,0.07698507,0.07259517,0.056099586,0.065125115,0.07627827,0.0803761,0.06611603,0.06961392,0.04846874,0.055677544,0.106509514,0.046539076,0.058350887,0.064792186,0.06593662,0.05576951,0.03502168,0.07101226,0.08738748,0.056473747,0.055752322,0.047489014,0.03756497,0.047362596,0.03543884,0.07978937,0.061285976,0.04999638,0.06658893,0.06266302,0.045050286,0.084699884,0.08636723,0.049565304,0.046408378,0.047597386,0.05086357,0.04401974,0.046246566,0.039408248,0.051418457,0.037333213,0.04814311,0.06457307,0.058310393,0.08342206,0.049483947,0.05269754,0.05687906,0.03646753,0.047067415,0.054239392,0.055129576,0.051886253,0.07140939,0.05715589,0.071048886,0.08006058,0.05910255,0.04873514,0.06073277,0.05294711,0.048025347,0.061838802,0.07071348,0.06010501,0.05024472,0.050254364,0.058531437,0.1670143,0.07017503,0.06792871,0.0364284,0.04879803,0.065768585,0.04633882,0.048940446,0.050960705,0.068248436,0.07210765,0.049410705,0.056828085,0.048639335,0.04436841,0.06161914,0.042566713,0.06356951,0.044816475,0.051744048,0.039025195,0.033158798,0.066540025,0.036621485,0.042372316,0.0817395,0.022133838,0.10972737,0.049719267,0.04168429,0.04559559,0.083426036,0.0562284,0.0474206,0.05957961,0.038337227,0.043011684,0.046884865,0.051235206,0.06095031,0.07110586,0.060961906,0.057584435,0.06241405,0.057091754,0.059059642,0.07927196,0.050589222,0.06192107,0.040705707,0.06013319,0.070347935,0.058304828,0.05851716,0.04857632,0.06162842,0.05883935,0.045327,0.0633304,0.04636595,0.035627596,0.0,0.075890236,0.08412844,0.046630036,0.085535616,0.08832914,0.036159065,0.06449756,0.025477948,0.036952406,0.05556848,0.06447775,0.04508381,0.04910781,0.08770568,0.04872377,0.059311647,0.054110963,0.039911877,0.05844536,0.053502727,0.05066396,0.073564656,0.03639071,0.06674302,0.055044036,0.13133898,0.064433396,0.05386736,0.057192884,0.04470567,0.07493467,0.06789112,0.045102622,0.050357454,0.05485565,0.03950469,0.06132226,0.0442304,0.06424987,0.041466594,0.052149616,0.078076705,0.048449475,0.069957785,0.042021416,0.0598128,0.04901885,0.056341898,0.042954303,0.0715605,0.03570984,0.03524849,0.079351634,0.052598856,0.09606841,0.07278169,0.02671299,0.079081774,0.050006215,0.055274423,0.061764535,0.045732662,0.06428731,0.046582505,0.05328267,0.06487854,0.049987137,0.07101096,0.05824654,0.061887555,0.07561026,0.054818187,0.07759679,0.040106013,0.05792961,0.05945471,0.052379202,0.048182447,0.04480957,0.08130861,0.044328917,0.07150628,0.04310088,0.081165954,0.038737066,0.049421307,0.061941102,0.053621307,0.05392825,0.07073179,0.052899927,0.05325457
break,0.07860185,0.07354545,0.06763292,0.061011277,0.07884909,0.06695747,0.09775663,0.104080245,0.06377065,0.0730683,0.0586832,0.07171164,0.058566686,0.07807151,0.06108278,0.06920574,0.099530645,0.059017897,0.068393156,0.07396471,0.08567376,0.081368394,0.08358429,0.09005821,0.059662,0.08303269,0.09300379,0.07938908,0.056870945,0.07762242,0.063841134,0.08947045,0.061424024,0.081653275,0.085885175,0.08310877,0.049223524,0.049958702,0.079079166,0.07232005,0.05608229,0.06668207,0.06634618,0.07348359,0.06949492,0.08810912,0.08116687,0.06543669,0.10128912,0.099437356,0.072868384,0.08144523,0.033502184,0.0681179,0.08003973,0.08241712,0.069463626,0.05070539,0.115911394,0.050469093,0.092955075,0.07639901,0.02988435,0.03893812,0.07021984,0.025655095,0.103960596,0.049942616,0.08124917,0.08785996,0.07705722,0.05646237,0.07446564,0.021080516,0.04442837,0.073298454,0.0825862,0.08282386,0.06235625,0.03332924,0.035251595,0.07812912,0.06804978,0.050512426,0.06325433,0.06844786,0.076685876,0.064909525,0.07341107,0.06724542,0.063412584,0.07984673,0.047165513,0.092376925,0.065134645,0.06002083,0.07406279,0.07631313,0.07815549,0.051797733,0.09516532,0.07307306,0.02252146,0.049176153,0.0772551,0.05458434,0.076835915,0.054587845,0.041926693,0.06380942,0.06599887,0.03331696,0.021259813,0.06750546,0.058006454,0.065188594,0.07360296,0.17197716,0.085337415,0.099846855,0.066429585,0.060461916,0.09892067,0.0739592,0.06668467,0.059908364,0.040243734,0.09564486,0.07208666,0.0642207,0.06980627,0.07299997,0.062354967,0.07365799,0.07329056,0.07244506,0.06378387,0.071759805,0.06855347,0.09350743,0.06669528,0.06839225,0.054053314,0.07124937,0.12257759,0.070683025,0.058294617,0.051150694,0.103687055,0.08342668,0.05944042,0.050171047,0.05969412,0.05854555,0.061008975,0.06782643,0.066069975,0.095202774,0.08377765,0.058258243,0.048047498,0.0675301,0.07756877,0.0558357,0.05675942,0.076704465,0.06682496,0.07791943,0.036406577,0.056883924,0.07293442,0.062936,0.050433636,0.047618415,0.052203793,0.031795464,0.06606359,0.062285513,0.075890236,0.0,0.09124998,0.05128475,0.09870615,0.022285677,0.06301247,0.08211313,0.070640646,0.056453753,0.079183266,0.089049116,0.06162115,0.0827143,0.02141347,0.0500968,0.041019164,0.06212272,0.07122105,0.08991853,0.041743062,0.067149565,0.07669604,0.06287649,0.060796365,0.05855047,0.13736509,0.08116354,0.07234768,0.065725386,0.072163105,0.09040259,0.0860819,0.07162522,0.0802431,0.06792522,0.060487002,0.07253926,0.06587206,0.05381876,0.074014895,0.060328264,0.018892212,0.07054283,0.060218748,0.062402755,0.08006318,0.08617012,0.07655966,0.058557432,0.100229844,0.07202257,0.06662684,0.019293804,0.062194295,0.030039668,0.022782711,0.06987692,0.0155599145,0.07863112,0.070530646,0.073857985,0.066687614,0.08563117,0.06511988,0.08523355,0.06570243,0.05863,0.07523268,0.066185944,0.0387892,0.089456834,0.07535241,0.10097561,0.06455642,0.08674228,0.09109344,0.06898028,0.06367496,0.066452205,0.09767501,0.05116362,0.09229076,0.066591114,0.10583978,0.07200702,0.059790894,0.071681686,0.06754332,0.06604086,0.070740424,0.068198524,0.06167328
chill,0.061186105,0.057267487,0.095169656,0.10086521,0.08120605,0.061525293,0.14133763,0.1571668,0.09544161,0.115047924,0.08151359,0.06536915,0.07691039,0.07422765,0.09346878,0.086053565,0.15475436,0.07831441,0.06500989,0.08322204,0.07042938,0.057152465,0.066883855,0.10191875,0.064753234,0.073846206,0.14185065,0.112017624,0.09285264,0.10657596,0.085059,0.13748166,0.088246554,0.12948135,0.058730714,0.06532565,0.08195023,0.08173885,0.07621778,0.057360966,0.06919366,0.07888915,0.043898858,0.08148848,0.07722986,0.13316396,0.056604005,0.102293625,0.041802343,0.061987,0.053908378,0.12065146,0.08158766,0.06756359,0.053764578,0.026780097,0.10239932,0.098598644,0.16825701,0.09046949,0.07491011,0.05391093,0.09104677,0.0837673,0.08145675,0.08175046,0.03375255,0.102505945,0.07594873,0.08819215,0.07429308,0.08583739,0.07375937,0.08302878,0.09989855,0.06288287,0.054341786,0.12379884,0.08023665,0.07737671,0.11347871,0.060838223,0.09315319,0.08771266,0.064450376,0.07244948,0.0752546,0.07189006,0.107368656,0.06780848,0.0962167,0.118061945,0.07314285,0.14048778,0.09101045,0.09896624,0.09760926,0.07595106,0.10212046,0.079957336,0.08945004,0.057157617,0.08530903,0.0654822,0.05740801,0.12185125,0.112594604,0.08021591,0.09446497,0.10217758,0.06745015,0.08931989,0.0827914,0.09750635,0.08244506,0.060911387,0.11509552,0.20789634,0.049459748,0.062821366,0.08515975,0.093281664,0.06853986,0.090951115,0.09767951,0.10612935,0.09964886,0.13441454,0.098633714,0.09283945,0.09614454,0.07948501,0.061939396,0.076310344,0.11797597,0.085632496,0.06885049,0.06371623,0.09899332,0.060620733,0.09061161,0.089174956,0.123341344,0.08586083,0.16856983,0.09854923,0.10018549,0.07533743,0.04011119,0.05464188,0.08141088,0.1002316,0.06307071,0.08312267,0.07970302,0.062301084,0.09896421,0.055531967,0.06530167,0.06639671,0.09471525,0.0836931,0.11460095,0.12496694,0.0946439,0.061360817,0.07620997,0.11892099,0.102107756,0.059745964,0.0941264,0.08990806,0.10128504,0.068309054,0.08552241,0.08731505,0.07134117,0.085637406,0.08412844,0.09124998,0.0,0.07778217,0.14518619,0.10274228,0.07134189,0.06089495,0.079671554,0.0881648,0.1094284,0.048647698,0.06637222,0.07482071,0.09216512,0.085310146,0.09364251,0.099397734,0.09037846,0.06459827,0.07595755,0.09812485,0.1277547,0.08726972,0.07586275,0.08828444,0.1930497,0.04302416,0.06255753,0.09416921,0.06758884,0.03894885,0.1262163,0.06053596,0.079282306,0.05973866,0.086028814,0.11561919,0.07631196,0.11484286,0.075438865,0.09498706,0.08436012,0.0610166,0.08142963,0.0614894,0.06363173,0.06322911,0.11171127,0.072306275,0.07026541,0.08852098,0.0774797,0.09607965,0.068219826,0.112328045,0.07840203,0.0758515,0.09641351,0.10939802,0.07168992,0.053414095,0.075739495,0.065841675,0.080468416,0.078047276,0.07995698,0.071871676,0.030145044,0.06782529,0.101774745,0.1353901,0.05745482,0.041444324,0.0777439,0.064402856,0.08126489,0.10364777,0.07573661,0.0745921,0.03676008,0.07379408,0.061871547,0.06302782,0.046510182,0.06513935,0.06149983,0.06845855,0.10479992,0.05624352,0.076563954,0.065858364,0.057916567
drop,0.04805607,0.04983521,0.03169495,0.04037401,0.048250712,0.0476464,0.07910897,0.08989931,0.03951249,0.05135839,0.030422617,0.04191884,0.030941581,0.047103055,0.038039576,0.033101823,0.08692347,0.026820853,0.040286236,0.036993295,0.05807322,0.067319006,0.054407764,0.05929169,0.031549137,0.053807687,0.07492637,0.05131132,0.035304856,0.04979751,0.02980461,0.07027654,0.037238415,0.06513009,0.06081296,0.05517271,0.026140705,0.031567387,0.050361916,0.04794241,0.03249124,0.034480322,0.04790439,0.036606487,0.033196468,0.068856664,0.059717152,0.039108805,0.07929463,0.079510175,0.046931036,0.05808162,0.052781627,0.075405106,0.055639043,0.06379223,0.042993672,0.03604813,0.10234044,0.026226701,0.06389795,0.057406526,0.041774716,0.031280443,0.03897952,0.045118306,0.08669746,0.03873707,0.053168647,0.05813177,0.047711194,0.0317311,0.04504745,0.05458643,0.036863316,0.04148747,0.05910902,0.059353102,0.029481525,0.06127966,0.06305857,0.051171374,0.0326178,0.033731308,0.037317645,0.031036822,0.037725896,0.031336505,0.04413876,0.04870923,0.034798726,0.05289904,0.04136656,0.074627586,0.037316512,0.036034778,0.047627572,0.042627804,0.04690003,0.029632846,0.064767316,0.047509737,0.046458088,0.033260733,0.05748849,0.060504608,0.049967375,0.037361138,0.038249098,0.039693814,0.03726076,0.041171063,0.048580892,0.04472772,0.02511952,0.043232508,0.052314214,0.16474968,0.06509721,0.07058177,0.03145862,0.03588202,0.07006046,0.042283125,0.03724285,0.048000924,0.04469076,0.0728626,0.03768603,0.034672514,0.03336286,0.041564777,0.048615072,0.040379066,0.052074723,0.040085513,0.045862213,0.049033504,0.04354607,0.062281016,0.03406288,0.038375363,0.06256886,0.041061208,0.10600433,0.03799097,0.040946335,0.024140147,0.08398829,0.056740355,0.026906166,0.038324658,0.03387686,0.026776314,0.036806513,0.04074897,0.042893574,0.068322435,0.057968978,0.043854296,0.0403301,0.043707903,0.050337464,0.06207109,0.030110667,0.04947015,0.03826543,0.054566585,0.045926705,0.04281079,0.0461878,0.035018716,0.03993273,0.039780013,0.032019753,0.040055122,0.03458038,0.032663956,0.046630036,0.05128475,0.07778217,0.0,0.07883397,0.06449049,0.035029102,0.061490316,0.046543557,0.02780024,0.05063365,0.06156199,0.03797092,0.04711497,0.06297697,0.028390706,0.03794426,0.031526577,0.037061322,0.06028503,0.035928715,0.038366314,0.06229642,0.032113742,0.04843141,0.038888752,0.12577592,0.064374164,0.051406454,0.040742625,0.03898513,0.071904965,0.0627903,0.045686577,0.044219755,0.042729806,0.031108635,0.048992198,0.030908525,0.054424223,0.060917832,0.032568928,0.05294268,0.044985633,0.049769253,0.03306829,0.06042317,0.064766556,0.047445294,0.025132664,0.071388565,0.040774096,0.037678286,0.053053357,0.038187254,0.07158943,0.04981991,0.04435052,0.05399074,0.04845363,0.04070694,0.052133404,0.033237483,0.06190443,0.03552351,0.049847387,0.046893783,0.038820975,0.059869442,0.04268226,0.04245248,0.06875422,0.045617506,0.07920202,0.028540643,0.05695878,0.06069973,0.042009804,0.036801524,0.03391183,0.07737221,0.02562719,0.07095352,0.0407412,0.08403708,0.038123056,0.033281475,0.05042764,0.040730324,0.04174674,0.054403827,0.03803014,0.043941602
test,0.1050331,0.11643181,0.06085248,0.061677728,0.09157775,0.11212687,0.043243617,0.03470677,0.06473616,0.05051088,0.07915059,0.09851499,0.0827373,0.09433998,0.072590485,0.07330788,0.035837248,0.07946636,0.09698884,0.07728572,0.11151741,0.13423033,0.103211574,0.07466783,0.0915345,0.101771116,0.033321846,0.045063205,0.072037056,0.05480725,0.072857514,0.036108036,0.067364186,0.04046749,0.118106864,0.10776482,0.07553208,0.08214299,0.09357655,0.10989465,0.095696874,0.08100074,0.1166483,0.0790179,0.07936126,0.038412448,0.11554441,0.056722432,0.14245899,0.13998677,0.1118599,0.039396103,0.104986,0.1381037,0.12161104,0.12757319,0.059127863,0.06253159,0.03885397,0.069483645,0.1067078,0.12402969,0.08796663,0.084236704,0.080650315,0.09919373,0.14879167,0.06257664,0.10109187,0.089166336,0.09549775,0.07392714,0.09251132,0.11022167,0.06624487,0.10114455,0.12573507,0.038174182,0.07557617,0.12224458,0.0840373,0.11231414,0.06540369,0.0754667,0.09947149,0.089460544,0.087359875,0.08942393,0.052952774,0.10706284,0.058164526,0.045198783,0.10172159,0.032092318,0.0738575,0.060357723,0.07114133,0.08854747,0.06411659,0.08356855,0.0965774,0.113748044,0.09822638,0.092329554,0.124426365,0.05761551,0.04727713,0.0878921,0.071704134,0.059189606,0.09417771,0.07983924,0.10117406,0.071752556,0.07647858,0.10734031,0.049117327,0.1343751,0.123243116,0.12563683,0.069957204,0.0662287,0.11935763,0.07142535,0.061696567,0.06226683,0.075096294,0.035011068,0.05631135,0.0670857,0.058874153,0.08501465,0.113328286,0.084441476,0.04479435,0.07938921,0.10476908,0.10921542,0.06392648,0.120780624,0.065816775,0.07232537,0.064746335,0.07749869,0.042470615,0.05900628,0.06343877,0.08226742,0.15015146,0.11970736,0.078554146,0.06636749,0.09926372,0.07282117,0.085329354,0.10242257,0.066172026,0.12931633,0.11112522,0.10546621,0.077663116,0.08684668,0.044291005,0.054699227,0.064088166,0.11283441,0.08859094,0.041387446,0.07736745,0.1081613,0.07238242,0.064083,0.06693385,0.10128218,0.076745465,0.08899737,0.09318165,0.07307063,0.085535616,0.09870615,0.14518619,0.07883397,0.0,0.102592856,0.08741567,0.12488747,0.09315049,0.06803142,0.052871026,0.12476553,0.10048911,0.09210513,0.11063427,0.07274881,0.07680933,0.057833266,0.06567487,0.11177834,0.09049905,0.058459528,0.04001675,0.072551794,0.10124958,0.08058613,0.05809447,0.13169962,0.112480775,0.06679221,0.09594198,0.140828,0.026169641,0.107790396,0.0845463,0.10665245,0.07254796,0.045065124,0.07936492,0.061893,0.11244175,0.06625799,0.10665559,0.1059413,0.099518284,0.09619287,0.12169596,0.12556069,0.043609496,0.08288655,0.122598164,0.07258181,0.08710503,0.09510169,0.101885654,0.101483084,0.106435865,0.09308981,0.09499819,0.04979013,0.09708834,0.11800082,0.08622988,0.115047045,0.083606094,0.09199942,0.094594136,0.09832428,0.12642269,0.103934176,0.06600073,0.023818389,0.10998834,0.1436769,0.077815674,0.110958956,0.098829105,0.058765735,0.092705354,0.08607013,0.14455448,0.08684006,0.13389754,0.1006624,0.1488109,0.09523304,0.10105577,0.10865795,0.055830605,0.111059055,0.10682538,0.10089533,0.112463824
dice,0.09096118,0.08773092,0.07775235,0.069905214,0.08984007,0.081102,0.10316096,0.10668559,0.07361127,0.07943917,0.07267489,0.08446952,0.069666654,0.08786719,0.07209656,0.080950074,0.10154131,0.070988014,0.08262751,0.0855336,0.09859939,0.09430248,0.095227025,0.09846738,0.074169174,0.094820976,0.09651009,0.086895004,0.06815081,0.08550445,0.0762162,0.09438393,0.07111351,0.08936829,0.09850272,0.094850585,0.060933072,0.0634783,0.08975586,0.08467927,0.0689455,0.07840242,0.080088034,0.084610045,0.08249369,0.09342299,0.09524041,0.073995985,0.11334613,0.11195378,0.087907985,0.0866879,0.03807265,0.07847912,0.09272911,0.094017796,0.07987627,0.056702655,0.118379995,0.06323635,0.10329906,0.09176342,0.038915284,0.047883034,0.08314246,0.035788156,0.11554379,0.058343064,0.09215029,0.097496696,0.08888545,0.06881191,0.086557284,0.029804105,0.05216308,0.08599318,0.0960317,0.08897044,0.07461972,0.040698707,0.033117056,0.093265705,0.07905915,0.06253966,0.07689533,0.081363946,0.088392645,0.0788133,0.08257214,0.07931238,0.073387966,0.08726077,0.059849396,0.09694567,0.074889645,0.06965247,0.08450165,0.088765346,0.087810285,0.0620457,0.10456089,0.08773496,0.031181287,0.058622193,0.09001637,0.053819016,0.085560374,0.069043145,0.051997878,0.07424236,0.078753166,0.039573472,0.03184395,0.075303294,0.069729514,0.078487195,0.08159068,0.17360063,0.09908711,0.111240014,0.079159,0.071083814,0.109585084,0.084890865,0.077031925,0.06663567,0.046438657,0.10016718,0.08156097,0.07320654,0.079737306,0.08513468,0.07514054,0.08638479,0.08147025,0.0823207,0.07902906,0.08476593,0.07863259,0.10521303,0.07826209,0.079020716,0.05168854,0.08381375,0.12385134,0.0812375,0.066737704,0.065078974,0.1157682,0.09729212,0.07300285,0.059157588,0.073528334,0.0716366,0.07372365,0.08158238,0.0739711,0.10714498,0.093932234,0.072498746,0.057847075,0.07745078,0.0853845,0.057847116,0.06747231,0.08980765,0.08056709,0.08441732,0.044025432,0.07103623,0.08335591,0.07270109,0.059282843,0.059376195,0.062880665,0.043843064,0.08089963,0.073013745,0.08832914,0.022285677,0.10274228,0.06449049,0.102592856,0.0,0.0752434,0.09767754,0.082844116,0.06850313,0.08761004,0.10163112,0.07536747,0.09399163,0.022476742,0.062596835,0.051245056,0.072657205,0.08202851,0.10094999,0.05465204,0.07634308,0.08171913,0.07492001,0.06920426,0.07006931,0.13763897,0.09549736,0.087246895,0.07403495,0.08434285,0.104666896,0.09213585,0.085763305,0.090510294,0.08326855,0.07377685,0.08125017,0.07805278,0.056219894,0.08509818,0.0719076,0.0272209,0.08302605,0.068680726,0.07658921,0.09496629,0.100803226,0.084199764,0.0710864,0.110536866,0.08351602,0.08098663,0.01966255,0.07696699,0.019262303,0.03666589,0.082298644,0.019891012,0.0871058,0.083014846,0.08891462,0.07954799,0.09678811,0.078308426,0.09553934,0.07411553,0.07229905,0.08720713,0.07809002,0.044198196,0.09509935,0.08923252,0.113120764,0.077612355,0.09780645,0.10029583,0.079031155,0.0789756,0.07987627,0.10980832,0.06502863,0.105668984,0.081060134,0.117812015,0.0849218,0.07491206,0.083338864,0.078427985,0.08141714,0.08041735,0.08131636,0.07558567
lard,0.035364047,0.04893663,0.044474754,0.049750693,0.040892985,0.04758204,0.08841565,0.10104689,0.047488257,0.06087884,0.03956282,0.0311912,0.036907904,0.039074134,0.044752732,0.03766996,0.09855559,0.035750534,0.03166966,0.03322062,0.0432571,0.06572553,0.040507413,0.05054339,0.031630088,0.03305407,0.08610914,0.05335868,0.04589599,0.052366756,0.042131,0.08348858,0.035597306,0.07301825,0.042561024,0.040116005,0.03394035,0.03943322,0.040250093,0.042933125,0.038894538,0.029657701,0.046679266,0.038222753,0.030673983,0.07931208,0.05965522,0.049862724,0.06531659,0.066419795,0.04435506,0.06224341,0.060374014,0.07371836,0.052364793,0.0546361,0.049675286,0.04801111,0.111574076,0.043978583,0.048065133,0.055072285,0.054962676,0.04405239,0.035491064,0.056890767,0.08091408,0.051479887,0.041779876,0.045383826,0.037021626,0.03691138,0.042482458,0.06481621,0.052213646,0.038365718,0.05760061,0.06791722,0.034507923,0.069953285,0.07710366,0.045332834,0.045935255,0.037802327,0.03908166,0.03887905,0.03295817,0.031537905,0.054359443,0.04214278,0.04267371,0.06604142,0.04672004,0.082972296,0.043280553,0.04574264,0.05249366,0.033765044,0.05151566,0.042368576,0.05123474,0.046087325,0.058148738,0.038880464,0.057754163,0.07411303,0.059339352,0.04485932,0.052383464,0.050599094,0.03898103,0.047599517,0.058496885,0.052426312,0.037641007,0.045108605,0.06321006,0.16653995,0.06381268,0.05600282,0.032836575,0.04169112,0.053611003,0.04309784,0.04690765,0.053578757,0.057029214,0.07686202,0.04535667,0.04671269,0.043319494,0.037899848,0.051642396,0.03431953,0.06283166,0.03541625,0.046305288,0.040225424,0.040864382,0.052707277,0.036708985,0.04003291,0.0761956,0.0364945,0.11035694,0.04897758,0.045395344,0.03494135,0.073128596,0.0443023,0.039346308,0.051924035,0.03295379,0.035904307,0.0396054,0.039307848,0.051986746,0.058198806,0.04451841,0.046417058,0.052111525,0.047133766,0.05901365,0.07471766,0.044923898,0.05242159,0.03647026,0.060158867,0.0601938,0.043952037,0.050869484,0.036956925,0.05324815,0.04307416,0.04073609,0.050968066,0.04018641,0.038105343,0.036159065,0.06301247,0.07134189,0.035029102,0.08741567,0.0752434,0.0,0.059027195,0.036860682,0.031445887,0.057495892,0.051854376,0.035637468,0.036766578,0.07331579,0.0366425,0.05052413,0.049654353,0.033420585,0.043387253,0.04140477,0.04678316,0.071486846,0.03366476,0.05073472,0.04648987,0.13528797,0.054535244,0.047652557,0.04789689,0.034137476,0.065802544,0.067967705,0.03605019,0.03887848,0.045038596,0.035305828,0.063606724,0.03302127,0.064703114,0.049733385,0.048079364,0.06403126,0.03729795,0.055474333,0.03580796,0.055617105,0.05374735,0.05656334,0.03342206,0.057149805,0.039975718,0.038682606,0.06648656,0.04273923,0.08354184,0.05945135,0.032876566,0.06605089,0.05461,0.04687394,0.051417008,0.039595984,0.04963606,0.040809542,0.040728588,0.049782027,0.042050123,0.058833454,0.045621052,0.05283947,0.07805254,0.044828497,0.06662232,0.031238107,0.04296675,0.047562983,0.050381284,0.043849673,0.03746405,0.069248386,0.037998725,0.06568132,0.03987382,0.07230933,0.028806025,0.04025626,0.05004415,0.05223765,0.047817193,0.057075646,0.04362114,0.041392885
unwrap,0.055360183,0.041058514,0.07719613,0.081710845,0.06909072,0.04379951,0.11907485,0.1359988,0.07851726,0.09393436,0.05785568,0.05513469,0.06467617,0.0690216,0.072256535,0.06936761,0.13624436,0.062861055,0.049699076,0.07001837,0.061153255,0.05144746,0.06474685,0.09169339,0.054516774,0.0630486,0.124099426,0.0954397,0.07173884,0.091452636,0.06604434,0.11585954,0.07696166,0.105430655,0.05536373,0.06116371,0.066274285,0.06302353,0.069501474,0.05411973,0.053161476,0.06541953,0.044693172,0.07440018,0.06133095,0.11188344,0.048884947,0.08448183,0.06023103,0.060589418,0.04824595,0.10476361,0.0782835,0.065250285,0.048304047,0.057726666,0.08222711,0.08617753,0.14735836,0.069615014,0.07557351,0.029880527,0.078095496,0.071509324,0.065855324,0.07330753,0.06740451,0.08261301,0.07134811,0.08106985,0.062943295,0.06504735,0.060900126,0.07807327,0.08364981,0.048124507,0.04435535,0.10588285,0.06096355,0.07612438,0.10318541,0.028123166,0.07789471,0.06925761,0.04769027,0.055310763,0.065840155,0.04981468,0.090022445,0.05606502,0.07609486,0.10183981,0.059257038,0.11867808,0.06992211,0.07980505,0.077342905,0.06349816,0.08528227,0.06942175,0.085291214,0.036088783,0.077697545,0.06475425,0.05255841,0.108840555,0.09139805,0.060082532,0.076677665,0.07760697,0.055909194,0.08058191,0.07446503,0.08121331,0.06385782,0.054060202,0.09479636,0.19655323,0.049461603,0.068719305,0.060666114,0.07333123,0.073835365,0.072757706,0.072313644,0.08758359,0.0852725,0.11831558,0.07948544,0.07722333,0.07895346,0.062172998,0.04905146,0.060304377,0.09565433,0.07257478,0.030503457,0.048877373,0.07798585,0.06713402,0.07255667,0.07117867,0.1108971,0.066232316,0.15200187,0.07813336,0.08318402,0.058852684,0.060180422,0.045973983,0.057275966,0.08285857,0.050664116,0.061909888,0.063237675,0.048178308,0.083512306,0.061610322,0.06935046,0.050386198,0.07641508,0.069090135,0.09234897,0.10791276,0.071150444,0.048199873,0.057631183,0.100731894,0.087302506,0.047517657,0.07434228,0.07600438,0.083073534,0.05910711,0.07051336,0.072956234,0.04565876,0.07084931,0.06449756,0.08211313,0.06089495,0.061490316,0.12488747,0.09767754,0.059027195,0.0,0.06502996,0.06816551,0.09386683,0.053554125,0.049553998,0.06910372,0.090945914,0.06779648,0.07565076,0.08017052,0.07517693,0.06755794,0.059299514,0.082148574,0.10807426,0.06560728,0.06739886,0.069140986,0.17122841,0.042009197,0.028100723,0.08067176,0.057979196,0.042621136,0.10696155,0.042038247,0.07502754,0.046901297,0.062718436,0.09359903,0.060250036,0.099368416,0.06363689,0.072380304,0.07877893,0.051089443,0.07018129,0.046543643,0.024101788,0.0414303,0.09483278,0.058745343,0.07698558,0.07094431,0.049538545,0.08899559,0.044344436,0.10605383,0.06954043,0.060220607,0.08790653,0.092574984,0.054662246,0.045495242,0.055264093,0.068565555,0.05011098,0.07489023,0.06940426,0.051076587,0.052196894,0.05283163,0.08755475,0.11432703,0.04272448,0.059243523,0.05881626,0.06488282,0.08070563,0.078248635,0.041908946,0.055791136,0.058130316,0.05585609,0.041160803,0.047308397,0.063827634,0.052243087,0.046189822,0.055791967,0.07650603,0.039481673,0.06621424,0.049386706,0.0447286
slather,0.051165093,0.058702543,0.052747637,0.06003554,0.043930825,0.055760678,0.094376326,0.10673908,0.059212137,0.070707776,0.04779763,0.043466955,0.04744901,0.055916294,0.053134363,0.047048032,0.10419052,0.049162727,0.04661415,0.04438721,0.039801713,0.07239938,0.05532513,0.05763423,0.045229867,0.033409115,0.093338065,0.06367118,0.055822615,0.06035486,0.05313299,0.09078617,0.04897941,0.07768587,0.04366884,0.055464838,0.049057234,0.04223704,0.05441569,0.05616554,0.05007063,0.042201594,0.05669194,0.05292614,0.040073752,0.08741191,0.06652075,0.05984385,0.07462747,0.06917311,0.053065423,0.071483545,0.0708862,0.069046706,0.06326073,0.06692943,0.05563111,0.05724929,0.11453061,0.049742747,0.061140884,0.06218493,0.063470215,0.05376285,0.04245542,0.066310324,0.08644378,0.057830136,0.055886228,0.0525232,0.041949544,0.049397733,0.04497108,0.07361197,0.062439736,0.049497783,0.06425009,0.071370475,0.047861833,0.07746661,0.08322159,0.053065006,0.05359207,0.048865803,0.05030765,0.047391143,0.04913172,0.041677598,0.05999614,0.032121357,0.052312296,0.07246694,0.055298638,0.09042734,0.052681353,0.0574064,0.060648367,0.042357843,0.056920815,0.05517839,0.060732387,0.049444612,0.066200115,0.05374018,0.067591384,0.08085254,0.06710531,0.04688906,0.060751986,0.057753116,0.049728014,0.060022775,0.063966624,0.062942974,0.050979223,0.050909612,0.0659362,0.17032985,0.07089859,0.06772547,0.044316217,0.053159624,0.06668322,0.0530372,0.05425421,0.05008482,0.067300804,0.08121723,0.056288756,0.05963258,0.05388859,0.04777806,0.056565754,0.047772244,0.06988351,0.0492322,0.054572046,0.031163827,0.03611718,0.06565211,0.043472435,0.04966136,0.08142684,0.03470262,0.11739649,0.057864595,0.044149056,0.044844273,0.081020184,0.05532064,0.050313674,0.06081566,0.036105532,0.046668783,0.043438286,0.049806967,0.06457946,0.06980062,0.059938487,0.054731727,0.062913515,0.058021184,0.06697002,0.08080044,0.055165876,0.0605084,0.039551344,0.06749337,0.06850355,0.054128546,0.0630097,0.052644517,0.0622519,0.054403692,0.04357343,0.060361616,0.05055775,0.044125192,0.025477948,0.070640646,0.079671554,0.046543557,0.09315049,0.082844116,0.036860682,0.06502996,0.0,0.04006445,0.065776005,0.06390332,0.041107725,0.052939817,0.08087447,0.050555605,0.05905695,0.05807481,0.045985304,0.059018623,0.049020447,0.051826846,0.07835369,0.039548215,0.06556489,0.055918362,0.13819587,0.059662387,0.05492496,0.061191045,0.04771842,0.071482494,0.075767815,0.04453542,0.054918535,0.05194733,0.04488941,0.06828735,0.04614589,0.0647533,0.03037437,0.056017596,0.07252667,0.047454145,0.06826063,0.042907536,0.06201187,0.049189225,0.06332561,0.045103412,0.07071057,0.04547037,0.04215193,0.075221024,0.050279003,0.09155888,0.06645104,0.022027416,0.07448586,0.060616124,0.055820506,0.057713423,0.04829848,0.06269964,0.051324815,0.056193177,0.063871905,0.046748158,0.067918606,0.0564258,0.062400635,0.08271533,0.05404563,0.07506609,0.044913933,0.057957754,0.06154446,0.058658004,0.050988983,0.04909642,0.078080125,0.04621889,0.07075516,0.044661842,0.07797411,0.041308492,0.045378644,0.0600987,0.06038352,0.052178305,0.06898229,0.05244551,0.049468774
rub,0.05275084,0.060266472,0.03047006,0.03659771,0.048372623,0.05612813,0.07136881,0.08083376,0.038532138,0.043794133,0.029172035,0.04381727,0.036511414,0.05040165,0.03551695,0.030785933,0.07784889,0.033031266,0.041812148,0.03464937,0.057993807,0.078098975,0.057399224,0.053294327,0.036257368,0.048204605,0.067831114,0.040531978,0.034324586,0.04382622,0.034837045,0.06377964,0.03297998,0.051917978,0.063126095,0.057805445,0.027895782,0.033671528,0.05198823,0.05657889,0.042309877,0.03465031,0.058843985,0.04113429,0.0317536,0.062158752,0.066077344,0.035329346,0.08750774,0.08432763,0.05488369,0.048263893,0.06159234,0.08213792,0.06646693,0.07285761,0.03155062,0.03503858,0.090585165,0.026268195,0.06499778,0.06698084,0.045653865,0.038662717,0.033721697,0.05304035,0.09551449,0.033475354,0.055579893,0.05524394,0.04779565,0.029615749,0.04497236,0.06325066,0.036789555,0.048484594,0.07025825,0.049310688,0.029996004,0.071922004,0.064070925,0.05645604,0.034094494,0.030768478,0.04571306,0.041720964,0.04282744,0.03454499,0.038701087,0.04964263,0.028320212,0.047880452,0.04782786,0.064716496,0.03487343,0.03298517,0.04746846,0.04019003,0.040359814,0.03753307,0.06263689,0.054771688,0.05387103,0.043090913,0.06952385,0.05756756,0.04456951,0.039566785,0.04023257,0.031055106,0.04330679,0.043153778,0.055158045,0.04299347,0.030166892,0.052977443,0.045091912,0.15676063,0.07276039,0.07654123,0.024691807,0.028536452,0.07414089,0.040278126,0.031321444,0.03895875,0.044048984,0.06102234,0.03335328,0.035727058,0.029459316,0.043359455,0.0579997,0.04117905,0.04452311,0.03950821,0.050526574,0.05056716,0.026677232,0.07092606,0.027241739,0.03064907,0.060342606,0.030253807,0.09432403,0.035243593,0.030818824,0.03182971,0.09316551,0.063096106,0.03144674,0.037362657,0.04214605,0.026483653,0.038883872,0.047482777,0.04047406,0.07703095,0.0629145,0.050207596,0.040710237,0.045457035,0.0405775,0.05511272,0.02798058,0.061551515,0.040317208,0.043731377,0.045907084,0.05337999,0.047075216,0.031470757,0.03832425,0.04718931,0.033718083,0.04313681,0.04249128,0.030226821,0.036952406,0.056453753,0.0881648,0.02780024,0.06803142,0.06850313,0.031445887,0.06816551,0.04006445,0.0,0.044390738,0.07069294,0.042811584,0.049922466,0.07009287,0.02742204,0.037008934,0.031126346,0.030376267,0.06438792,0.039619833,0.035231903,0.053225312,0.023777107,0.054431662,0.038750812,0.11492736,0.07168174,0.057185154,0.03798629,0.045402423,0.08053675,0.051193528,0.049371704,0.047686268,0.051561963,0.02531643,0.04220232,0.035260886,0.047413226,0.058019873,0.032175653,0.061366115,0.050366055,0.055832278,0.040520765,0.06493558,0.06744659,0.0394523,0.030063141,0.07611655,0.03041767,0.036801126,0.058814734,0.046068285,0.07462256,0.05810771,0.03769899,0.05858333,0.039750367,0.05041906,0.061215825,0.038569514,0.06637375,0.03560182,0.052880753,0.05206799,0.04458169,0.071558796,0.05144981,0.0380248,0.056271333,0.05575065,0.087915115,0.030835576,0.061478708,0.06185134,0.032001738,0.041588176,0.040511966,0.08806738,0.03320183,0.07561049,0.04810912,0.09202076,0.041530706,0.044810787,0.05732787,0.03361056,0.05364928,0.0616514,0.049273316,0.05239918
moist,0.07343698,0.08411722,0.03427737,0.048867054,0.06577973,0.0828102,0.05653737,0.06685111,0.046980172,0.04583519,0.05525678,0.06814646,0.058499724,0.06426281,0.054712247,0.042377807,0.059028346,0.052256547,0.06619644,0.046309482,0.0771133,0.10237837,0.07523155,0.05232908,0.062651984,0.071815915,0.043659564,0.035118602,0.05271768,0.040591978,0.04094836,0.043330938,0.04796227,0.049276613,0.086109325,0.076524764,0.049291514,0.057137966,0.06505367,0.07618614,0.06819628,0.048640024,0.08275981,0.042894825,0.044103026,0.0497783,0.08353586,0.041206785,0.10752216,0.108995855,0.08063574,0.04249934,0.082777314,0.110224426,0.089839056,0.09172756,0.04151284,0.04417262,0.07250558,0.045876887,0.075683214,0.0924725,0.06688584,0.059892472,0.051229887,0.07672923,0.11164744,0.049638666,0.071669765,0.061462443,0.06510006,0.051183578,0.05828837,0.08704282,0.0511016,0.07269131,0.094170846,0.030946117,0.050980147,0.09656984,0.07795749,0.07706507,0.030479288,0.052658632,0.06912869,0.056111783,0.056105196,0.06121498,0.026723111,0.07444848,0.04148432,0.029662738,0.07396785,0.05074999,0.05498696,0.041567273,0.050687574,0.05663439,0.03782198,0.052452303,0.06705858,0.08103385,0.076204926,0.06359914,0.09247478,0.059576184,0.02954786,0.06353448,0.054499615,0.04665452,0.062019143,0.062088534,0.07980427,0.055241056,0.052103482,0.07033366,0.039590206,0.14784688,0.09036074,0.09228914,0.044234112,0.047887452,0.08650611,0.042884585,0.046438724,0.051531337,0.06144486,0.042041987,0.03658792,0.046556823,0.03821071,0.05505467,0.08483309,0.05267236,0.0400855,0.051781073,0.07569817,0.07825559,0.04683941,0.08461107,0.03871477,0.0463461,0.063599385,0.048640296,0.0757331,0.03107074,0.045271743,0.055103395,0.11391619,0.08423293,0.05453664,0.050637778,0.064334475,0.04957825,0.06069459,0.07242327,0.049209677,0.09460565,0.07919939,0.07775802,0.05947539,0.064869575,0.039213736,0.059243433,0.04403013,0.08287354,0.059179146,0.03701175,0.063452154,0.078386776,0.05209409,0.04535776,0.053504962,0.0740578,0.05015228,0.067823865,0.058518782,0.036925778,0.05556848,0.079183266,0.1094284,0.05063365,0.052871026,0.08761004,0.057495892,0.09386683,0.065776005,0.044390738,0.0,0.088955626,0.07166131,0.059884816,0.09122335,0.050670575,0.058367927,0.041078433,0.038889874,0.079119526,0.06640001,0.040076055,0.048556317,0.04976029,0.075517796,0.059953537,0.096794754,0.09869846,0.08179094,0.046398353,0.061285105,0.106231175,0.042535055,0.0754204,0.050002582,0.07783431,0.046461362,0.039285764,0.054240495,0.05411951,0.08533803,0.04740903,0.084370345,0.07465696,0.076635465,0.06324495,0.090466104,0.09160013,0.028668107,0.051144626,0.09049433,0.0435465,0.056915775,0.07773602,0.07431302,0.09148357,0.08296509,0.06368704,0.079274856,0.02098933,0.07009711,0.087529995,0.05959843,0.084985,0.058794435,0.061635576,0.07065416,0.072192945,0.09203752,0.075468495,0.05401531,0.048465874,0.0789864,0.10785615,0.048925493,0.079046965,0.070778094,0.04650745,0.06564679,0.049976733,0.10846157,0.05559221,0.10339363,0.06856611,0.11206778,0.063264966,0.07093949,0.08104763,0.04305013,0.07854637,0.08270282,0.0711675,0.080301784
scald,0.036443163,0.045549586,0.075263985,0.084383786,0.06238718,0.051461287,0.12306143,0.13916668,0.07842141,0.09568602,0.067405716,0.04138391,0.06163761,0.049340848,0.07524605,0.06358236,0.13699171,0.06160644,0.04278424,0.058581896,0.048653327,0.04837199,0.040911313,0.07397826,0.04997006,0.051308423,0.121205315,0.08885699,0.07565038,0.082692206,0.06523652,0.11830965,0.068971485,0.11145326,0.041595675,0.037342876,0.06341028,0.0664676,0.04764808,0.040682618,0.056140088,0.053504866,0.036462847,0.059815582,0.055825494,0.11483118,0.05932971,0.08438316,0.03219617,0.053921964,0.04212814,0.09929765,0.07840123,0.0767636,0.03361778,0.037418336,0.08424439,0.08283613,0.1504025,0.07642727,0.044996988,0.047776356,0.08294647,0.07257224,0.061042946,0.078169644,0.059294503,0.0884415,0.05066094,0.060782578,0.050508413,0.069512986,0.05750578,0.082748376,0.087199345,0.042843513,0.04487449,0.10498411,0.061333902,0.08077957,0.10910683,0.047001686,0.07485043,0.071400225,0.050091762,0.052377447,0.04780562,0.050978284,0.08760697,0.0554917,0.07757524,0.09979596,0.064072825,0.12050142,0.07245978,0.07906231,0.07853057,0.050907318,0.08052844,0.06582919,0.059458192,0.04272522,0.081307456,0.057359476,0.045737147,0.11093709,0.09297764,0.069444805,0.08514092,0.08624382,0.0535322,0.08129624,0.08157151,0.08103513,0.06439238,0.04672246,0.09919026,0.19406913,0.057140175,0.031065555,0.06562469,0.07617791,0.03610588,0.071230926,0.079255305,0.09217686,0.089286305,0.11251934,0.077261545,0.07594122,0.07652613,0.05914146,0.05650616,0.055402912,0.09942274,0.05981994,0.058969025,0.04989821,0.08001887,0.03463032,0.06920463,0.06935435,0.11286405,0.06719468,0.14627296,0.07907548,0.084858954,0.06144547,0.03456559,0.03406096,0.06470309,0.085343465,0.04666145,0.067266025,0.061537854,0.04812492,0.08330027,0.021605391,0.041337583,0.05709521,0.081377886,0.06885116,0.09488502,0.113073066,0.07868082,0.0493538,0.056565255,0.09903455,0.09277915,0.051079232,0.07774464,0.07062782,0.08713303,0.059584375,0.06922379,0.07909734,0.053196274,0.068214305,0.06447775,0.089049116,0.048647698,0.06156199,0.12476553,0.10163112,0.051854376,0.053554125,0.06390332,0.07069294,0.088955626,0.0,0.050548516,0.045286216,0.09434367,0.071728736,0.0815799,0.083185986,0.06803212,0.03484625,0.06749013,0.078919925,0.10989823,0.066568576,0.06471802,0.073332846,0.17439026,0.039255593,0.052808348,0.078608036,0.039753053,0.04146107,0.1063958,0.04021493,0.053182904,0.04875278,0.06756198,0.09856431,0.056560874,0.10360784,0.06527418,0.07947186,0.08378696,0.043441277,0.07163107,0.048131924,0.05513553,0.050933823,0.09190915,0.05712447,0.04359409,0.06941486,0.06096457,0.09245473,0.053278495,0.11147444,0.079600826,0.05952404,0.09366772,0.08880714,0.056478564,0.044664033,0.058474235,0.046122316,0.06420173,0.047738533,0.06537358,0.05846642,0.046575777,0.05302109,0.08998585,0.11624766,0.040312096,0.031098984,0.056815993,0.035644095,0.05315741,0.08543731,0.061639134,0.055459093,0.03206209,0.060395207,0.05498132,0.05161686,0.03432448,0.03876804,0.051131066,0.05470521,0.08715298,0.04924398,0.06618427,0.049744327,0.044762164
pat,0.043933574,0.03453139,0.05438011,0.052935377,0.045106817,0.030120399,0.098919936,0.111815944,0.056118015,0.06766172,0.039759677,0.032539047,0.040088844,0.047940902,0.040059853,0.0490369,0.11235215,0.03688496,0.040888086,0.048410434,0.04850905,0.052507583,0.051072925,0.06799106,0.033189613,0.04353274,0.09895013,0.06885006,0.0421344,0.06700069,0.046837132,0.0930161,0.05234876,0.08603558,0.04566977,0.05014028,0.040027708,0.04184353,0.05435827,0.046807252,0.02664618,0.042913828,0.037824444,0.05451263,0.04326849,0.08877962,0.054475,0.05729052,0.06452484,0.060238946,0.042074185,0.07615579,0.058365323,0.06135015,0.044219736,0.054772627,0.061219234,0.05969938,0.12448768,0.048758738,0.062075373,0.044291593,0.051797424,0.045594044,0.04611062,0.05102783,0.07516996,0.05408421,0.05550126,0.06056646,0.043070313,0.039946306,0.04635022,0.058690283,0.05651957,0.034878593,0.04708776,0.08000215,0.03723429,0.06046699,0.07889026,0.043625187,0.05805778,0.041032813,0.027371129,0.04039703,0.045855258,0.02588149,0.06740172,0.03731662,0.052137423,0.078931116,0.036479004,0.094249964,0.043116007,0.05381364,0.05795261,0.043274697,0.063393466,0.04573676,0.06658199,0.031656496,0.05402917,0.04253377,0.04639789,0.082442015,0.071500316,0.043150216,0.056315206,0.054977488,0.032986663,0.05565955,0.052852947,0.056213968,0.03802333,0.041204114,0.07297871,0.17948353,0.057565972,0.06100688,0.044395626,0.046321217,0.06277478,0.05280201,0.05133485,0.06040694,0.056769162,0.09314199,0.05652695,0.05181237,0.053029783,0.043510456,0.038230024,0.044009272,0.072691545,0.04742982,0.042054832,0.03237701,0.048962887,0.059364263,0.048557185,0.047456946,0.08392639,0.045469992,0.12774765,0.058852214,0.052548125,0.036227573,0.06751692,0.048238687,0.037728216,0.053698994,0.03313873,0.043037456,0.039769035,0.029616563,0.055715404,0.056057975,0.05723949,0.030218115,0.04960518,0.044609044,0.0680921,0.08064919,0.048854444,0.044878367,0.03907224,0.072775975,0.057835408,0.03414586,0.057542056,0.051400423,0.052344706,0.03309443,0.046281748,0.04482608,0.0414644,0.048301958,0.04508381,0.06162115,0.06637222,0.03797092,0.10048911,0.07536747,0.035637468,0.049553998,0.041107725,0.042811584,0.07166131,0.050548516,0.0,0.050073262,0.07126311,0.04612091,0.049092036,0.057885423,0.05384229,0.055174407,0.03647332,0.05845976,0.08019221,0.034268543,0.047024418,0.039188895,0.14782034,0.04732818,0.039906636,0.05305701,0.037152104,0.05485401,0.08301913,0.0321507,0.05556493,0.039148957,0.039451666,0.07159195,0.041198853,0.070859216,0.045903448,0.04928934,0.061229493,0.03326403,0.049385,0.03256148,0.046679296,0.049811177,0.0704876,0.037744366,0.06853654,0.05022025,0.041556418,0.0666661,0.026418963,0.083873995,0.054009136,0.03876164,0.06635439,0.0691687,0.043357726,0.043159228,0.039376054,0.059585366,0.03826498,0.055502307,0.04831611,0.023128292,0.051883154,0.032800447,0.0589544,0.08952978,0.040345054,0.06309441,0.039962467,0.052085787,0.064533144,0.054973785,0.041327324,0.042869482,0.062057216,0.03806919,0.05375504,0.0403829,0.066172585,0.033940736,0.033468615,0.03828511,0.058906313,0.035604633,0.049232055,0.034537528,0.030257352
steam,0.029450698,0.05802707,0.05171364,0.06366511,0.049619023,0.06037274,0.0942691,0.10854553,0.05780097,0.0702951,0.054525767,0.03170631,0.04758785,0.031656373,0.05855522,0.04281909,0.105448484,0.047297135,0.03816726,0.034353495,0.044440895,0.07155234,0.030405186,0.04193783,0.04361979,0.040233605,0.08903666,0.054478265,0.060012966,0.05394304,0.0463265,0.088530906,0.044483177,0.083638296,0.048688017,0.029496929,0.048355106,0.055147287,0.032235194,0.045086246,0.053711385,0.033429664,0.053788103,0.03025405,0.035673346,0.08663796,0.066497184,0.060405526,0.06150232,0.072627194,0.051201556,0.06655739,0.074683346,0.08942239,0.052853364,0.056020517,0.06063859,0.059618276,0.118978105,0.060151987,0.030917097,0.064596385,0.073669635,0.059865784,0.04642317,0.074457854,0.08148689,0.06806639,0.034194387,0.037599765,0.038887955,0.05323132,0.049878206,0.082973644,0.06904343,0.041161824,0.06314974,0.07569339,0.044438995,0.08623808,0.094356455,0.05401613,0.05091105,0.056398656,0.051268782,0.043136086,0.020520648,0.04201463,0.059816886,0.057406005,0.05304556,0.07099293,0.06474985,0.09015897,0.055300258,0.05568189,0.058442477,0.03345148,0.057427097,0.05323232,0.03770624,0.05408591,0.075936444,0.0497545,0.06286304,0.08744448,0.06456932,0.060908664,0.0688759,0.06552507,0.049855407,0.06736283,0.078163624,0.06371694,0.049430914,0.05091163,0.07386074,0.16855921,0.06939313,0.038364712,0.0451358,0.057283055,0.03525729,0.04807542,0.059527926,0.07044503,0.075139426,0.079563186,0.051838484,0.055800077,0.05060446,0.043781124,0.06444598,0.038552016,0.073505685,0.034455672,0.06227679,0.05404047,0.056325004,0.03499649,0.044383366,0.04977909,0.09054648,0.04971094,0.1111278,0.054291066,0.06325299,0.049798395,0.07061092,0.04634648,0.05223815,0.06607923,0.044057146,0.051763076,0.05031809,0.050311003,0.063433364,0.04792839,0.033960707,0.062004123,0.069319345,0.058401655,0.06830986,0.08983981,0.059429295,0.057270616,0.045000225,0.070411175,0.0783946,0.057291668,0.05963032,0.045516975,0.06859779,0.058589846,0.054094896,0.07066723,0.047907956,0.048835725,0.04910781,0.0827143,0.07482071,0.04711497,0.09210513,0.09399163,0.036766578,0.06910372,0.052939817,0.049922466,0.059884816,0.045286216,0.050073262,0.0,0.09080726,0.055860598,0.06899014,0.060443923,0.039189227,0.029715894,0.060857024,0.0539196,0.082851924,0.047106076,0.062031526,0.061788827,0.14135286,0.06370638,0.061443936,0.058262754,0.032189533,0.07030643,0.07460691,0.043765906,0.022486897,0.055614475,0.0487881,0.07341397,0.037552923,0.081963085,0.06636007,0.06124054,0.081767164,0.045406986,0.06855738,0.046869252,0.06776837,0.06305339,0.062105145,0.044214804,0.03953568,0.0489587,0.052025735,0.083928585,0.05568198,0.1017991,0.07844331,0.048766784,0.08456305,0.058933638,0.053456694,0.05928502,0.050195795,0.044412084,0.054182652,0.017322347,0.058757868,0.057264872,0.06407846,0.055137046,0.070027456,0.086167865,0.048120312,0.063428745,0.039090224,0.029897511,0.029464569,0.063771605,0.05738012,0.041337248,0.06706086,0.053142298,0.07376027,0.051700205,0.067080095,0.03132434,0.051439464,0.059184868,0.06532432,0.058814704,0.06689905,0.051074725,0.053682007
split,0.08564001,0.081254855,0.079716556,0.07420039,0.08796835,0.075495,0.11077772,0.11654207,0.076590925,0.08571725,0.07287992,0.080807045,0.06828434,0.08560524,0.07392843,0.080731444,0.11120514,0.07022245,0.07827403,0.08420091,0.093768924,0.08540392,0.0899455,0.099748135,0.0705268,0.09144919,0.104690716,0.0915845,0.07021787,0.08921499,0.07615321,0.1020641,0.07176142,0.09652188,0.092486136,0.089798436,0.061467107,0.06392545,0.087182134,0.078627594,0.0663248,0.07746796,0.072422326,0.082071364,0.08069525,0.101398535,0.08967681,0.0779224,0.1045026,0.10425964,0.08109916,0.093210004,0.03281798,0.06983916,0.08508306,0.08542201,0.08328469,0.062356472,0.12862505,0.065871835,0.099535495,0.08438536,0.043549053,0.050162565,0.08211432,0.033858392,0.106589384,0.064853296,0.088353105,0.09661512,0.08604567,0.07016759,0.08455735,0.023394318,0.058538944,0.08095925,0.08915703,0.095610544,0.0745498,0.03238628,0.040555634,0.087625585,0.080090076,0.06319171,0.07310314,0.07883026,0.08533354,0.07621097,0.08614152,0.07596368,0.0767285,0.0919181,0.056802265,0.105700746,0.077269405,0.07327748,0.08652374,0.086604044,0.09021872,0.061384328,0.10282291,0.081935495,0.030770522,0.05534222,0.08186324,0.06370765,0.09020219,0.06800179,0.055342313,0.07860541,0.07612992,0.041586768,0.028910663,0.07894247,0.06958145,0.07305368,0.08746497,0.1791167,0.0923865,0.104370244,0.079667,0.074774384,0.10405847,0.085999034,0.08071067,0.07340011,0.05233077,0.10755172,0.084561855,0.07555253,0.0814207,0.08409382,0.06935608,0.08476074,0.08700753,0.08238875,0.0744495,0.08052669,0.081669964,0.09761592,0.0799063,0.08071814,0.063947394,0.08403793,0.13351572,0.08379432,0.07141263,0.06313554,0.10649192,0.08984672,0.07294714,0.06388265,0.06945376,0.07203061,0.072931364,0.076972075,0.078017525,0.09985586,0.088590525,0.068320006,0.060839865,0.077315934,0.0914477,0.066818714,0.07122947,0.08421693,0.07845308,0.09107733,0.050166003,0.064752474,0.08539323,0.07449901,0.064101234,0.055641234,0.0650241,0.045098085,0.077084064,0.07463832,0.08770568,0.02141347,0.09216512,0.06297697,0.11063427,0.022476742,0.07331579,0.090945914,0.08087447,0.07009287,0.09122335,0.09434367,0.07126311,0.09080726,0.0,0.064090714,0.05584378,0.075566046,0.08263798,0.09551019,0.05325062,0.07892285,0.0901917,0.0759668,0.06787521,0.07072597,0.1488115,0.087324336,0.08208198,0.077485844,0.08090063,0.09578419,0.09868284,0.08052895,0.08782505,0.07796061,0.07457597,0.087216854,0.076350644,0.0667575,0.08234449,0.074934065,0.02354622,0.07801389,0.06836736,0.073245294,0.08911262,0.09412358,0.088752754,0.06924319,0.104140036,0.084493265,0.07912685,0.026589729,0.07313991,0.027531995,0.029569512,0.08035201,0.022800488,0.09090563,0.080355614,0.08201947,0.07838355,0.090649806,0.077992335,0.092411116,0.0738602,0.06860798,0.07860746,0.07449854,0.050592814,0.10265565,0.08336196,0.10427302,0.07661164,0.09245927,0.09712297,0.08367731,0.07619412,0.0774671,0.1006969,0.06320044,0.09882463,0.0767144,0.109193206,0.081840284,0.06979423,0.07926394,0.08250863,0.07532217,0.078245655,0.07736932,0.06938289
pack,0.058858335,0.058910098,0.036388658,0.036234662,0.05429655,0.054409023,0.07419471,0.08162413,0.038548402,0.04888342,0.028779985,0.04843697,0.03686753,0.05538765,0.03776471,0.03849852,0.08004532,0.034034893,0.045210954,0.04286927,0.06512309,0.07700646,0.060979657,0.061681714,0.032669865,0.06023418,0.07086219,0.049806207,0.03512243,0.0484057,0.035261583,0.06630535,0.035568163,0.055065043,0.06659074,0.06304043,0.03012784,0.03361745,0.056366514,0.055296242,0.041284297,0.03991815,0.055760775,0.046819422,0.038690943,0.06329332,0.06455054,0.037828133,0.086747274,0.08600672,0.049923267,0.054486174,0.056172796,0.079554245,0.06788693,0.07167714,0.040659513,0.039195083,0.09317141,0.024162123,0.070491515,0.06470707,0.0414031,0.040199365,0.038176898,0.04627424,0.094479136,0.034250323,0.06229543,0.062180415,0.052999124,0.027318714,0.0496394,0.05739816,0.031241411,0.052268837,0.0689829,0.055379007,0.032240164,0.06586978,0.059962202,0.058844294,0.038578186,0.033639453,0.04415497,0.043868534,0.049056336,0.038982347,0.04319931,0.05519184,0.032363802,0.050497852,0.045698833,0.06770666,0.03993384,0.033948425,0.049154088,0.0481427,0.0464578,0.035040326,0.07059579,0.057063032,0.049065452,0.04080159,0.06929818,0.056023452,0.04722906,0.03491447,0.035599753,0.034673434,0.043454595,0.0375189,0.049346793,0.04351182,0.03242408,0.052893568,0.04604587,0.15842767,0.07046804,0.08058396,0.03295468,0.029596843,0.07805753,0.046487436,0.034737203,0.04304154,0.038874593,0.06850211,0.039478462,0.037486162,0.03553598,0.047971874,0.05528763,0.044183195,0.0468361,0.04707703,0.05007862,0.055780374,0.041225217,0.07449481,0.035693895,0.039064895,0.06025403,0.04149867,0.099372596,0.039539628,0.039039124,0.027146636,0.09223871,0.06538281,0.029006101,0.036376774,0.045168966,0.018471219,0.03873769,0.04704514,0.04156033,0.078917064,0.067714214,0.04697868,0.03689504,0.046471808,0.046592183,0.05464504,0.03162693,0.060621858,0.043776903,0.048103813,0.041181624,0.04691121,0.04485416,0.030088143,0.03596609,0.044732023,0.037029408,0.039101526,0.04267904,0.037777282,0.04872377,0.0500968,0.085310146,0.028390706,0.07274881,0.062596835,0.0366425,0.06779648,0.050555605,0.02742204,0.050670575,0.071728736,0.04612091,0.055860598,0.064090714,0.0,0.033508718,0.0299109,0.03698912,0.06907213,0.03697972,0.03987988,0.05426952,0.03491217,0.05202655,0.039140336,0.11811905,0.06958839,0.05517624,0.039561152,0.04896506,0.07908723,0.056244146,0.05215314,0.053593565,0.046236884,0.032241624,0.04264965,0.03593185,0.050380383,0.06377108,0.032160334,0.054837596,0.053654168,0.05151334,0.041242402,0.06587854,0.07059135,0.045330834,0.03258216,0.081950195,0.042005844,0.040729716,0.052834116,0.045705944,0.06815231,0.051183026,0.048250385,0.052370835,0.048157215,0.04972222,0.056710307,0.039351694,0.0689339,0.039091613,0.058768712,0.05090937,0.04619048,0.06862886,0.051960576,0.03808012,0.061766576,0.056848712,0.08693119,0.03129529,0.06669852,0.068283685,0.038499907,0.0421354,0.042096954,0.08618159,0.03017851,0.07998005,0.04340314,0.09309578,0.046255972,0.0414948,0.057413194,0.037378274,0.050117366,0.058491416,0.049279787,0.051679034
mound,0.06953349,0.06247592,0.045598708,0.033452928,0.06520378,0.055473518,0.076229125,0.08224529,0.045298558,0.048514377,0.040798355,0.05627471,0.04408585,0.06431296,0.03550935,0.0492434,0.08149341,0.036574543,0.05796559,0.05574485,0.076806255,0.07799753,0.07364961,0.07265161,0.044812158,0.07091587,0.07257773,0.056512527,0.032608878,0.057630353,0.044583462,0.06591633,0.047578532,0.06093969,0.07952859,0.074298345,0.031601734,0.039033085,0.06822853,0.067436606,0.04369753,0.051561892,0.06287102,0.059356954,0.052981384,0.06501304,0.07280308,0.037541013,0.09802112,0.09583445,0.066205524,0.05741955,0.05095375,0.079060756,0.07249114,0.08034386,0.048271205,0.0406766,0.095683455,0.034131218,0.0829107,0.0714801,0.0266743,0.036401693,0.053055957,0.035053857,0.10219304,0.027630633,0.07259933,0.07414975,0.06371432,0.03126928,0.058766022,0.0465329,0.0228862,0.062329825,0.076943584,0.060202293,0.040373594,0.057226334,0.048730664,0.06895927,0.050521817,0.03326814,0.046398573,0.0541885,0.061829448,0.0493198,0.0532059,0.060669597,0.039920665,0.058768462,0.037085798,0.06916997,0.04540083,0.03469089,0.054950744,0.060296677,0.057583466,0.040634368,0.082119174,0.06353177,0.03860038,0.04471838,0.06981149,0.05064997,0.0552416,0.04046289,0.033139165,0.037029196,0.047068596,0.037159152,0.040919174,0.046451528,0.04019618,0.059148196,0.052503064,0.16335347,0.078890175,0.09234206,0.04696315,0.032010373,0.08987401,0.05505115,0.042717744,0.04335249,0.019379701,0.07482424,0.049471866,0.04319586,0.04677853,0.057460304,0.059663653,0.057307392,0.051208276,0.055618696,0.055484727,0.06359379,0.04798034,0.0869988,0.045672085,0.047733765,0.05253366,0.052986853,0.10328997,0.04855749,0.04043776,0.03287135,0.10130151,0.0777449,0.039921895,0.025930673,0.05309467,0.039773244,0.047423087,0.055931013,0.038895056,0.08787533,0.07872908,0.041924417,0.020413075,0.049605977,0.050952464,0.04705927,0.035975914,0.06869448,0.053224612,0.053941444,0.02512658,0.05290826,0.052752756,0.045032162,0.026762914,0.043496534,0.039464984,0.026211934,0.052984845,0.04592404,0.059311647,0.041019164,0.09364251,0.03794426,0.07680933,0.051245056,0.05052413,0.07565076,0.05905695,0.037008934,0.058367927,0.0815799,0.049092036,0.06899014,0.05584378,0.033508718,0.0,0.04198243,0.053080987,0.08125041,0.030963197,0.04810146,0.050132293,0.041189045,0.052979298,0.028701661,0.11747424,0.07899797,0.061223183,0.038937796,0.056053627,0.08818804,0.06389223,0.06326971,0.065504186,0.06022469,0.036712464,0.050536484,0.049233247,0.044257272,0.06921333,0.036257997,0.046712797,0.06081966,0.050632533,0.05051025,0.07051595,0.080044396,0.054415643,0.044246785,0.093850926,0.05240568,0.049594108,0.042619828,0.05084536,0.056676373,0.045782603,0.05687865,0.043235008,0.057178162,0.058004193,0.069126464,0.05057824,0.081538975,0.04685029,0.07181345,0.053240538,0.04857141,0.07514408,0.05576972,0.030857611,0.06621676,0.066611186,0.09731552,0.04688882,0.0783865,0.080781154,0.04311824,0.050918788,0.052889075,0.094835036,0.039664652,0.08736776,0.057151463,0.10107217,0.057828832,0.052025713,0.06072421,0.044600215,0.05911141,0.060361654,0.054241545,0.059134286
replace,0.06795615,0.072151005,0.029071124,0.03488981,0.05968713,0.06760165,0.062279478,0.065913774,0.038602434,0.040134605,0.03641655,0.059366606,0.041481595,0.06133025,0.041501075,0.038308315,0.06554886,0.039895974,0.05718663,0.044464126,0.07418407,0.090211764,0.07066024,0.060545657,0.047396004,0.06868355,0.056373104,0.041793607,0.039402734,0.04230906,0.035973977,0.052293867,0.040546767,0.04720985,0.07972634,0.07332615,0.037472717,0.042584397,0.06306481,0.067615904,0.050657578,0.04669978,0.070571944,0.045473557,0.043623134,0.051627215,0.07476084,0.033538517,0.100842625,0.099880315,0.064349875,0.04414372,0.069157265,0.09446144,0.07901489,0.08453778,0.03370857,0.037023067,0.0792631,0.023358792,0.077537104,0.07890572,0.05173761,0.047196977,0.04538562,0.059354722,0.10572508,0.034308292,0.06906531,0.06539091,0.061642982,0.03762746,0.056706477,0.07107082,0.033597026,0.06090906,0.081214316,0.042396624,0.037671957,0.080438875,0.06398736,0.06950421,0.030344715,0.040606424,0.05636905,0.048665598,0.05315532,0.047796708,0.031204598,0.06650196,0.029355293,0.035598405,0.059303164,0.055619523,0.04037193,0.033298016,0.049061112,0.05436814,0.041731447,0.040539637,0.07348095,0.067887984,0.06050612,0.050410874,0.08102864,0.05211269,0.03721674,0.04650816,0.03937005,0.030106401,0.05312799,0.04834854,0.06252415,0.041918904,0.03562749,0.064000964,0.036601547,0.15363745,0.081674136,0.09020017,0.03612284,0.034429062,0.08693413,0.04605774,0.03217465,0.042441666,0.045796987,0.055822674,0.033432838,0.034008462,0.029455408,0.05303245,0.06621289,0.050599065,0.037316345,0.050789934,0.06159011,0.067659475,0.041417845,0.08227688,0.03506216,0.04034364,0.056691416,0.046079278,0.08661222,0.032069016,0.03944624,0.035825502,0.106634736,0.0780091,0.03503836,0.038857903,0.055408426,0.029464163,0.046887428,0.059313413,0.039513588,0.08962261,0.07666764,0.06218024,0.04418152,0.051713165,0.036994636,0.05054167,0.027544893,0.0697477,0.050543427,0.03861309,0.04716018,0.0616428,0.046222936,0.03480985,0.037971094,0.05815874,0.041059837,0.05091687,0.05114068,0.038699754,0.054110963,0.06212272,0.099397734,0.031526577,0.057833266,0.072657205,0.049654353,0.08017052,0.05807481,0.031126346,0.041078433,0.083185986,0.057885423,0.060443923,0.075566046,0.0299109,0.04198243,0.0,0.03816602,0.07794649,0.05057026,0.033962715,0.045841675,0.038032077,0.061827317,0.046326794,0.10307462,0.08597241,0.068456486,0.0384824,0.056534264,0.093500346,0.04522287,0.0649639,0.054997362,0.05830976,0.03516953,0.029042684,0.041487172,0.048115317,0.07589127,0.027603239,0.06784944,0.06490526,0.060225878,0.050044946,0.07820626,0.08254528,0.031870674,0.03746196,0.089408435,0.04237671,0.04746177,0.062421586,0.05561451,0.07629675,0.064806394,0.05697957,0.06304815,0.03739779,0.056529198,0.06991078,0.04651152,0.079573095,0.0449057,0.06233579,0.057431497,0.057363637,0.0812035,0.061002888,0.04150048,0.047818452,0.06709591,0.1010921,0.03723636,0.07537442,0.072835796,0.03301106,0.047760583,0.047819503,0.10008703,0.03977852,0.09038504,0.055236958,0.10661904,0.055246606,0.051038157,0.067327574,0.02856427,0.06101787,0.06723667,0.058116995,0.06523547
foil,0.05019928,0.0673919,0.031963136,0.04640924,0.047694974,0.06662529,0.069867,0.08136322,0.04100681,0.050381027,0.043280877,0.046651408,0.0426392,0.045942836,0.04772058,0.031390052,0.07664153,0.040689766,0.042698473,0.027011428,0.05390593,0.084863596,0.049951654,0.039098434,0.042588945,0.04872384,0.064285845,0.035992283,0.047217887,0.035792883,0.036617484,0.0639823,0.027531834,0.053574663,0.06034151,0.05215902,0.03787988,0.04325503,0.04235222,0.056418058,0.054005157,0.03007921,0.06502493,0.02914663,0.028731925,0.062246535,0.07054018,0.04109901,0.08396256,0.08702145,0.05877863,0.04417672,0.07113373,0.09363362,0.07019943,0.072128005,0.03907286,0.040287524,0.08993483,0.039799526,0.05290068,0.07336087,0.0617833,0.050948136,0.03547998,0.06759979,0.09676142,0.047699448,0.04975057,0.042648975,0.046534445,0.03673911,0.048729874,0.07754448,0.049711443,0.052133936,0.07493326,0.04896938,0.037046205,0.08548076,0.0765088,0.06049663,0.03185558,0.042881228,0.05458098,0.043239903,0.03515444,0.04276225,0.034288708,0.05757007,0.03420354,0.044924296,0.061716545,0.06462628,0.046189148,0.036692742,0.047158144,0.038695782,0.039028842,0.045572888,0.04949933,0.06382061,0.068276726,0.048525766,0.075657755,0.064437665,0.041355185,0.050511453,0.051431905,0.044929612,0.050478462,0.05184804,0.06993997,0.05137454,0.041014016,0.057592202,0.048554827,0.15198301,0.076510385,0.069258414,0.027318506,0.03959251,0.063949555,0.037004672,0.040358555,0.047693312,0.05915299,0.054257993,0.030690875,0.04266431,0.032416385,0.041895192,0.06934854,0.037252802,0.047444988,0.034647398,0.05987468,0.05834737,0.036028963,0.06338071,0.025674237,0.039271995,0.068410635,0.036905352,0.086481586,0.035547685,0.040486403,0.040390585,0.092611745,0.06101059,0.041863427,0.048610024,0.046961896,0.03396802,0.04503238,0.055921867,0.048695672,0.07404839,0.055812974,0.062640384,0.05547312,0.054424275,0.04508996,0.06530896,0.041802756,0.065717325,0.042117417,0.04411345,0.06141954,0.06137107,0.046652824,0.028061597,0.051321786,0.059777502,0.041900095,0.060242366,0.04530409,0.034130476,0.039911877,0.07122105,0.09037846,0.037061322,0.06567487,0.08202851,0.033420585,0.07517693,0.045985304,0.030376267,0.038889874,0.06803212,0.05384229,0.039189227,0.08263798,0.03698912,0.053080987,0.03816602,0.0,0.055236395,0.052868597,0.03487106,0.057336517,0.035402425,0.06366527,0.052694637,0.11389841,0.07523004,0.06384475,0.044113588,0.043475766,0.08604588,0.047348782,0.05167909,0.033780374,0.058543995,0.03583923,0.047439173,0.034622103,0.057643443,0.06550123,0.04413346,0.074955545,0.05599276,0.06675481,0.04804065,0.073440544,0.07013447,0.03419875,0.03790616,0.06740667,0.036841188,0.04359325,0.07221788,0.05913679,0.08788139,0.072158754,0.0455031,0.07199946,0.035133306,0.05484265,0.06763236,0.045036327,0.06151103,0.0471088,0.041043654,0.059379507,0.057302453,0.07601744,0.06132787,0.050297096,0.058435086,0.058312822,0.085802026,0.031168655,0.055486273,0.04837494,0.044756196,0.051809162,0.040339265,0.088575445,0.04458205,0.08572753,0.050941676,0.091520675,0.040330596,0.05287561,0.06654034,0.04277548,0.063281,0.070323825,0.056142665,0.061310243
roast,0.028717233,0.05909406,0.070206106,0.08061253,0.05844921,0.06282441,0.114053726,0.12870601,0.07347662,0.08906179,0.06762708,0.03923388,0.059365,0.041604277,0.07301112,0.05845437,0.12578952,0.06117421,0.04121758,0.048416834,0.04347434,0.06547229,0.026138661,0.053861488,0.050709445,0.041626494,0.10960753,0.07432309,0.074157625,0.06867198,0.064659886,0.1096006,0.05716139,0.10174956,0.040958706,0.022367109,0.06035226,0.06603374,0.030351302,0.04451866,0.06235942,0.04536777,0.052418683,0.046830423,0.05005318,0.106107675,0.0710541,0.078037605,0.04386752,0.06375043,0.0504402,0.086247995,0.07937056,0.08589892,0.048219196,0.046753198,0.076841176,0.07368433,0.13918841,0.07455409,0.020040281,0.06207631,0.08435507,0.07054873,0.05793301,0.082605965,0.07532383,0.08426715,0.03704769,0.04066283,0.042772494,0.06704473,0.058320083,0.08695729,0.08408912,0.04536672,0.061185054,0.095772356,0.057841696,0.08831528,0.10581976,0.05520931,0.06930322,0.06747028,0.057646565,0.056323268,0.03674123,0.051778376,0.07947996,0.059889622,0.07006739,0.09132741,0.0701327,0.10997384,0.07067149,0.0721829,0.07352888,0.043134816,0.07455934,0.06668647,0.037014484,0.057333447,0.08319604,0.05683304,0.060139943,0.103168935,0.0844269,0.07077605,0.08251111,0.08222293,0.05965952,0.07709256,0.08394189,0.07886659,0.063406184,0.05632729,0.09243856,0.18280418,0.07134573,0.02310815,0.059869602,0.072717205,0.016638508,0.064062275,0.07617029,0.08518068,0.08776221,0.09751155,0.070294544,0.07241567,0.06939582,0.05434338,0.06626638,0.0510827,0.09253501,0.047897194,0.066367336,0.054812863,0.071055554,0.026928354,0.06130661,0.06513822,0.10514151,0.062092748,0.12883301,0.074525975,0.07763475,0.06087515,0.055018738,0.039620157,0.06683804,0.08170578,0.049071386,0.06548425,0.062052228,0.05569123,0.08018793,0.03501094,0.02254927,0.06602876,0.08198852,0.07015025,0.088013254,0.10600243,0.07529854,0.060719267,0.055055033,0.089554764,0.09155036,0.059489284,0.07518276,0.06128885,0.08430094,0.063780606,0.06642981,0.08056017,0.058212083,0.06374225,0.05844536,0.08991853,0.06459827,0.06028503,0.11177834,0.10094999,0.043387253,0.06755794,0.059018623,0.06438792,0.079119526,0.03484625,0.055174407,0.029715894,0.09551019,0.06907213,0.08125041,0.07794649,0.055236395,0.0,0.06908442,0.07072795,0.10070097,0.061889715,0.06889198,0.07396641,0.1614764,0.056435313,0.06278022,0.074832454,0.038631517,0.06137471,0.09328727,0.043609608,0.0370179,0.05831922,0.06399838,0.093194865,0.050162006,0.09683657,0.06568067,0.07840806,0.08693911,0.04746615,0.077118546,0.05392807,0.06683045,0.058591858,0.0812628,0.05629218,0.024953742,0.06345865,0.061830647,0.092964344,0.062145893,0.11054548,0.08359798,0.05587943,0.09312849,0.07890708,0.06261107,0.057968065,0.062060513,0.036528178,0.065674804,0.028953614,0.06746487,0.06314356,0.061872702,0.061775934,0.08412057,0.10556619,0.050029907,0.048100546,0.051909085,0.021256356,0.025742775,0.0808485,0.066707805,0.05383072,0.05382749,0.064147376,0.06825684,0.05590436,0.053531926,0.03724201,0.056467496,0.06384409,0.082824476,0.062611744,0.07321938,0.05820209,0.054007147
unfold,0.055792157,0.045866944,0.051398095,0.04183888,0.057485048,0.038166407,0.087401144,0.099359386,0.04770929,0.059348222,0.037352998,0.04539673,0.03866984,0.056976702,0.03787179,0.04832882,0.09904927,0.033349678,0.04817982,0.05277241,0.06501414,0.06427145,0.06212113,0.07250933,0.037185185,0.05998778,0.08786754,0.06407448,0.03644221,0.062147316,0.043524265,0.08137999,0.046022706,0.07448857,0.06387443,0.060500655,0.032920472,0.035135545,0.060066197,0.054042928,0.03320442,0.04663741,0.046245318,0.056632042,0.046922162,0.077562846,0.05884444,0.047447246,0.08063518,0.07884328,0.054124817,0.068650484,0.042192176,0.05931128,0.05829178,0.063810036,0.054491818,0.04690322,0.111832924,0.04008406,0.07383199,0.051552292,0.03337923,0.033297084,0.049950212,0.031564996,0.08552998,0.038779993,0.06345887,0.06872303,0.054880466,0.030785613,0.05218569,0.04239585,0.038247414,0.049576044,0.061126333,0.07217435,0.036730677,0.048905905,0.05681198,0.053690262,0.053905338,0.03426415,0.03394563,0.046189956,0.054210715,0.04089453,0.061591323,0.04784606,0.04324697,0.070799015,0.030615157,0.08378331,0.04574646,0.04396736,0.053843755,0.052641705,0.061408676,0.0413755,0.07680921,0.048068214,0.036379486,0.03740077,0.05702926,0.062431544,0.06280516,0.035167374,0.036548804,0.04554114,0.0382042,0.03736573,0.034355175,0.05142731,0.039376557,0.047702596,0.06206192,0.16994303,0.06365574,0.078700036,0.043216106,0.03980241,0.07790216,0.052926276,0.045627862,0.04758284,0.03662104,0.08560695,0.053068444,0.048389204,0.050796684,0.0491509,0.04444589,0.049562883,0.062346198,0.049064003,0.042377606,0.04751797,0.048803937,0.074260876,0.048073128,0.047916368,0.06487155,0.049480334,0.11748671,0.052978206,0.04537595,0.028403014,0.08450074,0.062145956,0.037672844,0.0388507,0.040712617,0.039182853,0.04149757,0.041481238,0.047415417,0.07448861,0.067042686,0.031884547,0.03462337,0.04766193,0.060738746,0.061989997,0.04148882,0.054756444,0.0447167,0.066173926,0.040365428,0.038250707,0.05198518,0.046615284,0.038319603,0.034065,0.03899599,0.029654095,0.044377398,0.04617328,0.053502727,0.041743062,0.07595755,0.035928715,0.09049905,0.05465204,0.04140477,0.059299514,0.049020447,0.039619833,0.06640001,0.06749013,0.03647332,0.060857024,0.05325062,0.03697972,0.030963197,0.05057026,0.052868597,0.06908442,0.0,0.05127365,0.06641131,0.040334255,0.04761533,0.032967158,0.13476059,0.061620723,0.046242967,0.04577069,0.047456905,0.07099168,0.07426489,0.049352486,0.06072404,0.04896143,0.036728863,0.062050927,0.041998535,0.05480555,0.055074662,0.04279312,0.04315467,0.047679204,0.047437854,0.04050739,0.05534208,0.06495931,0.063860886,0.038969547,0.08182492,0.050968762,0.041808784,0.046049725,0.040005706,0.06248658,0.03568869,0.045239646,0.04480201,0.06465346,0.048325248,0.055443767,0.04345113,0.068851985,0.03917061,0.06523647,0.04871451,0.036794182,0.058121666,0.044809233,0.040724564,0.08031052,0.052841503,0.08014496,0.041106213,0.06650069,0.07296963,0.04988587,0.042367704,0.04412219,0.07861149,0.03529369,0.070716396,0.044291094,0.08485672,0.047732823,0.039115936,0.050376,0.050989974,0.045162953,0.05345356,0.043751325,0.044699058
yield,0.06264653,0.07202766,0.0322721,0.038874403,0.056450546,0.067716874,0.062464688,0.07221715,0.037997853,0.04251196,0.044213522,0.055373162,0.04055616,0.056017727,0.042719528,0.0382282,0.07065605,0.040538356,0.056839913,0.041074872,0.06890291,0.08718292,0.064298615,0.0525843,0.049426824,0.06255483,0.05870594,0.037392627,0.041647904,0.038162075,0.03743137,0.055560686,0.03683319,0.05248183,0.07495864,0.06770822,0.038431257,0.038401384,0.056713507,0.065948285,0.053873345,0.042214137,0.07005607,0.04242964,0.040550575,0.053180676,0.07462862,0.034848142,0.096270226,0.096650526,0.067115106,0.042652596,0.070260145,0.094394684,0.07587933,0.08153318,0.03818,0.037277963,0.082814924,0.03821363,0.06963745,0.07865858,0.056327313,0.048735548,0.046488702,0.06335971,0.10374099,0.04021482,0.062893696,0.057692476,0.05677781,0.041642368,0.054264165,0.07369843,0.041410968,0.059975453,0.08103111,0.04426764,0.039242752,0.082709216,0.06756522,0.06906998,0.03490506,0.041025158,0.056651417,0.049077734,0.04882631,0.049299672,0.03640894,0.06423992,0.03324796,0.04190654,0.06101773,0.05708833,0.045277826,0.036647726,0.04423344,0.05054315,0.043425653,0.04525408,0.065409936,0.068471156,0.063144475,0.05003876,0.07864122,0.05505413,0.037760433,0.04882258,0.0437688,0.039609652,0.05275266,0.0500466,0.06591548,0.045704804,0.040273644,0.06283236,0.041141324,0.15065713,0.0811483,0.08370545,0.036220394,0.039047755,0.07902264,0.041044753,0.036947653,0.04320738,0.050897513,0.054044623,0.033705633,0.038519643,0.03351173,0.047127996,0.06983553,0.046119496,0.04221782,0.046352964,0.06480674,0.065822035,0.03903178,0.07726689,0.031696435,0.04193562,0.05960225,0.04450529,0.08526217,0.034696966,0.04003883,0.040041488,0.103170276,0.07519407,0.043373533,0.04108182,0.05177636,0.038163807,0.040701237,0.05989954,0.043114986,0.08415255,0.06956159,0.064042315,0.048359048,0.053607374,0.03989019,0.055791833,0.03597106,0.070627,0.042601045,0.041392855,0.05331514,0.06344503,0.04459535,0.035053436,0.04319388,0.058834173,0.033131614,0.05504475,0.052746378,0.038176935,0.05066396,0.067149565,0.09812485,0.038366314,0.058459528,0.07634308,0.04678316,0.082148574,0.051826846,0.035231903,0.040076055,0.078919925,0.05845976,0.0539196,0.07892285,0.03987988,0.04810146,0.033962715,0.03487106,0.07072795,0.05127365,0.0,0.048029862,0.038338296,0.06290837,0.048418857,0.1047221,0.0854365,0.07011923,0.04076712,0.053582076,0.09403551,0.04459242,0.06468406,0.048479307,0.062478643,0.037191637,0.03950767,0.04106315,0.050406832,0.07198837,0.038690183,0.071252644,0.061927512,0.06371886,0.051385973,0.07981159,0.08164689,0.03478633,0.042368595,0.0823924,0.041469537,0.048539586,0.06665781,0.06045281,0.081151865,0.06879044,0.05317144,0.067343496,0.03696308,0.058320776,0.07251997,0.048200846,0.0742225,0.048126627,0.055967264,0.057466324,0.05819451,0.080778375,0.062567554,0.0450474,0.05289046,0.06669447,0.0967321,0.03979588,0.06939936,0.06416798,0.04077919,0.054638993,0.045485668,0.09705406,0.046586823,0.09207744,0.0572598,0.10160345,0.05330742,0.055804994,0.06805474,0.037833225,0.06600238,0.06856192,0.05934023,0.067162916
smooth,0.092540435,0.095494084,0.050888836,0.038965326,0.08021359,0.08935235,0.04463502,0.043743365,0.050028916,0.0387979,0.061760888,0.080994,0.06614089,0.08261658,0.050116792,0.06067931,0.046995316,0.058465183,0.08302465,0.06658126,0.09865987,0.1141866,0.09279037,0.070749335,0.07275792,0.090021364,0.039297223,0.040717706,0.04884776,0.047016695,0.05743006,0.035428047,0.055604015,0.041002683,0.10424467,0.096261,0.055494398,0.06397706,0.083416,0.09488373,0.07529129,0.0669918,0.09732307,0.06989824,0.06861545,0.033883255,0.09937571,0.035700377,0.1269434,0.12467132,0.095848024,0.035920706,0.084753774,0.11699899,0.10514075,0.110970795,0.04809333,0.048027236,0.056745484,0.05376745,0.0981996,0.10492236,0.06177703,0.06487565,0.0684854,0.07419448,0.13314772,0.038949676,0.08985074,0.08098548,0.08216402,0.051335957,0.07900593,0.08678844,0.0415913,0.08833711,0.10848104,0.03822461,0.057157833,0.09829996,0.06584966,0.09633804,0.05619122,0.05347225,0.07636861,0.07526733,0.07687188,0.07425987,0.0470399,0.08978183,0.042443704,0.04305884,0.07583884,0.032880988,0.06005617,0.03903252,0.0554365,0.0765838,0.05738445,0.06690686,0.08997669,0.09541427,0.074850075,0.07484344,0.104930624,0.044113692,0.03987607,0.06760239,0.051759087,0.040245645,0.07424123,0.060840037,0.07834977,0.05769796,0.060985114,0.089681976,0.04062753,0.14443445,0.10690496,0.11506639,0.05860544,0.04474827,0.10837501,0.05897005,0.048539974,0.045966122,0.047278184,0.045746904,0.048825786,0.053729884,0.04892094,0.07000847,0.09479712,0.07042747,0.034672443,0.06742147,0.08616574,0.091699205,0.051170327,0.109961346,0.05364014,0.05930334,0.050427403,0.066282734,0.065733984,0.048172288,0.046895396,0.061245374,0.13362649,0.1057109,0.06148528,0.039290905,0.082531035,0.057187494,0.06856017,0.08467364,0.047133222,0.1150453,0.10024415,0.080146186,0.05066194,0.070598066,0.035076648,0.03861771,0.04748399,0.096787944,0.073366635,0.035208,0.050810453,0.086938016,0.056964252,0.051949967,0.041484613,0.079488166,0.059995465,0.06261024,0.077499576,0.060150716,0.073564656,0.07669604,0.1277547,0.06229642,0.04001675,0.08171913,0.071486846,0.10807426,0.07835369,0.053225312,0.048556317,0.10989823,0.08019221,0.082851924,0.0901917,0.05426952,0.050132293,0.045841675,0.057336517,0.10070097,0.06641131,0.048029862,0.0,0.05587036,0.083069056,0.053762246,0.07643511,0.11349555,0.09205073,0.048109725,0.07906246,0.1230784,0.034756117,0.092534006,0.07663149,0.0895677,0.05304098,0.03733327,0.06544857,0.04624312,0.09476927,0.0465197,0.08416423,0.08971053,0.08021952,0.07932534,0.10243992,0.109096184,0.038903404,0.06823594,0.11361671,0.0616305,0.07123323,0.073374666,0.08245628,0.081996,0.08457702,0.077524364,0.0744841,0.047647852,0.081707425,0.100710936,0.07125248,0.10363797,0.067616336,0.0844068,0.07855465,0.07809519,0.1085837,0.08618758,0.046648078,0.034786448,0.09531665,0.12714188,0.06307926,0.09991587,0.092091925,0.04312879,0.07656018,0.070966065,0.12722187,0.069282986,0.11890783,0.08306022,0.131875,0.080611594,0.082054965,0.09085644,0.043839246,0.09257893,0.08891776,0.0827714,0.09448975
press,0.050742127,0.055257976,0.034360528,0.035900827,0.04450897,0.050707355,0.072640345,0.0845341,0.03784602,0.04337555,0.031103738,0.038268816,0.03443112,0.047181863,0.029258398,0.034948297,0.085276455,0.032143146,0.044196673,0.03711715,0.054444812,0.07411804,0.056044348,0.052800916,0.037634727,0.046144098,0.07279722,0.043485913,0.030101774,0.045612693,0.034527633,0.06730715,0.03733892,0.060399465,0.059569616,0.056627143,0.029986387,0.03478054,0.051508695,0.056729894,0.038012635,0.03376506,0.056831952,0.04470127,0.035015296,0.062300462,0.06449455,0.037896886,0.083558895,0.08051482,0.05537906,0.05028414,0.06492216,0.08182377,0.06291361,0.07175722,0.0410763,0.041955613,0.097018495,0.035007577,0.06304599,0.0635112,0.050095133,0.04156927,0.038285136,0.05605513,0.09377551,0.03729879,0.054902267,0.053135622,0.044976413,0.028992921,0.046998564,0.06729815,0.042256664,0.04475861,0.06504528,0.05449968,0.027811931,0.07415599,0.070396416,0.053959478,0.040841058,0.03035254,0.041075647,0.03892827,0.042228457,0.02928709,0.044625375,0.048450015,0.03072118,0.054995395,0.04766442,0.06586649,0.030586062,0.035008945,0.040754795,0.040097278,0.045845296,0.040903527,0.061213657,0.049838316,0.057871763,0.044796355,0.06653983,0.06399072,0.047327776,0.0423733,0.044884887,0.034088045,0.040523637,0.049065907,0.058921896,0.042285617,0.030777505,0.052869752,0.05119673,0.15988806,0.07060205,0.072977036,0.027472017,0.026424762,0.070137426,0.035197858,0.03118315,0.042283855,0.048292056,0.066546604,0.035671126,0.036739584,0.032976106,0.036356818,0.05499019,0.035405256,0.048653137,0.03880357,0.04916991,0.046207167,0.024643157,0.06968149,0.028203133,0.033921372,0.06645522,0.034012195,0.09961551,0.038279254,0.03566404,0.033405386,0.08929009,0.062203158,0.02975275,0.038342953,0.041408673,0.03087366,0.033193626,0.042877775,0.040580623,0.072692715,0.062974826,0.046557523,0.041911162,0.041170184,0.042804025,0.06059892,0.031038372,0.05717307,0.03568641,0.046655394,0.049697556,0.04972188,0.041475095,0.03350297,0.040977765,0.045784727,0.03566635,0.045459058,0.041676927,0.034664772,0.03639071,0.06287649,0.08726972,0.032113742,0.072551794,0.07492001,0.03366476,0.06560728,0.039548215,0.023777107,0.04976029,0.066568576,0.034268543,0.047106076,0.0759668,0.03491217,0.041189045,0.038032077,0.035402425,0.061889715,0.040334255,0.038338296,0.05587036,0.0,0.051508527,0.03414143,0.11959275,0.06924306,0.05333454,0.0383698,0.04119585,0.07786575,0.055636525,0.04508413,0.04871775,0.050961778,0.022241209,0.047619913,0.034347665,0.053511675,0.05569972,0.03263469,0.066790424,0.04653576,0.051906075,0.039387293,0.06122845,0.06411257,0.045126606,0.033212934,0.07521653,0.03640012,0.03783191,0.06505497,0.041317534,0.08072833,0.06195118,0.037468318,0.06518017,0.045012947,0.046590075,0.059686176,0.035995234,0.066308565,0.03140245,0.05184356,0.04805828,0.037433784,0.07018781,0.045549102,0.043259155,0.062370203,0.05268534,0.08335546,0.030982543,0.058848593,0.06152164,0.03216179,0.04140356,0.03892956,0.084672384,0.037370313,0.071453355,0.04756979,0.08703182,0.036673844,0.04402136,0.051411733,0.0361647,0.05231521,0.055183064,0.043894242,0.04980466
puree,0.057523027,0.053847294,0.059902407,0.055137485,0.059821595,0.0480776,0.10055267,0.109081216,0.056312166,0.05986975,0.052876543,0.051624533,0.038737226,0.04654406,0.04990012,0.06073231,0.110496044,0.047429077,0.05614273,0.061506122,0.071604274,0.061440524,0.06508563,0.07710235,0.05061319,0.06485512,0.098757185,0.07396244,0.0474457,0.07376775,0.056373905,0.09172585,0.05899618,0.09067872,0.067040764,0.06497606,0.04440024,0.053613257,0.06541459,0.057154577,0.03476223,0.056059305,0.052415438,0.061689124,0.057127908,0.08589373,0.065685816,0.06273121,0.078790136,0.0761412,0.05861764,0.07672216,0.06098285,0.07303002,0.05562974,0.06274582,0.067047,0.06405779,0.1242785,0.05642921,0.07330105,0.06233512,0.053963065,0.052018583,0.0606628,0.0508674,0.08342304,0.060310293,0.065128095,0.07331582,0.05761443,0.05372705,0.056774355,0.05726732,0.056759313,0.049687807,0.058774587,0.08304256,0.04856825,0.059801906,0.07512084,0.06351495,0.06511067,0.04675886,0.046528213,0.055113368,0.05945278,0.042640354,0.0731432,0.061548788,0.05917714,0.081452556,0.04709786,0.09322344,0.04065892,0.061697453,0.06569311,0.060264733,0.07216758,0.037897535,0.07769006,0.0548785,0.05287078,0.03634191,0.056879222,0.08071141,0.07696697,0.057422142,0.058365308,0.063585415,0.044219624,0.057802595,0.05406835,0.04013334,0.0389683,0.056355882,0.07732219,0.17716672,0.06850995,0.07627326,0.05720075,0.050023552,0.076578446,0.062415216,0.05760998,0.06951371,0.055951625,0.096011594,0.062102444,0.041683972,0.058652673,0.05879149,0.042408813,0.057343762,0.07696102,0.059477057,0.057153203,0.05972121,0.06630334,0.071546316,0.060612977,0.048760127,0.08293698,0.06238195,0.12650907,0.06579531,0.06449329,0.047243144,0.08178004,0.06704382,0.0457529,0.05836404,0.052221246,0.05323419,0.04811674,0.04210844,0.048162438,0.07083403,0.065711655,0.04945837,0.050242223,0.03763781,0.072736606,0.0795753,0.056727927,0.05668889,0.055860095,0.07320957,0.05815135,0.040451463,0.0575251,0.053874627,0.05835495,0.030377865,0.053481717,0.04838175,0.057305098,0.058937367,0.06674302,0.060796365,0.07586275,0.04843141,0.10124958,0.06920426,0.05073472,0.06739886,0.06556489,0.054431662,0.075517796,0.06471802,0.047024418,0.062031526,0.06787521,0.05202655,0.052979298,0.061827317,0.06366527,0.06889198,0.04761533,0.06290837,0.083069056,0.051508527,0.0,0.051470667,0.14615072,0.065427385,0.0596781,0.047591142,0.05271507,0.071440116,0.08623183,0.04999286,0.062048227,0.054637454,0.055296123,0.07510365,0.05220007,0.0748013,0.071410075,0.0564247,0.06072874,0.040888343,0.018137861,0.046754375,0.06543051,0.073617384,0.07533148,0.039893646,0.07806588,0.06136351,0.05876745,0.06355459,0.044175517,0.07597123,0.055083912,0.061634853,0.06408955,0.07462498,0.053158253,0.058874235,0.051117256,0.06886577,0.04775191,0.06622127,0.018384825,0.044844043,0.061234947,0.027767876,0.059246123,0.092446685,0.05446455,0.07834594,0.053099528,0.06118417,0.073571585,0.062970124,0.05606456,0.05677958,0.07644467,0.046902634,0.07180092,0.05722043,0.0826925,0.050328854,0.049763847,0.03267416,0.0660318,0.05186868,0.025027176,0.048581824,0.04337891
roll,0.061625216,0.050752103,0.04494796,0.0306438,0.058041655,0.04339991,0.078501515,0.087931044,0.045334317,0.048160132,0.038447943,0.046479955,0.040665098,0.05807858,0.023333844,0.045838457,0.09065943,0.027067674,0.0548328,0.051040176,0.07115547,0.070425525,0.06663138,0.06959699,0.039464567,0.06314638,0.07766087,0.055941377,0.025614379,0.057651803,0.039979547,0.06914033,0.049198046,0.0693233,0.07239951,0.06832102,0.032930966,0.043388017,0.06484249,0.06291422,0.037510075,0.048274882,0.05654339,0.05648435,0.049128186,0.066789724,0.06578991,0.034630105,0.08974664,0.086730815,0.06123658,0.058562815,0.06109395,0.080099314,0.0641811,0.07470081,0.05021968,0.050941624,0.10261032,0.04309529,0.07782832,0.06336789,0.040108345,0.044458557,0.050297085,0.045276318,0.095250495,0.035283826,0.0676912,0.06980588,0.056418024,0.027703535,0.054232344,0.05968261,0.035830647,0.05396536,0.06926542,0.06349414,0.03271199,0.06644977,0.06588753,0.060956687,0.05191127,0.0323879,0.033631537,0.048273943,0.055433266,0.0422455,0.056262508,0.05769686,0.03931158,0.06275398,0.035914764,0.072144635,0.041665554,0.035651006,0.04924478,0.054205168,0.05631615,0.043512173,0.07748268,0.054394756,0.050761145,0.04666128,0.061818246,0.06522587,0.056225814,0.04154566,0.043364972,0.03585651,0.036903564,0.04959221,0.053259302,0.046114974,0.037736837,0.054730006,0.05722916,0.1665121,0.071546316,0.083663374,0.043797582,0.028510343,0.08231405,0.049702074,0.040600494,0.051361162,0.033517245,0.07888092,0.048081577,0.041227277,0.04327299,0.050163057,0.05637776,0.049949188,0.05400536,0.051124394,0.051920533,0.05734558,0.045985598,0.07964016,0.044679977,0.044653382,0.068717755,0.04977284,0.1092077,0.047328893,0.04536849,0.032580953,0.093542054,0.07080363,0.035860833,0.03076229,0.050775968,0.04028121,0.044651944,0.04655013,0.036353923,0.07951588,0.07446393,0.03255525,0.024752822,0.042931236,0.049137566,0.05981356,0.0377381,0.061706886,0.048693288,0.056625728,0.03900915,0.047983136,0.048117395,0.045475576,0.031995106,0.04273395,0.044182405,0.0347169,0.04788487,0.047022674,0.055044036,0.05855047,0.08828444,0.038888752,0.08058613,0.07006931,0.04648987,0.069140986,0.055918362,0.038750812,0.059953537,0.073332846,0.039188895,0.061788827,0.07072597,0.039140336,0.028701661,0.046326794,0.052694637,0.07396641,0.032967158,0.048418857,0.053762246,0.03414143,0.051470667,0.0,0.123987004,0.073499195,0.0533586,0.036055695,0.047086403,0.080776006,0.06568704,0.057666942,0.060543813,0.055836234,0.030501919,0.05495892,0.0442299,0.058500066,0.066933386,0.03478894,0.06086958,0.0528282,0.04958211,0.046084344,0.06231421,0.0741444,0.056451272,0.042415056,0.08712195,0.04966913,0.045931775,0.05977006,0.0425611,0.07505808,0.057079658,0.052494243,0.06087044,0.058147047,0.052762292,0.063540556,0.045785,0.07688243,0.039707497,0.065705106,0.050195232,0.04001219,0.07049636,0.047991067,0.04425467,0.07030405,0.06035622,0.08869956,0.0423943,0.071357645,0.07583745,0.039730042,0.04762576,0.047359563,0.08688743,0.04139026,0.07807249,0.053445075,0.091888785,0.051120333,0.048468985,0.051174987,0.04485838,0.05386359,0.054504775,0.045891766,0.055607002
sprout,0.15498419,0.16352871,0.10784617,0.104256324,0.13915536,0.15817767,0.07168095,0.048064586,0.110208735,0.092073016,0.12523507,0.14651161,0.12985142,0.14262411,0.117027566,0.121272214,0.052180503,0.1255196,0.14598413,0.12594588,0.15856193,0.18145955,0.15345292,0.120252825,0.13958928,0.14980371,0.06458937,0.09300901,0.11684568,0.10234417,0.11955325,0.06813764,0.116047114,0.07709571,0.16708237,0.15777738,0.12204948,0.12719397,0.14288582,0.15904243,0.14198017,0.12956707,0.16492972,0.126845,0.12887198,0.072295256,0.16073827,0.09973925,0.19173715,0.18871982,0.16060762,0.082995884,0.14729695,0.18171771,0.17035198,0.17551431,0.10332503,0.10679102,0.03901472,0.11448256,0.1554591,0.17129795,0.12766626,0.1279649,0.12872742,0.14015317,0.19548772,0.10313117,0.14930888,0.13635455,0.14391138,0.11914776,0.1393657,0.15059194,0.10686421,0.15126108,0.17328285,0.07923603,0.12367665,0.16341574,0.117018834,0.15951689,0.11114849,0.12104805,0.14590016,0.13708557,0.13635688,0.13814275,0.09776014,0.15336518,0.10597882,0.08692341,0.14552131,0.06419624,0.12056645,0.10460758,0.11570895,0.13760681,0.10946672,0.12928952,0.14356065,0.16101003,0.13908653,0.13858472,0.17103633,0.090931855,0.09106794,0.13138181,0.11288198,0.102354534,0.14080825,0.12132148,0.1421187,0.11529846,0.12359417,0.15465407,0.089273125,0.13423677,0.16892591,0.17587684,0.11817907,0.11037952,0.16837394,0.11769365,0.10746383,0.103352636,0.113936186,0.07408111,0.10406769,0.112646945,0.10642173,0.13254572,0.16008969,0.13238014,0.08677747,0.1270315,0.14908047,0.15650798,0.10894776,0.17051776,0.11260955,0.11921757,0.09606364,0.12480167,0.051997136,0.10459409,0.10623349,0.12849054,0.19929084,0.16911252,0.12499366,0.107609876,0.14677505,0.11949255,0.1314052,0.15089126,0.108769715,0.17831834,0.16059726,0.15057634,0.11824155,0.13277967,0.08739984,0.08676588,0.108962774,0.15986727,0.13544132,0.08434748,0.115083925,0.1551564,0.11585753,0.1123273,0.10731564,0.14693971,0.12211454,0.13007002,0.14003374,0.119704045,0.13133898,0.13736509,0.1930497,0.12577592,0.05809447,0.13763897,0.13528797,0.17122841,0.13819587,0.11492736,0.096794754,0.17439026,0.14782034,0.14135286,0.1488115,0.11811905,0.11747424,0.10307462,0.11389841,0.1614764,0.13476059,0.1047221,0.07643511,0.11959275,0.14615072,0.123987004,0.0,0.18014804,0.1577252,0.110614054,0.14452375,0.18952076,0.074911706,0.15707941,0.13360783,0.15429841,0.11846903,0.0863198,0.12821372,0.09731956,0.15709212,0.10939078,0.14657542,0.15495862,0.14298296,0.14384153,0.16665047,0.17124484,0.0891664,0.13087174,0.17191392,0.11944422,0.13169232,0.13259472,0.14858246,0.13359655,0.14781564,0.13956782,0.13254756,0.09552868,0.14334616,0.16611607,0.13300113,0.1645361,0.13037549,0.14140835,0.13996807,0.14574516,0.1732269,0.15132242,0.106683075,0.06786211,0.15861852,0.1925312,0.12668645,0.16107064,0.14773434,0.10292936,0.13789852,0.13395935,0.19353886,0.13321489,0.1823382,0.14792116,0.19707331,0.1441276,0.14835918,0.15609698,0.09989932,0.15821655,0.15186012,0.1477743,0.16052315
serve,0.04938136,0.0418112,0.08216039,0.08639714,0.06324378,0.0457552,0.12906052,0.1438346,0.08149016,0.10064036,0.06464233,0.049796253,0.063785,0.064067245,0.07684216,0.072276294,0.14257123,0.06546397,0.04735083,0.06881595,0.052728977,0.046850007,0.055148087,0.088514976,0.049703695,0.055699464,0.13032787,0.098479114,0.07719648,0.09269495,0.072453015,0.1253125,0.074270256,0.11283809,0.037786342,0.053069208,0.06762109,0.06396157,0.064411975,0.047635254,0.05292664,0.063483566,0.036023173,0.07365774,0.062098633,0.12048015,0.052779213,0.08976531,0.04146274,0.044976912,0.036994845,0.107371725,0.07449006,0.056476366,0.04308682,0.04130827,0.087709405,0.0872396,0.1546637,0.07478763,0.06588844,0.037308928,0.07855802,0.07150528,0.06220449,0.0719805,0.055518173,0.087356,0.06534311,0.075308114,0.057787497,0.06898878,0.060592685,0.075282514,0.08709214,0.048544474,0.03903877,0.11067322,0.06617715,0.07084736,0.104895696,0.045028575,0.08198829,0.07130745,0.049416505,0.058109593,0.06357095,0.052164648,0.094360754,0.04676726,0.081415184,0.10667403,0.0581166,0.12654057,0.07398478,0.084912114,0.08371692,0.060021594,0.08725599,0.069622025,0.07870962,0.038521178,0.07587652,0.06022288,0.048288696,0.11184505,0.09993381,0.062982164,0.08303371,0.08648493,0.054418806,0.07917903,0.07210109,0.08383097,0.06839193,0.048222285,0.101376235,0.19764936,0.0504154,0.055247467,0.06838817,0.07749553,0.06168322,0.07801548,0.08074384,0.0888139,0.08773114,0.121364534,0.08400147,0.081511855,0.083465144,0.06490043,0.046681967,0.061969172,0.10317983,0.07134082,0.051813178,0.04171237,0.080594435,0.05636178,0.0753446,0.07374131,0.11286684,0.06688309,0.1563243,0.08528125,0.0836005,0.060716566,0.042464904,0.039453816,0.06356727,0.086281575,0.04705187,0.065871134,0.06201264,0.045922067,0.087408446,0.04942562,0.058644466,0.050474986,0.08091075,0.07108241,0.09942525,0.113135524,0.08041469,0.04822452,0.058765855,0.10413421,0.08964551,0.043663513,0.08169421,0.075263746,0.087305404,0.056012407,0.07125527,0.074210204,0.056215394,0.07226374,0.064433396,0.08116354,0.04302416,0.064374164,0.13169962,0.09549736,0.054535244,0.042009197,0.059662387,0.07168174,0.09869846,0.039255593,0.04732818,0.06370638,0.087324336,0.06958839,0.07899797,0.08597241,0.07523004,0.056435313,0.061620723,0.0854365,0.11349555,0.06924306,0.065427385,0.073499195,0.18014804,0.0,0.04424125,0.0836221,0.054482594,0.030454854,0.11254862,0.038038563,0.0717131,0.041023474,0.07037899,0.10078642,0.062243108,0.10054226,0.05193653,0.08000827,0.07709406,0.0452807,0.07038679,0.047627002,0.04610408,0.04222222,0.09931563,0.06005682,0.06589461,0.07375784,0.060140006,0.0877201,0.049709663,0.10545397,0.06932921,0.05649127,0.087023966,0.0969069,0.057330847,0.035083722,0.05877342,0.056906167,0.06335122,0.06879118,0.06830165,0.052855615,0.041912373,0.051919203,0.089706846,0.12022874,0.040832404,0.041501492,0.062137682,0.055097736,0.07319483,0.08739569,0.05889158,0.06218052,0.041174714,0.059436075,0.047360055,0.04652179,0.046929188,0.046724018,0.04587961,0.054826245,0.08898215,0.03988593,0.06520039,0.05075506,0.038541146
skin,0.05109663,0.036696628,0.066691004,0.06668084,0.061493166,0.03575753,0.10670127,0.122423016,0.06651087,0.08170487,0.048418984,0.044577025,0.0531235,0.061492603,0.057888396,0.057571426,0.123338476,0.049264897,0.044007204,0.05877723,0.05552025,0.053944148,0.059606586,0.08120753,0.043780778,0.056533094,0.11068557,0.082656115,0.058284298,0.07699301,0.05560997,0.10304959,0.06459981,0.09501084,0.051895723,0.05720359,0.054311458,0.05329363,0.061304867,0.050738834,0.0437479,0.055100538,0.04113034,0.06402144,0.05270097,0.098626785,0.049726795,0.069546424,0.06135587,0.06407154,0.04528464,0.09052279,0.06927583,0.06246417,0.04901717,0.05467792,0.06979929,0.07251291,0.13459058,0.05941213,0.06988602,0.035538502,0.06538206,0.060189795,0.056864765,0.062180962,0.07126237,0.06814319,0.064350516,0.070978574,0.054858588,0.050008945,0.052718908,0.06975458,0.06848121,0.04586254,0.04663387,0.09327216,0.049248137,0.06996253,0.09165674,0.025907764,0.06697492,0.0566393,0.033497922,0.048143867,0.057873596,0.04313881,0.07828478,0.049541835,0.062304076,0.08916452,0.048196606,0.1055954,0.060346104,0.06526148,0.064250626,0.054147284,0.074836954,0.058982532,0.07709271,0.03493607,0.067170985,0.05442706,0.051524743,0.09493598,0.078852996,0.047847234,0.06416705,0.06479716,0.04505646,0.06748379,0.064353205,0.06967452,0.054813053,0.049316682,0.08161355,0.18828988,0.051709242,0.06766175,0.051929504,0.058783274,0.06958961,0.06098624,0.06231081,0.073344305,0.07016244,0.104994066,0.06923471,0.066484675,0.06766155,0.0511336,0.04539737,0.049332052,0.08377126,0.06232992,0.021100566,0.041420594,0.06549406,0.06535197,0.06150322,0.060308214,0.096907154,0.05672799,0.13958555,0.06680163,0.07043776,0.044554383,0.064598486,0.04821892,0.04834178,0.0679024,0.043039825,0.050378952,0.053034108,0.042253457,0.06957351,0.061504837,0.06469692,0.038420342,0.062320653,0.05962973,0.080324076,0.09404312,0.059857786,0.04709697,0.04952211,0.0879579,0.07312447,0.03817037,0.061509926,0.06352224,0.06845401,0.05020823,0.05955496,0.060274508,0.04018188,0.05982809,0.05386736,0.07234768,0.06255753,0.051406454,0.112480775,0.087246895,0.047652557,0.028100723,0.05492496,0.057185154,0.08179094,0.052808348,0.039906636,0.061443936,0.08208198,0.05517624,0.061223183,0.068456486,0.06384475,0.06278022,0.046242967,0.07011923,0.09205073,0.05333454,0.0596781,0.0533586,0.1577252,0.04424125,0.0,0.066808,0.048062835,0.04988084,0.09401218,0.039979342,0.06602508,0.04341744,0.048763026,0.08234448,0.049860235,0.08609271,0.055130284,0.059910856,0.070084676,0.046375338,0.061552208,0.039254963,0.018611468,0.036558446,0.0816707,0.049920306,0.07446083,0.060048107,0.035537064,0.078547664,0.038135845,0.09547464,0.061087724,0.048731625,0.07782232,0.08113762,0.04923565,0.045557223,0.047789194,0.06527168,0.04366914,0.06738596,0.061154705,0.043288175,0.051287513,0.048061296,0.07404245,0.1016835,0.04275609,0.060421716,0.04815107,0.06083321,0.073122695,0.06626003,0.037479736,0.045849033,0.060775664,0.047218446,0.051154166,0.033936806,0.06596465,0.04460713,0.037266858,0.05086114,0.066058084,0.0368327,0.059264816,0.042966157,0.042005394
whisk,0.06378874,0.06397193,0.035755973,0.027751297,0.057788663,0.05882596,0.06915676,0.07512411,0.04098706,0.0328387,0.042146765,0.054299783,0.03935344,0.05001262,0.03244627,0.04464118,0.07714065,0.031729452,0.05878402,0.048350673,0.07625479,0.08456807,0.068522446,0.06033737,0.048373736,0.06691128,0.064762846,0.044802062,0.03167525,0.049749743,0.039511036,0.058319155,0.04449326,0.060386237,0.07769509,0.07049298,0.03526977,0.04865433,0.0639349,0.06703257,0.044344332,0.04806351,0.066402055,0.049845804,0.04614082,0.055209752,0.07009581,0.029650312,0.09573755,0.094794266,0.068977244,0.044285048,0.068476565,0.09284637,0.073196985,0.07737956,0.042599235,0.045315024,0.08828627,0.040854283,0.07471552,0.07661533,0.04949036,0.0475718,0.050097723,0.05627626,0.09729691,0.037057456,0.06730342,0.06460444,0.05751534,0.035154935,0.050864708,0.06995672,0.03619881,0.057693597,0.07668262,0.049264677,0.03477177,0.07805289,0.06731987,0.07052027,0.04316148,0.036279567,0.047867272,0.050255444,0.052704412,0.046045143,0.045788884,0.06632961,0.0339574,0.050678115,0.052378014,0.06010166,0.03510439,0.034425423,0.049959276,0.054735538,0.048762567,0.039296877,0.07224304,0.066239856,0.0588792,0.042959765,0.07437365,0.058684,0.04714151,0.051540628,0.04481398,0.036573548,0.038028076,0.050234552,0.06260743,0.03189037,0.03377289,0.062232986,0.047676533,0.15477511,0.07617721,0.0865133,0.040468488,0.02865886,0.0829633,0.04721786,0.035776842,0.04859767,0.041315094,0.06383424,0.034696944,0.024584044,0.031930223,0.052659474,0.06395771,0.050843578,0.045329563,0.048246555,0.062881514,0.06766155,0.045845736,0.08097504,0.040392987,0.03531442,0.06365227,0.04971301,0.09320476,0.03954051,0.04227189,0.03981998,0.100843,0.07722621,0.038215604,0.035211306,0.057725765,0.039723597,0.04744196,0.05158895,0.012366875,0.08453241,0.07375687,0.054679167,0.03794403,0.04112629,0.03824397,0.056127865,0.036399405,0.066783875,0.053023156,0.041872527,0.045743495,0.058487985,0.04473555,0.03738408,0.03547444,0.049802214,0.043821078,0.047220178,0.0543656,0.042439725,0.057192884,0.065725386,0.09416921,0.040742625,0.06679221,0.07403495,0.04789689,0.08067176,0.061191045,0.03798629,0.046398353,0.078608036,0.05305701,0.058262754,0.077485844,0.039561152,0.038937796,0.0384824,0.044113588,0.074832454,0.04577069,0.04076712,0.048109725,0.0383698,0.047591142,0.036055695,0.110614054,0.0836221,0.066808,0.0,0.05128153,0.09101645,0.053473365,0.06336307,0.05276736,0.06383863,0.037416857,0.04444451,0.043311957,0.053469006,0.076512195,0.033021733,0.069509536,0.056025505,0.047740243,0.048703805,0.07585127,0.08394926,0.04363067,0.03629531,0.0869995,0.044131164,0.051435772,0.064594135,0.054586396,0.07814434,0.06659006,0.0582496,0.06621062,0.045665827,0.054484606,0.07303542,0.04655587,0.07835241,0.044017516,0.061676178,0.043452464,0.053517025,0.07532419,0.05041151,0.043815088,0.05902214,0.06463716,0.095587455,0.042299557,0.071305856,0.071957864,0.036813475,0.054578256,0.050348144,0.09429642,0.044691544,0.088662244,0.060379673,0.099643745,0.05291738,0.056586683,0.056394543,0.040651895,0.06306443,0.05470634,0.052788224,0.06353194
melt,0.034776263,0.04185329,0.045926437,0.055699565,0.047042347,0.043764785,0.095622815,0.10938353,0.056506176,0.06828569,0.047166087,0.02847703,0.041592833,0.03854757,0.048154447,0.03570438,0.10655525,0.035381734,0.035204165,0.032324355,0.043369655,0.058707304,0.04032913,0.051075004,0.034367338,0.041817307,0.09024555,0.060826737,0.048927005,0.056053232,0.038524494,0.08822755,0.04725856,0.08469668,0.046691056,0.03702772,0.037530906,0.04754591,0.037625957,0.03642446,0.040499214,0.02798196,0.039827894,0.038594097,0.03231367,0.08729743,0.05644187,0.05501967,0.05864635,0.066211164,0.04440609,0.07072512,0.06594964,0.07838944,0.0455045,0.05062059,0.05730566,0.056834728,0.12109737,0.05217518,0.042290337,0.051292885,0.059306126,0.052255947,0.04030623,0.060080376,0.07335421,0.060540378,0.043419078,0.04362524,0.034861784,0.043312836,0.04052078,0.06985602,0.059558004,0.036517028,0.051871873,0.075030744,0.037662204,0.0719758,0.08701953,0.043947123,0.04699099,0.046274275,0.034291025,0.031087218,0.031799793,0.034640484,0.057656158,0.04397172,0.04976942,0.07027029,0.045608994,0.09146347,0.050590735,0.04824209,0.05699088,0.032862496,0.052186433,0.04194855,0.045391977,0.038743053,0.06343257,0.042378075,0.051067628,0.084659904,0.0644831,0.05180989,0.06145107,0.05947232,0.033979785,0.061315052,0.06653348,0.057999805,0.04333701,0.033085674,0.07176623,0.1761257,0.059765324,0.04651633,0.043186523,0.049912833,0.044971682,0.04934883,0.054728813,0.06703563,0.0632096,0.08370496,0.051222276,0.05153952,0.04986314,0.04316238,0.052703317,0.039925832,0.06940299,0.036150225,0.05036803,0.04343016,0.05454444,0.04287091,0.04103132,0.044988357,0.08725966,0.044929855,0.11841875,0.05054794,0.057640232,0.03895758,0.06465769,0.039034307,0.04290297,0.056086697,0.03240478,0.046190478,0.045363415,0.03884858,0.05627933,0.04809181,0.0420491,0.043758694,0.05541799,0.050281454,0.066173956,0.0855006,0.053170454,0.046772372,0.039679144,0.06951576,0.06629319,0.044690344,0.058171958,0.047607943,0.059228234,0.04426069,0.046851855,0.056594025,0.034123775,0.041112367,0.04470567,0.072163105,0.06758884,0.03898513,0.09594198,0.08434285,0.034137476,0.057979196,0.04771842,0.045402423,0.061285105,0.039753053,0.037152104,0.032189533,0.08090063,0.04896506,0.056053627,0.056534264,0.043475766,0.038631517,0.047456905,0.053582076,0.07906246,0.04119585,0.05271507,0.047086403,0.14452375,0.054482594,0.048062835,0.05128153,0.0,0.061241355,0.0788004,0.035792,0.03239202,0.04688532,0.040046386,0.07033595,0.036680527,0.0770825,0.058569014,0.05279941,0.069703184,0.035012826,0.058518514,0.035680316,0.05536772,0.05416527,0.062708214,0.03572694,0.051925957,0.045550242,0.04217613,0.07337752,0.042510506,0.09319896,0.06699307,0.04309057,0.07582285,0.059161115,0.044166528,0.05027625,0.04232939,0.048877332,0.046335656,0.033678945,0.05235715,0.04498349,0.05415628,0.044454824,0.06439728,0.08781483,0.03974237,0.059253424,0.0341021,0.038052652,0.04531175,0.05933836,0.046256788,0.034998488,0.05977063,0.038634486,0.065191336,0.04251018,0.062871754,0.02403298,0.04109815,0.048228703,0.061083883,0.04465708,0.057821106,0.036227956,0.04046333
hold,0.05458482,0.044343133,0.09016274,0.09527279,0.07507871,0.04999879,0.13700585,0.15271442,0.09096874,0.10899738,0.07036318,0.056872316,0.07206528,0.07068618,0.085447066,0.07991455,0.1522626,0.07322963,0.05609328,0.077713914,0.062318195,0.04638379,0.06259336,0.0979684,0.056623317,0.06530157,0.1389727,0.10720703,0.08497738,0.10216709,0.07917742,0.13309537,0.08569569,0.12277055,0.05117125,0.059217446,0.07639443,0.07451953,0.071815334,0.053799015,0.060461063,0.07297334,0.034832355,0.08039809,0.07059207,0.12876432,0.054073665,0.0978391,0.04053075,0.052157562,0.040046304,0.117070355,0.083472855,0.0626966,0.04300375,0.044495184,0.09594922,0.09689079,0.16420855,0.08297025,0.07216036,0.039679553,0.08777548,0.08042923,0.0735119,0.08046538,0.050862856,0.096464194,0.072396755,0.084192544,0.06694525,0.07901925,0.06782284,0.083161734,0.09622995,0.05316173,0.043204103,0.11995188,0.071644865,0.07809284,0.11435603,0.047520842,0.089514256,0.08057496,0.055812746,0.06585525,0.07015176,0.059609383,0.10309323,0.05907439,0.08956077,0.11494783,0.06619255,0.13565046,0.08247986,0.09373242,0.09200784,0.06769971,0.09633268,0.076585114,0.08634589,0.04266112,0.08451095,0.06694786,0.0485038,0.12200286,0.10803069,0.07204246,0.091778494,0.09346212,0.061465852,0.09018847,0.081598684,0.09158958,0.07474781,0.055349745,0.11010294,0.20552453,0.049684856,0.05776576,0.076340914,0.08589961,0.06540294,0.08596161,0.08902606,0.100729786,0.09651526,0.13128223,0.09290486,0.08817936,0.09050935,0.07276994,0.050868846,0.070136055,0.112429276,0.08037679,0.057386406,0.051788487,0.090701826,0.058370344,0.08407393,0.08177136,0.123283945,0.07693442,0.16623305,0.09347317,0.09512541,0.06938569,0.035176836,0.044264767,0.07138851,0.09548176,0.05638734,0.07528616,0.07131839,0.050310466,0.09483575,0.046824437,0.06495965,0.056626033,0.08886486,0.077364,0.10797954,0.12305359,0.086926065,0.053085044,0.067505114,0.11393509,0.09881716,0.052619953,0.08978858,0.08622824,0.09586585,0.063299164,0.08080962,0.08242294,0.061988756,0.08118794,0.07493467,0.09040259,0.03894885,0.071904965,0.140828,0.104666896,0.065802544,0.042621136,0.071482494,0.08053675,0.106231175,0.04146107,0.05485401,0.07030643,0.09578419,0.07908723,0.08818804,0.093500346,0.08604588,0.06137471,0.07099168,0.09403551,0.1230784,0.07786575,0.071440116,0.080776006,0.18952076,0.030454854,0.04988084,0.09101645,0.061241355,0.0,0.121742316,0.04670998,0.078680806,0.04516306,0.077413425,0.10951827,0.06974849,0.112366945,0.06589885,0.08668092,0.08495177,0.05275829,0.0756125,0.051714428,0.047088712,0.049201157,0.10816576,0.0672214,0.069378994,0.08122675,0.06784682,0.09680412,0.05368489,0.11469348,0.07708028,0.06743296,0.09691845,0.10519629,0.06396737,0.03659939,0.06711048,0.06410468,0.06820078,0.07533733,0.07455172,0.060160443,0.0419538,0.05784268,0.09929158,0.12975608,0.047443666,0.037676733,0.06894089,0.060531206,0.08010255,0.093165524,0.06374719,0.06813138,0.030807242,0.06615746,0.039622743,0.054900456,0.040441014,0.05709554,0.05092459,0.058929212,0.09602798,0.042997885,0.06914166,0.05725576,0.04481735
check,0.08609493,0.09861643,0.04715106,0.048551258,0.07467057,0.09507259,0.042595066,0.046150412,0.049704928,0.041200284,0.06252357,0.080026805,0.06662989,0.0772926,0.05833705,0.057775658,0.04675056,0.06302674,0.078735225,0.06045156,0.09309627,0.117025085,0.08527671,0.060410783,0.07383916,0.08318973,0.038696423,0.03179425,0.058133118,0.041519303,0.057397526,0.03811754,0.0503347,0.03586205,0.09868979,0.08932862,0.058655173,0.06640077,0.07636157,0.09249015,0.07912017,0.06317692,0.09856039,0.062401593,0.06251991,0.035735164,0.09785889,0.043256354,0.12272187,0.12182847,0.09370824,0.030136336,0.09088803,0.12127182,0.10404312,0.1085617,0.04524131,0.04889354,0.05374943,0.05573795,0.08933634,0.105884,0.074902005,0.06887041,0.06473179,0.08535421,0.13078178,0.049242556,0.08400668,0.07262256,0.078346945,0.05680398,0.076878056,0.09669294,0.053842664,0.08405917,0.10814633,0.032802608,0.057851754,0.107893005,0.07525209,0.09364369,0.05207831,0.05921991,0.08217822,0.07305324,0.070261054,0.0724886,0.04177563,0.08964041,0.042596422,0.038693316,0.08554569,0.03338923,0.0597616,0.045773555,0.055530906,0.07131759,0.052410573,0.06928105,0.080758795,0.096263565,0.084811404,0.07584786,0.10724612,0.052265737,0.0349558,0.072112106,0.05782595,0.04506169,0.07781885,0.065338336,0.08722662,0.059302274,0.06103004,0.09104205,0.040528856,0.13673782,0.10522076,0.10783491,0.051447894,0.04913998,0.101354495,0.053494826,0.047371577,0.048909344,0.063654706,0.0343577,0.041829173,0.053736463,0.04408242,0.06633088,0.097122975,0.06533576,0.036645822,0.06260893,0.08699681,0.090869725,0.047365893,0.103275724,0.048812483,0.057514966,0.05893305,0.06098802,0.054573126,0.045284886,0.048536204,0.06560211,0.13115562,0.10128218,0.06259206,0.05346898,0.08170985,0.055886116,0.06907301,0.085022084,0.054401483,0.11139308,0.09351448,0.088348664,0.06437119,0.07192213,0.033111144,0.05014871,0.048828103,0.09609633,0.07116402,0.03269894,0.06660913,0.090820335,0.055991463,0.0469326,0.054629736,0.085288905,0.06225319,0.07472057,0.07622764,0.057585873,0.06789112,0.0860819,0.1262163,0.0627903,0.026169641,0.09213585,0.067967705,0.10696155,0.075767815,0.051193528,0.042535055,0.1063958,0.08301913,0.07460691,0.09868284,0.056244146,0.06389223,0.04522287,0.047348782,0.09328727,0.07426489,0.04459242,0.034756117,0.055636525,0.08623183,0.06568704,0.074911706,0.11254862,0.09401218,0.053473365,0.0788004,0.121742316,0.0,0.08972095,0.068496406,0.08904354,0.055049825,0.0367599,0.062059317,0.05293537,0.094720416,0.052125383,0.093109116,0.088629745,0.08519413,0.07865253,0.103196554,0.10662096,0.03141928,0.06674746,0.10538385,0.056926392,0.07041653,0.08364503,0.08522908,0.09292625,0.091769405,0.07556572,0.08337357,0.038369503,0.08104476,0.10024311,0.0698607,0.09771948,0.06641271,0.07567873,0.080079585,0.08112837,0.10830083,0.08788178,0.053624332,0.02661029,0.092591844,0.124220125,0.059647743,0.09325487,0.082233,0.043966826,0.076606385,0.06872263,0.12576747,0.07129112,0.11577948,0.082564004,0.12982076,0.0768091,0.08355275,0.09248685,0.042010285,0.09402712,0.091907226,0.084504485,0.09504512
wrap,0.03530247,0.040694486,0.05948917,0.06606677,0.047280774,0.040938966,0.10774627,0.12060714,0.06317012,0.07674659,0.04657923,0.034391355,0.044107325,0.044164278,0.057007644,0.05111598,0.11964957,0.049371604,0.032800663,0.04662327,0.035556335,0.05151095,0.04369933,0.06427197,0.038019057,0.03877311,0.10617069,0.074018046,0.05622988,0.06955308,0.052792884,0.10161156,0.055566393,0.090962246,0.034511946,0.039113835,0.047915544,0.047691606,0.045667276,0.037772752,0.03892451,0.04175717,0.038027678,0.0521935,0.040814154,0.098052986,0.052961938,0.06994296,0.05248944,0.053507384,0.035487965,0.08323384,0.0676201,0.064792424,0.040959068,0.04765387,0.06600289,0.067125365,0.13222787,0.05551248,0.04902164,0.041148476,0.06594439,0.056527488,0.046055034,0.06382094,0.068743885,0.068365395,0.047147725,0.0528984,0.038200524,0.05149285,0.045507953,0.06895823,0.06928624,0.031423546,0.040720817,0.08767411,0.045401044,0.06969317,0.09147191,0.036238175,0.060905002,0.051080905,0.040105164,0.0421771,0.042981602,0.02839722,0.07118113,0.039917585,0.059678238,0.08454768,0.049710236,0.102906175,0.050998777,0.06384356,0.06549925,0.039579548,0.067010745,0.05076811,0.05686756,0.033440847,0.066029646,0.046564113,0.048783537,0.093583934,0.07749641,0.050072942,0.06733299,0.06681542,0.04289525,0.06570461,0.06443882,0.06292045,0.04735519,0.041934557,0.080384694,0.1813131,0.055252567,0.04877759,0.04563019,0.057099376,0.05085336,0.057317227,0.059068855,0.07080218,0.07238583,0.09720774,0.06148868,0.05952234,0.059993833,0.04746969,0.040942833,0.04466738,0.08167658,0.049157184,0.0421034,0.033905417,0.05832666,0.047034327,0.052085124,0.050866246,0.095377244,0.04756765,0.13200696,0.064104974,0.06433637,0.044081945,0.05689254,0.035014857,0.04436538,0.068213224,0.03245169,0.04725845,0.043930326,0.034369834,0.06701805,0.047846917,0.045790583,0.045021158,0.064652555,0.051110674,0.077826194,0.0934439,0.05981738,0.042448968,0.04025391,0.080125734,0.073961504,0.036149982,0.064025216,0.054478023,0.06923978,0.043265063,0.05286374,0.060986795,0.04047751,0.05238148,0.045102622,0.07162522,0.06053596,0.045686577,0.107790396,0.085763305,0.03605019,0.042038247,0.04453542,0.049371704,0.0754204,0.04021493,0.0321507,0.043765906,0.08052895,0.05215314,0.06326971,0.0649639,0.05167909,0.043609608,0.049352486,0.06468406,0.092534006,0.04508413,0.04999286,0.057666942,0.15707941,0.038038563,0.039979342,0.06336307,0.035792,0.04670998,0.08972095,0.0,0.050128277,0.03856563,0.049359016,0.07993185,0.04208731,0.0828239,0.048188217,0.060982786,0.070562944,0.031192513,0.05501304,0.034116644,0.044040937,0.03880388,0.075574026,0.03938295,0.055248868,0.052620538,0.04323103,0.077481635,0.03710736,0.09461093,0.06332466,0.041682534,0.07665157,0.07294276,0.044152554,0.039620165,0.042661477,0.047919888,0.042597637,0.049268615,0.050808772,0.03858161,0.050683916,0.037443034,0.070524216,0.09768529,0.032529816,0.05312979,0.03980921,0.03922404,0.05478256,0.065704465,0.04410697,0.043745607,0.055086594,0.042651538,0.04843508,0.03697476,0.05847854,0.026001696,0.03517468,0.04168496,0.0673565,0.037037324,0.051809143,0.039389186,0.028343145
boil,0.037600324,0.06313613,0.04400199,0.060299758,0.051890444,0.06488059,0.08833772,0.10126506,0.054435644,0.06528724,0.05555263,0.04124656,0.046911124,0.034843873,0.05760253,0.037668042,0.095921285,0.045752928,0.04235568,0.030231375,0.05152681,0.076442465,0.037354894,0.03762462,0.046140682,0.046588138,0.07922578,0.049645517,0.057732522,0.04761558,0.04287594,0.08007868,0.04056615,0.07804511,0.056253754,0.037956193,0.045368046,0.05507182,0.03286405,0.04698324,0.05628053,0.031328417,0.05854052,0.020378463,0.03262188,0.08029711,0.06996528,0.05500524,0.070015155,0.08021819,0.05715265,0.060537823,0.073694065,0.093717836,0.05911594,0.05908344,0.05579493,0.053268235,0.111300714,0.05643898,0.03589141,0.07036628,0.071070954,0.05821529,0.045072462,0.07339491,0.08538744,0.06507051,0.038932327,0.0368305,0.04057652,0.052023157,0.048116542,0.08119882,0.06427385,0.04579462,0.069474086,0.06730871,0.044330403,0.08641437,0.08944191,0.058184065,0.042423222,0.05416651,0.054016955,0.042467568,0.025197156,0.045919366,0.051050283,0.05946259,0.049453158,0.061538994,0.06496505,0.0839395,0.05516809,0.05068872,0.056964412,0.03673276,0.050258845,0.047626942,0.03676219,0.06077353,0.07376153,0.04676964,0.06674073,0.08092242,0.057600785,0.061778843,0.065147236,0.06316931,0.05012064,0.06381634,0.076833144,0.0602252,0.047930263,0.051664893,0.06842298,0.16550939,0.07350808,0.048973218,0.04431989,0.055517845,0.044874858,0.04626177,0.057447843,0.06720956,0.071029566,0.07142247,0.04698894,0.0504871,0.045475904,0.045875598,0.06796844,0.041470293,0.06648309,0.034687825,0.06497469,0.059280973,0.05578103,0.041261893,0.040486604,0.047856502,0.08400033,0.049552184,0.1029096,0.048659544,0.059232067,0.048368357,0.07887882,0.051021006,0.053028505,0.06192172,0.045880325,0.05060131,0.05306993,0.054296628,0.058358084,0.057296667,0.03775154,0.06461392,0.065821305,0.057319593,0.06374723,0.08351647,0.05643519,0.061685078,0.047661766,0.06398016,0.074512266,0.060398772,0.058120333,0.042305496,0.065660425,0.05940245,0.051131573,0.06938787,0.04685696,0.04287328,0.050357454,0.0802431,0.079282306,0.044219755,0.0845463,0.090510294,0.03887848,0.07502754,0.054918535,0.047686268,0.050002582,0.053182904,0.05556493,0.022486897,0.08782505,0.053593565,0.065504186,0.054997362,0.033780374,0.0370179,0.06072404,0.048479307,0.07663149,0.04871775,0.062048227,0.060543813,0.13360783,0.0717131,0.06602508,0.05276736,0.03239202,0.078680806,0.068496406,0.050128277,0.0,0.060646463,0.04873495,0.068187736,0.03812083,0.076400936,0.07090487,0.059350103,0.08001362,0.048714645,0.06844333,0.049031842,0.07366125,0.06937922,0.053366605,0.04138153,0.046289768,0.047350556,0.052403677,0.08084334,0.060592536,0.09783061,0.07780176,0.051871102,0.08183925,0.050033573,0.056138672,0.06576669,0.052099135,0.048537355,0.056140132,0.020058064,0.05833364,0.060638208,0.067957,0.058567487,0.065962054,0.079827026,0.053285733,0.07255891,0.038868904,0.03779759,0.03039153,0.062390376,0.058883134,0.039926644,0.07464579,0.050780386,0.0815745,0.05451756,0.07661195,0.03731296,0.054627474,0.062353984,0.0620415,0.063150525,0.068670966,0.05348824,0.058426943
reserve,0.04847938,0.042030945,0.06061302,0.06521337,0.0541441,0.040818922,0.10498167,0.11726076,0.058933817,0.077994905,0.041944284,0.04190343,0.045583416,0.056123946,0.05792549,0.054125573,0.11731715,0.048752755,0.039086103,0.053906426,0.05590941,0.054601822,0.05080673,0.07619455,0.028724888,0.05496377,0.10581407,0.0778799,0.057007898,0.07305964,0.05217743,0.10019516,0.055027265,0.09005586,0.048237976,0.054529253,0.04995093,0.04409767,0.056722183,0.045248933,0.03979861,0.049742375,0.033966567,0.057930063,0.047558684,0.09547025,0.052833226,0.06773813,0.061074592,0.060195155,0.021601733,0.08525459,0.066880666,0.06567591,0.046969227,0.052288674,0.06499892,0.06784298,0.12965757,0.05023959,0.065257184,0.04235457,0.06336195,0.056590073,0.0455075,0.06041178,0.072039925,0.065517284,0.06039914,0.06752307,0.051949907,0.051014885,0.051881775,0.06663748,0.06505226,0.0416388,0.048408348,0.08766622,0.044916455,0.067985356,0.087076165,0.044216234,0.060121607,0.05342989,0.04050636,0.04622483,0.052167967,0.03872841,0.07133746,0.047742695,0.058898054,0.08189531,0.049639065,0.1021026,0.055566747,0.06407242,0.066001154,0.049120788,0.06768287,0.050696958,0.073103026,0.037791245,0.06359815,0.04772501,0.050931092,0.09068001,0.07666022,0.047308125,0.0627378,0.061292674,0.0444609,0.06383509,0.06146952,0.06305971,0.047219533,0.045625478,0.07814203,0.1807988,0.054593507,0.06306179,0.049665947,0.05620064,0.06579373,0.06143363,0.05824225,0.070961066,0.068123326,0.09967623,0.06366147,0.059474,0.06043563,0.052381177,0.04019555,0.047641467,0.07928114,0.059000164,0.04478556,0.042670015,0.06310379,0.059689038,0.055971265,0.05504894,0.092976786,0.05274468,0.13352422,0.064338095,0.065442845,0.0411156,0.063761175,0.047733355,0.043082654,0.06591031,0.039697163,0.043203183,0.04116003,0.035010986,0.06671405,0.05686335,0.05993539,0.042105015,0.06149436,0.054166753,0.07671438,0.09116973,0.0566565,0.04784487,0.042535637,0.0806572,0.06981131,0.037451725,0.06268042,0.053414583,0.065457724,0.04561459,0.05257029,0.05810094,0.04355399,0.055475034,0.05485565,0.06792522,0.05973866,0.042729806,0.10665245,0.08326855,0.045038596,0.046901297,0.05194733,0.051561963,0.07783431,0.04875278,0.039148957,0.055614475,0.07796061,0.046236884,0.06022469,0.05830976,0.058543995,0.05831922,0.04896143,0.062478643,0.0895677,0.050961778,0.054637454,0.055836234,0.15429841,0.041023474,0.04341744,0.06383863,0.04688532,0.04516306,0.08904354,0.03856563,0.060646463,0.0,0.050361857,0.073726825,0.04428925,0.08193449,0.056311347,0.055427674,0.06637909,0.042743698,0.056249414,0.03208433,0.049431153,0.052164074,0.07594877,0.04212591,0.07042322,0.055662338,0.04616274,0.073837884,0.035273034,0.09166191,0.05885552,0.04985084,0.07388125,0.075475365,0.048325606,0.015112905,0.04473849,0.057882365,0.04449638,0.05996422,0.054793585,0.04313723,0.049877573,0.043779008,0.06993961,0.09445443,0.042520482,0.060009163,0.042204954,0.056412976,0.06854223,0.06372719,0.040982556,0.047115855,0.05639053,0.039558917,0.054037143,0.03671874,0.066202305,0.041570235,0.029058767,0.048104156,0.06391105,0.02917184,0.05382801,0.043495152,0.03393133
pull,0.052146934,0.052289013,0.034023765,0.03388792,0.049742267,0.049115177,0.06803273,0.08311249,0.037868433,0.04639108,0.028328557,0.039842196,0.037301328,0.051519502,0.031103136,0.030162426,0.08286235,0.027905013,0.04351051,0.036131874,0.057559203,0.074669726,0.057915848,0.05641622,0.035323374,0.051503714,0.070522375,0.0440665,0.03114625,0.045791246,0.027218154,0.06386883,0.0386244,0.058355354,0.06371921,0.05795458,0.028926872,0.03444749,0.0528068,0.055434328,0.039530616,0.03400442,0.05497881,0.04235239,0.0337242,0.060742363,0.059091695,0.034096934,0.084754854,0.08338078,0.054896988,0.051371895,0.06362628,0.08167747,0.06424815,0.07101495,0.036365904,0.04182737,0.09555001,0.03229709,0.06577353,0.060138006,0.0465727,0.041473918,0.037665926,0.052681442,0.091632836,0.034339763,0.05705932,0.056656517,0.04860249,0.025107548,0.0463981,0.065721005,0.03775848,0.04955266,0.06807099,0.05374587,0.026355162,0.0727085,0.06861848,0.04903299,0.036589902,0.031402655,0.03791661,0.037454385,0.043952245,0.03481753,0.040769186,0.051416352,0.029013623,0.051522724,0.045293495,0.065059066,0.03871541,0.030026352,0.038596243,0.040498815,0.043248482,0.03974056,0.064094424,0.048943177,0.056130998,0.045115013,0.066176146,0.06285191,0.041214023,0.03853559,0.037335187,0.029118828,0.03832482,0.048243992,0.057716973,0.045211114,0.03398324,0.049765807,0.047933366,0.16126658,0.06612118,0.0754072,0.026399313,0.0260608,0.07234857,0.033044875,0.033010133,0.044376887,0.044094156,0.06640408,0.037586357,0.039546542,0.034578092,0.035635427,0.056818865,0.033747975,0.0450252,0.040480655,0.04426872,0.05058613,0.03228064,0.07054518,0.027026013,0.035622675,0.06626251,0.034771375,0.09989397,0.031640038,0.038198423,0.029039692,0.08996234,0.061716117,0.030092288,0.035732158,0.040878993,0.030870503,0.03710513,0.044366647,0.039929066,0.074483715,0.06492604,0.042806674,0.03807898,0.045513198,0.041944098,0.059273873,0.026674343,0.059458245,0.034926716,0.048264015,0.046984095,0.050502274,0.038294695,0.0360968,0.037174992,0.046843044,0.035942912,0.042575877,0.035487413,0.0320892,0.03950469,0.060487002,0.086028814,0.031108635,0.07254796,0.07377685,0.035305828,0.062718436,0.04488941,0.02531643,0.046461362,0.06756198,0.039451666,0.0487881,0.07457597,0.032241624,0.036712464,0.03516953,0.03583923,0.06399838,0.036728863,0.037191637,0.05304098,0.022241209,0.055296123,0.030501919,0.11846903,0.07037899,0.048763026,0.037416857,0.040046386,0.077413425,0.055049825,0.049359016,0.04873495,0.050361857,0.0,0.045309752,0.035122335,0.05430865,0.06105312,0.02909317,0.06362801,0.050157838,0.05539097,0.038065907,0.057301883,0.064266406,0.04366122,0.034583285,0.07750657,0.03448313,0.031787273,0.06269391,0.042073663,0.07967843,0.058252834,0.041377578,0.06344699,0.04306611,0.049093053,0.059488196,0.039088417,0.06772103,0.030376934,0.054066405,0.052716024,0.042625327,0.06864387,0.050839882,0.042557966,0.062314898,0.05516412,0.08432787,0.029337049,0.06216725,0.06410285,0.030964479,0.035323855,0.03223379,0.084490344,0.033991832,0.07361957,0.044838957,0.088429324,0.041241713,0.042532086,0.05560362,0.030707585,0.050145455,0.05939977,0.04590286,0.05151502
fill,0.082781844,0.0857447,0.035796102,0.03865315,0.06899219,0.081332706,0.050199687,0.052908465,0.044237923,0.037135642,0.047933638,0.07401057,0.05692341,0.07468609,0.047687527,0.05015655,0.0529006,0.05160815,0.07143637,0.057067476,0.08749201,0.105208345,0.08472346,0.06624161,0.06290694,0.08093447,0.04496107,0.04141421,0.04660651,0.046660777,0.04394696,0.039727036,0.05026431,0.036306825,0.09348982,0.08790954,0.048609078,0.052133825,0.07623647,0.08323999,0.06502401,0.058119953,0.08582077,0.060277533,0.053875186,0.040690094,0.08383392,0.036979314,0.11683788,0.11303418,0.08161548,0.04047546,0.081772014,0.10857373,0.0947394,0.10031993,0.03697602,0.04516151,0.061649576,0.03631342,0.09051262,0.09217755,0.060135555,0.05935151,0.05444504,0.07032931,0.11822305,0.037503183,0.08302734,0.075073354,0.072843954,0.046771955,0.06517472,0.08343447,0.041729767,0.07538411,0.094833136,0.031052679,0.049836464,0.09325726,0.06754908,0.08314316,0.038973156,0.05057578,0.0695735,0.06054239,0.06704185,0.06143646,0.03312614,0.07830024,0.036486447,0.03306293,0.07135393,0.04213954,0.049185205,0.038385134,0.05411074,0.06564917,0.0434012,0.05554334,0.083672985,0.081716634,0.0719472,0.06621565,0.09632657,0.049299702,0.033236187,0.057902854,0.046181206,0.032077573,0.06393249,0.057875138,0.074084416,0.049401402,0.049253862,0.07618383,0.030414391,0.14397135,0.091708414,0.10541477,0.044279132,0.04092702,0.101511635,0.05310679,0.03469985,0.04421265,0.05273574,0.045846175,0.035240132,0.043262254,0.037363533,0.06377335,0.082362525,0.061911225,0.029057782,0.060668956,0.07430798,0.081165634,0.044536553,0.099480666,0.042272564,0.046810567,0.056352783,0.05148345,0.07397944,0.03382049,0.040641345,0.05311429,0.12263455,0.093069255,0.045447912,0.042555172,0.069852486,0.042787395,0.05662431,0.072881125,0.044446167,0.10537278,0.09243161,0.07532869,0.051826827,0.062233582,0.02696794,0.045641962,0.03696006,0.08274514,0.060601823,0.030036788,0.052972287,0.07822194,0.051848885,0.04398558,0.042323984,0.07235353,0.049597938,0.060816165,0.06292388,0.04669309,0.06132226,0.07253926,0.11561919,0.048992198,0.045065124,0.08125017,0.063606724,0.09359903,0.06828735,0.04220232,0.039285764,0.09856431,0.07159195,0.07341397,0.087216854,0.04264965,0.050536484,0.029042684,0.047439173,0.093194865,0.062050927,0.03950767,0.03733327,0.047619913,0.07510365,0.05495892,0.0863198,0.10078642,0.08234448,0.04444451,0.07033595,0.10951827,0.0367599,0.07993185,0.068187736,0.073726825,0.045309752,0.0,0.055451855,0.04515148,0.08668423,0.033516493,0.07960516,0.07889903,0.0728422,0.06434746,0.091694675,0.09640489,0.032074336,0.052352715,0.10535548,0.04803642,0.05760386,0.07079768,0.070163794,0.08284909,0.077624,0.068109185,0.071779825,0.035341136,0.067650065,0.08537234,0.0557541,0.095188215,0.054773644,0.075930186,0.07008567,0.06972191,0.09545341,0.07476529,0.046525013,0.035815515,0.08095975,0.11700851,0.050629105,0.09103615,0.08630348,0.036130667,0.060627874,0.059823755,0.116428815,0.052898306,0.10485378,0.07048614,0.121922426,0.068538606,0.06949277,0.081109434,0.029754002,0.07603227,0.08045769,0.070276834,0.081225045
start,0.040034678,0.051921446,0.03896487,0.04396047,0.04603622,0.04911138,0.08208404,0.092014626,0.043427244,0.055113636,0.032381367,0.036423735,0.03232608,0.04142131,0.04114896,0.03616993,0.09378459,0.032915607,0.03635269,0.034290686,0.054495122,0.06861675,0.040821206,0.050639525,0.033475257,0.04790998,0.079333685,0.049662296,0.04108499,0.04441696,0.03485722,0.07546193,0.03293363,0.0690435,0.053239647,0.045470938,0.03300389,0.040237408,0.04016212,0.04628281,0.039311495,0.033503782,0.048795275,0.037388362,0.031789076,0.07152479,0.059280515,0.04477753,0.07070846,0.07502404,0.046677902,0.05739728,0.062618926,0.07733624,0.053787883,0.059718784,0.046272814,0.046168853,0.105654866,0.04029094,0.052519098,0.05717802,0.056066163,0.046418753,0.039740507,0.057637144,0.08409149,0.048016988,0.04762551,0.047509596,0.039640885,0.035905555,0.043641623,0.06832759,0.04893073,0.032539163,0.055522732,0.06403582,0.02362095,0.073544726,0.07592097,0.049556803,0.041733835,0.038745288,0.038889505,0.035796426,0.0342617,0.03149807,0.05114435,0.051709384,0.031676278,0.06075804,0.049779836,0.07635968,0.038984273,0.04063345,0.046954416,0.038289174,0.05055299,0.04316695,0.055291332,0.048263293,0.059991024,0.037873052,0.060610916,0.0694487,0.052501626,0.041904416,0.047942992,0.04355362,0.03974752,0.050119285,0.059781924,0.04912947,0.03335569,0.049011283,0.056378424,0.16396278,0.06382742,0.06162095,0.029068567,0.039956976,0.059308425,0.041957207,0.038790435,0.051161792,0.055319745,0.0728415,0.037443735,0.040377237,0.036402922,0.039193142,0.050812345,0.036304325,0.057965502,0.037086822,0.04701364,0.047955114,0.04372218,0.057889257,0.03665362,0.038374133,0.07418652,0.041509636,0.10475709,0.042681675,0.04757633,0.028880423,0.07913489,0.053509105,0.03210073,0.048025034,0.0398904,0.031056667,0.038144287,0.040306285,0.0474469,0.06303951,0.050770584,0.0485693,0.04985313,0.043951686,0.05291082,0.071188934,0.03963398,0.04551575,0.038805757,0.05787009,0.05969536,0.04409887,0.04647,0.03253463,0.049874417,0.046113867,0.040562358,0.052893337,0.03961666,0.040481362,0.0442304,0.06587206,0.07631196,0.030908525,0.07936492,0.07805278,0.03302127,0.060250036,0.04614589,0.035260886,0.054240495,0.056560874,0.041198853,0.037552923,0.076350644,0.03593185,0.049233247,0.041487172,0.034622103,0.050162006,0.041998535,0.04106315,0.06544857,0.034347665,0.05220007,0.0442299,0.12821372,0.062243108,0.049860235,0.043311957,0.036680527,0.06974849,0.062059317,0.04208731,0.03812083,0.04428925,0.035122335,0.055451855,0.0,0.064254224,0.05893368,0.039640885,0.0666334,0.043091606,0.05465362,0.034914773,0.05837697,0.061571848,0.05062667,0.031116376,0.06358633,0.040089514,0.0382044,0.06753778,0.041628405,0.08477637,0.061150838,0.042823277,0.06797614,0.052289195,0.03604327,0.052533064,0.030741794,0.05501314,0.03516495,0.04205954,0.048865914,0.042607527,0.059770994,0.045275103,0.052678313,0.07181633,0.04077537,0.07209272,0.022435488,0.048726134,0.049865566,0.04388826,0.039836735,0.035090048,0.07391019,0.03691406,0.068408705,0.03769181,0.07958764,0.032416858,0.034871854,0.04986876,0.045197777,0.04613839,0.055958685,0.03771798,0.047927957
sprinkle,0.086369984,0.08958102,0.051552057,0.04682252,0.07209718,0.083338074,0.06565499,0.06813524,0.051584143,0.049271785,0.057748012,0.07772149,0.06019473,0.07927042,0.054123003,0.06112744,0.06402089,0.05822406,0.07638367,0.06654744,0.088756554,0.10546595,0.08924523,0.07416325,0.069181316,0.08113891,0.059018712,0.053815573,0.0518081,0.056446783,0.05841961,0.05802934,0.052334018,0.051603734,0.09263509,0.09063984,0.051229607,0.052331824,0.08063559,0.08630476,0.06654951,0.06315284,0.08712493,0.068783104,0.06344777,0.056892283,0.091887005,0.047055263,0.11896466,0.11357225,0.08820832,0.05113957,0.065644346,0.09490025,0.097790375,0.1002992,0.05125324,0.036269177,0.075403914,0.043064915,0.09496753,0.09616669,0.04686782,0.045513973,0.06371639,0.058013108,0.12087278,0.033489183,0.08564783,0.079851076,0.07708645,0.052926384,0.07065479,0.06603464,0.03794785,0.080980815,0.09935686,0.045088224,0.059275072,0.07723528,0.04724653,0.08907795,0.053623617,0.04906351,0.07359969,0.06917827,0.075750045,0.06815222,0.050057627,0.07047549,0.047328584,0.052030776,0.06552473,0.058413696,0.05579081,0.047112923,0.06111488,0.07317376,0.0583844,0.058529425,0.089740135,0.0866181,0.054328542,0.062732294,0.0977099,0.034755956,0.05219185,0.059847753,0.041601557,0.04631083,0.069711454,0.043967206,0.05580884,0.058333945,0.057270866,0.07807971,0.04541653,0.14945944,0.098805435,0.10998917,0.056507688,0.049599506,0.10581358,0.05994602,0.05006862,0.029267265,0.044725046,0.058896706,0.05267108,0.054933097,0.05325182,0.06758863,0.081575625,0.06966167,0.046593577,0.06586691,0.077496275,0.077602305,0.04641436,0.104274824,0.052911483,0.057854038,0.03125621,0.05845555,0.08535626,0.05345566,0.03073719,0.056531947,0.124367744,0.097040445,0.058946542,0.041517418,0.06819476,0.05474187,0.062127195,0.07786423,0.053765874,0.1097968,0.092611104,0.07518234,0.05171794,0.067215964,0.048204564,0.03528613,0.04484486,0.08930117,0.067386195,0.045823887,0.0436561,0.07721364,0.06261741,0.052630655,0.04245302,0.06858135,0.047249127,0.05188049,0.07249443,0.04841889,0.06424987,0.05381876,0.11484286,0.054424223,0.061893,0.056219894,0.064703114,0.099368416,0.0647533,0.047413226,0.05411951,0.10360784,0.070859216,0.081963085,0.0667575,0.050380383,0.044257272,0.048115317,0.057643443,0.09683657,0.05480555,0.050406832,0.04624312,0.053511675,0.0748013,0.058500066,0.09731956,0.10054226,0.08609271,0.053469006,0.0770825,0.112366945,0.05293537,0.0828239,0.076400936,0.08193449,0.05430865,0.04515148,0.064254224,0.0,0.07552224,0.049645662,0.062170215,0.08112943,0.072708204,0.06940135,0.09539501,0.09771669,0.04868083,0.059987962,0.10878477,0.058744024,0.06575225,0.051291864,0.07522604,0.059952676,0.06313825,0.065908834,0.05187549,0.051029935,0.076407626,0.09184244,0.06646974,0.09620249,0.06437556,0.08410447,0.07274432,0.068193816,0.09599331,0.07750816,0.032952603,0.05436991,0.08755435,0.119343,0.06171844,0.094520904,0.090383,0.049958926,0.07034201,0.06789279,0.118705496,0.058525953,0.10804435,0.07476851,0.12365475,0.07530426,0.07311115,0.083556965,0.04873496,0.08181425,0.08290178,0.077502966,0.08128548
spread,0.057856873,0.06017243,0.07237735,0.07482179,0.05591982,0.056968987,0.112614766,0.12456214,0.07392925,0.08747774,0.0595503,0.052544795,0.059697095,0.066986665,0.06618161,0.06504713,0.123637445,0.0626029,0.05511256,0.062590756,0.046952132,0.06894883,0.06299979,0.07421716,0.056047946,0.043384243,0.11257551,0.083258234,0.06878566,0.07585334,0.0689918,0.10982704,0.063699834,0.09579905,0.0427239,0.061121535,0.061044957,0.055126555,0.063522615,0.061587192,0.05596543,0.05654871,0.056925576,0.07072786,0.057165403,0.10530406,0.070297256,0.0773144,0.070516005,0.064478986,0.057096586,0.09022072,0.07201353,0.05643825,0.0637526,0.066382825,0.073352896,0.07110732,0.13344133,0.06448596,0.06910509,0.060594637,0.0702381,0.061394665,0.05812079,0.069804765,0.083430246,0.07048465,0.06610358,0.06358966,0.050647356,0.06265987,0.055320255,0.07380619,0.075402364,0.056292407,0.06255391,0.09126381,0.061397064,0.07483082,0.09142349,0.056157902,0.07319145,0.060544543,0.0550651,0.05951382,0.0636519,0.052161943,0.08039455,0.029417826,0.067697786,0.092741035,0.05797969,0.10924668,0.065147206,0.07331361,0.073717736,0.05601181,0.07600409,0.068181835,0.07262379,0.051663436,0.06931522,0.06284131,0.067626715,0.09302376,0.08568724,0.055831604,0.07216308,0.07324358,0.0592029,0.06868602,0.0639331,0.07718403,0.06503301,0.056650836,0.083718754,0.184171,0.07249789,0.07122033,0.060255922,0.06796823,0.071918815,0.068671964,0.06995649,0.060807157,0.07725524,0.10061067,0.07411942,0.07581701,0.0731573,0.058999583,0.055763837,0.061030004,0.08829592,0.06327644,0.057491016,0.028100312,0.055521395,0.0726853,0.06336489,0.06545004,0.09220916,0.05180306,0.1363292,0.076587796,0.05944604,0.056045473,0.075332664,0.05807255,0.062426526,0.07444072,0.045389403,0.06077711,0.05655444,0.05539704,0.0799236,0.0712006,0.06649286,0.05735657,0.07358388,0.06908797,0.08516227,0.09429347,0.069752544,0.06300839,0.054256085,0.08713142,0.07897432,0.05396621,0.07713401,0.06817443,0.07521275,0.058842413,0.05879845,0.06749538,0.061334614,0.060224853,0.041466594,0.074014895,0.075438865,0.060917832,0.11244175,0.08509818,0.049733385,0.06363689,0.03037437,0.058019873,0.08533803,0.06527418,0.045903448,0.06636007,0.08234449,0.06377108,0.06921333,0.07589127,0.06550123,0.06568067,0.055074662,0.07198837,0.09476927,0.05569972,0.071410075,0.066933386,0.15709212,0.05193653,0.055130284,0.076512195,0.058569014,0.06589885,0.094720416,0.048188217,0.07090487,0.056311347,0.06105312,0.08668423,0.05893368,0.07552224,0.0,0.07108118,0.07379086,0.052744653,0.07433921,0.051414732,0.060288332,0.045588106,0.083134286,0.059205353,0.077252075,0.06266918,0.054453842,0.07986788,0.05480162,0.095350325,0.06679901,0.03353973,0.07881865,0.08159104,0.06275384,0.058647994,0.05927843,0.06799339,0.061279703,0.07012497,0.072317086,0.05046313,0.06656624,0.060821693,0.07466188,0.10189039,0.05759736,0.07105644,0.057800476,0.064800754,0.0719513,0.07412539,0.059838634,0.06118781,0.07414189,0.057720937,0.06639353,0.04811726,0.0736348,0.050527122,0.049573936,0.063923575,0.076985575,0.054069817,0.07382281,0.058866713,0.050990213
move,0.06590846,0.062458888,0.032831993,0.028116161,0.05760612,0.057140417,0.06554685,0.073402345,0.039234184,0.039052952,0.029082127,0.054575145,0.039720066,0.06032665,0.032279782,0.04149149,0.07542199,0.03081628,0.05663423,0.047937807,0.073300034,0.082883485,0.0708751,0.06527783,0.044617277,0.067108355,0.0644797,0.047357246,0.030202966,0.049752016,0.032597154,0.056561098,0.04508294,0.054399,0.07666016,0.07303935,0.03307266,0.041128736,0.065907665,0.066804476,0.04225288,0.04729094,0.0635404,0.051738936,0.044600636,0.053916,0.06519256,0.030778557,0.09651996,0.09474362,0.06374506,0.04902023,0.06710623,0.088240534,0.07343491,0.08118745,0.037857894,0.042960636,0.086762786,0.028763345,0.07959518,0.07095935,0.044754434,0.045367625,0.04734053,0.05226432,0.09913586,0.029768808,0.07111587,0.06830018,0.05924956,0.030462764,0.053570926,0.06730864,0.03255257,0.056197707,0.072571,0.049052075,0.029215036,0.07464804,0.06389556,0.06364079,0.03722526,0.034635045,0.045405928,0.044040434,0.054597788,0.04279179,0.04158083,0.061716907,0.027793111,0.04741752,0.04913942,0.059023652,0.03525817,0.031579077,0.04625088,0.054599263,0.04721149,0.04131523,0.077068865,0.05919001,0.056267235,0.048343074,0.07447569,0.05598604,0.042182382,0.041900612,0.036918927,0.023775186,0.0429684,0.048277847,0.058350377,0.04077586,0.03200726,0.058906928,0.041862167,0.15576176,0.072324954,0.089541435,0.03366508,0.027584868,0.087008774,0.044721693,0.026770063,0.042320512,0.040451225,0.06554462,0.033277217,0.032622464,0.03314071,0.049897067,0.060754962,0.048577163,0.040872592,0.051475134,0.053727422,0.062007558,0.039871447,0.08366843,0.03604843,0.038926315,0.061007027,0.045293357,0.096025705,0.03262757,0.038297266,0.03434796,0.10153487,0.07540129,0.024520963,0.03198152,0.05307309,0.030648313,0.043377496,0.05162188,0.033717226,0.08652097,0.07843302,0.051726006,0.03654403,0.046076614,0.035092242,0.05279993,0.026845668,0.061816167,0.04790027,0.043166146,0.04206427,0.056443106,0.04295158,0.039265342,0.032120183,0.051176596,0.040721197,0.04306091,0.046813782,0.04031602,0.052149616,0.060328264,0.09498706,0.032568928,0.06625799,0.0719076,0.048079364,0.072380304,0.056017596,0.032175653,0.04740903,0.07947186,0.04928934,0.06124054,0.074934065,0.032160334,0.036257997,0.027603239,0.04413346,0.07840806,0.04279312,0.038690183,0.0465197,0.03263469,0.0564247,0.03478894,0.10939078,0.08000827,0.059910856,0.033021733,0.05279941,0.08668092,0.052125383,0.060982786,0.059350103,0.055427674,0.02909317,0.033516493,0.039640885,0.049645662,0.07108118,0.0,0.064739645,0.059659913,0.054109268,0.04362633,0.06888471,0.07716158,0.041952793,0.037268717,0.09163519,0.04301301,0.043013703,0.060220018,0.04537147,0.07587944,0.060748667,0.05412882,0.062156476,0.045068134,0.048359,0.066165835,0.037930667,0.08117062,0.03577382,0.0658427,0.053312995,0.048009083,0.074158005,0.0527423,0.041560516,0.05558775,0.060667213,0.0960178,0.036880415,0.07581796,0.07688728,0.025572458,0.041439038,0.04568874,0.09474084,0.03569371,0.08299113,0.052909315,0.1007514,0.051429767,0.0473583,0.05975291,0.027276073,0.05435857,0.06066733,0.04887241,0.060061507
minced,0.0758352,0.06948322,0.07145492,0.06656448,0.07910431,0.063608184,0.10479117,0.11289335,0.0677039,0.0791542,0.061848976,0.07005482,0.059911553,0.07752939,0.06448646,0.07086227,0.108568005,0.059416123,0.06753859,0.07513861,0.08494971,0.07448627,0.081117935,0.09255564,0.059788797,0.08253964,0.099819615,0.08447119,0.06010459,0.08172638,0.06503929,0.096539184,0.064679235,0.09052192,0.08297809,0.080527395,0.051786445,0.05270415,0.078019716,0.068169296,0.055447776,0.06685274,0.060341462,0.07471966,0.07079974,0.09535127,0.07828336,0.06966668,0.09489151,0.09441671,0.0707166,0.08771049,0.029197086,0.065657035,0.07511856,0.077263996,0.07511662,0.05529692,0.12522621,0.0560145,0.09128281,0.0717401,0.03150969,0.039891034,0.072564624,0.022479283,0.09763843,0.056468412,0.07993395,0.08859682,0.076154284,0.06043147,0.07430117,0.017946884,0.050815668,0.071031585,0.078232914,0.08967335,0.063639164,0.024166513,0.043576967,0.07540016,0.07146199,0.053792886,0.06134522,0.06755764,0.076498985,0.06584521,0.07883869,0.0655992,0.06770063,0.08598172,0.044064738,0.10031291,0.06831094,0.06390067,0.07660002,0.07691541,0.08163829,0.053333286,0.095128395,0.06980202,0.01861805,0.04856185,0.07217543,0.062486604,0.08236298,0.05802106,0.048244428,0.06942744,0.06500577,0.03771103,0.025415746,0.071788885,0.060249593,0.06044307,0.08076369,0.17895381,0.081336565,0.09541448,0.069467135,0.06560469,0.09521227,0.07661013,0.07124145,0.06717766,0.046293065,0.10274929,0.07601995,0.067728974,0.074019894,0.07357809,0.06104814,0.07450465,0.08011071,0.073300906,0.06293571,0.07018783,0.07425071,0.08940124,0.070716165,0.07147192,0.06170789,0.07433274,0.13071138,0.074773215,0.06369636,0.052747715,0.09679855,0.079509,0.062226623,0.054673515,0.0575657,0.06251842,0.062902555,0.06641035,0.07058557,0.09000324,0.08033953,0.056594133,0.052002903,0.06880102,0.083541356,0.065976456,0.061267253,0.0737845,0.068016045,0.084922396,0.044329103,0.054344617,0.07618892,0.066552654,0.05557089,0.046629578,0.054294445,0.035085626,0.06558361,0.06462622,0.078076705,0.018892212,0.08436012,0.05294268,0.10665559,0.0272209,0.06403126,0.07877893,0.07252667,0.061366115,0.084370345,0.08378696,0.061229493,0.081767164,0.02354622,0.054837596,0.046712797,0.06784944,0.074955545,0.08693911,0.04315467,0.071252644,0.08416423,0.066790424,0.06072874,0.06086958,0.14657542,0.07709406,0.070084676,0.069509536,0.069703184,0.08495177,0.093109116,0.070562944,0.08001362,0.06637909,0.06362801,0.07960516,0.0666334,0.062170215,0.07379086,0.064739645,0.0,0.067917556,0.061260704,0.061367374,0.07711293,0.08376551,0.08244156,0.060255423,0.09658463,0.075141795,0.067735404,0.019491155,0.06095557,0.03653898,0.024604846,0.07110594,0.023794096,0.08397783,0.069674395,0.07066487,0.067309104,0.0821481,0.06649218,0.08419852,0.06662195,0.05754751,0.06888178,0.0643497,0.04722844,0.09771217,0.07267997,0.09445213,0.06587634,0.08377159,0.08969519,0.07424116,0.06402789,0.06629308,0.090555325,0.051784247,0.08841902,0.0656402,0.099425934,0.071257025,0.058660276,0.06932874,0.07336856,0.06336521,0.070444606,0.06637974,0.058870755
cream,0.03533715,0.036346313,0.057932295,0.062103573,0.0435003,0.03615686,0.1066577,0.11876466,0.06053145,0.0723636,0.048796725,0.03485514,0.040052313,0.041276105,0.050733637,0.0506173,0.118552364,0.043393575,0.03830481,0.04788627,0.04840297,0.047480445,0.044983808,0.064818874,0.039713066,0.039845597,0.10473984,0.07268755,0.051791664,0.07092963,0.052217957,0.09955125,0.05516518,0.09366735,0.040482823,0.043105334,0.046165537,0.04896937,0.05052413,0.039846368,0.03315594,0.042082775,0.038126957,0.052643772,0.041778464,0.095448256,0.05505854,0.064790025,0.056592997,0.048751,0.0424442,0.08089242,0.06355039,0.06534031,0.03872689,0.047862515,0.06536171,0.06563959,0.13127168,0.057187825,0.05486872,0.045028187,0.06200419,0.052891538,0.04628019,0.059767254,0.06869518,0.065660514,0.047386937,0.057554644,0.03385023,0.051987816,0.039311763,0.066227056,0.066386744,0.032343633,0.043529306,0.085514486,0.04335845,0.065928064,0.087521955,0.043888234,0.061125115,0.047984626,0.036294933,0.043036725,0.043764204,0.02966629,0.07170359,0.042419463,0.058229245,0.083762035,0.045522854,0.1012009,0.046173748,0.06271657,0.06506098,0.041238554,0.06448111,0.045668483,0.060656924,0.036242187,0.061401602,0.042090748,0.044258785,0.090625316,0.07743939,0.05322984,0.06539615,0.06648839,0.03352957,0.06313704,0.06167992,0.055619698,0.043280073,0.039194312,0.07963004,0.18235962,0.05732001,0.051609185,0.049391415,0.055594213,0.05543174,0.058216743,0.059567276,0.070549555,0.06738822,0.09732126,0.060064733,0.053843305,0.057022046,0.049580052,0.037327137,0.04772711,0.07910766,0.0472941,0.04783458,0.039135728,0.05981558,0.049609467,0.053606357,0.046319887,0.09243505,0.048367046,0.13194829,0.06408393,0.062551424,0.044361744,0.060770303,0.041248284,0.04548001,0.0630491,0.034799155,0.051039197,0.04441479,0.025197517,0.059778903,0.050609432,0.046543907,0.042729594,0.059694335,0.041715555,0.07483714,0.090828046,0.058655106,0.04406422,0.043277156,0.07705245,0.07026593,0.036377326,0.0629772,0.05307061,0.06504537,0.033599,0.04939365,0.056805246,0.045110863,0.05178869,0.048449475,0.07054283,0.0610166,0.044985633,0.1059413,0.08302605,0.03729795,0.051089443,0.047454145,0.050366055,0.07465696,0.043441277,0.03326403,0.045406986,0.07801389,0.053654168,0.06081966,0.06490526,0.05599276,0.04746615,0.047679204,0.061927512,0.08971053,0.04653576,0.040888343,0.0528282,0.15495862,0.0452807,0.046375338,0.056025505,0.035012826,0.05275829,0.088629745,0.031192513,0.048714645,0.042743698,0.050157838,0.07889903,0.043091606,0.08112943,0.052744653,0.059659913,0.067917556,0.0,0.04751282,0.035524618,0.050073467,0.051024847,0.0758293,0.037586223,0.056920007,0.05234536,0.047125082,0.07432448,0.03608759,0.09155753,0.0622448,0.042945117,0.074583,0.07222026,0.04555734,0.044361047,0.043722186,0.049011555,0.045400575,0.049455155,0.042701192,0.036400367,0.049965058,0.030310107,0.068705425,0.096322365,0.037360173,0.05706829,0.04433583,0.040399227,0.056810737,0.06506014,0.047720198,0.045358755,0.05733694,0.043447427,0.05473282,0.04448434,0.06106599,0.033914186,0.039109763,0.03162695,0.06818895,0.03929256,0.043181833,0.036058847,0.027909303
combine,0.0648532,0.056527082,0.060908582,0.05174179,0.06357829,0.049832303,0.09769609,0.1052619,0.055602692,0.05813561,0.051829636,0.056604393,0.03837239,0.05426267,0.048900135,0.063447826,0.10814961,0.04862725,0.061543684,0.065813184,0.077117234,0.065887205,0.07206091,0.082184635,0.053217832,0.07102981,0.09752515,0.075179085,0.045870848,0.07506605,0.057114676,0.089220054,0.061839916,0.08856878,0.07344788,0.07241911,0.046145108,0.053998094,0.07177207,0.0630157,0.034727957,0.060281504,0.056706227,0.066081084,0.06132277,0.08240525,0.06760476,0.061645217,0.08600175,0.08242542,0.061861277,0.0760813,0.06304989,0.07409366,0.061456613,0.06952408,0.06696615,0.06511073,0.12149306,0.055402115,0.08112094,0.065149486,0.05285905,0.052975357,0.06368417,0.05014698,0.088757366,0.057602845,0.07232176,0.0790597,0.06380467,0.053200826,0.061681233,0.05779378,0.054028682,0.055318862,0.06323727,0.08191215,0.04966423,0.061240945,0.07284915,0.067047276,0.06677098,0.047399275,0.04820414,0.058117025,0.06498628,0.045648698,0.0735321,0.06519494,0.05861448,0.08070061,0.048416853,0.090104066,0.040650226,0.061347716,0.06465597,0.06520272,0.07415251,0.039957467,0.08460892,0.058328256,0.053184684,0.040397316,0.06115816,0.07893357,0.07603014,0.05669984,0.056310467,0.06109642,0.046685096,0.058172558,0.053416513,0.03687977,0.040999893,0.06098648,0.07573525,0.17634976,0.071039595,0.0846954,0.059104692,0.047449004,0.084850006,0.062828,0.0568181,0.06731255,0.05314691,0.09667649,0.06333053,0.042231496,0.0591831,0.060635477,0.042823266,0.05962297,0.07519024,0.06394041,0.058631174,0.062697604,0.06654625,0.07950354,0.062041875,0.051104926,0.08087845,0.064849354,0.12625667,0.066156626,0.06435493,0.046983834,0.08842899,0.07357266,0.044534426,0.05688635,0.05642144,0.05320082,0.0483189,0.04374433,0.04718247,0.07807356,0.07459203,0.049221925,0.047381517,0.03484637,0.07116849,0.076635994,0.055228535,0.060360104,0.058101997,0.07123477,0.055441935,0.04281322,0.055280555,0.055725433,0.05588946,0.03502909,0.054822303,0.047032498,0.05967087,0.061194427,0.069957785,0.060218748,0.08142963,0.049769253,0.099518284,0.068680726,0.055474333,0.07018129,0.06826063,0.055832278,0.076635465,0.07163107,0.049385,0.06855738,0.06836736,0.05151334,0.050632533,0.060225878,0.06675481,0.077118546,0.047437854,0.06371886,0.08021952,0.051906075,0.018137861,0.04958211,0.14298296,0.07038679,0.061552208,0.047740243,0.058518514,0.0756125,0.08519413,0.05501304,0.06844333,0.056249414,0.05539097,0.0728422,0.05465362,0.072708204,0.07433921,0.054109268,0.061260704,0.04751282,0.0,0.04992868,0.067755975,0.07821226,0.07532919,0.04389942,0.087049454,0.06371411,0.060924113,0.063023224,0.045615487,0.07414184,0.054726046,0.06488012,0.06364934,0.07552463,0.055453297,0.06185813,0.05301032,0.07627603,0.04773538,0.073371224,0.020356731,0.046248432,0.06570577,0.031926446,0.057599016,0.09050627,0.059750803,0.084990695,0.054823473,0.0696693,0.08117995,0.06074568,0.057129804,0.059632666,0.08240115,0.048696652,0.075657055,0.05954573,0.08918887,0.05580363,0.050861552,0.035501413,0.06420741,0.053611934,0.018791337,0.0519755,0.047887318
dump,0.041767716,0.0395916,0.044996653,0.054107636,0.047830336,0.0383011,0.094765864,0.10811047,0.052777473,0.06584002,0.03457359,0.035271022,0.03594499,0.04524245,0.047439005,0.04168518,0.10678984,0.035437282,0.035412367,0.04278856,0.049908586,0.055788096,0.049139794,0.0657118,0.029965473,0.04700759,0.0940641,0.065648824,0.045915708,0.06291713,0.039896403,0.08872129,0.048902772,0.08095324,0.047672126,0.049244035,0.03849909,0.038176477,0.0504043,0.039755084,0.03282053,0.039410222,0.032356802,0.04667044,0.033157084,0.08538117,0.046674453,0.055277254,0.06274407,0.06519206,0.03610585,0.073801436,0.061412957,0.0660473,0.04541228,0.049547862,0.053955838,0.05584953,0.11875742,0.039151296,0.058708526,0.044053413,0.054033555,0.045659248,0.03955428,0.053194758,0.06705481,0.054917317,0.054379612,0.058397412,0.042856,0.04142828,0.03522524,0.062072292,0.05481165,0.032976005,0.04647245,0.073751114,0.033906236,0.06424031,0.07967137,0.037891064,0.04593316,0.042804956,0.03169188,0.0331768,0.043077253,0.02918628,0.058749836,0.037367538,0.04764845,0.07038148,0.04118332,0.09181831,0.043911323,0.05233792,0.056800313,0.039437328,0.055317935,0.039275475,0.06511993,0.033439655,0.056162324,0.034610067,0.05008589,0.08058318,0.065507606,0.040378407,0.053085174,0.051382568,0.0297888,0.055195328,0.056164604,0.05267464,0.036560316,0.03452635,0.066044375,0.17487898,0.049710795,0.061082736,0.03761004,0.045395914,0.06258058,0.05007419,0.046052586,0.05990959,0.059495028,0.0873441,0.050894164,0.046439294,0.04899752,0.04338582,0.038840167,0.040503792,0.06909053,0.047995575,0.037490834,0.03693892,0.05146401,0.05643265,0.041667562,0.041981976,0.082344875,0.03934541,0.12316012,0.051187977,0.05248737,0.03305226,0.06603484,0.04439199,0.03401479,0.05465586,0.027304735,0.036661707,0.03709711,0.031502694,0.053260308,0.056704715,0.053612605,0.038291346,0.052547347,0.045591634,0.06468461,0.08059019,0.04550796,0.042226586,0.036394782,0.06925758,0.061488513,0.036240492,0.053974275,0.04758877,0.056246944,0.039489035,0.039396714,0.05024639,0.033036813,0.03811925,0.042021416,0.062402755,0.0614894,0.03306829,0.09619287,0.07658921,0.03580796,0.046543643,0.042907536,0.040520765,0.06324495,0.048131924,0.03256148,0.046869252,0.073245294,0.041242402,0.05051025,0.050044946,0.04804065,0.05392807,0.04050739,0.051385973,0.07932534,0.039387293,0.046754375,0.046084344,0.14384153,0.047627002,0.039254963,0.048703805,0.035680316,0.051714428,0.07865253,0.034116644,0.049031842,0.03208433,0.038065907,0.06434746,0.034914773,0.06940135,0.051414732,0.04362633,0.061367374,0.035524618,0.04992868,0.0,0.045954887,0.048715692,0.06386844,0.025917305,0.06668783,0.041984394,0.033910308,0.06661586,0.030356308,0.08544737,0.054984268,0.03931401,0.06778701,0.061066408,0.039227195,0.03809939,0.03428082,0.05649846,0.035363086,0.052130844,0.04651448,0.035151694,0.04546231,0.036096785,0.059493948,0.08599184,0.03615024,0.06200541,0.033513818,0.050828278,0.06134858,0.05267191,0.031689256,0.036844652,0.05964952,0.025078798,0.054478657,0.03154044,0.066481344,0.032350503,0.027414989,0.04216605,0.05329541,0.027529273,0.049858473,0.034580454,0.032924242
peel,0.053637777,0.040060423,0.075573705,0.07639581,0.06795093,0.040853057,0.11614618,0.13202998,0.07635012,0.089654446,0.05600363,0.051205665,0.06226742,0.06749864,0.06725619,0.06627187,0.13315079,0.058649294,0.05030289,0.06741712,0.059794206,0.054095447,0.06481582,0.08919459,0.052880604,0.059682347,0.12057673,0.091336556,0.0674662,0.08776693,0.064840436,0.11238461,0.07447461,0.104130045,0.055410385,0.061159983,0.06258481,0.06272133,0.06886853,0.05593327,0.05088481,0.06387431,0.04555455,0.07239815,0.06036651,0.108408324,0.052827086,0.07961023,0.061681565,0.063409194,0.050952107,0.10016889,0.07659418,0.06402455,0.050081693,0.058376107,0.07838205,0.08213536,0.14404722,0.06852726,0.07531055,0.037226893,0.07393296,0.06771792,0.0652099,0.06993388,0.07078214,0.07745405,0.069674075,0.07872139,0.061214503,0.061187953,0.058750927,0.07622835,0.07863448,0.04961488,0.0468043,0.10230511,0.05778575,0.07502488,0.09998021,0.02692881,0.0759098,0.06510199,0.042232312,0.055268195,0.06474212,0.049579896,0.08763776,0.05465406,0.071827136,0.098911926,0.055211306,0.11500026,0.06759815,0.075474404,0.074244715,0.06113303,0.08364134,0.0676319,0.083537206,0.03769558,0.075020224,0.062677816,0.052835327,0.1047424,0.08862411,0.057891004,0.07343228,0.07307568,0.052509975,0.07712938,0.071944565,0.07773564,0.06288638,0.054730028,0.09128695,0.1949297,0.053783458,0.069750845,0.058773316,0.06786122,0.07346099,0.069440484,0.07079138,0.082946226,0.07970496,0.11474409,0.077388644,0.075301535,0.07588958,0.059430685,0.04868307,0.057771426,0.0934105,0.07039303,0.024273397,0.046234943,0.0733371,0.068744816,0.07029459,0.06798,0.10651077,0.06339855,0.14907067,0.0757002,0.079347566,0.05530161,0.06326033,0.05027924,0.05678808,0.07779663,0.050391637,0.06072124,0.06199887,0.047062483,0.07830117,0.06285494,0.06926006,0.045621954,0.07138716,0.06591466,0.0887374,0.10359437,0.06788925,0.0497854,0.057506528,0.09738675,0.082749575,0.046651483,0.07177406,0.07372825,0.07829457,0.056887846,0.06855061,0.06832677,0.04758678,0.067896135,0.0598128,0.08006318,0.06363173,0.06042317,0.12169596,0.09496629,0.055617105,0.024101788,0.06201187,0.06493558,0.090466104,0.05513553,0.046679296,0.06776837,0.08911262,0.06587854,0.07051595,0.07820626,0.073440544,0.06683045,0.05534208,0.07981159,0.10243992,0.06122845,0.06543051,0.06231421,0.16665047,0.04610408,0.018611468,0.07585127,0.05536772,0.047088712,0.103196554,0.044040937,0.07366125,0.049431153,0.057301883,0.091694675,0.05837697,0.09539501,0.060288332,0.06888471,0.07711293,0.050073467,0.067755975,0.045954887,0.0,0.036429655,0.09168957,0.057962522,0.07747389,0.06718513,0.044599537,0.086516134,0.043877613,0.10324029,0.06781171,0.055481866,0.08590776,0.08948095,0.054699197,0.049455177,0.05453736,0.06947405,0.048989236,0.07413339,0.06734312,0.04988331,0.053796303,0.052522838,0.08294393,0.11099781,0.045674745,0.06019006,0.057028465,0.06500981,0.079441614,0.07315185,0.043383732,0.05446619,0.060597073,0.055526603,0.042447817,0.044320393,0.064658865,0.05176145,0.045722883,0.0543419,0.07397269,0.041032206,0.06397793,0.048334382,0.04595482
coat,0.0524087,0.05224353,0.07767969,0.085167505,0.062060457,0.05352784,0.12294816,0.13805358,0.08251031,0.09758947,0.064120084,0.051199615,0.06551125,0.06643018,0.07556366,0.066893674,0.13604221,0.066950604,0.050080203,0.06319762,0.0384618,0.058861353,0.060101498,0.080914244,0.057013087,0.047680363,0.123397805,0.09311373,0.076674566,0.08688586,0.070360765,0.11888838,0.07454724,0.107365265,0.03864383,0.056361154,0.068514004,0.0648008,0.06377667,0.054326475,0.060070705,0.060449474,0.049885716,0.06945018,0.058276653,0.11575862,0.062034585,0.08661762,0.053676482,0.055504203,0.04982726,0.10211958,0.0826073,0.06501021,0.054186977,0.05671292,0.08075842,0.08484169,0.14746168,0.07237927,0.06499537,0.047664758,0.08232235,0.07386202,0.062426258,0.07944433,0.07046462,0.085154526,0.06449258,0.06823015,0.053204827,0.06901744,0.05628913,0.08363443,0.08677919,0.052282367,0.050517205,0.10369364,0.06525526,0.08235159,0.10693011,0.035146363,0.07610038,0.070648715,0.05368127,0.05764287,0.06277137,0.052844033,0.08661854,0.044488393,0.07769493,0.10033969,0.06384892,0.12109397,0.07401805,0.08132543,0.08082784,0.056417387,0.08236638,0.07146015,0.07217861,0.042457245,0.081813194,0.06741007,0.05954945,0.11020749,0.09318642,0.06194643,0.082754634,0.08235804,0.060054116,0.08133246,0.07850438,0.08508681,0.070450015,0.05357097,0.09416526,0.195202,0.06213728,0.06013201,0.06354312,0.076264955,0.06316513,0.072842374,0.077864036,0.08389091,0.08980813,0.11342866,0.08152119,0.082497224,0.07975875,0.062189147,0.05573638,0.060048528,0.09852051,0.069199696,0.042582627,0.03788119,0.07183224,0.060592216,0.0691741,0.07125493,0.11123838,0.060453113,0.14985298,0.080584906,0.07899517,0.06095819,0.057380907,0.04407552,0.065406896,0.08591083,0.04559717,0.065095894,0.0630495,0.054472134,0.08748766,0.0580043,0.062160112,0.058244355,0.08244657,0.073463604,0.09546369,0.110157445,0.07801788,0.055922803,0.056346644,0.099508815,0.09136564,0.053191584,0.0803504,0.07613486,0.08726725,0.06358704,0.070080094,0.077961735,0.053625967,0.067584954,0.04901885,0.08617012,0.06322911,0.064766556,0.12556069,0.100803226,0.05374735,0.0414303,0.049189225,0.06744659,0.09160013,0.050933823,0.049811177,0.06305339,0.09412358,0.07059135,0.080044396,0.08254528,0.07013447,0.058591858,0.06495931,0.08164689,0.109096184,0.06411257,0.073617384,0.0741444,0.17124484,0.04222222,0.036558446,0.08394926,0.05416527,0.049201157,0.10662096,0.03880388,0.06937922,0.052164074,0.064266406,0.09640489,0.061571848,0.09771669,0.045588106,0.07716158,0.08376551,0.051024847,0.07821226,0.048715692,0.036429655,0.0,0.0924694,0.06116334,0.06835636,0.06788424,0.047754496,0.093251,0.052941523,0.11021123,0.075591214,0.04740171,0.09249897,0.08919335,0.06132785,0.050984524,0.060179837,0.063135765,0.061792485,0.068419404,0.07568096,0.056277066,0.058797564,0.06089033,0.08896563,0.114900835,0.048042223,0.053421456,0.060205247,0.058278624,0.0713075,0.08293209,0.052895855,0.059018075,0.058227945,0.058910627,0.053086404,0.042288054,0.057270344,0.04781238,0.048566166,0.06244785,0.08310692,0.04685502,0.07424537,0.056181826,0.045887202
dip,0.074301675,0.08571293,0.02945963,0.042379916,0.06400763,0.08224748,0.049300198,0.056786973,0.041094586,0.040407844,0.051585007,0.06756972,0.05390459,0.06483289,0.05018753,0.03929198,0.051006865,0.050382588,0.065790124,0.04379013,0.07821638,0.10397188,0.075002745,0.052837156,0.06031963,0.072055355,0.03988264,0.029578347,0.0490621,0.033825573,0.04150586,0.040688556,0.04148459,0.040470097,0.08635964,0.07803443,0.047383886,0.05421906,0.06495108,0.076991215,0.066929296,0.048495453,0.08385171,0.044657927,0.04705523,0.042262707,0.08593449,0.035252124,0.10984614,0.10993198,0.07947844,0.031476773,0.08139444,0.109643936,0.091238976,0.0938963,0.036081854,0.038950562,0.06610179,0.042184282,0.07793485,0.09300798,0.0645812,0.0583657,0.04998035,0.074496396,0.11606624,0.042114317,0.07198451,0.062243115,0.0668125,0.046974525,0.06319395,0.0857467,0.04525729,0.07175621,0.095169984,0.027737293,0.04789827,0.09613601,0.07216873,0.079782724,0.031799186,0.050175462,0.06919833,0.056405652,0.05687751,0.060378302,0.021531096,0.07432061,0.03394704,0.022485176,0.073303685,0.04362109,0.05197088,0.036507256,0.04773903,0.05764007,0.035906892,0.051596917,0.070171185,0.081136845,0.07434067,0.06193647,0.094282135,0.05225052,0.026029604,0.060853068,0.0508441,0.03926049,0.06441331,0.058018032,0.07717977,0.051647812,0.049581468,0.073908284,0.036153995,0.1435516,0.09312628,0.09484004,0.041662354,0.04289971,0.08933032,0.04311565,0.040200304,0.04417993,0.056513764,0.036612134,0.03345183,0.042950965,0.0318519,0.055315334,0.084480196,0.05367962,0.03211326,0.05203648,0.07559808,0.07719577,0.040861353,0.08737041,0.03473866,0.046470348,0.057168804,0.04971049,0.06814847,0.030284168,0.040940683,0.05140002,0.11722982,0.08595932,0.05134253,0.04556989,0.06562131,0.044533025,0.057883564,0.07267251,0.046163492,0.09800203,0.08055189,0.07663602,0.055720177,0.062481813,0.032072913,0.05125067,0.04007125,0.08325515,0.058672514,0.029909149,0.05812687,0.07779587,0.049736798,0.038576014,0.047848266,0.07288466,0.049277343,0.06508824,0.05981724,0.03993689,0.056341898,0.07655966,0.11171127,0.047445294,0.043609496,0.084199764,0.05656334,0.09483278,0.06332561,0.0394523,0.028668107,0.09190915,0.0704876,0.062105145,0.088752754,0.045330834,0.054415643,0.031870674,0.03419875,0.0812628,0.063860886,0.03478633,0.038903404,0.045126606,0.07533148,0.056451272,0.0891664,0.09931563,0.0816707,0.04363067,0.062708214,0.10816576,0.03141928,0.075574026,0.053366605,0.07594877,0.04366122,0.032074336,0.05062667,0.04868083,0.083134286,0.041952793,0.08244156,0.0758293,0.07532919,0.06386844,0.09168957,0.0924694,0.0,0.050723594,0.092433125,0.045026418,0.056522932,0.0748022,0.07313176,0.0873897,0.081345744,0.063100085,0.07567297,0.023206152,0.069356516,0.08661718,0.058156118,0.08507267,0.05732709,0.062548466,0.07006375,0.07075158,0.0944161,0.07592307,0.048195753,0.036692575,0.07934856,0.11072313,0.04654947,0.08031968,0.07140103,0.040428333,0.06376522,0.053027224,0.11171238,0.05480257,0.10444205,0.06847539,0.11574077,0.06362997,0.06847562,0.081250966,0.036637507,0.07926951,0.081706434,0.07143733,0.08066578
throw,0.044227745,0.04863643,0.033625506,0.04366988,0.046169683,0.045586724,0.08471615,0.0946481,0.043781783,0.0514078,0.031392448,0.039447792,0.028354619,0.038535576,0.03988209,0.034064677,0.09269825,0.029584885,0.037893746,0.03599635,0.05434723,0.06495838,0.05154212,0.057260726,0.032463938,0.04930499,0.08027862,0.053157303,0.037726074,0.052462313,0.03355248,0.07550614,0.04000443,0.06995806,0.056090612,0.051599782,0.029613677,0.036550052,0.04848373,0.043141697,0.032211367,0.03480048,0.045403156,0.037776705,0.028121047,0.07334997,0.054925047,0.044641364,0.07408635,0.0745628,0.044935975,0.060827594,0.059665825,0.07431141,0.052811664,0.057123005,0.04424887,0.045069832,0.10581561,0.030720623,0.05870395,0.055272184,0.04918067,0.04070351,0.035321433,0.050730366,0.07786481,0.045946848,0.05198528,0.0544364,0.042392094,0.036409657,0.03531787,0.060471863,0.045138136,0.036801662,0.05558377,0.061024427,0.030138833,0.06545655,0.0711796,0.048749473,0.03539672,0.035747398,0.036823355,0.03295989,0.038532384,0.027371773,0.046866216,0.04569142,0.038245257,0.05723463,0.043586455,0.079065725,0.03286204,0.042756047,0.051997926,0.0377903,0.04565625,0.028051803,0.060896546,0.044457912,0.052902285,0.029866021,0.057143632,0.06904615,0.055046666,0.0402927,0.04598265,0.044173922,0.030754127,0.048213482,0.054086138,0.03901015,0.024658537,0.040526744,0.055125058,0.16543776,0.059694,0.06636876,0.031679325,0.037235685,0.06597598,0.044793393,0.03791166,0.052700546,0.05165647,0.07403964,0.039166946,0.03083233,0.035842955,0.04342609,0.043118086,0.040102474,0.05748857,0.04072101,0.045468275,0.046455536,0.044811014,0.058812443,0.03527508,0.030435663,0.07197169,0.035989106,0.10927861,0.041015204,0.044391476,0.029284704,0.07901918,0.053069003,0.027537921,0.045778576,0.033014715,0.029640062,0.036577046,0.03539685,0.040393893,0.064843304,0.053976566,0.04494961,0.045390587,0.03909734,0.052978795,0.068810835,0.03714128,0.04793733,0.037998985,0.055762585,0.053048607,0.040768784,0.048066072,0.03674666,0.047562487,0.03743809,0.034962416,0.045609668,0.036057577,0.031108046,0.042954303,0.058557432,0.072306275,0.025132664,0.08288655,0.0710864,0.03342206,0.058745343,0.045103412,0.030063141,0.051144626,0.05712447,0.037744366,0.044214804,0.06924319,0.03258216,0.044246785,0.03746196,0.03790616,0.05629218,0.038969547,0.042368595,0.06823594,0.033212934,0.039893646,0.042415056,0.13087174,0.06005682,0.049920306,0.03629531,0.03572694,0.0672214,0.06674746,0.03938295,0.04138153,0.04212591,0.034583285,0.052352715,0.031116376,0.059987962,0.059205353,0.037268717,0.060255423,0.037586223,0.04389942,0.025917305,0.057962522,0.06116334,0.050723594,0.0,0.06738246,0.035247352,0.03561963,0.06125772,0.037094597,0.078341395,0.055044144,0.041747455,0.061879423,0.04888788,0.040575843,0.04999627,0.032415923,0.058248147,0.03395881,0.047890536,0.037957065,0.03834905,0.055417214,0.03524891,0.04919854,0.07310275,0.042630002,0.07439252,0.02870891,0.051245667,0.057863746,0.04475767,0.037163455,0.035973534,0.07330079,0.02368701,0.0659238,0.038660638,0.079234935,0.032865364,0.033677492,0.042900022,0.045129992,0.03907767,0.04738063,0.03752895,0.039994597
fry,0.037405185,0.070184514,0.08172635,0.09354648,0.06958731,0.07426169,0.12525895,0.13977294,0.0853657,0.100562304,0.08082137,0.05073091,0.069864005,0.050661467,0.08579433,0.06834202,0.13577785,0.07362798,0.050376516,0.059536044,0.053165734,0.0734515,0.037870616,0.06457137,0.063709475,0.050245915,0.11988139,0.08489368,0.08677612,0.08052307,0.077498086,0.12077999,0.0688943,0.11327502,0.051825553,0.031123552,0.07440948,0.07870103,0.04125807,0.05108804,0.074678555,0.058121115,0.06363597,0.055300057,0.06195902,0.11795742,0.082456514,0.09014784,0.051828783,0.06937391,0.060573254,0.09707768,0.08867012,0.09444756,0.05679673,0.055064037,0.08864047,0.0846218,0.14990747,0.08673432,0.031064704,0.073005535,0.09588134,0.0819792,0.06989552,0.0934224,0.08190935,0.09691516,0.03690304,0.053381495,0.055452593,0.08082598,0.06990957,0.096872255,0.09624871,0.055632558,0.07022043,0.1072343,0.07196001,0.09700677,0.11648771,0.065578684,0.07973389,0.08155186,0.070711344,0.06811752,0.04575583,0.06425449,0.09078398,0.07175793,0.08269642,0.10122251,0.082447074,0.12184863,0.08210308,0.08525681,0.08603105,0.0535881,0.08562616,0.076863244,0.04757113,0.068069436,0.09367211,0.06746044,0.06932752,0.11437919,0.09667381,0.08275916,0.095256954,0.09540131,0.0724992,0.08970834,0.095269136,0.08977065,0.074625775,0.06685698,0.104362436,0.19111194,0.08250472,0.025918644,0.07358334,0.08617072,0.028186431,0.07710823,0.08970657,0.09787164,0.1005218,0.10776745,0.08250414,0.083226435,0.08031001,0.0681832,0.07672666,0.06478889,0.104855135,0.05975236,0.078409016,0.066672444,0.08451292,0.024726594,0.07429821,0.07668825,0.11567861,0.07457504,0.1378315,0.086786844,0.09097386,0.07361522,0.061403967,0.048105344,0.07967899,0.093829274,0.0606028,0.07873101,0.07477935,0.06711236,0.09208732,0.043022625,0.021816138,0.0784992,0.09499443,0.08044898,0.10074988,0.117754705,0.08828534,0.070747994,0.068120494,0.101444624,0.10352246,0.07062032,0.08783156,0.073377274,0.09694423,0.07469737,0.07813179,0.09259957,0.07045942,0.07606207,0.0715605,0.100229844,0.07026541,0.071388565,0.122598164,0.110536866,0.057149805,0.07698558,0.07071057,0.07611655,0.09049433,0.04359409,0.06853654,0.03953568,0.104140036,0.081950195,0.093850926,0.089408435,0.06740667,0.024953742,0.08182492,0.0823924,0.11361671,0.07521653,0.07806588,0.08712195,0.17191392,0.06589461,0.07446083,0.0869995,0.051925957,0.069378994,0.10538385,0.055248868,0.046289768,0.07042322,0.07750657,0.10535548,0.06358633,0.10878477,0.077252075,0.09163519,0.09658463,0.056920007,0.087049454,0.06668783,0.07747389,0.06835636,0.092433125,0.06738246,0.0,0.07599438,0.07482554,0.10305736,0.07356813,0.12013206,0.09426023,0.06644471,0.10323721,0.09007574,0.07448975,0.06862713,0.07489212,0.034944918,0.079102196,0.037121017,0.076905906,0.075514674,0.07145646,0.07195899,0.09618595,0.11663904,0.06017253,0.05668848,0.06596782,0.021597108,0.030204544,0.09409875,0.07867902,0.06652346,0.061308354,0.076277725,0.076649204,0.068425365,0.0586893,0.051701806,0.06801485,0.072697215,0.09585117,0.07366941,0.08246497,0.069689006,0.064663164
season,0.05441557,0.06351055,0.03560341,0.04643537,0.04923479,0.061155695,0.075974576,0.0871808,0.0476378,0.0524222,0.04037535,0.04703118,0.04447014,0.051903967,0.04481553,0.029285587,0.084751055,0.041402806,0.04483221,0.031054812,0.05746148,0.082053415,0.05771482,0.051346127,0.044217784,0.050284177,0.07293786,0.04336509,0.044186115,0.044326816,0.039697178,0.07001262,0.041731175,0.06182017,0.0625183,0.058359377,0.04044569,0.04437869,0.052868202,0.05806247,0.0504907,0.03769918,0.062144693,0.04437835,0.026826633,0.06879539,0.06685713,0.04506564,0.08533976,0.083628096,0.057755735,0.054360088,0.07340063,0.08863412,0.06970148,0.07293518,0.027090061,0.0464371,0.09373237,0.03801254,0.06236828,0.069825545,0.060181726,0.05215753,0.030678196,0.06665627,0.091714524,0.048453074,0.05820232,0.052263897,0.046210237,0.041591264,0.035221525,0.077087246,0.051121768,0.051871493,0.07160532,0.050599474,0.038338047,0.08378519,0.079300165,0.0577875,0.035978682,0.043654773,0.050519124,0.044033006,0.045008305,0.040568028,0.041105114,0.05226127,0.037889346,0.05107139,0.057794668,0.07166285,0.042196076,0.043819975,0.05244587,0.031118888,0.03428651,0.04610943,0.057024464,0.057495527,0.067948416,0.05180004,0.073943116,0.070132524,0.04886268,0.049153738,0.052808616,0.04328723,0.044004317,0.05684339,0.06883627,0.04680123,0.041183397,0.053157635,0.04829031,0.16149202,0.07289792,0.07433837,0.032499198,0.039588984,0.07097439,0.043626778,0.04080627,0.050080758,0.058653876,0.05808643,0.03899768,0.044557814,0.037245683,0.04573415,0.06347268,0.042522293,0.053012736,0.041627675,0.056240052,0.053910572,0.03749573,0.07038229,0.03264839,0.020212572,0.07363578,0.02370935,0.09826472,0.037559543,0.04042185,0.042132914,0.09170155,0.06441225,0.041797396,0.05075586,0.045005385,0.037655458,0.043944478,0.050894614,0.04759769,0.07614777,0.06437207,0.058229633,0.0541443,0.051625766,0.04743982,0.0693672,0.041467726,0.06359125,0.04292595,0.048433058,0.061123952,0.06047617,0.052278236,0.040484145,0.051623825,0.05660492,0.04077894,0.05754917,0.04677115,0.030883191,0.03570984,0.07202257,0.08852098,0.040774096,0.07258181,0.08351602,0.039975718,0.07094431,0.04547037,0.03041767,0.0435465,0.06941486,0.05022025,0.0489587,0.084493265,0.042005844,0.05240568,0.04237671,0.036841188,0.06345865,0.050968762,0.041469537,0.0616305,0.03640012,0.06136351,0.04966913,0.11944422,0.07375784,0.060048107,0.044131164,0.045550242,0.08122675,0.056926392,0.052620538,0.047350556,0.055662338,0.03448313,0.04803642,0.040089514,0.058744024,0.06266918,0.04301301,0.075141795,0.05234536,0.06371411,0.041984394,0.06718513,0.06788424,0.045026418,0.035247352,0.07599438,0.0,0.034890853,0.07366132,0.05334186,0.08972633,0.071125664,0.041444793,0.0740577,0.039073855,0.053965162,0.06427206,0.04375365,0.06773473,0.042997975,0.052779097,0.05795051,0.053720344,0.0731003,0.056581493,0.05370889,0.06158293,0.058453828,0.0854577,0.035839215,0.06157917,0.061414536,0.04273437,0.046964686,0.043023482,0.0867814,0.039991166,0.07828911,0.0481751,0.090371504,0.043939948,0.050798435,0.06138122,0.04339651,0.05595682,0.06677874,0.052925445,0.057540648
zest,0.050912306,0.04981902,0.043725625,0.050527453,0.050986283,0.04669449,0.08453996,0.09887109,0.04883964,0.06209804,0.03604296,0.042572998,0.043627925,0.05508913,0.044959977,0.03496804,0.09757542,0.03874888,0.038888637,0.038412955,0.051156443,0.06714209,0.05645097,0.06251299,0.038498644,0.04999789,0.085672565,0.05896959,0.044760395,0.055056207,0.03864955,0.07981922,0.047483068,0.0697623,0.05560373,0.055793043,0.040569816,0.03867082,0.052029364,0.051517565,0.042818677,0.039401602,0.05040012,0.048292957,0.03232367,0.077225834,0.05519138,0.050592486,0.07546644,0.07395343,0.049281217,0.06780505,0.067377605,0.07482538,0.05840309,0.06430595,0.04491961,0.053341907,0.107960075,0.039141174,0.0642614,0.050763328,0.057046928,0.050287027,0.03641996,0.059957996,0.082298554,0.050659757,0.05847675,0.05831725,0.046366867,0.03804859,0.03804374,0.06945865,0.053188514,0.046135712,0.059634574,0.06640029,0.037638586,0.074419804,0.07932835,0.03845678,0.043263342,0.044116087,0.038720813,0.03840818,0.0468698,0.035376392,0.05209593,0.045191247,0.043179754,0.06343689,0.04915779,0.083268285,0.047085673,0.047174208,0.05144314,0.03759765,0.047808643,0.04641587,0.06490756,0.042645372,0.06283046,0.0494876,0.06121707,0.07618898,0.05643883,0.038241826,0.05080094,0.046410415,0.040359415,0.055853795,0.06180622,0.05400933,0.041684225,0.045441087,0.056478932,0.16972183,0.06047306,0.07078044,0.033802267,0.043483365,0.069754414,0.045655463,0.042998586,0.054473504,0.058672763,0.076759875,0.048050117,0.050470855,0.046946783,0.042645875,0.05256413,0.03994057,0.061112475,0.046681266,0.032534525,0.04358195,0.04403056,0.0667958,0.038349986,0.039497744,0.07949094,0.033268865,0.113767534,0.04366735,0.049036205,0.03460662,0.080358826,0.053787354,0.03699955,0.05252908,0.035044536,0.03503115,0.04180406,0.043805756,0.05445463,0.06869456,0.06307615,0.045541473,0.051565606,0.05324944,0.057456743,0.074533805,0.04289121,0.053762995,0.038341034,0.06321635,0.061055474,0.047870558,0.05019564,0.046431873,0.053190626,0.0501449,0.041722566,0.053572275,0.034211375,0.037712723,0.03524849,0.06662684,0.0774797,0.037678286,0.08710503,0.08098663,0.038682606,0.049538545,0.04215193,0.036801126,0.056915775,0.06096457,0.041556418,0.052025735,0.07912685,0.040729716,0.049594108,0.04746177,0.04359325,0.061830647,0.041808784,0.048539586,0.07123323,0.03783191,0.05876745,0.045931775,0.13169232,0.060140006,0.035537064,0.051435772,0.04217613,0.06784682,0.07041653,0.04323103,0.052403677,0.04616274,0.031787273,0.05760386,0.0382044,0.06575225,0.054453842,0.043013703,0.067735404,0.047125082,0.060924113,0.033910308,0.044599537,0.047754496,0.056522932,0.03561963,0.07482554,0.034890853,0.0,0.07100383,0.041768793,0.087940894,0.06151588,0.03748812,0.070080385,0.054422516,0.047602728,0.053629167,0.03864235,0.06530785,0.036894977,0.056726046,0.057393227,0.044715036,0.061802153,0.050996397,0.057636615,0.076112434,0.048022814,0.07528684,0.034824207,0.06040683,0.06510979,0.048490148,0.029845977,0.03642267,0.076096274,0.03381549,0.066598624,0.03325956,0.08022546,0.039417475,0.039346613,0.055827897,0.04606053,0.043025255,0.062440585,0.044538006,0.047351256
mince,0.081667915,0.078090236,0.06659381,0.059868302,0.0804171,0.071956396,0.0946005,0.100126095,0.06405134,0.070623666,0.062028747,0.07506771,0.06058676,0.079766355,0.061749946,0.06984378,0.09526728,0.059162896,0.0729673,0.075127274,0.090698086,0.086640075,0.08657971,0.09001688,0.064106144,0.08676812,0.08787087,0.07738813,0.057218943,0.076547876,0.06310151,0.08534574,0.062218446,0.08145433,0.09073381,0.086685404,0.050007034,0.05371497,0.08149766,0.07522951,0.059025984,0.067672044,0.070197254,0.074800216,0.07168755,0.085103035,0.084074,0.063581534,0.105715446,0.10478767,0.0788597,0.07863221,0.03450196,0.07745883,0.08456208,0.08687884,0.07054574,0.047821045,0.11208284,0.053071655,0.09554809,0.08273448,0.026455345,0.038546342,0.07329999,0.024542818,0.10734416,0.048649564,0.083708785,0.089384004,0.07977636,0.058717377,0.07708749,0.027005991,0.042673714,0.07625537,0.08640032,0.079907306,0.06356047,0.036442675,0.030971836,0.08357746,0.067726396,0.052143708,0.06644084,0.069217734,0.07827909,0.0689666,0.07245163,0.07173497,0.06298115,0.07744683,0.04944951,0.08888145,0.06552205,0.058167674,0.07391952,0.079381295,0.07755537,0.052801743,0.09657273,0.07762502,0.021771668,0.050946865,0.0819716,0.04832495,0.07503854,0.060210682,0.0429268,0.06413264,0.06790246,0.032350488,0.02973669,0.06749854,0.05947657,0.06667859,0.07273063,0.16969337,0.08846007,0.103006676,0.06814869,0.0614266,0.10145308,0.07459911,0.066880606,0.060655084,0.038913872,0.092970535,0.070347555,0.06350281,0.06930615,0.07504779,0.06905447,0.076105736,0.07138557,0.07292533,0.070097275,0.07721882,0.07036437,0.09665433,0.06775376,0.06935393,0.047942515,0.07414326,0.11840512,0.0693203,0.05767179,0.054678433,0.10844334,0.088281535,0.06133161,0.047393456,0.06387904,0.061274637,0.06412379,0.0721925,0.0649623,0.09895032,0.08649128,0.06348945,0.048287753,0.06861034,0.07498355,0.05276828,0.05696269,0.07921109,0.07047509,0.07573117,0.035985433,0.06284826,0.07365088,0.06320088,0.048609894,0.051990647,0.05300672,0.03359484,0.06947814,0.06257574,0.079351634,0.019293804,0.09607965,0.053053357,0.09510169,0.01966255,0.06648656,0.08899559,0.075221024,0.058814734,0.07773602,0.09245473,0.0666661,0.083928585,0.026589729,0.052834116,0.042619828,0.062421586,0.07221788,0.092964344,0.046049725,0.06665781,0.073374666,0.06505497,0.06355459,0.05977006,0.13259472,0.0877201,0.078547664,0.064594135,0.07337752,0.09680412,0.08364503,0.077481635,0.08084334,0.073837884,0.06269391,0.07079768,0.06753778,0.051291864,0.07986788,0.060220018,0.019491155,0.07432448,0.063023224,0.06661586,0.086516134,0.093251,0.0748022,0.06125772,0.10305736,0.07366132,0.07100383,0.0,0.06715747,0.026860852,0.03333009,0.074331366,0.01751003,0.07707529,0.07169336,0.08013058,0.067922145,0.08895012,0.06781795,0.08620961,0.06788643,0.062636025,0.07813009,0.069077685,0.036790043,0.08706549,0.07890366,0.105385244,0.06657229,0.089673884,0.092594564,0.06868797,0.0685182,0.06859461,0.101970725,0.054291178,0.098166466,0.07178014,0.110313095,0.074793175,0.06557231,0.074822396,0.0681881,0.07131055,0.07414277,0.0701556,0.06808574
push,0.048954092,0.035785463,0.055675186,0.053625688,0.053056516,0.02908482,0.1000126,0.111785345,0.058120616,0.06776181,0.03665961,0.037057046,0.040599488,0.052801896,0.042402297,0.051492725,0.113526754,0.03897789,0.04365428,0.053542934,0.0577334,0.050323613,0.056105148,0.07453418,0.03657672,0.05306271,0.100292884,0.07301706,0.042703576,0.06996787,0.046364825,0.09292426,0.057259124,0.087252505,0.05421703,0.056383632,0.04209163,0.044209246,0.058947098,0.04864578,0.025916573,0.048209637,0.03725614,0.058186535,0.047151376,0.08862381,0.05213047,0.059625737,0.06800757,0.06460312,0.041958127,0.0801368,0.06177564,0.06323561,0.044782504,0.0581804,0.06139955,0.06328944,0.12547803,0.047348715,0.06881065,0.04187166,0.05269514,0.049559724,0.050733317,0.050993044,0.07615181,0.055747837,0.06110198,0.067808636,0.047663525,0.04413263,0.049060408,0.060126245,0.057097457,0.03677617,0.04429858,0.08294594,0.037692323,0.060505796,0.07998835,0.04256646,0.05861315,0.043878853,0.030091882,0.04103802,0.050800882,0.028738234,0.069549374,0.045345716,0.05269092,0.080210686,0.037839804,0.095570624,0.0415769,0.05636802,0.06012845,0.04892076,0.066325516,0.045043107,0.07398049,0.028437171,0.054208726,0.044298965,0.04761475,0.08466484,0.07256365,0.043561712,0.05564722,0.054262396,0.035611536,0.059299745,0.054471973,0.05436178,0.035963632,0.04340409,0.07356272,0.18095309,0.055570945,0.06682855,0.046122853,0.04809953,0.06991387,0.05776386,0.050653458,0.0649115,0.05846705,0.09688999,0.05830898,0.049410794,0.055162236,0.05030828,0.034489617,0.049160883,0.07365031,0.054137375,0.038384084,0.039731458,0.05668809,0.06429123,0.05278029,0.04827306,0.08674238,0.05046088,0.13076459,0.058961175,0.05909337,0.03690583,0.07045914,0.051959995,0.03275465,0.055941645,0.038287308,0.043089725,0.041790336,0.03074112,0.05633859,0.0602579,0.062803514,0.03360887,0.05010753,0.0443059,0.069398075,0.08247628,0.048888676,0.041466426,0.043314174,0.075662196,0.05956917,0.030783013,0.057958785,0.054734387,0.054337814,0.03297995,0.048502088,0.046127707,0.040701922,0.052743483,0.052598856,0.062194295,0.068219826,0.038187254,0.101885654,0.07696699,0.04273923,0.044344436,0.050279003,0.046068285,0.07431302,0.053278495,0.026418963,0.05568198,0.07313991,0.045705944,0.05084536,0.05561451,0.05913679,0.062145893,0.040005706,0.06045281,0.08245628,0.041317534,0.044175517,0.0425611,0.14858246,0.049709663,0.038135845,0.054586396,0.042510506,0.05368489,0.08522908,0.03710736,0.060592536,0.035273034,0.042073663,0.070163794,0.041628405,0.07522604,0.05480162,0.04537147,0.06095557,0.03608759,0.045615487,0.030356308,0.043877613,0.052941523,0.07313176,0.037094597,0.07356813,0.05334186,0.041768793,0.06715747,0.0,0.08480393,0.0532159,0.046271954,0.067991026,0.07253968,0.03996636,0.040069778,0.037655912,0.06405664,0.03538122,0.060880084,0.045701753,0.026261657,0.05179382,0.029268539,0.0628233,0.09082557,0.0386857,0.06648442,0.04100354,0.056845073,0.07060057,0.053849507,0.03399164,0.044740148,0.064107515,0.035629738,0.052442566,0.040399373,0.07033913,0.038693555,0.029523298,0.03339426,0.056890994,0.029248957,0.045606766,0.033073206,0.03030529
chop,0.099731386,0.096315816,0.08246811,0.07285586,0.09712438,0.089292824,0.10260866,0.10365896,0.07758894,0.08026902,0.07885695,0.093118794,0.07596148,0.09545336,0.0763711,0.08758813,0.09958574,0.077464804,0.09103608,0.09256024,0.108288914,0.103059046,0.10334149,0.10465662,0.08230109,0.10386375,0.09617238,0.09002759,0.07195815,0.090187624,0.08181934,0.0935623,0.07670807,0.08973343,0.10820336,0.10425257,0.067723915,0.07107444,0.09845579,0.09386203,0.07624545,0.086217225,0.08969018,0.09147555,0.08978187,0.09273679,0.102131754,0.07746346,0.12351602,0.12125781,0.09688258,0.08798227,0.045466833,0.08845515,0.1017752,0.10362529,0.083873436,0.062185,0.115853116,0.06913524,0.112427145,0.10067412,0.046072226,0.05609571,0.09018069,0.04323262,0.12446336,0.06216294,0.10030196,0.10543979,0.09695073,0.07458732,0.09447114,0.039104477,0.056226134,0.09403359,0.10454271,0.090766475,0.08082059,0.050145384,0.02877396,0.1020074,0.08457904,0.067647025,0.084852055,0.0889932,0.09599396,0.08587382,0.08652794,0.08982343,0.07805533,0.08947603,0.06833429,0.09578976,0.079393245,0.07362802,0.08893235,0.09697615,0.09296469,0.06918809,0.11268718,0.09688145,0.039820597,0.06700474,0.09847388,0.05127711,0.088282704,0.07617438,0.055658,0.07766363,0.08641701,0.04378517,0.04138586,0.07910902,0.07543991,0.087940596,0.08404832,0.17073804,0.10626059,0.120879665,0.084915176,0.07532897,0.11912909,0.090347394,0.08128494,0.07167236,0.04979899,0.102214575,0.08575017,0.07728819,0.08400097,0.09220163,0.08400079,0.093322866,0.08280873,0.089750715,0.08636602,0.09472064,0.0838599,0.11478362,0.08417355,0.084451474,0.051922042,0.09072692,0.122879036,0.085475236,0.071798526,0.072106555,0.12619941,0.10679759,0.078366,0.06240483,0.08365404,0.07715643,0.08007652,0.08956274,0.07710057,0.116883695,0.103698,0.080550194,0.06167163,0.08233398,0.087669715,0.053897217,0.0722249,0.09764998,0.08813524,0.085985295,0.046846267,0.07924682,0.08713864,0.07705776,0.062252045,0.06788957,0.07067381,0.04981101,0.08828821,0.08058621,0.09606841,0.030039668,0.112328045,0.07158943,0.101483084,0.019262303,0.08354184,0.10605383,0.09155888,0.07462256,0.09148357,0.11147444,0.083873995,0.1017991,0.027531995,0.06815231,0.056676373,0.07629675,0.08788139,0.11054548,0.06248658,0.081151865,0.081996,0.08072833,0.07597123,0.07505808,0.13359655,0.10545397,0.09547464,0.07814434,0.09319896,0.11469348,0.09292625,0.09461093,0.09783061,0.09166191,0.07967843,0.08284909,0.08477637,0.059952676,0.095350325,0.07587944,0.03653898,0.09155753,0.07414184,0.08544737,0.10324029,0.11021123,0.0873897,0.078341395,0.12013206,0.08972633,0.087940894,0.026860852,0.08480393,0.0,0.04479958,0.09125536,0.023869945,0.09101689,0.08997055,0.09795025,0.08627373,0.1056469,0.08422576,0.103516504,0.080313966,0.07963058,0.09587728,0.08517082,0.04596073,0.09483847,0.09760825,0.12332194,0.08458962,0.107044905,0.108762026,0.082505085,0.085664034,0.08733293,0.1201578,0.072873585,0.114850074,0.08977947,0.12834844,0.09352479,0.08382101,0.0903446,0.08152247,0.09028173,0.0862396,0.08899281,0.08540605
separate,0.071229294,0.061371513,0.06954874,0.062790185,0.074421465,0.05577797,0.10298356,0.1127952,0.06511211,0.07710687,0.05529198,0.06546989,0.054108787,0.07357281,0.060520414,0.06874996,0.110455796,0.056059945,0.06362042,0.072664365,0.07932585,0.0700102,0.077389754,0.09110458,0.05500977,0.07762198,0.10202266,0.08412363,0.05741362,0.08080478,0.061367083,0.09623789,0.06285755,0.08980535,0.07689727,0.07683311,0.049301673,0.049335606,0.0759489,0.064199276,0.048368238,0.06467448,0.05480581,0.07191634,0.06657693,0.093588956,0.06924278,0.06874558,0.08954007,0.088243335,0.064131774,0.08715318,0.03403339,0.051607434,0.06939058,0.07132063,0.07192934,0.05816173,0.12599029,0.05300015,0.08881444,0.06279891,0.03681315,0.041122347,0.068590514,0.026320556,0.09083555,0.05524603,0.07812225,0.086059935,0.07188129,0.05606244,0.069815,0.02406472,0.050635185,0.06516455,0.07062293,0.08906135,0.058971077,0.02997954,0.04879482,0.066638544,0.06934502,0.051510576,0.054701146,0.062457256,0.07309495,0.059194867,0.07723577,0.06029583,0.064552195,0.085625395,0.042499535,0.09931528,0.06363829,0.063950785,0.07183212,0.07262542,0.08005772,0.05020525,0.09336647,0.061493367,0.027360791,0.044500325,0.06649117,0.066381715,0.07938422,0.050544623,0.042001426,0.065307885,0.05919177,0.03909295,0.017343275,0.06741954,0.05620639,0.05813955,0.07808393,0.17783067,0.07244103,0.09176634,0.064175025,0.061483435,0.09246799,0.07131258,0.06674101,0.063086845,0.04659937,0.10302483,0.0734722,0.06457811,0.070993766,0.06755386,0.04858404,0.068155795,0.07857016,0.07102978,0.054050475,0.062470794,0.06969771,0.08601868,0.067602,0.06753956,0.067264944,0.06963059,0.13260992,0.07100096,0.062561385,0.046827503,0.09161076,0.0741079,0.055975273,0.056416184,0.053492554,0.057429172,0.057490256,0.058163296,0.06735893,0.08617943,0.07853257,0.049978033,0.050213285,0.063689254,0.08129668,0.06765582,0.057582956,0.06624224,0.061302647,0.08395231,0.046228338,0.046202216,0.069792874,0.06448635,0.055448774,0.041235812,0.053465117,0.03553683,0.05926335,0.062478464,0.07278169,0.022782711,0.07840203,0.04981991,0.106435865,0.03666589,0.05945135,0.06954043,0.06645104,0.05810771,0.08296509,0.079600826,0.054009136,0.07844331,0.029569512,0.051183026,0.045782603,0.064806394,0.072158754,0.08359798,0.03568869,0.06879044,0.08457702,0.06195118,0.055083912,0.057079658,0.14781564,0.06932921,0.061087724,0.06659006,0.06699307,0.07708028,0.091769405,0.06332466,0.07780176,0.05885552,0.058252834,0.077624,0.061150838,0.06313825,0.06679901,0.060748667,0.024604846,0.0622448,0.054726046,0.054984268,0.06781171,0.075591214,0.081345744,0.055044144,0.09426023,0.071125664,0.06151588,0.03333009,0.0532159,0.04479958,0.0,0.06497954,0.030511152,0.082355835,0.063070565,0.063282184,0.06130107,0.07926138,0.058548536,0.08218829,0.060451977,0.051319677,0.06275642,0.05745744,0.047669467,0.0970686,0.06569615,0.08896176,0.060737405,0.08033313,0.08810587,0.07035799,0.056260906,0.06011154,0.085706726,0.04730111,0.0798157,0.057808213,0.09434812,0.06628364,0.05000828,0.06264451,0.06825456,0.054420713,0.06265829,0.060022477,0.050868884
butter,0.045327518,0.053411197,0.051520597,0.05813592,0.045229673,0.05083833,0.09395827,0.107301235,0.057285935,0.0693839,0.044271074,0.03686905,0.045208476,0.052656323,0.051023528,0.041879375,0.1049596,0.044914056,0.040671803,0.041209515,0.039986957,0.06934095,0.05151343,0.05892496,0.041616045,0.030720463,0.09330373,0.06176546,0.053389486,0.05845021,0.050375957,0.09035469,0.047559466,0.07849426,0.043952588,0.04857071,0.046284664,0.04380323,0.050518073,0.051615432,0.046677,0.039588522,0.051991753,0.050166644,0.0348649,0.08706738,0.063566014,0.05787691,0.07094629,0.0672231,0.049860056,0.07104439,0.0675324,0.0674868,0.05878732,0.062611885,0.05402878,0.055764835,0.115553565,0.048055764,0.05870696,0.057888545,0.061969776,0.051097635,0.039927598,0.0642114,0.08268083,0.05656851,0.051378325,0.052760907,0.04143446,0.045328062,0.040859915,0.072070986,0.060286447,0.04555799,0.060775742,0.07148451,0.044218156,0.07584874,0.08405426,0.046491396,0.051712636,0.047463708,0.044019256,0.0442934,0.04475741,0.038292516,0.05972376,0.031565882,0.04750115,0.07142666,0.051933408,0.090883695,0.049742185,0.055642363,0.05809721,0.036389522,0.055040248,0.052350942,0.059867512,0.044456024,0.06497005,0.0518312,0.063477844,0.0807871,0.06582627,0.045965392,0.059908476,0.05533808,0.044694193,0.059354935,0.06277344,0.060520627,0.04830385,0.04759336,0.06594835,0.17326465,0.06772038,0.06369415,0.042045552,0.050171707,0.0634423,0.05050815,0.053020585,0.049553096,0.06499908,0.080892876,0.05493543,0.057594087,0.05174415,0.04448219,0.053310238,0.043905497,0.06982375,0.04464278,0.049198855,0.027423095,0.037951995,0.061778903,0.043395672,0.045724336,0.081387915,0.032563392,0.11818921,0.055905495,0.046937067,0.041935273,0.07740785,0.05086164,0.047410265,0.059301037,0.03456691,0.04436171,0.044621263,0.04408386,0.06183371,0.06613355,0.055928335,0.05014628,0.060400996,0.05569457,0.06576686,0.081219584,0.052839328,0.057043422,0.0414676,0.06792008,0.06780374,0.050056826,0.0603921,0.05071272,0.060917966,0.051535316,0.044613536,0.058578447,0.04631509,0.04123901,0.02671299,0.06987692,0.0758515,0.04435052,0.09308981,0.082298644,0.032876566,0.060220607,0.022027416,0.03769899,0.06368704,0.05952404,0.03876164,0.048766784,0.08035201,0.048250385,0.05687865,0.05697957,0.0455031,0.05587943,0.045239646,0.05317144,0.077524364,0.037468318,0.061634853,0.052494243,0.13956782,0.05649127,0.048731625,0.0582496,0.04309057,0.06743296,0.07556572,0.041682534,0.051871102,0.04985084,0.041377578,0.068109185,0.042823277,0.065908834,0.03353973,0.05412882,0.07110594,0.042945117,0.06488012,0.03931401,0.055481866,0.04740171,0.063100085,0.041747455,0.06644471,0.041444793,0.03748812,0.074331366,0.046271954,0.09125536,0.06497954,0.0,0.07371127,0.05966475,0.053142942,0.055127982,0.04566044,0.05906661,0.047466815,0.052986495,0.060675222,0.04432309,0.06380453,0.052375697,0.06169605,0.082710914,0.05025725,0.07145004,0.04106506,0.053418014,0.058731068,0.056170803,0.04601871,0.04431808,0.07421028,0.04313535,0.0654342,0.039523073,0.0737898,0.03728681,0.041584678,0.056536615,0.05820671,0.04773638,0.065501034,0.048725445,0.046603706
slice,0.08147386,0.078550234,0.068347916,0.06068756,0.0812626,0.07211302,0.09520047,0.10035091,0.06319653,0.07157401,0.062078923,0.07547246,0.06110739,0.08008401,0.06248341,0.071263015,0.09590007,0.060888954,0.07212406,0.07592827,0.09032828,0.087110005,0.086081035,0.0905295,0.06397551,0.086539246,0.09009811,0.07783623,0.058537725,0.077384375,0.06574519,0.08690452,0.06137485,0.07954763,0.09043085,0.08623055,0.05158068,0.0537148,0.08146646,0.076563984,0.059907485,0.069208115,0.07199434,0.075414985,0.072015546,0.085680395,0.08517067,0.064666234,0.10629563,0.10453434,0.07872018,0.078988574,0.032529235,0.07438487,0.08441865,0.08696602,0.0707342,0.049308218,0.11206236,0.053317636,0.09581617,0.082197696,0.03273024,0.039758544,0.07273646,0.02872857,0.10865496,0.048832145,0.08314415,0.09005945,0.08040819,0.058369543,0.07774588,0.02716682,0.04489885,0.076705955,0.08775818,0.08125084,0.06462008,0.039397288,0.029765943,0.083771564,0.06975179,0.053105343,0.067555435,0.0715905,0.07844324,0.068500385,0.07360922,0.0723869,0.063937865,0.078990646,0.05279889,0.08968281,0.06621877,0.06032629,0.07497999,0.079259105,0.078484,0.055002257,0.097445816,0.07861302,0.026872607,0.052112546,0.08184926,0.04814831,0.07630758,0.058421753,0.042489886,0.064674705,0.06966298,0.030800976,0.026327824,0.06816753,0.060019463,0.070030674,0.07261065,0.16878071,0.08954485,0.10326526,0.067977235,0.061696153,0.10207638,0.07527928,0.06724345,0.05971392,0.040039692,0.09321115,0.071438946,0.064880304,0.06988586,0.07553914,0.06803781,0.07641966,0.072189376,0.073335454,0.069068134,0.076916896,0.069356516,0.09715872,0.068291016,0.07001436,0.04911168,0.073628835,0.1181722,0.07118841,0.05852733,0.054963045,0.1090376,0.088211454,0.062225718,0.049579002,0.064668715,0.06052508,0.06470417,0.07254124,0.06619147,0.09949223,0.086833395,0.06369497,0.049731027,0.06988286,0.07592904,0.05153399,0.05773298,0.080824815,0.07077958,0.07645373,0.03756104,0.0626942,0.073686354,0.062354133,0.049886823,0.052665494,0.054672506,0.035950914,0.07035624,0.06466826,0.079081774,0.0155599145,0.09641351,0.05399074,0.09499819,0.019891012,0.06605089,0.08790653,0.07448586,0.05858333,0.079274856,0.09366772,0.06635439,0.08456305,0.022800488,0.052370835,0.043235008,0.06304815,0.07199946,0.09312849,0.04480201,0.067343496,0.0744841,0.06518017,0.06408955,0.06087044,0.13254756,0.087023966,0.07782232,0.06621062,0.07582285,0.09691845,0.08337357,0.07665157,0.08183925,0.07388125,0.06344699,0.071779825,0.06797614,0.05187549,0.07881865,0.062156476,0.023794096,0.074583,0.06364934,0.06778701,0.08590776,0.09249897,0.07567297,0.061879423,0.10323721,0.0740577,0.070080385,0.01751003,0.067991026,0.023869945,0.030511152,0.07371127,0.0,0.07846538,0.073538,0.08021793,0.069395095,0.08900112,0.06814176,0.086873814,0.06820009,0.0632114,0.07953717,0.07024221,0.03608685,0.08681152,0.079589225,0.106205024,0.067307614,0.09010476,0.092821814,0.06961779,0.06848417,0.06952358,0.10310993,0.05575285,0.097887576,0.07160635,0.111025274,0.07553389,0.06576645,0.076075636,0.068295635,0.07218183,0.07443815,0.07192929,0.068327606
wet,0.0718093,0.08309176,0.026716601,0.04649328,0.05954693,0.08142073,0.05513839,0.0650446,0.045070317,0.043312717,0.05267427,0.065922484,0.055804037,0.06345402,0.05241672,0.037089806,0.056703243,0.050942343,0.06438999,0.04152108,0.07322423,0.10174457,0.07360304,0.050872345,0.06046301,0.06685578,0.043870136,0.032048687,0.05107109,0.040502913,0.039144263,0.044203557,0.045229647,0.04610281,0.08280331,0.07548795,0.047770966,0.05422195,0.06531686,0.07389361,0.06670376,0.045540214,0.08154215,0.043411687,0.040116202,0.049726713,0.08284337,0.039949626,0.10721935,0.105599575,0.07844057,0.03871918,0.0827141,0.10875859,0.08918335,0.092080615,0.037217043,0.043052983,0.070578106,0.042654555,0.07547769,0.09070888,0.06613134,0.058672767,0.045360457,0.0759442,0.11144867,0.047151245,0.07055712,0.060880017,0.0633661,0.049172204,0.056299254,0.086738594,0.04974536,0.069520704,0.09293031,0.023185609,0.049525306,0.09631867,0.076565966,0.07592414,0.0261386,0.05123103,0.06885704,0.052414212,0.05490154,0.05848631,0.017624557,0.06959765,0.038869068,0.024219733,0.07279168,0.050675508,0.051835444,0.040338777,0.05122644,0.05375431,0.02842311,0.049831707,0.066923566,0.078113765,0.07585855,0.06296976,0.09184047,0.059291203,0.029165214,0.061780587,0.054063223,0.043111827,0.06087294,0.06095883,0.0791252,0.052844834,0.050229356,0.06772025,0.03669145,0.14594801,0.09002737,0.091205806,0.040589545,0.045237362,0.08656766,0.042056322,0.04249627,0.04808297,0.060821008,0.039399628,0.034201324,0.045220383,0.032915507,0.05457142,0.08335888,0.05166297,0.03516174,0.050031796,0.074455954,0.07452125,0.0404994,0.083857454,0.031548586,0.04305963,0.063022494,0.04275124,0.07464423,0.027909843,0.040034134,0.053368673,0.11393253,0.08154374,0.0519834,0.04928444,0.061129685,0.046820465,0.057507467,0.07011373,0.04836647,0.09498165,0.07873102,0.076284945,0.058152687,0.061058085,0.034611005,0.0579555,0.04168965,0.08161732,0.055579867,0.030913442,0.062157672,0.078205705,0.05205529,0.04260248,0.052249536,0.07269983,0.047308132,0.06656238,0.055984326,0.03192725,0.050006215,0.07863112,0.10939802,0.04845363,0.04979013,0.0871058,0.05461,0.092574984,0.060616124,0.039750367,0.02098933,0.08880714,0.0691687,0.058933638,0.09090563,0.048157215,0.057178162,0.03739779,0.035133306,0.07890708,0.06465346,0.03696308,0.047647852,0.045012947,0.07462498,0.058147047,0.09552868,0.0969069,0.08113762,0.045665827,0.059161115,0.10519629,0.038369503,0.07294276,0.050033573,0.075475365,0.04306611,0.035341136,0.052289195,0.051029935,0.08159104,0.045068134,0.08397783,0.07222026,0.07552463,0.061066408,0.08948095,0.08919335,0.023206152,0.04888788,0.09007574,0.039073855,0.054422516,0.07707529,0.07253968,0.09101689,0.082355835,0.05966475,0.07846538,0.0,0.06880675,0.08555062,0.057700176,0.08341954,0.05670432,0.060361132,0.06977578,0.070402615,0.092160754,0.07425179,0.051413324,0.044072464,0.077609345,0.10770252,0.046705242,0.07800636,0.07074321,0.042674396,0.06273698,0.050559536,0.10861018,0.051894076,0.10107016,0.06729143,0.11183989,0.06151755,0.06955592,0.07871804,0.039281365,0.076817475,0.081301115,0.06981658,0.07784364
sit,0.04915212,0.04797025,0.051233623,0.055584576,0.055491608,0.047753062,0.096740544,0.10789207,0.059601083,0.06767594,0.043955024,0.048270945,0.044916857,0.052545786,0.051636387,0.052409194,0.109700255,0.042773996,0.04948385,0.05301482,0.061590474,0.063783064,0.058693595,0.069765866,0.046677835,0.058472883,0.096134074,0.070251375,0.051908046,0.06621764,0.046322487,0.09006583,0.056625083,0.0855341,0.05834093,0.058197882,0.043742526,0.049739547,0.058342587,0.050833676,0.03838794,0.048910197,0.048031203,0.05666352,0.046635445,0.08693784,0.052368466,0.061049663,0.07007271,0.074782915,0.05306102,0.0767214,0.067626,0.07507614,0.05195546,0.059763562,0.06178521,0.060739823,0.12076691,0.051652797,0.06706175,0.053095054,0.060098056,0.053837772,0.054881714,0.05880012,0.07547252,0.06050361,0.06092514,0.064388394,0.050483238,0.04841085,0.050800826,0.06961482,0.060181677,0.03470663,0.035331823,0.07975816,0.04121794,0.07050393,0.083419114,0.04992562,0.05415558,0.05125844,0.040713746,0.03317155,0.04793347,0.038439486,0.06692775,0.054127682,0.051951647,0.07740813,0.05008168,0.092182904,0.04638119,0.05671246,0.06027776,0.052634645,0.065565355,0.050419327,0.07071927,0.04242591,0.063996956,0.045304663,0.057650607,0.081324294,0.068757184,0.050810687,0.05799491,0.057014216,0.041199338,0.06119857,0.063415304,0.057295278,0.043571062,0.04816329,0.07193479,0.17631616,0.055586364,0.068626314,0.042151816,0.05275785,0.07004709,0.05683328,0.049984757,0.065823995,0.06428011,0.09196412,0.048590515,0.051292486,0.05367155,0.051781856,0.04795949,0.05026984,0.07273941,0.05376362,0.04760344,0.049662415,0.05905884,0.06612642,0.05345864,0.050465804,0.08622244,0.05374302,0.12433131,0.053613152,0.061206844,0.042846054,0.07578592,0.056182437,0.036042318,0.05955849,0.04584461,0.043823313,0.0478181,0.042816564,0.05729414,0.0655943,0.06346445,0.04947329,0.05803054,0.049961418,0.06645682,0.08457237,0.051855218,0.019119164,0.047544368,0.07399204,0.067153126,0.045325533,0.058135323,0.05436274,0.060624294,0.04775781,0.050902102,0.057413224,0.042483084,0.05258681,0.055274423,0.070530646,0.07168992,0.04070694,0.09708834,0.083014846,0.04687394,0.054662246,0.055820506,0.05041906,0.07009711,0.056478564,0.043357726,0.053456694,0.080355614,0.04972222,0.058004193,0.056529198,0.05484265,0.06261107,0.048325248,0.058320776,0.081707425,0.046590075,0.053158253,0.052762292,0.14334616,0.057330847,0.04923565,0.054484606,0.044166528,0.06396737,0.08104476,0.044152554,0.056138672,0.048325606,0.049093053,0.067650065,0.03604327,0.076407626,0.06275384,0.048359,0.069674395,0.04555734,0.055453297,0.039227195,0.054699197,0.06132785,0.069356516,0.040575843,0.07448975,0.053965162,0.047602728,0.07169336,0.03996636,0.08997055,0.063070565,0.053142942,0.073538,0.06880675,0.0,0.054420006,0.023482451,0.06651903,0.0409112,0.058713924,0.05233368,0.043539878,0.050362963,0.0405722,0.065475345,0.08852784,0.02488046,0.07043294,0.040813312,0.059389208,0.068216555,0.05622681,0.04359226,0.046058647,0.07078329,0.04272962,0.06063432,0.045514032,0.07693674,0.037518498,0.040626988,0.04788679,0.058045525,0.041434653,0.055654082,0.020747242,0.046750076
save,0.049497742,0.041139543,0.07059777,0.07556797,0.060078487,0.042357147,0.115847275,0.12907231,0.06873221,0.08828991,0.052116983,0.044799995,0.05357865,0.05987992,0.06684661,0.06227427,0.1288025,0.056848317,0.042936284,0.06111372,0.056775536,0.049907036,0.051920477,0.082944706,0.035090007,0.05772479,0.11658556,0.08771139,0.06582303,0.08245023,0.06082189,0.11108165,0.063898295,0.10120295,0.047049865,0.05473396,0.058474846,0.052403644,0.06014889,0.045940153,0.046032857,0.056378514,0.031366434,0.06495466,0.05508672,0.106735505,0.054279793,0.07780437,0.054389615,0.054988757,0.020798638,0.09568558,0.07042595,0.063739695,0.044106882,0.04913389,0.075600654,0.07725667,0.14140409,0.061023448,0.06634128,0.039793074,0.070432745,0.06379785,0.053121407,0.06554257,0.06716966,0.07581601,0.06266122,0.07254924,0.05601544,0.06010497,0.057069562,0.07034097,0.075048454,0.044331096,0.047032036,0.09855688,0.053819682,0.0693066,0.095347546,0.045453567,0.06995769,0.06179261,0.04504238,0.052772235,0.057366047,0.045373075,0.08165976,0.05016274,0.06922571,0.09262533,0.05386721,0.113184705,0.06448118,0.073635414,0.074671544,0.05438216,0.076570705,0.058231123,0.07674145,0.03786815,0.068858914,0.053275086,0.04885515,0.10071912,0.08719637,0.055213694,0.07234463,0.07242148,0.049688138,0.072028965,0.06671669,0.07243957,0.056125063,0.047022138,0.08909464,0.18785465,0.054254316,0.05984758,0.05921481,0.06637425,0.064260565,0.07003997,0.06854306,0.08102997,0.07695361,0.11016167,0.07404281,0.0689323,0.07046936,0.05924627,0.04230792,0.05461708,0.08995043,0.06542699,0.049265448,0.044551365,0.07251086,0.05765231,0.0654579,0.06378782,0.10254382,0.060951132,0.14418161,0.07447672,0.075366415,0.050050102,0.055737425,0.045302298,0.052821238,0.075120606,0.04345256,0.053923897,0.048594635,0.038690753,0.07614039,0.05270178,0.059829812,0.045919962,0.06989684,0.06155013,0.087511525,0.10135785,0.067104205,0.05020227,0.049191125,0.09153199,0.07851838,0.03991594,0.071948566,0.06291909,0.07530564,0.04995257,0.060849763,0.06526698,0.04923884,0.06388033,0.061764535,0.073857985,0.053414095,0.052133404,0.11800082,0.08891462,0.051417008,0.045495242,0.057713423,0.061215825,0.087529995,0.044664033,0.043159228,0.05928502,0.08201947,0.056710307,0.069126464,0.06991078,0.06763236,0.057968065,0.055443767,0.07251997,0.100710936,0.059686176,0.058874235,0.063540556,0.16611607,0.035083722,0.045557223,0.07303542,0.05027625,0.03659939,0.10024311,0.039620165,0.06576669,0.015112905,0.059488196,0.08537234,0.052533064,0.09184244,0.058647994,0.066165835,0.07066487,0.044361047,0.06185813,0.03809939,0.049455177,0.050984524,0.08661718,0.04999627,0.06862713,0.06427206,0.053629167,0.08013058,0.040069778,0.09795025,0.063282184,0.055127982,0.08021793,0.08555062,0.054420006,0.0,0.05264687,0.0571412,0.052406702,0.06358967,0.06021796,0.0476536,0.047905702,0.04702872,0.07936965,0.10602055,0.044312634,0.052982792,0.051082518,0.05616391,0.07118125,0.07450059,0.04843012,0.053441644,0.048556995,0.04764021,0.050075665,0.04189199,0.058894966,0.046041477,0.035659313,0.05039134,0.07489161,0.03242771,0.05791411,0.048172425,0.03398926
wait,0.04877864,0.049349643,0.041246362,0.04688405,0.047582135,0.046962243,0.08671383,0.09824021,0.049348984,0.057908364,0.034094587,0.044393387,0.03881232,0.049715273,0.043439787,0.042216882,0.09893779,0.03563395,0.043739527,0.04343612,0.058325704,0.06650757,0.055916116,0.06346564,0.039952695,0.052762803,0.08629563,0.059942853,0.043189105,0.057548665,0.03795609,0.0797018,0.04695788,0.07336293,0.055736825,0.057244416,0.03668663,0.040969092,0.05470486,0.049833976,0.036158066,0.041685734,0.04887741,0.05048349,0.037809584,0.07643324,0.05211385,0.050992463,0.07306607,0.07422136,0.050139338,0.06708264,0.06629461,0.07664143,0.054618333,0.06285776,0.051496096,0.052348565,0.10933007,0.04071961,0.065607175,0.054429103,0.055422895,0.048252624,0.043458894,0.056425612,0.07991455,0.05121379,0.058947183,0.060455505,0.04674956,0.039875776,0.044614263,0.06813533,0.051760275,0.0351784,0.042949248,0.067734964,0.032589745,0.071251355,0.07747923,0.04816184,0.04464343,0.043108523,0.03788383,0.030187897,0.04469421,0.032222744,0.05638169,0.05020823,0.041615862,0.06614621,0.048434768,0.08103248,0.03794662,0.048296113,0.052747827,0.045524154,0.054105155,0.04412306,0.06757674,0.042238403,0.060986906,0.04316003,0.059877276,0.07361179,0.05847216,0.043319914,0.050345466,0.046024084,0.03651366,0.054593835,0.060522083,0.04842998,0.03472547,0.046561547,0.0604031,0.16764061,0.056695923,0.070369944,0.030753404,0.042444084,0.07030101,0.048243754,0.03585785,0.055717982,0.057698812,0.08098788,0.038132973,0.042531546,0.042488433,0.045223318,0.04745415,0.042857397,0.061823573,0.048111808,0.044385344,0.04645841,0.047214746,0.067052394,0.04340617,0.041090377,0.078017995,0.042192865,0.11421943,0.043608572,0.05048023,0.03639722,0.07947991,0.0565709,0.027106183,0.051399298,0.041174147,0.032362584,0.040229168,0.039203115,0.04952832,0.06775406,0.0625931,0.047356993,0.050940346,0.044810973,0.054404907,0.0752981,0.041661248,0.034517016,0.04113368,0.06241935,0.06026709,0.04556563,0.049877986,0.044595357,0.052484326,0.0459237,0.042197846,0.05253,0.038558356,0.04232671,0.045732662,0.066687614,0.075739495,0.033237483,0.08622988,0.07954799,0.039595984,0.055264093,0.04829848,0.038569514,0.05959843,0.058474235,0.039376054,0.050195795,0.07838355,0.039351694,0.05057824,0.04651152,0.045036327,0.062060513,0.04345113,0.048200846,0.07125248,0.035995234,0.051117256,0.045785,0.13300113,0.05877342,0.047789194,0.04655587,0.04232939,0.06711048,0.0698607,0.042661477,0.052099135,0.04473849,0.039088417,0.0557541,0.030741794,0.06646974,0.05927843,0.037930667,0.067309104,0.043722186,0.05301032,0.03428082,0.05453736,0.060179837,0.058156118,0.032415923,0.07489212,0.04375365,0.03864235,0.067922145,0.037655912,0.08627373,0.06130107,0.04566044,0.069395095,0.057700176,0.023482451,0.05264687,0.0,0.06502547,0.032462344,0.05585566,0.049079835,0.0394538,0.055319943,0.03992938,0.057291355,0.07646334,0.03266973,0.07343115,0.033003807,0.05893345,0.06577458,0.04511401,0.03807682,0.04035513,0.07492972,0.035014022,0.062417664,0.041065555,0.08045889,0.034576796,0.03836441,0.04802554,0.046508167,0.040628053,0.054043483,0.02734427,0.045398023
wok,0.037822403,0.06206793,0.07362307,0.08331004,0.060989577,0.064764135,0.11609163,0.13102399,0.07322605,0.09191739,0.069035664,0.04668037,0.06043825,0.05153493,0.075542994,0.060876843,0.12758736,0.06533669,0.041416056,0.053665306,0.0528343,0.06815299,0.036420267,0.06507178,0.05274234,0.048113983,0.11318567,0.08044272,0.07490353,0.0748484,0.068184294,0.11275962,0.05724972,0.10377679,0.04521746,0.03587797,0.06496063,0.06540666,0.041370366,0.0328193,0.06422951,0.0478359,0.05432106,0.05479913,0.05486111,0.10835436,0.0725615,0.08236201,0.05423672,0.06252512,0.04968283,0.091272615,0.07538144,0.082664035,0.055522725,0.051616143,0.079259984,0.07475474,0.14150962,0.07463167,0.040816914,0.063654914,0.08202894,0.07048327,0.058360267,0.07957615,0.078797475,0.08486027,0.036660522,0.053893697,0.049709786,0.07056613,0.062186025,0.08302786,0.08395722,0.048998855,0.06341874,0.098887555,0.06202274,0.083259664,0.10205548,0.057594966,0.07252894,0.07042291,0.061802063,0.060271613,0.04822984,0.055343878,0.08306179,0.062232327,0.07292446,0.09349718,0.07133814,0.112766765,0.073017605,0.07579637,0.07567671,0.04940316,0.07722159,0.06726304,0.053892557,0.060327854,0.07962475,0.05731822,0.065005794,0.10246057,0.08780673,0.07137047,0.08162946,0.08453443,0.064142086,0.07692098,0.08054821,0.0797695,0.06540386,0.057712737,0.094938226,0.18617104,0.07348333,0.04147423,0.064448126,0.07567716,0.042892974,0.06905794,0.07952138,0.08633374,0.08784543,0.102349505,0.07471069,0.07498972,0.072731465,0.059555594,0.06546237,0.05600224,0.0943685,0.05688038,0.06731226,0.05825125,0.07574634,0.039625663,0.06523654,0.06813204,0.103613004,0.065958396,0.13346325,0.07850949,0.07994874,0.062470358,0.06366266,0.045623597,0.069314614,0.08184953,0.051330987,0.06721533,0.06246338,0.05637645,0.0833828,0.051597953,0.023149012,0.06709528,0.082785115,0.06989757,0.09258157,0.10518372,0.0770497,0.06379239,0.056790415,0.0922619,0.09049893,0.0587866,0.0775862,0.062333286,0.08506168,0.063526616,0.06638236,0.079209566,0.061507158,0.06665958,0.06428731,0.08563117,0.065841675,0.06190443,0.115047045,0.09678811,0.04963606,0.068565555,0.06269964,0.06637375,0.084985,0.046122316,0.059585366,0.044412084,0.090649806,0.0689339,0.081538975,0.079573095,0.06151103,0.036528178,0.068851985,0.0742225,0.10363797,0.066308565,0.06886577,0.07688243,0.1645361,0.056906167,0.06527168,0.07835241,0.048877332,0.06410468,0.09771948,0.047919888,0.048537355,0.057882365,0.06772103,0.095188215,0.05501314,0.09620249,0.06799339,0.08117062,0.0821481,0.049011555,0.07627603,0.05649846,0.06947405,0.063135765,0.08507267,0.058248147,0.034944918,0.06773473,0.06530785,0.08895012,0.06405664,0.1056469,0.07926138,0.05906661,0.08900112,0.08341954,0.06651903,0.0571412,0.06502547,0.0,0.06815828,0.044500563,0.06834359,0.064249605,0.063427225,0.063351765,0.083928525,0.10699757,0.054089006,0.058743987,0.057452194,0.027055824,0.039270446,0.084254466,0.06802217,0.057497755,0.061327975,0.064448945,0.07153588,0.058866158,0.06467893,0.048231922,0.057862416,0.064008854,0.08525934,0.06330398,0.072564766,0.06214455,0.054634266
open,0.05007776,0.046668865,0.043915685,0.043429885,0.050452735,0.043616258,0.07961722,0.09378818,0.04339302,0.050690226,0.026936492,0.0451444,0.037866663,0.05005451,0.03870458,0.0443471,0.09678201,0.036039438,0.044543486,0.048151743,0.061962787,0.066747054,0.059248038,0.06643445,0.03995159,0.0548541,0.084463395,0.05741593,0.036336835,0.0583282,0.035176914,0.07471495,0.04774096,0.06977739,0.06125511,0.05900723,0.034832757,0.03960028,0.057313237,0.054742385,0.03379051,0.043349996,0.050430078,0.052355085,0.040283766,0.069898434,0.050574265,0.048480757,0.080081716,0.07674065,0.051695865,0.06437377,0.066428505,0.07615846,0.05677818,0.06730292,0.048652805,0.053443983,0.10732111,0.039366025,0.069468595,0.05128066,0.05331524,0.045939457,0.04555523,0.05606,0.08483302,0.045749895,0.06147497,0.063800454,0.05037204,0.0365782,0.04759069,0.06693753,0.04917233,0.04068802,0.056255907,0.06656617,0.02860875,0.071893744,0.07582646,0.04295273,0.04859883,0.035804227,0.037108213,0.03838618,0.048738323,0.029161705,0.05617575,0.052407518,0.038465887,0.06567815,0.046261538,0.07565011,0.03332744,0.04592956,0.04541243,0.048090577,0.05605406,0.044047724,0.07129451,0.04344547,0.059481632,0.045608174,0.060421728,0.07313815,0.053118832,0.042912915,0.04466391,0.03800062,0.038709816,0.055722546,0.05906371,0.046069335,0.03137109,0.051783327,0.058831558,0.16620176,0.05710303,0.075439505,0.02608824,0.035499863,0.074711256,0.04080638,0.034033343,0.05322494,0.05416299,0.08083306,0.042511947,0.040191524,0.04154967,0.03857267,0.04708612,0.038024507,0.057358086,0.04865441,0.037856437,0.04843384,0.044046864,0.071362816,0.04202718,0.039137848,0.07661653,0.042463902,0.11277016,0.04315373,0.049064867,0.03510914,0.08447738,0.05958191,0.025324201,0.04826097,0.043820187,0.033359826,0.03797957,0.03715043,0.045724586,0.0717117,0.06671719,0.044045743,0.04581094,0.04031831,0.051185932,0.070908554,0.03203148,0.04939944,0.03846155,0.059813857,0.057269506,0.043862518,0.041269496,0.042541005,0.04882211,0.044547994,0.04356762,0.048311915,0.036108565,0.042707592,0.046582505,0.06511988,0.080468416,0.03552351,0.083606094,0.078308426,0.040809542,0.05011098,0.051324815,0.03560182,0.058794435,0.06420173,0.03826498,0.054182652,0.077992335,0.039091613,0.04685029,0.0449057,0.0471088,0.065674804,0.03917061,0.048126627,0.067616336,0.03140245,0.04775191,0.039707497,0.13037549,0.06335122,0.04366914,0.044017516,0.046335656,0.06820078,0.06641271,0.042597637,0.056140132,0.04449638,0.030376934,0.054773644,0.03516495,0.06437556,0.061279703,0.03577382,0.06649218,0.045400575,0.04773538,0.035363086,0.048989236,0.061792485,0.05732709,0.03395881,0.079102196,0.042997975,0.036894977,0.06781795,0.03538122,0.08422576,0.058548536,0.047466815,0.06814176,0.05670432,0.0409112,0.052406702,0.032462344,0.06815828,0.0,0.060557533,0.045489233,0.03581182,0.061975885,0.038772773,0.053127408,0.07364734,0.04635976,0.079630196,0.03026945,0.062000383,0.06920547,0.035864487,0.033469424,0.03470209,0.079040036,0.036386203,0.058835395,0.043506496,0.08485026,0.040357094,0.03901787,0.04465244,0.03709202,0.04255443,0.049553394,0.039467607,0.04614126
stew,0.03533944,0.063590616,0.05298245,0.06705759,0.053669162,0.06554496,0.09627705,0.109418854,0.061353166,0.0731738,0.059908032,0.038149867,0.05171189,0.03664843,0.061977766,0.043994196,0.10500829,0.05140041,0.04135645,0.035210293,0.049181916,0.07532345,0.03092611,0.039357927,0.04660528,0.043989472,0.088845804,0.05585108,0.0634408,0.05333625,0.05073508,0.090302505,0.04513667,0.084586844,0.052860048,0.03060989,0.051553253,0.059215873,0.029926246,0.047574036,0.059310615,0.035297982,0.058284212,0.031828105,0.039098125,0.08876045,0.07318452,0.062330127,0.06440169,0.07610567,0.05477526,0.06781303,0.07693502,0.09411407,0.057076804,0.059127785,0.06287269,0.060464107,0.11918479,0.06298553,0.028569616,0.06991321,0.076782115,0.06388513,0.048184145,0.07820457,0.086115696,0.07166325,0.036684312,0.03592538,0.040419858,0.057111975,0.05296878,0.08550681,0.071611285,0.045858372,0.06864636,0.07706253,0.04956842,0.08955969,0.096372224,0.06007906,0.052435637,0.059953485,0.056588087,0.046867914,0.022654423,0.047161028,0.060948376,0.0607439,0.05619204,0.07151491,0.06873664,0.09174594,0.059799697,0.057558447,0.06314018,0.036426242,0.05744636,0.055645436,0.033671495,0.059992675,0.07865803,0.05285485,0.067055576,0.08884462,0.06690415,0.065453574,0.07235944,0.06935981,0.055288777,0.06960064,0.08141339,0.06712243,0.052850973,0.05468564,0.07620634,0.1686704,0.075820476,0.037580978,0.050094288,0.061580025,0.0353119,0.053912252,0.06360036,0.07350002,0.07767054,0.07863542,0.054485936,0.05857033,0.0533166,0.050095268,0.06957782,0.04576566,0.07488999,0.036360662,0.06812976,0.058658645,0.05984263,0.034860343,0.047015276,0.05349848,0.091896005,0.05338711,0.10905334,0.057232577,0.06580954,0.053899296,0.07344417,0.048392333,0.057513736,0.069184504,0.04837781,0.05560343,0.05601804,0.05594904,0.06694592,0.049722195,0.032735255,0.06685028,0.07265512,0.06308767,0.07099505,0.091311224,0.0631991,0.06258774,0.050575733,0.07186609,0.08092245,0.06234595,0.06513302,0.047770098,0.071612656,0.06214683,0.05709463,0.07439031,0.051952973,0.05159565,0.05328267,0.08523355,0.078047276,0.049847387,0.09199942,0.09553934,0.040728588,0.07489023,0.056193177,0.052880753,0.061635576,0.047738533,0.055502307,0.017322347,0.092411116,0.058768712,0.07181345,0.06233579,0.041043654,0.028953614,0.06523647,0.055967264,0.0844068,0.05184356,0.06622127,0.065705106,0.14140835,0.06879118,0.06738596,0.061676178,0.033678945,0.07533733,0.07567873,0.049268615,0.020058064,0.05996422,0.054066405,0.075930186,0.04205954,0.08410447,0.07012497,0.0658427,0.08419852,0.049455155,0.073371224,0.052130844,0.07413339,0.068419404,0.062548466,0.047890536,0.037121017,0.052779097,0.056726046,0.08620961,0.060880084,0.103516504,0.08218829,0.052986495,0.086873814,0.060361132,0.058713924,0.06358967,0.05585566,0.044500563,0.060557533,0.0,0.062863804,0.062482346,0.06907297,0.060771547,0.072664775,0.086827315,0.05315208,0.06715572,0.043466136,0.030465584,0.024462868,0.068117514,0.06243429,0.046758916,0.069906786,0.056421477,0.07939931,0.056997474,0.070439056,0.0364879,0.056830406,0.064317405,0.06917274,0.064717166,0.072136186,0.05560982,0.058260772
blend,0.056362197,0.056176435,0.055379655,0.05040099,0.058372542,0.050564405,0.09491664,0.10320619,0.051478785,0.054220896,0.051004235,0.050534017,0.033743616,0.043915123,0.047366455,0.05772336,0.10571238,0.045213196,0.05557555,0.058121406,0.071350425,0.06569552,0.06289651,0.07263155,0.04969286,0.06383843,0.093667254,0.068145126,0.04514771,0.06838711,0.05339148,0.08647401,0.055600137,0.0854982,0.06781226,0.06390371,0.043647774,0.05199804,0.06255538,0.058070205,0.03579466,0.053827032,0.055771556,0.057933383,0.054448146,0.079650305,0.06704139,0.058308505,0.08072961,0.07951529,0.059313547,0.07046076,0.06524074,0.07736302,0.057324268,0.06553696,0.062672175,0.061686333,0.11841337,0.05449531,0.07093543,0.06466562,0.05767873,0.052829288,0.058133047,0.055890176,0.08680674,0.057825644,0.06330305,0.07001101,0.0567959,0.051802292,0.056179438,0.064155765,0.056033608,0.049298916,0.061223987,0.077747524,0.04577145,0.067748815,0.077065244,0.064380236,0.06163074,0.046537656,0.047205247,0.053554654,0.055787195,0.041251104,0.06895086,0.06305342,0.054868676,0.07671783,0.052099675,0.08725567,0.036626346,0.058608674,0.061274204,0.057357445,0.06853248,0.03902952,0.074833006,0.05697171,0.058387034,0.036593016,0.059995763,0.078873664,0.072007135,0.056560215,0.057272032,0.059784025,0.043979444,0.058851235,0.058766596,0.031992618,0.036287148,0.058636885,0.07297206,0.17191637,0.07041844,0.07568143,0.053430274,0.04620827,0.075615354,0.05771089,0.05310141,0.06568697,0.05707282,0.09010296,0.056969754,0.037059348,0.053911686,0.05551958,0.043405607,0.05386153,0.07289927,0.056489293,0.058825582,0.06023412,0.06226357,0.07105873,0.05659128,0.045252047,0.08139474,0.059495267,0.120029606,0.06146204,0.062271234,0.045581426,0.084647946,0.06832349,0.04330937,0.056859225,0.052848477,0.050497413,0.04531665,0.04203832,0.044134814,0.07108607,0.06507952,0.051600616,0.050598715,0.0356316,0.06687692,0.07776105,0.05341696,0.05753244,0.053232167,0.06772211,0.060209345,0.04369659,0.05227294,0.049386747,0.057026878,0.03813246,0.05129545,0.052205298,0.056952376,0.05652928,0.06487854,0.06570243,0.07995698,0.046893783,0.094594136,0.07411553,0.049782027,0.06940426,0.063871905,0.05206799,0.07065416,0.06537358,0.04831611,0.058757868,0.0738602,0.05090937,0.053240538,0.057431497,0.059379507,0.06746487,0.04871451,0.057466324,0.07855465,0.04805828,0.018384825,0.050195232,0.13996807,0.06830165,0.061154705,0.043452464,0.05235715,0.07455172,0.080079585,0.050808772,0.05833364,0.054793585,0.052716024,0.07008567,0.048865914,0.07274432,0.072317086,0.053312995,0.06662195,0.042701192,0.020356731,0.04651448,0.06734312,0.07568096,0.07006375,0.037957065,0.076905906,0.05795051,0.057393227,0.06788643,0.045701753,0.080313966,0.060451977,0.060675222,0.06820009,0.06977578,0.05233368,0.06021796,0.049079835,0.06834359,0.045489233,0.062863804,0.0,0.046444625,0.06489618,0.028833052,0.058351167,0.08658598,0.054829597,0.080504864,0.049988654,0.06003069,0.0703659,0.05855998,0.056450445,0.054995418,0.07923475,0.04816005,0.0737638,0.057682514,0.084712334,0.04895681,0.050506704,0.03545325,0.061872616,0.054066207,0.023065055,0.049018063,0.04715068
touch,0.049605194,0.039775092,0.05469468,0.052662395,0.04949258,0.03501879,0.09693949,0.10935385,0.054520376,0.064243644,0.039750665,0.041803908,0.04033311,0.052409917,0.038250417,0.052517038,0.11090773,0.03984887,0.04589838,0.053897865,0.057929922,0.05133961,0.05774983,0.07262217,0.039882284,0.051483076,0.09706192,0.069033176,0.03712001,0.06679758,0.047133222,0.08984994,0.053936474,0.08497316,0.05289554,0.057164058,0.03999536,0.042838734,0.058760535,0.05050453,0.028058842,0.046153195,0.04168081,0.05853935,0.046976972,0.085210934,0.055588927,0.05785307,0.07186416,0.06545208,0.048167452,0.07728791,0.056730527,0.062433302,0.048355907,0.06101856,0.06202092,0.05860954,0.12248526,0.047629096,0.06953794,0.046749335,0.04848654,0.043645505,0.05085793,0.048391793,0.07972021,0.05291776,0.060607668,0.066430576,0.046608258,0.042979497,0.04929928,0.056014363,0.055230934,0.038135953,0.049001858,0.07949075,0.03795944,0.05670782,0.0736093,0.046990875,0.059612773,0.037425555,0.033184506,0.043059446,0.05254131,0.029330945,0.06851208,0.04201127,0.05149703,0.07897798,0.034148566,0.09207715,0.039471503,0.054548133,0.05510948,0.04965342,0.06585008,0.045835324,0.07365365,0.03836067,0.048849486,0.043775223,0.049921118,0.0789307,0.070874974,0.04445971,0.053507518,0.05416031,0.037665337,0.05466915,0.050187826,0.054353185,0.036468964,0.045008034,0.07203149,0.17950767,0.05935667,0.06982805,0.0451714,0.046756733,0.07153579,0.053359747,0.04925041,0.058838,0.055163648,0.09399238,0.05678149,0.048534952,0.05437376,0.045785185,0.038795985,0.04785533,0.07093755,0.05245599,0.04277633,0.03814484,0.051010173,0.06724093,0.051853295,0.048471432,0.08003469,0.04827778,0.12761727,0.059391275,0.052133605,0.037562966,0.075188234,0.055364404,0.036674436,0.050901167,0.037651885,0.04384837,0.0421333,0.03350522,0.055449173,0.06469686,0.062851675,0.03492975,0.046995685,0.04345054,0.06749125,0.076651074,0.047373682,0.045981944,0.043705676,0.072915934,0.055955462,0.032264393,0.055880997,0.052351102,0.052176643,0.033258766,0.045544934,0.042206597,0.043846786,0.049741585,0.049987137,0.05863,0.071871676,0.038820975,0.09832428,0.07229905,0.042050123,0.051076587,0.046748158,0.04458169,0.072192945,0.05846642,0.023128292,0.057264872,0.06860798,0.04619048,0.04857141,0.057363637,0.057302453,0.06314356,0.036794182,0.05819451,0.07809519,0.037433784,0.044844043,0.04001219,0.14574516,0.052855615,0.043288175,0.053517025,0.04498349,0.060160443,0.08112837,0.03858161,0.060638208,0.04313723,0.042625327,0.06972191,0.042607527,0.068193816,0.05046313,0.048009083,0.05754751,0.036400367,0.046248432,0.035151694,0.04988331,0.056277066,0.07075158,0.03834905,0.075514674,0.053720344,0.044715036,0.062636025,0.026261657,0.07963058,0.051319677,0.04432309,0.0632114,0.070402615,0.043539878,0.0476536,0.0394538,0.064249605,0.03581182,0.062482346,0.046444625,0.0,0.055434044,0.029523995,0.05782253,0.08762954,0.043238264,0.071202435,0.041604076,0.058415286,0.07023023,0.05354759,0.041731823,0.044719983,0.069813974,0.03825875,0.056194745,0.0430239,0.075205095,0.040897947,0.03537626,0.035763703,0.056872655,0.037947968,0.04776541,0.03691652,0.035045385
cool,0.052392256,0.045415405,0.07641472,0.080800235,0.06898478,0.048514064,0.122806005,0.1378172,0.07916663,0.095296256,0.06341013,0.054793328,0.061144736,0.062853806,0.07480965,0.071143754,0.13625218,0.059624486,0.055646934,0.070322715,0.06493914,0.05244414,0.061578974,0.08989876,0.05279832,0.066358514,0.12295458,0.09515645,0.073905855,0.090934284,0.06573062,0.11763895,0.07420043,0.11152421,0.056529734,0.059869517,0.06276125,0.06512336,0.06782655,0.04766092,0.050315037,0.064645454,0.032529153,0.069180176,0.062547654,0.11425455,0.03992989,0.083940655,0.050040822,0.06482053,0.04892608,0.10324419,0.06658201,0.06218462,0.046906155,0.03053211,0.0856843,0.08071713,0.14908281,0.07224058,0.070747025,0.04518504,0.07170722,0.06581051,0.06937237,0.06313802,0.036730643,0.082582615,0.068488486,0.078605056,0.06323314,0.06840095,0.060330067,0.06795965,0.08048552,0.049303304,0.040946428,0.10529298,0.06259451,0.063084655,0.09475079,0.05053589,0.07557375,0.06990686,0.047597416,0.053454243,0.06297884,0.056026325,0.09015346,0.056681793,0.07764563,0.100689806,0.055864163,0.12106213,0.072222844,0.08021923,0.08093376,0.06515186,0.08651243,0.06324625,0.08218947,0.04324613,0.06800374,0.049237136,0.049290776,0.10179669,0.093919314,0.06428112,0.074695595,0.082789406,0.04972635,0.07181056,0.06661351,0.079584666,0.06405851,0.04604147,0.0962482,0.1948605,0.034214597,0.0634223,0.06722592,0.07522881,0.06756367,0.07535535,0.078269675,0.08805082,0.08065036,0.11779136,0.078738175,0.0739765,0.078660734,0.06554119,0.048960295,0.0635632,0.09894493,0.071135506,0.053977106,0.05365073,0.082407564,0.06045555,0.07396461,0.07263307,0.10464396,0.07102399,0.15178071,0.078734905,0.08182063,0.05845048,0.05048226,0.050811123,0.061098702,0.08051927,0.049915355,0.06613465,0.06402908,0.048549794,0.07975315,0.055404216,0.061961126,0.052153938,0.07580663,0.06721965,0.09468891,0.105459504,0.07527434,0.04248149,0.0615081,0.10075528,0.0831444,0.046858,0.07782103,0.074643396,0.08126173,0.052302055,0.06791286,0.06860445,0.05500768,0.06894772,0.07101096,0.07523268,0.030145044,0.059869442,0.12642269,0.08720713,0.058833454,0.052196894,0.067918606,0.071558796,0.09203752,0.046575777,0.051883154,0.06407846,0.07860746,0.06862886,0.07514408,0.0812035,0.07601744,0.061872702,0.058121666,0.080778375,0.1085837,0.07018781,0.061234947,0.07049636,0.1732269,0.041912373,0.051287513,0.07532419,0.05415628,0.0419538,0.10830083,0.050683916,0.067957,0.049877573,0.06864387,0.09545341,0.059770994,0.09599331,0.06656624,0.074158005,0.06888178,0.049965058,0.06570577,0.04546231,0.053796303,0.058797564,0.0944161,0.055417214,0.07145646,0.0731003,0.061802153,0.07813009,0.05179382,0.09587728,0.06275642,0.06380453,0.07953717,0.092160754,0.050362963,0.047905702,0.055319943,0.063427225,0.061975885,0.06907297,0.06489618,0.055434044,0.0,0.05120645,0.08298273,0.117155164,0.041157078,0.049165107,0.0613185,0.06041863,0.07563768,0.08398364,0.05908558,0.058693476,0.04362315,0.05597597,0.056587808,0.050837606,0.05422967,0.05115713,0.047488634,0.054895587,0.08546292,0.040862706,0.06322971,0.045491546,0.047164846
toss,0.04730447,0.03960493,0.057245154,0.05605969,0.051490355,0.035673235,0.103363134,0.11393523,0.05828475,0.06381036,0.046054404,0.04274648,0.03703338,0.043611523,0.046034925,0.056450546,0.11608106,0.042086862,0.048596144,0.056589995,0.061355114,0.05035717,0.057274494,0.075024806,0.04389274,0.054982614,0.10236201,0.074039795,0.04442035,0.0731624,0.050816163,0.09467104,0.05915394,0.09222913,0.05507746,0.056927357,0.043816812,0.04986722,0.06128047,0.049541373,0.024281772,0.051171698,0.0414471,0.05902946,0.049667336,0.08983533,0.05473382,0.06308724,0.06818498,0.0640187,0.048533965,0.07985056,0.06296565,0.06657663,0.043281198,0.05635221,0.06620715,0.06560331,0.12829652,0.053977486,0.06838974,0.048867967,0.056602266,0.050531443,0.054937605,0.053558454,0.07364813,0.061271157,0.060232878,0.069044076,0.048924845,0.050761744,0.049421366,0.061535046,0.06066568,0.035534628,0.04247864,0.084280826,0.04264266,0.06144848,0.08235376,0.050324567,0.062281474,0.045775525,0.034877665,0.04345929,0.05125812,0.029551707,0.072855264,0.049963225,0.05733643,0.083013944,0.042504027,0.09692885,0.036002506,0.061582815,0.06249027,0.052372497,0.0695803,0.041721106,0.073918976,0.03879595,0.056421764,0.039561618,0.046545133,0.08635769,0.07643308,0.052026518,0.06041267,0.06155408,0.034532003,0.06151483,0.057274513,0.04643976,0.034961242,0.046279892,0.07764085,0.18137915,0.057265624,0.06600738,0.050369855,0.050646126,0.06942343,0.05864877,0.053761475,0.06846329,0.06177951,0.098824196,0.05851973,0.04412658,0.05641166,0.05154727,0.032939292,0.051305868,0.07790095,0.05493603,0.04780501,0.045491423,0.061771978,0.06269155,0.057494286,0.04626981,0.08824432,0.05480975,0.13213588,0.062519915,0.062420327,0.04299955,0.070500545,0.055103257,0.038106255,0.05951592,0.04255973,0.048692804,0.04350085,0.029272404,0.051823433,0.059627756,0.0609649,0.041506805,0.053097103,0.03672945,0.07184603,0.08558028,0.053779155,0.041170992,0.04814931,0.07602724,0.063734606,0.03192924,0.05785201,0.05449226,0.059511766,0.03221466,0.051274274,0.050904077,0.04781739,0.05479027,0.05824654,0.066185944,0.06782529,0.04268226,0.103934176,0.07809002,0.045621052,0.05283163,0.0564258,0.05144981,0.075468495,0.05302109,0.032800447,0.055137046,0.07449854,0.051960576,0.05576972,0.061002888,0.06132787,0.061775934,0.044809233,0.062567554,0.08618758,0.045549102,0.027767876,0.047991067,0.15132242,0.051919203,0.048061296,0.05041151,0.044454824,0.05784268,0.08788178,0.037443034,0.058567487,0.043779008,0.050839882,0.07476529,0.045275103,0.07750816,0.060821693,0.0527423,0.0643497,0.030310107,0.031926446,0.036096785,0.052522838,0.06089033,0.07592307,0.03524891,0.07195899,0.056581493,0.050996397,0.069077685,0.029268539,0.08517082,0.05745744,0.052375697,0.07024221,0.07425179,0.0405722,0.04702872,0.03992938,0.063351765,0.038772773,0.060771547,0.028833052,0.029523995,0.05120645,0.0,0.06458512,0.094218455,0.039080113,0.06721942,0.04625665,0.054145556,0.06994367,0.05970344,0.04638659,0.048938062,0.06488955,0.041786827,0.055636473,0.047700528,0.07081491,0.03968997,0.038956214,0.021738363,0.06343883,0.037381977,0.030010052,0.034426548,0.03247774
cut,0.072915316,0.076137125,0.04552548,0.036863055,0.06680763,0.06964254,0.06834956,0.07319821,0.042956073,0.043319736,0.047386143,0.064487986,0.047030862,0.06686213,0.043077458,0.0525522,0.07061836,0.045598548,0.06382392,0.05737625,0.08095396,0.09160285,0.07635799,0.06899125,0.054902155,0.073599584,0.0629135,0.04948757,0.040277526,0.053125687,0.04827981,0.0595523,0.04225592,0.054815345,0.08450577,0.07789399,0.035978552,0.043584958,0.06955741,0.07327913,0.05344419,0.053594634,0.0726782,0.058710225,0.055770785,0.057819046,0.08184857,0.03945421,0.105872445,0.103717566,0.0755322,0.048155405,0.049020313,0.08639016,0.08334323,0.08737589,0.047005795,0.029929744,0.08583958,0.03810905,0.08421139,0.083241984,0.034145974,0.034601334,0.0571272,0.040909756,0.11088962,0.02689294,0.07319706,0.072982386,0.0681588,0.04088763,0.06597028,0.050014164,0.02609811,0.06846457,0.087206766,0.052754402,0.04678641,0.06250958,0.034961145,0.07787557,0.04969871,0.03692117,0.06033425,0.060020268,0.06402795,0.056298465,0.04900303,0.06784292,0.039971367,0.05339417,0.05271379,0.06023898,0.04736278,0.036870882,0.054915812,0.06428258,0.056828544,0.044873327,0.08132768,0.07515891,0.040551692,0.0466361,0.08308153,0.03148106,0.05010249,0.050946847,0.029738655,0.039601047,0.05951057,0.025259119,0.042841464,0.04853286,0.0449216,0.06786828,0.048581373,0.15185264,0.088044204,0.09701412,0.04789158,0.037605267,0.09335714,0.05327589,0.044688646,0.03873682,0.028381975,0.064655215,0.047332052,0.044619378,0.04551804,0.059214175,0.06893191,0.05938096,0.04655472,0.05570279,0.064960666,0.07136246,0.04456307,0.09138506,0.045568477,0.04990103,0.036202677,0.05549988,0.090723075,0.047796294,0.03589458,0.0436095,0.11083233,0.08488108,0.04760921,0.030715542,0.059650388,0.044599053,0.05127449,0.065241165,0.04370082,0.09592591,0.08054708,0.06036071,0.03644163,0.05491693,0.047210965,0.030815158,0.036657963,0.07738704,0.0576964,0.04675791,0.029213917,0.06326599,0.05382967,0.04109179,0.031426795,0.05283076,0.041859344,0.03473838,0.061034873,0.046395827,0.061887555,0.0387892,0.101774745,0.04245248,0.06600073,0.044198196,0.05283947,0.08755475,0.062400635,0.0380248,0.05401531,0.08998585,0.0589544,0.070027456,0.050592814,0.03808012,0.030857611,0.04150048,0.050297096,0.08412057,0.040724564,0.0450474,0.046648078,0.043259155,0.059246123,0.04425467,0.106683075,0.089706846,0.07404245,0.043815088,0.06439728,0.09929158,0.053624332,0.070524216,0.065962054,0.06993961,0.042557966,0.046525013,0.052678313,0.032952603,0.07466188,0.041560516,0.04722844,0.068705425,0.057599016,0.059493948,0.08294393,0.08896563,0.048195753,0.04919854,0.09618595,0.05370889,0.057636615,0.036790043,0.0628233,0.04596073,0.047669467,0.06169605,0.03608685,0.051413324,0.065475345,0.07936965,0.057291355,0.083928525,0.053127408,0.072664775,0.058351167,0.05782253,0.08298273,0.06458512,0.0,0.058060378,0.0754689,0.105930656,0.05098682,0.08153949,0.07977675,0.043552384,0.05984686,0.05716157,0.10488421,0.047838245,0.09589206,0.06599623,0.11085153,0.063981265,0.0617063,0.07022675,0.043861233,0.07095722,0.06798011,0.06505731,0.06800789
taste,0.09767665,0.10614734,0.05268611,0.053212743,0.08253292,0.10151917,0.044308852,0.039550345,0.055539597,0.04476572,0.06773411,0.089091174,0.07432872,0.0876595,0.062918454,0.063235596,0.03936968,0.07055833,0.08674382,0.06820766,0.10243594,0.12502939,0.096448295,0.07107626,0.08022441,0.09287168,0.0376598,0.04028967,0.06214602,0.05058915,0.06470205,0.037053335,0.05915573,0.03520962,0.10839058,0.100699686,0.067071214,0.071518116,0.08765533,0.10080815,0.08538407,0.07247658,0.10650848,0.072783716,0.07038515,0.036860608,0.106103264,0.049412977,0.13410807,0.12938601,0.10011199,0.037683025,0.09696905,0.12802845,0.113205165,0.118658714,0.046679113,0.054960333,0.045392483,0.058147512,0.10149579,0.11360628,0.07802606,0.07523497,0.0683272,0.08990781,0.13996564,0.052765332,0.094254255,0.08388677,0.087154076,0.06340315,0.08343575,0.10099476,0.057024244,0.09277558,0.11600216,0.033850025,0.0663508,0.11278117,0.076829374,0.102530934,0.05712032,0.06608898,0.089641355,0.080735184,0.08054227,0.07919812,0.04584026,0.09651847,0.04948729,0.039374907,0.091235645,0.03407666,0.06445623,0.052935384,0.0645305,0.078206114,0.05467609,0.07433039,0.09162065,0.10295706,0.089135654,0.084471405,0.11544591,0.05432113,0.04222207,0.07740577,0.06377375,0.047938228,0.08468648,0.072201684,0.091916494,0.0625954,0.0667496,0.097967334,0.042513225,0.13833751,0.11395709,0.1190407,0.060928524,0.055974647,0.11356606,0.06411686,0.052397776,0.054095365,0.065758444,0.0347428,0.04971419,0.059258446,0.0502477,0.07690982,0.10322998,0.075585365,0.037607495,0.072180346,0.0946171,0.09843857,0.05407775,0.11382722,0.057001416,0.061646786,0.060338467,0.06653038,0.054411467,0.050670605,0.053608954,0.07237873,0.14114967,0.11085955,0.06809401,0.05729957,0.08946823,0.062189076,0.07534712,0.0915946,0.058072966,0.121825054,0.10472636,0.09408943,0.067950696,0.077576734,0.037360437,0.049827218,0.05437534,0.103888445,0.078969315,0.03399764,0.06753276,0.09856619,0.06527857,0.055781547,0.057277694,0.091045216,0.06798429,0.078506,0.08389005,0.06395826,0.07561026,0.089456834,0.1353901,0.06875422,0.023818389,0.09509935,0.07805254,0.11432703,0.08271533,0.056271333,0.048465874,0.11624766,0.08952978,0.086167865,0.10265565,0.061766576,0.06621676,0.047818452,0.058435086,0.10556619,0.08031052,0.05289046,0.034786448,0.062370203,0.092446685,0.07030405,0.06786211,0.12022874,0.1016835,0.05902214,0.08781483,0.12975608,0.02661029,0.09768529,0.079827026,0.09445443,0.062314898,0.035815515,0.07181633,0.05436991,0.10189039,0.05558775,0.09771217,0.096322365,0.09050627,0.08599184,0.11099781,0.114900835,0.036692575,0.07310275,0.11663904,0.06158293,0.076112434,0.08706549,0.09082557,0.09483847,0.0970686,0.082710914,0.08681152,0.044072464,0.08852784,0.10602055,0.07646334,0.10699757,0.07364734,0.086827315,0.08658598,0.08762954,0.117155164,0.094218455,0.058060378,0.0,0.1010345,0.13496152,0.06876032,0.1039206,0.09462564,0.049089964,0.08236399,0.07780946,0.1354399,0.07603612,0.12338504,0.09074898,0.14004345,0.086478606,0.09038793,0.09914369,0.046522323,0.0999415,0.097956054,0.09130957,0.10146476
rest,0.037276216,0.040225666,0.060006,0.06822302,0.05413968,0.043458443,0.10971392,0.123397656,0.067368865,0.0801689,0.05027835,0.0416289,0.048615526,0.048647877,0.06090521,0.055319954,0.122965775,0.04873012,0.040177904,0.05278863,0.051150903,0.05157353,0.047543865,0.071845666,0.04401634,0.0499934,0.10916802,0.07883522,0.061037976,0.07420291,0.053741578,0.10393891,0.060164426,0.095894836,0.044444278,0.045850035,0.050564114,0.053859822,0.05209607,0.040931273,0.041436397,0.049176816,0.03812295,0.056111407,0.04626898,0.10073743,0.048275128,0.071468726,0.052055527,0.05983969,0.04263636,0.0873495,0.06924106,0.06855964,0.038126588,0.04679143,0.07031964,0.06973895,0.13495223,0.059346613,0.057368297,0.0421678,0.06834716,0.059404947,0.054394312,0.064320356,0.06320074,0.0722272,0.05346545,0.062452175,0.046465144,0.055516373,0.0492504,0.071800195,0.07159112,0.027403656,0.022740232,0.09153315,0.047161292,0.07052823,0.09312639,0.039851177,0.061498944,0.057803757,0.039776836,0.035413425,0.04512595,0.037122488,0.075684056,0.048134506,0.061976954,0.08763008,0.05174892,0.10620318,0.054936044,0.06654757,0.06835307,0.04881847,0.07135947,0.05494586,0.06636066,0.033298362,0.06894944,0.046947032,0.047296993,0.094369285,0.0800665,0.05407549,0.06831661,0.06865894,0.04216646,0.06820268,0.0675496,0.066479824,0.049607176,0.04234238,0.08361109,0.18511571,0.048998214,0.052775875,0.048168786,0.061982144,0.057491157,0.06247548,0.061024014,0.075915135,0.07481466,0.10225348,0.059679244,0.06083136,0.06231048,0.053174723,0.043302964,0.05104392,0.08451353,0.05554394,0.044042323,0.04185602,0.06600992,0.05139173,0.05868142,0.0565836,0.09787681,0.055549365,0.13575722,0.064079344,0.07005121,0.04754999,0.05785121,0.03937698,0.04446014,0.070387214,0.04013858,0.05026194,0.05139339,0.038754456,0.06838189,0.050367158,0.05097775,0.047646735,0.067431666,0.055566948,0.07914983,0.097101785,0.06254224,0.018219234,0.04796994,0.08577899,0.077523574,0.041562732,0.06664956,0.060001105,0.072172344,0.048210133,0.056746274,0.06467992,0.040744215,0.05725085,0.054818187,0.07535241,0.05745482,0.045617506,0.10998834,0.08923252,0.044828497,0.04272448,0.05404563,0.05575065,0.0789864,0.040312096,0.040345054,0.048120312,0.08336196,0.056848712,0.066611186,0.06709591,0.058312822,0.050029907,0.052841503,0.06669447,0.09531665,0.05268534,0.05446455,0.06035622,0.15861852,0.040832404,0.04275609,0.06463716,0.03974237,0.047443666,0.092591844,0.032529816,0.053285733,0.042520482,0.05516412,0.08095975,0.04077537,0.08755435,0.05759736,0.060667213,0.07267997,0.037360173,0.059750803,0.03615024,0.045674745,0.048042223,0.07934856,0.042630002,0.06017253,0.058453828,0.048022814,0.07890366,0.0386857,0.09760825,0.06569615,0.05025725,0.079589225,0.077609345,0.02488046,0.044312634,0.03266973,0.054089006,0.04635976,0.05315208,0.054829597,0.043238264,0.041157078,0.039080113,0.0754689,0.1010345,0.0,0.053474512,0.044885155,0.046638444,0.060599215,0.0681449,0.04438034,0.047174215,0.05445068,0.045762006,0.048346024,0.04169513,0.059539173,0.031732455,0.0376186,0.045080915,0.069355786,0.035168108,0.056307748,0.023804616,0.03777377
pre-heat,0.053220626,0.055463098,0.0945044,0.10106394,0.07615408,0.06123761,0.14125195,0.15763061,0.09659875,0.1142206,0.0828127,0.055753063,0.077323295,0.066823006,0.091752425,0.083073236,0.15601984,0.07815743,0.06087104,0.07661798,0.058228362,0.054210555,0.054763243,0.09106424,0.06474744,0.06369768,0.14072825,0.10801856,0.09255507,0.1012682,0.084085,0.137352,0.08677641,0.12932132,0.046452437,0.052868705,0.08161566,0.08246707,0.06631036,0.054488312,0.07071992,0.072221845,0.04579977,0.07835128,0.07373286,0.13324267,0.067307696,0.10159844,0.012973201,0.05339073,0.05166544,0.11808425,0.08901588,0.07537693,0.046721317,0.040198326,0.101529695,0.10050074,0.16853245,0.093209915,0.059355173,0.053813834,0.0973414,0.08783736,0.078445636,0.09041227,0.054602563,0.104856126,0.0681551,0.07588891,0.064194344,0.08513504,0.07077975,0.0933075,0.10337254,0.057879493,0.050095618,0.12316202,0.07783215,0.0888981,0.12282032,0.0572234,0.09335346,0.08723997,0.06322978,0.070580706,0.06736181,0.06770396,0.10645077,0.06586251,0.09504227,0.1186091,0.07640954,0.13900296,0.08969858,0.096964955,0.09526141,0.06862012,0.09953881,0.08304304,0.07505073,0.054068103,0.093506366,0.0715864,0.05484189,0.12709352,0.11147573,0.08235768,0.09976417,0.10318676,0.06808523,0.09432501,0.09192891,0.09793104,0.08222554,0.060787465,0.11557635,0.20637493,0.061693773,0.042464916,0.08262019,0.0926979,0.04607407,0.08813488,0.09623459,0.1069344,0.10427795,0.1313921,0.096522875,0.09405251,0.09482262,0.07480062,0.06455354,0.07122673,0.11813989,0.07764354,0.06936389,0.058558676,0.09553683,0.048553586,0.08756645,0.08670185,0.12903225,0.08266582,0.16552705,0.09820768,0.10060632,0.07646093,0.018819261,0.045433205,0.081887096,0.102056876,0.061335813,0.082940176,0.07651846,0.06121407,0.1002808,0.033283733,0.056205746,0.0684073,0.09714251,0.084594466,0.11340076,0.12983903,0.09615253,0.05992468,0.07220034,0.11753961,0.10762018,0.0614261,0.09385087,0.08849957,0.103165634,0.0721964,0.08613366,0.09255243,0.07008756,0.085880645,0.07759679,0.10097561,0.041444324,0.07920202,0.1436769,0.113120764,0.06662232,0.059243523,0.07506609,0.087915115,0.10785615,0.031098984,0.06309441,0.063428745,0.10427302,0.08693119,0.09731552,0.1010921,0.085802026,0.048100546,0.08014496,0.0967321,0.12714188,0.08335546,0.07834594,0.08869956,0.1925312,0.041501492,0.060421716,0.095587455,0.059253424,0.037676733,0.124220125,0.05312979,0.07255891,0.060009163,0.08432787,0.11700851,0.07209272,0.119343,0.07105644,0.0960178,0.09445213,0.05706829,0.084990695,0.06200541,0.06019006,0.053421456,0.11072313,0.07439252,0.05668848,0.0854577,0.07528684,0.105385244,0.06648442,0.12332194,0.08896176,0.07145004,0.106205024,0.10770252,0.07043294,0.052982792,0.07343115,0.058743987,0.079630196,0.06715572,0.080504864,0.071202435,0.049165107,0.06721942,0.105930656,0.13496152,0.053474512,0.0,0.073962435,0.052268706,0.06942284,0.10240928,0.075757734,0.07256284,0.023184376,0.076380365,0.058489006,0.06129397,0.023736209,0.056922793,0.06258439,0.06771291,0.10490507,0.059372775,0.07799366,0.06453995,0.055740476
cover,0.041435406,0.050434615,0.0359398,0.042025037,0.046248127,0.04885161,0.07754796,0.0898637,0.03986306,0.053204738,0.02805188,0.037788425,0.03434769,0.042561244,0.039853953,0.032232024,0.09030474,0.03226097,0.035230298,0.033122294,0.05237434,0.06912877,0.047280155,0.049400214,0.031369023,0.04760445,0.07567427,0.047172315,0.039115272,0.041096117,0.029117953,0.071768075,0.03391966,0.064474516,0.0548531,0.04736824,0.02880234,0.037481587,0.039795164,0.04557067,0.038381122,0.0276127,0.04834851,0.03589471,0.027551265,0.06878423,0.056158017,0.043309715,0.07326915,0.07689168,0.044325396,0.05685409,0.063649595,0.07854021,0.05581621,0.0611746,0.04216669,0.04353859,0.10229832,0.034807988,0.052483495,0.055229343,0.05396915,0.04438932,0.035594873,0.057306256,0.08427445,0.04495215,0.04878829,0.045165192,0.03979489,0.032420266,0.042012364,0.06781028,0.046524126,0.038532518,0.059146415,0.059663735,0.025891371,0.07365539,0.07545748,0.04577798,0.03693974,0.035745647,0.038169086,0.033742845,0.03357121,0.029899027,0.045692064,0.049365252,0.031314265,0.05586739,0.04835627,0.07403968,0.038751516,0.036500275,0.043227896,0.035341326,0.046196323,0.040129106,0.053450413,0.047071025,0.05955615,0.04070602,0.061341118,0.068607554,0.046692427,0.039383873,0.045878768,0.039737083,0.038677774,0.050517615,0.05974171,0.047869317,0.03179564,0.0466997,0.053080536,0.16148825,0.0620088,0.06393946,0.02329988,0.035970517,0.060572054,0.036900133,0.036088157,0.048579294,0.05409157,0.06955594,0.03570851,0.039416153,0.033155236,0.03476698,0.05200525,0.03197661,0.053497143,0.035680737,0.045106642,0.04633619,0.040118646,0.059163444,0.031432945,0.036033146,0.07261487,0.036680054,0.10311057,0.037518486,0.044213783,0.025873564,0.08004797,0.051985618,0.027282154,0.04587564,0.03806423,0.026594564,0.037534434,0.03967119,0.04621199,0.063677415,0.053674363,0.046926502,0.047764122,0.045140628,0.049633913,0.069315605,0.034285523,0.050014794,0.035274923,0.05491499,0.0575636,0.044496715,0.043155298,0.033066534,0.047456007,0.046769656,0.038239367,0.05060894,0.03352043,0.034931246,0.040106013,0.06455642,0.0777439,0.028540643,0.077815674,0.077612355,0.031238107,0.05881626,0.044913933,0.030835576,0.048925493,0.056815993,0.039962467,0.039090224,0.07661164,0.03129529,0.04688882,0.03723636,0.031168655,0.051909085,0.041106213,0.03979588,0.06307926,0.030982543,0.053099528,0.0423943,0.12668645,0.062137682,0.04815107,0.042299557,0.0341021,0.06894089,0.059647743,0.03980921,0.038868904,0.042204954,0.029337049,0.050629105,0.022435488,0.06171844,0.057800476,0.036880415,0.06587634,0.04433583,0.054823473,0.033513818,0.057028465,0.060205247,0.04654947,0.02870891,0.06596782,0.035839215,0.034824207,0.06657229,0.04100354,0.08458962,0.060737405,0.04106506,0.067307614,0.046705242,0.040813312,0.051082518,0.033003807,0.057452194,0.03026945,0.043466136,0.049988654,0.041604076,0.0613185,0.04625665,0.05098682,0.06876032,0.044885155,0.073962435,0.0,0.051015835,0.052085213,0.03960333,0.03704343,0.028643047,0.07461088,0.03265091,0.067332335,0.03529177,0.08031764,0.030407358,0.034105353,0.051698893,0.040264685,0.04403243,0.057061702,0.039968617,0.04711776
stir-fry,0.026624573,0.056588363,0.06784054,0.07762316,0.05514098,0.059152413,0.11303731,0.12699929,0.07085058,0.08503887,0.064684615,0.036468625,0.053361446,0.037922967,0.068951406,0.055609863,0.12473105,0.058612686,0.03725657,0.047248237,0.043649692,0.06256307,0.02898534,0.055834588,0.049537353,0.038945828,0.10880992,0.07351561,0.06950819,0.06886549,0.06282249,0.10797096,0.05598294,0.10086548,0.040973507,0.022890486,0.058721583,0.063477926,0.032110367,0.03760793,0.05722371,0.04341733,0.05069903,0.046555124,0.048075475,0.10421785,0.069132425,0.076472804,0.04848912,0.060397018,0.04843146,0.08466176,0.07668168,0.083111435,0.04623848,0.047028918,0.07463633,0.07192764,0.13829151,0.07164717,0.02683351,0.06070004,0.080664806,0.06781829,0.05601001,0.078930676,0.07486265,0.081561014,0.03005598,0.0438169,0.040407978,0.065760665,0.055528536,0.08367163,0.081195034,0.040638663,0.057099503,0.09437675,0.055979177,0.084224425,0.10302017,0.05347918,0.067797564,0.065187134,0.055104584,0.05394428,0.035569526,0.045985304,0.07853672,0.058359478,0.06794829,0.08977494,0.06705502,0.108542435,0.06416047,0.0711761,0.0718485,0.040392637,0.073223025,0.06201201,0.041755207,0.053792883,0.07939564,0.052612778,0.058210522,0.10138041,0.08384235,0.068025745,0.08032561,0.08032896,0.05671503,0.07608606,0.0808498,0.07299137,0.058022242,0.0540901,0.090602465,0.18369901,0.070091516,0.026846997,0.058702126,0.06970938,0.028351521,0.06333449,0.07396489,0.083327085,0.08542294,0.0974103,0.06839489,0.067351095,0.06651298,0.053993255,0.061050504,0.050727714,0.09111681,0.04670847,0.06413207,0.05297634,0.0700947,0.026823469,0.060022157,0.060227446,0.1029459,0.06004356,0.1293833,0.07307555,0.076039836,0.05833752,0.057625696,0.040530574,0.06271117,0.07877018,0.046502173,0.06334783,0.05829457,0.05036267,0.076444395,0.038708653,0.016897863,0.06326174,0.07898273,0.062955044,0.08656657,0.10366307,0.07262816,0.057048418,0.05276698,0.08712946,0.08849352,0.054437347,0.072777234,0.058738258,0.08147136,0.05820215,0.063380614,0.0769673,0.05689455,0.062038794,0.05792961,0.08674228,0.064402856,0.05695878,0.110958956,0.09780645,0.04296675,0.06488282,0.057957754,0.061478708,0.079046965,0.035644095,0.052085787,0.029897511,0.09245927,0.06669852,0.0783865,0.07537442,0.055486273,0.021256356,0.06650069,0.06939936,0.09991587,0.058848593,0.06118417,0.071357645,0.16107064,0.055097736,0.06083321,0.071305856,0.038052652,0.060531206,0.09325487,0.03922404,0.03779759,0.056412976,0.06216725,0.09103615,0.048726134,0.094520904,0.064800754,0.07581796,0.08377159,0.040399227,0.0696693,0.050828278,0.06500981,0.058278624,0.08031968,0.051245667,0.021597108,0.06157917,0.06040683,0.089673884,0.056845073,0.107044905,0.08033313,0.053418014,0.09010476,0.07800636,0.059389208,0.05616391,0.05893345,0.027055824,0.062000383,0.030465584,0.06003069,0.058415286,0.06041863,0.054145556,0.08153949,0.1039206,0.046638444,0.052268706,0.051015835,0.0,0.028298901,0.078429766,0.06398876,0.05284328,0.05595916,0.060880244,0.06624794,0.054604407,0.056234434,0.035701003,0.053244483,0.055286136,0.08098611,0.059052363,0.06531219,0.054471508,0.049289323
pan-fry,0.038157888,0.07288022,0.06570891,0.07725544,0.06113874,0.07435944,0.10430663,0.11689135,0.06947418,0.08235704,0.06972042,0.04707105,0.05943266,0.043824356,0.0720521,0.055152133,0.113361925,0.0628624,0.046114713,0.044900697,0.052474122,0.08057109,0.032717295,0.040593278,0.057015322,0.046994895,0.0971268,0.06327431,0.0732179,0.05640874,0.064124905,0.099571906,0.049365662,0.09240833,0.053977404,0.031295933,0.060366206,0.06706789,0.025233263,0.05246289,0.06912284,0.043746635,0.066506214,0.04111458,0.049714655,0.096855275,0.08169815,0.0729452,0.064596385,0.07925089,0.062019918,0.07501175,0.08201864,0.09691746,0.063116245,0.061924294,0.07091718,0.06615341,0.1264984,0.0728157,0.02037954,0.0769041,0.08518524,0.07111206,0.058644123,0.08583978,0.0910202,0.08061795,0.034818135,0.031369485,0.04450487,0.06742212,0.061346844,0.09123011,0.08073753,0.053427376,0.075116046,0.08649267,0.058560543,0.0950072,0.10242138,0.066068016,0.06450548,0.067816935,0.06590986,0.06055479,0.036063578,0.05692109,0.07228933,0.06819622,0.064279236,0.082006045,0.077105045,0.099414326,0.06957039,0.06722133,0.069813006,0.043927625,0.06965153,0.06757265,0.029156426,0.07023216,0.085129894,0.059392653,0.07429744,0.09478785,0.07622824,0.073001035,0.08031202,0.079255626,0.06676753,0.07574193,0.087018944,0.076340206,0.06349871,0.0656284,0.08523584,0.17441988,0.083948135,0.04011505,0.058634598,0.07085236,0.03262912,0.061575543,0.07379673,0.079335496,0.08639055,0.08344981,0.064264834,0.06892464,0.06423973,0.05613212,0.07644169,0.053496394,0.08569006,0.044846654,0.07440906,0.064514756,0.0673375,0.03922032,0.057378773,0.06292143,0.09698145,0.06185646,0.11233565,0.07002664,0.07339755,0.062387425,0.07597317,0.054966033,0.06858634,0.07833714,0.05642993,0.06520138,0.06419089,0.06513027,0.07745,0.05424969,0.025263777,0.07532311,0.08224038,0.07176157,0.08175918,0.09827261,0.073058724,0.07073859,0.05842873,0.08100094,0.09015135,0.068258666,0.07357234,0.055273652,0.081629574,0.070276804,0.065045275,0.08285203,0.06402759,0.06208129,0.05945471,0.09109344,0.08126489,0.06069973,0.098829105,0.10029583,0.047562983,0.08070563,0.06154446,0.06185134,0.070778094,0.05315741,0.064533144,0.029464569,0.09712297,0.068283685,0.080781154,0.072835796,0.04837494,0.025742775,0.07296963,0.06416798,0.092091925,0.06152164,0.073571585,0.07583745,0.14773434,0.07319483,0.073122695,0.071957864,0.04531175,0.08010255,0.082233,0.05478256,0.03039153,0.06854223,0.06410285,0.08630348,0.049865566,0.090383,0.0719513,0.07688728,0.08969519,0.056810737,0.08117995,0.06134858,0.079441614,0.0713075,0.07140103,0.057863746,0.030204544,0.061414536,0.06510979,0.092594564,0.07060057,0.108762026,0.08810587,0.058731068,0.092821814,0.07074321,0.068216555,0.07118125,0.06577458,0.039270446,0.06920547,0.024462868,0.0703659,0.07023023,0.07563768,0.06994367,0.07977675,0.09462564,0.060599215,0.06942284,0.052085213,0.028298901,0.0,0.07788919,0.07195952,0.056310963,0.0741552,0.06781677,0.08395304,0.062459312,0.07404835,0.044520866,0.06359505,0.07224177,0.07912109,0.0737193,0.079473644,0.06593071,0.06622176
turn,0.0674445,0.06971068,0.037238702,0.031438015,0.060081653,0.06437806,0.05981611,0.06788281,0.03964327,0.034390863,0.030938597,0.05866743,0.04732925,0.06234832,0.035474557,0.044419207,0.072045356,0.040256515,0.060390685,0.050942697,0.07730288,0.09059768,0.07337278,0.06381711,0.051613037,0.066570945,0.06159077,0.040554114,0.034476016,0.047929466,0.039617214,0.05318023,0.046282165,0.048899442,0.080662586,0.07478514,0.03877077,0.047581967,0.06791888,0.07311374,0.050570033,0.050762855,0.07256084,0.05591324,0.04786174,0.048859656,0.073350504,0.033617847,0.10295891,0.099327676,0.07077225,0.04473178,0.07456835,0.09571294,0.07948205,0.08884266,0.038529143,0.044136915,0.080684625,0.036323186,0.0813605,0.07802628,0.053942654,0.049418665,0.050595436,0.06294228,0.10811957,0.031608764,0.072282605,0.06884278,0.06281753,0.03624507,0.058817577,0.07625699,0.039115265,0.060487647,0.08065329,0.045733165,0.033726923,0.084921926,0.069194846,0.06783804,0.043691725,0.03805993,0.053806912,0.05172301,0.057505906,0.046206076,0.043782637,0.06710279,0.027501205,0.048252624,0.05859806,0.05286643,0.035695862,0.03531955,0.045583326,0.057179667,0.048576806,0.05075067,0.077695064,0.06685066,0.06538429,0.056884706,0.08174659,0.057244845,0.039762598,0.050649997,0.043442976,0.019987637,0.051917013,0.054505963,0.06731116,0.044147342,0.036836855,0.06878737,0.04216856,0.15265512,0.08090686,0.09287872,0.031746395,0.028269297,0.08971709,0.04273881,0.027377699,0.04111208,0.047171593,0.06032161,0.033340625,0.037411794,0.032186802,0.049745034,0.068638735,0.04959789,0.039485507,0.052574426,0.05941821,0.066220425,0.03451489,0.08824518,0.038451213,0.04033043,0.061467748,0.045138806,0.088827245,0.035655405,0.038704295,0.043239925,0.10811763,0.080524676,0.034633216,0.037736025,0.060620543,0.036072303,0.049514532,0.057747975,0.036844056,0.09108492,0.08155067,0.05969388,0.043346163,0.049028076,0.029307459,0.05286943,0.024998868,0.06998461,0.052728686,0.040533673,0.050042808,0.06505083,0.043673284,0.040717363,0.037950657,0.05965521,0.046346072,0.050927144,0.053657882,0.04324777,0.052379202,0.06898028,0.10364777,0.042009804,0.058765735,0.079031155,0.050381284,0.078248635,0.058658004,0.032001738,0.04650745,0.08543731,0.054973785,0.063771605,0.08367731,0.038499907,0.04311824,0.03301106,0.044756196,0.0808485,0.04988587,0.04077919,0.04312879,0.03216179,0.062970124,0.039730042,0.10292936,0.08739569,0.06626003,0.036813475,0.05933836,0.093165524,0.043966826,0.065704465,0.062390376,0.06372719,0.030964479,0.036130667,0.04388826,0.049958926,0.07412539,0.025572458,0.07424116,0.06506014,0.06074568,0.05267191,0.07315185,0.08293209,0.040428333,0.04475767,0.09409875,0.04273437,0.048490148,0.06868797,0.053849507,0.082505085,0.07035799,0.056170803,0.06961779,0.042674396,0.05622681,0.07450059,0.04511401,0.084254466,0.035864487,0.068117514,0.05855998,0.05354759,0.08398364,0.05970344,0.043552384,0.049089964,0.0681449,0.10240928,0.03960333,0.078429766,0.07788919,0.0,0.04959711,0.049777325,0.10177836,0.04736208,0.08373319,0.060946833,0.10679103,0.05688043,0.056702908,0.06459889,0.023633923,0.06461267,0.06660629,0.057329867,0.06836357
remove,0.05240319,0.0463749,0.047913723,0.053292744,0.05580932,0.043289553,0.087671936,0.103203945,0.052592166,0.06457407,0.033803057,0.045876376,0.044527777,0.057823315,0.048228208,0.043574393,0.10261679,0.04059023,0.042437945,0.049423296,0.059242636,0.063720025,0.059969135,0.07238373,0.040924184,0.056805834,0.09175457,0.06705004,0.047614347,0.06466299,0.040833637,0.084406875,0.05322581,0.075838506,0.060338818,0.059604466,0.042176012,0.0420227,0.05887449,0.050995972,0.040251046,0.04592292,0.047301814,0.05404355,0.041300334,0.08100522,0.052375507,0.055694606,0.07630423,0.07445719,0.047807723,0.07439581,0.06511231,0.07186267,0.055310547,0.06508281,0.052346524,0.058773708,0.11478015,0.039536748,0.07095354,0.04547901,0.056762483,0.050475575,0.04626417,0.05638076,0.08178782,0.05337549,0.06309508,0.06785562,0.053286992,0.041064687,0.048172843,0.06606948,0.054925848,0.042865835,0.05546224,0.07389932,0.03833519,0.06978434,0.07868421,0.03689934,0.04878523,0.046645325,0.038936358,0.037929673,0.051565126,0.036423255,0.05848323,0.049165037,0.046411652,0.06999009,0.04787293,0.087683454,0.04689756,0.051201336,0.05450906,0.04879559,0.057634756,0.046507925,0.07448305,0.037495058,0.06056205,0.04942166,0.058632914,0.078820474,0.06157903,0.0415422,0.049713053,0.046146058,0.04251374,0.057408724,0.058789108,0.057157144,0.040501915,0.047026597,0.06406266,0.17505617,0.05760815,0.07403801,0.03768216,0.047108054,0.07486156,0.05040818,0.043321908,0.059757154,0.05930739,0.08760189,0.051720235,0.0509694,0.050534006,0.046468057,0.04709443,0.0441409,0.06466033,0.053819552,0.028204942,0.04598399,0.051811945,0.069415174,0.04567416,0.047157828,0.08215565,0.045781437,0.12102248,0.048748802,0.056099366,0.03694406,0.07994826,0.05309513,0.033471856,0.055381116,0.040193472,0.036927193,0.044337068,0.04173935,0.056639645,0.07003364,0.06700824,0.04406578,0.052121416,0.052617002,0.061922334,0.07693786,0.043426074,0.048280485,0.04258713,0.07010898,0.061264526,0.044797625,0.05206014,0.051274702,0.05551009,0.04762574,0.0465999,0.052583452,0.031699885,0.04583635,0.048182447,0.06367496,0.07573661,0.036801524,0.092705354,0.0789756,0.043849673,0.041908946,0.050988983,0.041588176,0.06564679,0.061639134,0.041327324,0.05738012,0.07619412,0.0421354,0.050918788,0.047760583,0.051809162,0.066707805,0.042367704,0.054638993,0.07656018,0.04140356,0.05606456,0.04762576,0.13789852,0.05889158,0.037479736,0.054578256,0.046256788,0.06374719,0.076606385,0.04410697,0.058883134,0.040982556,0.035323855,0.060627874,0.039836735,0.07034201,0.059838634,0.041439038,0.06402789,0.047720198,0.057129804,0.031689256,0.043383732,0.052895855,0.06376522,0.037163455,0.07867902,0.046964686,0.029845977,0.0685182,0.03399164,0.085664034,0.056260906,0.04601871,0.06848417,0.06273698,0.04359226,0.04843012,0.03807682,0.06802217,0.033469424,0.06243429,0.056450445,0.041731823,0.05908558,0.04638659,0.05984686,0.08236399,0.04438034,0.075757734,0.03704343,0.06398876,0.07195952,0.04959711,0.0,0.039335024,0.07491721,0.031319372,0.059162274,0.038754314,0.0808215,0.04298038,0.034741417,0.052601065,0.04376588,0.036457602,0.05899577,0.040902767,0.043314796
dry,0.04215719,0.04715008,0.04072134,0.05158046,0.050685827,0.048814856,0.07965335,0.09867011,0.04322803,0.061544985,0.037389886,0.04124667,0.04177854,0.046857428,0.047308024,0.033881426,0.095697545,0.036864042,0.039685395,0.03697487,0.052531365,0.06717262,0.050508074,0.05791942,0.037316438,0.05093757,0.08087043,0.0555425,0.04523641,0.052454967,0.024452066,0.07509417,0.043605525,0.0736382,0.056332104,0.0496499,0.037213035,0.039333593,0.046421595,0.043875962,0.04233375,0.030600268,0.04585,0.036385596,0.030223114,0.073356256,0.050802954,0.050533883,0.07262043,0.075988345,0.048477042,0.06606571,0.063552566,0.07785059,0.055759568,0.059472572,0.051452007,0.04882583,0.11074733,0.04336824,0.05776162,0.051334564,0.056302477,0.045214187,0.040518142,0.059016604,0.07991139,0.051834363,0.05034201,0.053786572,0.04565595,0.03981614,0.045246553,0.06774795,0.052815564,0.043224078,0.060006183,0.0660235,0.034330342,0.07227804,0.07903784,0.036955323,0.038870487,0.042311106,0.038570043,0.028146517,0.03790136,0.03695768,0.048561994,0.04858192,0.041302223,0.060131676,0.050400257,0.079196416,0.048175752,0.04544988,0.03959587,0.04013995,0.048456088,0.03979237,0.05942424,0.04311673,0.060664076,0.04430098,0.059796605,0.073782265,0.045804072,0.046136554,0.047192425,0.04929957,0.040478617,0.05565203,0.061796233,0.056084603,0.040035766,0.040270075,0.06129073,0.17006233,0.05647996,0.06339665,0.033114593,0.046011824,0.0619403,0.03265804,0.046382885,0.056925092,0.059520256,0.07772801,0.045818247,0.04765862,0.04367004,0.029158942,0.054052617,0.027846277,0.057894632,0.042338897,0.04376645,0.0466952,0.048771344,0.05615414,0.03685656,0.044814017,0.076172635,0.043092422,0.11213121,0.03704477,0.0525102,0.03494661,0.07812244,0.048301686,0.03766828,0.050787527,0.03467127,0.03853969,0.04112175,0.04180273,0.054409716,0.063793756,0.054606076,0.048669267,0.052658044,0.051693723,0.057968702,0.075295866,0.039243042,0.052115884,0.033303656,0.06362632,0.062031813,0.045927152,0.041684877,0.041759778,0.054228656,0.049206637,0.040364902,0.054245107,0.024629265,0.034011792,0.04480957,0.066452205,0.0745921,0.03391183,0.08607013,0.07987627,0.03746405,0.055791136,0.04909642,0.040511966,0.049976733,0.055459093,0.042869482,0.041337248,0.0774671,0.042096954,0.052889075,0.047819503,0.040339265,0.05383072,0.04412219,0.045485668,0.070966065,0.03892956,0.05677958,0.047359563,0.13395935,0.06218052,0.045849033,0.050348144,0.034998488,0.06813138,0.06872263,0.043745607,0.039926644,0.047115855,0.03223379,0.059823755,0.035090048,0.06789279,0.06118781,0.04568874,0.06629308,0.045358755,0.059632666,0.036844652,0.05446619,0.059018075,0.053027224,0.035973534,0.06652346,0.043023482,0.03642267,0.06859461,0.044740148,0.08733293,0.06011154,0.04431808,0.06952358,0.050559536,0.046058647,0.053441644,0.04035513,0.057497755,0.03470209,0.046758916,0.054995418,0.044719983,0.058693476,0.048938062,0.05716157,0.07780946,0.047174215,0.07256284,0.028643047,0.05284328,0.056310963,0.049777325,0.039335024,0.0,0.07252457,0.03607404,0.06755485,0.039134957,0.07748654,0.037896294,0.039123636,0.054536372,0.04668857,0.04542839,0.06077386,0.042782906,0.04762835
warm,0.05546478,0.05186409,0.09420085,0.100519344,0.0788763,0.058371708,0.14199944,0.15791722,0.09643478,0.11416298,0.08101289,0.05801252,0.07724699,0.06870888,0.091010734,0.08379255,0.15609503,0.07661185,0.06175026,0.079375006,0.06414724,0.049578328,0.059099887,0.09547942,0.062348116,0.06864736,0.14089698,0.109447494,0.09088388,0.10343832,0.0829426,0.13705616,0.088323615,0.12953958,0.05378936,0.056486443,0.080499,0.08130627,0.069370374,0.054100536,0.06778151,0.07404977,0.040140107,0.07972899,0.074618444,0.1334658,0.06444757,0.100881204,0.028970398,0.056384824,0.049106,0.119390465,0.085874915,0.074202105,0.043911777,0.03933996,0.10210143,0.10032377,0.16902344,0.091510825,0.064933814,0.05158614,0.0939504,0.085961655,0.07919982,0.08656807,0.05071758,0.103366554,0.07098137,0.0810131,0.06795034,0.084802344,0.071145914,0.088607736,0.10161082,0.058572385,0.05151376,0.12388262,0.07745008,0.08386306,0.12035603,0.05803507,0.09331789,0.0867555,0.060451083,0.07027565,0.06836823,0.06696093,0.10692531,0.06656955,0.095398635,0.118541375,0.072952084,0.13992225,0.0895701,0.096507736,0.0965004,0.07064423,0.100063555,0.080831535,0.08058763,0.052811775,0.08974604,0.06918516,0.049562953,0.1263227,0.11203503,0.08124823,0.09876643,0.10226503,0.065607116,0.0939236,0.088992454,0.09728693,0.08037822,0.05791498,0.115693234,0.20853887,0.058417764,0.047317784,0.08390694,0.09231684,0.053712785,0.09017255,0.09670176,0.10785295,0.1017136,0.13326259,0.09725471,0.09272152,0.09507832,0.076740205,0.06233751,0.07391747,0.11779064,0.07952007,0.06896295,0.06087961,0.097903304,0.050547626,0.08798134,0.08711235,0.1279856,0.08417937,0.16732205,0.09811841,0.10075144,0.07568167,0.01941521,0.0467179,0.08046761,0.10028084,0.06120384,0.083016805,0.076725855,0.05904901,0.09893737,0.032897033,0.059490714,0.06487964,0.09469656,0.08338434,0.11333288,0.12878366,0.09456277,0.060026437,0.07265787,0.11822184,0.10481151,0.05990311,0.09479955,0.08950962,0.10086775,0.06911638,0.08518808,0.08942049,0.06879181,0.085788205,0.08130861,0.09767501,0.03676008,0.07737221,0.14455448,0.10980832,0.069248386,0.058130316,0.078080125,0.08806738,0.10846157,0.03206209,0.062057216,0.06706086,0.1006969,0.08618159,0.094835036,0.10008703,0.088575445,0.05382749,0.07861149,0.09705406,0.12722187,0.084672384,0.07644467,0.08688743,0.19353886,0.041174714,0.060775664,0.09429642,0.05977063,0.030807242,0.12576747,0.055086594,0.07464579,0.05639053,0.084490344,0.116428815,0.07391019,0.118705496,0.07414189,0.09474084,0.090555325,0.05733694,0.08240115,0.05964952,0.060597073,0.058227945,0.11171238,0.07330079,0.061308354,0.0867814,0.076096274,0.101970725,0.064107515,0.1201578,0.085706726,0.07421028,0.10310993,0.10861018,0.07078329,0.048556995,0.07492972,0.061327975,0.079040036,0.069906786,0.07923475,0.069813974,0.04362315,0.06488955,0.10488421,0.1354399,0.05445068,0.023184376,0.07461088,0.05595916,0.0741552,0.10177836,0.07491721,0.07252457,0.0,0.07410343,0.05753745,0.06256736,0.023731839,0.059336834,0.06109614,0.065524034,0.10479172,0.055649232,0.07597694,0.06373342,0.054303084
pour,0.05204056,0.047427934,0.035226215,0.046298098,0.05064706,0.044519827,0.08582178,0.09730992,0.04679648,0.058124438,0.030962937,0.043879006,0.036412545,0.05190351,0.042334873,0.035242233,0.09324326,0.032822076,0.04103414,0.040657885,0.056927435,0.06387499,0.057945583,0.066245206,0.032574713,0.054736104,0.082128175,0.059884857,0.03920096,0.058224108,0.031988174,0.077491745,0.045066003,0.07081797,0.058910277,0.057963695,0.03094008,0.034616392,0.055550247,0.04339396,0.03475271,0.037429284,0.04188911,0.045883134,0.03212472,0.07643081,0.05402346,0.047852814,0.07688229,0.075492516,0.044829093,0.06695961,0.054656904,0.07028458,0.055939764,0.061889645,0.046597168,0.04698528,0.1078816,0.027564025,0.06768877,0.051754635,0.04190292,0.039430007,0.03569879,0.043369707,0.07974963,0.044378065,0.06044682,0.06334963,0.048605397,0.03563326,0.039722815,0.053516198,0.042454194,0.0416511,0.056712497,0.06342588,0.03404127,0.05842664,0.066830456,0.046313863,0.036250386,0.036930457,0.037120424,0.03150865,0.047015943,0.03380839,0.04686088,0.040721912,0.041491386,0.0584357,0.037325498,0.08230375,0.04107438,0.043264292,0.054541256,0.043016087,0.045279685,0.026764965,0.06958102,0.041578937,0.046745446,0.036403384,0.057467822,0.06819451,0.056485757,0.036867823,0.042885352,0.043294948,0.03400798,0.045765035,0.04783769,0.04739522,0.032358963,0.03418299,0.056235943,0.16910276,0.05906183,0.072274014,0.03589528,0.04014021,0.07293054,0.048959732,0.039915204,0.05265441,0.047087643,0.07914521,0.04523539,0.04069372,0.04287524,0.047151323,0.04439568,0.044349894,0.057025827,0.047214113,0.04131496,0.044838898,0.047492273,0.065237634,0.03721559,0.038548846,0.07084453,0.037865873,0.114562154,0.04215081,0.04446784,0.029160088,0.08036862,0.052813604,0.029388318,0.04433039,0.030893654,0.031409133,0.038953174,0.038565286,0.047300473,0.069403104,0.06247296,0.04050162,0.041633777,0.04524605,0.056787457,0.06746612,0.037920848,0.04965309,0.039902233,0.05979421,0.047679406,0.041203775,0.051602624,0.043328308,0.04566797,0.03794349,0.035119403,0.039810866,0.030388448,0.031204885,0.044328917,0.05116362,0.07379408,0.02562719,0.08684006,0.06502863,0.037998725,0.05585609,0.04621889,0.03320183,0.05559221,0.060395207,0.03806919,0.053142298,0.06320044,0.03017851,0.039664652,0.03977852,0.04458205,0.064147376,0.03529369,0.046586823,0.069282986,0.037370313,0.046902634,0.04139026,0.13321489,0.059436075,0.047218446,0.044691544,0.038634486,0.06615746,0.07129112,0.042651538,0.050780386,0.039558917,0.033991832,0.052898306,0.03691406,0.058525953,0.057720937,0.03569371,0.051784247,0.043447427,0.048696652,0.025078798,0.055526603,0.058910627,0.05480257,0.02368701,0.076277725,0.039991166,0.03381549,0.054291178,0.035629738,0.072873585,0.04730111,0.04313535,0.05575285,0.051894076,0.04272962,0.04764021,0.035014022,0.064448945,0.036386203,0.056421477,0.04816005,0.03825875,0.05597597,0.041786827,0.047838245,0.07603612,0.045762006,0.076380365,0.03265091,0.060880244,0.06781677,0.04736208,0.031319372,0.03607404,0.07410343,0.0,0.06638811,0.03714158,0.08102596,0.039970927,0.03314184,0.048284568,0.044611633,0.034923233,0.053748265,0.039306678,0.03754451
note,0.054395836,0.04931907,0.08632241,0.09197474,0.074085236,0.052290995,0.13136505,0.14685151,0.08859763,0.101719454,0.06637663,0.06072416,0.072657116,0.07124358,0.08182731,0.07860363,0.14776963,0.07331109,0.06056638,0.078464404,0.06671391,0.05654228,0.068580434,0.09816544,0.06387141,0.063064404,0.13497771,0.102643624,0.08195211,0.100344144,0.078688145,0.1277731,0.08575718,0.1188612,0.05759631,0.06358777,0.07437113,0.07552217,0.07573285,0.060984015,0.06075954,0.0746142,0.05072617,0.08283775,0.070484616,0.12336886,0.061598256,0.09559317,0.060048915,0.06018258,0.054615423,0.112976044,0.08629112,0.06830608,0.049088422,0.060714494,0.092783205,0.09387563,0.15864307,0.0808602,0.07873724,0.04547801,0.08821594,0.07717449,0.07517577,0.082863994,0.068528615,0.09215664,0.07437364,0.08653143,0.06917185,0.07837988,0.069962524,0.086620316,0.09465637,0.048514064,0.045891684,0.11509418,0.069709376,0.08325436,0.1127635,0.04544697,0.08834804,0.077595875,0.05891372,0.06464461,0.07213333,0.05752724,0.10072972,0.06001807,0.08486205,0.1124358,0.06887822,0.12959751,0.075384125,0.09211906,0.08889773,0.06974752,0.094486155,0.07779261,0.089498185,0.04389834,0.08650418,0.07115436,0.05740984,0.11827415,0.10383902,0.07474112,0.089749984,0.08613587,0.06429029,0.09057918,0.08341289,0.08829386,0.07174542,0.062842,0.10687119,0.2037923,0.060437545,0.06771179,0.06977336,0.082683645,0.0749851,0.08205961,0.0814446,0.095796704,0.09574698,0.12717983,0.08747239,0.08473806,0.08565108,0.07043319,0.05168589,0.069550484,0.10817985,0.07940973,0.05336251,0.050607353,0.083453536,0.06849135,0.0832963,0.07896263,0.11944021,0.073451065,0.16143973,0.08989815,0.09135715,0.07131337,0.05930986,0.052638944,0.06852582,0.09340261,0.060165834,0.073866576,0.07291891,0.05287998,0.091224335,0.06121339,0.07138274,0.06081025,0.087720826,0.07464754,0.10107709,0.11854561,0.08029689,0.051951054,0.06923539,0.11009583,0.09792195,0.058474734,0.087541796,0.08572619,0.09423147,0.066027515,0.080136225,0.08184967,0.06224337,0.078619,0.07150628,0.09229076,0.061871547,0.07095352,0.13389754,0.105668984,0.06568132,0.041160803,0.07075516,0.07561049,0.10339363,0.05498132,0.05375504,0.07376027,0.09882463,0.07998005,0.08736776,0.09038504,0.08572753,0.06825684,0.070716396,0.09207744,0.11890783,0.071453355,0.07180092,0.07807249,0.1823382,0.047360055,0.051154166,0.088662244,0.065191336,0.039622743,0.11577948,0.04843508,0.0815745,0.054037143,0.07361957,0.10485378,0.068408705,0.10804435,0.06639353,0.08299113,0.08841902,0.05473282,0.075657055,0.054478657,0.042447817,0.053086404,0.10444205,0.0659238,0.076649204,0.07828911,0.066598624,0.098166466,0.052442566,0.114850074,0.0798157,0.0654342,0.097887576,0.10107016,0.06063432,0.050075665,0.062417664,0.07153588,0.058835395,0.07939931,0.0737638,0.056194745,0.056587808,0.055636473,0.09589206,0.12338504,0.048346024,0.058489006,0.067332335,0.06624794,0.08395304,0.08373319,0.059162274,0.06755485,0.05753745,0.06638811,0.0,0.06051086,0.061749108,0.058814544,0.054978274,0.058696713,0.08728081,0.047303285,0.06998129,0.05509635,0.049111918
top,0.046947066,0.045814432,0.05544219,0.06057913,0.05274865,0.04388996,0.09931251,0.11134005,0.058552086,0.07494333,0.041254587,0.041618347,0.042657427,0.05443387,0.054725803,0.046699375,0.1112637,0.04489174,0.038667683,0.046830725,0.045257315,0.05942839,0.05263791,0.06824936,0.03621304,0.050402682,0.09832283,0.07130897,0.053731162,0.061713226,0.04693122,0.093626976,0.05241081,0.08454844,0.04641085,0.051506285,0.04589356,0.043624822,0.050052967,0.044698045,0.041517623,0.044088744,0.039610296,0.05133639,0.039560568,0.09062161,0.052161504,0.062290464,0.06123038,0.06625666,0.03629018,0.07987747,0.06495622,0.062782966,0.0519485,0.052148268,0.05913382,0.06053141,0.12231094,0.04637047,0.0603659,0.04569161,0.060424607,0.053376146,0.044996496,0.058995515,0.071383126,0.060956404,0.056479122,0.05814226,0.045186143,0.046251584,0.041539088,0.06652381,0.059560042,0.042861998,0.049476612,0.07980192,0.043034304,0.06873133,0.08494682,0.036672313,0.05296201,0.049351238,0.03656702,0.04137455,0.048354197,0.03806086,0.064205885,0.04195912,0.052189365,0.07482992,0.04818601,0.09654034,0.054217238,0.05812699,0.05873047,0.042802256,0.06185725,0.04956953,0.065621264,0.039651304,0.06202671,0.046410337,0.0557467,0.084363125,0.068535246,0.034619395,0.05748752,0.058942508,0.04169086,0.058279324,0.059056077,0.062452976,0.04793658,0.042017054,0.065463655,0.1780685,0.054650716,0.06342188,0.04439194,0.053214036,0.063138604,0.054521177,0.055248227,0.061290275,0.06559835,0.09059263,0.05905774,0.057966284,0.056758624,0.04589012,0.043528177,0.043495726,0.07518685,0.052769855,0.03750598,0.037442073,0.056571778,0.059079792,0.05018884,0.050325673,0.08665209,0.04467469,0.12728903,0.057377417,0.05893458,0.032382287,0.06691154,0.048423886,0.042250197,0.061813556,0.031569727,0.037762232,0.04344546,0.040179994,0.063751124,0.06015234,0.057100818,0.044018086,0.05919349,0.055646148,0.072444774,0.08588941,0.053289883,0.0472167,0.041403722,0.076221906,0.06802358,0.03470582,0.0573955,0.052371576,0.06268301,0.048194785,0.047962017,0.05733444,0.039832752,0.047035206,0.04310088,0.066591114,0.06302782,0.0407412,0.1006624,0.081060134,0.03987382,0.047308397,0.044661842,0.04810912,0.06856611,0.05161686,0.0403829,0.051700205,0.0767144,0.04340314,0.057151463,0.055236958,0.050941676,0.05590436,0.044291094,0.0572598,0.08306022,0.04756979,0.05722043,0.053445075,0.14792116,0.04652179,0.033936806,0.060379673,0.04251018,0.054900456,0.082564004,0.03697476,0.05451756,0.03671874,0.044838957,0.07048614,0.03769181,0.07476851,0.04811726,0.052909315,0.0656402,0.04448434,0.05954573,0.03154044,0.044320393,0.042288054,0.06847539,0.038660638,0.068425365,0.0481751,0.03325956,0.07178014,0.040399373,0.08977947,0.057808213,0.039523073,0.07160635,0.06729143,0.045514032,0.04189199,0.041065555,0.058866158,0.043506496,0.056997474,0.057682514,0.0430239,0.050837606,0.047700528,0.06599623,0.09074898,0.04169513,0.06129397,0.03529177,0.054604407,0.062459312,0.060946833,0.038754314,0.039134957,0.06256736,0.03714158,0.06051086,0.0,0.068822004,0.036724996,0.025439689,0.051738348,0.060257867,0.031333406,0.05907217,0.042668875,0.0410547
heat,0.056608573,0.058407255,0.09875244,0.1057768,0.081730224,0.06462081,0.14587437,0.16282788,0.10185663,0.11844167,0.087670185,0.058451887,0.08282742,0.0695086,0.095665924,0.08716874,0.1603698,0.08193639,0.065918036,0.0819319,0.060703322,0.05590927,0.061190885,0.09559329,0.0696991,0.06635784,0.14515343,0.11164694,0.0967894,0.107192025,0.08832657,0.14169827,0.093208835,0.13388994,0.053836435,0.05681135,0.08627198,0.087238945,0.07203879,0.060953587,0.07490161,0.07719764,0.049633283,0.0825387,0.07808897,0.13812198,0.0713437,0.10552179,0.029710472,0.058434263,0.058320004,0.122453466,0.09409662,0.07925783,0.049169432,0.04680766,0.10656203,0.10581681,0.17325719,0.09807204,0.064412214,0.05847374,0.10136179,0.09208229,0.08323816,0.09479237,0.056264706,0.10895477,0.07132717,0.081744745,0.069490954,0.08995603,0.074292056,0.097542986,0.10834254,0.06357992,0.057293795,0.12749062,0.08319996,0.09292214,0.12813643,0.06195927,0.09795266,0.092430905,0.066614345,0.07464399,0.06997902,0.07168849,0.11072055,0.067748785,0.10050292,0.12291386,0.07971602,0.14400291,0.0941211,0.101683676,0.10018419,0.071778595,0.103454694,0.0870812,0.080218896,0.05629109,0.098064795,0.07719321,0.056366093,0.13274759,0.116455615,0.08683264,0.1059345,0.10756298,0.07103102,0.10087282,0.09696924,0.10272262,0.08684927,0.063176766,0.12074834,0.21083058,0.065775566,0.043895196,0.08835584,0.09660606,0.05102053,0.09291493,0.10153641,0.11147967,0.10858759,0.13606018,0.101865105,0.098718286,0.099627376,0.07979262,0.06971513,0.07710879,0.12266064,0.08195065,0.074975915,0.060892448,0.09922093,0.04979669,0.091038495,0.0912817,0.133872,0.08661152,0.17023498,0.102622524,0.10485868,0.0823811,0.02205923,0.048884965,0.08673219,0.10596125,0.06535876,0.08922073,0.08196652,0.06581306,0.10423018,0.03265266,0.060776647,0.07062228,0.101211,0.08924029,0.11743809,0.13471599,0.10097145,0.066512585,0.076771565,0.12222169,0.11187965,0.067618914,0.09933765,0.09475164,0.10744905,0.07643711,0.09041208,0.09669846,0.07405565,0.089728065,0.081165954,0.10583978,0.046510182,0.08403708,0.1488109,0.117812015,0.07230933,0.063827634,0.07797411,0.09202076,0.11206778,0.03432448,0.066172585,0.067080095,0.109193206,0.09309578,0.10107217,0.10661904,0.091520675,0.053531926,0.08485672,0.10160345,0.131875,0.08703182,0.0826925,0.091888785,0.19707331,0.046929188,0.06596465,0.099643745,0.062871754,0.040441014,0.12982076,0.05847854,0.07661195,0.066202305,0.088429324,0.121922426,0.07958764,0.12365475,0.0736348,0.1007514,0.099425934,0.06106599,0.08918887,0.066481344,0.064658865,0.057270344,0.11574077,0.079234935,0.0586893,0.090371504,0.08022546,0.110313095,0.07033913,0.12834844,0.09434812,0.0737898,0.111025274,0.11183989,0.07693674,0.058894966,0.08045889,0.06467893,0.08485026,0.070439056,0.084712334,0.075205095,0.05422967,0.07081491,0.11085153,0.14004345,0.059539173,0.023736209,0.08031764,0.056234434,0.07404835,0.10679103,0.0808215,0.07748654,0.023731839,0.08102596,0.061749108,0.068822004,0.0,0.06168133,0.06856392,0.071430214,0.11005322,0.06384079,0.0822648,0.06932208,0.060494162
cook,0.03140272,0.044136733,0.04833202,0.05620599,0.043272354,0.044726834,0.09601908,0.109042145,0.054642875,0.066752434,0.042067517,0.02746206,0.03850987,0.035485722,0.049392305,0.041336093,0.10802157,0.0385705,0.03030981,0.036029425,0.03748533,0.058418646,0.038296513,0.05025714,0.034328505,0.0360891,0.0930989,0.06069704,0.050510444,0.054884493,0.04247617,0.090139166,0.045365844,0.08125055,0.039535586,0.034592073,0.0371101,0.044074584,0.034770768,0.039417557,0.037215255,0.030139802,0.041413166,0.04136039,0.03236982,0.08665246,0.05276617,0.057711817,0.055648297,0.06332906,0.04061291,0.070089534,0.06730979,0.0744578,0.043371722,0.047826916,0.056333665,0.056750488,0.12007111,0.049656987,0.039392993,0.049138226,0.062219504,0.052006636,0.039894994,0.062417656,0.07133504,0.060588308,0.041964103,0.04055418,0.032440133,0.04314305,0.04004622,0.07128557,0.061442535,0.03076398,0.04517119,0.075987324,0.0369263,0.0734597,0.087545484,0.04183365,0.050171044,0.045447074,0.03615191,0.033619523,0.030909887,0.026970193,0.060698938,0.042041298,0.048882972,0.07323792,0.048738126,0.09074707,0.044788707,0.05095543,0.055866845,0.03181846,0.05680181,0.046685405,0.04470206,0.036669653,0.06523779,0.04132506,0.051981352,0.08437618,0.06585019,0.04762652,0.06102388,0.057650015,0.03686744,0.060001455,0.06554518,0.055785183,0.04080347,0.040327236,0.07019742,0.1730438,0.055996288,0.046708986,0.03731874,0.04755109,0.044538453,0.04762577,0.050578,0.062908515,0.0662778,0.083164446,0.048536267,0.049942534,0.049447786,0.0400301,0.047910742,0.03648792,0.07113003,0.035641667,0.045843817,0.03705754,0.049245074,0.04601096,0.04097361,0.042705525,0.087189995,0.040736344,0.11753222,0.052132685,0.05543799,0.038598042,0.06259441,0.040303122,0.037367932,0.059327293,0.032316938,0.0398921,0.040179305,0.037300967,0.057630975,0.04698996,0.041731045,0.045930475,0.0589185,0.048557192,0.06510641,0.08555527,0.052117564,0.040809568,0.036216624,0.06895503,0.06926003,0.040907092,0.055002533,0.04441747,0.06151624,0.044791307,0.04609164,0.058740236,0.037687734,0.04376822,0.038737066,0.07200702,0.06513935,0.038123056,0.09523304,0.0849218,0.028806025,0.052243087,0.041308492,0.041530706,0.063264966,0.03876804,0.033940736,0.03132434,0.081840284,0.046255972,0.057828832,0.055246606,0.040330596,0.03724201,0.047732823,0.05330742,0.080611594,0.036673844,0.050328854,0.051120333,0.1441276,0.046724018,0.04460713,0.05291738,0.02403298,0.05709554,0.0768091,0.026001696,0.03731296,0.041570235,0.041241713,0.068538606,0.032416858,0.07530426,0.050527122,0.051429767,0.071257025,0.033914186,0.05580363,0.032350503,0.05176145,0.04781238,0.06362997,0.032865364,0.051701806,0.043939948,0.039417475,0.074793175,0.038693555,0.09352479,0.06628364,0.03728681,0.07553389,0.06151755,0.037518498,0.046041477,0.034576796,0.048231922,0.040357094,0.0364879,0.04895681,0.040897947,0.05115713,0.03968997,0.063981265,0.086478606,0.031732455,0.056922793,0.030407358,0.035701003,0.044520866,0.05688043,0.04298038,0.037896294,0.059336834,0.039970927,0.058814544,0.036724996,0.06168133,0.0,0.036332075,0.04582248,0.05884939,0.040762443,0.054499738,0.03394934,0.03790167
place,0.04430734,0.040222727,0.054103225,0.056808077,0.052533466,0.035666555,0.099698015,0.11056576,0.055871814,0.07175067,0.03352223,0.038417134,0.035257366,0.051669683,0.050192043,0.047373295,0.11125501,0.03987805,0.038679942,0.048264794,0.05113501,0.05391862,0.05224061,0.0708761,0.031677447,0.05178433,0.098889664,0.07126479,0.04917385,0.06410751,0.04550558,0.09337775,0.051386483,0.0854739,0.049513523,0.051554058,0.041719925,0.04080669,0.052153632,0.042957857,0.032394353,0.044647176,0.03453139,0.04996448,0.042434797,0.089396246,0.051932294,0.05976288,0.06296421,0.06577673,0.033295225,0.07882583,0.05902418,0.05730579,0.045982692,0.0511085,0.058376126,0.057902094,0.12430704,0.042994678,0.06288786,0.04215127,0.054394115,0.04690871,0.04730906,0.05140211,0.072339036,0.056233875,0.05604168,0.06164281,0.04639875,0.04451749,0.046518765,0.059088368,0.05586159,0.037566997,0.04543783,0.08152029,0.03723763,0.060463604,0.079237245,0.039781615,0.053090684,0.045323595,0.03196064,0.039469864,0.047132775,0.032810878,0.065032,0.042467505,0.049703307,0.07571596,0.041709214,0.09621232,0.04887825,0.05635054,0.058367655,0.045370217,0.06438745,0.043596555,0.06889734,0.034446716,0.05451376,0.03887435,0.049468376,0.08151663,0.06958375,0.035943206,0.05300668,0.055125587,0.038346652,0.055622067,0.051455468,0.05762282,0.040112395,0.041437395,0.07005314,0.17931359,0.054778468,0.06379214,0.044441286,0.050428886,0.06482028,0.054611865,0.05307751,0.060307957,0.05980334,0.09349331,0.05772887,0.05207115,0.053674385,0.04600538,0.03266097,0.044950057,0.07406109,0.052630037,0.038436692,0.0363662,0.056289136,0.057442714,0.0504338,0.04955442,0.08320853,0.048758008,0.1285177,0.057593204,0.05821389,0.028141879,0.06709744,0.048142985,0.03634306,0.057450943,0.03199735,0.03821797,0.04081898,0.033162586,0.05949084,0.058920357,0.056329645,0.03701565,0.053992458,0.049358778,0.071329296,0.0829283,0.049172003,0.04176589,0.04114655,0.07585701,0.062129814,0.028117174,0.05712523,0.051122893,0.057964627,0.03829487,0.0459663,0.050139107,0.038806576,0.048639588,0.049421307,0.059790894,0.06149983,0.033281475,0.10105577,0.07491206,0.04025626,0.046189822,0.045378644,0.044810787,0.07093949,0.051131066,0.033468615,0.051439464,0.06979423,0.0414948,0.052025713,0.051038157,0.05287561,0.056467496,0.039115936,0.055804994,0.082054965,0.04402136,0.049763847,0.048468985,0.14835918,0.04587961,0.037266858,0.056586683,0.04109815,0.05092459,0.08355275,0.03517468,0.054627474,0.029058767,0.042532086,0.06949277,0.034871854,0.07311115,0.049573936,0.0473583,0.058660276,0.039109763,0.050861552,0.027414989,0.045722883,0.048566166,0.06847562,0.033677492,0.06801485,0.050798435,0.039346613,0.06557231,0.029523298,0.08382101,0.05000828,0.041584678,0.06576645,0.06955592,0.040626988,0.035659313,0.03836441,0.057862416,0.03901787,0.056830406,0.050506704,0.03537626,0.047488634,0.038956214,0.0617063,0.09038793,0.0376186,0.06258439,0.034105353,0.053244483,0.06359505,0.056702908,0.034741417,0.039123636,0.06109614,0.03314184,0.054978274,0.025439689,0.06856392,0.036332075,0.0,0.04423157,0.05779247,0.023504376,0.050199192,0.03615187,0.032579236
stir,0.05074647,0.0418749,0.0630995,0.061019443,0.050065104,0.03835024,0.10836365,0.118460864,0.0640271,0.0696226,0.051329106,0.045546185,0.042095955,0.048674345,0.05059602,0.06071812,0.1211746,0.048286404,0.05159775,0.06073968,0.063672334,0.0502621,0.05902919,0.0788838,0.04807291,0.05514669,0.107137516,0.07910311,0.049720716,0.077988945,0.056487355,0.09959588,0.06362184,0.09754486,0.055688106,0.059516102,0.050032027,0.054909404,0.06441774,0.051894173,0.031626984,0.055884056,0.044179007,0.063112974,0.05464716,0.09501475,0.05850235,0.068145566,0.068641655,0.059838757,0.051243342,0.08436048,0.06866287,0.06958553,0.045626584,0.057835557,0.07095646,0.072204515,0.13344595,0.061064057,0.07077084,0.051473107,0.061808057,0.057779856,0.05907162,0.058579754,0.07524093,0.066892125,0.06292936,0.072510235,0.05154066,0.056288086,0.053527474,0.06588268,0.06630156,0.038265098,0.046260983,0.088630505,0.046078302,0.06558525,0.08714729,0.053125616,0.068142004,0.050755057,0.03999717,0.05065368,0.056913905,0.036064852,0.07818948,0.053688,0.062502064,0.08795455,0.045583352,0.10188153,0.04197471,0.06675708,0.068192534,0.05639217,0.0741037,0.04773074,0.0767473,0.043147344,0.06154365,0.045564424,0.048200715,0.09277871,0.08203966,0.056698572,0.066688895,0.06693224,0.03987171,0.06760969,0.062778026,0.05303092,0.0419262,0.05065061,0.08296447,0.18494432,0.060803156,0.06728491,0.05637639,0.055640344,0.07104779,0.06411946,0.061333038,0.07474285,0.06628974,0.10396372,0.06475074,0.05104862,0.060312737,0.057470042,0.039297942,0.056414656,0.082534656,0.059924778,0.051733144,0.049702447,0.067561455,0.06446248,0.062127113,0.051172115,0.09455508,0.0595529,0.13671118,0.06898536,0.067605235,0.0480075,0.07080943,0.05730139,0.045294017,0.06477853,0.04674888,0.05571019,0.04730424,0.032148633,0.057645664,0.06165139,0.06283311,0.04368699,0.0570463,0.030278306,0.077786125,0.091029234,0.060599588,0.046834864,0.05172044,0.079940915,0.068607,0.035566214,0.06329389,0.05963648,0.06495168,0.0353157,0.056559604,0.055661466,0.052946948,0.060815692,0.061941102,0.071681686,0.06845855,0.05042764,0.10865795,0.083338864,0.05004415,0.055791967,0.0600987,0.05732787,0.08104763,0.05470521,0.03828511,0.059184868,0.07926394,0.057413194,0.06072421,0.067327574,0.06654034,0.06384409,0.050376,0.06805474,0.09085644,0.051411733,0.03267416,0.051174987,0.15609698,0.054826245,0.05086114,0.056394543,0.048228703,0.058929212,0.09248685,0.04168496,0.062353984,0.048104156,0.05560362,0.081109434,0.04986876,0.083556965,0.063923575,0.05975291,0.06932874,0.03162695,0.035501413,0.04216605,0.0543419,0.06244785,0.081250966,0.042900022,0.072697215,0.06138122,0.055827897,0.074822396,0.03339426,0.0903446,0.06264451,0.056536615,0.076075636,0.07871804,0.04788679,0.05039134,0.04802554,0.064008854,0.04465244,0.064317405,0.03545325,0.035763703,0.054895587,0.021738363,0.07022675,0.09914369,0.045080915,0.06771291,0.051698893,0.055286136,0.07224177,0.06459889,0.052601065,0.054536372,0.065524034,0.048284568,0.058696713,0.051738348,0.071430214,0.04582248,0.04423157,0.0,0.06987594,0.042850666,0.032288853,0.040902216,0.03720548
take,0.0700532,0.07157775,0.03402699,0.03518497,0.062601715,0.06791432,0.053030428,0.06499216,0.037753478,0.03654809,0.035576843,0.062260795,0.049187724,0.065063685,0.040436536,0.043232717,0.06712925,0.04277846,0.06023106,0.050870433,0.07783375,0.09242635,0.07460774,0.064895324,0.05371206,0.0701623,0.057899714,0.04182943,0.038855657,0.04705419,0.036098298,0.048636075,0.045442108,0.0445246,0.0825533,0.07665528,0.040026966,0.045718633,0.06791815,0.07287564,0.054245207,0.050486345,0.07433357,0.054177582,0.046961192,0.04506698,0.072002895,0.035376806,0.10493733,0.10175262,0.07168783,0.045084834,0.07442483,0.09670995,0.08121694,0.08965821,0.03595429,0.043611865,0.07733001,0.03243523,0.08272436,0.077426985,0.05578495,0.05079952,0.04950373,0.06392999,0.108707905,0.03408774,0.07371061,0.07025179,0.06546779,0.037215073,0.059739463,0.07629079,0.039278425,0.0629238,0.08311021,0.042938832,0.037953265,0.085802294,0.06757095,0.065992855,0.03838049,0.041278232,0.057592142,0.050144613,0.058726046,0.04955899,0.037319053,0.06835424,0.029186767,0.042987462,0.0618515,0.049657714,0.040901683,0.03445162,0.04221521,0.058199737,0.0450672,0.049654033,0.07872973,0.0677343,0.06595941,0.05856681,0.08362445,0.0548882,0.032111377,0.049913894,0.037755184,0.0215586,0.05505098,0.05358618,0.06684589,0.046510227,0.039647408,0.068584874,0.03816772,0.1523026,0.080095574,0.09514655,0.03103914,0.032831024,0.09175345,0.039910648,0.024972275,0.041616205,0.048520364,0.057681955,0.03325783,0.038792152,0.034049395,0.04895315,0.07037978,0.048019953,0.03325507,0.054059315,0.057030626,0.068505056,0.03692556,0.08943457,0.03711728,0.042750936,0.060138118,0.045996837,0.086460374,0.029925259,0.04028931,0.043542374,0.11063288,0.08042276,0.036451057,0.04045621,0.059991125,0.034643997,0.049802866,0.061007567,0.040781476,0.09397886,0.08299697,0.06294832,0.04511215,0.05438615,0.030331813,0.050663017,0.023815753,0.07165613,0.05129727,0.03994531,0.050827928,0.06669011,0.039736982,0.040191088,0.04032662,0.06265815,0.045278013,0.053643078,0.04942821,0.041448727,0.053621307,0.06754332,0.10479992,0.040730324,0.055830605,0.078427985,0.05223765,0.07650603,0.06038352,0.03361056,0.04305013,0.08715298,0.058906313,0.06532432,0.08250863,0.037378274,0.044600215,0.02856427,0.04277548,0.082824476,0.050989974,0.037833225,0.043839246,0.0361647,0.0660318,0.04485838,0.09989932,0.08898215,0.066058084,0.040651895,0.061083883,0.09602798,0.042010285,0.0673565,0.0620415,0.06391105,0.030707585,0.029754002,0.045197777,0.04873496,0.076985575,0.027276073,0.07336856,0.06818895,0.06420741,0.05329541,0.07397269,0.08310692,0.036637507,0.045129992,0.09585117,0.04339651,0.04606053,0.0681881,0.056890994,0.08152247,0.06825456,0.05820671,0.068295635,0.039281365,0.058045525,0.07489161,0.046508167,0.08525934,0.03709202,0.06917274,0.061872616,0.056872655,0.08546292,0.06343883,0.043861233,0.046522323,0.069355786,0.10490507,0.040264685,0.08098611,0.07912109,0.023633923,0.04376588,0.04668857,0.10479172,0.044611633,0.08728081,0.060257867,0.11005322,0.05884939,0.05779247,0.06987594,0.0,0.065068744,0.07055811,0.05973363,0.06927512
put,0.048809092,0.034013312,0.060384404,0.06451888,0.055800077,0.033107534,0.10867139,0.12122717,0.06569171,0.07949499,0.041377738,0.044157118,0.04621984,0.058024663,0.05697812,0.054958936,0.12101884,0.04525912,0.04410486,0.05665627,0.054908704,0.049206734,0.058479637,0.081208825,0.03796477,0.056151107,0.10875301,0.08180806,0.056108736,0.07752412,0.050447404,0.102171235,0.06336609,0.09461303,0.05100374,0.057520755,0.049175926,0.048761316,0.062378444,0.044542678,0.034361027,0.05278017,0.030499628,0.060526885,0.04741944,0.099205635,0.043973334,0.06856042,0.06102924,0.060842313,0.033824988,0.08973251,0.06480408,0.056451324,0.04359759,0.050494786,0.06718683,0.06976692,0.13299902,0.05026012,0.07047237,0.035543624,0.05936385,0.054623898,0.051387385,0.054734256,0.062210683,0.06487636,0.06435845,0.07209297,0.052637286,0.052291982,0.046114597,0.06296348,0.06460885,0.03914075,0.03874065,0.08885669,0.046323825,0.06112459,0.08694387,0.037655715,0.059936993,0.05333889,0.033244755,0.04078034,0.054926984,0.03731429,0.0730219,0.041737944,0.06078647,0.08399514,0.042179123,0.105807446,0.05460716,0.06548817,0.068301864,0.051403772,0.069064334,0.048674244,0.0776393,0.02692694,0.060223483,0.046041116,0.045956492,0.09196603,0.07878435,0.043979585,0.061430383,0.06281564,0.036068577,0.064454146,0.05733104,0.063304156,0.047338814,0.035779685,0.07741659,0.18705988,0.045636456,0.06594391,0.051048934,0.05796536,0.07014671,0.06357347,0.059455555,0.071413815,0.06746656,0.103540815,0.064769566,0.059357334,0.06210547,0.054632377,0.030730536,0.052753724,0.081738554,0.06082856,0.038209848,0.038274806,0.06518283,0.061306693,0.05858669,0.05510413,0.094111964,0.05215518,0.13965595,0.063695714,0.06587999,0.040014714,0.062028762,0.04640442,0.04030945,0.06555417,0.035108257,0.046040423,0.047873043,0.03294541,0.06577913,0.058865953,0.063337706,0.036886178,0.060002808,0.053423464,0.077821426,0.0924626,0.057326593,0.038575817,0.04685665,0.08425062,0.06898673,0.03312699,0.06523036,0.061794154,0.065559074,0.040978123,0.053047314,0.054857727,0.039560705,0.053646628,0.05392825,0.06604086,0.05624352,0.04174674,0.111059055,0.08141714,0.047817193,0.039481673,0.052178305,0.05364928,0.07854637,0.04924398,0.035604633,0.058814704,0.07532217,0.050117366,0.05911141,0.06101787,0.063281,0.062611744,0.045162953,0.06600238,0.09257893,0.05231521,0.05186868,0.05386359,0.15821655,0.03988593,0.0368327,0.06306443,0.04465708,0.042997885,0.09402712,0.037037324,0.063150525,0.02917184,0.050145455,0.07603227,0.04613839,0.08181425,0.054069817,0.05435857,0.06336521,0.03929256,0.053611934,0.027529273,0.041032206,0.04685502,0.07926951,0.03907767,0.07366941,0.05595682,0.043025255,0.07131055,0.029248957,0.09028173,0.054420713,0.04773638,0.07218183,0.076817475,0.041434653,0.03242771,0.040628053,0.06330398,0.04255443,0.064717166,0.054066207,0.037947968,0.040862706,0.037381977,0.07095722,0.0999415,0.035168108,0.059372775,0.04403243,0.059052363,0.0737193,0.06461267,0.036457602,0.04542839,0.055649232,0.034923233,0.047303285,0.031333406,0.06384079,0.040762443,0.023504376,0.042850666,0.065068744,0.0,0.051616326,0.03471981,0.030030083
mix,0.061419163,0.052884996,0.06611813,0.05907037,0.0627879,0.046770837,0.10529155,0.11377907,0.061000854,0.066517115,0.05518013,0.054566234,0.040566776,0.053091228,0.05425328,0.06631463,0.117792316,0.052381206,0.060759075,0.0670529,0.07440434,0.061486766,0.068785444,0.08388572,0.053882122,0.06882037,0.106341735,0.0805841,0.052367754,0.07989684,0.06121113,0.097726576,0.066154905,0.0962797,0.06864459,0.06982223,0.05321499,0.058242716,0.07115802,0.060869142,0.03642828,0.062499832,0.054553024,0.068049476,0.06282311,0.09008746,0.065946355,0.06837011,0.07899268,0.07518394,0.05877574,0.082562014,0.07067831,0.07354364,0.056618627,0.06553284,0.07261947,0.07296704,0.13032202,0.06258025,0.07851971,0.06076001,0.06349623,0.06001107,0.065231666,0.059526645,0.083863795,0.066475116,0.07067592,0.07885367,0.062355667,0.05889188,0.061901,0.066767894,0.06441481,0.05289521,0.057500925,0.08949172,0.052682742,0.068384595,0.084593296,0.06371404,0.07157185,0.05416391,0.047629587,0.05860241,0.06450057,0.04519764,0.07976676,0.06533031,0.06430732,0.08780612,0.054104548,0.098031476,0.045874882,0.06858928,0.068338595,0.064742476,0.07826881,0.046998084,0.08384377,0.05510469,0.06306869,0.044592217,0.057200894,0.089791305,0.08219036,0.06045063,0.06485439,0.06786367,0.04730411,0.067072965,0.062324263,0.042915948,0.046529256,0.06127626,0.08303346,0.1808471,0.06826614,0.07900377,0.062150657,0.053823277,0.080509245,0.06562454,0.062103085,0.07499874,0.064362206,0.10360518,0.068303265,0.04926663,0.06410431,0.06110998,0.03920858,0.059809163,0.082807824,0.066462316,0.05880929,0.060757585,0.0712719,0.074684106,0.06596346,0.055202093,0.091656886,0.0670363,0.13397133,0.0715331,0.07173166,0.051199567,0.0812121,0.06944632,0.04898854,0.06574099,0.05658465,0.05780532,0.049825758,0.03985528,0.054498244,0.07247496,0.071633905,0.050009508,0.05679173,0.03721597,0.07745195,0.08796896,0.06158981,0.057468906,0.058398493,0.07829524,0.067122355,0.042318013,0.058959465,0.06022618,0.06514738,0.039662894,0.06011084,0.057261754,0.06063011,0.06561194,0.07073179,0.070740424,0.076563954,0.054403827,0.10682538,0.08041735,0.057075646,0.06621424,0.06898229,0.0616514,0.08270282,0.06618427,0.049232055,0.06689905,0.078245655,0.058491416,0.060361654,0.06723667,0.070323825,0.07321938,0.05345356,0.06856192,0.08891776,0.055183064,0.025027176,0.054504775,0.15186012,0.06520039,0.059264816,0.05470634,0.057821106,0.06914166,0.091907226,0.051809143,0.068670966,0.05382801,0.05939977,0.08045769,0.055958685,0.08290178,0.07382281,0.06066733,0.070444606,0.043181833,0.018791337,0.049858473,0.06397793,0.07424537,0.081706434,0.04738063,0.08246497,0.06677874,0.062440585,0.07414277,0.045606766,0.0862396,0.06265829,0.065501034,0.07443815,0.081301115,0.055654082,0.05791411,0.054043483,0.072564766,0.049553394,0.072136186,0.023065055,0.04776541,0.06322971,0.030010052,0.06798011,0.097956054,0.056307748,0.07799366,0.057061702,0.06531219,0.079473644,0.06660629,0.05899577,0.06077386,0.07597694,0.053748265,0.06998129,0.05907217,0.0822648,0.054499738,0.050199192,0.032288853,0.07055811,0.051616326,0.0,0.050838705,0.045826267
set,0.044142194,0.037999216,0.051188055,0.055165637,0.05181729,0.038185954,0.09965721,0.111926556,0.059282165,0.06886849,0.042528637,0.041381408,0.042800546,0.049345817,0.04751016,0.049874734,0.11287306,0.03788572,0.044559043,0.050962154,0.057701636,0.055520587,0.05516583,0.06904934,0.040842775,0.053529277,0.098694995,0.07141456,0.048790265,0.068005376,0.044707052,0.09229075,0.05664922,0.08866837,0.053841624,0.053912774,0.041187055,0.047555257,0.05617425,0.046017405,0.032956194,0.04568234,0.040281296,0.05508172,0.044514492,0.08970799,0.04896477,0.059697922,0.06488211,0.067080684,0.047578562,0.07857371,0.063892744,0.06982799,0.04500931,0.05425252,0.06277409,0.061220802,0.12488711,0.051587,0.06423311,0.046182137,0.056685634,0.05131189,0.05157387,0.054631006,0.070584,0.0600228,0.056853186,0.06323847,0.044977635,0.04579117,0.046012178,0.06512943,0.05915048,0.031319484,0.032210097,0.0818266,0.039196637,0.06520568,0.08311488,0.044250745,0.054827508,0.04814494,0.031546663,0.030469522,0.045957908,0.03381828,0.068231955,0.048393946,0.05280045,0.079087466,0.04245974,0.09515366,0.045961685,0.055915426,0.06036564,0.048559282,0.064616196,0.047225676,0.068424724,0.033756282,0.060317263,0.042518232,0.049307555,0.08364948,0.07066454,0.047932852,0.058059692,0.05701141,0.033076115,0.060346596,0.060156286,0.056991242,0.04102808,0.04055314,0.07409458,0.18072909,0.05191742,0.063312754,0.043848846,0.051218275,0.06569641,0.056756377,0.051643655,0.06714626,0.06144551,0.09466538,0.051890016,0.050883543,0.053360663,0.049800273,0.041954096,0.048676487,0.073709615,0.052016128,0.043534856,0.04408775,0.05860553,0.060668595,0.052536495,0.049090687,0.08750575,0.051598035,0.12835996,0.054908454,0.06090012,0.039343942,0.06897443,0.049886853,0.0353502,0.056778483,0.03995763,0.043797128,0.04534815,0.035073802,0.055529147,0.05927752,0.059106495,0.038864266,0.054123107,0.046518918,0.068178795,0.08545902,0.051823433,0.02209046,0.044572745,0.07563594,0.06481962,0.038745675,0.05895128,0.054365523,0.05893128,0.04002873,0.04863376,0.05306278,0.037811175,0.05077704,0.052899927,0.068198524,0.065858364,0.03803014,0.10089533,0.08131636,0.04362114,0.049386706,0.05244551,0.049273316,0.0711675,0.049744327,0.034537528,0.051074725,0.07736932,0.049279787,0.054241545,0.058116995,0.056142665,0.05820209,0.043751325,0.05934023,0.0827714,0.043894242,0.048581824,0.045891766,0.1477743,0.05075506,0.042966157,0.052788224,0.036227956,0.05725576,0.084504485,0.039389186,0.05348824,0.043495152,0.04590286,0.070276834,0.03771798,0.077502966,0.058866713,0.04887241,0.06637974,0.036058847,0.0519755,0.034580454,0.048334382,0.056181826,0.07143733,0.03752895,0.069689006,0.052925445,0.044538006,0.0701556,0.033073206,0.08899281,0.060022477,0.048725445,0.07192929,0.06981658,0.020747242,0.048172425,0.02734427,0.06214455,0.039467607,0.05560982,0.049018063,0.03691652,0.045491546,0.034426548,0.06505731,0.09130957,0.023804616,0.06453995,0.039968617,0.054471508,0.06593071,0.057329867,0.040902767,0.042782906,0.06373342,0.039306678,0.05509635,0.042668875,0.06932208,0.03394934,0.03615187,0.040902216,0.05973363,0.03471981,0.050838705,0.0,0.039421555
add,0.043888964,0.034280274,0.062423065,0.066393316,0.05139171,0.03449122,0.11157033,0.12375748,0.06549258,0.078730546,0.048018053,0.0391041,0.04412243,0.050183456,0.05619589,0.055107255,0.122075655,0.047990922,0.040743824,0.05340426,0.048713278,0.04456565,0.05156724,0.07542198,0.038167562,0.048143942,0.109815694,0.08043038,0.055491295,0.07712665,0.054534245,0.10455631,0.06000797,0.09681581,0.043040622,0.049311634,0.047520522,0.047253054,0.0564925,0.040161733,0.033361867,0.047794934,0.031553715,0.0582695,0.047772814,0.10112319,0.05419933,0.07050724,0.056540653,0.051386468,0.036014665,0.087991044,0.058579735,0.054844692,0.03905173,0.04917287,0.06874608,0.06798915,0.13626447,0.054568008,0.06237776,0.038697574,0.05768489,0.0517895,0.049312674,0.05300294,0.06830973,0.066816755,0.056726642,0.06598318,0.04610787,0.053335037,0.04853609,0.05722965,0.0656112,0.036899947,0.040979948,0.09112343,0.04790307,0.055617396,0.08413888,0.041427094,0.06315704,0.051046338,0.037869956,0.044104993,0.051310673,0.03381152,0.07441777,0.038913827,0.063040115,0.08726491,0.04117493,0.1068038,0.05246107,0.06611129,0.07007593,0.047501445,0.0688568,0.043551493,0.06954392,0.030811524,0.05525797,0.04263207,0.043256182,0.09179494,0.081803545,0.05060067,0.06336838,0.06777522,0.039097514,0.06141644,0.05347663,0.060759075,0.046471406,0.03657837,0.083169624,0.18599096,0.055877626,0.05714035,0.05342355,0.059207745,0.061465926,0.06361273,0.06223255,0.07246351,0.065978654,0.103711165,0.06686652,0.059260294,0.06380847,0.05421961,0.028606122,0.051943958,0.08302031,0.055192176,0.043105137,0.036269337,0.06377201,0.053925466,0.058105778,0.053768203,0.092918,0.053151987,0.13911104,0.067694895,0.06559885,0.043920733,0.0589093,0.041253492,0.04610389,0.06613778,0.031936377,0.051155448,0.045300204,0.028710343,0.06627297,0.05240818,0.05378561,0.039533693,0.059628397,0.050106466,0.0806761,0.091655396,0.05996137,0.04374548,0.044801097,0.083028145,0.06679691,0.031917345,0.06750853,0.059212133,0.06610407,0.032629233,0.051951673,0.052241303,0.043101225,0.054244217,0.05325457,0.06167328,0.057916567,0.043941602,0.112463824,0.07558567,0.041392885,0.0447286,0.049468774,0.05239918,0.080301784,0.044762164,0.030257352,0.053682007,0.06938289,0.051679034,0.059134286,0.06523547,0.061310243,0.054007147,0.044699058,0.067162916,0.09448975,0.04980466,0.04337891,0.055607002,0.16052315,0.038541146,0.042005394,0.06353194,0.04046333,0.04481735,0.09504512,0.028343145,0.058426943,0.03393133,0.05151502,0.081225045,0.047927957,0.08128548,0.050990213,0.060061507,0.058870755,0.027909303,0.047887318,0.032924242,0.04595482,0.045887202,0.08066578,0.039994597,0.064663164,0.057540648,0.047351256,0.06808574,0.03030529,0.08540605,0.050868884,0.046603706,0.068327606,0.07784364,0.046750076,0.03398926,0.045398023,0.054634266,0.04614126,0.058260772,0.04715068,0.035045385,0.047164846,0.03247774,0.06800789,0.10146476,0.03777377,0.055740476,0.04711776,0.049289323,0.06622176,0.06836357,0.043314796,0.04762835,0.054303084,0.03754451,0.049111918,0.0410547,0.060494162,0.03790167,0.032579236,0.03720548,0.06927512,0.030030083,0.045826267,0.039421555,0.0
